horizon,Date,fold,test_year,include_in_main,y_true,pred_xgb6
5,03.01.2012,1,2012,True,0.0091622752838812,0.018489163368940353
5,04.01.2012,1,2012,True,0.0073304055022451,0.017063718289136887
5,05.01.2012,1,2012,True,0.0073897103930778,0.014302631840109825
5,06.01.2012,1,2012,True,0.0068938129059292,0.013914546929299831
5,09.01.2012,1,2012,True,0.0094039118661892,0.013042657636106014
5,10.01.2012,1,2012,True,0.0081388578114853,0.017872406169772148
5,11.01.2012,1,2012,True,0.009300169890081,0.019275028258562088
5,12.01.2012,1,2012,True,0.0109276706331585,0.018399855121970177
5,13.01.2012,1,2012,True,0.0111507403942219,0.01741134189069271
5,17.01.2012,1,2012,True,0.0098667899424775,0.02059844136238098
5,18.01.2012,1,2012,True,0.0094455173209661,0.014233101159334183
5,19.01.2012,1,2012,True,0.0096719954779693,0.013668149709701538
5,20.01.2012,1,2012,True,0.0060212685873953,0.016423184424638748
5,23.01.2012,1,2012,True,0.0067920384043433,0.0157922450453043
5,24.01.2012,1,2012,True,0.006116763920081,0.015541239641606808
5,25.01.2012,1,2012,True,0.0058653193197458,0.01657353900372982
5,26.01.2012,1,2012,True,0.0050763152347303,0.015410094521939754
5,27.01.2012,1,2012,True,0.0103837053356925,0.014639891684055328
5,30.01.2012,1,2012,True,0.0080960249026039,0.01883401907980442
5,31.01.2012,1,2012,True,0.007987238535353,0.015173511579632759
5,01.02.2012,1,2012,True,0.0077116895506092,0.01777750812470913
5,02.02.2012,1,2012,True,0.0071242658754918,0.02113843522965908
5,03.02.2012,1,2012,True,0.0094715479737674,0.022164708003401756
5,06.02.2012,1,2012,True,0.008686217751824,0.01842806115746498
5,07.02.2012,1,2012,True,0.008706163809804,0.015426352620124817
5,08.02.2012,1,2012,True,0.0084795263139345,0.016731582581996918
5,09.02.2012,1,2012,True,0.0080089951202706,0.017214033752679825
5,10.02.2012,1,2012,True,0.0054161866402711,0.017038052901625633
5,13.02.2012,1,2012,True,0.0081619430577457,0.018575843423604965
5,14.02.2012,1,2012,True,0.0079063960294947,0.020481616258621216
5,15.02.2012,1,2012,True,0.0079400873387557,0.02087973803281784
5,16.02.2012,1,2012,True,0.0085633915189261,0.021321924403309822
5,17.02.2012,1,2012,True,0.0109512037154096,0.019805284217000008
5,21.02.2012,1,2012,True,0.0151715998480684,0.021906543523073196
5,22.02.2012,1,2012,True,0.0149992827191236,0.022591199725866318
5,23.02.2012,1,2012,True,0.0199419141181591,0.01924760267138481
5,24.02.2012,1,2012,True,0.0213856615021576,0.020756175741553307
5,27.02.2012,1,2012,True,0.0209958358871894,0.020297203212976456
5,28.02.2012,1,2012,True,0.0195393142317604,0.020206937566399574
5,29.02.2012,1,2012,True,0.0207452707814624,0.019338995218276978
5,01.03.2012,1,2012,True,0.0161600241704768,0.01546213123947382
5,02.03.2012,1,2012,True,0.0120825027031904,0.022404858842492104
5,05.03.2012,1,2012,True,0.0127235151783122,0.01844453066587448
5,06.03.2012,1,2012,True,0.0082797341318662,0.022770581766963005
5,07.03.2012,1,2012,True,0.0085876706494807,0.021695585921406746
5,08.03.2012,1,2012,True,0.0083201006379127,0.0223110169172287
5,09.03.2012,1,2012,True,0.0125773457134603,0.022586366161704063
5,12.03.2012,1,2012,True,0.0123093188104896,0.022243835031986237
5,13.03.2012,1,2012,True,0.0128898239745921,0.01681666634976864
5,14.03.2012,1,2012,True,0.0123956282176204,0.019935689866542816
5,15.03.2012,1,2012,True,0.0118628485963871,0.013135443441569805
5,16.03.2012,1,2012,True,0.0110415405615514,0.013923343271017075
5,19.03.2012,1,2012,True,0.0112922270587554,0.013245878741145134
5,20.03.2012,1,2012,True,0.0089856438473369,0.016410093754529953
5,21.03.2012,1,2012,True,0.0108465286322642,0.015950994566082954
5,22.03.2012,1,2012,True,0.0122049500311419,0.016410093754529953
5,23.03.2012,1,2012,True,0.0086084771936759,0.01629345677793026
5,26.03.2012,1,2012,True,0.0138413626151857,0.01629326306283474
5,27.03.2012,1,2012,True,0.0139734214569778,0.016659200191497803
5,28.03.2012,1,2012,True,0.0161000857232682,0.02078876458108425
5,29.03.2012,1,2012,True,0.0153187824744819,0.01834707148373127
5,30.03.2012,1,2012,True,0.015609114726079,0.018618464469909668
5,02.04.2012,1,2012,True,0.0129707274242536,0.015626301988959312
5,03.04.2012,1,2012,True,0.0139302438717578,0.0109177827835083
5,04.04.2012,1,2012,True,0.0142046022811044,0.009026976302266121
5,05.04.2012,1,2012,True,0.0132349674214871,0.011531764641404152
5,09.04.2012,1,2012,True,0.0170594137241088,0.010542301461100578
5,10.04.2012,1,2012,True,0.0144671270776696,0.01494589727371931
5,11.04.2012,1,2012,True,0.0143689293232079,0.01852661371231079
5,12.04.2012,1,2012,True,0.0116525566634092,0.017823273316025734
5,13.04.2012,1,2012,True,0.0126960743041315,0.016856687143445015
5,16.04.2012,1,2012,True,0.0047163978177898,0.01653917506337166
5,17.04.2012,1,2012,True,0.0051080557535579,0.018686369061470032
5,18.04.2012,1,2012,True,0.0052363797494647,0.016559811308979988
5,19.04.2012,1,2012,True,0.0055031074768896,0.016056662425398827
5,20.04.2012,1,2012,True,0.0053966342340667,0.014781012199819088
5,23.04.2012,1,2012,True,0.0057731007949895,0.013380207121372223
5,24.04.2012,1,2012,True,0.0047590326136005,0.019436445087194443
5,25.04.2012,1,2012,True,0.0069933777762459,0.020520783960819244
5,26.04.2012,1,2012,True,0.0083451493404651,0.018436018377542496
5,27.04.2012,1,2012,True,0.0109313684583837,0.01941576600074768
5,30.04.2012,1,2012,True,0.0115329131138422,0.017514333128929138
5,01.05.2012,1,2012,True,0.0102597662173354,0.018151748925447464
5,02.05.2012,1,2012,True,0.0125085990615908,0.017311597242951393
5,03.05.2012,1,2012,True,0.0113768697123705,0.015386030077934265
5,04.05.2012,1,2012,True,0.0036495944131402,0.01569933071732521
5,07.05.2012,1,2012,True,0.0040166794662833,0.021183587610721588
5,08.05.2012,1,2012,True,0.0055258411001739,0.016555042937397957
5,09.05.2012,1,2012,True,0.0048968366345358,0.014373897574841976
5,10.05.2012,1,2012,True,0.0169078840740322,0.013524416834115982
5,11.05.2012,1,2012,True,0.0169850674196483,0.01331421174108982
5,14.05.2012,1,2012,True,0.0204053787960494,0.019672170281410217
5,15.05.2012,1,2012,True,0.0195425321790909,0.03221099078655243
5,16.05.2012,1,2012,True,0.0212998870610854,0.027478139847517014
5,17.05.2012,1,2012,True,0.0161622275304957,0.03219058737158775
5,18.05.2012,1,2012,True,0.0162393934336897,0.026560185477137566
5,21.05.2012,1,2012,True,0.0136119006739234,0.027125919237732887
5,22.05.2012,1,2012,True,0.0180563653175241,0.012297534383833408
5,23.05.2012,1,2012,True,0.0159614976427603,0.015031261369585991
5,24.05.2012,1,2012,True,0.0166470516045735,0.014875130727887154
5,25.05.2012,1,2012,True,0.0171099336878704,0.013764453120529652
5,29.05.2012,1,2012,True,0.0173866831511396,0.015494727529585361
5,30.05.2012,1,2012,True,0.0200808190537272,0.01619255356490612
5,31.05.2012,1,2012,True,0.0193654714803631,0.018813440576195717
5,01.06.2012,1,2012,True,0.0099142300768305,0.016861405223608017
5,04.06.2012,1,2012,True,0.0122870560813217,0.01582520455121994
5,05.06.2012,1,2012,True,0.0126123516952978,0.019435284659266472
5,06.06.2012,1,2012,True,0.0054484200760792,0.020013686269521713
5,07.06.2012,1,2012,True,0.0060881800846395,0.01941198669373989
5,08.06.2012,1,2012,True,0.0081346580087484,0.020834213122725487
5,11.06.2012,1,2012,True,0.0085594431258501,0.01888854056596756
5,12.06.2012,1,2012,True,0.0081294938417471,0.021083157509565353
5,13.06.2012,1,2012,True,0.0152412431703441,0.019714703783392906
5,14.06.2012,1,2012,True,0.0187662074052173,0.021577630192041397
5,15.06.2012,1,2012,True,0.0232670764420288,0.0228778924793005
5,18.06.2012,1,2012,True,0.0240545655052573,0.023330016061663628
5,19.06.2012,1,2012,True,0.0282622911609263,0.01659020595252514
5,20.06.2012,1,2012,True,0.0240477980156548,0.016381599009037018
5,21.06.2012,1,2012,True,0.0180681214052447,0.018780970945954323
5,22.06.2012,1,2012,True,0.0340396299864023,0.016560619696974754
5,25.06.2012,1,2012,True,0.0346325961850966,0.012967508286237717
5,26.06.2012,1,2012,True,0.0357439531082339,0.020546291023492813
5,27.06.2012,1,2012,True,0.0361794224159591,0.017122555524110794
5,28.06.2012,1,2012,True,0.0367352476062919,0.01965220272541046
5,29.06.2012,1,2012,True,0.0230689726194761,0.01813211664557457
5,02.07.2012,1,2012,True,0.0264077141593616,0.01828441396355629
5,03.07.2012,1,2012,True,0.0233222337738106,0.020740069448947906
5,05.07.2012,1,2012,True,0.0236993767464084,0.019995329901576042
5,06.07.2012,1,2012,True,0.0189117402394791,0.022197170183062553
5,09.07.2012,1,2012,True,0.0176524410594811,0.019417285919189453
5,10.07.2012,1,2012,True,0.0069045480121233,0.015492190606892109
5,11.07.2012,1,2012,True,0.0033922313525662,0.015554909594357014
5,12.07.2012,1,2012,True,0.0074350253020469,0.015303241088986397
5,13.07.2012,1,2012,True,0.0122912275970569,0.014105372130870819
5,16.07.2012,1,2012,True,0.022315767225726,0.014958303421735764
5,17.07.2012,1,2012,True,0.0221973272221649,0.013352889567613602
5,18.07.2012,1,2012,True,0.0219567297081522,0.014066681265830994
5,19.07.2012,1,2012,True,0.017898862021723,0.016461605206131935
5,20.07.2012,1,2012,True,0.0189858196410702,0.016190266236662865
5,23.07.2012,1,2012,True,0.0058674975373614,0.01562480814754963
5,24.07.2012,1,2012,True,0.0099813627013619,0.01536506786942482
5,25.07.2012,1,2012,True,0.0100840993453463,0.013967926613986492
5,26.07.2012,1,2012,True,0.0096745322843707,0.012080990709364414
5,27.07.2012,1,2012,True,0.0153859234944983,0.011671341024339199
5,30.07.2012,1,2012,True,0.014865431525226,0.01172938197851181
5,31.07.2012,1,2012,True,0.0118969772265098,0.00981198064982891
5,01.08.2012,1,2012,True,0.0130440668541159,0.012724374420940876
5,02.08.2012,1,2012,True,0.0114166049847686,0.013629283756017685
5,03.08.2012,1,2012,True,0.0094626798706882,0.014762280508875847
5,06.08.2012,1,2012,True,0.0094562130206328,0.01847895234823227
5,07.08.2012,1,2012,True,0.004522133633977,0.014386077411472797
5,08.08.2012,1,2012,True,0.0080221267012888,0.018009105697274208
5,09.08.2012,1,2012,True,0.0079238020188743,0.014371765777468681
5,10.08.2012,1,2012,True,0.0173678268968499,0.015977926552295685
5,13.08.2012,1,2012,True,0.0171936408362314,0.01589559018611908
5,14.08.2012,1,2012,True,0.0175389724454779,0.020049214363098145
5,15.08.2012,1,2012,True,0.0145174927622739,0.024108028039336205
5,16.08.2012,1,2012,True,0.0140218020530756,0.019831577315926552
5,17.08.2012,1,2012,True,0.007553338959058,0.022435089573264122
5,20.08.2012,1,2012,True,0.0091467623860392,0.02270643040537834
5,21.08.2012,1,2012,True,0.0077733270824053,0.02176787704229355
5,22.08.2012,1,2012,True,0.0073345755938701,0.020630616694688797
5,23.08.2012,1,2012,True,0.0073531004022856,0.018531490117311478
5,24.08.2012,1,2012,True,0.010231823932368,0.021403789520263672
5,27.08.2012,1,2012,True,0.0078884748825752,0.017270145937800407
5,28.08.2012,1,2012,True,0.0098266608544896,0.028383756056427956
5,29.08.2012,1,2012,True,0.0098557955133272,0.02516230195760727
5,30.08.2012,1,2012,True,0.0100808006458043,0.026545286178588867
5,31.08.2012,1,2012,True,0.0067764755500388,0.027303021401166916
5,04.09.2012,1,2012,True,0.006644797525805,0.023571817204356194
5,05.09.2012,1,2012,True,0.0011196584758676,0.01865878701210022
5,06.09.2012,1,2012,True,0.0014198528417733,0.017286917194724083
5,07.09.2012,1,2012,True,0.0216360877914852,0.017195291817188263
5,10.09.2012,1,2012,True,0.0246810208196203,0.013983276672661304
5,11.09.2012,1,2012,True,0.0271386710492224,0.011035443283617496
5,12.09.2012,1,2012,True,0.0283518350909793,0.010935342870652676
5,13.09.2012,1,2012,True,0.026916823234135,0.02659551054239273
5,18.09.2012,1,2012,True,0.021585454105863,0.02490094304084778
5,19.09.2012,1,2012,True,0.0126881629397333,0.02249342016875744
5,20.09.2012,1,2012,True,0.0129256935073074,0.023249289020895958
5,21.09.2012,1,2012,True,0.01194527226123,0.017675084993243217
5,24.09.2012,1,2012,True,0.0084431602504154,0.016080332919955254
5,25.09.2012,1,2012,True,0.0094032228613865,0.012179701589047909
5,26.09.2012,1,2012,True,0.0177429077962465,0.013808407820761204
5,27.09.2012,1,2012,True,0.0254695566847665,0.011898122727870941
5,28.09.2012,1,2012,True,0.0255497961157989,0.012650206685066223
5,01.10.2012,1,2012,True,0.0255498608698106,0.011687761172652245
5,02.10.2012,1,2012,True,0.0274281223499804,0.011277418583631516
5,03.10.2012,1,2012,True,0.0198401416236242,0.010738757438957691
5,04.10.2012,1,2012,True,0.0120909827389253,0.013929267413914204
5,05.10.2012,1,2012,True,0.0131775462024186,0.013551251031458378
5,08.10.2012,1,2012,True,0.0128155879558175,0.014496331103146076
5,09.10.2012,1,2012,True,0.0096915652493701,0.016062503680586815
5,10.10.2012,1,2012,True,0.0224557555715533,0.015360099263489246
5,11.10.2012,1,2012,True,0.0198230588997972,0.0172425489872694
5,12.10.2012,1,2012,True,0.019802862489179,0.01684652827680111
5,15.10.2012,1,2012,True,0.0167302005722644,0.015488543547689915
5,16.10.2012,1,2012,True,0.0189267136747949,0.01547380443662405
5,19.10.2012,1,2012,True,0.0086264708825165,0.011468085460364819
5,22.10.2012,1,2012,True,0.00886355235427,0.01352672092616558
5,23.10.2012,1,2012,True,0.00754493707986,0.008208740502595901
5,24.10.2012,1,2012,True,0.0129791254273151,0.00827748142182827
5,25.10.2012,1,2012,True,0.0164368956939948,0.010146684013307095
5,26.10.2012,1,2012,True,0.0217387305585523,0.0081896111369133
5,31.10.2012,1,2012,True,0.0288483985093757,0.007768506649881601
5,01.11.2012,1,2012,True,0.0290148896950637,0.014992172829806805
5,02.11.2012,1,2012,True,0.027360046590067,0.012605972588062286
5,05.11.2012,1,2012,True,0.0266603637545399,0.01609542779624462
5,06.11.2012,1,2012,True,0.0215966772334619,0.014583591371774673
5,07.11.2012,1,2012,True,0.0111289299926311,0.015209335833787918
5,08.11.2012,1,2012,True,0.0115408520033765,0.01338827982544899
5,09.11.2012,1,2012,True,0.0092189751237545,0.014431579038500786
5,12.11.2012,1,2012,True,0.0104783502631488,0.014751843176782131
5,13.11.2012,1,2012,True,0.0095883914335818,0.013398420996963978
5,14.11.2012,1,2012,True,0.0086224637740409,0.010559282265603542
5,15.11.2012,1,2012,True,0.007271305434039,0.011912228539586067
5,19.11.2012,1,2012,True,0.0084404643321345,0.012191148474812508
5,20.11.2012,1,2012,True,0.0075115194186482,0.01676083356142044
5,21.11.2012,1,2012,True,0.0081993727512325,0.01706184819340706
5,23.11.2012,1,2012,True,0.0081355752103685,0.019510293379426003
5,26.11.2012,1,2012,True,0.0079964895522083,0.017626630142331123
5,27.11.2012,1,2012,True,0.0080782272724365,0.019866464659571648
5,28.11.2012,1,2012,True,0.0090941585498902,0.01781487837433815
5,29.11.2012,1,2012,True,0.0078672172524693,0.017816856503486633
5,30.11.2012,1,2012,True,0.0064536996976623,0.016985895112156868
5,03.12.2012,1,2012,True,0.0078809148313095,0.017829617485404015
5,04.12.2012,1,2012,True,0.009389186761803,0.01371555682271719
5,05.12.2012,1,2012,True,0.0111807223832454,0.014039088040590286
5,06.12.2012,1,2012,True,0.0104464125662849,0.01624205708503723
5,07.12.2012,1,2012,True,0.0112113514481462,0.01781552843749523
5,10.12.2012,1,2012,True,0.0116041195002358,0.017791718244552612
5,11.12.2012,1,2012,True,0.0119923207853944,0.019606223329901695
5,12.12.2012,1,2012,True,0.0121389270418496,0.01811443269252777
5,13.12.2012,1,2012,True,0.009606228589229,0.016514509916305542
5,14.12.2012,1,2012,True,0.0124262632755723,0.01711658574640751
5,19.12.2012,1,2012,True,0.0118287305663453,0.01598511077463627
5,20.12.2012,1,2012,True,0.0118372953694193,0.013437844812870026
5,21.12.2012,1,2012,True,0.0097632686538649,0.013920766301453114
5,24.12.2012,1,2012,True,0.0097773026305412,0.013960238546133041
5,26.12.2012,1,2012,True,0.0064490168327389,0.011586357839405537
5,27.12.2012,1,2012,True,0.0075794447583124,0.010255157947540283
5,28.12.2012,1,2012,True,0.0074522725953963,0.008030926808714867
5,31.12.2012,1,2012,True,0.0074965227360321,0.010089866816997528
22,03.01.2012,1,2012,True,0.0092004954032037,0.01835707575082779
22,04.01.2012,1,2012,True,0.0090648062183402,0.017888851463794708
22,05.01.2012,1,2012,True,0.0088243976190632,0.017895495519042015
22,06.01.2012,1,2012,True,0.0089436457802958,0.017801852896809578
22,09.01.2012,1,2012,True,0.0090496666225299,0.017563778907060623
22,10.01.2012,1,2012,True,0.0094022252727326,0.016850396990776062
22,11.01.2012,1,2012,True,0.0091118583265639,0.016916295513510704
22,12.01.2012,1,2012,True,0.00877504584792,0.01682230457663536
22,13.01.2012,1,2012,True,0.0085069493056746,0.017067961394786835
22,17.01.2012,1,2012,True,0.0085088247534705,0.01747620478272438
22,18.01.2012,1,2012,True,0.0083241977120738,0.017624808475375175
22,19.01.2012,1,2012,True,0.0087814586700444,0.017476053908467293
22,20.01.2012,1,2012,True,0.0077442717139996,0.01756247691810131
22,23.01.2012,1,2012,True,0.0077395779881691,0.017594121396541595
22,24.01.2012,1,2012,True,0.0076679782686216,0.017401354387402534
22,25.01.2012,1,2012,True,0.008270560493786,0.017401354387402534
22,26.01.2012,1,2012,True,0.0100198525684073,0.01747891679406166
22,27.01.2012,1,2012,True,0.0100674197161408,0.017401354387402534
22,30.01.2012,1,2012,True,0.0109948104251373,0.017236342653632164
22,31.01.2012,1,2012,True,0.0123345691147401,0.017297863960266113
22,01.02.2012,1,2012,True,0.012359415102414,0.01737542636692524
22,02.02.2012,1,2012,True,0.0130432857279379,0.016546543687582016
22,03.02.2012,1,2012,True,0.0127618511044168,0.01655476726591587
22,06.02.2012,1,2012,True,0.0127299054876846,0.01697714813053608
22,07.02.2012,1,2012,True,0.0127287370049764,0.016848232597112656
22,08.02.2012,1,2012,True,0.0128160910178523,0.016869446262717247
22,09.02.2012,1,2012,True,0.0127006822976832,0.01679188385605812
22,10.02.2012,1,2012,True,0.0126558960158195,0.01678583025932312
22,13.02.2012,1,2012,True,0.0130013975655818,0.01680746302008629
22,14.02.2012,1,2012,True,0.0134415510771169,0.017272744327783585
22,15.02.2012,1,2012,True,0.0134373063123019,0.017382202669978142
22,16.02.2012,1,2012,True,0.0137096268395383,0.01762044057250023
22,17.02.2012,1,2012,True,0.013647946604774,0.01753137819468975
22,21.02.2012,1,2012,True,0.0133565640870731,0.017171934247016907
22,22.02.2012,1,2012,True,0.013614537927347,0.018035806715488434
22,23.02.2012,1,2012,True,0.0135895353469397,0.01776200532913208
22,24.02.2012,1,2012,True,0.0132203768483395,0.01762339472770691
22,27.02.2012,1,2012,True,0.0132450556526295,0.018035806715488434
22,28.02.2012,1,2012,True,0.0127862987672208,0.017532048746943474
22,29.02.2012,1,2012,True,0.0126653139432938,0.01752881333231926
22,01.03.2012,1,2012,True,0.0119112563397907,0.017262833192944527
22,02.03.2012,1,2012,True,0.0110860032257265,0.016615495085716248
22,05.03.2012,1,2012,True,0.011938427788899,0.017626438289880753
22,06.03.2012,1,2012,True,0.0116546193282555,0.016883578151464462
22,07.03.2012,1,2012,True,0.0111016497110127,0.016959019005298615
22,08.03.2012,1,2012,True,0.0117886611496343,0.016456305980682373
22,09.03.2012,1,2012,True,0.0117486942491141,0.017275290563702583
22,12.03.2012,1,2012,True,0.0121390373932792,0.017495885491371155
22,13.03.2012,1,2012,True,0.0120095209000572,0.019039252772927284
22,14.03.2012,1,2012,True,0.0130049454123119,0.018796881660819054
22,15.03.2012,1,2012,True,0.0128592718877335,0.018796881660819054
22,16.03.2012,1,2012,True,0.0120970339447767,0.018796881660819054
22,19.03.2012,1,2012,True,0.012107894905652,0.019023777917027473
22,20.03.2012,1,2012,True,0.0120541076315502,0.020873626694083214
22,21.03.2012,1,2012,True,0.0120450874330921,0.02067360281944275
22,22.03.2012,1,2012,True,0.0119727995138035,0.020873626694083214
22,23.03.2012,1,2012,True,0.0115183492054479,0.02067360281944275
22,26.03.2012,1,2012,True,0.0115980757777753,0.020718248561024666
22,27.03.2012,1,2012,True,0.0115987462081226,0.019474197179079056
22,28.03.2012,1,2012,True,0.0114291339189443,0.019567513838410378
22,29.03.2012,1,2012,True,0.0110921522857308,0.019443213939666748
22,30.03.2012,1,2012,True,0.011282290404038,0.01856551505625248
22,02.04.2012,1,2012,True,0.0106335476268801,0.018476128578186035
22,03.04.2012,1,2012,True,0.0116050229557343,0.016733422875404358
22,04.04.2012,1,2012,True,0.0110721024436651,0.016068914905190468
22,05.04.2012,1,2012,True,0.0107194406042115,0.01605268009006977
22,09.04.2012,1,2012,True,0.0108508335135772,0.01602948270738125
22,10.04.2012,1,2012,True,0.009957200285166,0.016699595376849174
22,11.04.2012,1,2012,True,0.009889663732139,0.01760989800095558
22,12.04.2012,1,2012,True,0.0092561056649152,0.017642159014940262
22,13.04.2012,1,2012,True,0.0094427548439114,0.0175392497330904
22,16.04.2012,1,2012,True,0.0080109737018807,0.017944984138011932
22,17.04.2012,1,2012,True,0.0110042783662043,0.017009573057293892
22,18.04.2012,1,2012,True,0.0109950745880121,0.01780615746974945
22,19.04.2012,1,2012,True,0.0117524768526771,0.017548060044646263
22,20.04.2012,1,2012,True,0.0115341586017461,0.01795009709894657
22,23.04.2012,1,2012,True,0.0124493933410033,0.01763520948588848
22,24.04.2012,1,2012,True,0.0128371201528275,0.019269036129117012
22,25.04.2012,1,2012,True,0.0126289008157203,0.019077235832810402
22,26.04.2012,1,2012,True,0.0123891139237775,0.019069012254476547
22,27.04.2012,1,2012,True,0.0134497851852906,0.019069012254476547
22,30.04.2012,1,2012,True,0.0135534948518609,0.019020479172468185
22,01.05.2012,1,2012,True,0.014566333362165,0.019540999084711075
22,02.05.2012,1,2012,True,0.0148071816550853,0.018620867282152176
22,03.05.2012,1,2012,True,0.0147269339996185,0.01880766451358795
22,04.05.2012,1,2012,True,0.0151001586774571,0.018926896154880524
22,07.05.2012,1,2012,True,0.0150594749221744,0.01901509426534176
22,08.05.2012,1,2012,True,0.0150557521068705,0.017135629430413246
22,09.05.2012,1,2012,True,0.0150100710320992,0.01696658879518509
22,10.05.2012,1,2012,True,0.01500752542979,0.01696658879518509
22,11.05.2012,1,2012,True,0.0150660165430968,0.01696658879518509
22,14.05.2012,1,2012,True,0.0151124618947685,0.016841966658830643
22,15.05.2012,1,2012,True,0.0151113955404079,0.017715802416205406
22,16.05.2012,1,2012,True,0.0152475776178855,0.01765945367515087
22,17.05.2012,1,2012,True,0.0135198246580463,0.017667677253484726
22,18.05.2012,1,2012,True,0.0147074537932153,0.017790410667657852
22,21.05.2012,1,2012,True,0.0152996316030443,0.017615720629692078
22,22.05.2012,1,2012,True,0.0164342242498068,0.02054991014301777
22,23.05.2012,1,2012,True,0.0159744310174451,0.020285530015826225
22,24.05.2012,1,2012,True,0.0167764798569139,0.020390409976243973
22,25.05.2012,1,2012,True,0.0168479359756643,0.021017005667090416
22,29.05.2012,1,2012,True,0.0171963756838518,0.021047988906502724
22,30.05.2012,1,2012,True,0.0227455351540011,0.017900273203849792
22,31.05.2012,1,2012,True,0.0225665423783784,0.01695539429783821
22,01.06.2012,1,2012,True,0.02259709666006,0.018037643283605576
22,04.06.2012,1,2012,True,0.0225860320076906,0.017749421298503876
22,05.06.2012,1,2012,True,0.0232619362419444,0.020006254315376282
22,06.06.2012,1,2012,True,0.0234010980829948,0.019694799557328224
22,07.06.2012,1,2012,True,0.0238988029187563,0.018498506397008896
22,08.06.2012,1,2012,True,0.0244055500669749,0.019292697310447693
22,11.06.2012,1,2012,True,0.0242168908651454,0.019932400435209274
22,12.06.2012,1,2012,True,0.0242267893917033,0.019029997289180756
22,13.06.2012,1,2012,True,0.0242904927303409,0.018765082582831383
22,14.06.2012,1,2012,True,0.0242759901090592,0.018667591735720634
22,15.06.2012,1,2012,True,0.0243288483211179,0.01804654859006405
22,18.06.2012,1,2012,True,0.0243309004196265,0.019464027136564255
22,19.06.2012,1,2012,True,0.0244616983029438,0.017872655764222145
22,20.06.2012,1,2012,True,0.0245659736198724,0.017599420621991158
22,21.06.2012,1,2012,True,0.0226446736850416,0.017827732488512993
22,22.06.2012,1,2012,True,0.0224758616161187,0.01716178096830845
22,25.06.2012,1,2012,True,0.0224405262320568,0.01648673042654991
22,26.06.2012,1,2012,True,0.0222125609533021,0.019098792225122452
22,27.06.2012,1,2012,True,0.0222892138749779,0.0173904150724411
22,28.06.2012,1,2012,True,0.021724162488504,0.017846999689936638
22,29.06.2012,1,2012,True,0.0168278979154035,0.018461257219314575
22,02.07.2012,1,2012,True,0.0167528691080316,0.019641289487481117
22,03.07.2012,1,2012,True,0.0163254693390235,0.02003500424325466
22,05.07.2012,1,2012,True,0.0163126578540902,0.01992196775972843
22,06.07.2012,1,2012,True,0.0153926607257404,0.020833512768149376
22,09.07.2012,1,2012,True,0.0150235343004012,0.022139044478535652
22,10.07.2012,1,2012,True,0.0135969153030938,0.019248193129897118
22,11.07.2012,1,2012,True,0.0132206025957068,0.019472282379865646
22,12.07.2012,1,2012,True,0.0132049043567317,0.01890147291123867
22,13.07.2012,1,2012,True,0.0130929845465351,0.018807830289006233
22,16.07.2012,1,2012,True,0.0133891668147633,0.01897311955690384
22,17.07.2012,1,2012,True,0.0133877089378887,0.01835993118584156
22,18.07.2012,1,2012,True,0.0150396689667624,0.018970059230923653
22,19.07.2012,1,2012,True,0.0142827495298156,0.018883368000388145
22,20.07.2012,1,2012,True,0.0140962558184649,0.02004343830049038
22,23.07.2012,1,2012,True,0.0114016682736193,0.018466372042894363
22,24.07.2012,1,2012,True,0.0114119615390653,0.01854615844786167
22,25.07.2012,1,2012,True,0.0119357888386315,0.018613971769809723
22,26.07.2012,1,2012,True,0.0123375770254978,0.01773126609623432
22,27.07.2012,1,2012,True,0.01219071643994,0.017560172826051712
22,30.07.2012,1,2012,True,0.0121562621735247,0.016948288306593895
22,31.07.2012,1,2012,True,0.0117114336441021,0.016386494040489197
22,01.08.2012,1,2012,True,0.0119938805785931,0.01681186817586422
22,02.08.2012,1,2012,True,0.0120555263217558,0.016810208559036255
22,03.08.2012,1,2012,True,0.0109916028258192,0.016943300142884254
22,06.08.2012,1,2012,True,0.0109657383281975,0.01657778210937977
22,07.08.2012,1,2012,True,0.010045875651766,0.018334750086069107
22,08.08.2012,1,2012,True,0.0100817473614568,0.019741084426641464
22,09.08.2012,1,2012,True,0.0099463204695663,0.01958448812365532
22,10.08.2012,1,2012,True,0.0099530832266787,0.019780321046710014
22,13.08.2012,1,2012,True,0.0100160935197613,0.019811304286122322
22,14.08.2012,1,2012,True,0.0136734370269849,0.019160548225045204
22,15.08.2012,1,2012,True,0.014720329492172,0.019105782732367516
22,16.08.2012,1,2012,True,0.0152310808822072,0.019267026335000992
22,17.08.2012,1,2012,True,0.0144942199035596,0.018921691924333572
22,20.08.2012,1,2012,True,0.0147798240996314,0.017657501623034477
22,21.08.2012,1,2012,True,0.0147120907932001,0.018914025276899338
22,22.08.2012,1,2012,True,0.0146895294187747,0.01864735223352909
22,23.08.2012,1,2012,True,0.0152737209828929,0.0192676093429327
22,24.08.2012,1,2012,True,0.0150914165286379,0.01938343420624733
22,27.08.2012,1,2012,True,0.0148842079866593,0.019048945978283882
22,28.08.2012,1,2012,True,0.0149144651277056,0.0198044590651989
22,29.08.2012,1,2012,True,0.0162734415872238,0.019756373018026352
22,30.08.2012,1,2012,True,0.018552952927271,0.01991936005651951
22,31.08.2012,1,2012,True,0.0181851440333285,0.01991936005651951
22,04.09.2012,1,2012,True,0.0181782916927297,0.018751472234725952
22,05.09.2012,1,2012,True,0.0187987394395859,0.016678892076015472
22,06.09.2012,1,2012,True,0.0187914530930427,0.0167236328125
22,07.09.2012,1,2012,True,0.0189108710170393,0.016934774816036224
22,10.09.2012,1,2012,True,0.0190024054111878,0.01658502221107483
22,11.09.2012,1,2012,True,0.0191001497367109,0.01608085446059704
22,12.09.2012,1,2012,True,0.0191180965242969,0.016072630882263184
22,13.09.2012,1,2012,True,0.0211223068260822,0.01614098995923996
22,18.09.2012,1,2012,True,0.0191927101217343,0.016072630882263184
22,19.09.2012,1,2012,True,0.0178131766161427,0.019337810575962067
22,20.09.2012,1,2012,True,0.0174227724580541,0.020553354173898697
22,21.09.2012,1,2012,True,0.0172349934722311,0.018883399665355682
22,24.09.2012,1,2012,True,0.0171167603494975,0.01757117174565792
22,25.09.2012,1,2012,True,0.017138395093262,0.015647640451788902
22,26.09.2012,1,2012,True,0.0171499221512054,0.0154812540858984
22,27.09.2012,1,2012,True,0.0172703172852942,0.015697304159402847
22,28.09.2012,1,2012,True,0.0178532350030715,0.015288276597857475
22,01.10.2012,1,2012,True,0.0191479145817767,0.01520608365535736
22,02.10.2012,1,2012,True,0.0208275544942416,0.01839277520775795
22,03.10.2012,1,2012,True,0.0198213473565148,0.018615061417222023
22,04.10.2012,1,2012,True,0.0182753426294297,0.018487120047211647
22,05.10.2012,1,2012,True,0.0182612720244452,0.01894146390259266
22,08.10.2012,1,2012,True,0.0183096599743027,0.018843326717615128
22,09.10.2012,1,2012,True,0.0177196979214662,0.019572071731090546
22,10.10.2012,1,2012,True,0.0179844056686003,0.018604781478643417
22,11.10.2012,1,2012,True,0.0177361802141711,0.01850401796400547
22,12.10.2012,1,2012,True,0.0177300366918797,0.019066281616687775
22,15.10.2012,1,2012,True,0.0177013654437261,0.01890377327799797
22,16.10.2012,1,2012,True,0.0177282641989811,0.01861894503235817
22,19.10.2012,1,2012,True,0.0150330559913013,0.016825612634420395
22,22.10.2012,1,2012,True,0.0151142119367428,0.015964651480317116
22,23.10.2012,1,2012,True,0.0149333081648195,0.015449108555912971
22,24.10.2012,1,2012,True,0.0150745101291405,0.01602587103843689
22,25.10.2012,1,2012,True,0.0150537528105209,0.01614459604024887
22,26.10.2012,1,2012,True,0.0149498088993964,0.015449108555912971
22,31.10.2012,1,2012,True,0.0150088356374558,0.01645980216562748
22,01.11.2012,1,2012,True,0.0151167029394794,0.01828165166079998
22,02.11.2012,1,2012,True,0.0146754931858462,0.018267812207341194
22,05.11.2012,1,2012,True,0.0140729365753269,0.018583210185170174
22,06.11.2012,1,2012,True,0.0123129631581768,0.017605530098080635
22,07.11.2012,1,2012,True,0.009126677071823,0.017051203176379204
22,08.11.2012,1,2012,True,0.0095288444157772,0.017113646492362022
22,09.11.2012,1,2012,True,0.009096868781605,0.016888026148080826
22,12.11.2012,1,2012,True,0.009430832915143,0.018194181844592094
22,13.11.2012,1,2012,True,0.0095543039340297,0.017269345000386238
22,14.11.2012,1,2012,True,0.0092091279358292,0.01593777909874916
22,15.11.2012,1,2012,True,0.0090994138480869,0.016705382615327835
22,19.11.2012,1,2012,True,0.0091003120489786,0.016857797279953957
22,20.11.2012,1,2012,True,0.0099801776407979,0.01677425019443035
22,21.11.2012,1,2012,True,0.0097984229980134,0.016841473057866096
22,23.11.2012,1,2012,True,0.0097463501910013,0.016827546060085297
22,26.11.2012,1,2012,True,0.0097571042350135,0.016820190474390984
22,27.11.2012,1,2012,True,0.0098368422404819,0.019564755260944366
22,28.11.2012,1,2012,True,0.0098298863805576,0.019612183794379234
22,29.11.2012,1,2012,True,0.0097101248561532,0.019564755260944366
22,30.11.2012,1,2012,True,0.0096701530392464,0.019612183794379234
22,03.12.2012,1,2012,True,0.0096993883399583,0.019643167033791542
22,04.12.2012,1,2012,True,0.0094431978617298,0.016795719042420387
22,05.12.2012,1,2012,True,0.0091637867543551,0.017639359459280968
22,06.12.2012,1,2012,True,0.0087369831007087,0.017838433384895325
22,07.12.2012,1,2012,True,0.0089644932439549,0.01774000935256481
22,10.12.2012,1,2012,True,0.0096048471978001,0.01694897934794426
22,11.12.2012,1,2012,True,0.0095455110103911,0.015201358124613762
22,12.12.2012,1,2012,True,0.0091204566847592,0.015112191438674927
22,13.12.2012,1,2012,True,0.0084789730101636,0.01512409932911396
22,14.12.2012,1,2012,True,0.0088123823675558,0.015156837180256844
22,19.12.2012,1,2012,True,0.0085594091212403,0.015079453587532043
22,20.12.2012,1,2012,True,0.0085680947626846,0.01864723488688469
22,21.12.2012,1,2012,True,0.008111776717446,0.018603816628456116
22,24.12.2012,1,2012,True,0.0080777908407279,0.01864723488688469
22,26.12.2012,1,2012,True,0.0070556792971485,0.02231011912226677
22,27.12.2012,1,2012,True,0.0070387468417521,0.022466715425252914
22,28.12.2012,1,2012,True,0.0070481247949718,0.02238452062010765
22,31.12.2012,1,2012,True,0.0072597162459737,0.02231011912226677
66,03.01.2012,1,2012,True,0.011081465940709,0.01957448199391365
66,04.01.2012,1,2012,True,0.011366441582479,0.018635032698512077
66,05.01.2012,1,2012,True,0.0113087148130505,0.018635032698512077
66,06.01.2012,1,2012,True,0.011397833752044,0.018635032698512077
66,09.01.2012,1,2012,True,0.0113686383359912,0.017810603603720665
66,10.01.2012,1,2012,True,0.0118305510452301,0.0175767932087183
66,11.01.2012,1,2012,True,0.0117652872152008,0.0175767932087183
66,12.01.2012,1,2012,True,0.0117433988358324,0.0175767932087183
66,13.01.2012,1,2012,True,0.0116980336918317,0.0175767932087183
66,17.01.2012,1,2012,True,0.0116660384978806,0.017678702250123024
66,18.01.2012,1,2012,True,0.011615761424939,0.01763346418738365
66,19.01.2012,1,2012,True,0.011603768086385,0.01763346418738365
66,20.01.2012,1,2012,True,0.0114592872644639,0.01763346418738365
66,23.01.2012,1,2012,True,0.0114604513190568,0.01763346418738365
66,24.01.2012,1,2012,True,0.0114369500899386,0.01763346418738365
66,25.01.2012,1,2012,True,0.0114420847398348,0.01763346418738365
66,26.01.2012,1,2012,True,0.0114026324594229,0.01763346418738365
66,27.01.2012,1,2012,True,0.0115047175639531,0.01763346418738365
66,30.01.2012,1,2012,True,0.0117071806499053,0.01763346418738365
66,31.01.2012,1,2012,True,0.0121352672498902,0.01763346418738365
66,01.02.2012,1,2012,True,0.0121198075948522,0.01763346418738365
66,02.02.2012,1,2012,True,0.0121174213647809,0.01763346418738365
66,03.02.2012,1,2012,True,0.0118120382160809,0.01763346418738365
66,06.02.2012,1,2012,True,0.0117273766977042,0.01763346418738365
66,07.02.2012,1,2012,True,0.0117302278458437,0.01763346418738365
66,08.02.2012,1,2012,True,0.0116977367419737,0.01763346418738365
66,09.02.2012,1,2012,True,0.0116236341939918,0.01763346418738365
66,10.02.2012,1,2012,True,0.0115667611620975,0.01763346418738365
66,13.02.2012,1,2012,True,0.0124390995763414,0.01763346418738365
66,14.02.2012,1,2012,True,0.012434024744646,0.018875621259212494
66,15.02.2012,1,2012,True,0.0125708773731465,0.018875621259212494
66,16.02.2012,1,2012,True,0.0124952456500481,0.019000956788659096
66,17.02.2012,1,2012,True,0.0128675031117193,0.018875621259212494
66,21.02.2012,1,2012,True,0.0127225686167177,0.018875621259212494
66,22.02.2012,1,2012,True,0.0126455437710447,0.018850259482860565
66,23.02.2012,1,2012,True,0.0126067268289318,0.018724923953413963
66,24.02.2012,1,2012,True,0.0128955387074382,0.018724923953413963
66,27.02.2012,1,2012,True,0.0129573027417211,0.018724923953413963
66,28.02.2012,1,2012,True,0.0133344613021465,0.018724923953413963
66,29.02.2012,1,2012,True,0.0132791046836166,0.018724923953413963
66,01.03.2012,1,2012,True,0.0126814133368782,0.018724923953413963
66,02.03.2012,1,2012,True,0.0127849649245685,0.018724923953413963
66,05.03.2012,1,2012,True,0.0127824814381642,0.018724923953413963
66,06.03.2012,1,2012,True,0.0127019203615712,0.01763346418738365
66,07.03.2012,1,2012,True,0.0125212919217891,0.017758799716830254
66,08.03.2012,1,2012,True,0.0124109801882662,0.01763346418738365
66,09.03.2012,1,2012,True,0.0123782029841304,0.01763346418738365
66,12.03.2012,1,2012,True,0.0123824851082754,0.01763346418738365
66,13.03.2012,1,2012,True,0.0123691280548072,0.018515106290578842
66,14.03.2012,1,2012,True,0.0124385639613102,0.018515106290578842
66,15.03.2012,1,2012,True,0.0124041993078877,0.018515106290578842
66,16.03.2012,1,2012,True,0.0125904826606854,0.018515106290578842
66,19.03.2012,1,2012,True,0.0132343447966213,0.018515106290578842
66,20.03.2012,1,2012,True,0.0135408790877847,0.018858527764678
66,21.03.2012,1,2012,True,0.013539021830464,0.018858527764678
66,22.03.2012,1,2012,True,0.0139179664836934,0.018858527764678
66,23.03.2012,1,2012,True,0.0137372666153777,0.018858527764678
66,26.03.2012,1,2012,True,0.0138857128808237,0.018858527764678
66,27.03.2012,1,2012,True,0.0165325556734367,0.018521662801504135
66,28.03.2012,1,2012,True,0.0165080661554909,0.018521662801504135
66,29.03.2012,1,2012,True,0.017081356288809,0.018521662801504135
66,30.03.2012,1,2012,True,0.0170639596037127,0.018521662801504135
66,02.04.2012,1,2012,True,0.0170221361777912,0.018521662801504135
66,03.04.2012,1,2012,True,0.0173011935344263,0.01763346418738365
66,04.04.2012,1,2012,True,0.0173562405975074,0.01763346418738365
66,05.04.2012,1,2012,True,0.0175905811981979,0.01763346418738365
66,09.04.2012,1,2012,True,0.0176429496529825,0.01763346418738365
66,10.04.2012,1,2012,True,0.0175702706918138,0.01763346418738365
66,11.04.2012,1,2012,True,0.0176396288099788,0.01763346418738365
66,12.04.2012,1,2012,True,0.0175610445972493,0.01763346418738365
66,13.04.2012,1,2012,True,0.0176347755707779,0.01763346418738365
66,16.04.2012,1,2012,True,0.0176855283974094,0.01763346418738365
66,17.04.2012,1,2012,True,0.0177075760656086,0.01763346418738365
66,18.04.2012,1,2012,True,0.0181410314001809,0.01763346418738365
66,19.04.2012,1,2012,True,0.0181442237532646,0.01763346418738365
66,20.04.2012,1,2012,True,0.0181676548586167,0.01763346418738365
66,23.04.2012,1,2012,True,0.0182114715686315,0.01763346418738365
66,24.04.2012,1,2012,True,0.0182804987057537,0.018624717369675636
66,25.04.2012,1,2012,True,0.0182407740990325,0.018624717369675636
66,26.04.2012,1,2012,True,0.0182540099411595,0.018624717369675636
66,27.04.2012,1,2012,True,0.0183120707487224,0.018624717369675636
66,30.04.2012,1,2012,True,0.0183121892190016,0.018624717369675636
66,01.05.2012,1,2012,True,0.0186803577475778,0.018858527764678
66,02.05.2012,1,2012,True,0.0186500397934817,0.018858527764678
66,03.05.2012,1,2012,True,0.0187445628158454,0.018858527764678
66,04.05.2012,1,2012,True,0.0184882003771904,0.018858527764678
66,07.05.2012,1,2012,True,0.0185269052506194,0.018858527764678
66,08.05.2012,1,2012,True,0.0185232315880569,0.018875621259212494
66,09.05.2012,1,2012,True,0.0185296618487302,0.018875621259212494
66,10.05.2012,1,2012,True,0.0185276526397749,0.018875621259212494
66,11.05.2012,1,2012,True,0.018667386098234,0.018875621259212494
66,14.05.2012,1,2012,True,0.0186585501294738,0.018875621259212494
66,15.05.2012,1,2012,True,0.0189693171028607,0.018875621259212494
66,16.05.2012,1,2012,True,0.018959357526478,0.018875621259212494
66,17.05.2012,1,2012,True,0.0183519012306315,0.018875621259212494
66,18.05.2012,1,2012,True,0.0183449689093339,0.018875621259212494
66,21.05.2012,1,2012,True,0.0182563947770032,0.018875621259212494
66,22.05.2012,1,2012,True,0.0183212953934733,0.018724923953413963
66,23.05.2012,1,2012,True,0.0180695886344848,0.018724923953413963
66,24.05.2012,1,2012,True,0.0180407981734107,0.018724923953413963
66,25.05.2012,1,2012,True,0.0180399773675471,0.018724923953413963
66,29.05.2012,1,2012,True,0.0180379030393135,0.018724923953413963
66,30.05.2012,1,2012,True,0.0177107388710312,0.018624717369675636
66,31.05.2012,1,2012,True,0.0175926062935777,0.018624717369675636
66,01.06.2012,1,2012,True,0.01706754233292,0.018750052899122238
66,04.06.2012,1,2012,True,0.0170663650040114,0.019927149638533592
66,05.06.2012,1,2012,True,0.0170733426552482,0.019674688577651978
66,06.06.2012,1,2012,True,0.0169618490297796,0.018850259482860565
66,07.06.2012,1,2012,True,0.0169278791986475,0.018850259482860565
66,08.06.2012,1,2012,True,0.0169094899924966,0.018850259482860565
66,11.06.2012,1,2012,True,0.0167856606387039,0.019624345004558563
66,12.06.2012,1,2012,True,0.0176331609563623,0.020034046843647957
66,13.06.2012,1,2012,True,0.0182118934705602,0.01957448199391365
66,14.06.2012,1,2012,True,0.0183045848185263,0.01957448199391365
66,15.06.2012,1,2012,True,0.0183450076242671,0.018750052899122238
66,18.06.2012,1,2012,True,0.0183223569006399,0.018750052899122238
66,19.06.2012,1,2012,True,0.0183171504476455,0.01791251264512539
66,20.06.2012,1,2012,True,0.0178123948869065,0.017787177115678787
66,21.06.2012,1,2012,True,0.0171659934681902,0.01791251264512539
66,22.06.2012,1,2012,True,0.0170494606801738,0.018686598166823387
66,25.06.2012,1,2012,True,0.0170569095459999,0.017863407731056213
66,26.06.2012,1,2012,True,0.0169282446417151,0.018934758380055428
66,27.06.2012,1,2012,True,0.017425535740498,0.01888195425271988
66,28.06.2012,1,2012,True,0.0177412274519139,0.018756618723273277
66,29.06.2012,1,2012,True,0.0157994572828801,0.01888195425271988
66,02.07.2012,1,2012,True,0.0157842556209613,0.020773133262991905
66,03.07.2012,1,2012,True,0.0155205786632396,0.0206457506865263
66,05.07.2012,1,2012,True,0.0155248853242407,0.020809845998883247
66,06.07.2012,1,2012,True,0.015195645843567,0.022836482152342796
66,09.07.2012,1,2012,True,0.0150779453291053,0.022901715710759163
66,10.07.2012,1,2012,True,0.014762680276693,0.01948586478829384
66,11.07.2012,1,2012,True,0.0145815970941236,0.020259950309991837
66,12.07.2012,1,2012,True,0.0156132149767726,0.018954040482640266
66,13.07.2012,1,2012,True,0.0155711109176402,0.018954040482640266
66,16.07.2012,1,2012,True,0.0155868818021706,0.018828704953193665
66,17.07.2012,1,2012,True,0.0155892183732884,0.019783612340688705
66,18.07.2012,1,2012,True,0.0155483407572024,0.020348887890577316
66,19.07.2012,1,2012,True,0.0152942266424288,0.020348887890577316
66,20.07.2012,1,2012,True,0.0152833281464718,0.02044077217578888
66,23.07.2012,1,2012,True,0.0146881593465103,0.01994342915713787
66,24.07.2012,1,2012,True,0.0149814241052374,0.020340565592050552
66,25.07.2012,1,2012,True,0.015122324929041,0.020340565592050552
66,26.07.2012,1,2012,True,0.0155403397003882,0.02022498846054077
66,27.07.2012,1,2012,True,0.0162351849319456,0.02009965293109417
66,30.07.2012,1,2012,True,0.0162391589632791,0.019717887043952942
66,31.07.2012,1,2012,True,0.0163439303743162,0.017531555145978928
66,01.08.2012,1,2012,True,0.0163088987567563,0.01765689067542553
66,02.08.2012,1,2012,True,0.0163374386942963,0.01763346418738365
66,03.08.2012,1,2012,True,0.0160329672778307,0.01763346418738365
66,06.08.2012,1,2012,True,0.0160909800850891,0.01763346418738365
66,07.08.2012,1,2012,True,0.0158566075153787,0.018858527764678
66,08.08.2012,1,2012,True,0.0158940688423538,0.018858527764678
66,09.08.2012,1,2012,True,0.0158916996072394,0.018858527764678
66,10.08.2012,1,2012,True,0.0159013545342245,0.018858527764678
66,13.08.2012,1,2012,True,0.0158909661050298,0.018858527764678
66,14.08.2012,1,2012,True,0.0159218686480555,0.018624717369675636
66,15.08.2012,1,2012,True,0.0157303016041974,0.018624717369675636
66,16.08.2012,1,2012,True,0.0157828676356787,0.018624717369675636
66,17.08.2012,1,2012,True,0.0154325353335765,0.018624717369675636
66,20.08.2012,1,2012,True,0.0154354583564022,0.018624717369675636
66,21.08.2012,1,2012,True,0.0154401982076673,0.018875621259212494
66,22.08.2012,1,2012,True,0.0154729797486416,0.018875621259212494
66,23.08.2012,1,2012,True,0.0155908650898947,0.018875621259212494
66,24.08.2012,1,2012,True,0.0155267047152318,0.018875621259212494
66,27.08.2012,1,2012,True,0.0154735415491954,0.018875621259212494
66,28.08.2012,1,2012,True,0.0154915883675576,0.018985232338309288
66,29.08.2012,1,2012,True,0.0155916871565513,0.018985232338309288
66,30.08.2012,1,2012,True,0.0156882622386564,0.018985232338309288
66,31.08.2012,1,2012,True,0.0156083006813545,0.018985232338309288
66,04.09.2012,1,2012,True,0.0156712355724351,0.018985232338309288
66,05.09.2012,1,2012,True,0.0156306802281762,0.018515106290578842
66,06.09.2012,1,2012,True,0.015679150582947,0.018515106290578842
66,07.09.2012,1,2012,True,0.0156529894702848,0.018515106290578842
66,10.09.2012,1,2012,True,0.0158590469568737,0.018515106290578842
66,11.09.2012,1,2012,True,0.015845070207106,0.018515106290578842
66,12.09.2012,1,2012,True,0.015830792854477,0.018515106290578842
66,13.09.2012,1,2012,True,0.0158059578058133,0.018515106290578842
66,18.09.2012,1,2012,True,0.0149948822915722,0.018515106290578842
66,19.09.2012,1,2012,True,0.0143516020095824,0.019000956788659096
66,20.09.2012,1,2012,True,0.014237653333373,0.019000956788659096
66,21.09.2012,1,2012,True,0.0141537069874078,0.018875621259212494
66,24.09.2012,1,2012,True,0.0140478409913276,0.018875621259212494
66,25.09.2012,1,2012,True,0.0140326670695039,0.018515106290578842
66,26.09.2012,1,2012,True,0.0140246700363852,0.018640441820025444
66,27.09.2012,1,2012,True,0.0139218774259656,0.018640441820025444
66,28.09.2012,1,2012,True,0.0139851235240016,0.018515106290578842
66,01.10.2012,1,2012,True,0.0140920039391074,0.018515106290578842
66,02.10.2012,1,2012,True,0.0140813056026423,0.018724923953413963
66,03.10.2012,1,2012,True,0.0135443490953709,0.018724923953413963
66,04.10.2012,1,2012,True,0.0126066051362126,0.01880115456879139
66,05.10.2012,1,2012,True,0.0127540886731764,0.019464483484625816
66,08.10.2012,1,2012,True,0.0127584503392247,0.019464483484625816
66,09.10.2012,1,2012,True,0.0124264413603077,0.019464483484625816
66,10.10.2012,1,2012,True,0.0124253525978561,0.019843222573399544
66,11.10.2012,1,2012,True,0.0123350787646965,0.019843222573399544
66,12.10.2012,1,2012,True,0.0123199471558745,0.019843222573399544
66,15.10.2012,1,2012,True,0.0122676655289886,0.019717887043952942
66,16.10.2012,1,2012,True,0.0122629556641273,0.018880346789956093
66,19.10.2012,1,2012,True,0.0110345238688234,0.017685268074274063
66,22.10.2012,1,2012,True,0.0110799015100954,0.017773780971765518
66,23.10.2012,1,2012,True,0.0110148798292835,0.017531555145978928
66,24.10.2012,1,2012,True,0.0109986680700062,0.01757262833416462
66,25.10.2012,1,2012,True,0.0109900590747303,0.017531555145978928
66,26.10.2012,1,2012,True,0.0110547238465037,0.017531555145978928
66,31.10.2012,1,2012,True,0.0110396184503248,0.017531555145978928
66,01.11.2012,1,2012,True,0.0110195422312143,0.01877371221780777
66,02.11.2012,1,2012,True,0.0105797789357735,0.01877371221780777
66,05.11.2012,1,2012,True,0.0103577801369592,0.01877371221780777
66,06.11.2012,1,2012,True,0.0097000084989707,0.0192100889980793
66,07.11.2012,1,2012,True,0.0084134172760186,0.0192100889980793
66,08.11.2012,1,2012,True,0.0086905624622445,0.01877371221780777
66,09.11.2012,1,2012,True,0.0086878068229853,0.01877371221780777
66,12.11.2012,1,2012,True,0.0086930840165873,0.0199687909334898
66,13.11.2012,1,2012,True,0.0086375062015641,0.01877371221780777
66,14.11.2012,1,2012,True,0.0087378763377334,0.017685268074274063
66,15.11.2012,1,2012,True,0.0086604922518362,0.017685268074274063
66,19.11.2012,1,2012,True,0.0086767180866452,0.017685268074274063
66,20.11.2012,1,2012,True,0.0086716280761031,0.017531555145978928
66,21.11.2012,1,2012,True,0.0086007686776341,0.017531555145978928
66,23.11.2012,1,2012,True,0.0087486828459687,0.01763346418738365
66,26.11.2012,1,2012,True,0.008755114157859,0.01763346418738365
66,27.11.2012,1,2012,True,0.0086740672242786,0.0187554731965065
66,28.11.2012,1,2012,True,0.0086708075041604,0.0187554731965065
66,29.11.2012,1,2012,True,0.0085866032340673,0.0187554731965065
66,30.11.2012,1,2012,True,0.0085921675945883,0.0187554731965065
66,03.12.2012,1,2012,True,0.0086771305282622,0.0187554731965065
66,04.12.2012,1,2012,True,0.0086589437747428,0.018572529777884483
66,05.12.2012,1,2012,True,0.0085796741952465,0.018572529777884483
66,06.12.2012,1,2012,True,0.0086199737134216,0.018572529777884483
66,07.12.2012,1,2012,True,0.0087391988328159,0.018572529777884483
66,10.12.2012,1,2012,True,0.008852102319441,0.018572529777884483
66,11.12.2012,1,2012,True,0.0088199779953412,0.018572529777884483
66,12.12.2012,1,2012,True,0.0086726823165625,0.018572529777884483
66,13.12.2012,1,2012,True,0.0085882980654065,0.018572529777884483
66,14.12.2012,1,2012,True,0.0084809219464853,0.018572529777884483
66,19.12.2012,1,2012,True,0.0083784499785202,0.018572529777884483
66,20.12.2012,1,2012,True,0.0084597857373383,0.018858527764678
66,21.12.2012,1,2012,True,0.0083533019977508,0.018858527764678
66,24.12.2012,1,2012,True,0.0092935224287488,0.018858527764678
66,26.12.2012,1,2012,True,0.0089569063359458,0.018985232338309288
66,27.12.2012,1,2012,True,0.0093017666122673,0.018985232338309288
66,28.12.2012,1,2012,True,0.0093316768727862,0.018985232338309288
66,31.12.2012,1,2012,True,0.0095097418930258,0.018985232338309288
126,03.01.2012,1,2012,True,0.0145777760553979,0.022535912692546844
126,04.01.2012,1,2012,True,0.0145177753319416,0.021534856408834457
126,05.01.2012,1,2012,True,0.0146632659817655,0.021455975249409676
126,06.01.2012,1,2012,True,0.0147964990806586,0.021534856408834457
126,09.01.2012,1,2012,True,0.0149297760009402,0.019599607214331627
126,10.01.2012,1,2012,True,0.0150625990665668,0.019091840833425522
126,11.01.2012,1,2012,True,0.0150669183344674,0.01839243434369564
126,12.01.2012,1,2012,True,0.0151004818890992,0.01839243434369564
126,13.01.2012,1,2012,True,0.0151247579205514,0.019006535410881042
126,17.01.2012,1,2012,True,0.0151026588834687,0.018458452075719833
126,18.01.2012,1,2012,True,0.0151237962594057,0.018779058009386063
126,19.01.2012,1,2012,True,0.0152717005236544,0.018779058009386063
126,20.01.2012,1,2012,True,0.0152328130119497,0.018779058009386063
126,23.01.2012,1,2012,True,0.0155142162233711,0.018779058009386063
126,24.01.2012,1,2012,True,0.015510167712889,0.018697034567594528
126,25.01.2012,1,2012,True,0.0155337261375353,0.018697034567594528
126,26.01.2012,1,2012,True,0.0155314458129258,0.018697034567594528
126,27.01.2012,1,2012,True,0.0155567790085071,0.018697034567594528
126,30.01.2012,1,2012,True,0.015548624256085,0.018697034567594528
126,31.01.2012,1,2012,True,0.015582462557518,0.018697034567594528
126,01.02.2012,1,2012,True,0.015601470433408,0.018697034567594528
126,02.02.2012,1,2012,True,0.0155950893675562,0.018697034567594528
126,03.02.2012,1,2012,True,0.0156758363790959,0.018697034567594528
126,06.02.2012,1,2012,True,0.0156474277874321,0.018697034567594528
126,07.02.2012,1,2012,True,0.0157739757147835,0.018697034567594528
126,08.02.2012,1,2012,True,0.0157556918286633,0.018697034567594528
126,09.02.2012,1,2012,True,0.0157433163421685,0.018697034567594528
126,10.02.2012,1,2012,True,0.0157162565811018,0.018697034567594528
126,13.02.2012,1,2012,True,0.0157176361894792,0.018697034567594528
126,14.02.2012,1,2012,True,0.0157205720320887,0.019881993532180786
126,15.02.2012,1,2012,True,0.0158057094716609,0.019881993532180786
126,16.02.2012,1,2012,True,0.015788469466996,0.019881993532180786
126,17.02.2012,1,2012,True,0.0159727575562073,0.019881993532180786
126,21.02.2012,1,2012,True,0.0158940289188971,0.019881993532180786
126,22.02.2012,1,2012,True,0.0158846835565562,0.01979568414390087
126,23.02.2012,1,2012,True,0.0158764882234562,0.01979568414390087
126,24.02.2012,1,2012,True,0.0158164964465513,0.01979568414390087
126,27.02.2012,1,2012,True,0.0158273839580247,0.01979568414390087
126,28.02.2012,1,2012,True,0.0157505450560947,0.01979568414390087
126,29.02.2012,1,2012,True,0.0157295218600711,0.01979568414390087
126,01.03.2012,1,2012,True,0.0155105302744304,0.01979568414390087
126,02.03.2012,1,2012,True,0.0154120991494354,0.0199598278850317
126,05.03.2012,1,2012,True,0.0154911582020053,0.020171644166111946
126,06.03.2012,1,2012,True,0.0154407954247908,0.018782339990139008
126,07.03.2012,1,2012,True,0.0153773147752347,0.018697034567594528
126,08.03.2012,1,2012,True,0.0153486097930676,0.018782339990139008
126,09.03.2012,1,2012,True,0.0153563816467997,0.018697034567594528
126,12.03.2012,1,2012,True,0.0153596796658207,0.018697034567594528
126,13.03.2012,1,2012,True,0.0153530871676082,0.018533149734139442
126,14.03.2012,1,2012,True,0.0153384085228211,0.018533149734139442
126,15.03.2012,1,2012,True,0.0153265992474743,0.018533149734139442
126,16.03.2012,1,2012,True,0.0156876197708906,0.018533149734139442
126,19.03.2012,1,2012,True,0.0159766134082811,0.018533149734139442
126,20.03.2012,1,2012,True,0.0160230952172777,0.019634371623396873
126,21.03.2012,1,2012,True,0.0160676775486692,0.019634371623396873
126,22.03.2012,1,2012,True,0.0160994593336958,0.019634371623396873
126,23.03.2012,1,2012,True,0.0160390596628814,0.019634371623396873
126,26.03.2012,1,2012,True,0.0160342107790585,0.019634371623396873
126,27.03.2012,1,2012,True,0.0161214232004501,0.018929827958345413
126,28.03.2012,1,2012,True,0.0161000155616072,0.018929827958345413
126,29.03.2012,1,2012,True,0.0160541455035582,0.018929827958345413
126,30.03.2012,1,2012,True,0.0160543573774603,0.018929827958345413
126,02.04.2012,1,2012,True,0.0161626137497834,0.018929827958345413
126,03.04.2012,1,2012,True,0.0165695380970189,0.01886300928890705
126,04.04.2012,1,2012,True,0.0164806018006992,0.01886300928890705
126,05.04.2012,1,2012,True,0.0164584285477043,0.01886300928890705
126,09.04.2012,1,2012,True,0.0165945849532195,0.01886300928890705
126,10.04.2012,1,2012,True,0.0164718679069038,0.018697034567594528
126,11.04.2012,1,2012,True,0.01650683269344,0.018697034567594528
126,12.04.2012,1,2012,True,0.0164855811909426,0.018697034567594528
126,13.04.2012,1,2012,True,0.0165127513757646,0.018697034567594528
126,16.04.2012,1,2012,True,0.0163586105498799,0.018697034567594528
126,17.04.2012,1,2012,True,0.0168117902428712,0.01886300928890705
126,18.04.2012,1,2012,True,0.0168104546224176,0.01886300928890705
126,19.04.2012,1,2012,True,0.0168354554749493,0.01886300928890705
126,20.04.2012,1,2012,True,0.0168254304503602,0.01886300928890705
126,23.04.2012,1,2012,True,0.0168359361172124,0.01886300928890705
126,24.04.2012,1,2012,True,0.0168577479884028,0.01911970227956772
126,25.04.2012,1,2012,True,0.0168516069352749,0.01911970227956772
126,26.04.2012,1,2012,True,0.0168423936254744,0.01911970227956772
126,27.04.2012,1,2012,True,0.0169609295270334,0.01911970227956772
126,30.04.2012,1,2012,True,0.0170551131181471,0.01911970227956772
126,01.05.2012,1,2012,True,0.0172812479340279,0.019557371735572815
126,02.05.2012,1,2012,True,0.0175873583852976,0.019557371735572815
126,03.05.2012,1,2012,True,0.0175236155355761,0.019557371735572815
126,04.05.2012,1,2012,True,0.017476617050301,0.019557371735572815
126,07.05.2012,1,2012,True,0.0174783329886654,0.019557371735572815
126,08.05.2012,1,2012,True,0.0174872177771769,0.019881993532180786
126,09.05.2012,1,2012,True,0.0175194452325314,0.019881993532180786
126,10.05.2012,1,2012,True,0.0175521285348176,0.019881993532180786
126,11.05.2012,1,2012,True,0.017548662997306,0.019881993532180786
126,14.05.2012,1,2012,True,0.0175589416927499,0.019881993532180786
126,15.05.2012,1,2012,True,0.0175707905067438,0.01969189941883087
126,16.05.2012,1,2012,True,0.0175709363710586,0.01969189941883087
126,17.05.2012,1,2012,True,0.0172322241290958,0.01969189941883087
126,18.05.2012,1,2012,True,0.017251394909336,0.01969189941883087
126,21.05.2012,1,2012,True,0.0171994360318269,0.01969189941883087
126,22.05.2012,1,2012,True,0.0172254478141715,0.020171644166111946
126,23.05.2012,1,2012,True,0.0170598064987337,0.0199598278850317
126,24.05.2012,1,2012,True,0.0170432807237621,0.020171644166111946
126,25.05.2012,1,2012,True,0.0170656896979821,0.01979568414390087
126,29.05.2012,1,2012,True,0.0170867285832886,0.01979568414390087
126,30.05.2012,1,2012,True,0.0169297815169168,0.01900247484445572
126,31.05.2012,1,2012,True,0.0168698800908178,0.01900247484445572
126,01.06.2012,1,2012,True,0.0165800498917023,0.01900247484445572
126,04.06.2012,1,2012,True,0.0165846080978857,0.021881993860006332
126,05.06.2012,1,2012,True,0.0166247829353357,0.02323409728705883
126,06.06.2012,1,2012,True,0.0166086269711941,0.02096867933869362
126,07.06.2012,1,2012,True,0.0166224003599285,0.020086338743567467
126,08.06.2012,1,2012,True,0.0166407768348307,0.02128494158387184
126,11.06.2012,1,2012,True,0.0165822248662574,0.023067349568009377
126,12.06.2012,1,2012,True,0.0165949408091549,0.021881993860006332
126,13.06.2012,1,2012,True,0.0165961628618157,0.021881993860006332
126,14.06.2012,1,2012,True,0.0166881119428615,0.021881993860006332
126,15.06.2012,1,2012,True,0.0166851995889412,0.01924913376569748
126,18.06.2012,1,2012,True,0.0166160781137284,0.01924913376569748
126,19.06.2012,1,2012,True,0.0166144565132832,0.018814099952578545
126,20.06.2012,1,2012,True,0.0163633198089996,0.018814099952578545
126,21.06.2012,1,2012,True,0.0159783758534747,0.018814099952578545
126,22.06.2012,1,2012,True,0.0159206037691158,0.021348820999264717
126,25.06.2012,1,2012,True,0.0159203552096618,0.018820524215698242
126,26.06.2012,1,2012,True,0.0158191466045016,0.020197972655296326
126,27.06.2012,1,2012,True,0.0158180320184503,0.01949777826666832
126,28.06.2012,1,2012,True,0.0156634551722749,0.01949777826666832
126,29.06.2012,1,2012,True,0.014521607376904,0.019491354003548622
126,02.07.2012,1,2012,True,0.0145405835718965,0.01902371272444725
126,03.07.2012,1,2012,True,0.0143053526534763,0.020297665148973465
126,05.07.2012,1,2012,True,0.014306472648866,0.023753993213176727
126,06.07.2012,1,2012,True,0.0141151278394292,0.026119114831089973
126,09.07.2012,1,2012,True,0.013994559380958,0.026596123352646828
126,10.07.2012,1,2012,True,0.0138875472805067,0.02018333040177822
126,11.07.2012,1,2012,True,0.0137517117055267,0.021951831877231598
126,12.07.2012,1,2012,True,0.0137388880144689,0.01984235644340515
126,13.07.2012,1,2012,True,0.0136955547456999,0.01984511874616146
126,16.07.2012,1,2012,True,0.0136641979136459,0.019923999905586243
126,17.07.2012,1,2012,True,0.0136746890047312,0.0221259668469429
126,18.07.2012,1,2012,True,0.0136478838652665,0.0221259668469429
126,19.07.2012,1,2012,True,0.013483073335198,0.0221259668469429
126,20.07.2012,1,2012,True,0.0134837769772735,0.023002997040748596
126,23.07.2012,1,2012,True,0.0131552430516285,0.019341912120580673
126,24.07.2012,1,2012,True,0.0131700385875092,0.02194022573530674
126,25.07.2012,1,2012,True,0.0131492215206664,0.021573955193161964
126,26.07.2012,1,2012,True,0.0131356947747843,0.020256513729691505
126,27.07.2012,1,2012,True,0.0131547075021821,0.02013000287115574
126,30.07.2012,1,2012,True,0.0131676479571898,0.01898621954023838
126,31.07.2012,1,2012,True,0.0131197947636473,0.018631016835570335
126,01.08.2012,1,2012,True,0.0130955498689713,0.018631016835570335
126,02.08.2012,1,2012,True,0.013096214453905,0.018697034567594528
126,03.08.2012,1,2012,True,0.012863062696721,0.018697034567594528
126,06.08.2012,1,2012,True,0.0128839946358593,0.018697034567594528
126,07.08.2012,1,2012,True,0.0128259150716641,0.019647711887955666
126,08.08.2012,1,2012,True,0.0129289361297168,0.019647711887955666
126,09.08.2012,1,2012,True,0.0129084828742818,0.019647711887955666
126,10.08.2012,1,2012,True,0.0129091847697804,0.019647711887955666
126,13.08.2012,1,2012,True,0.0129710003642036,0.019647711887955666
126,14.08.2012,1,2012,True,0.0129831061741439,0.01911970227956772
126,15.08.2012,1,2012,True,0.0128704288895695,0.01911970227956772
126,16.08.2012,1,2012,True,0.0128814800678675,0.01911970227956772
126,17.08.2012,1,2012,True,0.0126496317530657,0.01911970227956772
126,20.08.2012,1,2012,True,0.0127107034633888,0.01911970227956772
126,21.08.2012,1,2012,True,0.0126953870544374,0.01972861774265766
126,22.08.2012,1,2012,True,0.0126935993556436,0.01972861774265766
126,23.08.2012,1,2012,True,0.0126950362914378,0.01972861774265766
126,24.08.2012,1,2012,True,0.0126577104140312,0.01972861774265766
126,27.08.2012,1,2012,True,0.0126232094436122,0.01972861774265766
126,28.08.2012,1,2012,True,0.0126526105812828,0.020714005455374718
126,29.08.2012,1,2012,True,0.0126755168961718,0.020714005455374718
126,30.08.2012,1,2012,True,0.0126750642916616,0.020714005455374718
126,31.08.2012,1,2012,True,0.0126768068950112,0.020714005455374718
126,04.09.2012,1,2012,True,0.0127209226953875,0.020714005455374718
126,05.09.2012,1,2012,True,0.0127335417963875,0.0183741245418787
126,06.09.2012,1,2012,True,0.0127301492076352,0.0183741245418787
126,07.09.2012,1,2012,True,0.0127226455699972,0.0183741245418787
126,10.09.2012,1,2012,True,0.0127542862601167,0.0183741245418787
126,11.09.2012,1,2012,True,0.0127483694237048,0.0183741245418787
126,12.09.2012,1,2012,True,0.0127433740453059,0.0183741245418787
126,13.09.2012,1,2012,True,0.012752161028638,0.0183741245418787
126,18.09.2012,1,2012,True,0.0121814386527972,0.0183741245418787
126,19.09.2012,1,2012,True,0.0121369632543216,0.020067859441041946
126,20.09.2012,1,2012,True,0.0120573482120742,0.02102993056178093
126,21.09.2012,1,2012,True,0.0121433930437303,0.019988978281617165
126,24.09.2012,1,2012,True,0.0120882699866894,0.019988978281617165
126,25.09.2012,1,2012,True,0.0121523590351855,0.018565626814961433
126,26.09.2012,1,2012,True,0.0121533886841604,0.018644507974386215
126,27.09.2012,1,2012,True,0.0121092754506453,0.018559202551841736
126,28.09.2012,1,2012,True,0.0121407589144143,0.018559202551841736
126,01.10.2012,1,2012,True,0.0123603242616177,0.018559202551841736
126,02.10.2012,1,2012,True,0.0123533351283096,0.01979568414390087
126,03.10.2012,1,2012,True,0.0120539581854097,0.01979568414390087
126,04.10.2012,1,2012,True,0.0115355443527678,0.01979568414390087
126,05.10.2012,1,2012,True,0.011543279501,0.020866619423031807
126,08.10.2012,1,2012,True,0.0115667969097538,0.020325398072600365
126,09.10.2012,1,2012,True,0.0113549551301897,0.020325398072600365
126,10.10.2012,1,2012,True,0.0114343306431833,0.01989998295903206
126,11.10.2012,1,2012,True,0.0114805194207736,0.01989355869591236
126,12.10.2012,1,2012,True,0.0114555631753657,0.019801178947091103
126,15.10.2012,1,2012,True,0.0114303248988334,0.019801178947091103
126,16.10.2012,1,2012,True,0.0114797010897771,0.019395921379327774
126,19.10.2012,1,2012,True,0.0110133040038899,0.018648425117135048
126,22.10.2012,1,2012,True,0.011307766250225,0.018733730539679527
126,23.10.2012,1,2012,True,0.01133145705696,0.01879699155688286
126,24.10.2012,1,2012,True,0.0113810135211671,0.01879699155688286
126,25.10.2012,1,2012,True,0.0114018397844662,0.01879699155688286
126,26.10.2012,1,2012,True,0.0113662350072431,0.01879699155688286
126,31.10.2012,1,2012,True,0.0113476443296173,0.01879699155688286
126,01.11.2012,1,2012,True,0.0113492973345829,0.01962588168680668
126,02.11.2012,1,2012,True,0.0111987539881377,0.01962588168680668
126,05.11.2012,1,2012,True,0.0110631141429004,0.01962588168680668
126,06.11.2012,1,2012,True,0.0107546255031646,0.01999160461127758
126,07.11.2012,1,2012,True,0.0101854695406239,0.020367560908198357
126,08.11.2012,1,2012,True,0.0101784348639986,0.01999002695083618
126,09.11.2012,1,2012,True,0.0100169614085346,0.01999002695083618
126,12.11.2012,1,2012,True,0.0100162193468918,0.020829901099205017
126,13.11.2012,1,2012,True,0.0100565365115152,0.01999002695083618
126,14.11.2012,1,2012,True,0.0099908578535509,0.018733730539679527
126,15.11.2012,1,2012,True,0.0099255441687491,0.018648425117135048
126,19.11.2012,1,2012,True,0.0100270431732346,0.018648425117135048
126,20.11.2012,1,2012,True,0.0101108907652939,0.018631016835570335
126,21.11.2012,1,2012,True,0.0100729817759733,0.018631016835570335
126,23.11.2012,1,2012,True,0.0101760576078795,0.018697034567594528
126,26.11.2012,1,2012,True,0.0102877530919564,0.018697034567594528
126,27.11.2012,1,2012,True,0.0103133584559331,0.019402703270316124
126,28.11.2012,1,2012,True,0.0103111478970504,0.019402703270316124
126,29.11.2012,1,2012,True,0.0102706092270808,0.019402703270316124
126,30.11.2012,1,2012,True,0.0102979782140386,0.019402703270316124
126,03.12.2012,1,2012,True,0.0103070507352108,0.019402703270316124
126,04.12.2012,1,2012,True,0.0103055212567898,0.01969189941883087
126,05.12.2012,1,2012,True,0.0102864306481827,0.01969189941883087
126,06.12.2012,1,2012,True,0.0102067668218004,0.01969189941883087
126,07.12.2012,1,2012,True,0.0102068984688736,0.01969189941883087
126,10.12.2012,1,2012,True,0.0103107745044765,0.01969189941883087
126,11.12.2012,1,2012,True,0.0102951384075359,0.01975896582007408
126,12.12.2012,1,2012,True,0.0107625065818783,0.01975896582007408
126,13.12.2012,1,2012,True,0.0107393761581447,0.01975896582007408
126,14.12.2012,1,2012,True,0.0106891309786576,0.01975896582007408
126,19.12.2012,1,2012,True,0.010639064986288,0.01975896582007408
126,20.12.2012,1,2012,True,0.010646797528319,0.01947534829378128
126,21.12.2012,1,2012,True,0.010657162439974,0.01947534829378128
126,24.12.2012,1,2012,True,0.0106700451804097,0.01947534829378128
126,26.12.2012,1,2012,True,0.0105292769556878,0.020837033167481422
126,27.12.2012,1,2012,True,0.0105674820272498,0.020837033167481422
126,28.12.2012,1,2012,True,0.0106784834549151,0.020837033167481422
126,31.12.2012,1,2012,True,0.0107999306495142,0.020837033167481422
5,02.01.2013,2,2013,True,0.0045395703942418,0.017026405781507492
5,03.01.2013,2,2013,True,0.0045324495165185,0.015865441411733627
5,04.01.2013,2,2013,True,0.0060601931974806,0.015285628847777843
5,07.01.2013,2,2013,True,0.0082773486704723,0.015525858849287033
5,08.01.2013,2,2013,True,0.0101623780528176,0.01028591301292181
5,09.01.2013,2,2013,True,0.0104946679580882,0.010235810652375221
5,10.01.2013,2,2013,True,0.0104177839558249,0.017104124650359154
5,11.01.2013,2,2013,True,0.009142855959703,0.016699809581041336
5,14.01.2013,2,2013,True,0.0108280506533806,0.008780167438089848
5,15.01.2013,2,2013,True,0.0067501322562163,0.01236298494040966
5,16.01.2013,2,2013,True,0.0066912192004784,0.013011973351240158
5,17.01.2013,2,2013,True,0.0066912192004784,0.012194113805890083
5,18.01.2013,2,2013,True,0.0064177259770934,0.011016728356480598
5,22.01.2013,2,2013,True,0.0029006094632186,0.011829391121864319
5,23.01.2013,2,2013,True,0.002956182864602,0.014344950206577778
5,24.01.2013,2,2013,True,0.0030849175687202,0.012150237336754799
5,25.01.2013,2,2013,True,0.0032483580907666,0.01193294022232294
5,28.01.2013,2,2013,True,0.0079589258047384,0.012634946964681149
5,29.01.2013,2,2013,True,0.0079849512075914,0.01330232247710228
5,30.01.2013,2,2013,True,0.0080027466980831,0.015458802692592144
5,31.01.2013,2,2013,True,0.0079235504587713,0.015448248013854027
5,01.02.2013,2,2013,True,0.0088949322657306,0.015063545666635036
5,04.02.2013,2,2013,True,0.0076031317684489,0.015084086917340755
5,05.02.2013,2,2013,True,0.0073473205295092,0.010862311348319054
5,06.02.2013,2,2013,True,0.0074504820517317,0.012037450447678566
5,07.02.2013,2,2013,True,0.0076769876730248,0.011788440868258476
5,08.02.2013,2,2013,True,0.0039511971121077,0.011262981221079826
5,11.02.2013,2,2013,True,0.0049233074403166,0.011636902578175068
5,12.02.2013,2,2013,True,0.0073672337738002,0.014018547721207142
5,13.02.2013,2,2013,True,0.0083698689874816,0.014267344027757645
5,14.02.2013,2,2013,True,0.0100858062082722,0.011154680512845516
5,15.02.2013,2,2013,True,0.0107216305643707,0.012380462139844894
5,19.02.2013,2,2013,True,0.0113413666702552,0.014190454967319965
5,20.02.2013,2,2013,True,0.0104074544311586,0.01964840479195118
5,21.02.2013,2,2013,True,0.0081866524813664,0.01977880485355854
5,22.02.2013,2,2013,True,0.006649763404871,0.018258601427078247
5,25.02.2013,2,2013,True,0.0048197355881887,0.020389394834637642
5,26.02.2013,2,2013,True,0.0090834318275826,0.013812166638672352
5,27.02.2013,2,2013,True,0.0087629214882529,0.013938305899500847
5,28.02.2013,2,2013,True,0.0086349369936882,0.014195005409419537
5,01.03.2013,2,2013,True,0.0074999208640517,0.013522802852094173
5,04.03.2013,2,2013,True,0.0079467550023273,0.012664610520005226
5,05.03.2013,2,2013,True,0.0026904312622214,0.014913850463926792
5,06.03.2013,2,2013,True,0.0041104266813004,0.013724260963499546
5,07.03.2013,2,2013,True,0.0069458716595082,0.014551765285432339
5,08.03.2013,2,2013,True,0.0070601316816475,0.013728267513215542
5,11.03.2013,2,2013,True,0.0098729290407825,0.013515716418623924
5,12.03.2013,2,2013,True,0.0124110966646295,0.016946272924542427
5,13.03.2013,2,2013,True,0.012630940315655,0.02323935739696026
5,14.03.2013,2,2013,True,0.0116123392810698,0.0207024198025465
5,15.03.2013,2,2013,True,0.0121390502548737,0.016278641298413277
5,19.03.2013,2,2013,True,0.0094189527262856,0.011521382257342339
5,20.03.2013,2,2013,True,0.0082490705879824,0.007843965664505959
5,21.03.2013,2,2013,True,0.0036496838019312,0.007850592024624348
5,22.03.2013,2,2013,True,0.0037580122905878,0.007752343080937862
5,25.03.2013,2,2013,True,0.0058320187398269,0.007426770403981209
5,26.03.2013,2,2013,True,0.0167099196810387,0.00998134445399046
5,27.03.2013,2,2013,True,0.016231829739426,0.009443073533475399
5,28.03.2013,2,2013,True,0.0163918651048596,0.009144073352217674
5,01.04.2013,2,2013,True,0.0150693443296829,0.011326911859214306
5,02.04.2013,2,2013,True,0.019288823340425,0.007806937210261822
5,03.04.2013,2,2013,True,0.0135285333656162,0.006502865348011255
5,04.04.2013,2,2013,True,0.0145167753389294,0.0101067079231143
5,05.04.2013,2,2013,True,0.0120549319979559,0.010687913745641708
5,08.04.2013,2,2013,True,0.0153395488191686,0.009516237303614616
5,09.04.2013,2,2013,True,0.0102517561563692,0.013345425948500633
5,10.04.2013,2,2013,True,0.0111141079553981,0.01149624865502119
5,11.04.2013,2,2013,True,0.0109649102493472,0.012879288755357265
5,12.04.2013,2,2013,True,0.0128571432110645,0.01351207960397005
5,15.04.2013,2,2013,True,0.007652946179444,0.011721691116690636
5,16.04.2013,2,2013,True,0.0076610527873249,0.012936961837112904
5,17.04.2013,2,2013,True,0.0099454322299394,0.005905908532440662
5,18.04.2013,2,2013,True,0.0069153039742968,0.007792025338858366
5,19.04.2013,2,2013,True,0.0084771091658984,0.008503892458975315
5,22.04.2013,2,2013,True,0.0084761825811773,0.007899938151240349
5,23.04.2013,2,2013,True,0.01248664249901,0.011824817396700382
5,24.04.2013,2,2013,True,0.0159588501375107,0.010189945809543133
5,25.04.2013,2,2013,True,0.020155191555247,0.01402980461716652
5,26.04.2013,2,2013,True,0.0210522375418292,0.012670334428548813
5,29.04.2013,2,2013,True,0.0215065521128035,0.012831049971282482
5,30.04.2013,2,2013,True,0.0207947025870124,0.010395200923085213
5,01.05.2013,2,2013,True,0.0147075034786576,0.011070352047681808
5,02.05.2013,2,2013,True,0.0096103019351857,0.011275393888354301
5,03.05.2013,2,2013,True,0.0083390446832814,0.011375967413187027
5,06.05.2013,2,2013,True,0.0053730925029395,0.010321409441530704
5,07.05.2013,2,2013,True,0.0046385832802049,0.011585068888962269
5,08.05.2013,2,2013,True,0.0078712352476201,0.01178913377225399
5,09.05.2013,2,2013,True,0.0078642694607645,0.013339134864509106
5,10.05.2013,2,2013,True,0.0075283189168871,0.011180016212165356
5,13.05.2013,2,2013,True,0.0050244040690939,0.011380001902580261
5,14.05.2013,2,2013,True,0.0045480057321202,0.014725062064826488
5,15.05.2013,2,2013,True,0.006006642726228,0.025141043588519096
5,16.05.2013,2,2013,True,0.0057566864554236,0.01381871197372675
5,17.05.2013,2,2013,True,0.0060959656392417,0.014362660236656666
5,20.05.2013,2,2013,True,0.0100256171636034,0.014824852347373962
5,21.05.2013,2,2013,True,0.0129017951243581,0.009514880366623402
5,22.05.2013,2,2013,True,0.0117080513719396,0.015085260383784771
5,23.05.2013,2,2013,True,0.0139926370248829,0.011187317781150341
5,24.05.2013,2,2013,True,0.0167844269555366,0.011993787251412868
5,28.05.2013,2,2013,True,0.0158974276892408,0.012300529517233372
5,29.05.2013,2,2013,True,0.0134384546785402,0.017900561913847923
5,30.05.2013,2,2013,True,0.013381529050393,0.01817815750837326
5,31.05.2013,2,2013,True,0.0069022572515458,0.01599225029349327
5,03.06.2013,2,2013,True,0.0073576779449851,0.016856763511896133
5,04.06.2013,2,2013,True,0.0077754766410971,0.018657594919204712
5,05.06.2013,2,2013,True,0.0080949293819787,0.019332485273480415
5,06.06.2013,2,2013,True,0.0083879291700455,0.017803573980927467
5,07.06.2013,2,2013,True,0.0071504926873812,0.01912287063896656
5,10.06.2013,2,2013,True,0.0095464453961566,0.020052609965205193
5,11.06.2013,2,2013,True,0.0064969351476735,0.01198255829513073
5,12.06.2013,2,2013,True,0.020886839260917,0.011050700210034847
5,13.06.2013,2,2013,True,0.0203873125895519,0.012221261858940125
5,14.06.2013,2,2013,True,0.0205846039297967,0.011424469761550426
5,18.06.2013,2,2013,True,0.0172401074212478,0.009550758637487888
5,19.06.2013,2,2013,True,0.0177260852498633,0.012916475534439087
5,20.06.2013,2,2013,True,0.0085438297696349,0.01366177387535572
5,21.06.2013,2,2013,True,0.0063743223563009,0.013741853646934032
5,24.06.2013,2,2013,True,0.006870041669453,0.012229850515723228
5,25.06.2013,2,2013,True,0.0071340458916095,0.012377996928989887
5,26.06.2013,2,2013,True,0.0086540168825698,0.012248651124536991
5,27.06.2013,2,2013,True,0.0098388268462654,0.014223271049559116
5,28.06.2013,2,2013,True,0.008373873141375,0.011843075975775719
5,01.07.2013,2,2013,True,0.0088779752514242,0.011329106986522675
5,02.07.2013,2,2013,True,0.0089444104205748,0.013619131408631802
5,03.07.2013,2,2013,True,0.0097818547179847,0.013302525505423546
5,05.07.2013,2,2013,True,0.0069443471297099,0.014408775605261326
5,08.07.2013,2,2013,True,0.0064319774719014,0.013726290315389633
5,09.07.2013,2,2013,True,0.0064269399026393,0.01011753361672163
5,10.07.2013,2,2013,True,0.0062080943605859,0.010527013801038265
5,11.07.2013,2,2013,True,0.0079547242388301,0.010517923161387444
5,12.07.2013,2,2013,True,0.0060979170738879,0.013804430142045021
5,15.07.2013,2,2013,True,0.0060861119064007,0.010461215861141682
5,16.07.2013,2,2013,True,0.0069746480990811,0.00828329473733902
5,17.07.2013,2,2013,True,0.0078486973885007,0.008057180792093277
5,19.07.2013,2,2013,True,0.0063494951001391,0.006721142679452896
5,22.07.2013,2,2013,True,0.0065779747481344,0.00849403627216816
5,23.07.2013,2,2013,True,0.0063509396261996,0.010849127545952797
5,24.07.2013,2,2013,True,0.0054816936397158,0.012577255256474018
5,25.07.2013,2,2013,True,0.0091207446643905,0.010248994454741478
5,26.07.2013,2,2013,True,0.0093309002964895,0.010351051576435566
5,29.07.2013,2,2013,True,0.0096727282566542,0.011888177134096622
5,30.07.2013,2,2013,True,0.0096270701915313,0.019051868468523026
5,31.07.2013,2,2013,True,0.0098787241546707,0.02003568224608898
5,01.08.2013,2,2013,True,0.0019340869128997,0.020052852109074593
5,02.08.2013,2,2013,True,0.0089744194733887,0.020401250571012497
5,05.08.2013,2,2013,True,0.0096487099105742,0.020680159330368042
5,06.08.2013,2,2013,True,0.0095619420577289,0.01581939123570919
5,07.08.2013,2,2013,True,0.0078604827703753,0.01656877063214779
5,08.08.2013,2,2013,True,0.0039360286022611,0.01747920550405979
5,09.08.2013,2,2013,True,0.0032888246561805,0.023879436776041985
5,12.08.2013,2,2013,True,0.0071061395095393,0.016285160556435585
5,13.08.2013,2,2013,True,0.0066024957930898,0.01607654243707657
5,14.08.2013,2,2013,True,0.0063566291434821,0.014541855081915855
5,15.08.2013,2,2013,True,0.0071045224779331,0.012440744787454605
5,16.08.2013,2,2013,True,0.0071825371669589,0.018787268549203873
5,20.08.2013,2,2013,True,0.0148631176810734,0.019132576882839203
5,21.08.2013,2,2013,True,0.0142572324525854,0.015982672572135925
5,22.08.2013,2,2013,True,0.017704722374946,0.015984395518898964
5,23.08.2013,2,2013,True,0.0196587011001895,0.015425491146743298
5,26.08.2013,2,2013,True,0.0194057495848968,0.01592341996729374
5,27.08.2013,2,2013,True,0.0149026902679362,0.012426766566932201
5,28.08.2013,2,2013,True,0.0111297032592963,0.015378078445792198
5,29.08.2013,2,2013,True,0.01009347627407,0.012996337376534939
5,30.08.2013,2,2013,True,0.0137427184172519,0.010890616104006767
5,03.09.2013,2,2013,True,0.0134402056497722,0.011046802625060081
5,04.09.2013,2,2013,True,0.0141989461122723,0.009876870550215244
5,05.09.2013,2,2013,True,0.0156029472371096,0.01228888239711523
5,06.09.2013,2,2013,True,0.0146332149447381,0.01013851910829544
5,09.09.2013,2,2013,True,0.0142908000939404,0.009300507605075836
5,10.09.2013,2,2013,True,0.0129271422895077,0.014425401575863361
5,11.09.2013,2,2013,True,0.0132129543528319,0.013706491328775883
5,12.09.2013,2,2013,True,0.0105964877091328,0.01327305007725954
5,13.09.2013,2,2013,True,0.0113493193723499,0.01472435612231493
5,18.09.2013,2,2013,True,0.0091638332012145,0.013399098999798298
5,19.09.2013,2,2013,True,0.0071551276099548,0.011336592957377434
5,20.09.2013,2,2013,True,0.0072949981588029,0.01134148146957159
5,23.09.2013,2,2013,True,0.0056703857689498,0.010960355401039124
5,24.09.2013,2,2013,True,0.0054131360327372,0.01165594533085823
5,25.09.2013,2,2013,True,0.0076914870539452,0.01150646060705185
5,26.09.2013,2,2013,True,0.0067964830063757,0.011542986147105694
5,27.09.2013,2,2013,True,0.0063894710538695,0.009991608560085297
5,30.09.2013,2,2013,True,0.0060063001537353,0.009214411489665508
5,01.10.2013,2,2013,True,0.0048360133983335,0.00937858410179615
5,02.10.2013,2,2013,True,0.0060062669490411,0.008952789008617401
5,03.10.2013,2,2013,True,0.0125358876488317,0.007634306326508522
5,04.10.2013,2,2013,True,0.0132935205767633,0.01018258836120367
5,07.10.2013,2,2013,True,0.0135232530545666,0.009970380924642086
5,08.10.2013,2,2013,True,0.0144713973252867,0.018250340595841408
5,09.10.2013,2,2013,True,0.0136974609004114,0.0183048564940691
5,10.10.2013,2,2013,True,0.006675500237042,0.016815343871712685
5,11.10.2013,2,2013,True,0.0081993656613473,0.02027895301580429
5,14.10.2013,2,2013,True,0.0086403947746407,0.019472312182188034
5,15.10.2013,2,2013,True,0.0116225452135124,0.018516073003411293
5,16.10.2013,2,2013,True,0.0094468932979915,0.014148768968880177
5,17.10.2013,2,2013,True,0.0091344881369178,0.013391866348683834
5,21.10.2013,2,2013,True,0.0164026743448499,0.01272084191441536
5,22.10.2013,2,2013,True,0.0164463306255269,0.009273490868508816
5,23.10.2013,2,2013,True,0.013122189773532,0.009976760484278202
5,24.10.2013,2,2013,True,0.0135256586284731,0.011279542930424213
5,25.10.2013,2,2013,True,0.0194715474857418,0.011382365599274635
5,28.10.2013,2,2013,True,0.0135559507651276,0.009898482821881771
5,29.10.2013,2,2013,True,0.0135800007096982,0.016672499477863312
5,30.10.2013,2,2013,True,0.0116700692183327,0.01879129558801651
5,31.10.2013,2,2013,True,0.0122875711780534,0.017291119322180748
5,01.11.2013,2,2013,True,0.0124033043695885,0.017196182161569595
5,04.11.2013,2,2013,True,0.0138152924733937,0.017028095200657845
5,05.11.2013,2,2013,True,0.0134010739401773,0.011299441568553448
5,06.11.2013,2,2013,True,0.014234310497314,0.01214186567813158
5,07.11.2013,2,2013,True,0.0086033735841318,0.010525897145271301
5,08.11.2013,2,2013,True,0.0086030839774625,0.011716959998011589
5,11.11.2013,2,2013,True,0.0120407977927697,0.012534260749816895
5,12.11.2013,2,2013,True,0.0120175772223023,0.011684313416481018
5,13.11.2013,2,2013,True,0.0133159281155167,0.013303382322192192
5,14.11.2013,2,2013,True,0.0128146825726639,0.014070607721805573
5,15.11.2013,2,2013,True,0.0128643020437859,0.0125949177891016
5,19.11.2013,2,2013,True,0.0082055122908252,0.011679458431899548
5,20.11.2013,2,2013,True,0.0080735027128029,0.007302413694560528
5,21.11.2013,2,2013,True,0.0087427723551993,0.0072202011942863464
5,22.11.2013,2,2013,True,0.0109782264654032,0.00774771673604846
5,25.11.2013,2,2013,True,0.0117424885917702,0.0070404973812401295
5,26.11.2013,2,2013,True,0.0124468883651392,0.009083953686058521
5,27.11.2013,2,2013,True,0.0130796856059611,0.009336813353002071
5,29.11.2013,2,2013,True,0.0105232652810828,0.009504739195108414
5,02.12.2013,2,2013,True,0.0120814274218189,0.010880498215556145
5,03.12.2013,2,2013,True,0.0096692304233405,0.012571373023092747
5,04.12.2013,2,2013,True,0.0103927226415528,0.013352635316550732
5,05.12.2013,2,2013,True,0.0105444903927452,0.013856073841452599
5,06.12.2013,2,2013,True,0.0096967691809419,0.014047942124307156
5,09.12.2013,2,2013,True,0.0087193161705878,0.0134318508207798
5,10.12.2013,2,2013,True,0.0087482484684447,0.01199761126190424
5,11.12.2013,2,2013,True,0.0088117983811185,0.009119139984250069
5,12.12.2013,2,2013,True,0.0078550723583805,0.010548525489866734
5,13.12.2013,2,2013,True,0.0084208946080929,0.010639014653861523
5,16.12.2013,2,2013,True,0.0063023112476234,0.011807483620941639
5,17.12.2013,2,2013,True,0.0061705750021904,0.008075660094618797
5,19.12.2013,2,2013,True,0.0058402919775116,0.0067837974056601524
5,20.12.2013,2,2013,True,0.0046600830379985,0.009245038963854313
5,23.12.2013,2,2013,True,0.0048132900601037,0.009148094803094864
5,24.12.2013,2,2013,True,0.0119893687658279,0.013614030554890633
5,26.12.2013,2,2013,True,0.0110888861554179,0.01327658910304308
5,27.12.2013,2,2013,True,0.0103402157693091,0.01290327962487936
5,30.12.2013,2,2013,True,0.0125726323492284,0.013364353217184544
5,31.12.2013,2,2013,True,0.0127209608336051,0.015949320048093796
22,02.01.2013,2,2013,True,0.0073550586721884,0.014521963894367218
22,03.01.2013,2,2013,True,0.0074250448626855,0.014515555463731289
22,04.01.2013,2,2013,True,0.0071373890177702,0.014567448757588863
22,07.01.2013,2,2013,True,0.0071454886848949,0.014515555463731289
22,08.01.2013,2,2013,True,0.0075586478883866,0.015518343076109886
22,09.01.2013,2,2013,True,0.0077617380732279,0.015292016789317131
22,10.01.2013,2,2013,True,0.0077663033564777,0.01534391101449728
22,11.01.2013,2,2013,True,0.007143767632499,0.015436605550348759
22,14.01.2013,2,2013,True,0.0069725705666795,0.015216217376291752
22,15.01.2013,2,2013,True,0.0059131182652563,0.020997563377022743
22,16.01.2013,2,2013,True,0.0064669775049302,0.02116995118558407
22,17.01.2013,2,2013,True,0.0076470192085624,0.02112525701522827
22,18.01.2013,2,2013,True,0.008761764878111,0.02121795155107975
22,22.01.2013,2,2013,True,0.00814927409704,0.02121795155107975
22,23.01.2013,2,2013,True,0.0081434192263617,0.014567292295396328
22,24.01.2013,2,2013,True,0.0087693581120062,0.014546540565788746
22,25.01.2013,2,2013,True,0.0089040391459325,0.014546540565788746
22,28.01.2013,2,2013,True,0.0089238846386208,0.014639235101640224
22,29.01.2013,2,2013,True,0.0088645601497506,0.015194465406239033
22,30.01.2013,2,2013,True,0.0087538582870147,0.015011325478553772
22,31.01.2013,2,2013,True,0.0092423898680744,0.015087124891579151
22,01.02.2013,2,2013,True,0.0088656323423536,0.015011325478553772
22,04.02.2013,2,2013,True,0.0087160798514167,0.015011325478553772
22,05.02.2013,2,2013,True,0.0084424363391887,0.01557446550577879
22,06.02.2013,2,2013,True,0.0084217435240235,0.01557446550577879
22,07.02.2013,2,2013,True,0.0082905188248754,0.015702160075306892
22,08.02.2013,2,2013,True,0.0074875803159048,0.015656674280762672
22,11.02.2013,2,2013,True,0.0079161914123321,0.01574685424566269
22,12.02.2013,2,2013,True,0.0077499605654737,0.020466510206460953
22,13.02.2013,2,2013,True,0.0082439002387981,0.02054871805012226
22,14.02.2013,2,2013,True,0.0089270013463744,0.02068689838051796
22,15.02.2013,2,2013,True,0.0090235230271408,0.02068689838051796
22,19.02.2013,2,2013,True,0.0090586667605937,0.02068689838051796
22,20.02.2013,2,2013,True,0.0087903800269433,0.016106460243463516
22,21.02.2013,2,2013,True,0.00859916315957,0.016346266493201256
22,22.02.2013,2,2013,True,0.0085353227330697,0.016346266493201256
22,25.02.2013,2,2013,True,0.0085360818669759,0.01618225872516632
22,26.02.2013,2,2013,True,0.0083121913147446,0.016934623941779137
22,27.02.2013,2,2013,True,0.0081995597119065,0.017089897766709328
22,28.02.2013,2,2013,True,0.010710869642849,0.016882728785276413
22,01.03.2013,2,2013,True,0.0106654215668787,0.016889138147234917
22,04.03.2013,2,2013,True,0.0114402896874643,0.016882728785276413
22,05.03.2013,2,2013,True,0.0109991646656303,0.01561778225004673
22,06.03.2013,2,2013,True,0.0116208694106644,0.01573827490210533
22,07.03.2013,2,2013,True,0.011611442165795,0.015565886162221432
22,08.03.2013,2,2013,True,0.0119009849646924,0.01571047678589821
22,11.03.2013,2,2013,True,0.0120219537640774,0.01561778225004673
22,12.03.2013,2,2013,True,0.0130405061759501,0.016463538631796837
22,13.03.2013,2,2013,True,0.0129835477912911,0.01653933711349964
22,14.03.2013,2,2013,True,0.012742904555836,0.016463538631796837
22,15.03.2013,2,2013,True,0.012838597008496,0.016463538631796837
22,19.03.2013,2,2013,True,0.0126374255857762,0.016683926805853844
22,20.03.2013,2,2013,True,0.0124207818964672,0.01441587507724762
22,21.03.2013,2,2013,True,0.0123045772680735,0.014218551106750965
22,22.03.2013,2,2013,True,0.0128064354628036,0.014218551106750965
22,25.03.2013,2,2013,True,0.0133521908544215,0.014342986047267914
22,26.03.2013,2,2013,True,0.0130334217491445,0.014402867294847965
22,27.03.2013,2,2013,True,0.0131194136477967,0.014233581721782684
22,28.03.2013,2,2013,True,0.0132781455506948,0.014416721649467945
22,01.04.2013,2,2013,True,0.0136491503219128,0.014416721649467945
22,02.04.2013,2,2013,True,0.0153984486769606,0.013922278769314289
22,03.04.2013,2,2013,True,0.0142704928844872,0.01410541869699955
22,04.04.2013,2,2013,True,0.0144797164236829,0.01466152910143137
22,05.04.2013,2,2013,True,0.0139090053891861,0.014288350008428097
22,08.04.2013,2,2013,True,0.0138635218086711,0.014579159207642078
22,09.04.2013,2,2013,True,0.0134584601688623,0.0154213672503829
22,10.04.2013,2,2013,True,0.0134756689488047,0.015375164337456226
22,11.04.2013,2,2013,True,0.0133111507518808,0.01571490615606308
22,12.04.2013,2,2013,True,0.0131078869977375,0.01556469313800335
22,15.04.2013,2,2013,True,0.0118662295888047,0.01550140231847763
22,16.04.2013,2,2013,True,0.0118599782497821,0.014861185103654861
22,17.04.2013,2,2013,True,0.011865858456843,0.014484569430351257
22,18.04.2013,2,2013,True,0.0114660393848373,0.014794081449508667
22,19.04.2013,2,2013,True,0.0114441063910229,0.014463135972619057
22,22.04.2013,2,2013,True,0.0117810312882006,0.014423505403101444
22,23.04.2013,2,2013,True,0.0117876678710967,0.015217849053442478
22,24.04.2013,2,2013,True,0.0114238726046052,0.01558411680161953
22,25.04.2013,2,2013,True,0.011358642218979,0.015361960977315903
22,26.04.2013,2,2013,True,0.0119673129263975,0.015508659183979034
22,29.04.2013,2,2013,True,0.0118816520906964,0.015442422591149807
22,30.04.2013,2,2013,True,0.0121091251870781,0.015096239745616913
22,01.05.2013,2,2013,True,0.0114986544185609,0.015411116182804108
22,02.05.2013,2,2013,True,0.0100235040466823,0.015428422018885612
22,03.05.2013,2,2013,True,0.009614307317443,0.015866719186306
22,06.05.2013,2,2013,True,0.0092996200017074,0.01582583598792553
22,07.05.2013,2,2013,True,0.0092877966124543,0.017467644065618515
22,08.05.2013,2,2013,True,0.009372960159992,0.017467644065618515
22,09.05.2013,2,2013,True,0.0095765727217601,0.01801084168255329
22,10.05.2013,2,2013,True,0.0095923808677933,0.016889911144971848
22,13.05.2013,2,2013,True,0.0094281674346789,0.016883501783013344
22,14.05.2013,2,2013,True,0.009408190853681,0.01629691570997238
22,15.05.2013,2,2013,True,0.0097816973605806,0.01637912355363369
22,16.05.2013,2,2013,True,0.0097816555109683,0.01622106321156025
22,17.05.2013,2,2013,True,0.0128620852951885,0.01647181808948517
22,20.05.2013,2,2013,True,0.0130922492738689,0.01647181808948517
22,21.05.2013,2,2013,True,0.0131001806499754,0.015590882860124111
22,22.05.2013,2,2013,True,0.0128522065156249,0.015498186461627483
22,23.05.2013,2,2013,True,0.012886078207787,0.015360531397163868
22,24.05.2013,2,2013,True,0.0131194389691209,0.015392806380987167
22,28.05.2013,2,2013,True,0.0127270297687113,0.015392806380987167
22,29.05.2013,2,2013,True,0.0123094998472123,0.016392191872000694
22,30.05.2013,2,2013,True,0.0124541783385579,0.01655309647321701
22,31.05.2013,2,2013,True,0.012176522156247,0.01621825434267521
22,03.06.2013,2,2013,True,0.0122855572714544,0.016116484999656677
22,04.06.2013,2,2013,True,0.0121601089320489,0.01679736189544201
22,05.06.2013,2,2013,True,0.0121357352563988,0.016762414947152138
22,06.06.2013,2,2013,True,0.0121504050342283,0.016808373853564262
22,07.06.2013,2,2013,True,0.0121997793967962,0.016680680215358734
22,10.06.2013,2,2013,True,0.0122210564398301,0.016668928787112236
22,11.06.2013,2,2013,True,0.0119410152281227,0.01591518707573414
22,12.06.2013,2,2013,True,0.0119280986978735,0.01591518707573414
22,13.06.2013,2,2013,True,0.0118935188621422,0.015990985557436943
22,14.06.2013,2,2013,True,0.0122624015803358,0.01591518707573414
22,18.06.2013,2,2013,True,0.0118063786198483,0.016135575249791145
22,19.06.2013,2,2013,True,0.0118112476335594,0.015527482144534588
22,20.06.2013,2,2013,True,0.0085119047571811,0.015428781509399414
22,21.06.2013,2,2013,True,0.0078863567163734,0.015148802660405636
22,24.06.2013,2,2013,True,0.0080432037292444,0.014944790862500668
22,25.06.2013,2,2013,True,0.0080349303669256,0.015908023342490196
22,26.06.2013,2,2013,True,0.0081951741594979,0.01610139012336731
22,27.06.2013,2,2013,True,0.0080278216564193,0.016066521406173706
22,28.06.2013,2,2013,True,0.0083821366691973,0.016062406823039055
22,01.07.2013,2,2013,True,0.0084946820514264,0.016062406823039055
22,02.07.2013,2,2013,True,0.0084002071785375,0.02160695008933544
22,03.07.2013,2,2013,True,0.0078338347496158,0.02160695008933544
22,05.07.2013,2,2013,True,0.0069748679689901,0.02184675633907318
22,08.07.2013,2,2013,True,0.0071141309665202,0.02164241299033165
22,09.07.2013,2,2013,True,0.0077378392300027,0.015964325517416
22,10.07.2013,2,2013,True,0.0077552169895512,0.0160928163677454
22,11.07.2013,2,2013,True,0.0077317257173933,0.01601060852408409
22,12.07.2013,2,2013,True,0.007487316429603,0.016086461022496223
22,15.07.2013,2,2013,True,0.0076541535688009,0.01601060852408409
22,16.07.2013,2,2013,True,0.0076411759831496,0.015111742541193962
22,17.07.2013,2,2013,True,0.0079292120006861,0.015111742541193962
22,19.07.2013,2,2013,True,0.0074955027897196,0.015280288644134998
22,22.07.2013,2,2013,True,0.0074955288993037,0.014963020570576191
22,23.07.2013,2,2013,True,0.0077641277753691,0.015202106907963753
22,24.07.2013,2,2013,True,0.0073077961836283,0.015109412372112274
22,25.07.2013,2,2013,True,0.0098208392323293,0.014981718733906746
22,26.07.2013,2,2013,True,0.0102986938188597,0.015109412372112274
22,29.07.2013,2,2013,True,0.0108731594929836,0.015063927508890629
22,30.07.2013,2,2013,True,0.011102193886464,0.016028931364417076
22,31.07.2013,2,2013,True,0.0113418313146021,0.015977036207914352
22,01.08.2013,2,2013,True,0.0110993982440674,0.015901237726211548
22,02.08.2013,2,2013,True,0.0109701783805435,0.016141043975949287
22,05.08.2013,2,2013,True,0.010961215685622,0.015977036207914352
22,06.08.2013,2,2013,True,0.0119942730685207,0.016929008066654205
22,07.08.2013,2,2013,True,0.0129364642154916,0.01687711291015148
22,08.08.2013,2,2013,True,0.0127903809316248,0.016801314428448677
22,09.08.2013,2,2013,True,0.0126264577227829,0.016801314428448677
22,12.08.2013,2,2013,True,0.0125752608357108,0.016973702237010002
22,13.08.2013,2,2013,True,0.0132609404790509,0.015278291888535023
22,14.08.2013,2,2013,True,0.0137266398271601,0.015278291888535023
22,15.08.2013,2,2013,True,0.0136303229557634,0.015405986458063126
22,16.08.2013,2,2013,True,0.0137588980583828,0.015278291888535023
22,20.08.2013,2,2013,True,0.0136899080928682,0.015498681925237179
22,21.08.2013,2,2013,True,0.0136887271960766,0.014379291795194149
22,22.08.2013,2,2013,True,0.0138150613323258,0.014431185089051723
22,23.08.2013,2,2013,True,0.0136447315771261,0.014523879624903202
22,26.08.2013,2,2013,True,0.0136424905177488,0.014379291795194149
22,27.08.2013,2,2013,True,0.0114500120234045,0.015373928472399712
22,28.08.2013,2,2013,True,0.0108262681747088,0.01561132911592722
22,29.08.2013,2,2013,True,0.0106165691100625,0.01642613485455513
22,30.08.2013,2,2013,True,0.0105693354186064,0.015505422838032246
22,03.09.2013,2,2013,True,0.0099641158756998,0.01534692570567131
22,04.09.2013,2,2013,True,0.0100175023699658,0.014837437309324741
22,05.09.2013,2,2013,True,0.0100968286617774,0.01518342737108469
22,06.09.2013,2,2013,True,0.0114952196910095,0.015413306653499603
22,09.09.2013,2,2013,True,0.0107003549460148,0.015195385552942753
22,10.09.2013,2,2013,True,0.0096315907474069,0.01578909158706665
22,11.09.2013,2,2013,True,0.0098318673144916,0.015518066473305225
22,12.09.2013,2,2013,True,0.0097397944255032,0.015427147038280964
22,13.09.2013,2,2013,True,0.009736661463957,0.015344937331974506
22,18.09.2013,2,2013,True,0.0091643612044914,0.015427147038280964
22,19.09.2013,2,2013,True,0.0084209759202973,0.017129814252257347
22,20.09.2013,2,2013,True,0.0094272604473113,0.01743958704173565
22,23.09.2013,2,2013,True,0.0093363595486731,0.017281988635659218
22,24.09.2013,2,2013,True,0.0092714692245435,0.016129935160279274
22,25.09.2013,2,2013,True,0.0107222556861888,0.016438286751508713
22,26.09.2013,2,2013,True,0.0106540636182093,0.016354506835341454
22,27.09.2013,2,2013,True,0.0107128186853078,0.016129935160279274
22,30.09.2013,2,2013,True,0.0109026729752677,0.015714334324002266
22,01.10.2013,2,2013,True,0.0123627558169699,0.01525073405355215
22,02.10.2013,2,2013,True,0.0120873305886012,0.01525073405355215
22,03.10.2013,2,2013,True,0.0121861457288712,0.01506759412586689
22,04.10.2013,2,2013,True,0.0121196422101694,0.0150598818436265
22,07.10.2013,2,2013,True,0.0125107337390954,0.01525073405355215
22,08.10.2013,2,2013,True,0.0130501342279427,0.016638215631246567
22,09.10.2013,2,2013,True,0.0132632111189172,0.016401877626776695
22,10.10.2013,2,2013,True,0.0119508197858698,0.01615101657807827
22,11.10.2013,2,2013,True,0.0123457854493105,0.016515931114554405
22,14.10.2013,2,2013,True,0.0127465407696719,0.016488954424858093
22,15.10.2013,2,2013,True,0.0125971281578569,0.016540849581360817
22,16.10.2013,2,2013,True,0.0128043132236158,0.01643207296729088
22,17.10.2013,2,2013,True,0.013060087227128,0.016350338235497475
22,21.10.2013,2,2013,True,0.0134711055789184,0.01647724024951458
22,22.10.2013,2,2013,True,0.0135843201510546,0.014237478375434875
22,23.10.2013,2,2013,True,0.0128056074910781,0.01450753677636385
22,24.10.2013,2,2013,True,0.0126657774851289,0.014563069678843021
22,25.10.2013,2,2013,True,0.0126646240911286,0.01431921124458313
22,28.10.2013,2,2013,True,0.0120389191152113,0.014600231312215328
22,29.10.2013,2,2013,True,0.0124300811419596,0.018053948879241943
22,30.10.2013,2,2013,True,0.0125122183922139,0.017864255234599113
22,31.10.2013,2,2013,True,0.0124165935544078,0.017864255234599113
22,01.11.2013,2,2013,True,0.0108961574489665,0.017864255234599113
22,04.11.2013,2,2013,True,0.0109210068238723,0.01737035997211933
22,05.11.2013,2,2013,True,0.0117145098499704,0.015429375693202019
22,06.11.2013,2,2013,True,0.0117076507028762,0.015422966331243515
22,07.11.2013,2,2013,True,0.0109278347523612,0.015428582206368446
22,08.11.2013,2,2013,True,0.0107993635709006,0.015662774443626404
22,11.11.2013,2,2013,True,0.0105374535502457,0.015867112204432487
22,12.11.2013,2,2013,True,0.010830583409137,0.015551458112895489
22,13.11.2013,2,2013,True,0.0105898821175613,0.016252968460321426
22,14.11.2013,2,2013,True,0.0102650228569171,0.016124477609992027
22,15.11.2013,2,2013,True,0.0106082816350166,0.015981992706656456
22,19.11.2013,2,2013,True,0.0099873187374801,0.016205893829464912
22,20.11.2013,2,2013,True,0.0098029710749773,0.01393639575690031
22,21.11.2013,2,2013,True,0.0090439861085308,0.01379228476434946
22,22.11.2013,2,2013,True,0.0088708595747144,0.014083093963563442
22,25.11.2013,2,2013,True,0.0090822911053458,0.01379228476434946
22,26.11.2013,2,2013,True,0.0091152901670714,0.015723034739494324
22,27.11.2013,2,2013,True,0.0107932292881847,0.015949096530675888
22,29.11.2013,2,2013,True,0.0105039661518271,0.015763796865940094
22,02.12.2013,2,2013,True,0.009786142689537,0.015607483685016632
22,03.12.2013,2,2013,True,0.009552727063513,0.016092492267489433
22,04.12.2013,2,2013,True,0.0095017406978621,0.015927786007523537
22,05.12.2013,2,2013,True,0.0094745291554404,0.01598649099469185
22,06.12.2013,2,2013,True,0.0095787344727798,0.01598649099469185
22,09.12.2013,2,2013,True,0.0087014600183554,0.015893004834651947
22,10.12.2013,2,2013,True,0.0087113398508777,0.016537247225642204
22,11.12.2013,2,2013,True,0.0088439391013767,0.01642434298992157
22,12.12.2013,2,2013,True,0.008645014490238,0.01633164845407009
22,13.12.2013,2,2013,True,0.0086324528843079,0.016203954815864563
22,16.12.2013,2,2013,True,0.0083418913677218,0.01633164845407009
22,17.12.2013,2,2013,True,0.0084223503222738,0.01515605952590704
22,19.12.2013,2,2013,True,0.008464735050181,0.015128262341022491
22,20.12.2013,2,2013,True,0.008088412979004,0.01493741013109684
22,23.12.2013,2,2013,True,0.0083054738383308,0.014792821370065212
22,24.12.2013,2,2013,True,0.0083369574147939,0.01784825511276722
22,26.12.2013,2,2013,True,0.0083399751091995,0.01784825511276722
22,27.12.2013,2,2013,True,0.0087300965272301,0.017940949648618698
22,30.12.2013,2,2013,True,0.0086210262448263,0.01784825511276722
22,31.12.2013,2,2013,True,0.0086146029421024,0.013933336362242699
66,02.01.2013,2,2013,True,0.0093818700620437,0.016967907547950745
66,03.01.2013,2,2013,True,0.0095262104584456,0.016967907547950745
66,04.01.2013,2,2013,True,0.0095757133192196,0.016967907547950745
66,07.01.2013,2,2013,True,0.0100757217855641,0.016967907547950745
66,08.01.2013,2,2013,True,0.0100452248358639,0.01757381483912468
66,09.01.2013,2,2013,True,0.0100472892860936,0.01757381483912468
66,10.01.2013,2,2013,True,0.0101265722623555,0.01757381483912468
66,11.01.2013,2,2013,True,0.0100942134638718,0.01757381483912468
66,14.01.2013,2,2013,True,0.0100318628838887,0.01757381483912468
66,15.01.2013,2,2013,True,0.0099081849616889,0.01777571439743042
66,16.01.2013,2,2013,True,0.0100776654353776,0.01777571439743042
66,17.01.2013,2,2013,True,0.0103084104344037,0.01777571439743042
66,18.01.2013,2,2013,True,0.0103090320284354,0.01777571439743042
66,22.01.2013,2,2013,True,0.0101234074612753,0.01777571439743042
66,23.01.2013,2,2013,True,0.010227203514572,0.01759275048971176
66,24.01.2013,2,2013,True,0.0105671386564296,0.01759275048971176
66,25.01.2013,2,2013,True,0.0112128694078234,0.01759275048971176
66,28.01.2013,2,2013,True,0.0113460467046315,0.01759275048971176
66,29.01.2013,2,2013,True,0.0114124207421569,0.016877688467502594
66,30.01.2013,2,2013,True,0.0114394624627303,0.016877688467502594
66,31.01.2013,2,2013,True,0.0114057039120575,0.016877688467502594
66,01.02.2013,2,2013,True,0.0113131984078451,0.016877688467502594
66,04.02.2013,2,2013,True,0.0112753373412844,0.016877688467502594
66,05.02.2013,2,2013,True,0.0112640882750602,0.01755901612341404
66,06.02.2013,2,2013,True,0.0112546367938658,0.01755901612341404
66,07.02.2013,2,2013,True,0.0113322677346934,0.01755901612341404
66,08.02.2013,2,2013,True,0.0111634015498728,0.01755901612341404
66,11.02.2013,2,2013,True,0.0111506132565392,0.01755901612341404
66,12.02.2013,2,2013,True,0.0111243740938626,0.017896262928843498
66,13.02.2013,2,2013,True,0.0111302289949345,0.017896262928843498
66,14.02.2013,2,2013,True,0.0112067528752724,0.017896262928843498
66,15.02.2013,2,2013,True,0.011203700159921,0.017896262928843498
66,19.02.2013,2,2013,True,0.0111829627409641,0.017896262928843498
66,20.02.2013,2,2013,True,0.0112380208051389,0.01777571439743042
66,21.02.2013,2,2013,True,0.0112236477282902,0.01777571439743042
66,22.02.2013,2,2013,True,0.0111939140594652,0.01777571439743042
66,25.02.2013,2,2013,True,0.011351635916211,0.01777571439743042
66,26.02.2013,2,2013,True,0.0114534062252025,0.016967907547950745
66,27.02.2013,2,2013,True,0.011538924440512,0.016967907547950745
66,28.02.2013,2,2013,True,0.0115324969122651,0.016967907547950745
66,01.03.2013,2,2013,True,0.0115211934811056,0.016967907547950745
66,04.03.2013,2,2013,True,0.0115852475070153,0.016967907547950745
66,05.03.2013,2,2013,True,0.0114582978376514,0.016967907547950745
66,06.03.2013,2,2013,True,0.0114964134484519,0.016967907547950745
66,07.03.2013,2,2013,True,0.011520039588932,0.016967907547950745
66,08.03.2013,2,2013,True,0.0115642864533325,0.016967907547950745
66,11.03.2013,2,2013,True,0.011549921340606,0.016967907547950745
66,12.03.2013,2,2013,True,0.0117303055226826,0.01777571439743042
66,13.03.2013,2,2013,True,0.0116666377239254,0.01777571439743042
66,14.03.2013,2,2013,True,0.0125076501806971,0.01777571439743042
66,15.03.2013,2,2013,True,0.0125825922488452,0.01777571439743042
66,19.03.2013,2,2013,True,0.0124179745971332,0.01777571439743042
66,20.03.2013,2,2013,True,0.0123193892515057,0.016605840995907784
66,21.03.2013,2,2013,True,0.0122640518417714,0.016605840995907784
66,22.03.2013,2,2013,True,0.0123517710964824,0.016605840995907784
66,25.03.2013,2,2013,True,0.012352818778916,0.016605840995907784
66,26.03.2013,2,2013,True,0.0123169380799189,0.016877688467502594
66,27.03.2013,2,2013,True,0.0123765466745269,0.016877688467502594
66,28.03.2013,2,2013,True,0.0125566944027243,0.016877688467502594
66,01.04.2013,2,2013,True,0.0127117002773531,0.016877688467502594
66,02.04.2013,2,2013,True,0.0127090684154534,0.016490159556269646
66,03.04.2013,2,2013,True,0.0120532685778533,0.016490159556269646
66,04.04.2013,2,2013,True,0.012043239528338,0.016490159556269646
66,05.04.2013,2,2013,True,0.0117820609987329,0.016490159556269646
66,08.04.2013,2,2013,True,0.0118260055197291,0.016490159556269646
66,09.04.2013,2,2013,True,0.0116932984913991,0.016563044860959053
66,10.04.2013,2,2013,True,0.0116830708126654,0.016500862315297127
66,11.04.2013,2,2013,True,0.0115328595621978,0.016563044860959053
66,12.04.2013,2,2013,True,0.0115439403640087,0.016563044860959053
66,15.04.2013,2,2013,True,0.0110226109330942,0.016563044860959053
66,16.04.2013,2,2013,True,0.0110224081901642,0.016877688467502594
66,17.04.2013,2,2013,True,0.0111299946000567,0.016877688467502594
66,18.04.2013,2,2013,True,0.0110111343429101,0.01666448451578617
66,19.04.2013,2,2013,True,0.0110218944537383,0.016877688467502594
66,22.04.2013,2,2013,True,0.0109955383440285,0.016877688467502594
66,23.04.2013,2,2013,True,0.0110187467764981,0.01759275048971176
66,24.04.2013,2,2013,True,0.0109268080314726,0.01759275048971176
66,25.04.2013,2,2013,True,0.0109392698645323,0.01759275048971176
66,26.04.2013,2,2013,True,0.0109592049741051,0.0176943838596344
66,29.04.2013,2,2013,True,0.0109443889748858,0.0176943838596344
66,30.04.2013,2,2013,True,0.0108127282789142,0.017675448209047318
66,01.05.2013,2,2013,True,0.0104080619166861,0.017675448209047318
66,02.05.2013,2,2013,True,0.0098703230770538,0.01757381483912468
66,03.05.2013,2,2013,True,0.0098985660387283,0.017721660435199738
66,06.05.2013,2,2013,True,0.0098256306838543,0.017721660435199738
66,07.05.2013,2,2013,True,0.0097752018910185,0.017923559993505478
66,08.05.2013,2,2013,True,0.0097792737201727,0.017923559993505478
66,09.05.2013,2,2013,True,0.0098214916262031,0.017923559993505478
66,10.05.2013,2,2013,True,0.0097899784480204,0.017877347767353058
66,13.05.2013,2,2013,True,0.0097671767938629,0.017877347767353058
66,14.05.2013,2,2013,True,0.0097726387993012,0.01777571439743042
66,15.05.2013,2,2013,True,0.0097011224299811,0.01777571439743042
66,16.05.2013,2,2013,True,0.009770420784241,0.01777571439743042
66,17.05.2013,2,2013,True,0.0097793100292342,0.01777571439743042
66,20.05.2013,2,2013,True,0.0105079175986436,0.01777571439743042
66,21.05.2013,2,2013,True,0.0107391173379139,0.016877688467502594
66,22.05.2013,2,2013,True,0.0107355254304436,0.016877688467502594
66,23.05.2013,2,2013,True,0.0108260458269591,0.016877688467502594
66,24.05.2013,2,2013,True,0.0109422501184122,0.016877688467502594
66,28.05.2013,2,2013,True,0.0108581619928488,0.016877688467502594
66,29.05.2013,2,2013,True,0.0105992957763989,0.017896262928843498
66,30.05.2013,2,2013,True,0.0106089696315005,0.017896262928843498
66,31.05.2013,2,2013,True,0.0107044461230902,0.017896262928843498
66,03.06.2013,2,2013,True,0.0109410621946506,0.017896262928843498
66,04.06.2013,2,2013,True,0.0108675308211698,0.01777571439743042
66,05.06.2013,2,2013,True,0.0109153352806123,0.01777571439743042
66,06.06.2013,2,2013,True,0.0109028972951237,0.01777571439743042
66,07.06.2013,2,2013,True,0.011153214177962,0.01777571439743042
66,10.06.2013,2,2013,True,0.0113338296508179,0.01777571439743042
66,11.06.2013,2,2013,True,0.0112687968684971,0.017679564654827118
66,12.06.2013,2,2013,True,0.0113314368719123,0.017679564654827118
66,13.06.2013,2,2013,True,0.011310922390285,0.017679564654827118
66,14.06.2013,2,2013,True,0.0113194559964773,0.017679564654827118
66,18.06.2013,2,2013,True,0.0111859821197433,0.017679564654827118
66,19.06.2013,2,2013,True,0.0112083109393884,0.01755901612341404
66,20.06.2013,2,2013,True,0.0101322249383097,0.01755901612341404
66,21.06.2013,2,2013,True,0.0100183591403667,0.017660649493336678
66,24.06.2013,2,2013,True,0.0101000011656448,0.017660649493336678
66,25.06.2013,2,2013,True,0.0101062920969085,0.017877347767353058
66,26.06.2013,2,2013,True,0.0101075029038666,0.017877347767353058
66,27.06.2013,2,2013,True,0.0100271966956269,0.01777571439743042
66,28.06.2013,2,2013,True,0.0099923698129155,0.01777571439743042
66,01.07.2013,2,2013,True,0.0100463151201817,0.01777571439743042
66,02.07.2013,2,2013,True,0.0104166845814904,0.01777571439743042
66,03.07.2013,2,2013,True,0.0102530438081522,0.01777571439743042
66,05.07.2013,2,2013,True,0.0100198596341269,0.01777571439743042
66,08.07.2013,2,2013,True,0.0100917755196324,0.01777571439743042
66,09.07.2013,2,2013,True,0.010130116885771,0.01755901612341404
66,10.07.2013,2,2013,True,0.0101021913931509,0.01755901612341404
66,11.07.2013,2,2013,True,0.0101752369217497,0.01755901612341404
66,12.07.2013,2,2013,True,0.0101088760616268,0.01755901612341404
66,15.07.2013,2,2013,True,0.0104015282865262,0.01755901612341404
66,16.07.2013,2,2013,True,0.0104336190508344,0.016877688467502594
66,17.07.2013,2,2013,True,0.0104336548423777,0.016877688467502594
66,19.07.2013,2,2013,True,0.0107792961464893,0.016877688467502594
66,22.07.2013,2,2013,True,0.0108018686635269,0.016877688467502594
66,23.07.2013,2,2013,True,0.0108391377178815,0.01757381483912468
66,24.07.2013,2,2013,True,0.0108078200491245,0.01757381483912468
66,25.07.2013,2,2013,True,0.0113126590842051,0.01757381483912468
66,26.07.2013,2,2013,True,0.0113072029947257,0.01757381483912468
66,29.07.2013,2,2013,True,0.0113484507131093,0.01757381483912468
66,30.07.2013,2,2013,True,0.0113332628076081,0.017896262928843498
66,31.07.2013,2,2013,True,0.0114790010877343,0.017896262928843498
66,01.08.2013,2,2013,True,0.0114556139064839,0.017896262928843498
66,02.08.2013,2,2013,True,0.011545588443204,0.017896262928843498
66,05.08.2013,2,2013,True,0.0115609948158774,0.017896262928843498
66,06.08.2013,2,2013,True,0.0116524170537703,0.01755901612341404
66,07.08.2013,2,2013,True,0.0117354366496355,0.01755901612341404
66,08.08.2013,2,2013,True,0.0117003892743128,0.01755901612341404
66,09.08.2013,2,2013,True,0.0117173784394162,0.01755901612341404
66,12.08.2013,2,2013,True,0.0117605811793225,0.01755901612341404
66,13.08.2013,2,2013,True,0.0119446540366626,0.01755901612341404
66,14.08.2013,2,2013,True,0.0119859448701201,0.01755901612341404
66,15.08.2013,2,2013,True,0.0119431588627307,0.01755901612341404
66,16.08.2013,2,2013,True,0.011943667749928,0.01755901612341404
66,20.08.2013,2,2013,True,0.0118975034766857,0.01755901612341404
66,21.08.2013,2,2013,True,0.0120306123263462,0.016967907547950745
66,22.08.2013,2,2013,True,0.0121892560688002,0.016967907547950745
66,23.08.2013,2,2013,True,0.0121908432908256,0.016967907547950745
66,26.08.2013,2,2013,True,0.0122142006782513,0.016967907547950745
66,27.08.2013,2,2013,True,0.0115757477961756,0.017578618600964546
66,28.08.2013,2,2013,True,0.0113319380147289,0.017578618600964546
66,29.08.2013,2,2013,True,0.0114911273399075,0.017578618600964546
66,30.08.2013,2,2013,True,0.0114329238124186,0.017578618600964546
66,03.09.2013,2,2013,True,0.0112842269231431,0.017578618600964546
66,04.09.2013,2,2013,True,0.0113113552096684,0.01667872630059719
66,05.09.2013,2,2013,True,0.0113047038248339,0.01667872630059719
66,06.09.2013,2,2013,True,0.0114269863171335,0.01667872630059719
66,09.09.2013,2,2013,True,0.0111466006740255,0.01667872630059719
66,10.09.2013,2,2013,True,0.0108181374507717,0.017694363370537758
66,11.09.2013,2,2013,True,0.0109409486276025,0.017694363370537758
66,12.09.2013,2,2013,True,0.0108708156322802,0.017694363370537758
66,13.09.2013,2,2013,True,0.0108764325229588,0.017694363370537758
66,18.09.2013,2,2013,True,0.0106029117796869,0.017694363370537758
66,19.09.2013,2,2013,True,0.0103900499915662,0.017660649493336678
66,20.09.2013,2,2013,True,0.0104396761500777,0.017706861719489098
66,23.09.2013,2,2013,True,0.0103766027029485,0.017706861719489098
66,24.09.2013,2,2013,True,0.0109197957338561,0.01774059608578682
66,25.09.2013,2,2013,True,0.0109608113639929,0.01774059608578682
66,26.09.2013,2,2013,True,0.0109115512956998,0.01774059608578682
66,27.09.2013,2,2013,True,0.0109193449595202,0.01774059608578682
66,30.09.2013,2,2013,True,0.0109178809274264,0.01759275048971176
66,01.10.2013,2,2013,True,0.0109415521545069,0.016490159556269646
66,02.10.2013,2,2013,True,0.0108926149172539,0.016490159556269646
66,03.10.2013,2,2013,True,0.0109046702033229,0.016490159556269646
66,04.10.2013,2,2013,True,0.0108962066457657,0.016490159556269646
66,07.10.2013,2,2013,True,0.0109299632033575,0.016490159556269646
66,08.10.2013,2,2013,True,0.0109140112669034,0.017896262928843498
66,09.10.2013,2,2013,True,0.0108477527827453,0.017896262928843498
66,10.10.2013,2,2013,True,0.0104873472122374,0.017896262928843498
66,11.10.2013,2,2013,True,0.0105001101542134,0.017896262928843498
66,14.10.2013,2,2013,True,0.010505814486722,0.017896262928843498
66,15.10.2013,2,2013,True,0.0105250719700868,0.017896262928843498
66,16.10.2013,2,2013,True,0.0105085822140125,0.01755901612341404
66,17.10.2013,2,2013,True,0.0105221517497916,0.01755901612341404
66,21.10.2013,2,2013,True,0.0104223560754333,0.01755901612341404
66,22.10.2013,2,2013,True,0.0105596801845623,0.01759275048971176
66,23.10.2013,2,2013,True,0.0102841371972375,0.01759275048971176
66,24.10.2013,2,2013,True,0.0102476350360873,0.01759275048971176
66,25.10.2013,2,2013,True,0.0102631491290616,0.01759275048971176
66,28.10.2013,2,2013,True,0.0098484463155933,0.01759275048971176
66,29.10.2013,2,2013,True,0.0102008805949521,0.01777571439743042
66,30.10.2013,2,2013,True,0.0102102146072167,0.01777571439743042
66,31.10.2013,2,2013,True,0.0101460415941128,0.01777571439743042
66,01.11.2013,2,2013,True,0.0095568672853311,0.01777571439743042
66,04.11.2013,2,2013,True,0.0095519651044723,0.01777571439743042
66,05.11.2013,2,2013,True,0.0094877388335552,0.016967907547950745
66,06.11.2013,2,2013,True,0.0096731924862868,0.016967907547950745
66,07.11.2013,2,2013,True,0.0094193087877529,0.016967907547950745
66,08.11.2013,2,2013,True,0.0092512879875041,0.016967907547950745
66,11.11.2013,2,2013,True,0.0091770567635728,0.016967907547950745
66,12.11.2013,2,2013,True,0.0092436228829757,0.016967907547950745
66,13.11.2013,2,2013,True,0.0091255850135672,0.01755901612341404
66,14.11.2013,2,2013,True,0.0090068585192508,0.01755901612341404
66,15.11.2013,2,2013,True,0.0090076182750113,0.01755901612341404
66,19.11.2013,2,2013,True,0.0091113265666553,0.01755901612341404
66,20.11.2013,2,2013,True,0.0092835282284154,0.016490159556269646
66,21.11.2013,2,2013,True,0.0091612764331291,0.016591792926192284
66,22.11.2013,2,2013,True,0.0091013356179098,0.016490159556269646
66,25.11.2013,2,2013,True,0.0091640980518337,0.016490159556269646
66,26.11.2013,2,2013,True,0.0092191421396333,0.01759275048971176
66,27.11.2013,2,2013,True,0.0092226520357952,0.01759275048971176
66,29.11.2013,2,2013,True,0.0090670382627739,0.01759275048971176
66,02.12.2013,2,2013,True,0.008864159625365,0.01759275048971176
66,03.12.2013,2,2013,True,0.0088736147265619,0.016967907547950745
66,04.12.2013,2,2013,True,0.0088415001939956,0.016967907547950745
66,05.12.2013,2,2013,True,0.0090056713709821,0.016967907547950745
66,06.12.2013,2,2013,True,0.0090278753628042,0.016967907547950745
66,09.12.2013,2,2013,True,0.008733008210428,0.016967907547950745
66,10.12.2013,2,2013,True,0.008753073713007,0.01755901612341404
66,11.12.2013,2,2013,True,0.0087438992205671,0.01755901612341404
66,12.12.2013,2,2013,True,0.0086740900686525,0.01755901612341404
66,13.12.2013,2,2013,True,0.0086718182839482,0.01755901612341404
66,16.12.2013,2,2013,True,0.0085170615208493,0.01755901612341404
66,17.12.2013,2,2013,True,0.0085229837077255,0.016817189753055573
66,19.12.2013,2,2013,True,0.0085282729247904,0.016817189753055573
66,20.12.2013,2,2013,True,0.0086929159324488,0.016817189753055573
66,23.12.2013,2,2013,True,0.0087351589690435,0.016817189753055573
66,24.12.2013,2,2013,True,0.0088872691949708,0.016967907547950745
66,26.12.2013,2,2013,True,0.0089177373525015,0.016967907547950745
66,27.12.2013,2,2013,True,0.0089624787175298,0.016967907547950745
66,30.12.2013,2,2013,True,0.0091835212147998,0.016967907547950745
66,31.12.2013,2,2013,True,0.009183864211943,0.016757139936089516
126,02.01.2013,2,2013,True,0.0107443047282774,0.0190987940877676
126,03.01.2013,2,2013,True,0.0107473603252732,0.0190987940877676
126,04.01.2013,2,2013,True,0.0107450715906409,0.0190987940877676
126,07.01.2013,2,2013,True,0.0107627904113426,0.0190987940877676
126,08.01.2013,2,2013,True,0.0107919780770458,0.019294023513793945
126,09.01.2013,2,2013,True,0.0107941119079015,0.019294023513793945
126,10.01.2013,2,2013,True,0.0107968248483131,0.019294023513793945
126,11.01.2013,2,2013,True,0.0107511085511163,0.019294023513793945
126,14.01.2013,2,2013,True,0.0107541349214398,0.019294023513793945
126,15.01.2013,2,2013,True,0.0106812495145931,0.01910710148513317
126,16.01.2013,2,2013,True,0.0106805910061292,0.01910710148513317
126,17.01.2013,2,2013,True,0.0107274979448349,0.01910710148513317
126,18.01.2013,2,2013,True,0.0107350746722115,0.01910710148513317
126,22.01.2013,2,2013,True,0.0106393345102574,0.01910710148513317
126,23.01.2013,2,2013,True,0.0106373925541146,0.018650874495506287
126,24.01.2013,2,2013,True,0.0106372074467559,0.018650874495506287
126,25.01.2013,2,2013,True,0.01065994646638,0.018650874495506287
126,28.01.2013,2,2013,True,0.0107697752293355,0.018650874495506287
126,29.01.2013,2,2013,True,0.0107551939258713,0.01756865717470646
126,30.01.2013,2,2013,True,0.0107467499799474,0.01756865717470646
126,31.01.2013,2,2013,True,0.0107397197760086,0.01756865717470646
126,01.02.2013,2,2013,True,0.0107091902538446,0.01756865717470646
126,04.02.2013,2,2013,True,0.0106921616890942,0.01756865717470646
126,05.02.2013,2,2013,True,0.0107482884970342,0.017987793311476707
126,06.02.2013,2,2013,True,0.0107669684813361,0.017987793311476707
126,07.02.2013,2,2013,True,0.0107836733023707,0.017987793311476707
126,08.02.2013,2,2013,True,0.0107101104377653,0.017987793311476707
126,11.02.2013,2,2013,True,0.0107255815691764,0.017987793311476707
126,12.02.2013,2,2013,True,0.010716739284755,0.019045790657401085
126,13.02.2013,2,2013,True,0.0107442842732947,0.019045790657401085
126,14.02.2013,2,2013,True,0.0107464667132603,0.019045790657401085
126,15.02.2013,2,2013,True,0.010747086492271,0.019045790657401085
126,19.02.2013,2,2013,True,0.0107642668437487,0.019045790657401085
126,20.02.2013,2,2013,True,0.0106699500040636,0.019556434825062752
126,21.02.2013,2,2013,True,0.010939565649331,0.019556434825062752
126,22.02.2013,2,2013,True,0.0110672334992401,0.019629642367362976
126,25.02.2013,2,2013,True,0.0111217312444749,0.019556434825062752
126,26.02.2013,2,2013,True,0.0110741423869844,0.018689781427383423
126,27.02.2013,2,2013,True,0.0111273423791435,0.018689781427383423
126,28.02.2013,2,2013,True,0.0111368671714775,0.018689781427383423
126,01.03.2013,2,2013,True,0.0111095882973593,0.018689781427383423
126,04.03.2013,2,2013,True,0.0111238059903458,0.018689781427383423
126,05.03.2013,2,2013,True,0.0112197372292167,0.018689781427383423
126,06.03.2013,2,2013,True,0.011382753046337,0.018689781427383423
126,07.03.2013,2,2013,True,0.0113842735101306,0.018689781427383423
126,08.03.2013,2,2013,True,0.0114167059786266,0.018689781427383423
126,11.03.2013,2,2013,True,0.0114051789948087,0.018689781427383423
126,12.03.2013,2,2013,True,0.0115299479772156,0.019148116931319237
126,13.03.2013,2,2013,True,0.011590393846042,0.019148116931319237
126,14.03.2013,2,2013,True,0.0115729907714766,0.019148116931319237
126,15.03.2013,2,2013,True,0.0116054371000544,0.019148116931319237
126,19.03.2013,2,2013,True,0.0115025171051487,0.019148116931319237
126,20.03.2013,2,2013,True,0.0114577404966416,0.01727396622300148
126,21.03.2013,2,2013,True,0.0114337288681184,0.01727396622300148
126,22.03.2013,2,2013,True,0.0114430464805213,0.01727396622300148
126,25.03.2013,2,2013,True,0.0114374589710701,0.01727396622300148
126,26.03.2013,2,2013,True,0.0114005975028366,0.017395230010151863
126,27.03.2013,2,2013,True,0.0114442600557637,0.017395230010151863
126,28.03.2013,2,2013,True,0.0114419833727775,0.017395230010151863
126,01.04.2013,2,2013,True,0.01141565357704,0.017395230010151863
126,02.04.2013,2,2013,True,0.0114130979502196,0.01737593300640583
126,03.04.2013,2,2013,True,0.0110326502850014,0.01737593300640583
126,04.04.2013,2,2013,True,0.0110507110435521,0.017544511705636978
126,05.04.2013,2,2013,True,0.0110996394798622,0.01737593300640583
126,08.04.2013,2,2013,True,0.0111015557239568,0.017449140548706055
126,09.04.2013,2,2013,True,0.0110282621290634,0.017474224790930748
126,10.04.2013,2,2013,True,0.0110579648274307,0.017393870279192924
126,11.04.2013,2,2013,True,0.010999591141578,0.017474224790930748
126,12.04.2013,2,2013,True,0.0109495861486697,0.017474224790930748
126,15.04.2013,2,2013,True,0.0107325849960955,0.017474224790930748
126,16.04.2013,2,2013,True,0.0107341626555067,0.017468437552452087
126,17.04.2013,2,2013,True,0.0108906413480466,0.017395230010151863
126,18.04.2013,2,2013,True,0.0108535552239011,0.017345326021313667
126,19.04.2013,2,2013,True,0.0108460678903433,0.017395230010151863
126,22.04.2013,2,2013,True,0.0110420524824523,0.017395230010151863
126,23.04.2013,2,2013,True,0.0110550359697271,0.018650874495506287
126,24.04.2013,2,2013,True,0.0110081605898431,0.018650874495506287
126,25.04.2013,2,2013,True,0.0109516402656084,0.018650874495506287
126,26.04.2013,2,2013,True,0.0112237022129593,0.018650874495506287
126,29.04.2013,2,2013,True,0.0112133366033378,0.018650874495506287
126,30.04.2013,2,2013,True,0.0111686709442916,0.01923271268606186
126,01.05.2013,2,2013,True,0.0109566884294848,0.01923271268606186
126,02.05.2013,2,2013,True,0.0107702918313224,0.019305920228362083
126,03.05.2013,2,2013,True,0.0108019829971935,0.019305920228362083
126,06.05.2013,2,2013,True,0.0108018712241113,0.01923271268606186
126,07.05.2013,2,2013,True,0.0107752005325305,0.019454803317785263
126,08.05.2013,2,2013,True,0.0108296388402093,0.019454803317785263
126,09.05.2013,2,2013,True,0.0108906943236442,0.019454803317785263
126,10.05.2013,2,2013,True,0.0108787754181127,0.019454803317785263
126,13.05.2013,2,2013,True,0.0109230753669028,0.019454803317785263
126,14.05.2013,2,2013,True,0.010959156493664,0.01951611414551735
126,15.05.2013,2,2013,True,0.011041420544553,0.01951611414551735
126,16.05.2013,2,2013,True,0.0110660019309858,0.01951611414551735
126,17.05.2013,2,2013,True,0.0110657358552697,0.01951611414551735
126,20.05.2013,2,2013,True,0.0110665764284558,0.01951611414551735
126,21.05.2013,2,2013,True,0.0110699867826625,0.01756865717470646
126,22.05.2013,2,2013,True,0.0110902386590268,0.01756865717470646
126,23.05.2013,2,2013,True,0.0111728786717705,0.01756865717470646
126,24.05.2013,2,2013,True,0.0112062390635474,0.01756865717470646
126,28.05.2013,2,2013,True,0.0111474301573887,0.01756865717470646
126,29.05.2013,2,2013,True,0.0110575648692397,0.019379667937755585
126,30.05.2013,2,2013,True,0.0110632943468242,0.019379667937755585
126,31.05.2013,2,2013,True,0.0110961624918872,0.019379667937755585
126,03.06.2013,2,2013,True,0.0110050326394849,0.019379667937755585
126,04.06.2013,2,2013,True,0.0109632382305524,0.018946878612041473
126,05.06.2013,2,2013,True,0.0109967562176848,0.018946878612041473
126,06.06.2013,2,2013,True,0.0109876654371687,0.019031953066587448
126,07.06.2013,2,2013,True,0.0110369146643118,0.019031953066587448
126,10.06.2013,2,2013,True,0.0110228453410319,0.019031953066587448
126,11.06.2013,2,2013,True,0.0109868322439333,0.0182673167437315
126,12.06.2013,2,2013,True,0.0110383529930052,0.0182673167437315
126,13.06.2013,2,2013,True,0.011024053625497,0.0182673167437315
126,14.06.2013,2,2013,True,0.0110263016560406,0.0182673167437315
126,18.06.2013,2,2013,True,0.0109335735211533,0.0182673167437315
126,19.06.2013,2,2013,True,0.0109341438485911,0.017987793311476707
126,20.06.2013,2,2013,True,0.0104050991135432,0.017987793311476707
126,21.06.2013,2,2013,True,0.0103482059777734,0.01807553507387638
126,24.06.2013,2,2013,True,0.0106510899620658,0.017987793311476707
126,25.06.2013,2,2013,True,0.0106797553202678,0.019045790657401085
126,26.06.2013,2,2013,True,0.0106764358361713,0.019045790657401085
126,27.06.2013,2,2013,True,0.0106422366502706,0.019045790657401085
126,28.06.2013,2,2013,True,0.0106267065939205,0.019045790657401085
126,01.07.2013,2,2013,True,0.0106241994324245,0.019045790657401085
126,02.07.2013,2,2013,True,0.0106137551618417,0.01873910427093506
126,03.07.2013,2,2013,True,0.0105179915540702,0.01873910427093506
126,05.07.2013,2,2013,True,0.01039315088756,0.01873910427093506
126,08.07.2013,2,2013,True,0.0104092799501496,0.018812311813235283
126,09.07.2013,2,2013,True,0.0104044284466601,0.018070917576551437
126,10.07.2013,2,2013,True,0.010387927090015,0.018070917576551437
126,11.07.2013,2,2013,True,0.0104169589979708,0.018070917576551437
126,12.07.2013,2,2013,True,0.0103941036724703,0.018070917576551437
126,15.07.2013,2,2013,True,0.0103945609024203,0.018070917576551437
126,16.07.2013,2,2013,True,0.0104371782208867,0.01756865717470646
126,17.07.2013,2,2013,True,0.0104553772034162,0.01756865717470646
126,19.07.2013,2,2013,True,0.0104087691708499,0.01756865717470646
126,22.07.2013,2,2013,True,0.0104088910139405,0.01756865717470646
126,23.07.2013,2,2013,True,0.0104855308099092,0.019294023513793945
126,24.07.2013,2,2013,True,0.0104408760570217,0.019294023513793945
126,25.07.2013,2,2013,True,0.0104355783212737,0.019294023513793945
126,26.07.2013,2,2013,True,0.0104361650781525,0.019294023513793945
126,29.07.2013,2,2013,True,0.0104634647405883,0.019294023513793945
126,30.07.2013,2,2013,True,0.0106349049894655,0.019379667937755585
126,31.07.2013,2,2013,True,0.0106440187212226,0.019379667937755585
126,01.08.2013,2,2013,True,0.0105357394795243,0.019379667937755585
126,02.08.2013,2,2013,True,0.0105252294936441,0.019379667937755585
126,05.08.2013,2,2013,True,0.0105233456294285,0.019379667937755585
126,06.08.2013,2,2013,True,0.0105145242069877,0.01792648248374462
126,07.08.2013,2,2013,True,0.0105899608257879,0.01792648248374462
126,08.08.2013,2,2013,True,0.0105707851543791,0.01792648248374462
126,09.08.2013,2,2013,True,0.0105018261404646,0.01792648248374462
126,12.08.2013,2,2013,True,0.0105031931652152,0.01792648248374462
126,13.08.2013,2,2013,True,0.0105209957124609,0.018132228404283524
126,14.08.2013,2,2013,True,0.0105163700806962,0.018132228404283524
126,15.08.2013,2,2013,True,0.0104995910102662,0.018132228404283524
126,16.08.2013,2,2013,True,0.0104999226441065,0.018132228404283524
126,20.08.2013,2,2013,True,0.010610301271258,0.018132228404283524
126,21.08.2013,2,2013,True,0.0107183226117886,0.018689781427383423
126,22.08.2013,2,2013,True,0.0107918818379734,0.018689781427383423
126,23.08.2013,2,2013,True,0.01075504427637,0.018689781427383423
126,26.08.2013,2,2013,True,0.0107790710733413,0.018689781427383423
126,27.08.2013,2,2013,True,0.0104044447729961,0.018290558829903603
126,28.08.2013,2,2013,True,0.0102588019193923,0.018363766372203827
126,29.08.2013,2,2013,True,0.0102101793767201,0.018363766372203827
126,30.08.2013,2,2013,True,0.0101857044227695,0.018290558829903603
126,03.09.2013,2,2013,True,0.0101481041148154,0.018290558829903603
126,04.09.2013,2,2013,True,0.0101329548576242,0.01756865717470646
126,05.09.2013,2,2013,True,0.0102251194823019,0.01756865717470646
126,06.09.2013,2,2013,True,0.0102255455512989,0.01756865717470646
126,09.09.2013,2,2013,True,0.010079448980109,0.01756865717470646
126,10.09.2013,2,2013,True,0.0099030242549928,0.01939724199473858
126,11.09.2013,2,2013,True,0.0099005490781742,0.01939724199473858
126,12.09.2013,2,2013,True,0.0098579827197693,0.019324034452438354
126,13.09.2013,2,2013,True,0.0098570009835289,0.019324034452438354
126,18.09.2013,2,2013,True,0.0097308383258476,0.019324034452438354
126,19.09.2013,2,2013,True,0.0096184947550126,0.01814412511885166
126,20.09.2013,2,2013,True,0.0096140534525956,0.018070917576551437
126,23.09.2013,2,2013,True,0.0097397948910105,0.018070917576551437
126,24.09.2013,2,2013,True,0.0097548904119568,0.018650874495506287
126,25.09.2013,2,2013,True,0.0098221762839313,0.018650874495506287
126,26.09.2013,2,2013,True,0.0098061790258143,0.018650874495506287
126,27.09.2013,2,2013,True,0.0098233529289338,0.018650874495506287
126,30.09.2013,2,2013,True,0.0099446619441968,0.018650874495506287
126,01.10.2013,2,2013,True,0.0099417620477105,0.017474224790930748
126,02.10.2013,2,2013,True,0.0098968835435804,0.017474224790930748
126,03.10.2013,2,2013,True,0.009896303291695,0.017474224790930748
126,04.10.2013,2,2013,True,0.0099939092969324,0.017474224790930748
126,07.10.2013,2,2013,True,0.0099957757107483,0.017474224790930748
126,08.10.2013,2,2013,True,0.0099880086921582,0.01955309510231018
126,09.10.2013,2,2013,True,0.0099659899478988,0.01955309510231018
126,10.10.2013,2,2013,True,0.0097209045963768,0.01955309510231018
126,11.10.2013,2,2013,True,0.0097276200247279,0.019626302644610405
126,14.10.2013,2,2013,True,0.0097266670551586,0.01955309510231018
126,15.10.2013,2,2013,True,0.0097391861968827,0.01955309510231018
126,16.10.2013,2,2013,True,0.0097305978483725,0.017987793311476707
126,17.10.2013,2,2013,True,0.0098021195746493,0.017987793311476707
126,21.10.2013,2,2013,True,0.0097704283148933,0.017987793311476707
126,22.10.2013,2,2013,True,0.0097946179339633,0.018650874495506287
126,23.10.2013,2,2013,True,0.0096354666280415,0.018650874495506287
126,24.10.2013,2,2013,True,0.0096355647728639,0.01872408203780651
126,25.10.2013,2,2013,True,0.0096628044499886,0.018650874495506287
126,28.10.2013,2,2013,True,0.0094200881526069,0.018650874495506287
126,29.10.2013,2,2013,True,0.009450885054591,0.019220629706978798
126,30.10.2013,2,2013,True,0.0094248922125789,0.019147422164678574
126,31.10.2013,2,2013,True,0.0093893976809128,0.019147422164678574
126,01.11.2013,2,2013,True,0.0090751566276377,0.019147422164678574
126,04.11.2013,2,2013,True,0.0090959334951002,0.019220629706978798
126,05.11.2013,2,2013,True,0.0090926931199881,0.0190987940877676
126,06.11.2013,2,2013,True,0.0090936138296728,0.0190987940877676
126,07.11.2013,2,2013,True,0.0089579418246108,0.0190987940877676
126,08.11.2013,2,2013,True,0.0088948017955875,0.0190987940877676
126,11.11.2013,2,2013,True,0.0088348615017696,0.0190987940877676
126,12.11.2013,2,2013,True,0.0088449022824869,0.0190987940877676
126,13.11.2013,2,2013,True,0.0087812457685381,0.01792648248374462
126,14.11.2013,2,2013,True,0.0087051331222046,0.01792648248374462
126,15.11.2013,2,2013,True,0.0087158951068991,0.01792648248374462
126,19.11.2013,2,2013,True,0.0086099364924776,0.01792648248374462
126,20.11.2013,2,2013,True,0.008560010910125,0.01717953383922577
126,21.11.2013,2,2013,True,0.0084116150157852,0.01717953383922577
126,22.11.2013,2,2013,True,0.0083870143631597,0.017252741381525993
126,25.11.2013,2,2013,True,0.0083869759649723,0.01717953383922577
126,26.11.2013,2,2013,True,0.0083931000800571,0.018650874495506287
126,27.11.2013,2,2013,True,0.0083920588839845,0.018650874495506287
126,29.11.2013,2,2013,True,0.0082919324239659,0.018650874495506287
126,02.12.2013,2,2013,True,0.0082461883699118,0.018650874495506287
126,03.12.2013,2,2013,True,0.0081997194131769,0.0190987940877676
126,04.12.2013,2,2013,True,0.0081878440505985,0.0190987940877676
126,05.12.2013,2,2013,True,0.0085196406651844,0.0190987940877676
126,06.12.2013,2,2013,True,0.008510445615678,0.0190987940877676
126,09.12.2013,2,2013,True,0.0083163688436568,0.0190987940877676
126,10.12.2013,2,2013,True,0.0083177711248275,0.017721274867653847
126,11.12.2013,2,2013,True,0.0083367494399589,0.017648067325353622
126,12.12.2013,2,2013,True,0.0083112528122774,0.017648067325353622
126,13.12.2013,2,2013,True,0.008314028415767,0.017648067325353622
126,16.12.2013,2,2013,True,0.0082303500979988,0.017648067325353622
126,17.12.2013,2,2013,True,0.0082335771062795,0.017813285812735558
126,19.12.2013,2,2013,True,0.0082416600701463,0.017813285812735558
126,20.12.2013,2,2013,True,0.0081822630454137,0.017813285812735558
126,23.12.2013,2,2013,True,0.0081805491156704,0.017813285812735558
126,24.12.2013,2,2013,True,0.00821076791293,0.018689781427383423
126,26.12.2013,2,2013,True,0.0082107437995654,0.018689781427383423
126,27.12.2013,2,2013,True,0.0082518440156145,0.018689781427383423
126,30.12.2013,2,2013,True,0.0082177346182512,0.018689781427383423
126,31.12.2013,2,2013,True,0.0082339689277104,0.016851115971803665
5,02.01.2014,3,2014,True,0.0055900519581994,0.01213787216693163
5,03.01.2014,3,2014,True,0.0061744660061707,0.010115147568285465
5,06.01.2014,3,2014,True,0.0066019372410342,0.010181797668337822
5,07.01.2014,3,2014,True,0.0058325064259333,0.011670315638184547
5,08.01.2014,3,2014,True,0.0070137663003642,0.011914076283574104
5,09.01.2014,3,2014,True,0.0058661860265603,0.012812572531402111
5,10.01.2014,3,2014,True,0.0044967058272868,0.01178666390478611
5,13.01.2014,3,2014,True,0.0060415852778053,0.011793808080255985
5,14.01.2014,3,2014,True,0.0069047066427392,0.008918351493775845
5,15.01.2014,3,2014,True,0.0064307942384515,0.009139777161180973
5,16.01.2014,3,2014,True,0.0085913809815078,0.01022427249699831
5,17.01.2014,3,2014,True,0.0092341232725789,0.010341285727918148
5,22.01.2014,3,2014,True,0.0075925901278188,0.011236964724957943
5,23.01.2014,3,2014,True,0.0069144416894773,0.013815602287650108
5,24.01.2014,3,2014,True,0.0094451227738855,0.014014635235071182
5,27.01.2014,3,2014,True,0.008306486406899,0.013605909422039986
5,28.01.2014,3,2014,True,0.0070263982697371,0.01158228237181902
5,29.01.2014,3,2014,True,0.0071153361765939,0.012144570238888264
5,30.01.2014,3,2014,True,0.0088590873259901,0.010570944286882877
5,31.01.2014,3,2014,True,0.0103034277763868,0.01171250082552433
5,03.02.2014,3,2014,True,0.0116544779603729,0.011459087952971458
5,04.02.2014,3,2014,True,0.0112655959219237,0.010350916534662247
5,05.02.2014,3,2014,True,0.0114422429937858,0.010137932375073433
5,06.02.2014,3,2014,True,0.0113726395738286,0.00950812641531229
5,07.02.2014,3,2014,True,0.0039978187038731,0.011407982558012009
5,10.02.2014,3,2014,True,0.0070208646409281,0.011248208582401276
5,11.02.2014,3,2014,True,0.0072795728879118,0.008447669446468353
5,12.02.2014,3,2014,True,0.007947324610839,0.008358162827789783
5,13.02.2014,3,2014,True,0.0080907459697827,0.007957784458994865
5,14.02.2014,3,2014,True,0.010218328003247,0.008358162827789783
5,19.02.2014,3,2014,True,0.0063425299820654,0.009453504346311092
5,20.02.2014,3,2014,True,0.006516445091446,0.010235032998025417
5,21.02.2014,3,2014,True,0.0065933011259634,0.009395326487720013
5,24.02.2014,3,2014,True,0.0111987548039301,0.008759823627769947
5,25.02.2014,3,2014,True,0.013206355155197,0.010264364071190357
5,26.02.2014,3,2014,True,0.0145535251166977,0.008998309262096882
5,27.02.2014,3,2014,True,0.0147546457478029,0.00876204576343298
5,28.02.2014,3,2014,True,0.0154191404126675,0.01178883109241724
5,03.03.2014,3,2014,True,0.0110328425943345,0.010957879014313221
5,04.03.2014,3,2014,True,0.0095027853208556,0.012375278398394585
5,05.03.2014,3,2014,True,0.006930666848392,0.014366808347404003
5,06.03.2014,3,2014,True,0.0072267584578108,0.014265095815062523
5,07.03.2014,3,2014,True,0.0081416057740489,0.014290264807641506
5,10.03.2014,3,2014,True,0.006944263922946,0.014586487784981728
5,11.03.2014,3,2014,True,0.0098543848190951,0.012255463749170303
5,12.03.2014,3,2014,True,0.010170126624699,0.010708832181990147
5,13.03.2014,3,2014,True,0.0109357947741829,0.010166739113628864
5,14.03.2014,3,2014,True,0.0093127062117453,0.009406135417521
5,17.03.2014,3,2014,True,0.0092623315149463,0.010391578078269958
5,18.03.2014,3,2014,True,0.0057602385916531,0.009059703908860683
5,19.03.2014,3,2014,True,0.0027754187777422,0.011884374544024467
5,20.03.2014,3,2014,True,0.0033806682519872,0.010641655884683132
5,21.03.2014,3,2014,True,0.003222616593264,0.010022630915045738
5,24.03.2014,3,2014,True,0.0037397118047829,0.012468085624277592
5,25.03.2014,3,2014,True,0.0104633343791102,0.009971467778086662
5,26.03.2014,3,2014,True,0.0105329874045871,0.010401186533272266
5,27.03.2014,3,2014,True,0.0121937903127827,0.011933142319321632
5,28.03.2014,3,2014,True,0.0126115307156822,0.012338744476437569
5,31.03.2014,3,2014,True,0.012896430065583,0.012235935777425766
5,01.04.2014,3,2014,True,0.011783438756988,0.011116878129541874
5,02.04.2014,3,2014,True,0.009943273838881,0.007168696261942387
5,03.04.2014,3,2014,True,0.0100282770298767,0.007582307793200016
5,04.04.2014,3,2014,True,0.0099830054063883,0.00849123951047659
5,07.04.2014,3,2014,True,0.0101120826237681,0.00775121571496129
5,08.04.2014,3,2014,True,0.0083856911234337,0.009755821898579597
5,09.04.2014,3,2014,True,0.0083879092777913,0.009143299423158169
5,10.04.2014,3,2014,True,0.0077698293995801,0.0090671107172966
5,11.04.2014,3,2014,True,0.0072653390290552,0.010994755662977695
5,14.04.2014,3,2014,True,0.005164003765812,0.008528204634785652
5,15.04.2014,3,2014,True,0.0049496547439807,0.011097419075667858
5,16.04.2014,3,2014,True,0.006794074399427,0.010470647364854813
5,17.04.2014,3,2014,True,0.0075067687604036,0.00968317873775959
5,21.04.2014,3,2014,True,0.009142930753685,0.009418478235602379
5,22.04.2014,3,2014,True,0.0101683513990107,0.009781102649867535
5,23.04.2014,3,2014,True,0.0107797712246596,0.009971177205443382
5,24.04.2014,3,2014,True,0.0080104402590735,0.01092473790049553
5,25.04.2014,3,2014,True,0.0095347117365345,0.009694359265267849
5,28.04.2014,3,2014,True,0.008095712578905,0.010334121994674206
5,29.04.2014,3,2014,True,0.0066468575787859,0.016369786113500595
5,30.04.2014,3,2014,True,0.0081920341802138,0.015947220847010612
5,01.05.2014,3,2014,True,0.0080559592878034,0.015706218779087067
5,02.05.2014,3,2014,True,0.0069934869387945,0.01475121546536684
5,05.05.2014,3,2014,True,0.0062100486128275,0.016042565926909447
5,06.05.2014,3,2014,True,0.0050384179160193,0.016844958066940308
5,07.05.2014,3,2014,True,0.0046812928538155,0.01759902946650982
5,08.05.2014,3,2014,True,0.0040861688988735,0.016775621101260185
5,09.05.2014,3,2014,True,0.0036735385493243,0.01744598150253296
5,12.05.2014,3,2014,True,0.0073153934594985,0.01834174059331417
5,13.05.2014,3,2014,True,0.0066443808912067,0.010943839326500893
5,14.05.2014,3,2014,True,0.0064003601466923,0.011271265335381031
5,15.05.2014,3,2014,True,0.0063973513817914,0.011004176922142506
5,16.05.2014,3,2014,True,0.0064458627517259,0.011106506921350956
5,19.05.2014,3,2014,True,0.004752736339705,0.01177474670112133
5,20.05.2014,3,2014,True,0.0048023911857553,0.011298045516014099
5,21.05.2014,3,2014,True,0.0026497754458306,0.010972846299409866
5,22.05.2014,3,2014,True,0.0032317051895306,0.011934853158891201
5,23.05.2014,3,2014,True,0.0029029497495353,0.011441937647759914
5,27.05.2014,3,2014,True,0.0030016593654185,0.011441937647759914
5,28.05.2014,3,2014,True,0.0030820177409741,0.011377857066690922
5,29.05.2014,3,2014,True,0.0038372890734606,0.012003136798739433
5,30.05.2014,3,2014,True,0.0034670816606601,0.011801861226558685
5,02.06.2014,3,2014,True,0.0064717554174717,0.011883697472512722
5,03.06.2014,3,2014,True,0.0070732471945175,0.011627914384007454
5,04.06.2014,3,2014,True,0.0064890827340707,0.011861508712172508
5,05.06.2014,3,2014,True,0.0128766918507161,0.011484058573842049
5,06.06.2014,3,2014,True,0.0121380564079481,0.012608478777110577
5,09.06.2014,3,2014,True,0.0126414779196166,0.012347606010735035
5,10.06.2014,3,2014,True,0.011661569569147,0.011723928153514862
5,11.06.2014,3,2014,True,0.0115338392514247,0.012350525707006454
5,12.06.2014,3,2014,True,0.0036772538825514,0.011181351728737354
5,13.06.2014,3,2014,True,0.0044958453507235,0.012016822583973408
5,16.06.2014,3,2014,True,0.0057433311703373,0.011099538765847683
5,17.06.2014,3,2014,True,0.0057771453520422,0.012693787924945354
5,18.06.2014,3,2014,True,0.0053333130936398,0.013309314846992493
5,19.06.2014,3,2014,True,0.0039352311526214,0.01356852799654007
5,20.06.2014,3,2014,True,0.0043398165408209,0.012603219598531723
5,23.06.2014,3,2014,True,0.0048772378642072,0.012127977795898914
5,24.06.2014,3,2014,True,0.0039284241650493,0.010762748308479786
5,25.06.2014,3,2014,True,0.0046614325143613,0.01089016068726778
5,26.06.2014,3,2014,True,0.0046266926786487,0.009020944125950336
5,27.06.2014,3,2014,True,0.0038729976416478,0.01062029879540205
5,30.06.2014,3,2014,True,0.0047471691745763,0.010900212451815605
5,01.07.2014,3,2014,True,0.0036504492405609,0.013585870154201984
5,02.07.2014,3,2014,True,0.0057699448850144,0.015347647480666637
5,03.07.2014,3,2014,True,0.008188101668796,0.01342482678592205
5,07.07.2014,3,2014,True,0.0095901431788181,0.013799087144434452
5,08.07.2014,3,2014,True,0.009233062944795,0.012826834805309772
5,09.07.2014,3,2014,True,0.0093707934985611,0.01153495628386736
5,10.07.2014,3,2014,True,0.0088724424406735,0.013839226216077805
5,11.07.2014,3,2014,True,0.0076188192384605,0.011048387736082077
5,14.07.2014,3,2014,True,0.0077031125043948,0.011205515824258327
5,15.07.2014,3,2014,True,0.0060216298203714,0.0121685229241848
5,16.07.2014,3,2014,True,0.0057395346678643,0.011610143817961216
5,17.07.2014,3,2014,True,0.0082426246193025,0.011394028551876545
5,18.07.2014,3,2014,True,0.0083168708381077,0.011249887757003307
5,21.07.2014,3,2014,True,0.0092213232834711,0.010577208362519741
5,22.07.2014,3,2014,True,0.0090698891378043,0.012624348513782024
5,23.07.2014,3,2014,True,0.0097066113867351,0.012602250091731548
5,24.07.2014,3,2014,True,0.0092086076899734,0.012033842504024506
5,25.07.2014,3,2014,True,0.0052907280520335,0.014073529280722141
5,28.07.2014,3,2014,True,0.0074698126605499,0.014012503437697887
5,29.07.2014,3,2014,True,0.0068907191997867,0.010491274297237396
5,30.07.2014,3,2014,True,0.0064773943135969,0.010355123318731785
5,31.07.2014,3,2014,True,0.0082499003521869,0.010449923574924469
5,01.08.2014,3,2014,True,0.0064871902041711,0.010250059887766838
5,04.08.2014,3,2014,True,0.0059240803336235,0.00863041914999485
5,05.08.2014,3,2014,True,0.0086689255396813,0.009696293622255325
5,06.08.2014,3,2014,True,0.0111074097481983,0.010151245631277561
5,07.08.2014,3,2014,True,0.0131850925196184,0.00918129738420248
5,08.08.2014,3,2014,True,0.0134396961762554,0.01201240997761488
5,11.08.2014,3,2014,True,0.0134301557485216,0.009543806314468384
5,12.08.2014,3,2014,True,0.0122856083835995,0.012287820689380169
5,13.08.2014,3,2014,True,0.0108583226598731,0.014016644097864628
5,14.08.2014,3,2014,True,0.0040792191101847,0.012968923896551132
5,15.08.2014,3,2014,True,0.0045373846128707,0.014975261874496937
5,18.08.2014,3,2014,True,0.0039982035813722,0.01193517167121172
5,19.08.2014,3,2014,True,0.0041860558915532,0.013969370163977146
5,20.08.2014,3,2014,True,0.003085207891312,0.012970798648893833
5,21.08.2014,3,2014,True,0.0029984602366252,0.015979986637830734
5,22.08.2014,3,2014,True,0.0038909066781316,0.016800733283162117
5,25.08.2014,3,2014,True,0.0136416277184844,0.01691950112581253
5,26.08.2014,3,2014,True,0.0188219570518644,0.015192856080830097
5,27.08.2014,3,2014,True,0.0192557646084014,0.015057294629514217
5,28.08.2014,3,2014,True,0.0196159966341817,0.014792663976550102
5,29.08.2014,3,2014,True,0.0187480217344944,0.0147679029032588
5,02.09.2014,3,2014,True,0.0147928453014539,0.014698153361678123
5,03.09.2014,3,2014,True,0.0019819736647756,0.012575955130159855
5,04.09.2014,3,2014,True,0.0048450267299621,0.012043192982673645
5,05.09.2014,3,2014,True,0.004841368489835,0.012183965183794498
5,08.09.2014,3,2014,True,0.0049786443976779,0.012139788828790188
5,09.09.2014,3,2014,True,0.0054077041497786,0.01169307716190815
5,10.09.2014,3,2014,True,0.0130023199404608,0.013561788946390152
5,11.09.2014,3,2014,True,0.0146431911443733,0.014922482892870903
5,12.09.2014,3,2014,True,0.0139387358984514,0.010280189104378223
5,15.09.2014,3,2014,True,0.0157960210985471,0.009643224999308586
5,16.09.2014,3,2014,True,0.0158169093487189,0.011052422225475311
5,17.09.2014,3,2014,True,0.0092900596442013,0.009793424978852272
5,18.09.2014,3,2014,True,0.0079591257359478,0.012256264686584473
5,19.09.2014,3,2014,True,0.0065900474453067,0.011806868948042393
5,22.09.2014,3,2014,True,0.0012231246184106,0.011870178394019604
5,23.09.2014,3,2014,True,0.0122216663726763,0.008433960378170013
5,24.09.2014,3,2014,True,0.0118186641715144,0.008517131209373474
5,25.09.2014,3,2014,True,0.0112738793413094,0.008822532370686531
5,26.09.2014,3,2014,True,0.0105226078139723,0.009336014278233051
5,29.09.2014,3,2014,True,0.011462820648482,0.006218477617949247
5,30.09.2014,3,2014,True,0.0064226910275539,0.01623638905584812
5,01.10.2014,3,2014,True,0.0065156159019231,0.013605439104139805
5,02.10.2014,3,2014,True,0.0076186617493575,0.009992348030209541
5,03.10.2014,3,2014,True,0.0080079921228499,0.01042566541582346
5,06.10.2014,3,2014,True,0.0067833480646212,0.010546310804784298
5,07.10.2014,3,2014,True,0.0172021887552399,0.018096385523676872
5,08.10.2014,3,2014,True,0.0166642439336965,0.018895549699664116
5,09.10.2014,3,2014,True,0.0203265594661195,0.018895549699664116
5,10.10.2014,3,2014,True,0.0201606361226623,0.01902874745428562
5,13.10.2014,3,2014,True,0.0225438816494519,0.02362615056335926
5,14.10.2014,3,2014,True,0.0105660936639458,0.02147861011326313
5,15.10.2014,3,2014,True,0.0117209703425688,0.014325082302093506
5,16.10.2014,3,2014,True,0.0155383870894815,0.016764644533395767
5,17.10.2014,3,2014,True,0.0166810255409262,0.015256681479513645
5,20.10.2014,3,2014,True,0.0164859922826585,0.010831726714968681
5,21.10.2014,3,2014,True,0.0158534071677988,0.015455471351742744
5,22.10.2014,3,2014,True,0.0131837510708843,0.015964599326252937
5,23.10.2014,3,2014,True,0.009157034617998,0.02011502906680107
5,24.10.2014,3,2014,True,0.0086126643515513,0.021079448983073235
5,27.10.2014,3,2014,True,0.0102034656198302,0.020589042454957962
5,28.10.2014,3,2014,True,0.0132213936003756,0.018921686336398125
5,29.10.2014,3,2014,True,0.0093703314846997,0.016361912712454796
5,30.10.2014,3,2014,True,0.010133662106054,0.012483840808272362
5,31.10.2014,3,2014,True,0.0120541981227348,0.021356867626309395
5,03.11.2014,3,2014,True,0.0120560383685315,0.02102547325193882
5,04.11.2014,3,2014,True,0.0076240550925422,0.014814458787441254
5,05.11.2014,3,2014,True,0.0090074069953794,0.015162813477218151
5,06.11.2014,3,2014,True,0.0135267172457045,0.012723743915557861
5,07.11.2014,3,2014,True,0.0108149088919137,0.01608121581375599
5,10.11.2014,3,2014,True,0.0187773609829932,0.011054931208491325
5,11.11.2014,3,2014,True,0.0188321268752651,0.01343029085546732
5,12.11.2014,3,2014,True,0.018312333493432,0.013557104393839836
5,13.11.2014,3,2014,True,0.0134228684592254,0.013444003649055958
5,14.11.2014,3,2014,True,0.0134753731226207,0.015167193487286568
5,17.11.2014,3,2014,True,0.0123914591691394,0.014006956480443478
5,18.11.2014,3,2014,True,0.0141112512525083,0.016035284847021103
5,19.11.2014,3,2014,True,0.0143702030896402,0.015024872496724129
5,20.11.2014,3,2014,True,0.0451158473517674,0.014893647283315659
5,21.11.2014,3,2014,True,0.0500657725584232,0.013627422973513603
5,24.11.2014,3,2014,True,0.0496565896538458,0.01760859414935112
5,25.11.2014,3,2014,True,0.0500947691016574,0.01599329337477684
5,26.11.2014,3,2014,True,0.0503781313437315,0.016713233664631844
5,28.11.2014,3,2014,True,0.022458328193281,0.016056561842560768
5,01.12.2014,3,2014,True,0.0164226360876594,0.012729465030133724
5,02.12.2014,3,2014,True,0.0193035233965902,0.019829032942652702
5,03.12.2014,3,2014,True,0.0230846638173571,0.018503934144973755
5,04.12.2014,3,2014,True,0.0225107064555626,0.01760370284318924
5,05.12.2014,3,2014,True,0.0222065292388306,0.019911419600248337
5,08.12.2014,3,2014,True,0.0191060877104642,0.01567661575973034
5,09.12.2014,3,2014,True,0.0125232750584158,0.01560161542147398
5,10.12.2014,3,2014,True,0.0107377879619474,0.014301247894763947
5,11.12.2014,3,2014,True,0.0107189301078239,0.018672814592719078
5,12.12.2014,3,2014,True,0.021514479068117,0.017964763566851616
5,15.12.2014,3,2014,True,0.0228354779760604,0.01865333877503872
5,16.12.2014,3,2014,True,0.0236265863670592,0.023538127541542053
5,17.12.2014,3,2014,True,0.0272406243322852,0.023302365094423294
5,18.12.2014,3,2014,True,0.0277133978529759,0.026354053989052773
5,19.12.2014,3,2014,True,0.0216632568233808,0.02528240531682968
5,22.12.2014,3,2014,True,0.0214997618814836,0.026423892006278038
5,23.12.2014,3,2014,True,0.0109519862572387,0.02254124917089939
5,24.12.2014,3,2014,True,0.0098257771186882,0.027088623493909836
5,26.12.2014,3,2014,True,0.0233564557063315,0.025806549936532974
5,29.12.2014,3,2014,True,0.024460690807252,0.025856660678982735
5,30.12.2014,3,2014,True,0.0246251020420348,0.021751604974269867
5,31.12.2014,3,2014,True,0.0256902033771827,0.026087690144777298
22,02.01.2014,3,2014,True,0.0065568620036706,0.010959540493786335
22,03.01.2014,3,2014,True,0.0066210523638085,0.011157851666212082
22,06.01.2014,3,2014,True,0.008075947299425,0.010946744121611118
22,07.01.2014,3,2014,True,0.0082672261140659,0.010184272192418575
22,08.01.2014,3,2014,True,0.0082498802184712,0.010278528556227684
22,09.01.2014,3,2014,True,0.0080656338386238,0.010278528556227684
22,10.01.2014,3,2014,True,0.0079153608093475,0.01022600568830967
22,13.01.2014,3,2014,True,0.0078287047154497,0.010125762782990932
22,14.01.2014,3,2014,True,0.0083912766447381,0.011164293624460697
22,15.01.2014,3,2014,True,0.0083344689095706,0.011233069002628326
22,16.01.2014,3,2014,True,0.0084078334105866,0.01127542369067669
22,17.01.2014,3,2014,True,0.0084966419277095,0.011218845844268799
22,22.01.2014,3,2014,True,0.0085590743623757,0.011276939883828163
22,23.01.2014,3,2014,True,0.0084202768854638,0.011996299959719181
22,24.01.2014,3,2014,True,0.0085005760830876,0.012027767486870289
22,27.01.2014,3,2014,True,0.0081000481439766,0.011916637420654297
22,28.01.2014,3,2014,True,0.0089285772509495,0.01029709167778492
22,29.01.2014,3,2014,True,0.0097613363466947,0.010490414686501026
22,30.01.2014,3,2014,True,0.0102572090606397,0.010286204516887665
22,31.01.2014,3,2014,True,0.0097563064755905,0.01030655950307846
22,03.02.2014,3,2014,True,0.0098394727942485,0.010427510365843773
22,04.02.2014,3,2014,True,0.0100293874322698,0.010417275130748749
22,05.02.2014,3,2014,True,0.0100278628375949,0.010417275130748749
22,06.02.2014,3,2014,True,0.0099432552211107,0.010417275130748749
22,07.02.2014,3,2014,True,0.0087628179429944,0.010428162291646004
22,10.02.2014,3,2014,True,0.0089337698067431,0.010473254136741161
22,11.02.2014,3,2014,True,0.0089332445815123,0.010119478218257427
22,12.02.2014,3,2014,True,0.0095704668955618,0.010128946043550968
22,13.02.2014,3,2014,True,0.0097204454915896,0.010128946043550968
22,14.02.2014,3,2014,True,0.0098283353463574,0.010128946043550968
22,19.02.2014,3,2014,True,0.0091750012250345,0.009920597076416016
22,20.02.2014,3,2014,True,0.0091755005482708,0.009985371492803097
22,21.02.2014,3,2014,True,0.009179337572157,0.009937145747244358
22,24.02.2014,3,2014,True,0.0089970068725867,0.009937145747244358
22,25.02.2014,3,2014,True,0.0089684407424282,0.011225166730582714
22,26.02.2014,3,2014,True,0.00898892367853,0.011263095773756504
22,27.02.2014,3,2014,True,0.008947700679153,0.011168588884174824
22,28.02.2014,3,2014,True,0.0098591014421589,0.011114036664366722
22,03.03.2014,3,2014,True,0.008772682721749,0.011134391650557518
22,04.03.2014,3,2014,True,0.0087472050640726,0.01275641843676567
22,05.03.2014,3,2014,True,0.0083629268522491,0.012839620001614094
22,06.03.2014,3,2014,True,0.0084912571019182,0.01274308655411005
22,07.03.2014,3,2014,True,0.0091536364845456,0.012732199393212795
22,10.03.2014,3,2014,True,0.009004768430054,0.01303766667842865
22,11.03.2014,3,2014,True,0.0090044618582433,0.01211223378777504
22,12.03.2014,3,2014,True,0.0089521442838571,0.011761675588786602
22,13.03.2014,3,2014,True,0.0095075858139794,0.011761675588786602
22,14.03.2014,3,2014,True,0.0092553171120433,0.011761675588786602
22,17.03.2014,3,2014,True,0.0092555204344099,0.011772562749683857
22,18.03.2014,3,2014,True,0.0085927813755585,0.011201659217476845
22,19.03.2014,3,2014,True,0.0083110953105991,0.011264108121395111
22,20.03.2014,3,2014,True,0.0084280422424451,0.011271861381828785
22,21.03.2014,3,2014,True,0.0084142633400663,0.01126097422093153
22,24.03.2014,3,2014,True,0.0086747440802374,0.011215882375836372
22,25.03.2014,3,2014,True,0.0088526219634409,0.01136285625398159
22,26.03.2014,3,2014,True,0.0093779370231135,0.011411276645958424
22,27.03.2014,3,2014,True,0.0093953516228666,0.01145514752715826
22,28.03.2014,3,2014,True,0.0095723071160209,0.011480257846415043
22,31.03.2014,3,2014,True,0.0095723071160209,0.011469370685517788
22,01.04.2014,3,2014,True,0.008579517123622,0.01136266440153122
22,02.04.2014,3,2014,True,0.0085874277602742,0.011329112574458122
22,03.04.2014,3,2014,True,0.0083134212324847,0.011291773989796638
22,04.04.2014,3,2014,True,0.0084995014241515,0.011468668468296528
22,07.04.2014,3,2014,True,0.0082643169730658,0.011457781307399273
22,08.04.2014,3,2014,True,0.0074169475572432,0.00966602098196745
22,09.04.2014,3,2014,True,0.0074627880862937,0.00970279611647129
22,10.04.2014,3,2014,True,0.0075368089971451,0.009560877457261086
22,11.04.2014,3,2014,True,0.0077065744515487,0.009560877457261086
22,14.04.2014,3,2014,True,0.0069627797315616,0.009560877457261086
22,15.04.2014,3,2014,True,0.0069190391895356,0.011714579537510872
22,16.04.2014,3,2014,True,0.0072564081813949,0.011621261946856976
22,17.04.2014,3,2014,True,0.0071405182277415,0.011641616933047771
22,21.04.2014,3,2014,True,0.0072893318653782,0.011732392013072968
22,22.04.2014,3,2014,True,0.0071619394337549,0.009923719801008701
22,23.04.2014,3,2014,True,0.0071528932762188,0.010103625245392323
22,24.04.2014,3,2014,True,0.0068326343471453,0.00999249517917633
22,25.04.2014,3,2014,True,0.0066821261317587,0.009934606961905956
22,28.04.2014,3,2014,True,0.0059641417109173,0.010034849867224693
22,29.04.2014,3,2014,True,0.0058662263882115,0.011837692931294441
22,30.04.2014,3,2014,True,0.0056865641179246,0.011882784776389599
22,01.05.2014,3,2014,True,0.0056429931220067,0.011882784776389599
22,02.05.2014,3,2014,True,0.005472919356821,0.011826805770397186
22,05.05.2014,3,2014,True,0.0052231168531386,0.011837692931294441
22,06.05.2014,3,2014,True,0.0050375704895865,0.011927524581551552
22,07.05.2014,3,2014,True,0.0052987191754321,0.012027767486870289
22,08.05.2014,3,2014,True,0.0053986649592105,0.011927524581551552
22,09.05.2014,3,2014,True,0.0054232132320691,0.011936992406845093
22,12.05.2014,3,2014,True,0.0078386962106312,0.011916637420654297
22,13.05.2014,3,2014,True,0.0077431482280522,0.01193821057677269
22,14.05.2014,3,2014,True,0.0076134667978356,0.011949097737669945
22,15.05.2014,3,2014,True,0.0076121033239638,0.011949097737669945
22,16.05.2014,3,2014,True,0.0077063817743821,0.011996304616332054
22,19.05.2014,3,2014,True,0.0073702923780684,0.011982081457972527
22,20.05.2014,3,2014,True,0.0074298607463704,0.009887613356113434
22,21.05.2014,3,2014,True,0.00750647462182,0.009876726195216179
22,22.05.2014,3,2014,True,0.0074789026077537,0.009887613356113434
22,23.05.2014,3,2014,True,0.0075765240471228,0.009876726195216179
22,27.05.2014,3,2014,True,0.0076769475144703,0.009876726195216179
22,28.05.2014,3,2014,True,0.0076446847461388,0.011233069002628326
22,29.05.2014,3,2014,True,0.0079223551899575,0.011233069002628326
22,30.05.2014,3,2014,True,0.0078153956857902,0.01129116304218769
22,02.06.2014,3,2014,True,0.0080225230562853,0.01129116304218769
22,03.06.2014,3,2014,True,0.0080479453415093,0.011181864887475967
22,04.06.2014,3,2014,True,0.0081574160525393,0.01116764172911644
22,05.06.2014,3,2014,True,0.0085579941671153,0.011181864887475967
22,06.06.2014,3,2014,True,0.0086516604504963,0.011181864887475967
22,09.06.2014,3,2014,True,0.00822071235858,0.011181864887475967
22,10.06.2014,3,2014,True,0.0090611540254615,0.010176005773246288
22,11.06.2014,3,2014,True,0.0090384241552273,0.010165118612349033
22,12.06.2014,3,2014,True,0.0064979115433188,0.010165118612349033
22,13.06.2014,3,2014,True,0.0063503983456152,0.010494914837181568
22,16.06.2014,3,2014,True,0.006406249818291,0.010397546924650669
22,17.06.2014,3,2014,True,0.0070962629437853,0.011267497204244137
22,18.06.2014,3,2014,True,0.0069274417345143,0.011266933754086494
22,19.06.2014,3,2014,True,0.0065819444091806,0.011378063820302486
22,20.06.2014,3,2014,True,0.0068962392921612,0.011283510364592075
22,23.06.2014,3,2014,True,0.0069885637848154,0.011172380298376083
22,24.06.2014,3,2014,True,0.0076120204521507,0.011053589172661304
22,25.06.2014,3,2014,True,0.0076842593491509,0.011053589172661304
22,26.06.2014,3,2014,True,0.0076671174131035,0.011053589172661304
22,27.06.2014,3,2014,True,0.0078684727436647,0.01122281327843666
22,30.06.2014,3,2014,True,0.0077836677637243,0.011132038198411465
22,01.07.2014,3,2014,True,0.0079770293546601,0.011893786489963531
22,02.07.2014,3,2014,True,0.0080472485565564,0.011961348354816437
22,03.07.2014,3,2014,True,0.0081217801307687,0.011893786489963531
22,07.07.2014,3,2014,True,0.0080830131154089,0.011882899329066277
22,08.07.2014,3,2014,True,0.0080893280799334,0.011314640752971172
22,09.07.2014,3,2014,True,0.0080450455730025,0.011156303808093071
22,10.07.2014,3,2014,True,0.007975075065238,0.01120351068675518
22,11.07.2014,3,2014,True,0.007719513326128,0.011145416647195816
22,14.07.2014,3,2014,True,0.0082095092686141,0.011124867014586926
22,15.07.2014,3,2014,True,0.0092081009866624,0.010915196500718594
22,16.07.2014,3,2014,True,0.009211426938601,0.010926083661615849
22,17.07.2014,3,2014,True,0.0091973422673663,0.010915196500718594
22,18.07.2014,3,2014,True,0.0086685607832504,0.01093555148690939
22,21.07.2014,3,2014,True,0.0087978749768615,0.010926083661615849
22,22.07.2014,3,2014,True,0.0088793703034534,0.012606746517121792
22,23.07.2014,3,2014,True,0.0086742808857726,0.012675521895289421
22,24.07.2014,3,2014,True,0.0086395565700662,0.012786651961505413
22,25.07.2014,3,2014,True,0.008042648843575,0.012617633678019047
22,28.07.2014,3,2014,True,0.0080191695289167,0.012617633678019047
22,29.07.2014,3,2014,True,0.0079813917211152,0.011145137250423431
22,30.07.2014,3,2014,True,0.0079549029069269,0.011134250089526176
22,31.07.2014,3,2014,True,0.0097585540878974,0.011145137250423431
22,01.08.2014,3,2014,True,0.0110558933655564,0.011134250089526176
22,04.08.2014,3,2014,True,0.0110963920811548,0.01121391262859106
22,05.08.2014,3,2014,True,0.0111684472132485,0.010696622543036938
22,06.08.2014,3,2014,True,0.0112032239610254,0.010707509703934193
22,07.08.2014,3,2014,True,0.0111082772352647,0.01068239938467741
22,08.08.2014,3,2014,True,0.0112562618897464,0.010707509703934193
22,11.08.2014,3,2014,True,0.0112813422675956,0.010696622543036938
22,12.08.2014,3,2014,True,0.0110195536570815,0.012675521895289421
22,13.08.2014,3,2014,True,0.010513090405281,0.012617633678019047
22,14.08.2014,3,2014,True,0.0096749009124633,0.012662725523114204
22,15.08.2014,3,2014,True,0.0111937401166342,0.012839620001614094
22,18.08.2014,3,2014,True,0.0114572401778001,0.012849087826907635
22,19.08.2014,3,2014,True,0.0116085808350583,0.011836804449558258
22,20.08.2014,3,2014,True,0.0117673695750488,0.011857159435749054
22,21.08.2014,3,2014,True,0.0116990261293408,0.01177104003727436
22,22.08.2014,3,2014,True,0.0117236630027381,0.011741687543690205
22,25.08.2014,3,2014,True,0.0116685033126976,0.01168359350413084
22,26.08.2014,3,2014,True,0.0116792939509374,0.012585535645484924
22,27.08.2014,3,2014,True,0.0116777081313644,0.012585535645484924
22,28.08.2014,3,2014,True,0.0127379205372905,0.012585535645484924
22,29.08.2014,3,2014,True,0.0125150417306961,0.012585535645484924
22,02.09.2014,3,2014,True,0.0113726167517771,0.012696665711700916
22,03.09.2014,3,2014,True,0.0097460984478307,0.010699290782213211
22,04.09.2014,3,2014,True,0.0099236749430491,0.010838703252375126
22,05.09.2014,3,2014,True,0.0098671559845979,0.010885975323617458
22,08.09.2014,3,2014,True,0.0098922831296902,0.010755825787782669
22,09.09.2014,3,2014,True,0.0100590562861677,0.011638063006103039
22,10.09.2014,3,2014,True,0.0100148085521115,0.011789374053478241
22,11.09.2014,3,2014,True,0.0102313393823624,0.011790789663791656
22,12.09.2014,3,2014,True,0.0132724368643452,0.011742163449525833
22,15.09.2014,3,2014,True,0.0134023144201129,0.011148782446980476
22,16.09.2014,3,2014,True,0.0137066631624501,0.010859676636755466
22,17.09.2014,3,2014,True,0.0120846307152441,0.010845453478395939
22,18.09.2014,3,2014,True,0.0125515201509835,0.011694169603288174
22,19.09.2014,3,2014,True,0.0126879427332319,0.01160768885165453
22,22.09.2014,3,2014,True,0.0128052655915123,0.011707931756973267
22,23.09.2014,3,2014,True,0.0143780214493661,0.011575190350413322
22,24.09.2014,3,2014,True,0.0143283550281201,0.011693482287228107
22,25.09.2014,3,2014,True,0.0142752416472768,0.011492667719721794
22,26.09.2014,3,2014,True,0.0143269470416523,0.011481408961117268
22,29.09.2014,3,2014,True,0.0147593734236839,0.011365009471774101
22,30.09.2014,3,2014,True,0.0140265388634746,0.0115217799320817
22,01.10.2014,3,2014,True,0.0140242231638419,0.011785060167312622
22,02.10.2014,3,2014,True,0.0141205750209589,0.01110321469604969
22,03.10.2014,3,2014,True,0.014613394950649,0.011114101856946945
22,06.10.2014,3,2014,True,0.0145141344308755,0.010937770828604698
22,07.10.2014,3,2014,True,0.0145291955455056,0.012569033540785313
22,08.10.2014,3,2014,True,0.0147017118838542,0.011972813867032528
22,09.10.2014,3,2014,True,0.0146400067588231,0.011972813867032528
22,10.10.2014,3,2014,True,0.0146044753145962,0.01388473715633154
22,13.10.2014,3,2014,True,0.0146459315817198,0.016681721433997154
22,14.10.2014,3,2014,True,0.0131347875027259,0.01703447662293911
22,15.10.2014,3,2014,True,0.0129072458025695,0.017621630802750587
22,16.10.2014,3,2014,True,0.013636305577651,0.016647279262542725
22,17.10.2014,3,2014,True,0.0137076058683186,0.01595633290708065
22,20.10.2014,3,2014,True,0.0133722775695502,0.016098275780677795
22,21.10.2014,3,2014,True,0.0137246289154474,0.013525194488465786
22,22.10.2014,3,2014,True,0.0137993878987174,0.013299395330250263
22,23.10.2014,3,2014,True,0.0124417740359422,0.016928745433688164
22,24.10.2014,3,2014,True,0.0127303437990001,0.01812262274324894
22,27.10.2014,3,2014,True,0.0127459117750925,0.018157416954636574
22,28.10.2014,3,2014,True,0.0244350686651887,0.01840612292289734
22,29.10.2014,3,2014,True,0.0257001640366103,0.018320148810744286
22,30.10.2014,3,2014,True,0.0260385994862605,0.015112753957509995
22,31.10.2014,3,2014,True,0.026017511186657,0.018277665600180626
22,03.11.2014,3,2014,True,0.0260302122125774,0.018173696473240852
22,04.11.2014,3,2014,True,0.0258294037614482,0.01709721051156521
22,05.11.2014,3,2014,True,0.0267300352550043,0.016877932474017143
22,06.11.2014,3,2014,True,0.0270062950906044,0.01660388521850109
22,07.11.2014,3,2014,True,0.0274761970027347,0.016984377056360245
22,10.11.2014,3,2014,True,0.0274833678823937,0.014505155384540558
22,11.11.2014,3,2014,True,0.027718956057064,0.018067987635731697
22,12.11.2014,3,2014,True,0.0277093530802853,0.016368864104151726
22,13.11.2014,3,2014,True,0.0274528390876327,0.01649928092956543
22,14.11.2014,3,2014,True,0.027476226089403,0.01722610555589199
22,17.11.2014,3,2014,True,0.0265528270936049,0.01701582968235016
22,18.11.2014,3,2014,True,0.0284771549981057,0.01555919460952282
22,19.11.2014,3,2014,True,0.0285118831734554,0.014169258065521717
22,20.11.2014,3,2014,True,0.0290658027061948,0.014158370904624462
22,21.11.2014,3,2014,True,0.0286528021839527,0.014791707508265972
22,24.11.2014,3,2014,True,0.0286343773332482,0.014670404605567455
22,25.11.2014,3,2014,True,0.0287691118608256,0.014625534415245056
22,26.11.2014,3,2014,True,0.028897979194174,0.015229154378175735
22,28.11.2014,3,2014,True,0.0208767792746588,0.01448964886367321
22,01.12.2014,3,2014,True,0.0186019145538132,0.018086617812514305
22,02.12.2014,3,2014,True,0.0211003031751573,0.018084852024912834
22,03.12.2014,3,2014,True,0.0217697092274381,0.017960485070943832
22,04.12.2014,3,2014,True,0.0219070685478958,0.017501505091786385
22,05.12.2014,3,2014,True,0.0219846828212705,0.017373716458678246
22,08.12.2014,3,2014,True,0.0210452867160517,0.016926413401961327
22,09.12.2014,3,2014,True,0.0222521193523418,0.018641812726855278
22,10.12.2014,3,2014,True,0.0216045494085109,0.018442949280142784
22,11.12.2014,3,2014,True,0.0249621067285269,0.01911049149930477
22,12.12.2014,3,2014,True,0.0247609876749292,0.021885963156819344
22,15.12.2014,3,2014,True,0.0248963629763208,0.021685775369405746
22,16.12.2014,3,2014,True,0.0250880176459681,0.027631491422653198
22,17.12.2014,3,2014,True,0.0259158549795792,0.027184760197997093
22,18.12.2014,3,2014,True,0.0259176191970207,0.02761830948293209
22,19.12.2014,3,2014,True,0.0242393724721809,0.02731214463710785
22,22.12.2014,3,2014,True,0.0241350556070752,0.02720080316066742
22,23.12.2014,3,2014,True,0.0243952062219605,0.02580280229449272
22,24.12.2014,3,2014,True,0.0243756868841653,0.030057374387979507
22,26.12.2014,3,2014,True,0.0248634573489423,0.030057374387979507
22,29.12.2014,3,2014,True,0.0303035513223497,0.03009216859936714
22,30.12.2014,3,2014,True,0.0312926286347935,0.026485972106456757
22,31.12.2014,3,2014,True,0.0336311885181357,0.02503838576376438
66,02.01.2014,3,2014,True,0.0085501973681491,0.012018091045320034
66,03.01.2014,3,2014,True,0.0084893333737022,0.012258521281182766
66,06.01.2014,3,2014,True,0.0087124806984432,0.012018091045320034
66,07.01.2014,3,2014,True,0.0086950268715376,0.012284018099308014
66,08.01.2014,3,2014,True,0.0086913072614687,0.012524448335170746
66,09.01.2014,3,2014,True,0.0086778162436978,0.012524448335170746
66,10.01.2014,3,2014,True,0.0086363045270992,0.012284018099308014
66,13.01.2014,3,2014,True,0.0086521172204404,0.012284018099308014
66,14.01.2014,3,2014,True,0.0086426238149024,0.012018091045320034
66,15.01.2014,3,2014,True,0.0087065817948847,0.012018091045320034
66,16.01.2014,3,2014,True,0.0087519704261528,0.012018091045320034
66,17.01.2014,3,2014,True,0.0089142688501384,0.012018091045320034
66,22.01.2014,3,2014,True,0.0088599848044842,0.012018091045320034
66,23.01.2014,3,2014,True,0.008885795911515,0.012284018099308014
66,24.01.2014,3,2014,True,0.0088864810561444,0.012284018099308014
66,27.01.2014,3,2014,True,0.008826669605942,0.012284018099308014
66,28.01.2014,3,2014,True,0.0088476161519031,0.012284018099308014
66,29.01.2014,3,2014,True,0.0088653056664293,0.012284018099308014
66,30.01.2014,3,2014,True,0.0089506368771642,0.012284018099308014
66,31.01.2014,3,2014,True,0.0087665702069782,0.012284018099308014
66,03.02.2014,3,2014,True,0.0087573134471165,0.012284018099308014
66,04.02.2014,3,2014,True,0.008768274071789,0.012340545654296875
66,05.02.2014,3,2014,True,0.008799785711447,0.012340545654296875
66,06.02.2014,3,2014,True,0.0087976155360387,0.012340545654296875
66,07.02.2014,3,2014,True,0.0083797704775012,0.012340545654296875
66,10.02.2014,3,2014,True,0.0083085066744357,0.012340545654296875
66,11.02.2014,3,2014,True,0.0083955596624206,0.012370615266263485
66,12.02.2014,3,2014,True,0.0084020538182667,0.012370615266263485
66,13.02.2014,3,2014,True,0.0084545695177938,0.012370615266263485
66,14.02.2014,3,2014,True,0.0084580075569798,0.012370615266263485
66,19.02.2014,3,2014,True,0.0082311911573664,0.012130185030400753
66,20.02.2014,3,2014,True,0.0082496467742066,0.012284018099308014
66,21.02.2014,3,2014,True,0.0082375469343535,0.012284018099308014
66,24.02.2014,3,2014,True,0.0081909233365716,0.012284018099308014
66,25.02.2014,3,2014,True,0.0081166054141002,0.012284018099308014
66,26.02.2014,3,2014,True,0.0081427690605105,0.012284018099308014
66,27.02.2014,3,2014,True,0.0081184634851018,0.012284018099308014
66,28.02.2014,3,2014,True,0.0081311365340627,0.012284018099308014
66,03.03.2014,3,2014,True,0.0077753500526064,0.012284018099308014
66,04.03.2014,3,2014,True,0.0074854161729662,0.012340545654296875
66,05.03.2014,3,2014,True,0.0074362495354142,0.012580975890159607
66,06.03.2014,3,2014,True,0.0074488493600894,0.012580975890159607
66,07.03.2014,3,2014,True,0.0073950078280064,0.012580975890159607
66,10.03.2014,3,2014,True,0.0080498739815002,0.012580975890159607
66,11.03.2014,3,2014,True,0.0080443653694608,0.012659191153943539
66,12.03.2014,3,2014,True,0.0080198744393588,0.01188214123249054
66,13.03.2014,3,2014,True,0.0079792359977337,0.01188214123249054
66,14.03.2014,3,2014,True,0.0079185751324539,0.01188214123249054
66,17.03.2014,3,2014,True,0.0079540296301711,0.01188214123249054
66,18.03.2014,3,2014,True,0.0076710840489486,0.012340545654296875
66,19.03.2014,3,2014,True,0.0076226729401735,0.012340545654296875
66,20.03.2014,3,2014,True,0.0076053926053931,0.012340545654296875
66,21.03.2014,3,2014,True,0.007619811188821,0.012340545654296875
66,24.03.2014,3,2014,True,0.0076784176563288,0.012340545654296875
66,25.03.2014,3,2014,True,0.0076777686720965,0.01188214123249054
66,26.03.2014,3,2014,True,0.0077607151027174,0.01188214123249054
66,27.03.2014,3,2014,True,0.0077168120312775,0.01188214123249054
66,28.03.2014,3,2014,True,0.007811471270171,0.01188214123249054
66,31.03.2014,3,2014,True,0.007807315238361,0.01188214123249054
66,01.04.2014,3,2014,True,0.0074342189559252,0.011942596174776554
66,02.04.2014,3,2014,True,0.0075200100573031,0.011942596174776554
66,03.04.2014,3,2014,True,0.0074040652542784,0.011942596174776554
66,04.04.2014,3,2014,True,0.0073887341468863,0.012183026410639286
66,07.04.2014,3,2014,True,0.0076755522688239,0.012183026410639286
66,08.04.2014,3,2014,True,0.0073780682461032,0.012370615266263485
66,09.04.2014,3,2014,True,0.0074491762936247,0.012370615266263485
66,10.04.2014,3,2014,True,0.0074294299641605,0.012130185030400753
66,11.04.2014,3,2014,True,0.0074300158008535,0.012130185030400753
66,14.04.2014,3,2014,True,0.0073086460499621,0.012130185030400753
66,15.04.2014,3,2014,True,0.0073196548439941,0.01188214123249054
66,16.04.2014,3,2014,True,0.007329049337665,0.01188214123249054
66,17.04.2014,3,2014,True,0.0073263879841619,0.01188214123249054
66,21.04.2014,3,2014,True,0.0073862368618005,0.01188214123249054
66,22.04.2014,3,2014,True,0.0075115343661248,0.012284018099308014
66,23.04.2014,3,2014,True,0.0075660741178691,0.012284018099308014
66,24.04.2014,3,2014,True,0.0074355027020738,0.012284018099308014
66,25.04.2014,3,2014,True,0.0075152844331641,0.012284018099308014
66,28.04.2014,3,2014,True,0.007357804209757,0.012284018099308014
66,29.04.2014,3,2014,True,0.0074053273273251,0.01188214123249054
66,30.04.2014,3,2014,True,0.0073766060232324,0.01188214123249054
66,01.05.2014,3,2014,True,0.0074242774801304,0.01188214123249054
66,02.05.2014,3,2014,True,0.0073546972088866,0.01188214123249054
66,05.05.2014,3,2014,True,0.0073705964389647,0.01188214123249054
66,06.05.2014,3,2014,True,0.0073491550550087,0.012284018099308014
66,07.05.2014,3,2014,True,0.0072451028538231,0.012284018099308014
66,08.05.2014,3,2014,True,0.0074919515207926,0.012284018099308014
66,09.05.2014,3,2014,True,0.0076570793024175,0.012284018099308014
66,12.05.2014,3,2014,True,0.0080705719575139,0.012284018099308014
66,13.05.2014,3,2014,True,0.007999734664223,0.012191660702228546
66,14.05.2014,3,2014,True,0.0079120523324505,0.012191660702228546
66,15.05.2014,3,2014,True,0.0079007370108833,0.012191660702228546
66,16.05.2014,3,2014,True,0.0079661677201205,0.012191660702228546
66,19.05.2014,3,2014,True,0.0079157272477792,0.012191660702228546
66,20.05.2014,3,2014,True,0.0079058659429942,0.012130185030400753
66,21.05.2014,3,2014,True,0.0078492081165672,0.012130185030400753
66,22.05.2014,3,2014,True,0.0078489706833275,0.012130185030400753
66,23.05.2014,3,2014,True,0.0078519970914653,0.012130185030400753
66,27.05.2014,3,2014,True,0.0078411798381642,0.012130185030400753
66,28.05.2014,3,2014,True,0.0079046494037652,0.012018091045320034
66,29.05.2014,3,2014,True,0.0085710263689305,0.012018091045320034
66,30.05.2014,3,2014,True,0.0091057513970178,0.012018091045320034
66,02.06.2014,3,2014,True,0.0091467182293927,0.012018091045320034
66,03.06.2014,3,2014,True,0.0092120642181957,0.012130185030400753
66,04.06.2014,3,2014,True,0.0092268254189253,0.012130185030400753
66,05.06.2014,3,2014,True,0.0092763375114438,0.012130185030400753
66,06.06.2014,3,2014,True,0.0093569290366719,0.012130185030400753
66,09.06.2014,3,2014,True,0.0091915258540284,0.012130185030400753
66,10.06.2014,3,2014,True,0.0092418674118237,0.012284018099308014
66,11.06.2014,3,2014,True,0.0092205915000346,0.012284018099308014
66,12.06.2014,3,2014,True,0.0084560676856863,0.012284018099308014
66,13.06.2014,3,2014,True,0.0090293381765026,0.012524448335170746
66,16.06.2014,3,2014,True,0.009127370838736,0.012524448335170746
66,17.06.2014,3,2014,True,0.0091840024823176,0.012641430832445621
66,18.06.2014,3,2014,True,0.009234266176352,0.012641430832445621
66,19.06.2014,3,2014,True,0.0091598136594428,0.012641430832445621
66,20.06.2014,3,2014,True,0.0091706589841375,0.01240100059658289
66,23.06.2014,3,2014,True,0.0091679811639828,0.01240100059658289
66,24.06.2014,3,2014,True,0.0091481278011446,0.01188214123249054
66,25.06.2014,3,2014,True,0.0091632447861527,0.01188214123249054
66,26.06.2014,3,2014,True,0.0096120132326683,0.01188214123249054
66,27.06.2014,3,2014,True,0.0096075167025095,0.01188214123249054
66,30.06.2014,3,2014,True,0.0096037649421829,0.01188214123249054
66,01.07.2014,3,2014,True,0.0096653712147886,0.012284018099308014
66,02.07.2014,3,2014,True,0.0096828557194115,0.012284018099308014
66,03.07.2014,3,2014,True,0.0096991083317173,0.012284018099308014
66,07.07.2014,3,2014,True,0.0097069965061784,0.012284018099308014
66,08.07.2014,3,2014,True,0.0097530138721789,0.01188214123249054
66,09.07.2014,3,2014,True,0.0097613709918068,0.01188214123249054
66,10.07.2014,3,2014,True,0.0098381532711632,0.01188214123249054
66,11.07.2014,3,2014,True,0.0109104283873064,0.01188214123249054
66,14.07.2014,3,2014,True,0.0109708635413173,0.01188214123249054
66,15.07.2014,3,2014,True,0.0110470662762601,0.012340545654296875
66,16.07.2014,3,2014,True,0.011057349664916,0.012340545654296875
66,17.07.2014,3,2014,True,0.0111694690761693,0.012340545654296875
66,18.07.2014,3,2014,True,0.0111218606537114,0.012340545654296875
66,21.07.2014,3,2014,True,0.011221259152083,0.012340545654296875
66,22.07.2014,3,2014,True,0.0117516108539781,0.012340545654296875
66,23.07.2014,3,2014,True,0.0117032623228626,0.012340545654296875
66,24.07.2014,3,2014,True,0.0116831167021515,0.012340545654296875
66,25.07.2014,3,2014,True,0.0115422112663177,0.012340545654296875
66,28.07.2014,3,2014,True,0.0116984315764428,0.012340545654296875
66,29.07.2014,3,2014,True,0.0117150800485494,0.012340545654296875
66,30.07.2014,3,2014,True,0.0116739993571259,0.012340545654296875
66,31.07.2014,3,2014,True,0.0117301599361153,0.012340545654296875
66,01.08.2014,3,2014,True,0.0119490698585965,0.012340545654296875
66,04.08.2014,3,2014,True,0.0119138052377862,0.012340545654296875
66,05.08.2014,3,2014,True,0.0119073005044984,0.012340545654296875
66,06.08.2014,3,2014,True,0.0119629528291156,0.012340545654296875
66,07.08.2014,3,2014,True,0.0119281640509788,0.012340545654296875
66,08.08.2014,3,2014,True,0.011940567178082,0.012340545654296875
66,11.08.2014,3,2014,True,0.0120329294724598,0.012340545654296875
66,12.08.2014,3,2014,True,0.0124020815132382,0.012340545654296875
66,13.08.2014,3,2014,True,0.0122347026673923,0.012340545654296875
66,14.08.2014,3,2014,True,0.012398643384981,0.012340545654296875
66,15.08.2014,3,2014,True,0.0124201954387206,0.012580975890159607
66,18.08.2014,3,2014,True,0.0124203656712407,0.012580975890159607
66,19.08.2014,3,2014,True,0.0126461288287575,0.012122571468353271
66,20.08.2014,3,2014,True,0.0127428865051737,0.012122571468353271
66,21.08.2014,3,2014,True,0.0127255584122017,0.01188214123249054
66,22.08.2014,3,2014,True,0.0128294067079291,0.01188214123249054
66,25.08.2014,3,2014,True,0.0128009309161606,0.01188214123249054
66,26.08.2014,3,2014,True,0.0176374921907656,0.012340545654296875
66,27.08.2014,3,2014,True,0.0182645277716193,0.012340545654296875
66,28.08.2014,3,2014,True,0.0184728422464634,0.012340545654296875
66,29.08.2014,3,2014,True,0.0184075659966528,0.012340545654296875
66,02.09.2014,3,2014,True,0.0181999425206685,0.012340545654296875
66,03.09.2014,3,2014,True,0.0178256334382552,0.012580975890159607
66,04.09.2014,3,2014,True,0.0183824335340453,0.013358025811612606
66,05.09.2014,3,2014,True,0.0184858851412627,0.013358025811612606
66,08.09.2014,3,2014,True,0.0189387913478701,0.013306147418916225
66,09.09.2014,3,2014,True,0.0189348767500929,0.013358025811612606
66,10.09.2014,3,2014,True,0.0191278845239833,0.013358025811612606
66,11.09.2014,3,2014,True,0.0191187439922765,0.013117595575749874
66,12.09.2014,3,2014,True,0.0191795525871142,0.013117595575749874
66,15.09.2014,3,2014,True,0.0191928475826777,0.012340545654296875
66,16.09.2014,3,2014,True,0.0191734241613866,0.012018091045320034
66,17.09.2014,3,2014,True,0.0194968657675095,0.012018091045320034
66,18.09.2014,3,2014,True,0.0195573966800078,0.013035571202635765
66,19.09.2014,3,2014,True,0.019906898138676,0.013035571202635765
66,22.09.2014,3,2014,True,0.0199926071587382,0.013035571202635765
66,23.09.2014,3,2014,True,0.0199918329623006,0.013301498256623745
66,24.09.2014,3,2014,True,0.0201040496456091,0.013301498256623745
66,25.09.2014,3,2014,True,0.0201029758302215,0.013061068020761013
66,26.09.2014,3,2014,True,0.0200806556856455,0.013061068020761013
66,29.09.2014,3,2014,True,0.0200649526226728,0.013061068020761013
66,30.09.2014,3,2014,True,0.0209576043441575,0.012795140966773033
66,01.10.2014,3,2014,True,0.0212714420728314,0.013035571202635765
66,02.10.2014,3,2014,True,0.0213082105177882,0.012258521281182766
66,03.10.2014,3,2014,True,0.0213155002717451,0.012258521281182766
66,06.10.2014,3,2014,True,0.0212622009458273,0.012018091045320034
66,07.10.2014,3,2014,True,0.021989213612452,0.013405313715338707
66,08.10.2014,3,2014,True,0.0220084938706008,0.012923951260745525
66,09.10.2014,3,2014,True,0.0229916498117501,0.012923951260745525
66,10.10.2014,3,2014,True,0.0229948394104954,0.015142407268285751
66,13.10.2014,3,2014,True,0.023019055649402,0.015773558989167213
66,14.10.2014,3,2014,True,0.0226803494557387,0.015773558989167213
66,15.10.2014,3,2014,True,0.0229659219346247,0.016769280657172203
66,16.10.2014,3,2014,True,0.0228766060862787,0.016323763877153397
66,17.10.2014,3,2014,True,0.0229132570369753,0.016083838418126106
66,20.10.2014,3,2014,True,0.022803310388418,0.016083838418126106
66,21.10.2014,3,2014,True,0.0231767886726217,0.015492863953113556
66,22.10.2014,3,2014,True,0.023219363840679,0.01521959900856018
66,23.10.2014,3,2014,True,0.0230132623610566,0.016091180965304375
66,24.10.2014,3,2014,True,0.025242891190252,0.01653669774532318
66,27.10.2014,3,2014,True,0.0257162497057161,0.01653669774532318
66,28.10.2014,3,2014,True,0.026838065617322,0.016459506005048752
66,29.10.2014,3,2014,True,0.0277604912502215,0.016459506005048752
66,30.10.2014,3,2014,True,0.0284507456010065,0.01591307297348976
66,31.10.2014,3,2014,True,0.0286566358158633,0.01621907576918602
66,03.11.2014,3,2014,True,0.0287055144422088,0.01621907576918602
66,04.11.2014,3,2014,True,0.028825142850588,0.015953147783875465
66,05.11.2014,3,2014,True,0.0289867987329901,0.016193578019738197
66,06.11.2014,3,2014,True,0.0296053578303271,0.015953147783875465
66,07.11.2014,3,2014,True,0.0296026928902472,0.015953147783875465
66,10.11.2014,3,2014,True,0.0316533279660265,0.015647144988179207
66,11.11.2014,3,2014,True,0.0318418426489361,0.016305673867464066
66,12.11.2014,3,2014,True,0.0318102537260076,0.015619725920259953
66,13.11.2014,3,2014,True,0.0316387511607961,0.015619725920259953
66,14.11.2014,3,2014,True,0.0317176444457306,0.01586015708744526
66,17.11.2014,3,2014,True,0.0315731651496162,0.015619725920259953
66,18.11.2014,3,2014,True,0.0322529398563433,0.016704076901078224
66,19.11.2014,3,2014,True,0.03236954873146,0.01618446409702301
66,20.11.2014,3,2014,True,0.0327600445347716,0.016070513054728508
66,21.11.2014,3,2014,True,0.0331807482083364,0.016070513054728508
66,24.11.2014,3,2014,True,0.033369024423976,0.016258560121059418
66,25.11.2014,3,2014,True,0.0333326069648286,0.016258560121059418
66,26.11.2014,3,2014,True,0.0333313294757947,0.017325010150671005
66,28.11.2014,3,2014,True,0.0309721235131389,0.016258560121059418
66,01.12.2014,3,2014,True,0.0307186228672327,0.02083415910601616
66,02.12.2014,3,2014,True,0.0308545476189394,0.021729059517383575
66,03.12.2014,3,2014,True,0.0309823643720561,0.021729059517383575
66,04.12.2014,3,2014,True,0.0309884161766688,0.020662609487771988
66,05.12.2014,3,2014,True,0.0313743643374177,0.020662609487771988
66,08.12.2014,3,2014,True,0.0310882589982814,0.018162280321121216
66,09.12.2014,3,2014,True,0.0310482627625179,0.019457899034023285
66,10.12.2014,3,2014,True,0.0312832037759954,0.019281063228845596
66,11.12.2014,3,2014,True,0.0314211071416783,0.01955900527536869
66,12.12.2014,3,2014,True,0.0313224065462117,0.024046361446380615
66,15.12.2014,3,2014,True,0.0313279534616707,0.024673590436577797
66,16.12.2014,3,2014,True,0.0312868035879561,0.029526829719543457
66,17.12.2014,3,2014,True,0.0314477006588322,0.029526829719543457
66,18.12.2014,3,2014,True,0.0319732670513119,0.029286397621035576
66,19.12.2014,3,2014,True,0.032208786344193,0.029286397621035576
66,22.12.2014,3,2014,True,0.0321155335908886,0.030084971338510513
66,23.12.2014,3,2014,True,0.0320311663372123,0.02882183901965618
66,24.12.2014,3,2014,True,0.032232720626332,0.03388066589832306
66,26.12.2014,3,2014,True,0.0325292708458774,0.03388066589832306
66,29.12.2014,3,2014,True,0.0331205130158338,0.03388066589832306
66,30.12.2014,3,2014,True,0.0331839404101921,0.026812145486474037
66,31.12.2014,3,2014,True,0.0340378089356181,0.02561316452920437
126,02.01.2014,3,2014,True,0.0079252088137793,0.012284212745726109
126,03.01.2014,3,2014,True,0.0079089189813748,0.01241113618016243
126,06.01.2014,3,2014,True,0.0079136877967974,0.012358414940536022
126,07.01.2014,3,2014,True,0.008072448531585,0.01268442440778017
126,08.01.2014,3,2014,True,0.0080753253552023,0.012758626602590084
126,09.01.2014,3,2014,True,0.0080904246935456,0.012758626602590084
126,10.01.2014,3,2014,True,0.0080589600049483,0.01268442440778017
126,13.01.2014,3,2014,True,0.0080491140709896,0.01268442440778017
126,14.01.2014,3,2014,True,0.0081147948768956,0.012427122332155704
126,15.01.2014,3,2014,True,0.0080995071923888,0.012427122332155704
126,16.01.2014,3,2014,True,0.0081047542763585,0.012427122332155704
126,17.01.2014,3,2014,True,0.0081252472949434,0.012427122332155704
126,22.01.2014,3,2014,True,0.0081020902428428,0.012427122332155704
126,23.01.2014,3,2014,True,0.0081561188773123,0.012657897546887398
126,24.01.2014,3,2014,True,0.0081807481354817,0.012657897546887398
126,27.01.2014,3,2014,True,0.0081209960325021,0.012657897546887398
126,28.01.2014,3,2014,True,0.0081615507050646,0.01268442440778017
126,29.01.2014,3,2014,True,0.0081629171858606,0.01268442440778017
126,30.01.2014,3,2014,True,0.008221486399409,0.01268442440778017
126,31.01.2014,3,2014,True,0.0081365490146757,0.01268442440778017
126,03.02.2014,3,2014,True,0.0081590256257639,0.012768552638590336
126,04.02.2014,3,2014,True,0.008156307714747,0.013414192013442516
126,05.02.2014,3,2014,True,0.0081790374416177,0.013414192013442516
126,06.02.2014,3,2014,True,0.0081474282331552,0.013414192013442516
126,07.02.2014,3,2014,True,0.0079057426958415,0.013414192013442516
126,10.02.2014,3,2014,True,0.0079940518552484,0.01336955651640892
126,11.02.2014,3,2014,True,0.0080718942183936,0.01295176800340414
126,12.02.2014,3,2014,True,0.0082986683796835,0.01295176800340414
126,13.02.2014,3,2014,True,0.0082986704762226,0.01295176800340414
126,14.02.2014,3,2014,True,0.0083026306141036,0.01295176800340414
126,19.02.2014,3,2014,True,0.0081707738223737,0.012877565808594227
126,20.02.2014,3,2014,True,0.0081993292773381,0.012541907839477062
126,21.02.2014,3,2014,True,0.0082010374596257,0.012541514821350574
126,24.02.2014,3,2014,True,0.0081753786062379,0.012541514821350574
126,25.02.2014,3,2014,True,0.0081374265560371,0.012877565808594227
126,26.02.2014,3,2014,True,0.0081376800449616,0.012877565808594227
126,27.02.2014,3,2014,True,0.0081305707922006,0.012877565808594227
126,28.02.2014,3,2014,True,0.0081315489175781,0.012877565808594227
126,03.03.2014,3,2014,True,0.0079640559306581,0.012877565808594227
126,04.03.2014,3,2014,True,0.0081985288496546,0.013443758711218834
126,05.03.2014,3,2014,True,0.0083968814440847,0.013489281758666039
126,06.03.2014,3,2014,True,0.0084273203884597,0.01357004139572382
126,07.03.2014,3,2014,True,0.0084323758661095,0.013569153845310211
126,10.03.2014,3,2014,True,0.0084176678405398,0.013569153845310211
126,11.03.2014,3,2014,True,0.0084511231980594,0.012713403441011906
126,12.03.2014,3,2014,True,0.008496184494221,0.012639201246201992
126,13.03.2014,3,2014,True,0.0084845334395365,0.012639201246201992
126,14.03.2014,3,2014,True,0.008458976130403,0.012639201246201992
126,17.03.2014,3,2014,True,0.0084657788538408,0.012639201246201992
126,18.03.2014,3,2014,True,0.008353212970812,0.013414192013442516
126,19.03.2014,3,2014,True,0.0086069084749462,0.013415079563856125
126,20.03.2014,3,2014,True,0.0086589469190273,0.013414192013442516
126,21.03.2014,3,2014,True,0.0086744768955752,0.01348839420825243
126,24.03.2014,3,2014,True,0.0087621107333593,0.013414192013442516
126,25.03.2014,3,2014,True,0.0087594385788074,0.012639201246201992
126,26.03.2014,3,2014,True,0.0087603345036558,0.012639201246201992
126,27.03.2014,3,2014,True,0.0087299394917874,0.012639201246201992
126,28.03.2014,3,2014,True,0.0087259444161472,0.012639201246201992
126,31.03.2014,3,2014,True,0.0087278961390166,0.012639201246201992
126,01.04.2014,3,2014,True,0.0088564444876783,0.012501892633736134
126,02.04.2014,3,2014,True,0.0088434309399634,0.012638349086046219
126,03.04.2014,3,2014,True,0.0087786295782492,0.012501892633736134
126,04.04.2014,3,2014,True,0.0088135174487437,0.012576094828546047
126,07.04.2014,3,2014,True,0.0088067687142961,0.012576094828546047
126,08.04.2014,3,2014,True,0.0086682375102638,0.012615717016160488
126,09.04.2014,3,2014,True,0.008680815994564,0.012616110034286976
126,10.04.2014,3,2014,True,0.0087564392804445,0.012541514821350574
126,11.04.2014,3,2014,True,0.0087610024075224,0.012541514821350574
126,14.04.2014,3,2014,True,0.0086996585849359,0.012541514821350574
126,15.04.2014,3,2014,True,0.0094929044200846,0.012723329477012157
126,16.04.2014,3,2014,True,0.0095601776053032,0.012639201246201992
126,17.04.2014,3,2014,True,0.0095722300023082,0.012639201246201992
126,21.04.2014,3,2014,True,0.0095611918750106,0.012639201246201992
126,22.04.2014,3,2014,True,0.0096153986513947,0.0127591947093606
126,23.04.2014,3,2014,True,0.0096698759675798,0.0127591947093606
126,24.04.2014,3,2014,True,0.0097005904371331,0.0127591947093606
126,25.04.2014,3,2014,True,0.0099806032526384,0.0127591947093606
126,28.04.2014,3,2014,True,0.0099424680918687,0.0127591947093606
126,29.04.2014,3,2014,True,0.0099050563310044,0.012723329477012157
126,30.04.2014,3,2014,True,0.0098948741852763,0.012639201246201992
126,01.05.2014,3,2014,True,0.0099771413792684,0.012713403441011906
126,02.05.2014,3,2014,True,0.0099697299544915,0.012639201246201992
126,05.05.2014,3,2014,True,0.0099568672763966,0.012639201246201992
126,06.05.2014,3,2014,True,0.0099964317454296,0.012657897546887398
126,07.05.2014,3,2014,True,0.0101220544715068,0.012657897546887398
126,08.05.2014,3,2014,True,0.0101267496383727,0.012657897546887398
126,09.05.2014,3,2014,True,0.010126955729656,0.012657897546887398
126,12.05.2014,3,2014,True,0.0101364637817792,0.012657897546887398
126,13.05.2014,3,2014,True,0.0101422170416158,0.012501892633736134
126,14.05.2014,3,2014,True,0.0101082480421515,0.012501892633736134
126,15.05.2014,3,2014,True,0.0101710744722501,0.012501892633736134
126,16.05.2014,3,2014,True,0.0104819970637204,0.012501892633736134
126,19.05.2014,3,2014,True,0.0104643193769868,0.012501892633736134
126,20.05.2014,3,2014,True,0.0106467570008355,0.012877565808594227
126,21.05.2014,3,2014,True,0.0106297127111351,0.012877565808594227
126,22.05.2014,3,2014,True,0.0106308237386176,0.012877565808594227
126,23.05.2014,3,2014,True,0.0107493592472959,0.012877565808594227
126,27.05.2014,3,2014,True,0.0108362619278828,0.012877565808594227
126,28.05.2014,3,2014,True,0.0108493112211205,0.012427122332155704
126,29.05.2014,3,2014,True,0.0109201409624939,0.012427122332155704
126,30.05.2014,3,2014,True,0.0109262193786736,0.012427122332155704
126,02.06.2014,3,2014,True,0.0141055511479636,0.012427122332155704
126,03.06.2014,3,2014,True,0.0144826614556004,0.012657897546887398
126,04.06.2014,3,2014,True,0.0146493554196168,0.012657897546887398
126,05.06.2014,3,2014,True,0.0146436521810522,0.012657897546887398
126,06.06.2014,3,2014,True,0.0146427720928209,0.012657897546887398
126,09.06.2014,3,2014,True,0.014576415149215,0.012657897546887398
126,10.06.2014,3,2014,True,0.0149826775159915,0.012826520018279552
126,11.06.2014,3,2014,True,0.0150164543714288,0.012826520018279552
126,12.06.2014,3,2014,True,0.0150826029453182,0.012826520018279552
126,13.06.2014,3,2014,True,0.0150704533521479,0.013037178665399551
126,16.06.2014,3,2014,True,0.0152261546764316,0.012900722213089466
126,17.06.2014,3,2014,True,0.0152304961011622,0.01346755214035511
126,18.06.2014,3,2014,True,0.0152495095518849,0.01346755214035511
126,19.06.2014,3,2014,True,0.0152153545063404,0.01346755214035511
126,20.06.2014,3,2014,True,0.0152164793465544,0.013393349945545197
126,23.06.2014,3,2014,True,0.015632532154163,0.013393349945545197
126,24.06.2014,3,2014,True,0.0156807320286769,0.012639201246201992
126,25.06.2014,3,2014,True,0.0159227903983976,0.012639201246201992
126,26.06.2014,3,2014,True,0.016010741071471,0.012639201246201992
126,27.06.2014,3,2014,True,0.0160187140181209,0.012639201246201992
126,30.06.2014,3,2014,True,0.0161320563823392,0.012639201246201992
126,01.07.2014,3,2014,True,0.0161345166175716,0.012875577434897423
126,02.07.2014,3,2014,True,0.0161356005326523,0.012875577434897423
126,03.07.2014,3,2014,True,0.0161614113473736,0.012875577434897423
126,07.07.2014,3,2014,True,0.0168898835965722,0.012875577434897423
126,08.07.2014,3,2014,True,0.0171326344407693,0.012618359178304672
126,09.07.2014,3,2014,True,0.017143932130536,0.012618359178304672
126,10.07.2014,3,2014,True,0.0171237144710392,0.012618359178304672
126,11.07.2014,3,2014,True,0.0171135675588126,0.012618359178304672
126,14.07.2014,3,2014,True,0.0176408282729368,0.012754815630614758
126,15.07.2014,3,2014,True,0.0176687187351078,0.013414192013442516
126,16.07.2014,3,2014,True,0.0182304991055793,0.013414192013442516
126,17.07.2014,3,2014,True,0.0182676449586554,0.013414192013442516
126,18.07.2014,3,2014,True,0.0182035953079765,0.013414192013442516
126,21.07.2014,3,2014,True,0.0182146922801515,0.013414192013442516
126,22.07.2014,3,2014,True,0.0183810532065276,0.013414192013442516
126,23.07.2014,3,2014,True,0.0183492347124171,0.013414192013442516
126,24.07.2014,3,2014,True,0.0183782854827946,0.013414192013442516
126,25.07.2014,3,2014,True,0.0183125936764987,0.013414192013442516
126,28.07.2014,3,2014,True,0.0185893459875423,0.013414192013442516
126,29.07.2014,3,2014,True,0.0186375072982366,0.013414192013442516
126,30.07.2014,3,2014,True,0.018715692033659,0.013414192013442516
126,31.07.2014,3,2014,True,0.020083475620336,0.013414192013442516
126,01.08.2014,3,2014,True,0.0203623579406307,0.013414192013442516
126,04.08.2014,3,2014,True,0.0210617696564862,0.013414192013442516
126,05.08.2014,3,2014,True,0.0217773619852692,0.013414192013442516
126,06.08.2014,3,2014,True,0.0222024842358083,0.013414192013442516
126,07.08.2014,3,2014,True,0.0222971557101198,0.013414192013442516
126,08.08.2014,3,2014,True,0.0223322827324649,0.013414192013442516
126,11.08.2014,3,2014,True,0.02247689576992,0.013414192013442516
126,12.08.2014,3,2014,True,0.022583828318403,0.013414192013442516
126,13.08.2014,3,2014,True,0.0229326244656368,0.013415079563856125
126,14.08.2014,3,2014,True,0.0228998650272171,0.01348839420825243
126,15.08.2014,3,2014,True,0.0242713069767869,0.013443758711218834
126,18.08.2014,3,2014,True,0.0244048661680212,0.013569153845310211
126,19.08.2014,3,2014,True,0.0244028030280838,0.012794162146747112
126,20.08.2014,3,2014,True,0.0243851753949741,0.012713403441011906
126,21.08.2014,3,2014,True,0.0244276690479891,0.012713403441011906
126,22.08.2014,3,2014,True,0.0244274913834906,0.012639201246201992
126,25.08.2014,3,2014,True,0.0248842302530319,0.012639201246201992
126,26.08.2014,3,2014,True,0.0249595256884533,0.013414192013442516
126,27.08.2014,3,2014,True,0.0252809195136513,0.013414192013442516
126,28.08.2014,3,2014,True,0.0256085091083431,0.013414192013442516
126,29.08.2014,3,2014,True,0.0257176823968388,0.013414192013442516
126,02.09.2014,3,2014,True,0.0256306189754128,0.013414192013442516
126,03.09.2014,3,2014,True,0.0255090101164613,0.013524518348276615
126,04.09.2014,3,2014,True,0.0255158313734646,0.014304088428616524
126,05.09.2014,3,2014,True,0.0255509589737422,0.01434872392565012
126,08.09.2014,3,2014,True,0.0257184508493814,0.01434872392565012
126,09.09.2014,3,2014,True,0.0258070601977882,0.01434872392565012
126,10.09.2014,3,2014,True,0.0258014947468771,0.01434872392565012
126,11.09.2014,3,2014,True,0.0260286737213645,0.014193763025105
126,12.09.2014,3,2014,True,0.0260745556495032,0.014193763025105
126,15.09.2014,3,2014,True,0.0260777105450158,0.013414192013442516
126,16.09.2014,3,2014,True,0.0264539856442887,0.012427122332155704
126,17.09.2014,3,2014,True,0.0264064571916292,0.012427122332155704
126,18.09.2014,3,2014,True,0.0264618423763258,0.013417351990938187
126,19.09.2014,3,2014,True,0.0264770427077641,0.013361654244363308
126,22.09.2014,3,2014,True,0.0264772052323862,0.013361654244363308
126,23.09.2014,3,2014,True,0.0266019256544153,0.013940530829131603
126,24.09.2014,3,2014,True,0.0269857484339178,0.013856402598321438
126,25.09.2014,3,2014,True,0.027268028653938,0.013701441697776318
126,26.09.2014,3,2014,True,0.0272660007106323,0.013701441697776318
126,29.09.2014,3,2014,True,0.0273011148686514,0.013701441697776318
126,30.09.2014,3,2014,True,0.0274602715017152,0.013281463645398617
126,01.10.2014,3,2014,True,0.0276302580806063,0.013492122292518616
126,02.10.2014,3,2014,True,0.0281462933713462,0.012576094828546047
126,03.10.2014,3,2014,True,0.0281954511669438,0.012576094828546047
126,06.10.2014,3,2014,True,0.028659736686894,0.012501892633736134
126,07.10.2014,3,2014,True,0.0287266326092424,0.012949779629707336
126,08.10.2014,3,2014,True,0.0288215535087968,0.014129295013844967
126,09.10.2014,3,2014,True,0.0288073921395824,0.014129295013844967
126,10.10.2014,3,2014,True,0.02882378384501,0.015621581114828587
126,13.10.2014,3,2014,True,0.0289760329993471,0.015537455677986145
126,14.10.2014,3,2014,True,0.028741147859365,0.016401147469878197
126,15.10.2014,3,2014,True,0.0290897391921558,0.01685428060591221
126,16.10.2014,3,2014,True,0.0290754357357437,0.016556108370423317
126,17.10.2014,3,2014,True,0.0291261297229604,0.01647198013961315
126,20.10.2014,3,2014,True,0.0291271587452271,0.01647198013961315
126,21.10.2014,3,2014,True,0.0292812324222631,0.016539305448532104
126,22.10.2014,3,2014,True,0.0292588997347338,0.016384344547986984
126,23.10.2014,3,2014,True,0.0291627795478355,0.016542674973607063
126,24.10.2014,3,2014,True,0.0291582270312371,0.01692160591483116
126,27.10.2014,3,2014,True,0.0292160698639878,0.0167851485311985
126,28.10.2014,3,2014,True,0.0292494977106283,0.01666100323200226
126,29.10.2014,3,2014,True,0.0292210689938373,0.01666100323200226
126,30.10.2014,3,2014,True,0.0292127356287998,0.01658024452626705
126,31.10.2014,3,2014,True,0.0292560737202196,0.016506042331457138
126,03.11.2014,3,2014,True,0.0292442691418531,0.016506042331457138
126,04.11.2014,3,2014,True,0.029317464757293,0.016189176589250565
126,05.11.2014,3,2014,True,0.0293158732193978,0.016399836167693138
126,06.11.2014,3,2014,True,0.0293198394820134,0.016189176589250565
126,07.11.2014,3,2014,True,0.0294452439306724,0.016189176589250565
126,10.11.2014,3,2014,True,0.0294290302506607,0.016263378784060478
126,11.11.2014,3,2014,True,0.0294236065885887,0.016698621213436127
126,12.11.2014,3,2014,True,0.0293957625671065,0.016378575935959816
126,13.11.2014,3,2014,True,0.0292768869208117,0.016378968954086304
126,14.11.2014,3,2014,True,0.029426343077446,0.01658625900745392
126,17.11.2014,3,2014,True,0.029403459636084,0.01645277813076973
126,18.11.2014,3,2014,True,0.0294728199228569,0.017211807891726494
126,19.11.2014,3,2014,True,0.0295076725627169,0.017129022628068924
126,20.11.2014,3,2014,True,0.0295455482482627,0.017010601237416267
126,21.11.2014,3,2014,True,0.0295971448054621,0.016930729150772095
126,24.11.2014,3,2014,True,0.0296058255473851,0.017010601237416267
126,25.11.2014,3,2014,True,0.0298860522374695,0.01692984253168106
126,26.11.2014,3,2014,True,0.0298920668382091,0.01918725296854973
126,28.11.2014,3,2014,True,0.0284845476647833,0.017010601237416267
126,01.12.2014,3,2014,True,0.0284097142562959,0.020685728639364243
126,02.12.2014,3,2014,True,0.0284110601686428,0.025401664897799492
126,03.12.2014,3,2014,True,0.02846621831019,0.02554396726191044
126,04.12.2014,3,2014,True,0.028476234648003,0.021499594673514366
126,05.12.2014,3,2014,True,0.0286398537676702,0.021499594673514366
126,08.12.2014,3,2014,True,0.028411904726464,0.018876157701015472
126,09.12.2014,3,2014,True,0.0284092096266748,0.02140207216143608
126,10.12.2014,3,2014,True,0.0282398539959357,0.021160831674933434
126,11.12.2014,3,2014,True,0.0282849064141455,0.02140207216143608
126,12.12.2014,3,2014,True,0.0281645748190137,0.02573172189295292
126,15.12.2014,3,2014,True,0.0281935746114216,0.029605573043227196
126,16.12.2014,3,2014,True,0.0281395012136319,0.033424921333789825
126,17.12.2014,3,2014,True,0.0281958447184672,0.03338417038321495
126,18.12.2014,3,2014,True,0.0281863701420894,0.0330929197371006
126,19.12.2014,3,2014,True,0.0280575391210007,0.0330929197371006
126,22.12.2014,3,2014,True,0.0280266187464696,0.033716168254613876
126,23.12.2014,3,2014,True,0.027936115138294,0.03315296769142151
126,24.12.2014,3,2014,True,0.0278530617040772,0.03315296769142151
126,26.12.2014,3,2014,True,0.0278859180143621,0.03315296769142151
126,29.12.2014,3,2014,True,0.0278659169456861,0.032862111926078796
126,30.12.2014,3,2014,True,0.0279613346748004,0.026280421763658524
126,31.12.2014,3,2014,True,0.0279456370457332,0.025919387117028236
5,02.01.2015,4,2015,True,0.0256324604709535,0.024209633469581604
5,05.01.2015,4,2015,True,0.0237099328972966,0.02425115555524826
5,06.01.2015,4,2015,True,0.0219702012622379,0.02126591093838215
5,07.01.2015,4,2015,True,0.035690152847473,0.02055833302438259
5,08.01.2015,4,2015,True,0.0357931319329843,0.02444903366267681
5,09.01.2015,4,2015,True,0.0362029965956416,0.022366805002093315
5,12.01.2015,4,2015,True,0.0260921595772801,0.02136584185063839
5,13.01.2015,4,2015,True,0.0243411557547239,0.018769139423966408
5,14.01.2015,4,2015,True,0.0162347958055504,0.017514819279313087
5,15.01.2015,4,2015,True,0.0115263173711757,0.021225836127996445
5,16.01.2015,4,2015,True,0.0140426734941443,0.019439177587628365
5,20.01.2015,4,2015,True,0.0188343563666764,0.022642867639660835
5,21.01.2015,4,2015,True,0.020504651951271,0.015807677060365677
5,22.01.2015,4,2015,True,0.0209196239238202,0.013439211063086987
5,23.01.2015,4,2015,True,0.039075358548038,0.012286306358873844
5,26.01.2015,4,2015,True,0.0356388219493405,0.012863075360655785
5,27.01.2015,4,2015,True,0.03824889231551,0.01760394126176834
5,28.01.2015,4,2015,True,0.0550850088060295,0.018625659868121147
5,29.01.2015,4,2015,True,0.0555366969081513,0.016564615070819855
5,30.01.2015,4,2015,True,0.0488529794627829,0.016642950475215912
5,02.02.2015,4,2015,True,0.0481363447978713,0.034562863409519196
5,03.02.2015,4,2015,True,0.04444235194941,0.039021216332912445
5,04.02.2015,4,2015,True,0.0337316874239053,0.04080401360988617
5,05.02.2015,4,2015,True,0.0335037591385917,0.038282610476017
5,06.02.2015,4,2015,True,0.0318856525401944,0.03813451901078224
5,09.02.2015,4,2015,True,0.050955628500745,0.03861648961901665
5,10.02.2015,4,2015,True,0.0507761055698392,0.02839549258351326
5,11.02.2015,4,2015,True,0.0459314235160729,0.03384264186024666
5,12.02.2015,4,2015,True,0.04442096747834,0.032514993101358414
5,13.02.2015,4,2015,True,0.0469008356847877,0.03057972714304924
5,17.02.2015,4,2015,True,0.0139319369185325,0.028347652405500412
5,18.02.2015,4,2015,True,0.0269749277040115,0.030993390828371048
5,19.02.2015,4,2015,True,0.0300850849357802,0.031789686530828476
5,20.02.2015,4,2015,True,0.0354589876891727,0.03073672391474247
5,23.02.2015,4,2015,True,0.0426910665170011,0.033819474279880524
5,24.02.2015,4,2015,True,0.0435560042989139,0.035145387053489685
5,25.02.2015,4,2015,True,0.0369374277502437,0.027962760999798775
5,26.02.2015,4,2015,True,0.0347730361976785,0.026780838146805763
5,27.02.2015,4,2015,True,0.0267626422919022,0.028869792819023132
5,02.03.2015,4,2015,True,0.0171248516336096,0.03803987801074982
5,03.03.2015,4,2015,True,0.0138811945818251,0.03423314541578293
5,04.03.2015,4,2015,True,0.0214704225760301,0.031071098521351814
5,05.03.2015,4,2015,True,0.0209609787275933,0.026140013709664345
5,06.03.2015,4,2015,True,0.0253233574115873,0.02866400219500065
5,09.03.2015,4,2015,True,0.025410060710523,0.02223893441259861
5,10.03.2015,4,2015,True,0.0238188182612589,0.020614661276340485
5,11.03.2015,4,2015,True,0.0329263520752349,0.027345910668373108
5,12.03.2015,4,2015,True,0.0342967497509831,0.023468641564249992
5,13.03.2015,4,2015,True,0.0297120037952288,0.024409988895058632
5,16.03.2015,4,2015,True,0.0262018860294126,0.02877694182097912
5,17.03.2015,4,2015,True,0.0281907633015347,0.026621339842677116
5,18.03.2015,4,2015,True,0.0217625862708179,0.020842300727963448
5,19.03.2015,4,2015,True,0.0222821592960103,0.018657155334949493
5,20.03.2015,4,2015,True,0.0366289211337475,0.021268775686621666
5,23.03.2015,4,2015,True,0.0364771147192442,0.0173074621707201
5,24.03.2015,4,2015,True,0.0373060290771373,0.01907576434314251
5,25.03.2015,4,2015,True,0.0393652125811183,0.017598597332835197
5,26.03.2015,4,2015,True,0.0331436048461316,0.017159568145871162
5,27.03.2015,4,2015,True,0.0392174688980278,0.01807200163602829
5,30.03.2015,4,2015,True,0.0391498813599638,0.021319428458809853
5,31.03.2015,4,2015,True,0.0499536303670163,0.025229081511497498
5,01.04.2015,4,2015,True,0.0475643232592402,0.0210475604981184
5,02.04.2015,4,2015,True,0.0435139923101517,0.020106231793761253
5,06.04.2015,4,2015,True,0.0352252913662563,0.018444327637553215
5,07.04.2015,4,2015,True,0.034400923092164,0.025759169831871986
5,08.04.2015,4,2015,True,0.0120242732788082,0.02042492851614952
5,09.04.2015,4,2015,True,0.0136747919999582,0.02668067254126072
5,10.04.2015,4,2015,True,0.0213436423200876,0.021107221022248268
5,13.04.2015,4,2015,True,0.0215584855199947,0.021323656663298607
5,14.04.2015,4,2015,True,0.0282142015573121,0.02790035307407379
5,15.04.2015,4,2015,True,0.0260125923900212,0.02497890405356884
5,16.04.2015,4,2015,True,0.0278649717260549,0.026048807427287102
5,17.04.2015,4,2015,True,0.0198220423973258,0.023918094113469124
5,20.04.2015,4,2015,True,0.0205463118864805,0.021720848977565765
5,21.04.2015,4,2015,True,0.0157062747468119,0.024760207161307335
5,22.04.2015,4,2015,True,0.0163929237085128,0.023441141471266747
5,23.04.2015,4,2015,True,0.0108100917999441,0.019771743565797806
5,24.04.2015,4,2015,True,0.011775541487395,0.02383558265864849
5,27.04.2015,4,2015,True,0.0105969556696399,0.021827924996614456
5,28.04.2015,4,2015,True,0.0104588015581745,0.01774509623646736
5,29.04.2015,4,2015,True,0.0090268523675964,0.01861865073442459
5,30.04.2015,4,2015,True,0.0183109492371982,0.017880139872431755
5,01.05.2015,4,2015,True,0.0183092357322812,0.01910833828151226
5,04.05.2015,4,2015,True,0.0182886436916197,0.018437610939145088
5,05.05.2015,4,2015,True,0.0226357020994027,0.017996657639741898
5,06.05.2015,4,2015,True,0.0224443225482136,0.018340403214097023
5,07.05.2015,4,2015,True,0.0149712846762452,0.019489046186208725
5,08.05.2015,4,2015,True,0.0148150855497434,0.018237924203276634
5,11.05.2015,4,2015,True,0.014335682385094,0.01652694307267666
5,12.05.2015,4,2015,True,0.0145624396136956,0.013970798812806606
5,13.05.2015,4,2015,True,0.0181912320625137,0.017541619017720222
5,14.05.2015,4,2015,True,0.0222791891535873,0.01464382465928793
5,15.05.2015,4,2015,True,0.0236325686731577,0.016152184456586838
5,18.05.2015,4,2015,True,0.0256193444767971,0.013166326098144054
5,19.05.2015,4,2015,True,0.0236834986632334,0.013222300447523594
5,20.05.2015,4,2015,True,0.0221734166133576,0.015806805342435837
5,21.05.2015,4,2015,True,0.0310433554449813,0.012721795588731766
5,22.05.2015,4,2015,True,0.0303375838904208,0.010929782874882221
5,26.05.2015,4,2015,True,0.0272794040882373,0.012594006024301052
5,27.05.2015,4,2015,True,0.0272057536528595,0.01636541076004505
5,28.05.2015,4,2015,True,0.0309026919761238,0.017334874719381332
5,29.05.2015,4,2015,True,0.0214747476859794,0.015824073925614357
5,01.06.2015,4,2015,True,0.0214528914474596,0.013034902513027191
5,02.06.2015,4,2015,True,0.0280655053453147,0.016303522512316704
5,03.06.2015,4,2015,True,0.0248505060406258,0.016544243320822716
5,04.06.2015,4,2015,True,0.0191215942783303,0.017240365967154503
5,05.06.2015,4,2015,True,0.021617404878379,0.016922729089856148
5,08.06.2015,4,2015,True,0.0233697199472905,0.013734045438468456
5,09.06.2015,4,2015,True,0.013754967558292,0.010063188150525093
5,10.06.2015,4,2015,True,0.0163780993520989,0.008605478331446648
5,11.06.2015,4,2015,True,0.0169832352391422,0.007992438971996307
5,12.06.2015,4,2015,True,0.0170462681085975,0.00757928192615509
5,15.06.2015,4,2015,True,0.014141989691447,0.005999303422868252
5,16.06.2015,4,2015,True,0.0155278360488128,0.012539924122393131
5,17.06.2015,4,2015,True,0.0155104107415992,0.013539762236177921
5,18.06.2015,4,2015,True,0.0149831674405036,0.015002084895968437
5,19.06.2015,4,2015,True,0.0119545924576755,0.01263321191072464
5,22.06.2015,4,2015,True,0.0146383051866468,0.013975611887872219
5,23.06.2015,4,2015,True,0.0176234563108548,0.01687195524573326
5,24.06.2015,4,2015,True,0.019843178961129,0.014526660554111004
5,25.06.2015,4,2015,True,0.0200071935504995,0.015396814793348312
5,26.06.2015,4,2015,True,0.044301394268563,0.014455083757638931
5,29.06.2015,4,2015,True,0.0460839298578936,0.012877197004854679
5,30.06.2015,4,2015,True,0.0419169630374397,0.023367851972579956
5,01.07.2015,4,2015,True,0.0470174029661122,0.02139095589518547
5,02.07.2015,4,2015,True,0.0470900195855053,0.01986394263803959
5,06.07.2015,4,2015,True,0.0149765261824911,0.01962037943303585
5,07.07.2015,4,2015,True,0.0152907940708799,0.0169393140822649
5,08.07.2015,4,2015,True,0.0207793578712462,0.016343051567673683
5,09.07.2015,4,2015,True,0.0157484298743601,0.01675243303179741
5,10.07.2015,4,2015,True,0.0155966014601796,0.01728418469429016
5,13.07.2015,4,2015,True,0.0156218575300341,0.01707145757973194
5,14.07.2015,4,2015,True,0.0146025390223411,0.020349062979221344
5,15.07.2015,4,2015,True,0.0117223339365439,0.020428167656064034
5,16.07.2015,4,2015,True,0.0107325324277688,0.01671229489147663
5,17.07.2015,4,2015,True,0.009760768288441,0.01982826739549637
5,20.07.2015,4,2015,True,0.0108324801173805,0.018545713275671005
5,21.07.2015,4,2015,True,0.0067106149912624,0.0196988545358181
5,22.07.2015,4,2015,True,0.0092040122798876,0.02031746134161949
5,23.07.2015,4,2015,True,0.0093024420493415,0.018256328999996185
5,24.07.2015,4,2015,True,0.0111172041096776,0.018696436658501625
5,27.07.2015,4,2015,True,0.0227433139038055,0.01818764954805374
5,28.07.2015,4,2015,True,0.0250197727347232,0.019415296614170074
5,29.07.2015,4,2015,True,0.0239977957142511,0.015720732510089874
5,30.07.2015,4,2015,True,0.0239838059698278,0.0164520014077425
5,31.07.2015,4,2015,True,0.0238591688313478,0.016345249488949776
5,03.08.2015,4,2015,True,0.0209665566156928,0.015978075563907623
5,04.08.2015,4,2015,True,0.0239241181411546,0.02090981975197792
5,05.08.2015,4,2015,True,0.0243527390966834,0.015116202645003796
5,06.08.2015,4,2015,True,0.0247105547316162,0.015341193415224552
5,07.08.2015,4,2015,True,0.0229454983395183,0.02091130241751671
5,10.08.2015,4,2015,True,0.0126947152549651,0.02062942087650299
5,11.08.2015,4,2015,True,0.0070235191928925,0.023075224831700325
5,12.08.2015,4,2015,True,0.0138146815788231,0.024105018004775047
5,13.08.2015,4,2015,True,0.0137964696950116,0.024357689544558525
5,14.08.2015,4,2015,True,0.0143813154659793,0.024523956701159477
5,17.08.2015,4,2015,True,0.0228478108212522,0.02401408925652504
5,18.08.2015,4,2015,True,0.0277442661019926,0.01363298762589693
5,19.08.2015,4,2015,True,0.0286422967785792,0.012598847039043903
5,20.08.2015,4,2015,True,0.0595212869071238,0.018129296600818634
5,21.08.2015,4,2015,True,0.0599365592374193,0.017004508525133133
5,24.08.2015,4,2015,True,0.0423018942970677,0.017289187759160995
5,25.08.2015,4,2015,True,0.0748427339383884,0.01869703084230423
5,26.08.2015,4,2015,True,0.0734054059766548,0.02004958689212799
5,27.08.2015,4,2015,True,0.0636532956525325,0.021778983995318413
5,28.08.2015,4,2015,True,0.0609304330814699,0.026085950434207916
5,31.08.2015,4,2015,True,0.0420472217953078,0.03579198196530342
5,01.09.2015,4,2015,True,0.0228528302740681,0.03555037081241608
5,02.09.2015,4,2015,True,0.0254762636544343,0.03491535037755966
5,03.09.2015,4,2015,True,0.0250184536375166,0.032415833324193954
5,04.09.2015,4,2015,True,0.0276951568365916,0.03636409342288971
5,08.09.2015,4,2015,True,0.028658307875335,0.028834335505962372
5,09.09.2015,4,2015,True,0.0241173305141204,0.03323972597718239
5,10.09.2015,4,2015,True,0.0329282281824889,0.027354320511221886
5,11.09.2015,4,2015,True,0.0359661995029729,0.02789289690554142
5,14.09.2015,4,2015,True,0.0321806882195054,0.027184903621673584
5,15.09.2015,4,2015,True,0.0322897516018268,0.027292687445878983
5,16.09.2015,4,2015,True,0.0365127863093366,0.03763826563954353
5,17.09.2015,4,2015,True,0.0264093740818774,0.0301057118922472
5,18.09.2015,4,2015,True,0.0207104675081556,0.02732258103787899
5,21.09.2015,4,2015,True,0.0186782560954445,0.02954070456326008
5,22.09.2015,4,2015,True,0.0217157040832666,0.025205567479133606
5,23.09.2015,4,2015,True,0.0170858357909941,0.028841866180300713
5,24.09.2015,4,2015,True,0.0180602470895764,0.03731227666139603
5,25.09.2015,4,2015,True,0.0181054328961381,0.02703702449798584
5,28.09.2015,4,2015,True,0.0146319874282707,0.021166417747735977
5,29.09.2015,4,2015,True,0.0251129105604105,0.025042947381734848
5,30.09.2015,4,2015,True,0.027505849689142,0.023815007880330086
5,01.10.2015,4,2015,True,0.0242317943864377,0.016145234927535057
5,02.10.2015,4,2015,True,0.0272913695069112,0.01593535766005516
5,05.10.2015,4,2015,True,0.041820114421386,0.01504035945981741
5,06.10.2015,4,2015,True,0.0309577710969731,0.019155403599143028
5,07.10.2015,4,2015,True,0.0311902730453628,0.021076185628771782
5,08.10.2015,4,2015,True,0.0212462827990388,0.022438714280724525
5,09.10.2015,4,2015,True,0.0224063505831055,0.02402869053184986
5,12.10.2015,4,2015,True,0.0054337131806734,0.022628726437687874
5,13.10.2015,4,2015,True,0.004220794475249,0.02374880015850067
5,14.10.2015,4,2015,True,0.0081384612548149,0.017802376300096512
5,15.10.2015,4,2015,True,0.0089006045996093,0.02017686702311039
5,16.10.2015,4,2015,True,0.0087648090396476,0.017301561310887337
5,19.10.2015,4,2015,True,0.0091885382673876,0.0179778803139925
5,20.10.2015,4,2015,True,0.0094264345885947,0.019545836374163628
5,21.10.2015,4,2015,True,0.0245812960131699,0.023560455068945885
5,22.10.2015,4,2015,True,0.0249929535317697,0.023313861340284348
5,23.10.2015,4,2015,True,0.0253516778415059,0.020397022366523743
5,26.10.2015,4,2015,True,0.0264565765868013,0.023775838315486908
5,27.10.2015,4,2015,True,0.0262740103167148,0.024648981168866158
5,28.10.2015,4,2015,True,0.0287135649929258,0.025693388655781746
5,29.10.2015,4,2015,True,0.0291003405430691,0.01723620481789112
5,30.10.2015,4,2015,True,0.0271758036693227,0.021100714802742004
5,02.11.2015,4,2015,True,0.0269251474495036,0.0176636204123497
5,03.11.2015,4,2015,True,0.0166352628862902,0.018443962559103966
5,04.11.2015,4,2015,True,0.0148063166333724,0.020034629851579666
5,05.11.2015,4,2015,True,0.0192095984549435,0.018682900816202164
5,06.11.2015,4,2015,True,0.0193223943154177,0.01711837202310562
5,09.11.2015,4,2015,True,0.0200412623821603,0.01813395693898201
5,10.11.2015,4,2015,True,0.0186892836169339,0.019636400043964386
5,11.11.2015,4,2015,True,0.0194688287305394,0.01784801296889782
5,12.11.2015,4,2015,True,0.0082793695779768,0.0250630471855402
5,13.11.2015,4,2015,True,0.0065924981734006,0.020625725388526917
5,16.11.2015,4,2015,True,0.0059386914552839,0.02036452852189541
5,17.11.2015,4,2015,True,0.0107092142299232,0.019222931936383247
5,18.11.2015,4,2015,True,0.0115504932106102,0.018027452751994133
5,19.11.2015,4,2015,True,0.0207305425331019,0.013936982490122318
5,20.11.2015,4,2015,True,0.0204932448697719,0.02136094495654106
5,23.11.2015,4,2015,True,0.0204023095875599,0.019911905750632286
5,24.11.2015,4,2015,True,0.0196521417320975,0.016762129962444305
5,25.11.2015,4,2015,True,0.0288518804429941,0.01967650279402733
5,27.11.2015,4,2015,True,0.0276277793282844,0.018561294302344322
5,30.11.2015,4,2015,True,0.0341544154000885,0.015420294366776943
5,01.12.2015,4,2015,True,0.0335060496802465,0.02004189044237137
5,02.12.2015,4,2015,True,0.0307333244703819,0.01995960809290409
5,03.12.2015,4,2015,True,0.0201054347445919,0.018318036571145058
5,04.12.2015,4,2015,True,0.0233582158760819,0.02088887058198452
5,07.12.2015,4,2015,True,0.018485865424511,0.01681329682469368
5,08.12.2015,4,2015,True,0.02249287662301,0.021991480141878128
5,09.12.2015,4,2015,True,0.0244973515055073,0.019501440227031708
5,10.12.2015,4,2015,True,0.0253599147420805,0.017554044723510742
5,11.12.2015,4,2015,True,0.0173994356909709,0.013723128475248814
5,14.12.2015,4,2015,True,0.017467454921577,0.016985390335321426
5,15.12.2015,4,2015,True,0.0126568119269504,0.017754709348082542
5,16.12.2015,4,2015,True,0.0191902066631006,0.020158225670456886
5,17.12.2015,4,2015,True,0.0200250529630868,0.0200625229626894
5,18.12.2015,4,2015,True,0.0262785157049343,0.019691025838255882
5,21.12.2015,4,2015,True,0.0285041804385803,0.019799094647169113
5,22.12.2015,4,2015,True,0.0345435819238273,0.015469344332814217
5,23.12.2015,4,2015,True,0.0321220466480409,0.018061110749840736
5,24.12.2015,4,2015,True,0.0310995394782399,0.015980537980794907
5,28.12.2015,4,2015,True,0.0284437687866263,0.014062220230698586
5,29.12.2015,4,2015,True,0.0321757310240653,0.022373203188180923
5,30.12.2015,4,2015,True,0.0309099022429775,0.0221045333892107
5,31.12.2015,4,2015,True,0.024149129026193,0.022550318390130997
22,02.01.2015,4,2015,True,0.036454003246098,0.02414432168006897
22,05.01.2015,4,2015,True,0.0352148947838802,0.025959208607673645
22,06.01.2015,4,2015,True,0.034161492450844,0.02505803294479847
22,07.01.2015,4,2015,True,0.0341539442344388,0.024432839825749397
22,08.01.2015,4,2015,True,0.0351217504489939,0.024219714105129242
22,09.01.2015,4,2015,True,0.0357012524614829,0.02267206460237503
22,12.01.2015,4,2015,True,0.0340654761175048,0.02231471985578537
22,13.01.2015,4,2015,True,0.0335659081403405,0.02542145922780037
22,14.01.2015,4,2015,True,0.0366481370438628,0.02425875887274742
22,15.01.2015,4,2015,True,0.0372029661547698,0.025488123297691345
22,16.01.2015,4,2015,True,0.0372992442891439,0.025510476902127266
22,20.01.2015,4,2015,True,0.0373556214952553,0.02597515843808651
22,21.01.2015,4,2015,True,0.0378903727077808,0.02298923023045063
22,22.01.2015,4,2015,True,0.0377640015100771,0.02314687706530094
22,23.01.2015,4,2015,True,0.0387380739691978,0.022971998900175095
22,26.01.2015,4,2015,True,0.0392106096918362,0.023517947643995285
22,27.01.2015,4,2015,True,0.0395683921299757,0.021769890561699867
22,28.01.2015,4,2015,True,0.0410344104970206,0.02171582356095314
22,29.01.2015,4,2015,True,0.0411550261894416,0.021581538021564484
22,30.01.2015,4,2015,True,0.0385662580630387,0.021676769480109215
22,02.02.2015,4,2015,True,0.0381265870772915,0.03108932636678219
22,03.02.2015,4,2015,True,0.0364758550646474,0.034761928021907806
22,04.02.2015,4,2015,True,0.0335516687348119,0.036744408309459686
22,05.02.2015,4,2015,True,0.0333846419080673,0.042286232113838196
22,06.02.2015,4,2015,True,0.0333449914296978,0.041322797536849976
22,09.02.2015,4,2015,True,0.033314419990445,0.03490445390343666
22,10.02.2015,4,2015,True,0.0338313890792574,0.02936748042702675
22,11.02.2015,4,2015,True,0.0334951985435918,0.03056713193655014
22,12.02.2015,4,2015,True,0.0320393057021528,0.029059946537017822
22,13.02.2015,4,2015,True,0.0336256578776736,0.029119063168764114
22,17.02.2015,4,2015,True,0.0278283212376172,0.027185719460248947
22,18.02.2015,4,2015,True,0.0275816243984495,0.032069988548755646
22,19.02.2015,4,2015,True,0.0277607235806087,0.029620099812746048
22,20.02.2015,4,2015,True,0.0278496118499637,0.02931133657693863
22,23.02.2015,4,2015,True,0.0281803435747379,0.029223131015896797
22,24.02.2015,4,2015,True,0.0300260590484219,0.03172028064727783
22,25.02.2015,4,2015,True,0.0296449250665583,0.027263684198260307
22,26.02.2015,4,2015,True,0.0292373435233924,0.02702098898589611
22,27.02.2015,4,2015,True,0.0277339576869872,0.028900571167469025
22,02.03.2015,4,2015,True,0.0272432055571291,0.03165379911661148
22,03.03.2015,4,2015,True,0.0276343433390716,0.03189690411090851
22,04.03.2015,4,2015,True,0.0305079399467737,0.030703440308570862
22,05.03.2015,4,2015,True,0.0307646370081202,0.028922991827130318
22,06.03.2015,4,2015,True,0.0333398466138182,0.028206948190927505
22,09.03.2015,4,2015,True,0.0334152508531775,0.02542922832071781
22,10.03.2015,4,2015,True,0.0328047700072591,0.026659483090043068
22,11.03.2015,4,2015,True,0.0325292121417122,0.027667615562677383
22,12.03.2015,4,2015,True,0.0325194534259085,0.026659483090043068
22,13.03.2015,4,2015,True,0.0315816859921992,0.026702972128987312
22,16.03.2015,4,2015,True,0.0310051757718654,0.028562061488628387
22,17.03.2015,4,2015,True,0.0323323700333958,0.025111403316259384
22,18.03.2015,4,2015,True,0.0312515758759507,0.022422946989536285
22,19.03.2015,4,2015,True,0.0310207242522601,0.021878249943256378
22,20.03.2015,4,2015,True,0.030954093169634,0.023227592930197716
22,23.03.2015,4,2015,True,0.0314946332617026,0.020513612776994705
22,24.03.2015,4,2015,True,0.0311333342718549,0.02209145575761795
22,25.03.2015,4,2015,True,0.0310448056917463,0.02198740281164646
22,26.03.2015,4,2015,True,0.0297314011024455,0.022049495950341225
22,27.03.2015,4,2015,True,0.0274761534562875,0.022343935444951057
22,30.03.2015,4,2015,True,0.0274373060342002,0.026149656623601913
22,31.03.2015,4,2015,True,0.0268296719735653,0.02101868949830532
22,01.04.2015,4,2015,True,0.0261924562223899,0.02425021305680275
22,02.04.2015,4,2015,True,0.0242068820319879,0.0213579460978508
22,06.04.2015,4,2015,True,0.021854288864629,0.020502125844359398
22,07.04.2015,4,2015,True,0.0233564478475721,0.027681497856974602
22,08.04.2015,4,2015,True,0.0181279484588682,0.02607778087258339
22,09.04.2015,4,2015,True,0.0182229279910493,0.027874726802110672
22,10.04.2015,4,2015,True,0.0185745905845733,0.025810645893216133
22,13.04.2015,4,2015,True,0.0186037503528774,0.022844523191452026
22,14.04.2015,4,2015,True,0.0187119400210895,0.030171293765306473
22,15.04.2015,4,2015,True,0.0178278718730516,0.02940688095986843
22,16.04.2015,4,2015,True,0.0179203905834142,0.02736733667552471
22,17.04.2015,4,2015,True,0.0167582332701417,0.02364831045269966
22,20.04.2015,4,2015,True,0.0170695564287223,0.022366022691130638
22,21.04.2015,4,2015,True,0.0168719376934932,0.02228679321706295
22,22.04.2015,4,2015,True,0.0173557567022247,0.023260412737727165
22,23.04.2015,4,2015,True,0.0168151454222505,0.022800369188189507
22,24.04.2015,4,2015,True,0.0175778355662096,0.023080434650182724
22,27.04.2015,4,2015,True,0.0176877082671825,0.021064074710011482
22,28.04.2015,4,2015,True,0.020439319670921,0.018531562760472298
22,29.04.2015,4,2015,True,0.0201691884455215,0.01889599859714508
22,30.04.2015,4,2015,True,0.020025985249804,0.0184803269803524
22,01.05.2015,4,2015,True,0.0207292593870735,0.01847897283732891
22,04.05.2015,4,2015,True,0.021465133360276,0.018330125138163567
22,05.05.2015,4,2015,True,0.0216737289296382,0.017966758459806442
22,06.05.2015,4,2015,True,0.0216689328527841,0.017858095467090607
22,07.05.2015,4,2015,True,0.0220294849315067,0.01677354983985424
22,08.05.2015,4,2015,True,0.0221975900937374,0.017321961000561714
22,11.05.2015,4,2015,True,0.0222272589755798,0.01629026047885418
22,12.05.2015,4,2015,True,0.0215737723298363,0.016487862914800644
22,13.05.2015,4,2015,True,0.0219023169899287,0.017235608771443367
22,14.05.2015,4,2015,True,0.0219131652639499,0.016233602538704872
22,15.05.2015,4,2015,True,0.0224256849763122,0.016589980572462082
22,18.05.2015,4,2015,True,0.0224802560299623,0.016082581132650375
22,19.05.2015,4,2015,True,0.0216366029558762,0.016645971685647964
22,20.05.2015,4,2015,True,0.0213712921943803,0.016864458099007607
22,21.05.2015,4,2015,True,0.0211023484073544,0.01627865806221962
22,22.05.2015,4,2015,True,0.0210097441491766,0.015547476708889008
22,26.05.2015,4,2015,True,0.0203219815546983,0.015577603131532669
22,27.05.2015,4,2015,True,0.0194729726300581,0.015768662095069885
22,28.05.2015,4,2015,True,0.0198861956740879,0.015682650730013847
22,29.05.2015,4,2015,True,0.017908658933239,0.015467792749404907
22,01.06.2015,4,2015,True,0.0185276282463536,0.015763163566589355
22,02.06.2015,4,2015,True,0.0183671322860091,0.017734380438923836
22,03.06.2015,4,2015,True,0.0263455451324147,0.018784651532769203
22,04.06.2015,4,2015,True,0.025941205094236,0.019340043887495995
22,05.06.2015,4,2015,True,0.0254295767411291,0.018115485087037086
22,08.06.2015,4,2015,True,0.0262748495317626,0.018424132838845253
22,09.06.2015,4,2015,True,0.0249550902826979,0.016797088086605072
22,10.06.2015,4,2015,True,0.0247491351074988,0.016793690621852875
22,11.06.2015,4,2015,True,0.025001863751271,0.01645577698945999
22,12.06.2015,4,2015,True,0.0251996031746873,0.016800442710518837
22,15.06.2015,4,2015,True,0.0251229121328812,0.016512881964445114
22,16.06.2015,4,2015,True,0.0251217781395898,0.01893584057688713
22,17.06.2015,4,2015,True,0.0246656466616165,0.01975266821682453
22,18.06.2015,4,2015,True,0.0246834161794379,0.01973140798509121
22,19.06.2015,4,2015,True,0.0246015899043408,0.019457576796412468
22,22.06.2015,4,2015,True,0.0245801007275139,0.019648605957627296
22,23.06.2015,4,2015,True,0.0240291239621212,0.017298458144068718
22,24.06.2015,4,2015,True,0.0241590154453783,0.015967313200235367
22,25.06.2015,4,2015,True,0.0241697110287165,0.015967313200235367
22,26.06.2015,4,2015,True,0.0241794307866469,0.015426644124090672
22,29.06.2015,4,2015,True,0.0240564843220552,0.014168969355523586
22,30.06.2015,4,2015,True,0.0231209288637053,0.018124502152204514
22,01.07.2015,4,2015,True,0.0247454019255005,0.017640728503465652
22,02.07.2015,4,2015,True,0.0249927994592204,0.017247185111045837
22,06.07.2015,4,2015,True,0.0166502299634753,0.01773814857006073
22,07.07.2015,4,2015,True,0.0164891609184521,0.018124213442206383
22,08.07.2015,4,2015,True,0.016536354147849,0.016571974381804466
22,09.07.2015,4,2015,True,0.0175517332972683,0.016775742173194885
22,10.07.2015,4,2015,True,0.0178303610845234,0.01669328100979328
22,13.07.2015,4,2015,True,0.0181462967392414,0.01668229140341282
22,14.07.2015,4,2015,True,0.0176823800677018,0.018362445756793022
22,15.07.2015,4,2015,True,0.0172626470820633,0.01793217845261097
22,16.07.2015,4,2015,True,0.0170153318858045,0.01743699610233307
22,17.07.2015,4,2015,True,0.0169472754578701,0.01792188361287117
22,20.07.2015,4,2015,True,0.0178342263393723,0.01812565140426159
22,21.07.2015,4,2015,True,0.017516184895895,0.01800232194364071
22,22.07.2015,4,2015,True,0.0177930798206526,0.01792188361287117
22,23.07.2015,4,2015,True,0.021101985751724,0.018326856195926666
22,24.07.2015,4,2015,True,0.02170558049804,0.01828829012811184
22,27.07.2015,4,2015,True,0.0216517859662213,0.0182181466370821
22,28.07.2015,4,2015,True,0.0315123103478427,0.01952238753437996
22,29.07.2015,4,2015,True,0.03370526579115,0.018780909478664398
22,30.07.2015,4,2015,True,0.0379423051207955,0.018740983679890633
22,31.07.2015,4,2015,True,0.0422748285624589,0.01868734508752823
22,03.08.2015,4,2015,True,0.0409361665241519,0.018819177523255348
22,04.08.2015,4,2015,True,0.0408967945681581,0.021795528009533882
22,05.08.2015,4,2015,True,0.0411286285008557,0.020672867074608803
22,06.08.2015,4,2015,True,0.0411293863841675,0.020747710019350052
22,07.08.2015,4,2015,True,0.0418366611027956,0.022152673453092575
22,10.08.2015,4,2015,True,0.0414902651040073,0.022372383624315262
22,11.08.2015,4,2015,True,0.0412892855356597,0.019127272069454193
22,12.08.2015,4,2015,True,0.0419279795415188,0.019007205963134766
22,13.08.2015,4,2015,True,0.0419466110608552,0.01939578913152218
22,14.08.2015,4,2015,True,0.0419475111010474,0.02006685733795166
22,17.08.2015,4,2015,True,0.0434983365785201,0.019088013097643852
22,18.08.2015,4,2015,True,0.0440731427940998,0.016989819705486298
22,19.08.2015,4,2015,True,0.0439090904312537,0.016218390315771103
22,20.08.2015,4,2015,True,0.0438107604234548,0.01704885996878147
22,21.08.2015,4,2015,True,0.0438814986493922,0.016933755949139595
22,24.08.2015,4,2015,True,0.0414087585166208,0.020474834367632866
22,25.08.2015,4,2015,True,0.041389939790044,0.023245131596922874
22,26.08.2015,4,2015,True,0.0419176161139104,0.02206588163971901
22,27.08.2015,4,2015,True,0.0365896355471772,0.02151528000831604
22,28.08.2015,4,2015,True,0.0348295431453403,0.031291663646698
22,31.08.2015,4,2015,True,0.0299170604375406,0.030643021687865257
22,01.09.2015,4,2015,True,0.0236333486134997,0.034459687769412994
22,02.09.2015,4,2015,True,0.023820540386592,0.03807411715388298
22,03.09.2015,4,2015,True,0.026450666888559,0.03732064738869667
22,04.09.2015,4,2015,True,0.0261328245359646,0.0337776355445385
22,08.09.2015,4,2015,True,0.0269582781251632,0.033149246126413345
22,09.09.2015,4,2015,True,0.0253277419793297,0.029803385958075523
22,10.09.2015,4,2015,True,0.027728846064668,0.028004080057144165
22,11.09.2015,4,2015,True,0.027653109762829,0.028861824423074722
22,14.09.2015,4,2015,True,0.026302029525239,0.028933443129062653
22,15.09.2015,4,2015,True,0.0264078454175928,0.030428534373641014
22,16.09.2015,4,2015,True,0.0264047994160843,0.03266643360257149
22,17.09.2015,4,2015,True,0.0239711634189232,0.0326513908803463
22,18.09.2015,4,2015,True,0.0228167528326745,0.034788019955158234
22,21.09.2015,4,2015,True,0.0222032674067188,0.03577018156647682
22,22.09.2015,4,2015,True,0.0222196692402588,0.03250548243522644
22,23.09.2015,4,2015,True,0.0214196995318,0.029969174414873123
22,24.09.2015,4,2015,True,0.0214256269884064,0.031920164823532104
22,25.09.2015,4,2015,True,0.0215412741575327,0.0285305418074131
22,28.09.2015,4,2015,True,0.023141660930182,0.026773514226078987
22,29.09.2015,4,2015,True,0.0228623445588772,0.02668139711022377
22,30.09.2015,4,2015,True,0.0230798462465391,0.02511006034910679
22,01.10.2015,4,2015,True,0.0231292667120697,0.02220745012164116
22,02.10.2015,4,2015,True,0.0242082638113885,0.022064728662371635
22,05.10.2015,4,2015,True,0.0253002047398385,0.018194938078522682
22,06.10.2015,4,2015,True,0.0223975982671834,0.02089964970946312
22,07.10.2015,4,2015,True,0.0224028906285631,0.025231510400772095
22,08.10.2015,4,2015,True,0.0208618481806299,0.021324900910258293
22,09.10.2015,4,2015,True,0.0209755424674114,0.021663744002580643
22,12.10.2015,4,2015,True,0.0191045848340455,0.020589390769600868
22,13.10.2015,4,2015,True,0.0204588437369217,0.024596111848950386
22,14.10.2015,4,2015,True,0.0204746149158232,0.02310626581311226
22,15.10.2015,4,2015,True,0.0204824714095327,0.019276656210422516
22,16.10.2015,4,2015,True,0.0204747864486127,0.020974742248654366
22,19.10.2015,4,2015,True,0.0208313888467157,0.020260553807020187
22,20.10.2015,4,2015,True,0.0208159065384055,0.019141003489494324
22,21.10.2015,4,2015,True,0.0208344181472612,0.019104426726698875
22,22.10.2015,4,2015,True,0.0208174399999923,0.019156504422426224
22,23.10.2015,4,2015,True,0.0218793495697508,0.01868388243019581
22,26.10.2015,4,2015,True,0.0218198032896957,0.019163578748703003
22,27.10.2015,4,2015,True,0.0224072531600783,0.020699111744761467
22,28.10.2015,4,2015,True,0.0195949074589064,0.024622445926070213
22,29.10.2015,4,2015,True,0.0195943407190535,0.02451978623867035
22,30.10.2015,4,2015,True,0.0208836125095689,0.022046711295843124
22,02.11.2015,4,2015,True,0.0223056176470251,0.020260503515601158
22,03.11.2015,4,2015,True,0.0206033896624603,0.018854793161153793
22,04.11.2015,4,2015,True,0.021893741116216,0.01897960901260376
22,05.11.2015,4,2015,True,0.0218865517733327,0.017907733097672462
22,06.11.2015,4,2015,True,0.0218875181463704,0.016852088272571564
22,09.11.2015,4,2015,True,0.0218821964907372,0.01814579777419567
22,10.11.2015,4,2015,True,0.023143415113099,0.018766529858112335
22,11.11.2015,4,2015,True,0.02254795467043,0.018344977870583534
22,12.11.2015,4,2015,True,0.0219665680137501,0.020350655540823936
22,13.11.2015,4,2015,True,0.0227075703870179,0.023960687220096588
22,16.11.2015,4,2015,True,0.022713504459163,0.024127479642629623
22,17.11.2015,4,2015,True,0.0226600885230561,0.02316991612315178
22,18.11.2015,4,2015,True,0.0222250663595002,0.02348100021481514
22,19.11.2015,4,2015,True,0.0221258162866528,0.020884906873106956
22,20.11.2015,4,2015,True,0.0236273193431405,0.02172638103365898
22,23.11.2015,4,2015,True,0.0239735504436782,0.023563651368021965
22,24.11.2015,4,2015,True,0.0231912123611283,0.022356167435646057
22,25.11.2015,4,2015,True,0.0247629052917639,0.02202986367046833
22,27.11.2015,4,2015,True,0.0250731334754003,0.022310510277748108
22,30.11.2015,4,2015,True,0.0259621334792843,0.021560683846473694
22,01.12.2015,4,2015,True,0.0259839661407775,0.022307010367512703
22,02.12.2015,4,2015,True,0.0248671299009348,0.022338885813951492
22,03.12.2015,4,2015,True,0.0259582795837725,0.02291860617697239
22,04.12.2015,4,2015,True,0.0259044998473814,0.021106209605932236
22,07.12.2015,4,2015,True,0.0240467309034863,0.022803114727139473
22,08.12.2015,4,2015,True,0.0265421690792248,0.02314194291830063
22,09.12.2015,4,2015,True,0.0265890791719111,0.021865755319595337
22,10.12.2015,4,2015,True,0.0266139610603763,0.022050224244594574
22,11.12.2015,4,2015,True,0.0265226229156437,0.022944586351513863
22,14.12.2015,4,2015,True,0.0265166835060664,0.023873280733823776
22,15.12.2015,4,2015,True,0.029482704719473,0.02406572736799717
22,16.12.2015,4,2015,True,0.0294136154325953,0.023421380668878555
22,17.12.2015,4,2015,True,0.0320915415063924,0.0235952939838171
22,18.12.2015,4,2015,True,0.0393072881158112,0.023544754832983017
22,21.12.2015,4,2015,True,0.0405656295755913,0.023290734738111496
22,22.12.2015,4,2015,True,0.0419299003105449,0.021119097247719765
22,23.12.2015,4,2015,True,0.0422215285398585,0.02116367593407631
22,24.12.2015,4,2015,True,0.042479219889486,0.021100269630551338
22,28.12.2015,4,2015,True,0.0424180045187395,0.021449418738484383
22,29.12.2015,4,2015,True,0.0417425468689466,0.022702788934111595
22,30.12.2015,4,2015,True,0.0428320401722491,0.021709440276026726
22,31.12.2015,4,2015,True,0.0452938781187508,0.021893970668315887
66,02.01.2015,4,2015,True,0.0340581472157001,0.024475807324051857
66,05.01.2015,4,2015,True,0.0333159004660666,0.02637464925646782
66,06.01.2015,4,2015,True,0.0329410829449179,0.026844503358006477
66,07.01.2015,4,2015,True,0.0329511389964762,0.02718181721866131
66,08.01.2015,4,2015,True,0.0331459671839189,0.026753360405564308
66,09.01.2015,4,2015,True,0.0330579224208657,0.026753360405564308
66,12.01.2015,4,2015,True,0.0327425467479461,0.024759098887443542
66,13.01.2015,4,2015,True,0.0326291807693366,0.027412518858909607
66,14.01.2015,4,2015,True,0.0324124824200748,0.027130471542477608
66,15.01.2015,4,2015,True,0.0322727751078471,0.03030628338456154
66,16.01.2015,4,2015,True,0.0324664965305896,0.03030628338456154
66,20.01.2015,4,2015,True,0.0324667815396575,0.03030628338456154
66,21.01.2015,4,2015,True,0.032428947152528,0.027321375906467438
66,22.01.2015,4,2015,True,0.0323897277257342,0.027321375906467438
66,23.01.2015,4,2015,True,0.0324356245237419,0.027321375906467438
66,26.01.2015,4,2015,True,0.032382002882932,0.027133237570524216
66,27.01.2015,4,2015,True,0.0322574496725113,0.02667071670293808
66,28.01.2015,4,2015,True,0.0320800112288826,0.02667071670293808
66,29.01.2015,4,2015,True,0.0320916969161798,0.02667071670293808
66,30.01.2015,4,2015,True,0.0308470079278711,0.02667071670293808
66,02.02.2015,4,2015,True,0.0309661408431911,0.03609298914670944
66,03.02.2015,4,2015,True,0.0302430957630606,0.034254178404808044
66,04.02.2015,4,2015,True,0.0290228359519527,0.03642674535512924
66,05.02.2015,4,2015,True,0.0287710752476118,0.03642674535512924
66,06.02.2015,4,2015,True,0.0286754939628184,0.036288071423769
66,09.02.2015,4,2015,True,0.0286694041138898,0.036288071423769
66,10.02.2015,4,2015,True,0.0283302289542485,0.035884834825992584
66,11.02.2015,4,2015,True,0.0280180161767771,0.035884834825992584
66,12.02.2015,4,2015,True,0.0279416991834461,0.03256019577383995
66,13.02.2015,4,2015,True,0.0279896606324833,0.03256019577383995
66,17.02.2015,4,2015,True,0.0260973990099235,0.030866039916872978
66,18.02.2015,4,2015,True,0.0258685076755924,0.03609298914670944
66,19.02.2015,4,2015,True,0.0260659418159602,0.0359543152153492
66,20.02.2015,4,2015,True,0.0262809810462541,0.0359543152153492
66,23.02.2015,4,2015,True,0.0261449593478802,0.0359543152153492
66,24.02.2015,4,2015,True,0.0267314370354432,0.0359543152153492
66,25.02.2015,4,2015,True,0.0260955827400026,0.03093552216887474
66,26.02.2015,4,2015,True,0.0259000450337384,0.03093552216887474
66,27.02.2015,4,2015,True,0.0256279753430597,0.03093552216887474
66,02.03.2015,4,2015,True,0.0251100867435839,0.033920422196388245
66,03.03.2015,4,2015,True,0.0250546356520731,0.03602350875735283
66,04.03.2015,4,2015,True,0.0250667149315775,0.035884834825992584
66,05.03.2015,4,2015,True,0.0254084749192577,0.03379248082637787
66,06.03.2015,4,2015,True,0.0253900770070024,0.031409021466970444
66,09.03.2015,4,2015,True,0.0252792574131361,0.02877369336783886
66,10.03.2015,4,2015,True,0.024948226472108,0.029176929965615273
66,11.03.2015,4,2015,True,0.0249841040840761,0.03126927465200424
66,12.03.2015,4,2015,True,0.024957384961175,0.029176929965615273
66,13.03.2015,4,2015,True,0.0244238100139246,0.029176929965615273
66,16.03.2015,4,2015,True,0.0242247988845232,0.03126927465200424
66,17.03.2015,4,2015,True,0.024377315101947,0.031186116859316826
66,18.03.2015,4,2015,True,0.0237844899939393,0.026921311393380165
66,19.03.2015,4,2015,True,0.0235848656804479,0.028615465387701988
66,20.03.2015,4,2015,True,0.0236198291508383,0.029067981988191605
66,23.03.2015,4,2015,True,0.0236084766117174,0.026921311393380165
66,24.03.2015,4,2015,True,0.0235192651310626,0.024641839787364006
66,25.03.2015,4,2015,True,0.0235033499156651,0.024484049528837204
66,26.03.2015,4,2015,True,0.0230041530419984,0.024484049528837204
66,27.03.2015,4,2015,True,0.0224151182432306,0.024641839787364006
66,30.03.2015,4,2015,True,0.0224107847036956,0.03175297752022743
66,31.03.2015,4,2015,True,0.0251271765150925,0.02958614192903042
66,01.04.2015,4,2015,True,0.0247512540132378,0.031620025634765625
66,02.04.2015,4,2015,True,0.0242863861266635,0.031620025634765625
66,06.04.2015,4,2015,True,0.0235147154238435,0.026203041896224022
66,07.04.2015,4,2015,True,0.0234246020993827,0.03425123170018196
66,08.04.2015,4,2015,True,0.022199232470776,0.03373286500573158
66,09.04.2015,4,2015,True,0.0221316754728289,0.03390165790915489
66,10.04.2015,4,2015,True,0.0221790615386108,0.03376298397779465
66,13.04.2015,4,2015,True,0.0222018373256452,0.024451900273561478
66,14.04.2015,4,2015,True,0.0221752266573191,0.030131889507174492
66,15.04.2015,4,2015,True,0.0218829175015158,0.029676660895347595
66,16.04.2015,4,2015,True,0.0219023755742543,0.028717724606394768
66,17.04.2015,4,2015,True,0.0210622411266926,0.022524867206811905
66,20.04.2015,4,2015,True,0.0211269433866214,0.022524867206811905
66,21.04.2015,4,2015,True,0.0210188134327168,0.022313443943858147
66,22.04.2015,4,2015,True,0.021094118646448,0.022313443943858147
66,23.04.2015,4,2015,True,0.0206179824422517,0.022092768922448158
66,24.04.2015,4,2015,True,0.0205910323609752,0.022092768922448158
66,27.04.2015,4,2015,True,0.0205863920587295,0.021257227286696434
66,28.04.2015,4,2015,True,0.0207037720866295,0.019357357174158096
66,29.04.2015,4,2015,True,0.0214057588007392,0.0185492355376482
66,30.04.2015,4,2015,True,0.0213507448028477,0.0185492355376482
66,01.05.2015,4,2015,True,0.0213554150009354,0.018205219879746437
66,04.05.2015,4,2015,True,0.0213520829449783,0.018306411802768707
66,05.05.2015,4,2015,True,0.0212665827839009,0.018290430307388306
66,06.05.2015,4,2015,True,0.021843812496646,0.018290430307388306
66,07.05.2015,4,2015,True,0.0216911775849848,0.01615692488849163
66,08.05.2015,4,2015,True,0.0217589355138203,0.018583185970783234
66,11.05.2015,4,2015,True,0.0217632171116433,0.01639156974852085
66,12.05.2015,4,2015,True,0.0213497285335557,0.017483515664935112
66,13.05.2015,4,2015,True,0.0213520572926,0.018108468502759933
66,14.05.2015,4,2015,True,0.0213513667185925,0.017483515664935112
66,15.05.2015,4,2015,True,0.0216533194312699,0.017483515664935112
66,18.05.2015,4,2015,True,0.0216669455521317,0.01632552407681942
66,19.05.2015,4,2015,True,0.0215030206498972,0.016403591260313988
66,20.05.2015,4,2015,True,0.0224821380947402,0.016403591260313988
66,21.05.2015,4,2015,True,0.0223033513332353,0.016403591260313988
66,22.05.2015,4,2015,True,0.0222670616953153,0.016403591260313988
66,26.05.2015,4,2015,True,0.0255433334469231,0.016403591260313988
66,27.05.2015,4,2015,True,0.0262862349488341,0.016504397615790367
66,28.05.2015,4,2015,True,0.0281277747253349,0.016504397615790367
66,29.05.2015,4,2015,True,0.0294144281186299,0.016504397615790367
66,01.06.2015,4,2015,True,0.0295394518602199,0.018501684069633484
66,02.06.2015,4,2015,True,0.0295083264616138,0.01858932338654995
66,03.06.2015,4,2015,True,0.0294584441374869,0.01858932338654995
66,04.06.2015,4,2015,True,0.0293018373499217,0.019354164600372314
66,05.06.2015,4,2015,True,0.0294882887363352,0.019545704126358032
66,08.06.2015,4,2015,True,0.0297325771605925,0.01858932338654995
66,09.06.2015,4,2015,True,0.0293804963240315,0.018400877714157104
66,10.06.2015,4,2015,True,0.0295775888442005,0.018591782078146935
66,11.06.2015,4,2015,True,0.0296038303314116,0.018400877714157104
66,12.06.2015,4,2015,True,0.0295557923098902,0.018400877714157104
66,15.06.2015,4,2015,True,0.0302947878967863,0.018591782078146935
66,16.06.2015,4,2015,True,0.0305090324886237,0.01879005879163742
66,17.06.2015,4,2015,True,0.0306617731283916,0.01879005879163742
66,18.06.2015,4,2015,True,0.0306493966479681,0.01859915442764759
66,19.06.2015,4,2015,True,0.0307268196045197,0.01859915442764759
66,22.06.2015,4,2015,True,0.0307473104353007,0.01859915442764759
66,23.06.2015,4,2015,True,0.0306735901434748,0.018501684069633484
66,24.06.2015,4,2015,True,0.0307653748899621,0.018423616886138916
66,25.06.2015,4,2015,True,0.0308961603636032,0.018423616886138916
66,26.06.2015,4,2015,True,0.0309019893756531,0.018423616886138916
66,29.06.2015,4,2015,True,0.0308643292192406,0.015776576474308968
66,30.06.2015,4,2015,True,0.0306944605149226,0.01680980809032917
66,01.07.2015,4,2015,True,0.0307614292484358,0.01680980809032917
66,02.07.2015,4,2015,True,0.0315289199658046,0.01680980809032917
66,06.07.2015,4,2015,True,0.0294511968538792,0.01680980809032917
66,07.07.2015,4,2015,True,0.0297437148122515,0.02138768695294857
66,08.07.2015,4,2015,True,0.0297488507777173,0.021325264126062393
66,09.07.2015,4,2015,True,0.0302458763394339,0.021476946771144867
66,10.07.2015,4,2015,True,0.0302656681172266,0.021376993507146835
66,13.07.2015,4,2015,True,0.0302258947268612,0.021376993507146835
66,14.07.2015,4,2015,True,0.030186542465245,0.019229285418987274
66,15.07.2015,4,2015,True,0.0300573947584119,0.01839374378323555
66,16.07.2015,4,2015,True,0.030029173498255,0.01844842918217182
66,17.07.2015,4,2015,True,0.0300326887077478,0.01839374378323555
66,20.07.2015,4,2015,True,0.0300511173791195,0.01839374378323555
66,21.07.2015,4,2015,True,0.0300422318694615,0.01839374378323555
66,22.07.2015,4,2015,True,0.0299949247230807,0.01839374378323555
66,23.07.2015,4,2015,True,0.0299637207077345,0.019141100347042084
66,24.07.2015,4,2015,True,0.0299849364265338,0.019039908424019814
66,27.07.2015,4,2015,True,0.0304886734511991,0.019039908424019814
66,28.07.2015,4,2015,True,0.030491418294622,0.019378401339054108
66,29.07.2015,4,2015,True,0.0305596883182614,0.01935037411749363
66,30.07.2015,4,2015,True,0.0306120186293663,0.019355764612555504
66,31.07.2015,4,2015,True,0.0308398495493165,0.01857490837574005
66,03.08.2015,4,2015,True,0.0305332168982639,0.019355764612555504
66,04.08.2015,4,2015,True,0.0305446174764228,0.01828327402472496
66,05.08.2015,4,2015,True,0.030561856701699,0.0177471786737442
66,06.08.2015,4,2015,True,0.0305660815919879,0.0177471786737442
66,07.08.2015,4,2015,True,0.0304930408564782,0.01819213107228279
66,10.08.2015,4,2015,True,0.0304351233292904,0.01819213107228279
66,11.08.2015,4,2015,True,0.0306523415131945,0.017894180491566658
66,12.08.2015,4,2015,True,0.0306368908269984,0.017894180491566658
66,13.08.2015,4,2015,True,0.0306249808313081,0.017894180491566658
66,14.08.2015,4,2015,True,0.0306245563784565,0.017894180491566658
66,17.08.2015,4,2015,True,0.0306779806639137,0.017894180491566658
66,18.08.2015,4,2015,True,0.0306773177519033,0.017194945365190506
66,19.08.2015,4,2015,True,0.0304355711487405,0.01694980263710022
66,20.08.2015,4,2015,True,0.0304111798416576,0.0174598079174757
66,21.08.2015,4,2015,True,0.0304592018175053,0.0174598079174757
66,24.08.2015,4,2015,True,0.0294209411946621,0.022872857749462128
66,25.08.2015,4,2015,True,0.0296173412268171,0.024317190051078796
66,26.08.2015,4,2015,True,0.0296258768692199,0.024606972932815552
66,27.08.2015,4,2015,True,0.0270320356172518,0.02454913593828678
66,28.08.2015,4,2015,True,0.02676688383301,0.03393115475773811
66,31.08.2015,4,2015,True,0.0251395175423719,0.03602350875735283
66,01.09.2015,4,2015,True,0.0228638489225899,0.036476537585258484
66,02.09.2015,4,2015,True,0.0235902676106554,0.036476537585258484
66,03.09.2015,4,2015,True,0.0235967115266828,0.03633786365389824
66,04.09.2015,4,2015,True,0.0234910787471952,0.034965887665748596
66,08.09.2015,4,2015,True,0.0235031251836198,0.034245509654283524
66,09.09.2015,4,2015,True,0.0236691839373764,0.033925432711839676
66,10.09.2015,4,2015,True,0.0233625567185314,0.028906645253300667
66,11.09.2015,4,2015,True,0.0234173235577883,0.028906645253300667
66,14.09.2015,4,2015,True,0.0233300418181617,0.028906645253300667
66,15.09.2015,4,2015,True,0.0233066563988663,0.029557304456830025
66,16.09.2015,4,2015,True,0.0233105849432703,0.031649649143218994
66,17.09.2015,4,2015,True,0.0223013667569457,0.0302776750177145
66,18.09.2015,4,2015,True,0.022011047037274,0.03496749326586723
66,21.09.2015,4,2015,True,0.022110502926661,0.0364060215651989
66,22.09.2015,4,2015,True,0.0222057608691584,0.03312477469444275
66,23.09.2015,4,2015,True,0.0223283959705844,0.028906645253300667
66,24.09.2015,4,2015,True,0.0226998229906942,0.03398389369249344
66,25.09.2015,4,2015,True,0.0229845766706655,0.028906645253300667
66,28.09.2015,4,2015,True,0.0230485765192542,0.028748854994773865
66,29.09.2015,4,2015,True,0.0228820976418893,0.028906645253300667
66,30.09.2015,4,2015,True,0.0229697186645861,0.028906645253300667
66,01.10.2015,4,2015,True,0.0240172307049415,0.02418200857937336
66,02.10.2015,4,2015,True,0.0239764086018126,0.023775024339556694
66,05.10.2015,4,2015,True,0.0237125594662125,0.019549913704395294
66,06.10.2015,4,2015,True,0.0235378929501561,0.020065421238541603
66,07.10.2015,4,2015,True,0.0236016492542852,0.024348922073841095
66,08.10.2015,4,2015,True,0.0230783765108105,0.01996546797454357
66,09.10.2015,4,2015,True,0.0234112472920454,0.01996546797454357
66,12.10.2015,4,2015,True,0.0226951987883015,0.01996546797454357
66,13.10.2015,4,2015,True,0.0241893621322175,0.030348122119903564
66,14.10.2015,4,2015,True,0.0243392658351754,0.02522125095129013
66,15.10.2015,4,2015,True,0.0253151669630607,0.01996546797454357
66,16.10.2015,4,2015,True,0.0283118356561609,0.020065421238541603
66,19.10.2015,4,2015,True,0.0288996697449345,0.019817743450403214
66,20.10.2015,4,2015,True,0.0294989007200457,0.019570091739296913
66,21.10.2015,4,2015,True,0.030012110287781,0.019570091739296913
66,22.10.2015,4,2015,True,0.0302006339068375,0.019570091739296913
66,23.10.2015,4,2015,True,0.0304243990724586,0.01930246315896511
66,26.10.2015,4,2015,True,0.0304219945780875,0.019379187375307083
66,27.10.2015,4,2015,True,0.0311071378319609,0.019602136686444283
66,28.10.2015,4,2015,True,0.0317766982514578,0.024201877415180206
66,29.10.2015,4,2015,True,0.0318087348114456,0.02451680600643158
66,30.10.2015,4,2015,True,0.0317119309730632,0.021612627431750298
66,02.11.2015,4,2015,True,0.0318980222278706,0.020082371309399605
66,03.11.2015,4,2015,True,0.0327858061650808,0.01999473199248314
66,04.11.2015,4,2015,True,0.0326805195149032,0.01980382762849331
66,05.11.2015,4,2015,True,0.0327551768611326,0.01999473199248314
66,06.11.2015,4,2015,True,0.035494153288445,0.019458064809441566
66,09.11.2015,4,2015,True,0.0356943971463081,0.019550759345293045
66,10.11.2015,4,2015,True,0.0368610000064003,0.018751155585050583
66,11.11.2015,4,2015,True,0.0366688940574101,0.01745055615901947
66,12.11.2015,4,2015,True,0.0366518102671827,0.019376108422875404
66,13.11.2015,4,2015,True,0.037240737562452,0.021469827741384506
66,16.11.2015,4,2015,True,0.0375361227385768,0.024410638958215714
66,17.11.2015,4,2015,True,0.0378209366587701,0.024271083995699883
66,18.11.2015,4,2015,True,0.0379334710267679,0.024240966886281967
66,19.11.2015,4,2015,True,0.037930423670695,0.019674865528941154
66,20.11.2015,4,2015,True,0.0380469023968982,0.020520275458693504
66,23.11.2015,4,2015,True,0.03803854194365,0.023780077695846558
66,24.11.2015,4,2015,True,0.0380166775817104,0.023951636627316475
66,25.11.2015,4,2015,True,0.0380229932989299,0.02441021054983139
66,27.11.2015,4,2015,True,0.0383191998288883,0.02384837344288826
66,30.11.2015,4,2015,True,0.0389208011866134,0.024328920990228653
66,01.12.2015,4,2015,True,0.0390748359372964,0.024631544947624207
66,02.12.2015,4,2015,True,0.0389573841709593,0.024339135736227036
66,03.12.2015,4,2015,True,0.0388679961632487,0.0263333972543478
66,04.12.2015,4,2015,True,0.0388207930789977,0.02505950629711151
66,07.12.2015,4,2015,True,0.0383357880893447,0.02417171373963356
66,08.12.2015,4,2015,True,0.0383887082680249,0.027042722329497337
66,09.12.2015,4,2015,True,0.0387131425245688,0.027090979740023613
66,10.12.2015,4,2015,True,0.0388626007173883,0.02667071670293808
66,11.12.2015,4,2015,True,0.0384335541099739,0.02624225988984108
66,14.12.2015,4,2015,True,0.0384425854236689,0.02667071670293808
66,15.12.2015,4,2015,True,0.0384153978737625,0.027251893654465675
66,16.12.2015,4,2015,True,0.0383987554563883,0.02525763213634491
66,17.12.2015,4,2015,True,0.0383990930370038,0.02519979514181614
66,18.12.2015,4,2015,True,0.0383874676771475,0.02519979514181614
66,21.12.2015,4,2015,True,0.0385144725731599,0.02525763213634491
66,22.12.2015,4,2015,True,0.0385029594027512,0.024757377803325653
66,23.12.2015,4,2015,True,0.0382968038109472,0.02456923946738243
66,24.12.2015,4,2015,True,0.0382613656691165,0.024699540808796883
66,28.12.2015,4,2015,True,0.0385522670262739,0.02449786476790905
66,29.12.2015,4,2015,True,0.0383614628772369,0.024699540808796883
66,30.12.2015,4,2015,True,0.0385951621975186,0.024299826472997665
66,31.12.2015,4,2015,True,0.0385320878290971,0.026426274329423904
126,02.01.2015,4,2015,True,0.0291371161061665,0.02489600144326687
126,05.01.2015,4,2015,True,0.0286299703062783,0.02489600144326687
126,06.01.2015,4,2015,True,0.0284146057529057,0.026274435222148895
126,07.01.2015,4,2015,True,0.0285096089007595,0.027947917580604553
126,08.01.2015,4,2015,True,0.0285064669760889,0.026196207851171494
126,09.01.2015,4,2015,True,0.0284982004051666,0.026196207851171494
126,12.01.2015,4,2015,True,0.0280627611895377,0.026196207851171494
126,13.01.2015,4,2015,True,0.0281116770296067,0.029168086126446724
126,14.01.2015,4,2015,True,0.0278581647562869,0.02862357348203659
126,15.01.2015,4,2015,True,0.0277850961330543,0.030440298840403557
126,16.01.2015,4,2015,True,0.0278249230082424,0.030440298840403557
126,20.01.2015,4,2015,True,0.02782580427796,0.030362071469426155
126,21.01.2015,4,2015,True,0.0278100883096263,0.028590776026248932
126,22.01.2015,4,2015,True,0.0278301554586465,0.028669003397226334
126,23.01.2015,4,2015,True,0.0278506571310297,0.027915149927139282
126,26.01.2015,4,2015,True,0.0278934517608945,0.02773490734398365
126,27.01.2015,4,2015,True,0.0277767461112141,0.02808738872408867
126,28.01.2015,4,2015,True,0.0276957447338525,0.02884124219417572
126,29.01.2015,4,2015,True,0.0276725949217813,0.02884124219417572
126,30.01.2015,4,2015,True,0.0269053222183667,0.02876301482319832
126,02.02.2015,4,2015,True,0.0271498544032722,0.03304591029882431
126,03.02.2015,4,2015,True,0.0266815693841088,0.032228123396635056
126,04.02.2015,4,2015,True,0.026027805216937,0.03383881226181984
126,05.02.2015,4,2015,True,0.0257229076484048,0.03421720862388611
126,06.02.2015,4,2015,True,0.0256892908482205,0.03421720862388611
126,09.02.2015,4,2015,True,0.025891561568421,0.03421720862388611
126,10.02.2015,4,2015,True,0.0258175337477786,0.033128540962934494
126,11.02.2015,4,2015,True,0.0256863995928541,0.033128540962934494
126,12.02.2015,4,2015,True,0.0253963271265366,0.03091982565820217
126,13.02.2015,4,2015,True,0.0253893804710132,0.03091982565820217
126,17.02.2015,4,2015,True,0.0241573585328665,0.030293669551610947
126,18.02.2015,4,2015,True,0.0240021084919089,0.03320220485329628
126,19.02.2015,4,2015,True,0.0241762014286123,0.03320220485329628
126,20.02.2015,4,2015,True,0.0241904620138804,0.03320220485329628
126,23.02.2015,4,2015,True,0.0242121573539883,0.03320220485329628
126,24.02.2015,4,2015,True,0.0248105131022793,0.03320220485329628
126,25.02.2015,4,2015,True,0.0244054477212744,0.029691705480217934
126,26.02.2015,4,2015,True,0.0243168898968968,0.030445558950304985
126,27.02.2015,4,2015,True,0.0256117856459226,0.030445558950304985
126,02.03.2015,4,2015,True,0.0256870905991803,0.031332869082689285
126,03.03.2015,4,2015,True,0.0265632480456785,0.033046916127204895
126,04.03.2015,4,2015,True,0.0276812111562334,0.033046916127204895
126,05.03.2015,4,2015,True,0.027740675232572,0.03278827294707298
126,06.03.2015,4,2015,True,0.0277263697274759,0.029855510219931602
126,09.03.2015,4,2015,True,0.0277322454323636,0.030212046578526497
126,10.03.2015,4,2015,True,0.0275439463363619,0.03062629885971546
126,11.03.2015,4,2015,True,0.0276941023851064,0.03062629885971546
126,12.03.2015,4,2015,True,0.0278050357445051,0.03130192309617996
126,13.03.2015,4,2015,True,0.0275797043832853,0.03122369758784771
126,16.03.2015,4,2015,True,0.0277032988411242,0.03130192309617996
126,17.03.2015,4,2015,True,0.0277096483389736,0.030618803575634956
126,18.03.2015,4,2015,True,0.0273940336267545,0.02873912639915943
126,19.03.2015,4,2015,True,0.0277024850585731,0.03116673231124878
126,20.03.2015,4,2015,True,0.0278103514936168,0.03116673231124878
126,23.03.2015,4,2015,True,0.0279298864150095,0.030540576204657555
126,24.03.2015,4,2015,True,0.0279059797609978,0.030934061855077744
126,25.03.2015,4,2015,True,0.0279109380780449,0.029690222814679146
126,26.03.2015,4,2015,True,0.027589089647661,0.027382878586649895
126,27.03.2015,4,2015,True,0.0272866425188829,0.031012289226055145
126,30.03.2015,4,2015,True,0.027377925784696,0.03351029008626938
126,31.03.2015,4,2015,True,0.0273771843362902,0.03116321749985218
126,01.04.2015,4,2015,True,0.0271825654343442,0.03116321749985218
126,02.04.2015,4,2015,True,0.0270034097437298,0.03286989778280258
126,06.04.2015,4,2015,True,0.0265275338910459,0.03091982565820217
126,07.04.2015,4,2015,True,0.0265679243925836,0.03230433911085129
126,08.04.2015,4,2015,True,0.0264437812295859,0.03097543679177761
126,09.04.2015,4,2015,True,0.0264075743674314,0.03268273547291756
126,10.04.2015,4,2015,True,0.0264960490461604,0.03236900269985199
126,13.04.2015,4,2015,True,0.0265026520541169,0.023923411965370178
126,14.04.2015,4,2015,True,0.0269165056906118,0.026837803423404694
126,15.04.2015,4,2015,True,0.0267698601289287,0.027693798765540123
126,16.04.2015,4,2015,True,0.0267685672482668,0.028508825227618217
126,17.04.2015,4,2015,True,0.0263827238363713,0.02272397093474865
126,20.04.2015,4,2015,True,0.0263830103636497,0.022609977051615715
126,21.04.2015,4,2015,True,0.0263234738181493,0.022241264581680298
126,22.04.2015,4,2015,True,0.0263026046321323,0.0223194919526577
126,23.04.2015,4,2015,True,0.0261480897070268,0.022241264581680298
126,24.04.2015,4,2015,True,0.0261435827745301,0.0223194919526577
126,27.04.2015,4,2015,True,0.0261405139680324,0.020420100539922714
126,28.04.2015,4,2015,True,0.0261479870302737,0.023827005177736282
126,29.04.2015,4,2015,True,0.0261061657432325,0.023827005177736282
126,30.04.2015,4,2015,True,0.0264338245303068,0.0219925157725811
126,01.05.2015,4,2015,True,0.0264340570355912,0.01926952786743641
126,04.05.2015,4,2015,True,0.0264814333396592,0.01926952786743641
126,05.05.2015,4,2015,True,0.0264564730301915,0.018891217187047005
126,06.05.2015,4,2015,True,0.0266647451504263,0.018891217187047005
126,07.05.2015,4,2015,True,0.0267271189118591,0.01725134067237377
126,08.05.2015,4,2015,True,0.0267421111050859,0.021019499748945236
126,11.05.2015,4,2015,True,0.0267513701246011,0.016911610960960388
126,12.05.2015,4,2015,True,0.0265963674263215,0.01670648530125618
126,13.05.2015,4,2015,True,0.0266054541396511,0.018060557544231415
126,14.05.2015,4,2015,True,0.0267600864780657,0.01656084693968296
126,15.05.2015,4,2015,True,0.0269500967128638,0.01670648530125618
126,18.05.2015,4,2015,True,0.0269570810654808,0.016639159992337227
126,19.05.2015,4,2015,True,0.0268117331868524,0.016639159992337227
126,20.05.2015,4,2015,True,0.0267603733692701,0.01680588908493519
126,21.05.2015,4,2015,True,0.0266972116163644,0.016727661713957787
126,22.05.2015,4,2015,True,0.0266679542490905,0.01673218049108982
126,26.05.2015,4,2015,True,0.0266197467579781,0.01673218049108982
126,27.05.2015,4,2015,True,0.0265416089106483,0.017058905214071274
126,28.05.2015,4,2015,True,0.0266672080539254,0.01697804592549801
126,29.05.2015,4,2015,True,0.0263048388366941,0.016980677843093872
126,01.06.2015,4,2015,True,0.0263981838057048,0.018463337793946266
126,02.06.2015,4,2015,True,0.0263761037374972,0.01844063587486744
126,03.06.2015,4,2015,True,0.0262945649087558,0.018524914979934692
126,04.06.2015,4,2015,True,0.0264649306586065,0.02023349702358246
126,05.06.2015,4,2015,True,0.0265592810262101,0.020804308354854584
126,08.06.2015,4,2015,True,0.0265925851509776,0.01851886324584484
126,09.06.2015,4,2015,True,0.0267680107914932,0.01816599629819393
126,10.06.2015,4,2015,True,0.0267371721460161,0.018321795389056206
126,11.06.2015,4,2015,True,0.026733199100359,0.018022742122411728
126,12.06.2015,4,2015,True,0.0267024774198494,0.018096450716257095
126,15.06.2015,4,2015,True,0.0269333467361088,0.018321795389056206
126,16.06.2015,4,2015,True,0.0269326525530773,0.018737416714429855
126,17.06.2015,4,2015,True,0.0268973456144983,0.01873289793729782
126,18.06.2015,4,2015,True,0.0270076620807768,0.01807759329676628
126,19.06.2015,4,2015,True,0.0269756940733292,0.01799936592578888
126,22.06.2015,4,2015,True,0.0269650639533587,0.018220847472548485
126,23.06.2015,4,2015,True,0.0269095668579953,0.018458819016814232
126,24.06.2015,4,2015,True,0.0268938519729164,0.018537046387791634
126,25.06.2015,4,2015,True,0.0271117755177298,0.018458819016814232
126,26.06.2015,4,2015,True,0.0271568533612156,0.018333006650209427
126,29.06.2015,4,2015,True,0.0272520465036888,0.0168243870139122
126,30.06.2015,4,2015,True,0.0273119126797005,0.017474234104156494
126,01.07.2015,4,2015,True,0.0273940418481402,0.01739337481558323
126,02.07.2015,4,2015,True,0.0274916237942312,0.01739337481558323
126,06.07.2015,4,2015,True,0.026297380296878,0.01747206225991249
126,07.07.2015,4,2015,True,0.0263362698184807,0.022074813023209572
126,08.07.2015,4,2015,True,0.0268382185835217,0.022074813023209572
126,09.07.2015,4,2015,True,0.0267074898656284,0.022074813023209572
126,10.07.2015,4,2015,True,0.0267015954077753,0.022074813023209572
126,13.07.2015,4,2015,True,0.0271650608406429,0.022074813023209572
126,14.07.2015,4,2015,True,0.0271693930896844,0.020282594487071037
126,15.07.2015,4,2015,True,0.0271338020891251,0.018387721851468086
126,16.07.2015,4,2015,True,0.0272279618621001,0.01857011392712593
126,17.07.2015,4,2015,True,0.0272268398128832,0.018387721851468086
126,20.07.2015,4,2015,True,0.0279265012566438,0.018303442746400833
126,21.07.2015,4,2015,True,0.0279978846219842,0.018482502549886703
126,22.07.2015,4,2015,True,0.0283863225346091,0.01839822344481945
126,23.07.2015,4,2015,True,0.029752040535644,0.019728727638721466
126,24.07.2015,4,2015,True,0.03006796897525,0.020197132602334023
126,27.07.2015,4,2015,True,0.0303118534196582,0.020197132602334023
126,28.07.2015,4,2015,True,0.0305664117063589,0.02034902200102806
126,29.07.2015,4,2015,True,0.0306601269733903,0.02027079463005066
126,30.07.2015,4,2015,True,0.0307636210294579,0.02027079463005066
126,31.07.2015,4,2015,True,0.0307241072590291,0.019739625975489616
126,03.08.2015,4,2015,True,0.0307999971797804,0.02034902200102806
126,04.08.2015,4,2015,True,0.0314381021271934,0.020726215094327927
126,05.08.2015,4,2015,True,0.0314590412815834,0.020647987723350525
126,06.08.2015,4,2015,True,0.0314684731504042,0.020647987723350525
126,07.08.2015,4,2015,True,0.0315697079987849,0.020559486001729965
126,10.08.2015,4,2015,True,0.0321236233400914,0.020637713372707367
126,11.08.2015,4,2015,True,0.0321238363953034,0.019353147596120834
126,12.08.2015,4,2015,True,0.0321599623487808,0.019353147596120834
126,13.08.2015,4,2015,True,0.0335681902091257,0.019274920225143433
126,14.08.2015,4,2015,True,0.0336960779805077,0.019268738105893135
126,17.08.2015,4,2015,True,0.0343163140703485,0.019274920225143433
126,18.08.2015,4,2015,True,0.0343174880185895,0.018472008407115936
126,19.08.2015,4,2015,True,0.0343435425137062,0.018472008407115936
126,20.08.2015,4,2015,True,0.0346506074104268,0.01873047836124897
126,21.08.2015,4,2015,True,0.0347695247448498,0.01865225099027157
126,24.08.2015,4,2015,True,0.0344908268489735,0.020929092541337013
126,25.08.2015,4,2015,True,0.0345527840250335,0.02653278410434723
126,26.08.2015,4,2015,True,0.034554435163204,0.028128039091825485
126,27.08.2015,4,2015,True,0.0334729413997534,0.026339687407016754
126,28.08.2015,4,2015,True,0.0331303288045523,0.03326902166008949
126,31.08.2015,4,2015,True,0.0324242445040567,0.03326902166008949
126,01.09.2015,4,2015,True,0.0315060400478785,0.03426532447338104
126,02.09.2015,4,2015,True,0.0317151685948143,0.0343850813806057
126,03.09.2015,4,2015,True,0.0320936666830039,0.034715939313173294
126,04.09.2015,4,2015,True,0.0321422812022273,0.034715939313173294
126,08.09.2015,4,2015,True,0.0323105384023398,0.034715939313173294
126,09.09.2015,4,2015,True,0.0321961455734772,0.03376892954111099
126,10.09.2015,4,2015,True,0.0321065500271139,0.031012289226055145
126,11.09.2015,4,2015,True,0.0321321477839319,0.03134314715862274
126,14.09.2015,4,2015,True,0.0320144016969052,0.03126491978764534
126,15.09.2015,4,2015,True,0.032223118240724,0.03216363862156868
126,16.09.2015,4,2015,True,0.0323390545157287,0.03208541497588158
126,17.09.2015,4,2015,True,0.0319987719512152,0.03208541497588158
126,18.09.2015,4,2015,True,0.0318806552553293,0.029379433020949364
126,21.09.2015,4,2015,True,0.031764394225564,0.031534451991319656
126,22.09.2015,4,2015,True,0.0318801814134761,0.030618062242865562
126,23.09.2015,4,2015,True,0.0317949965096624,0.03109816461801529
126,24.09.2015,4,2015,True,0.0317831072124192,0.033674392849206924
126,25.09.2015,4,2015,True,0.0318602658128379,0.03109816461801529
126,28.09.2015,4,2015,True,0.0317865240269461,0.029690222814679146
126,29.09.2015,4,2015,True,0.0317483633300582,0.030845537781715393
126,30.09.2015,4,2015,True,0.0317470458064504,0.030845537781715393
126,01.10.2015,4,2015,True,0.0320316051323708,0.02398442104458809
126,02.10.2015,4,2015,True,0.0320218245989711,0.02451731637120247
126,05.10.2015,4,2015,True,0.0322882726651027,0.020200971513986588
126,06.10.2015,4,2015,True,0.0319239288994945,0.021728361025452614
126,07.10.2015,4,2015,True,0.0324156822316775,0.024788042530417442
126,08.10.2015,4,2015,True,0.032331061429943,0.021570242941379547
126,09.10.2015,4,2015,True,0.0325652929750476,0.02164847031235695
126,12.10.2015,4,2015,True,0.0322275253189149,0.021576425060629845
126,13.10.2015,4,2015,True,0.0322166164930165,0.029078194871544838
126,14.10.2015,4,2015,True,0.0322484615142595,0.026257086545228958
126,15.10.2015,4,2015,True,0.032242014052719,0.021785596385598183
126,16.10.2015,4,2015,True,0.0323299353590463,0.021785596385598183
126,19.10.2015,4,2015,True,0.032527389976455,0.021785596385598183
126,20.10.2015,4,2015,True,0.0326195898956657,0.020116185769438744
126,21.10.2015,4,2015,True,0.032605662340804,0.020116185769438744
126,22.10.2015,4,2015,True,0.032624590456565,0.01997358724474907
126,23.10.2015,4,2015,True,0.032723329088,0.019895359873771667
126,26.10.2015,4,2015,True,0.0328319260635097,0.019895359873771667
126,27.10.2015,4,2015,True,0.032851476814968,0.02076280117034912
126,28.10.2015,4,2015,True,0.0325847735873086,0.0230424702167511
126,29.10.2015,4,2015,True,0.0325817618123866,0.02557455189526081
126,30.10.2015,4,2015,True,0.0326487510712896,0.021153628826141357
126,02.11.2015,4,2015,True,0.0328798618789417,0.02103511616587639
126,03.11.2015,4,2015,True,0.0327324104474444,0.020891381427645683
126,04.11.2015,4,2015,True,0.0325570063596613,0.02074878290295601
126,05.11.2015,4,2015,True,0.0327212556553573,0.020969608798623085
126,06.11.2015,4,2015,True,0.0329307138875738,0.020670555531978607
126,09.11.2015,4,2015,True,0.0331710009144396,0.020670555531978607
126,10.11.2015,4,2015,True,0.0331796728784682,0.018723664805293083
126,11.11.2015,4,2015,True,0.0330336471407466,0.018733564764261246
126,12.11.2015,4,2015,True,0.0329079483240938,0.020297084003686905
126,13.11.2015,4,2015,True,0.0328963323773073,0.021091900765895844
126,16.11.2015,4,2015,True,0.032903930350447,0.02471032366156578
126,17.11.2015,4,2015,True,0.0329051494586459,0.025435423478484154
126,18.11.2015,4,2015,True,0.0328880629660637,0.025435423478484154
126,19.11.2015,4,2015,True,0.0328965859173635,0.020270761102437973
126,20.11.2015,4,2015,True,0.0328868022414174,0.02026982419192791
126,23.11.2015,4,2015,True,0.0329457312787996,0.022024933248758316
126,24.11.2015,4,2015,True,0.0328543370053044,0.023561105132102966
126,25.11.2015,4,2015,True,0.0328586986127799,0.02625427208840847
126,27.11.2015,4,2015,True,0.0327585963000535,0.025746401399374008
126,30.11.2015,4,2015,True,0.0327535800696662,0.025827381759881973
126,01.12.2015,4,2015,True,0.0327548511081314,0.025965511798858643
126,02.12.2015,4,2015,True,0.0325061030147777,0.02681862749159336
126,03.12.2015,4,2015,True,0.0324300533875956,0.026896854862570763
126,04.12.2015,4,2015,True,0.0324098667017851,0.026896854862570763
126,07.12.2015,4,2015,True,0.0320655630479015,0.023178670555353165
126,08.12.2015,4,2015,True,0.0320626530352546,0.029068883508443832
126,09.12.2015,4,2015,True,0.0321666530228221,0.02899065613746643
126,10.12.2015,4,2015,True,0.0321544896241692,0.028275752440094948
126,11.12.2015,4,2015,True,0.0318812114862425,0.02660227008163929
126,14.12.2015,4,2015,True,0.0319282198026606,0.027809467166662216
126,15.12.2015,4,2015,True,0.0320986896310835,0.028376903384923935
126,16.12.2015,4,2015,True,0.0321352177274813,0.029088390991091728
126,17.12.2015,4,2015,True,0.0322271519173984,0.028140714392066002
126,18.12.2015,4,2015,True,0.0322144170533095,0.02797427773475647
126,21.12.2015,4,2015,True,0.0322154851301602,0.02841276489198208
126,22.12.2015,4,2015,True,0.0322442952977124,0.027600126340985298
126,23.12.2015,4,2015,True,0.0324644685794078,0.026875371113419533
126,24.12.2015,4,2015,True,0.0325430567095848,0.027277115732431412
126,28.12.2015,4,2015,True,0.0324771073874598,0.024684010073542595
126,29.12.2015,4,2015,True,0.0325562641572612,0.02749505080282688
126,30.12.2015,4,2015,True,0.0324304266174764,0.02477673813700676
126,31.12.2015,4,2015,True,0.0323818220148291,0.027367187663912773
5,04.01.2016,5,2016,True,0.0267746502757364,0.018950579687952995
5,05.01.2016,5,2016,True,0.0267345156748962,0.030468864366412163
5,06.01.2016,5,2016,True,0.0216005891989593,0.03166092932224274
5,07.01.2016,5,2016,True,0.0306778320498717,0.03122592717409134
5,08.01.2016,5,2016,True,0.0312333427813533,0.032438792288303375
5,11.01.2016,5,2016,True,0.0364800301715442,0.028682511299848557
5,12.01.2016,5,2016,True,0.0369184592066055,0.037378326058387756
5,13.01.2016,5,2016,True,0.0480590956673348,0.03596927598118782
5,14.01.2016,5,2016,True,0.0666892247833084,0.03203526884317398
5,15.01.2016,5,2016,True,0.0722395173646008,0.03214642405509949
5,19.01.2016,5,2016,True,0.0611930826884183,0.03640324994921684
5,20.01.2016,5,2016,True,0.0541903045578414,0.036228932440280914
5,21.01.2016,5,2016,True,0.0537507175091648,0.03826924413442612
5,22.01.2016,5,2016,True,0.0394353735529616,0.036216478794813156
5,25.01.2016,5,2016,True,0.0173608465028443,0.04096662998199463
5,26.01.2016,5,2016,True,0.0388357916609145,0.03542215749621391
5,27.01.2016,5,2016,True,0.0464600248205398,0.03725247085094452
5,28.01.2016,5,2016,True,0.0473010993341695,0.038097310811281204
5,29.01.2016,5,2016,True,0.0459612140496511,0.03840050473809242
5,01.02.2016,5,2016,True,0.0479445231194083,0.04196685180068016
5,02.02.2016,5,2016,True,0.054222861952547,0.04032116010785103
5,03.02.2016,5,2016,True,0.0362533077971315,0.04700682684779167
5,04.02.2016,5,2016,True,0.0359272057299129,0.04245171323418617
5,05.02.2016,5,2016,True,0.0698612638822414,0.04155667871236801
5,08.02.2016,5,2016,True,0.0699458806617528,0.043192289769649506
5,09.02.2016,5,2016,True,0.0604197267930389,0.03925841301679611
5,10.02.2016,5,2016,True,0.0621557982025135,0.045740559697151184
5,11.02.2016,5,2016,True,0.0646261292501251,0.045978300273418427
5,12.02.2016,5,2016,True,0.0494158145645849,0.04817960038781166
5,16.02.2016,5,2016,True,0.0507478690181976,0.04937106370925903
5,17.02.2016,5,2016,True,0.0412640947149153,0.0408337377011776
5,18.02.2016,5,2016,True,0.0425452444399025,0.04290734976530075
5,19.02.2016,5,2016,True,0.0362602777181423,0.04201464354991913
5,22.02.2016,5,2016,True,0.0311675630764184,0.04104330763220787
5,23.02.2016,5,2016,True,0.0172657847635108,0.04049760103225708
5,24.02.2016,5,2016,True,0.0156189277975034,0.036167118698358536
5,25.02.2016,5,2016,True,0.0147240486932872,0.04271925613284111
5,26.02.2016,5,2016,True,0.0179715209193839,0.03733844682574272
5,29.02.2016,5,2016,True,0.0236442178435875,0.040575314313173294
5,01.03.2016,5,2016,True,0.0332669323700429,0.05455229803919792
5,02.03.2016,5,2016,True,0.0339369414266054,0.04274739697575569
5,03.03.2016,5,2016,True,0.0396462647389161,0.0421573631465435
5,04.03.2016,5,2016,True,0.0364053758155326,0.0452587753534317
5,07.03.2016,5,2016,True,0.0276909079134308,0.044130854308605194
5,08.03.2016,5,2016,True,0.0260047302577693,0.028668945655226707
5,09.03.2016,5,2016,True,0.0279573264106427,0.02763393707573414
5,10.03.2016,5,2016,True,0.0281384249384527,0.02806798741221428
5,11.03.2016,5,2016,True,0.0289446671426293,0.03049711510539055
5,14.03.2016,5,2016,True,0.0252110480837873,0.028881950303912163
5,15.03.2016,5,2016,True,0.0194562807640199,0.024899577721953392
5,16.03.2016,5,2016,True,0.0227635398718204,0.022358879446983337
5,17.03.2016,5,2016,True,0.0162615567601995,0.016005776822566986
5,18.03.2016,5,2016,True,0.0161844722394399,0.017666315659880638
5,21.03.2016,5,2016,True,0.0172206441552455,0.015635494142770767
5,22.03.2016,5,2016,True,0.016491505463908,0.019251739606261253
5,23.03.2016,5,2016,True,0.0142972276368089,0.01938753016293049
5,24.03.2016,5,2016,True,0.0144739037490671,0.020541829988360405
5,28.03.2016,5,2016,True,0.0255686457422327,0.020352302119135857
5,29.03.2016,5,2016,True,0.0249341164502594,0.02046976238489151
5,30.03.2016,5,2016,True,0.0361379192023122,0.020745497196912766
5,31.03.2016,5,2016,True,0.0363859952885607,0.020220275968313217
5,01.04.2016,5,2016,True,0.0460455720083842,0.021318770945072174
5,04.04.2016,5,2016,True,0.0303400194827724,0.020568113774061203
5,05.04.2016,5,2016,True,0.0285101762549663,0.030159125104546547
5,06.04.2016,5,2016,True,0.0322374970850391,0.02994842641055584
5,07.04.2016,5,2016,True,0.0316228148299344,0.018763555213809013
5,08.04.2016,5,2016,True,0.0253992097764424,0.020476585254073143
5,11.04.2016,5,2016,True,0.0240167807500363,0.019953884184360504
5,12.04.2016,5,2016,True,0.0167359708485721,0.024098776280879974
5,13.04.2016,5,2016,True,0.0241190577650028,0.022073574364185333
5,14.04.2016,5,2016,True,0.0285859120220384,0.020455576479434967
5,15.04.2016,5,2016,True,0.0263606094998888,0.018839744850993156
5,18.04.2016,5,2016,True,0.0279064386506247,0.023898156359791756
5,19.04.2016,5,2016,True,0.0282814807769204,0.023982953280210495
5,20.04.2016,5,2016,True,0.0260811212664975,0.020934276282787323
5,21.04.2016,5,2016,True,0.018006006449757,0.02023400366306305
5,22.04.2016,5,2016,True,0.0193961312320202,0.021917028352618217
5,25.04.2016,5,2016,True,0.0151896213183112,0.019502390176057816
5,26.04.2016,5,2016,True,0.022814500523207,0.02079753577709198
5,27.04.2016,5,2016,True,0.0263092208578849,0.020503772422671318
5,28.04.2016,5,2016,True,0.0232228139124387,0.020867450162768364
5,29.04.2016,5,2016,True,0.0246326437407366,0.019715985283255577
5,02.05.2016,5,2016,True,0.0262238204456773,0.017620109021663666
5,03.05.2016,5,2016,True,0.0370782657578431,0.02584388107061386
5,04.05.2016,5,2016,True,0.0340119940332663,0.025894301012158394
5,05.05.2016,5,2016,True,0.0339758205699538,0.02625822275876999
5,06.05.2016,5,2016,True,0.0349794406153422,0.024721527472138405
5,09.05.2016,5,2016,True,0.0212783052789102,0.023573417216539383
5,10.05.2016,5,2016,True,0.019098938467121,0.021110329777002335
5,11.05.2016,5,2016,True,0.0124640925349033,0.01896028220653534
5,12.05.2016,5,2016,True,0.0125821770748845,0.018889708444476128
5,13.05.2016,5,2016,True,0.0121130739682847,0.021873047575354576
5,16.05.2016,5,2016,True,0.0056059368947114,0.023395836353302002
5,17.05.2016,5,2016,True,0.0052354576877483,0.017515184357762337
5,18.05.2016,5,2016,True,0.0119424595259943,0.018923085182905197
5,19.05.2016,5,2016,True,0.0120127799153505,0.0198968518525362
5,20.05.2016,5,2016,True,0.0124893336196484,0.01778131164610386
5,23.05.2016,5,2016,True,0.0112046135236193,0.018374184146523476
5,24.05.2016,5,2016,True,0.0114334583663594,0.020620396360754967
5,25.05.2016,5,2016,True,0.0057336473550977,0.01923627406358719
5,26.05.2016,5,2016,True,0.0069609314107968,0.021101213991642
5,27.05.2016,5,2016,True,0.0096547698302737,0.01889929361641407
5,31.05.2016,5,2016,True,0.0112179012530027,0.018810223788022995
5,01.06.2016,5,2016,True,0.0118964325325115,0.014605234377086163
5,02.06.2016,5,2016,True,0.0154692975603232,0.019426150247454643
5,03.06.2016,5,2016,True,0.0215986838436499,0.014784677885472775
5,06.06.2016,5,2016,True,0.0200725201389499,0.014843199402093887
5,07.06.2016,5,2016,True,0.0174334118071743,0.017521651461720467
5,08.06.2016,5,2016,True,0.0089844163089972,0.018437271937727928
5,09.06.2016,5,2016,True,0.0132862182454655,0.019436530768871307
5,10.06.2016,5,2016,True,0.0288715422749231,0.019682040438055992
5,13.06.2016,5,2016,True,0.0329526957954396,0.022088035941123962
5,14.06.2016,5,2016,True,0.032379293110913,0.023976607248187065
5,15.06.2016,5,2016,True,0.0319732011740285,0.024917107075452805
5,16.06.2016,5,2016,True,0.0226512277859097,0.029308097437024117
5,17.06.2016,5,2016,True,0.0316280409968722,0.024313580244779587
5,20.06.2016,5,2016,True,0.026624104323119,0.02318836934864521
5,21.06.2016,5,2016,True,0.0331514296824757,0.015475748106837273
5,22.06.2016,5,2016,True,0.0392149498432743,0.017303314059972763
5,23.06.2016,5,2016,True,0.0387300267764958,0.0184463057667017
5,24.06.2016,5,2016,True,0.0292622217978056,0.019078904762864113
5,27.06.2016,5,2016,True,0.0329093397899679,0.017249664291739464
5,28.06.2016,5,2016,True,0.0308464530034091,0.02071099914610386
5,29.06.2016,5,2016,True,0.0281466351309615,0.01773620955646038
5,30.06.2016,5,2016,True,0.0302465107559133,0.013607808388769627
5,01.07.2016,5,2016,True,0.0290924375567463,0.014577213674783707
5,05.07.2016,5,2016,True,0.0360570141390272,0.013983722776174545
5,06.07.2016,5,2016,True,0.0403972498648439,0.016230562701821327
5,07.07.2016,5,2016,True,0.0354702159448866,0.020135411992669106
5,08.07.2016,5,2016,True,0.0354226607597834,0.019980402663350105
5,11.07.2016,5,2016,True,0.0357290170587429,0.02034783363342285
5,12.07.2016,5,2016,True,0.026009571888305,0.020929038524627686
5,13.07.2016,5,2016,True,0.0146636975976767,0.01865443028509617
5,14.07.2016,5,2016,True,0.0130422602728339,0.023457413539290428
5,15.07.2016,5,2016,True,0.0118773743678266,0.01914803311228752
5,18.07.2016,5,2016,True,0.0131995583380295,0.019565042108297348
5,19.07.2016,5,2016,True,0.014480760147443,0.013771754689514637
5,20.07.2016,5,2016,True,0.0131991282592172,0.011023564264178276
5,21.07.2016,5,2016,True,0.0130174224942737,0.015441657043993473
5,22.07.2016,5,2016,True,0.0137165389082783,0.016197379678487778
5,25.07.2016,5,2016,True,0.014356878457294,0.015726102516055107
5,26.07.2016,5,2016,True,0.0121400956287649,0.01992599107325077
5,27.07.2016,5,2016,True,0.0194468481485801,0.019785886630415916
5,28.07.2016,5,2016,True,0.0205084869921998,0.02376152016222477
5,29.07.2016,5,2016,True,0.0198092572361505,0.020042860880494118
5,01.08.2016,5,2016,True,0.0202821718346055,0.019591955468058586
5,02.08.2016,5,2016,True,0.0181062441046985,0.020778262987732887
5,03.08.2016,5,2016,True,0.0211541788887004,0.019767802208662033
5,04.08.2016,5,2016,True,0.026435142589229,0.019983025267720222
5,05.08.2016,5,2016,True,0.0264309004066197,0.019603731110692024
5,08.08.2016,5,2016,True,0.0269788140852389,0.019623644649982452
5,09.08.2016,5,2016,True,0.0240953272226752,0.015780480578541756
5,10.08.2016,5,2016,True,0.0123769719751172,0.016084793955087662
5,11.08.2016,5,2016,True,0.0059270230398693,0.014072103425860405
5,12.08.2016,5,2016,True,0.010817897421445,0.013471405021846294
5,15.08.2016,5,2016,True,0.0225598393237097,0.015101637691259384
5,16.08.2016,5,2016,True,0.0222648928877704,0.020057762041687965
5,17.08.2016,5,2016,True,0.0232119092059167,0.019385401159524918
5,18.08.2016,5,2016,True,0.0213377332592176,0.019977187737822533
5,19.08.2016,5,2016,True,0.0217460187973184,0.019024943932890892
5,22.08.2016,5,2016,True,0.0154740773360306,0.020548395812511444
5,23.08.2016,5,2016,True,0.0143287504288681,0.021278511732816696
5,24.08.2016,5,2016,True,0.0167315241045496,0.01785828359425068
5,25.08.2016,5,2016,True,0.0134617566681937,0.01977263018488884
5,26.08.2016,5,2016,True,0.0110947098768588,0.0204378142952919
5,29.08.2016,5,2016,True,0.0147628488554911,0.022611087188124657
5,30.08.2016,5,2016,True,0.0165713305804916,0.02045079879462719
5,31.08.2016,5,2016,True,0.0178775046131668,0.021946046501398087
5,01.09.2016,5,2016,True,0.0298746487602733,0.018603892996907234
5,02.09.2016,5,2016,True,0.0294738286839319,0.020099492743611336
5,06.09.2016,5,2016,True,0.0325543670475664,0.02088804729282856
5,07.09.2016,5,2016,True,0.0328782888334298,0.021855393424630165
5,08.09.2016,5,2016,True,0.0240635177774308,0.01855502650141716
5,09.09.2016,5,2016,True,0.0195827613306468,0.01576492376625538
5,12.09.2016,5,2016,True,0.0190962134063728,0.014788603410124779
5,13.09.2016,5,2016,True,0.0171401117693844,0.0188466664403677
5,14.09.2016,5,2016,True,0.0151654809589342,0.023923344910144806
5,15.09.2016,5,2016,True,0.0154367925235263,0.026030369102954865
5,16.09.2016,5,2016,True,0.0232063635446691,0.020594170317053795
5,19.09.2016,5,2016,True,0.0271148818388114,0.023044060915708542
5,20.09.2016,5,2016,True,0.0315941979196376,0.01467097457498312
5,21.09.2016,5,2016,True,0.040541869581639,0.017093513160943985
5,22.09.2016,5,2016,True,0.0402720759838803,0.018916871398687363
5,23.09.2016,5,2016,True,0.0331943541168417,0.02027353271842003
5,26.09.2016,5,2016,True,0.0318439475443177,0.014966645278036594
5,27.09.2016,5,2016,True,0.0257254870396991,0.03447624295949936
5,28.09.2016,5,2016,True,0.0155744959561165,0.030205056071281433
5,29.09.2016,5,2016,True,0.0155569557207076,0.028959641233086586
5,30.09.2016,5,2016,True,0.0177370459227042,0.027435922995209694
5,03.10.2016,5,2016,True,0.0168644183646981,0.023905863985419273
5,04.10.2016,5,2016,True,0.0141438669672837,0.016197215765714645
5,05.10.2016,5,2016,True,0.0113087770901166,0.015507287345826626
5,06.10.2016,5,2016,True,0.0091913649170717,0.016355685889720917
5,07.10.2016,5,2016,True,0.0085742312065985,0.016196083277463913
5,11.10.2016,5,2016,True,0.0069326791105972,0.015506546944379807
5,12.10.2016,5,2016,True,0.0100607041703595,0.015250558033585548
5,13.10.2016,5,2016,True,0.0160031547104317,0.017494184896349907
5,14.10.2016,5,2016,True,0.0166705931184769,0.016815004870295525
5,17.10.2016,5,2016,True,0.0164534046990147,0.016616737470030785
5,18.10.2016,5,2016,True,0.0172112649615208,0.011787835508584976
5,19.10.2016,5,2016,True,0.0121863494218961,0.012314457446336746
5,20.10.2016,5,2016,True,0.0118331193902346,0.012911252677440643
5,21.10.2016,5,2016,True,0.010737156211865,0.011142872273921967
5,24.10.2016,5,2016,True,0.0139673806645771,0.012293851934373379
5,25.10.2016,5,2016,True,0.0151596263782026,0.021286066621541977
5,26.10.2016,5,2016,True,0.0178665848970242,0.018811283633112907
5,27.10.2016,5,2016,True,0.0130579059427838,0.020814895629882812
5,28.10.2016,5,2016,True,0.0130207595449392,0.018531635403633118
5,31.10.2016,5,2016,True,0.0165425415076643,0.01781492866575718
5,01.11.2016,5,2016,True,0.0161504444720868,0.028242837637662888
5,02.11.2016,5,2016,True,0.0120985288888198,0.023130958899855614
5,03.11.2016,5,2016,True,0.0121605296121625,0.02220078371465206
5,04.11.2016,5,2016,True,0.0171816060967912,0.025231482461094856
5,07.11.2016,5,2016,True,0.0321770397632077,0.02601386047899723
5,08.11.2016,5,2016,True,0.0324390603628761,0.017858389765024185
5,09.11.2016,5,2016,True,0.0324079336439146,0.017495470121502876
5,10.11.2016,5,2016,True,0.0317860139777216,0.01936858519911766
5,14.11.2016,5,2016,True,0.0280184663282444,0.0190708227455616
5,15.11.2016,5,2016,True,0.0196619483229848,0.024025266990065575
5,16.11.2016,5,2016,True,0.0190288853295149,0.023546015843749046
5,17.11.2016,5,2016,True,0.0279465916215297,0.02230953611433506
5,18.11.2016,5,2016,True,0.0290807152903126,0.01777149736881256
5,21.11.2016,5,2016,True,0.0260843470134392,0.01626281626522541
5,22.11.2016,5,2016,True,0.0506368090667362,0.020084191113710403
5,23.11.2016,5,2016,True,0.0505143039998032,0.025564244017004967
5,25.11.2016,5,2016,True,0.0522035906432718,0.023838425055146217
5,28.11.2016,5,2016,True,0.0529195576614353,0.031435493379831314
5,29.11.2016,5,2016,True,0.046993692573425,0.02154403179883957
5,30.11.2016,5,2016,True,0.0389387335488529,0.020647285506129265
5,01.12.2016,5,2016,True,0.038586574111263,0.021134059876203537
5,02.12.2016,5,2016,True,0.0163261508913489,0.020601851865649223
5,05.12.2016,5,2016,True,0.0197788871745955,0.016872458159923553
5,06.12.2016,5,2016,True,0.0161583112024288,0.025531092658638954
5,07.12.2016,5,2016,True,0.0223669383995497,0.023505911231040955
5,08.12.2016,5,2016,True,0.0211204235557757,0.02453538030385971
5,09.12.2016,5,2016,True,0.0231434943895285,0.02396157942712307
5,12.12.2016,5,2016,True,0.0198230248709879,0.021940572187304497
5,13.12.2016,5,2016,True,0.0203852711871399,0.016693176701664925
5,14.12.2016,5,2016,True,0.0142276359637094,0.017614707350730896
5,15.12.2016,5,2016,True,0.0147553781353746,0.021257584914565086
5,16.12.2016,5,2016,True,0.0108542713596657,0.018750367686152458
5,19.12.2016,5,2016,True,0.012593221632381,0.018336191773414612
5,20.12.2016,5,2016,True,0.0124410322110157,0.019343551248311996
5,21.12.2016,5,2016,True,0.0074566773902331,0.018107280135154724
5,22.12.2016,5,2016,True,0.0073391291982956,0.017766129225492477
5,23.12.2016,5,2016,True,0.0102540559082689,0.015375625342130661
5,27.12.2016,5,2016,True,0.0106256162198168,0.013038012199103832
5,28.12.2016,5,2016,True,0.0110044996573347,0.010045402683317661
5,29.12.2016,5,2016,True,0.0107994917886183,0.006937947124242783
5,30.12.2016,5,2016,True,0.0219043664313131,0.014504313468933105
22,04.01.2016,5,2016,True,0.0453887710115541,0.022509906440973282
22,05.01.2016,5,2016,True,0.0452469256209915,0.022559527307748795
22,06.01.2016,5,2016,True,0.0439267020447098,0.02286812663078308
22,07.01.2016,5,2016,True,0.047027335064697,0.02603367529809475
22,08.01.2016,5,2016,True,0.0472563771477525,0.026090538129210472
22,11.01.2016,5,2016,True,0.0457691063406767,0.02665838971734047
22,12.01.2016,5,2016,True,0.0507948263300371,0.033052776008844376
22,13.01.2016,5,2016,True,0.0513015372915975,0.03274272754788399
22,14.01.2016,5,2016,True,0.0531018403971242,0.03169672191143036
22,15.01.2016,5,2016,True,0.0531441684431293,0.030368415638804436
22,19.01.2016,5,2016,True,0.051015964497703,0.03133085370063782
22,20.01.2016,5,2016,True,0.0511050336746343,0.03396065905690193
22,21.01.2016,5,2016,True,0.051505470374825,0.03519734367728233
22,22.01.2016,5,2016,True,0.0479484992697544,0.035741206258535385
22,25.01.2016,5,2016,True,0.0464347009123579,0.03702205792069435
22,26.01.2016,5,2016,True,0.0458210128911029,0.03542548045516014
22,27.01.2016,5,2016,True,0.0453629887255363,0.034751035273075104
22,28.01.2016,5,2016,True,0.0451516346334207,0.03631087392568588
22,29.01.2016,5,2016,True,0.0451962891976754,0.03574953228235245
22,01.02.2016,5,2016,True,0.0451867891268727,0.034066181629896164
22,02.02.2016,5,2016,True,0.043789898247054,0.03284904733300209
22,03.02.2016,5,2016,True,0.0428949555142668,0.03883327171206474
22,04.02.2016,5,2016,True,0.0433189621601335,0.039266105741262436
22,05.02.2016,5,2016,True,0.0435406156306964,0.03736251965165138
22,08.02.2016,5,2016,True,0.0431079016934331,0.03758663311600685
22,09.02.2016,5,2016,True,0.0381450495923135,0.036417171359062195
22,10.02.2016,5,2016,True,0.038832324066771,0.044394876807928085
22,11.02.2016,5,2016,True,0.0386031905378517,0.041422560811042786
22,12.02.2016,5,2016,True,0.0333460645567372,0.0413421094417572
22,16.02.2016,5,2016,True,0.0320725398098674,0.045278001576662064
22,17.02.2016,5,2016,True,0.0295636237813683,0.04990869015455246
22,18.02.2016,5,2016,True,0.0293867934081814,0.048461418598890305
22,19.02.2016,5,2016,True,0.0275119225396993,0.04541407525539398
22,22.02.2016,5,2016,True,0.0275246850811408,0.04328498989343643
22,23.02.2016,5,2016,True,0.02536561752837,0.04289264604449272
22,24.02.2016,5,2016,True,0.0248821487355791,0.04287724941968918
22,25.02.2016,5,2016,True,0.0256447417288952,0.04278353229165077
22,26.02.2016,5,2016,True,0.0255492502418524,0.04241291806101799
22,29.02.2016,5,2016,True,0.0251973119081397,0.041250068694353104
22,01.03.2016,5,2016,True,0.0251844624006521,0.04273516312241554
22,02.03.2016,5,2016,True,0.027276171263274,0.04168371111154556
22,03.03.2016,5,2016,True,0.0272818648074297,0.04148252680897713
22,04.03.2016,5,2016,True,0.0278510847509935,0.03625352680683136
22,07.03.2016,5,2016,True,0.0253881290543044,0.03748667240142822
22,08.03.2016,5,2016,True,0.0279306629643323,0.03703368827700615
22,09.03.2016,5,2016,True,0.0272978841194591,0.035543292760849
22,10.03.2016,5,2016,True,0.0279090105110974,0.031950052827596664
22,11.03.2016,5,2016,True,0.0281137220670677,0.033645566552877426
22,14.03.2016,5,2016,True,0.0276658067756603,0.02801811695098877
22,15.03.2016,5,2016,True,0.0275382009817567,0.02704557217657566
22,16.03.2016,5,2016,True,0.0264298437175687,0.025788450613617897
22,17.03.2016,5,2016,True,0.0262588268105411,0.0225220937281847
22,18.03.2016,5,2016,True,0.0272647296572766,0.02311073988676071
22,21.03.2016,5,2016,True,0.028135358276229,0.02170613408088684
22,22.03.2016,5,2016,True,0.028207550100883,0.02316306345164776
22,23.03.2016,5,2016,True,0.0273744175481648,0.021756859496235847
22,24.03.2016,5,2016,True,0.0278025369946568,0.02247743122279644
22,28.03.2016,5,2016,True,0.0282211618236802,0.022732192650437355
22,29.03.2016,5,2016,True,0.0271798718988655,0.022586574777960777
22,30.03.2016,5,2016,True,0.0272251164636021,0.02244883030653
22,31.03.2016,5,2016,True,0.0273066551837635,0.022501928731799126
22,01.04.2016,5,2016,True,0.0284152855096827,0.023301178589463234
22,04.04.2016,5,2016,True,0.0280046186404341,0.022613300010561943
22,05.04.2016,5,2016,True,0.027997732771857,0.027058910578489304
22,06.04.2016,5,2016,True,0.026314237852019,0.025713292881846428
22,07.04.2016,5,2016,True,0.027830911153934,0.022654881700873375
22,08.04.2016,5,2016,True,0.0262009591985189,0.022414235398173332
22,11.04.2016,5,2016,True,0.0274034126326359,0.02290210872888565
22,12.04.2016,5,2016,True,0.0261198737561876,0.02245114929974079
22,13.04.2016,5,2016,True,0.0259846344940405,0.02145283855497837
22,14.04.2016,5,2016,True,0.0261899303641428,0.021207837387919426
22,15.04.2016,5,2016,True,0.0257225898715583,0.02071390114724636
22,18.04.2016,5,2016,True,0.0257817204886533,0.025578560307621956
22,19.04.2016,5,2016,True,0.0254496631686366,0.022134220227599144
22,20.04.2016,5,2016,True,0.0242610970102033,0.02110213413834572
22,21.04.2016,5,2016,True,0.0233948284683647,0.021310890093445778
22,22.04.2016,5,2016,True,0.0233085536466108,0.019853299483656883
22,25.04.2016,5,2016,True,0.0233251526518134,0.02086160145699978
22,26.04.2016,5,2016,True,0.0228088552618494,0.022523915395140648
22,27.04.2016,5,2016,True,0.0220406036544729,0.02035258710384369
22,28.04.2016,5,2016,True,0.0217074208756056,0.02195805124938488
22,29.04.2016,5,2016,True,0.0217056045590747,0.02113361842930317
22,02.05.2016,5,2016,True,0.0217272557787058,0.02115544304251671
22,03.05.2016,5,2016,True,0.0207881178657302,0.024547375738620758
22,04.05.2016,5,2016,True,0.0178436564477524,0.024579860270023346
22,05.05.2016,5,2016,True,0.0180111745114008,0.02451551891863346
22,06.05.2016,5,2016,True,0.0182735594411297,0.024667534977197647
22,09.05.2016,5,2016,True,0.0157121529135249,0.02225819043815136
22,10.05.2016,5,2016,True,0.0154771224682701,0.022124171257019043
22,11.05.2016,5,2016,True,0.0127283524457268,0.019954029470682144
22,12.05.2016,5,2016,True,0.0129000249532985,0.01932542771100998
22,13.05.2016,5,2016,True,0.0134578862700495,0.01944558322429657
22,16.05.2016,5,2016,True,0.0147719227205359,0.019635826349258423
22,17.05.2016,5,2016,True,0.0173122817413331,0.021020766347646713
22,18.05.2016,5,2016,True,0.0183467170766574,0.021016348153352737
22,19.05.2016,5,2016,True,0.0183315438020092,0.0215834341943264
22,20.05.2016,5,2016,True,0.0186515897539958,0.02172788605093956
22,23.05.2016,5,2016,True,0.0189853785087129,0.02129175513982773
22,24.05.2016,5,2016,True,0.0220348377422997,0.020649071782827377
22,25.05.2016,5,2016,True,0.0220651716962918,0.020623603835701942
22,26.05.2016,5,2016,True,0.0230991221887511,0.01913541369140148
22,27.05.2016,5,2016,True,0.0247270369587548,0.019339878112077713
22,31.05.2016,5,2016,True,0.0250317656569273,0.019153445959091187
22,01.06.2016,5,2016,True,0.0250411508728276,0.019495168700814247
22,02.06.2016,5,2016,True,0.0262961980413961,0.01960378885269165
22,03.06.2016,5,2016,True,0.0265715938884086,0.01667390763759613
22,06.06.2016,5,2016,True,0.0282168378743224,0.01623963937163353
22,07.06.2016,5,2016,True,0.0279413328229895,0.018171418458223343
22,08.06.2016,5,2016,True,0.0274057832865144,0.018653403967618942
22,09.06.2016,5,2016,True,0.0295761109679581,0.01877029798924923
22,10.06.2016,5,2016,True,0.0305917633710592,0.017588701099157333
22,13.06.2016,5,2016,True,0.0311583854988638,0.018794354051351547
22,14.06.2016,5,2016,True,0.0311526896401325,0.022829439491033554
22,15.06.2016,5,2016,True,0.0310765124322959,0.022591188549995422
22,16.06.2016,5,2016,True,0.0300989987331698,0.02176232449710369
22,17.06.2016,5,2016,True,0.0287693531916514,0.026145925745368004
22,20.06.2016,5,2016,True,0.028138654690032,0.023467911407351494
22,21.06.2016,5,2016,True,0.0281640306925337,0.01702635921537876
22,22.06.2016,5,2016,True,0.0283148060321684,0.017612522467970848
22,23.06.2016,5,2016,True,0.0278146966186039,0.018778769299387932
22,24.06.2016,5,2016,True,0.0266498648268279,0.018977776169776917
22,27.06.2016,5,2016,True,0.0263922331535399,0.01910814829170704
22,28.06.2016,5,2016,True,0.0252641010837267,0.02143898233771324
22,29.06.2016,5,2016,True,0.0230392261283405,0.019948266446590424
22,30.06.2016,5,2016,True,0.0229807507134388,0.019542256370186806
22,01.07.2016,5,2016,True,0.0243137065853095,0.01936098374426365
22,05.07.2016,5,2016,True,0.0242498313184268,0.018024232238531113
22,06.07.2016,5,2016,True,0.0238092807942745,0.01854581944644451
22,07.07.2016,5,2016,True,0.0222484727560442,0.019962413236498833
22,08.07.2016,5,2016,True,0.0222229390687008,0.02151244692504406
22,11.07.2016,5,2016,True,0.0225174788726048,0.020185498520731926
22,12.07.2016,5,2016,True,0.0222429794305969,0.018595289438962936
22,13.07.2016,5,2016,True,0.0203791994992687,0.018464168533682823
22,14.07.2016,5,2016,True,0.0206896691311734,0.02142072282731533
22,15.07.2016,5,2016,True,0.0209957732371139,0.019338691607117653
22,18.07.2016,5,2016,True,0.0208323225384256,0.017403142526745796
22,19.07.2016,5,2016,True,0.0210654168146588,0.01926945149898529
22,20.07.2016,5,2016,True,0.0210242426914509,0.018263228237628937
22,21.07.2016,5,2016,True,0.0219507806297226,0.01822112500667572
22,22.07.2016,5,2016,True,0.0218962882233384,0.0195148978382349
22,25.07.2016,5,2016,True,0.0217347953004754,0.019573332741856575
22,26.07.2016,5,2016,True,0.0218062180736554,0.021946219727396965
22,27.07.2016,5,2016,True,0.0202433013916556,0.02165691740810871
22,28.07.2016,5,2016,True,0.0200059598964576,0.02205044776201248
22,29.07.2016,5,2016,True,0.0205427574023666,0.022090671584010124
22,01.08.2016,5,2016,True,0.0217476909402626,0.022302726283669472
22,02.08.2016,5,2016,True,0.0213106415879437,0.02351505123078823
22,03.08.2016,5,2016,True,0.0206376103371129,0.02408960647881031
22,04.08.2016,5,2016,True,0.0200089657545066,0.023353977128863335
22,05.08.2016,5,2016,True,0.0201577604788578,0.021496405825018883
22,08.08.2016,5,2016,True,0.0212287149762159,0.021513812243938446
22,09.08.2016,5,2016,True,0.0231405024383836,0.019801270216703415
22,10.08.2016,5,2016,True,0.0225242218369939,0.018908163532614708
22,11.08.2016,5,2016,True,0.021515564754658,0.017858415842056274
22,12.08.2016,5,2016,True,0.0218674984098136,0.018690649420022964
22,15.08.2016,5,2016,True,0.0211837174412497,0.01884808950126171
22,16.08.2016,5,2016,True,0.0209703093526827,0.018908118829131126
22,17.08.2016,5,2016,True,0.0207402764641838,0.020762717351317406
22,18.08.2016,5,2016,True,0.0200270925098661,0.018997682258486748
22,19.08.2016,5,2016,True,0.0207229484685656,0.019168710336089134
22,22.08.2016,5,2016,True,0.0200064423404284,0.01920655369758606
22,23.08.2016,5,2016,True,0.0210184542478326,0.018378792330622673
22,24.08.2016,5,2016,True,0.0220302255441665,0.019531823694705963
22,25.08.2016,5,2016,True,0.0225654362218376,0.019735222682356834
22,26.08.2016,5,2016,True,0.0260188133683462,0.018414748832583427
22,29.08.2016,5,2016,True,0.0259980497819852,0.018302788957953453
22,30.08.2016,5,2016,True,0.0256957873493749,0.020071351900696754
22,31.08.2016,5,2016,True,0.0248946831895742,0.02149232290685177
22,01.09.2016,5,2016,True,0.0258892266271529,0.021001912653446198
22,02.09.2016,5,2016,True,0.0260299199074918,0.02310834638774395
22,06.09.2016,5,2016,True,0.0260668041246962,0.021421536803245544
22,07.09.2016,5,2016,True,0.0261713076298587,0.02038555219769478
22,08.09.2016,5,2016,True,0.0248491276368442,0.02013855241239071
22,09.09.2016,5,2016,True,0.0232011962519832,0.020102595910429955
22,12.09.2016,5,2016,True,0.0231925096909594,0.018521346151828766
22,13.09.2016,5,2016,True,0.022314068016317,0.01743123307824135
22,14.09.2016,5,2016,True,0.0214037815452338,0.01862870156764984
22,15.09.2016,5,2016,True,0.0212727116958157,0.01862870156764984
22,16.09.2016,5,2016,True,0.0208626711313067,0.02075961045920849
22,19.09.2016,5,2016,True,0.0218968368794904,0.01882087253034115
22,20.09.2016,5,2016,True,0.0218529464681309,0.023377936333417892
22,21.09.2016,5,2016,True,0.0217213453829197,0.024426693096756935
22,22.09.2016,5,2016,True,0.0218190638397913,0.02349141798913479
22,23.09.2016,5,2016,True,0.0203462074212698,0.02454017475247383
22,26.09.2016,5,2016,True,0.0194615938831769,0.025265807285904884
22,27.09.2016,5,2016,True,0.0185372320424719,0.02367040514945984
22,28.09.2016,5,2016,True,0.0154532330481106,0.021257635205984116
22,29.09.2016,5,2016,True,0.0152380883512721,0.023540018126368523
22,30.09.2016,5,2016,True,0.0165284526713345,0.020855581387877464
22,03.10.2016,5,2016,True,0.0166200510173935,0.01895841583609581
22,04.10.2016,5,2016,True,0.0145244776883602,0.018087085336446762
22,05.10.2016,5,2016,True,0.0140452402811097,0.019589576870203018
22,06.10.2016,5,2016,True,0.0134974125609571,0.018520895391702652
22,07.10.2016,5,2016,True,0.0137168331545374,0.0184464231133461
22,11.10.2016,5,2016,True,0.0133870062264495,0.018452294170856476
22,12.10.2016,5,2016,True,0.0143908701486802,0.023289363831281662
22,13.10.2016,5,2016,True,0.0194791927232645,0.023958390578627586
22,14.10.2016,5,2016,True,0.0194713981910215,0.021839788183569908
22,17.10.2016,5,2016,True,0.0194601209215271,0.0216278787702322
22,18.10.2016,5,2016,True,0.0195787352061631,0.01783726178109646
22,19.10.2016,5,2016,True,0.0214816287450911,0.018023693934082985
22,20.10.2016,5,2016,True,0.0209928232293824,0.017861105501651764
22,21.10.2016,5,2016,True,0.0208794013996186,0.018047766759991646
22,24.10.2016,5,2016,True,0.0220299726114404,0.017981935292482376
22,25.10.2016,5,2016,True,0.0225419579890417,0.019043074920773506
22,26.10.2016,5,2016,True,0.0237297865089338,0.018759753555059433
22,27.10.2016,5,2016,True,0.0301788761082167,0.017742352560162544
22,28.10.2016,5,2016,True,0.0299886339715769,0.01792551390826702
22,31.10.2016,5,2016,True,0.033261200964617,0.01922428235411644
22,01.11.2016,5,2016,True,0.0332501860736743,0.026975926011800766
22,02.11.2016,5,2016,True,0.0327011256665089,0.025024833157658577
22,03.11.2016,5,2016,True,0.0328923186204133,0.026685472577810287
22,04.11.2016,5,2016,True,0.0325567709127804,0.026523632928729057
22,07.11.2016,5,2016,True,0.0325393918749284,0.025270787999033928
22,08.11.2016,5,2016,True,0.0326635488698531,0.021103300154209137
22,09.11.2016,5,2016,True,0.0327079570154689,0.01882842555642128
22,10.11.2016,5,2016,True,0.0336553627289369,0.019683096557855606
22,14.11.2016,5,2016,True,0.0325660762093095,0.019683096557855606
22,15.11.2016,5,2016,True,0.0310492610989465,0.022682031616568565
22,16.11.2016,5,2016,True,0.0310167938970936,0.023854978382587433
22,17.11.2016,5,2016,True,0.0309289521482866,0.023157447576522827
22,18.11.2016,5,2016,True,0.0313542140145673,0.022724658250808716
22,21.11.2016,5,2016,True,0.0303424997533701,0.022724658250808716
22,22.11.2016,5,2016,True,0.0303506572303556,0.023720398545265198
22,23.11.2016,5,2016,True,0.0303790244199785,0.023637911304831505
22,25.11.2016,5,2016,True,0.0289396358647869,0.023637911304831505
22,28.11.2016,5,2016,True,0.028852641330092,0.028358744457364082
22,29.11.2016,5,2016,True,0.0270155334894129,0.024998625740408897
22,30.11.2016,5,2016,True,0.0213515268091141,0.026947077363729477
22,01.12.2016,5,2016,True,0.0215123206451553,0.022028164938092232
22,02.12.2016,5,2016,True,0.0145464896950601,0.01990293525159359
22,05.12.2016,5,2016,True,0.0144736272488128,0.02058393880724907
22,06.12.2016,5,2016,True,0.0163210807517228,0.023203948512673378
22,07.12.2016,5,2016,True,0.0167244977850561,0.022342173382639885
22,08.12.2016,5,2016,True,0.0173230810840808,0.02242542803287506
22,09.12.2016,5,2016,True,0.0175720629517593,0.02242542803287506
22,12.12.2016,5,2016,True,0.0169246651301603,0.021581653505563736
22,13.12.2016,5,2016,True,0.0169243396663158,0.021689143031835556
22,14.12.2016,5,2016,True,0.0164987794217601,0.022129947319626808
22,15.12.2016,5,2016,True,0.0165196630359819,0.021342579275369644
22,16.12.2016,5,2016,True,0.016681601715058,0.0213785357773304
22,19.12.2016,5,2016,True,0.0166730994685328,0.019673774018883705
22,20.12.2016,5,2016,True,0.0166085663839101,0.01879715360701084
22,21.12.2016,5,2016,True,0.0162813069821972,0.016023248434066772
22,22.12.2016,5,2016,True,0.0167189617017083,0.01729348488152027
22,23.12.2016,5,2016,True,0.0169746321616414,0.02010182850062847
22,27.12.2016,5,2016,True,0.0166044424386522,0.018673604354262352
22,28.12.2016,5,2016,True,0.0167093243576307,0.021453887224197388
22,29.12.2016,5,2016,True,0.0167079873084891,0.02039140649139881
22,30.12.2016,5,2016,True,0.0170716376847419,0.021195093169808388
66,04.01.2016,5,2016,True,0.039251550191823,0.025530274957418442
66,05.01.2016,5,2016,True,0.0392097043750951,0.025668099522590637
66,06.01.2016,5,2016,True,0.0386728384930454,0.025668099522590637
66,07.01.2016,5,2016,True,0.0386550974813686,0.027719156816601753
66,08.01.2016,5,2016,True,0.038662828130272,0.027597857639193535
66,11.01.2016,5,2016,True,0.0378833907339834,0.027668669819831848
66,12.01.2016,5,2016,True,0.0377529154174112,0.02963029220700264
66,13.01.2016,5,2016,True,0.0377273322714051,0.02950899302959442
66,14.01.2016,5,2016,True,0.0378937592410505,0.029123816639184952
66,15.01.2016,5,2016,True,0.0381170263824514,0.028216147795319557
66,19.01.2016,5,2016,True,0.0367626151104466,0.029123816639184952
66,20.01.2016,5,2016,True,0.0365518613464334,0.03324277326464653
66,21.01.2016,5,2016,True,0.0362892676768417,0.03340202197432518
66,22.01.2016,5,2016,True,0.034697995586761,0.033548273146152496
66,25.01.2016,5,2016,True,0.0339343121914222,0.03376961126923561
66,26.01.2016,5,2016,True,0.0336637804679298,0.03223614767193794
66,27.01.2016,5,2016,True,0.0334070974954303,0.032581742852926254
66,28.01.2016,5,2016,True,0.033591392654795,0.032581742852926254
66,29.01.2016,5,2016,True,0.0340868874282121,0.032581742852926254
66,01.02.2016,5,2016,True,0.0340857975677509,0.032050322741270065
66,02.02.2016,5,2016,True,0.0331833810802896,0.029866300523281097
66,03.02.2016,5,2016,True,0.0326522075206951,0.034822043031454086
66,04.02.2016,5,2016,True,0.0329042917948635,0.03721823915839195
66,05.02.2016,5,2016,True,0.0332152864288569,0.037096939980983734
66,08.02.2016,5,2016,True,0.0328349220625455,0.037096939980983734
66,09.02.2016,5,2016,True,0.0310272848139585,0.037096939980983734
66,10.02.2016,5,2016,True,0.0310705249549908,0.039721667766571045
66,11.02.2016,5,2016,True,0.030802174250808,0.039467282593250275
66,12.02.2016,5,2016,True,0.0283795008212723,0.0380353219807148
66,16.02.2016,5,2016,True,0.0279156195407014,0.039721667766571045
66,17.02.2016,5,2016,True,0.0267855655087087,0.04264138266444206
66,18.02.2016,5,2016,True,0.0267941776744929,0.04222448170185089
66,19.02.2016,5,2016,True,0.0262506915203871,0.04004368931055069
66,22.02.2016,5,2016,True,0.0257673595375073,0.03965850919485092
66,23.02.2016,5,2016,True,0.0251069297735968,0.03965850919485092
66,24.02.2016,5,2016,True,0.0249054462375496,0.04004368931055069
66,25.02.2016,5,2016,True,0.0247838670316241,0.03989743813872337
66,26.02.2016,5,2016,True,0.0247560268804105,0.03989743813872337
66,29.02.2016,5,2016,True,0.024640132074218,0.03864464536309242
66,01.03.2016,5,2016,True,0.0246840907137276,0.03796280175447464
66,02.03.2016,5,2016,True,0.0245913670861854,0.03754359856247902
66,03.03.2016,5,2016,True,0.0246405605969067,0.03499401733279228
66,04.03.2016,5,2016,True,0.024246353838059,0.03292421996593475
66,07.03.2016,5,2016,True,0.0235388388543151,0.03292421996593475
66,08.03.2016,5,2016,True,0.0234955565116109,0.033913884311914444
66,09.03.2016,5,2016,True,0.0231789715265938,0.03415253758430481
66,10.03.2016,5,2016,True,0.0229725660634477,0.03137557953596115
66,11.03.2016,5,2016,True,0.0231036942627101,0.03475595638155937
66,14.03.2016,5,2016,True,0.0234324906970947,0.030519705265760422
66,15.03.2016,5,2016,True,0.0237247874004921,0.026750732213258743
66,16.03.2016,5,2016,True,0.0235085850520266,0.026381857693195343
66,17.03.2016,5,2016,True,0.0232853155649617,0.024254901334643364
66,18.03.2016,5,2016,True,0.0233472310379498,0.02602618746459484
66,21.03.2016,5,2016,True,0.0234383686066493,0.025981787592172623
66,22.03.2016,5,2016,True,0.024339540328837,0.0248660147190094
66,23.03.2016,5,2016,True,0.024221439376069,0.023275000974535942
66,24.03.2016,5,2016,True,0.0244504576600171,0.024569856002926826
66,28.03.2016,5,2016,True,0.0248796886230259,0.0248660147190094
66,29.03.2016,5,2016,True,0.0247133342684305,0.025601087138056755
66,30.03.2016,5,2016,True,0.0247132885805896,0.025766776874661446
66,31.03.2016,5,2016,True,0.0252402060616035,0.025601087138056755
66,01.04.2016,5,2016,True,0.0253021145148707,0.025601087138056755
66,04.04.2016,5,2016,True,0.0252851675251977,0.025766776874661446
66,05.04.2016,5,2016,True,0.0252907109648141,0.026349974796175957
66,06.04.2016,5,2016,True,0.0246390330569344,0.02535140886902809
66,07.04.2016,5,2016,True,0.0251894502839593,0.02509355917572975
66,08.04.2016,5,2016,True,0.0248417620570406,0.02640422247350216
66,11.04.2016,5,2016,True,0.0248767628983447,0.026909232139587402
66,12.04.2016,5,2016,True,0.0243490421348084,0.025684917345643044
66,13.04.2016,5,2016,True,0.024368467068487,0.025684917345643044
66,14.04.2016,5,2016,True,0.0243618146222836,0.025684917345643044
66,15.04.2016,5,2016,True,0.0242871456861072,0.02524392306804657
66,18.04.2016,5,2016,True,0.0244301673237056,0.02753952518105507
66,19.04.2016,5,2016,True,0.0242789571109383,0.026280267164111137
66,20.04.2016,5,2016,True,0.023934083444988,0.02408473566174507
66,21.04.2016,5,2016,True,0.0236847231869507,0.023829899728298187
66,22.04.2016,5,2016,True,0.0239487311647227,0.023759087547659874
66,25.04.2016,5,2016,True,0.0239863189220033,0.02222130075097084
66,26.04.2016,5,2016,True,0.0237260619155297,0.023472636938095093
66,27.04.2016,5,2016,True,0.0233844908028181,0.0219259113073349
66,28.04.2016,5,2016,True,0.0232853631041385,0.023217802867293358
66,29.04.2016,5,2016,True,0.023631472153815,0.021996723487973213
66,02.05.2016,5,2016,True,0.0238978141585299,0.021996723487973213
66,03.05.2016,5,2016,True,0.0236545035081404,0.0248660147190094
66,04.05.2016,5,2016,True,0.0231583397194522,0.024910414591431618
66,05.05.2016,5,2016,True,0.0231620033455816,0.024499043822288513
66,06.05.2016,5,2016,True,0.02328120106148,0.0248660147190094
66,09.05.2016,5,2016,True,0.023410515286628,0.02172827534377575
66,10.05.2016,5,2016,True,0.0229561122264549,0.02320418879389763
66,11.05.2016,5,2016,True,0.0225686037838237,0.024138519540429115
66,12.05.2016,5,2016,True,0.0226434300120298,0.021657463163137436
66,13.05.2016,5,2016,True,0.0226814441114262,0.021657463163137436
66,16.05.2016,5,2016,True,0.022639019973003,0.021657463163137436
66,17.05.2016,5,2016,True,0.0226278585096624,0.022420324385166168
66,18.05.2016,5,2016,True,0.0230144703647591,0.022420324385166168
66,19.05.2016,5,2016,True,0.0230967675846984,0.022114207968115807
66,20.05.2016,5,2016,True,0.0232104021761401,0.022114207968115807
66,23.05.2016,5,2016,True,0.0232399979578756,0.021808505058288574
66,24.05.2016,5,2016,True,0.0232389127274705,0.021365493535995483
66,25.05.2016,5,2016,True,0.0231255430218379,0.021365493535995483
66,26.05.2016,5,2016,True,0.0232301949076346,0.020757269114255905
66,27.05.2016,5,2016,True,0.023468392276824,0.020757269114255905
66,31.05.2016,5,2016,True,0.0234464115030404,0.020757269114255905
66,01.06.2016,5,2016,True,0.023450673661264,0.021228443831205368
66,02.06.2016,5,2016,True,0.02346517781637,0.021115221083164215
66,03.06.2016,5,2016,True,0.0235293996695718,0.017622943967580795
66,06.06.2016,5,2016,True,0.0239730451088494,0.017622943967580795
66,07.06.2016,5,2016,True,0.0243734836727554,0.017822416499257088
66,08.06.2016,5,2016,True,0.0242421401302901,0.017622943967580795
66,09.06.2016,5,2016,True,0.0243997232660823,0.017622943967580795
66,10.06.2016,5,2016,True,0.0243896832272308,0.017724402248859406
66,13.06.2016,5,2016,True,0.0244824208493345,0.018534161150455475
66,14.06.2016,5,2016,True,0.0245418482135053,0.019376834854483604
66,15.06.2016,5,2016,True,0.0244666236095682,0.019376834854483604
66,16.06.2016,5,2016,True,0.0240482871024402,0.019070718437433243
66,17.06.2016,5,2016,True,0.0236309708379069,0.022003071382641792
66,20.06.2016,5,2016,True,0.0234353071861385,0.01942014880478382
66,21.06.2016,5,2016,True,0.0238668208346121,0.01958809420466423
66,22.06.2016,5,2016,True,0.0241452126232272,0.0196990966796875
66,23.06.2016,5,2016,True,0.0242533790029677,0.019690217450261116
66,24.06.2016,5,2016,True,0.0245454442894021,0.019769908860325813
66,27.06.2016,5,2016,True,0.0243611337702648,0.02158750779926777
66,28.06.2016,5,2016,True,0.0240944683804483,0.021657463163137436
66,29.06.2016,5,2016,True,0.0235495195128631,0.02166634239256382
66,30.06.2016,5,2016,True,0.0238467209118882,0.022777633741497993
66,01.07.2016,5,2016,True,0.0239579873822711,0.022777633741497993
66,05.07.2016,5,2016,True,0.0234963773876901,0.020947115495800972
66,06.07.2016,5,2016,True,0.023459617591221,0.0217118002474308
66,07.07.2016,5,2016,True,0.0225825535443896,0.022017503157258034
66,08.07.2016,5,2016,True,0.0226295992112274,0.022138802334666252
66,11.07.2016,5,2016,True,0.0225775090912584,0.022017503157258034
66,12.07.2016,5,2016,True,0.0218649406885129,0.021565871313214302
66,13.07.2016,5,2016,True,0.0210725004412618,0.022018983960151672
66,14.07.2016,5,2016,True,0.0208922044433374,0.02404692769050598
66,15.07.2016,5,2016,True,0.0210004820513698,0.021907981485128403
66,18.07.2016,5,2016,True,0.0211675393304085,0.021299757063388824
66,19.07.2016,5,2016,True,0.0211593311089339,0.02247503399848938
66,20.07.2016,5,2016,True,0.0211483118613921,0.021734151989221573
66,21.07.2016,5,2016,True,0.0210458118069826,0.021804964169859886
66,22.07.2016,5,2016,True,0.0211002546854274,0.022107072174549103
66,25.07.2016,5,2016,True,0.0209300705140545,0.022107072174549103
66,26.07.2016,5,2016,True,0.0210333469803121,0.021782198920845985
66,27.07.2016,5,2016,True,0.0209652076846742,0.022088315337896347
66,28.07.2016,5,2016,True,0.0208241141979067,0.021782198920845985
66,29.07.2016,5,2016,True,0.0211929803990656,0.021782198920845985
66,01.08.2016,5,2016,True,0.021247338941143,0.022088315337896347
66,02.08.2016,5,2016,True,0.0212639954458399,0.023871831595897675
66,03.08.2016,5,2016,True,0.0209942939907619,0.02554098702967167
66,04.08.2016,5,2016,True,0.0207406704470851,0.02530255913734436
66,05.08.2016,5,2016,True,0.0207548638299785,0.02222544327378273
66,08.08.2016,5,2016,True,0.0205813437729521,0.02222544327378273
66,09.08.2016,5,2016,True,0.0209124105412983,0.02172827534377575
66,10.08.2016,5,2016,True,0.0218294512533878,0.02151292935013771
66,11.08.2016,5,2016,True,0.0211688056503974,0.018537284806370735
66,12.08.2016,5,2016,True,0.0210265948834692,0.021061699837446213
66,15.08.2016,5,2016,True,0.0207359708768601,0.021331114694476128
66,16.08.2016,5,2016,True,0.0212868413043521,0.021259089931845665
66,17.08.2016,5,2016,True,0.0212365179670241,0.021447384729981422
66,18.08.2016,5,2016,True,0.0210787606788912,0.020533043891191483
66,19.08.2016,5,2016,True,0.0215135673973021,0.020533043891191483
66,22.08.2016,5,2016,True,0.0212741847217899,0.020533043891191483
66,23.08.2016,5,2016,True,0.0217062756896567,0.02074756845831871
66,24.08.2016,5,2016,True,0.024019586856678,0.02135579288005829
66,25.08.2016,5,2016,True,0.0239717674214771,0.02135579288005829
66,26.08.2016,5,2016,True,0.0257309203647134,0.02074756845831871
66,29.08.2016,5,2016,True,0.025681313219147,0.020478153601288795
66,30.08.2016,5,2016,True,0.0256851812516076,0.021626196801662445
66,31.08.2016,5,2016,True,0.0255316769249476,0.022234421223402023
66,01.09.2016,5,2016,True,0.0255959957138236,0.02224905975162983
66,02.09.2016,5,2016,True,0.0255926729377136,0.022554762661457062
66,06.09.2016,5,2016,True,0.0257287387411063,0.02192830480635166
66,07.09.2016,5,2016,True,0.0256811511618886,0.021890396252274513
66,08.09.2016,5,2016,True,0.0255825948248463,0.021619588136672974
66,09.09.2016,5,2016,True,0.0250498964557102,0.021619588136672974
66,12.09.2016,5,2016,True,0.0251647633800065,0.0218195840716362
66,13.09.2016,5,2016,True,0.0249454032738868,0.02211815118789673
66,14.09.2016,5,2016,True,0.0246842661562676,0.02212391048669815
66,15.09.2016,5,2016,True,0.0247386012134778,0.02212391048669815
66,16.09.2016,5,2016,True,0.0246306268605641,0.022194722667336464
66,19.09.2016,5,2016,True,0.0246304123574338,0.022203601896762848
66,20.09.2016,5,2016,True,0.0246838147210455,0.022203601896762848
66,21.09.2016,5,2016,True,0.0245873340323075,0.02063767984509468
66,22.09.2016,5,2016,True,0.0245244873988484,0.021934187039732933
66,23.09.2016,5,2016,True,0.0240097784357906,0.02192530781030655
66,26.09.2016,5,2016,True,0.0238148812786124,0.023741448298096657
66,27.09.2016,5,2016,True,0.0235477231258782,0.025485875084996223
66,28.09.2016,5,2016,True,0.022555348788726,0.023894861340522766
66,29.09.2016,5,2016,True,0.0225287797666268,0.027243567630648613
66,30.09.2016,5,2016,True,0.0230725625421857,0.023570429533720016
66,03.10.2016,5,2016,True,0.0232877412698777,0.022246012464165688
66,04.10.2016,5,2016,True,0.0231182756888981,0.021773001179099083
66,05.10.2016,5,2016,True,0.0230862091901621,0.021843813359737396
66,06.10.2016,5,2016,True,0.023083093475368,0.020903008058667183
66,07.10.2016,5,2016,True,0.0230350036821104,0.020903008058667183
66,11.10.2016,5,2016,True,0.0232914517904755,0.020903008058667183
66,12.10.2016,5,2016,True,0.0232483313253275,0.021776694804430008
66,13.10.2016,5,2016,True,0.0234255395262196,0.021776694804430008
66,14.10.2016,5,2016,True,0.0234339771950011,0.0199917983263731
66,17.10.2016,5,2016,True,0.0234079113871858,0.0199917983263731
66,18.10.2016,5,2016,True,0.023425253339455,0.0204875860363245
66,19.10.2016,5,2016,True,0.0234484445963607,0.0204875860363245
66,20.10.2016,5,2016,True,0.0232922004984512,0.02030441164970398
66,21.10.2016,5,2016,True,0.0232906282478235,0.020834753289818764
66,24.10.2016,5,2016,True,0.0232911021396535,0.020735090598464012
66,25.10.2016,5,2016,True,0.0232238693771326,0.02056439407169819
66,26.10.2016,5,2016,True,0.0231887641211888,0.019037362188100815
66,27.10.2016,5,2016,True,0.0231701368942371,0.01786787435412407
66,28.10.2016,5,2016,True,0.0232231601488762,0.017668401822447777
66,31.10.2016,5,2016,True,0.0229755597006773,0.018276626244187355
66,01.11.2016,5,2016,True,0.0229751067476388,0.019804054871201515
66,02.11.2016,5,2016,True,0.0226196861080501,0.019498351961374283
66,03.11.2016,5,2016,True,0.0226447161314291,0.019804054871201515
66,04.11.2016,5,2016,True,0.0226883423939135,0.019497938454151154
66,07.11.2016,5,2016,True,0.0226629890921739,0.020921599119901657
66,08.11.2016,5,2016,True,0.0226693874182483,0.021105162799358368
66,09.11.2016,5,2016,True,0.0226709728426835,0.01919841580092907
66,10.11.2016,5,2016,True,0.0226028914069809,0.019006425514817238
66,14.11.2016,5,2016,True,0.0222403942546572,0.019006425514817238
66,15.11.2016,5,2016,True,0.0213975079792596,0.023000741377472878
66,16.11.2016,5,2016,True,0.0214030316480168,0.025565173476934433
66,17.11.2016,5,2016,True,0.0214546544773057,0.025443874299526215
66,18.11.2016,5,2016,True,0.0214502758578171,0.023914696648716927
66,21.11.2016,5,2016,True,0.0208857580239052,0.023749006912112236
66,22.11.2016,5,2016,True,0.020884411663389,0.024615377187728882
66,23.11.2016,5,2016,True,0.0209204794231531,0.024851879104971886
66,25.11.2016,5,2016,True,0.0204502938094076,0.024851879104971886
66,28.11.2016,5,2016,True,0.0203206484237941,0.027667945250868797
66,29.11.2016,5,2016,True,0.0196526215548284,0.02837967500090599
66,30.11.2016,5,2016,True,0.018021971726188,0.02837967500090599
66,01.12.2016,5,2016,True,0.0181612137331028,0.02545091137290001
66,02.12.2016,5,2016,True,0.0156085590334577,0.023791765794157982
66,05.12.2016,5,2016,True,0.0155619930176506,0.023193838074803352
66,06.12.2016,5,2016,True,0.0154357565769668,0.023913102224469185
66,07.12.2016,5,2016,True,0.0154555861621749,0.023913102224469185
66,08.12.2016,5,2016,True,0.0153091665637168,0.023766854777932167
66,09.12.2016,5,2016,True,0.0152707101815799,0.023766854777932167
66,12.12.2016,5,2016,True,0.0149368020095709,0.02108532004058361
66,13.12.2016,5,2016,True,0.0150044957619415,0.02078861929476261
66,14.12.2016,5,2016,True,0.014482073009429,0.02078861929476261
66,15.12.2016,5,2016,True,0.0144768355411512,0.020913016051054
66,16.12.2016,5,2016,True,0.0142135570760663,0.02078861929476261
66,19.12.2016,5,2016,True,0.0142047637650645,0.020598966628313065
66,20.12.2016,5,2016,True,0.0142462102828316,0.020712492987513542
66,21.12.2016,5,2016,True,0.0143767260268329,0.018843503668904305
66,22.12.2016,5,2016,True,0.0143704721541457,0.01898070052266121
66,23.12.2016,5,2016,True,0.0143686150435114,0.02090214565396309
66,27.12.2016,5,2016,True,0.0142253912266675,0.02040637657046318
66,28.12.2016,5,2016,True,0.0144409808852709,0.021126020699739456
66,29.12.2016,5,2016,True,0.0144491861784991,0.021126020699739456
66,30.12.2016,5,2016,True,0.0145035326492715,0.020901795476675034
126,04.01.2016,5,2016,True,0.0325831455425556,0.027181632816791534
126,05.01.2016,5,2016,True,0.0325413694771395,0.028062894940376282
126,06.01.2016,5,2016,True,0.032374070119308,0.02816011570394039
126,07.01.2016,5,2016,True,0.0323432906559643,0.02816011570394039
126,08.01.2016,5,2016,True,0.0323569829524189,0.02802341617643833
126,11.01.2016,5,2016,True,0.0320807567679372,0.027926195412874222
126,12.01.2016,5,2016,True,0.0323107802488133,0.028125809505581856
126,13.01.2016,5,2016,True,0.0323054720732478,0.027265023440122604
126,14.01.2016,5,2016,True,0.0322561869040482,0.027265023440122604
126,15.01.2016,5,2016,True,0.0322904221775026,0.027265023440122604
126,19.01.2016,5,2016,True,0.0315226414292687,0.027167802676558495
126,20.01.2016,5,2016,True,0.0313720787665138,0.030845606699585915
126,21.01.2016,5,2016,True,0.0312016469012069,0.030902061611413956
126,22.01.2016,5,2016,True,0.0301178292225402,0.031608227640390396
126,25.01.2016,5,2016,True,0.0297702989632848,0.031608227640390396
126,26.01.2016,5,2016,True,0.0295667877109083,0.030763912945985794
126,27.01.2016,5,2016,True,0.0295330486118247,0.030763912945985794
126,28.01.2016,5,2016,True,0.0295234020712672,0.03278301656246185
126,29.01.2016,5,2016,True,0.0294586125297134,0.03278301656246185
126,01.02.2016,5,2016,True,0.0294578156545121,0.03207685798406601
126,02.02.2016,5,2016,True,0.0290017557351758,0.029719766229391098
126,03.02.2016,5,2016,True,0.0284982549684931,0.03259604796767235
126,04.02.2016,5,2016,True,0.0285408275025556,0.03369211032986641
126,05.02.2016,5,2016,True,0.0285153336430241,0.03369211032986641
126,08.02.2016,5,2016,True,0.0283890172430472,0.03359488770365715
126,09.02.2016,5,2016,True,0.0273999417620847,0.03369211032986641
126,10.02.2016,5,2016,True,0.0274543680134777,0.03369211032986641
126,11.02.2016,5,2016,True,0.0275797332754741,0.03294014185667038
126,12.02.2016,5,2016,True,0.0260988415768635,0.03118238039314747
126,16.02.2016,5,2016,True,0.0259690521462538,0.03369211032986641
126,17.02.2016,5,2016,True,0.0253125028472876,0.03612200915813446
126,18.02.2016,5,2016,True,0.0253134722343841,0.03612200915813446
126,19.02.2016,5,2016,True,0.0250955713377954,0.0360247865319252
126,22.02.2016,5,2016,True,0.0247518866458515,0.03612200915813446
126,23.02.2016,5,2016,True,0.0246531665225618,0.03612200915813446
126,24.02.2016,5,2016,True,0.0245282077732499,0.03612200915813446
126,25.02.2016,5,2016,True,0.0245189724482846,0.035740431398153305
126,26.02.2016,5,2016,True,0.0245242274404094,0.035740431398153305
126,29.02.2016,5,2016,True,0.02444744666493,0.034942202270030975
126,01.03.2016,5,2016,True,0.0244872554257768,0.035163577646017075
126,02.03.2016,5,2016,True,0.0244598027613882,0.03471209853887558
126,03.03.2016,5,2016,True,0.0246050367806878,0.034520525485277176
126,04.03.2016,5,2016,True,0.0243192944836216,0.03161367028951645
126,07.03.2016,5,2016,True,0.0238766251719111,0.034031596034765244
126,08.03.2016,5,2016,True,0.0237275808814959,0.03357186168432236
126,09.03.2016,5,2016,True,0.0235657351933164,0.03343515843153
126,10.03.2016,5,2016,True,0.0237101725541663,0.030709559097886086
126,11.03.2016,5,2016,True,0.0239977251931647,0.03289427608251572
126,14.03.2016,5,2016,True,0.0239134543777399,0.03274059668183327
126,15.03.2016,5,2016,True,0.0239574676598052,0.029764829203486443
126,16.03.2016,5,2016,True,0.0238366211701518,0.029764829203486443
126,17.03.2016,5,2016,True,0.0237371739358831,0.02559324912726879
126,18.03.2016,5,2016,True,0.0237816896398344,0.02897188998758793
126,21.03.2016,5,2016,True,0.0237740999743976,0.028008999302983284
126,22.03.2016,5,2016,True,0.0237703852305619,0.02533946931362152
126,23.03.2016,5,2016,True,0.023650603467116,0.024430595338344574
126,24.03.2016,5,2016,True,0.0236939005521536,0.02533946931362152
126,28.03.2016,5,2016,True,0.0239419247163981,0.024985214695334435
126,29.03.2016,5,2016,True,0.0239450169117702,0.026971053332090378
126,30.03.2016,5,2016,True,0.0241041325058732,0.027120184153318405
126,31.03.2016,5,2016,True,0.0246113719532385,0.027022963389754295
126,01.04.2016,5,2016,True,0.0246261986110362,0.026971053332090378
126,04.04.2016,5,2016,True,0.0241733312751896,0.027117393910884857
126,05.04.2016,5,2016,True,0.0241723994423918,0.027368804439902306
126,06.04.2016,5,2016,True,0.0239635992734597,0.026809006929397583
126,07.04.2016,5,2016,True,0.023987395265786,0.026542026549577713
126,08.04.2016,5,2016,True,0.0234035945216472,0.02833850495517254
126,11.04.2016,5,2016,True,0.023367465307106,0.030153557658195496
126,12.04.2016,5,2016,True,0.023086851676663,0.028553182259202003
126,13.04.2016,5,2016,True,0.0230870138429585,0.028746817260980606
126,14.04.2016,5,2016,True,0.0230743423448382,0.028649596497416496
126,15.04.2016,5,2016,True,0.0230168147563234,0.026842735707759857
126,18.04.2016,5,2016,True,0.0230274108247387,0.027692396193742752
126,19.04.2016,5,2016,True,0.0229242458861618,0.029788736253976822
126,20.04.2016,5,2016,True,0.0227236382024638,0.025128893554210663
126,21.04.2016,5,2016,True,0.0226913385635803,0.025942383334040642
126,22.04.2016,5,2016,True,0.0226744514335215,0.025942383334040642
126,25.04.2016,5,2016,True,0.0226431907485979,0.02423459105193615
126,26.04.2016,5,2016,True,0.0225499109751569,0.027046728879213333
126,27.04.2016,5,2016,True,0.0224357976213036,0.02496407739818096
126,28.04.2016,5,2016,True,0.0223819044006714,0.025157712399959564
126,29.04.2016,5,2016,True,0.0224246887693784,0.023449920117855072
126,02.05.2016,5,2016,True,0.0225732697196155,0.023449920117855072
126,03.05.2016,5,2016,True,0.0224277322322026,0.025194482877850533
126,04.05.2016,5,2016,True,0.0222071419922827,0.026679011061787605
126,05.05.2016,5,2016,True,0.0222172682133694,0.02640952356159687
126,06.05.2016,5,2016,True,0.0222575307248278,0.02554873749613762
126,09.05.2016,5,2016,True,0.0220045493410784,0.021316882222890854
126,10.05.2016,5,2016,True,0.0216806611174792,0.024695927277207375
126,11.05.2016,5,2016,True,0.0213173108309287,0.022765522822737694
126,12.05.2016,5,2016,True,0.0213199430935269,0.02150839939713478
126,13.05.2016,5,2016,True,0.0214925666219085,0.02150839939713478
126,16.05.2016,5,2016,True,0.0219561536419523,0.02150839939713478
126,17.05.2016,5,2016,True,0.0219555683380012,0.022412065416574478
126,18.05.2016,5,2016,True,0.0219485930361938,0.022412065416574478
126,19.05.2016,5,2016,True,0.0219603237705206,0.02220318280160427
126,20.05.2016,5,2016,True,0.0222903606246144,0.02220318280160427
126,23.05.2016,5,2016,True,0.0222832100495465,0.02220318280160427
126,24.05.2016,5,2016,True,0.0222804907393631,0.02127941884100437
126,25.05.2016,5,2016,True,0.0224085914183478,0.02113565430045128
126,26.05.2016,5,2016,True,0.0224878383201795,0.019847307354211807
126,27.05.2016,5,2016,True,0.0227517382377708,0.020098235458135605
126,31.05.2016,5,2016,True,0.0239698916622215,0.019847307354211807
126,01.06.2016,5,2016,True,0.0239698954948225,0.02115575224161148
126,02.06.2016,5,2016,True,0.0249062416821737,0.020771926268935204
126,03.06.2016,5,2016,True,0.0249042787125134,0.01800007000565529
126,06.06.2016,5,2016,True,0.024914347676608,0.01774914190173149
126,07.06.2016,5,2016,True,0.0249182227784541,0.01831471361219883
126,08.06.2016,5,2016,True,0.0248949709007205,0.01800007000565529
126,09.06.2016,5,2016,True,0.0248854219871767,0.01774914190173149
126,10.06.2016,5,2016,True,0.0248524985702641,0.016941552981734276
126,13.06.2016,5,2016,True,0.0248491707591692,0.01890401914715767
126,14.06.2016,5,2016,True,0.0250140421522212,0.01967635750770569
126,15.06.2016,5,2016,True,0.0249619103256769,0.01967635750770569
126,16.06.2016,5,2016,True,0.024798695494443,0.01946747675538063
126,17.06.2016,5,2016,True,0.0245452663621206,0.022720856592059135
126,20.06.2016,5,2016,True,0.0244171594778278,0.0198732390999794
126,21.06.2016,5,2016,True,0.0244633914184239,0.020631974563002586
126,22.06.2016,5,2016,True,0.0244412219600469,0.020631974563002586
126,23.06.2016,5,2016,True,0.0243777047221089,0.020631974563002586
126,24.06.2016,5,2016,True,0.0239845143028718,0.020631974563002586
126,27.06.2016,5,2016,True,0.0238587713167137,0.02098080888390541
126,28.06.2016,5,2016,True,0.0237244400733584,0.021099302917718887
126,29.06.2016,5,2016,True,0.0234540032379133,0.02124306745827198
126,30.06.2016,5,2016,True,0.0234172256004718,0.0222462210804224
126,01.07.2016,5,2016,True,0.023464256161436,0.0222462210804224
126,05.07.2016,5,2016,True,0.0232021682280144,0.020351119339466095
126,06.07.2016,5,2016,True,0.0231586298852779,0.02148830145597458
126,07.07.2016,5,2016,True,0.022970129115111,0.02148830145597458
126,08.07.2016,5,2016,True,0.0230727615539779,0.022542722523212433
126,11.07.2016,5,2016,True,0.0231605157214719,0.022542722523212433
126,12.07.2016,5,2016,True,0.0228383578808612,0.022562820464372635
126,13.07.2016,5,2016,True,0.0224548011065866,0.022825993597507477
126,14.07.2016,5,2016,True,0.0223656867861931,0.024144522845745087
126,15.07.2016,5,2016,True,0.0225176346730012,0.022825993597507477
126,18.07.2016,5,2016,True,0.022480690515792,0.02193404547870159
126,19.07.2016,5,2016,True,0.022564265302319,0.022449592128396034
126,20.07.2016,5,2016,True,0.0225544754537252,0.021671239286661148
126,21.07.2016,5,2016,True,0.0224685362040368,0.021671239286661148
126,22.07.2016,5,2016,True,0.0224517569020455,0.022231506183743477
126,25.07.2016,5,2016,True,0.0224221993993155,0.022231506183743477
126,26.07.2016,5,2016,True,0.0224599478104245,0.021353233605623245
126,27.07.2016,5,2016,True,0.0222681457613241,0.021562116220593452
126,28.07.2016,5,2016,True,0.0222046021437829,0.021353233605623245
126,29.07.2016,5,2016,True,0.0221951977333022,0.021353233605623245
126,01.08.2016,5,2016,True,0.0222285490936905,0.021562116220593452
126,02.08.2016,5,2016,True,0.0221723059223665,0.025824887678027153
126,03.08.2016,5,2016,True,0.0221110627991661,0.026649314910173416
126,04.08.2016,5,2016,True,0.0220299787584352,0.026964876800775528
126,05.08.2016,5,2016,True,0.0220291510005507,0.021700486540794373
126,08.08.2016,5,2016,True,0.0219406373086781,0.021700486540794373
126,09.08.2016,5,2016,True,0.021974071353521,0.021290820091962814
126,10.08.2016,5,2016,True,0.0219650141923867,0.020906994119286537
126,11.08.2016,5,2016,True,0.0216386223745114,0.0190904438495636
126,12.08.2016,5,2016,True,0.0215803571570164,0.020852232351899147
126,15.08.2016,5,2016,True,0.0214391853004271,0.020842913538217545
126,16.08.2016,5,2016,True,0.0213859332723093,0.01999710686504841
126,17.08.2016,5,2016,True,0.0213983886620817,0.02097044512629509
126,18.08.2016,5,2016,True,0.0213699434415408,0.019537296146154404
126,19.08.2016,5,2016,True,0.0213984090343191,0.0197882242500782
126,22.08.2016,5,2016,True,0.0211884668092787,0.019537296146154404
126,23.08.2016,5,2016,True,0.0211457152938164,0.019919684156775475
126,24.08.2016,5,2016,True,0.0210843477248656,0.021492838859558105
126,25.08.2016,5,2016,True,0.021058841670508,0.021492838859558105
126,26.08.2016,5,2016,True,0.0210754071776817,0.019919684156775475
126,29.08.2016,5,2016,True,0.0210737231693712,0.019864922389388084
126,30.08.2016,5,2016,True,0.0210029299509356,0.021388385444879532
126,31.08.2016,5,2016,True,0.020842064704826,0.022303005680441856
126,01.09.2016,5,2016,True,0.0213687332959664,0.022303005680441856
126,02.09.2016,5,2016,True,0.0214260638773058,0.022303005680441856
126,06.09.2016,5,2016,True,0.0214643503446315,0.02209412306547165
126,07.09.2016,5,2016,True,0.0214252092416808,0.02180570550262928
126,08.09.2016,5,2016,True,0.0211282475244532,0.02180570550262928
126,09.09.2016,5,2016,True,0.0208660436457202,0.02180570550262928
126,12.09.2016,5,2016,True,0.0208601649260109,0.02180570550262928
126,13.09.2016,5,2016,True,0.0207279475725671,0.0222388356924057
126,14.09.2016,5,2016,True,0.0205813414400075,0.0222388356924057
126,15.09.2016,5,2016,True,0.0205729752747098,0.0222388356924057
126,16.09.2016,5,2016,True,0.0205159320258015,0.0222388356924057
126,19.09.2016,5,2016,True,0.0205150917293295,0.0222388356924057
126,20.09.2016,5,2016,True,0.0205170979820305,0.022081006318330765
126,21.09.2016,5,2016,True,0.0204413146407446,0.021856898441910744
126,22.09.2016,5,2016,True,0.0204090366207583,0.022150970995426178
126,23.09.2016,5,2016,True,0.0201979510473105,0.022150970995426178
126,26.09.2016,5,2016,True,0.0200319239470838,0.023197483271360397
126,27.09.2016,5,2016,True,0.0198467943727104,0.02587423287332058
126,28.09.2016,5,2016,True,0.0191949476478684,0.023706264793872833
126,29.09.2016,5,2016,True,0.0192459093055243,0.02859327383339405
126,30.09.2016,5,2016,True,0.0192433298845381,0.023676607757806778
126,03.10.2016,5,2016,True,0.019259614746124,0.022348875179886818
126,04.10.2016,5,2016,True,0.0190152644269929,0.022533228620886803
126,05.10.2016,5,2016,True,0.0189759075780704,0.022278396412730217
126,06.10.2016,5,2016,True,0.0189493095012068,0.02095414511859417
126,07.10.2016,5,2016,True,0.0189313931966491,0.02058602310717106
126,11.10.2016,5,2016,True,0.0189155549304702,0.02095414511859417
126,12.10.2016,5,2016,True,0.0189062799956515,0.023059137165546417
126,13.10.2016,5,2016,True,0.018920423406757,0.022710973396897316
126,14.10.2016,5,2016,True,0.0192015628759575,0.019467607140541077
126,17.10.2016,5,2016,True,0.0191867022062218,0.01898966170847416
126,18.10.2016,5,2016,True,0.019266121201285,0.01936371810734272
126,19.10.2016,5,2016,True,0.0192006455595507,0.019614646211266518
126,20.10.2016,5,2016,True,0.0190919893811398,0.01936371810734272
126,21.10.2016,5,2016,True,0.0190857934745485,0.019956426694989204
126,24.10.2016,5,2016,True,0.019089093075288,0.019572600722312927
126,25.10.2016,5,2016,True,0.0190591443341472,0.019668756052851677
126,26.10.2016,5,2016,True,0.019007329735261,0.019319921731948853
126,27.10.2016,5,2016,True,0.0190796514827418,0.01814553700387478
126,28.10.2016,5,2016,True,0.0190394837606953,0.01757996529340744
126,31.10.2016,5,2016,True,0.0193600896009623,0.018881654366850853
126,01.11.2016,5,2016,True,0.0194046412918744,0.019798414781689644
126,02.11.2016,5,2016,True,0.0192079341014132,0.019798414781689644
126,03.11.2016,5,2016,True,0.0192154742111173,0.019798414781689644
126,04.11.2016,5,2016,True,0.01933413702553,0.019589534029364586
126,07.11.2016,5,2016,True,0.019327211711509,0.020531820133328438
126,08.11.2016,5,2016,True,0.0193252227983991,0.020904885604977608
126,09.11.2016,5,2016,True,0.019386440516442,0.019637294113636017
126,10.11.2016,5,2016,True,0.0193593769763964,0.018749747425317764
126,14.11.2016,5,2016,True,0.0191613738743267,0.018749747425317764
126,15.11.2016,5,2016,True,0.0185453594879901,0.024485521018505096
126,16.11.2016,5,2016,True,0.0186159770853591,0.026521191000938416
126,17.11.2016,5,2016,True,0.0186152266469445,0.026423970237374306
126,18.11.2016,5,2016,True,0.0186088633977701,0.025418266654014587
126,21.11.2016,5,2016,True,0.0182365997467193,0.025323836132884026
126,22.11.2016,5,2016,True,0.018732152231377,0.024363335222005844
126,23.11.2016,5,2016,True,0.0187643155280735,0.024887941777706146
126,25.11.2016,5,2016,True,0.0184925697483842,0.024887941777706146
126,28.11.2016,5,2016,True,0.0186032468926001,0.02666289359331131
126,29.11.2016,5,2016,True,0.0182592812027521,0.02733318693935871
126,30.11.2016,5,2016,True,0.0166475714002091,0.027659064158797264
126,01.12.2016,5,2016,True,0.0166694066813486,0.028206106275320053
126,02.12.2016,5,2016,True,0.015240192582656,0.024198316037654877
126,05.12.2016,5,2016,True,0.0156537712459361,0.023055441677570343
126,06.12.2016,5,2016,True,0.0155774419177731,0.024029411375522614
126,07.12.2016,5,2016,True,0.015519292755166,0.024029411375522614
126,08.12.2016,5,2016,True,0.0154440193853193,0.02332325279712677
126,09.12.2016,5,2016,True,0.0154475775100937,0.023072324693202972
126,12.12.2016,5,2016,True,0.0155884196574488,0.021394334733486176
126,13.12.2016,5,2016,True,0.0155875303185997,0.021328190341591835
126,14.12.2016,5,2016,True,0.0153523490911855,0.021328190341591835
126,15.12.2016,5,2016,True,0.0153691650284178,0.021328190341591835
126,16.12.2016,5,2016,True,0.0153136525907615,0.021328190341591835
126,19.12.2016,5,2016,True,0.0154710494360852,0.02124158665537834
126,20.12.2016,5,2016,True,0.0154766360870263,0.021307731047272682
126,21.12.2016,5,2016,True,0.0154397098502526,0.02015022002160549
126,22.12.2016,5,2016,True,0.0154167545058207,0.020260728895664215
126,23.12.2016,5,2016,True,0.0155084171269929,0.021394334733486176
126,27.12.2016,5,2016,True,0.0154853585440453,0.021098848432302475
126,28.12.2016,5,2016,True,0.0154853723503503,0.021211428567767143
126,29.12.2016,5,2016,True,0.0155212489268484,0.02112482488155365
126,30.12.2016,5,2016,True,0.0158733199676313,0.020852046087384224
5,03.01.2017,6,2017,True,0.0235557616158962,0.014012531377375126
5,04.01.2017,6,2017,True,0.0261434049980928,0.015175883658230305
5,05.01.2017,6,2017,True,0.0274543483931414,0.016672901809215546
5,06.01.2017,6,2017,True,0.0272901392304209,0.01353322435170412
5,09.01.2017,6,2017,True,0.0202830040342611,0.015585252083837986
5,10.01.2017,6,2017,True,0.0217277603864057,0.019853297621011734
5,11.01.2017,6,2017,True,0.0168310680348452,0.015822328627109528
5,12.01.2017,6,2017,True,0.0193338633077202,0.0157034732401371
5,13.01.2017,6,2017,True,0.0189110939790537,0.01886294037103653
5,17.01.2017,6,2017,True,0.0190255919050815,0.014517451636493206
5,18.01.2017,6,2017,True,0.0122124006809293,0.011904595419764519
5,19.01.2017,6,2017,True,0.0142985024591347,0.014115976169705391
5,20.01.2017,6,2017,True,0.0130310709978567,0.015645133331418037
5,23.01.2017,6,2017,True,0.0130830280643518,0.012487448751926422
5,24.01.2017,6,2017,True,0.0135802107021798,0.01479917299002409
5,25.01.2017,6,2017,True,0.0130211103516648,0.013437648303806782
5,26.01.2017,6,2017,True,0.0113646841332172,0.013717330060899258
5,27.01.2017,6,2017,True,0.0082306749554569,0.014193757437169552
5,30.01.2017,6,2017,True,0.0133114856850154,0.013277810998260975
5,31.01.2017,6,2017,True,0.0138867516194371,0.016797995194792747
5,01.02.2017,6,2017,True,0.0139733193977156,0.01729799062013626
5,02.02.2017,6,2017,True,0.0119643454704039,0.0185751561075449
5,03.02.2017,6,2017,True,0.015574962786203,0.01799221895635128
5,06.02.2017,6,2017,True,0.0156966913030433,0.020424989983439445
5,07.02.2017,6,2017,True,0.0144201374061853,0.01450207456946373
5,08.02.2017,6,2017,True,0.0147882195590947,0.01404445618391037
5,09.02.2017,6,2017,True,0.0143088260893701,0.01075497455894947
5,10.02.2017,6,2017,True,0.0101761241814115,0.010131449438631535
5,13.02.2017,6,2017,True,0.0075691281989297,0.009774122387170792
5,14.02.2017,6,2017,True,0.0108038174406918,0.011221901513636112
5,15.02.2017,6,2017,True,0.0120633939888563,0.01092385221272707
5,16.02.2017,6,2017,True,0.0134630948361532,0.01156829297542572
5,17.02.2017,6,2017,True,0.0134575656031998,0.011265118606388569
5,21.02.2017,6,2017,True,0.0107395993826113,0.009042661637067795
5,22.02.2017,6,2017,True,0.0089142423838605,0.008785052224993706
5,23.02.2017,6,2017,True,0.0047997579360412,0.009272235445678234
5,24.02.2017,6,2017,True,0.0092806104963882,0.009035402908921242
5,27.02.2017,6,2017,True,0.0093185660679438,0.009220566600561142
5,28.02.2017,6,2017,True,0.008748580319827,0.007534023839980364
5,01.03.2017,6,2017,True,0.0252555621446521,0.008025061339139938
5,02.03.2017,6,2017,True,0.0255310498756816,0.00587261188775301
5,03.03.2017,6,2017,True,0.0211678724517608,0.008330184035003185
5,06.03.2017,6,2017,True,0.020663234182458,0.007526631001383066
5,07.03.2017,6,2017,True,0.0195604523355581,0.008304216898977757
5,08.03.2017,6,2017,True,0.0141812117407518,0.0078266067430377
5,09.03.2017,6,2017,True,0.0123362614590232,0.01430479809641838
5,10.03.2017,6,2017,True,0.0095084633042243,0.011745454743504524
5,13.03.2017,6,2017,True,0.0096794594132094,0.010589109733700752
5,14.03.2017,6,2017,True,0.0108974862028751,0.015036743134260178
5,15.03.2017,6,2017,True,0.0052496885967401,0.0143373878672719
5,16.03.2017,6,2017,True,0.0052155026143254,0.013760935515165329
5,17.03.2017,6,2017,True,0.0064698112065869,0.010780605487525463
5,20.03.2017,6,2017,True,0.0065837243789815,0.011766433715820312
5,21.03.2017,6,2017,True,0.0067868159002689,0.011832251213490963
5,22.03.2017,6,2017,True,0.009458799575754,0.017806442454457283
5,23.03.2017,6,2017,True,0.0081999144305436,0.016221078112721443
5,24.03.2017,6,2017,True,0.0096909454288953,0.017883647233247757
5,27.03.2017,6,2017,True,0.008588936679904,0.018857624381780624
5,28.03.2017,6,2017,True,0.0098197136663599,0.01617269404232502
5,29.03.2017,6,2017,True,0.0082508935581126,0.015115912072360516
5,30.03.2017,6,2017,True,0.0082050562376209,0.01202641986310482
5,31.03.2017,6,2017,True,0.0063624322890995,0.012065776623785496
5,03.04.2017,6,2017,True,0.0062649719135452,0.00966331921517849
5,04.04.2017,6,2017,True,0.0040351957315502,0.007795443292707205
5,05.04.2017,6,2017,True,0.0075311804176024,0.013325156643986702
5,06.04.2017,6,2017,True,0.0073487577607962,0.011177053675055504
5,07.04.2017,6,2017,True,0.0090919061727864,0.008616561070084572
5,10.04.2017,6,2017,True,0.006121265346168,0.008822817355394363
5,11.04.2017,6,2017,True,0.0141235425503096,0.010058678686618805
5,12.04.2017,6,2017,True,0.0152541166482327,0.012520699761807919
5,13.04.2017,6,2017,True,0.0142211746128228,0.010570215992629528
5,17.04.2017,6,2017,True,0.0144940427162336,0.009926356375217438
5,18.04.2017,6,2017,True,0.0180676826242919,0.007050462532788515
5,19.04.2017,6,2017,True,0.0108064225635199,0.007941190153360367
5,20.04.2017,6,2017,True,0.0104112324880823,0.011766793206334114
5,21.04.2017,6,2017,True,0.0079405469352936,0.010818182490766048
5,24.04.2017,6,2017,True,0.0074811932380262,0.014085096307098866
5,25.04.2017,6,2017,True,0.0094730659827286,0.022194022312760353
5,26.04.2017,6,2017,True,0.0111399036842247,0.020837053656578064
5,27.04.2017,6,2017,True,0.0230964946416353,0.02049265429377556
5,28.04.2017,6,2017,True,0.025140349361886,0.019947459921240807
5,01.05.2017,6,2017,True,0.0260098660775432,0.01637638546526432
5,02.05.2017,6,2017,True,0.0252936173728573,0.01290570292621851
5,03.05.2017,6,2017,True,0.0301729792473231,0.016317961737513542
5,04.05.2017,6,2017,True,0.0154718569788468,0.01509423740208149
5,05.05.2017,6,2017,True,0.0155213873584114,0.018518228083848953
5,08.05.2017,6,2017,True,0.016324465909967,0.01757282204926014
5,09.05.2017,6,2017,True,0.0134689880994682,0.019999589771032333
5,10.05.2017,6,2017,True,0.008805246541736,0.018930086866021156
5,11.05.2017,6,2017,True,0.0086492145017199,0.020861957222223282
5,12.05.2017,6,2017,True,0.0098913877798646,0.01992149092257023
5,15.05.2017,6,2017,True,0.0088330369216513,0.019875219091773033
5,16.05.2017,6,2017,True,0.0067522393606891,0.016958268359303474
5,17.05.2017,6,2017,True,0.0087734455488654,0.017402857542037964
5,18.05.2017,6,2017,True,0.0257936189461425,0.016223084181547165
5,19.05.2017,6,2017,True,0.0241761926431435,0.01439846120774746
5,22.05.2017,6,2017,True,0.0234919151228415,0.0143206138163805
5,23.05.2017,6,2017,True,0.0239329520579325,0.014731288887560368
5,24.05.2017,6,2017,True,0.0244489107682064,0.013268616981804371
5,25.05.2017,6,2017,True,0.0157372637041261,0.012692169286310673
5,26.05.2017,6,2017,True,0.0114804074429899,0.013364462181925774
5,30.05.2017,6,2017,True,0.0157402525760111,0.016645075753331184
5,31.05.2017,6,2017,True,0.0203962236745805,0.017143815755844116
5,01.06.2017,6,2017,True,0.0199592657137636,0.01892179250717163
5,02.06.2017,6,2017,True,0.0212696557532869,0.01640917919576168
5,05.06.2017,6,2017,True,0.021665721885747,0.018301067873835564
5,06.06.2017,6,2017,True,0.0208677388912254,0.026055773720145226
5,07.06.2017,6,2017,True,0.0182568742349993,0.025801846757531166
5,08.06.2017,6,2017,True,0.0182999543772069,0.025582049041986465
5,09.06.2017,6,2017,True,0.0188382242560388,0.027309417724609375
5,12.06.2017,6,2017,True,0.018651603762676,0.02377520129084587
5,13.06.2017,6,2017,True,0.0173050674339076,0.01708872616291046
5,14.06.2017,6,2017,True,0.0141697106058815,0.01597793959081173
5,15.06.2017,6,2017,True,0.0162626540329067,0.017706936225295067
5,16.06.2017,6,2017,True,0.0156401647912258,0.019740194082260132
5,19.06.2017,6,2017,True,0.0167740070134479,0.01694553717970848
5,20.06.2017,6,2017,True,0.0169158744499562,0.018988225609064102
5,21.06.2017,6,2017,True,0.0049034032991421,0.023009007796645164
5,22.06.2017,6,2017,True,0.0062437985523846,0.024734606966376305
5,23.06.2017,6,2017,True,0.0060941362054205,0.022420965135097504
5,26.06.2017,6,2017,True,0.0125196189989945,0.017660845071077347
5,27.06.2017,6,2017,True,0.027393253823266,0.015295776538550854
5,28.06.2017,6,2017,True,0.0269679307752564,0.015443451702594757
5,29.06.2017,6,2017,True,0.0307673987325636,0.014531769789755344
5,30.06.2017,6,2017,True,0.030161817856412,0.013378922827541828
5,03.07.2017,6,2017,True,0.0235737509448897,0.013310748152434826
5,05.07.2017,6,2017,True,0.0168436911914424,0.016555527225136757
5,06.07.2017,6,2017,True,0.0179046265070579,0.018067941069602966
5,07.07.2017,6,2017,True,0.0049034283045851,0.016099628061056137
5,10.07.2017,6,2017,True,0.0099881917259502,0.018351057544350624
5,11.07.2017,6,2017,True,0.0093352426539737,0.02143838256597519
5,12.07.2017,6,2017,True,0.0107040228630733,0.018382208421826363
5,13.07.2017,6,2017,True,0.0120671950546309,0.020351648330688477
5,14.07.2017,6,2017,True,0.0168330666696108,0.014947725459933281
5,17.07.2017,6,2017,True,0.0174326111676533,0.0150053221732378
5,18.07.2017,6,2017,True,0.0225947264685209,0.013376115821301937
5,19.07.2017,6,2017,True,0.0223195575471599,0.014735467731952667
5,20.07.2017,6,2017,True,0.0210944170934578,0.01430152915418148
5,21.07.2017,6,2017,True,0.0090277493521334,0.013594282791018486
5,24.07.2017,6,2017,True,0.0111914586285807,0.01580290123820305
5,25.07.2017,6,2017,True,0.0084614054740388,0.013951501809060574
5,26.07.2017,6,2017,True,0.0097884056504861,0.015018480829894543
5,27.07.2017,6,2017,True,0.0106041748875416,0.014242083765566349
5,28.07.2017,6,2017,True,0.0058869412036019,0.012513366527855396
5,31.07.2017,6,2017,True,0.0056670706980389,0.015061047859489918
5,01.08.2017,6,2017,True,0.0058283617906903,0.014439832419157028
5,02.08.2017,6,2017,True,0.0076268196672991,0.014896923676133156
5,03.08.2017,6,2017,True,0.0103580851426379,0.014069843105971813
5,04.08.2017,6,2017,True,0.0096914007711532,0.013002506457269192
5,07.08.2017,6,2017,True,0.0149156961294157,0.010469069704413414
5,08.08.2017,6,2017,True,0.0153241817136072,0.008834687061607838
5,09.08.2017,6,2017,True,0.0125006458340878,0.012632698751986027
5,10.08.2017,6,2017,True,0.0158490983295944,0.011004295200109482
5,11.08.2017,6,2017,True,0.0228072772788493,0.012598993256688118
5,14.08.2017,6,2017,True,0.0208873649691793,0.01024076621979475
5,15.08.2017,6,2017,True,0.0208494065912072,0.012490155175328255
5,16.08.2017,6,2017,True,0.0193332967023267,0.014033500105142593
5,17.08.2017,6,2017,True,0.0205917712724213,0.010818029753863811
5,18.08.2017,6,2017,True,0.0137350683203444,0.013449148274958134
5,21.08.2017,6,2017,True,0.0105416217614003,0.01202341727912426
5,22.08.2017,6,2017,True,0.0104310078916245,0.009458865970373154
5,23.08.2017,6,2017,True,0.0115048429883322,0.00998262595385313
5,24.08.2017,6,2017,True,0.0193919245688938,0.009552480652928352
5,25.08.2017,6,2017,True,0.0191258858473145,0.009084544144570827
5,28.08.2017,6,2017,True,0.0200397798007789,0.012764796614646912
5,29.08.2017,6,2017,True,0.0203173149863943,0.014727274887263775
5,30.08.2017,6,2017,True,0.0120532863132566,0.013013885356485844
5,31.08.2017,6,2017,True,0.013203849177006,0.012246761471033096
5,01.09.2017,6,2017,True,0.0129654940090904,0.011224253103137016
5,05.09.2017,6,2017,True,0.0105206659722428,0.010661309584975243
5,06.09.2017,6,2017,True,0.0108162616122833,0.01460076030343771
5,07.09.2017,6,2017,True,0.0108282229929867,0.014731495641171932
5,08.09.2017,6,2017,True,0.0059471874612764,0.014435064978897572
5,11.09.2017,6,2017,True,0.0069436969545154,0.014580599032342434
5,12.09.2017,6,2017,True,0.0086146932272102,0.013530847616493702
5,13.09.2017,6,2017,True,0.0103279514151038,0.010306248441338539
5,14.09.2017,6,2017,True,0.0103052357541987,0.008666669018566608
5,15.09.2017,6,2017,True,0.0104495712081088,0.008787080645561218
5,18.09.2017,6,2017,True,0.016974941416163,0.0073180715553462505
5,19.09.2017,6,2017,True,0.0180402985352611,0.0116710951551795
5,20.09.2017,6,2017,True,0.0192260726064505,0.008719881065189838
5,21.09.2017,6,2017,True,0.0202755594989638,0.010473240166902542
5,22.09.2017,6,2017,True,0.0201426542669929,0.009697978384792805
5,25.09.2017,6,2017,True,0.009717906743561,0.009041083976626396
5,26.09.2017,6,2017,True,0.0103528757778329,0.007589635904878378
5,27.09.2017,6,2017,True,0.0105613936663007,0.009553613141179085
5,28.09.2017,6,2017,True,0.016502729749455,0.008997642435133457
5,29.09.2017,6,2017,True,0.0191365507432158,0.010975615121424198
5,02.10.2017,6,2017,True,0.0163793469234844,0.008210369385778904
5,03.10.2017,6,2017,True,0.0177829180482494,0.013333779759705067
5,04.10.2017,6,2017,True,0.0175184408430682,0.015512983314692974
5,05.10.2017,6,2017,True,0.0155741496140334,0.013575059361755848
5,06.10.2017,6,2017,True,0.0113658713090912,0.013087050057947636
5,09.10.2017,6,2017,True,0.0115202260310497,0.010949882678687572
5,10.10.2017,6,2017,True,0.0109094617189368,0.014250456355512142
5,11.10.2017,6,2017,True,0.0108852305930899,0.0072160754352808
5,12.10.2017,6,2017,True,0.0123329283615762,0.007196256425231695
5,13.10.2017,6,2017,True,0.0107971480515108,0.008045283146202564
5,16.10.2017,6,2017,True,0.009877411658219,0.008000616915524006
5,17.10.2017,6,2017,True,0.0128917327524994,0.009614048525691032
5,18.10.2017,6,2017,True,0.0127840078032777,0.009321628138422966
5,19.10.2017,6,2017,True,0.009555994782949,0.009982934221625328
5,20.10.2017,6,2017,True,0.010999781009783,0.010500388219952583
5,23.10.2017,6,2017,True,0.0070594332640597,0.009081468917429447
5,24.10.2017,6,2017,True,0.00670684715498,0.00878874957561493
5,25.10.2017,6,2017,True,0.0077595047485873,0.010699675418436527
5,26.10.2017,6,2017,True,0.0112335231381648,0.01080991793423891
5,27.10.2017,6,2017,True,0.0128084876072951,0.01026574894785881
5,30.10.2017,6,2017,True,0.0185293143266471,0.008963566273450851
5,31.10.2017,6,2017,True,0.0206228936788675,0.011720521375536919
5,01.11.2017,6,2017,True,0.0208329580023607,0.011633799411356449
5,02.11.2017,6,2017,True,0.0183465197053881,0.011505340225994587
5,03.11.2017,6,2017,True,0.0179419499986094,0.011628112755715847
5,06.11.2017,6,2017,True,0.0061799113169255,0.010896651074290276
5,07.11.2017,6,2017,True,0.0079122400553665,0.009352604858577251
5,08.11.2017,6,2017,True,0.0078661254254413,0.0115569569170475
5,09.11.2017,6,2017,True,0.0040383038157823,0.011675757355988026
5,10.11.2017,6,2017,True,0.014221407930901,0.011770881712436676
5,13.11.2017,6,2017,True,0.0143867332608778,0.013734757900238037
5,14.11.2017,6,2017,True,0.0129228432112432,0.01610059104859829
5,15.11.2017,6,2017,True,0.0130313807563756,0.013921541161835194
5,16.11.2017,6,2017,True,0.0108540138275086,0.013364862650632858
5,17.11.2017,6,2017,True,0.0078590539991025,0.013883964158594608
5,20.11.2017,6,2017,True,0.0063452289654336,0.010433853603899479
5,21.11.2017,6,2017,True,0.0082873226671082,0.011209938675165176
5,22.11.2017,6,2017,True,0.0070205167885886,0.010106949135661125
5,24.11.2017,6,2017,True,0.0055447083785619,0.010118360631167889
5,27.11.2017,6,2017,True,0.00873919227444,0.01080430019646883
5,28.11.2017,6,2017,True,0.0100507963627971,0.012554984539747238
5,29.11.2017,6,2017,True,0.0148652647967863,0.013250377960503101
5,30.11.2017,6,2017,True,0.0171269858731004,0.013398462906479836
5,01.12.2017,6,2017,True,0.0201954643047896,0.011675553396344185
5,04.12.2017,6,2017,True,0.0194704857757051,0.010153056122362614
5,05.12.2017,6,2017,True,0.0232118204213185,0.009060821495950222
5,06.12.2017,6,2017,True,0.0199674331259553,0.007536387536674738
5,07.12.2017,6,2017,True,0.0196808974420829,0.008999505080282688
5,08.12.2017,6,2017,True,0.0176559766198737,0.00899880938231945
5,11.12.2017,6,2017,True,0.0138820427990253,0.008603931404650211
5,12.12.2017,6,2017,True,0.010405253579069,0.014287745580077171
5,13.12.2017,6,2017,True,0.0062452020510276,0.01467839814722538
5,14.12.2017,6,2017,True,0.0047969857429247,0.010676257312297821
5,15.12.2017,6,2017,True,0.0033406043934169,0.01111162081360817
5,18.12.2017,6,2017,True,0.0091862902738117,0.013007107190787792
5,19.12.2017,6,2017,True,0.0128438545883557,0.008659928105771542
5,20.12.2017,6,2017,True,0.012742673662225,0.008653732016682625
5,21.12.2017,6,2017,True,0.0133045875931049,0.008870401419699192
5,22.12.2017,6,2017,True,0.0135352870868838,0.00958008412271738
5,26.12.2017,6,2017,True,0.0102984123567844,0.010380052961409092
5,27.12.2017,6,2017,True,0.0082496626060419,0.007911557331681252
5,28.12.2017,6,2017,True,0.0097482971329499,0.007795918267220259
5,29.12.2017,6,2017,True,0.0094429822747195,0.00799116026610136
22,03.01.2017,6,2017,True,0.0168700252175636,0.02149566449224949
22,04.01.2017,6,2017,True,0.0169830779504372,0.018009284511208534
22,05.01.2017,6,2017,True,0.0170496220995756,0.017918014898896217
22,06.01.2017,6,2017,True,0.0170224525733452,0.017620988190174103
22,09.01.2017,6,2017,True,0.0150116424502628,0.01626228168606758
22,10.01.2017,6,2017,True,0.0144568893140066,0.01795620657503605
22,11.01.2017,6,2017,True,0.0141338740714894,0.018030351027846336
22,12.01.2017,6,2017,True,0.013761095869387,0.01820896938443184
22,13.01.2017,6,2017,True,0.0136101538233257,0.01820896938443184
22,17.01.2017,6,2017,True,0.0136170434926965,0.017768854275345802
22,18.01.2017,6,2017,True,0.0120425086093882,0.01632148027420044
22,19.01.2017,6,2017,True,0.0123743266335038,0.016296595335006714
22,20.01.2017,6,2017,True,0.011812679841218,0.01677302084863186
22,23.01.2017,6,2017,True,0.0120650594666416,0.015043208375573158
22,24.01.2017,6,2017,True,0.0122948643126641,0.016342202201485634
22,25.01.2017,6,2017,True,0.0122024904425093,0.014930516481399536
22,26.01.2017,6,2017,True,0.0114106116494393,0.01677212305366993
22,27.01.2017,6,2017,True,0.0110718476493058,0.015381665900349617
22,30.01.2017,6,2017,True,0.0112014603100666,0.015620537102222443
22,31.01.2017,6,2017,True,0.0115082846202371,0.01820996031165123
22,01.02.2017,6,2017,True,0.0115127239769705,0.01820996031165123
22,02.02.2017,6,2017,True,0.0109644311885695,0.018356122076511383
22,03.02.2017,6,2017,True,0.0153730893984807,0.01676945947110653
22,06.02.2017,6,2017,True,0.0152822072754621,0.015209788456559181
22,07.02.2017,6,2017,True,0.0154087652060937,0.016334470361471176
22,08.02.2017,6,2017,True,0.0153901643913338,0.015975099056959152
22,09.02.2017,6,2017,True,0.0151693597205255,0.01630186103284359
22,10.02.2017,6,2017,True,0.0150484554509332,0.01346512045711279
22,13.02.2017,6,2017,True,0.014641940948929,0.01264286506921053
22,14.02.2017,6,2017,True,0.014494741596571,0.013712488114833832
22,15.02.2017,6,2017,True,0.0144955621396656,0.013864011503756046
22,16.02.2017,6,2017,True,0.0146252609770918,0.012356874532997608
22,17.02.2017,6,2017,True,0.0145505404605788,0.012449759989976883
22,21.02.2017,6,2017,True,0.0139042354114638,0.011081920005381107
22,22.02.2017,6,2017,True,0.0138921550146282,0.011437198147177696
22,23.02.2017,6,2017,True,0.0133625243001262,0.013116588816046715
22,24.02.2017,6,2017,True,0.0137377242776043,0.011532223783433437
22,27.02.2017,6,2017,True,0.014729156203927,0.011749433353543282
22,28.02.2017,6,2017,True,0.0149728849009037,0.011898900382220745
22,01.03.2017,6,2017,True,0.0149634531503634,0.011853314936161041
22,02.03.2017,6,2017,True,0.014964580433348,0.011630556546151638
22,03.03.2017,6,2017,True,0.015247505295224,0.011620690114796162
22,06.03.2017,6,2017,True,0.015267287537625,0.011714130640029907
22,07.03.2017,6,2017,True,0.0154478790752908,0.012706994079053402
22,08.03.2017,6,2017,True,0.0105539403106059,0.011795630678534508
22,09.03.2017,6,2017,True,0.0098988233018347,0.01755554787814617
22,10.03.2017,6,2017,True,0.0089409091111474,0.01639884151518345
22,13.03.2017,6,2017,True,0.0091845315215403,0.016517318785190582
22,14.03.2017,6,2017,True,0.0088073010302871,0.017609043046832085
22,15.03.2017,6,2017,True,0.0087670096320352,0.01767571084201336
22,16.03.2017,6,2017,True,0.0090654266915516,0.01795743778347969
22,17.03.2017,6,2017,True,0.0123130560567035,0.014636331237852573
22,20.03.2017,6,2017,True,0.0122849298971085,0.014540394768118858
22,21.03.2017,6,2017,True,0.012729870946465,0.0153790432959795
22,22.03.2017,6,2017,True,0.0127481727634677,0.018412454053759575
22,23.03.2017,6,2017,True,0.0128701167973962,0.018004702404141426
22,24.03.2017,6,2017,True,0.0129247041347575,0.016645437106490135
22,27.03.2017,6,2017,True,0.0130400182503265,0.018066933378577232
22,28.03.2017,6,2017,True,0.0128709774845157,0.01702471263706684
22,29.03.2017,6,2017,True,0.0120376806027867,0.01624642312526703
22,30.03.2017,6,2017,True,0.0124928930802468,0.01409789826720953
22,31.03.2017,6,2017,True,0.0126298377261252,0.013858312740921974
22,03.04.2017,6,2017,True,0.0159708335491368,0.0142523143440485
22,04.04.2017,6,2017,True,0.0156595765201841,0.014592437073588371
22,05.04.2017,6,2017,True,0.0156955878020537,0.01482272520661354
22,06.04.2017,6,2017,True,0.0154560353421422,0.013545612804591656
22,07.04.2017,6,2017,True,0.0170641259976158,0.011281821876764297
22,10.04.2017,6,2017,True,0.0169526700811006,0.011638344265520573
22,11.04.2017,6,2017,True,0.0168883300692763,0.011350372806191444
22,12.04.2017,6,2017,True,0.0176147206595185,0.011966791935265064
22,13.04.2017,6,2017,True,0.0175927487997334,0.011915613897144794
22,17.04.2017,6,2017,True,0.0177978541272404,0.010774900205433369
22,18.04.2017,6,2017,True,0.0178336939457466,0.009915554895997047
22,19.04.2017,6,2017,True,0.0167167797890019,0.011071416549384594
22,20.04.2017,6,2017,True,0.0167412592808871,0.014752522110939026
22,21.04.2017,6,2017,True,0.0161276180727972,0.01333746500313282
22,24.04.2017,6,2017,True,0.0160544910179153,0.01618010550737381
22,25.04.2017,6,2017,True,0.0190913065189898,0.016690200194716454
22,26.04.2017,6,2017,True,0.0192817685285287,0.01527036726474762
22,27.04.2017,6,2017,True,0.0192576502491575,0.01561013888567686
22,28.04.2017,6,2017,True,0.0202618547122617,0.016438577324151993
22,01.05.2017,6,2017,True,0.0202548070693405,0.014095669612288475
22,02.05.2017,6,2017,True,0.0198335727657978,0.014336660504341125
22,03.05.2017,6,2017,True,0.0198622658407114,0.01602637581527233
22,04.05.2017,6,2017,True,0.0169967077530258,0.0166682917624712
22,05.05.2017,6,2017,True,0.0190810385679048,0.017257120460271835
22,08.05.2017,6,2017,True,0.0190464275091088,0.017491279169917107
22,09.05.2017,6,2017,True,0.0189428607701934,0.017570383846759796
22,10.05.2017,6,2017,True,0.0176924576373899,0.01781737059354782
22,11.05.2017,6,2017,True,0.017628473601702,0.017259862273931503
22,12.05.2017,6,2017,True,0.019039826908527,0.018329089507460594
22,15.05.2017,6,2017,True,0.0183654035726959,0.018440790474414825
22,16.05.2017,6,2017,True,0.0186084264282161,0.017233550548553467
22,17.05.2017,6,2017,True,0.0183484252395907,0.01721232570707798
22,18.05.2017,6,2017,True,0.0184309975796289,0.016667764633893967
22,19.05.2017,6,2017,True,0.0179090568009495,0.0165666863322258
22,22.05.2017,6,2017,True,0.0180687807277807,0.015298684127628803
22,23.05.2017,6,2017,True,0.0181377008613371,0.01595630869269371
22,24.05.2017,6,2017,True,0.0183708929979836,0.015852971002459526
22,25.05.2017,6,2017,True,0.0167983351652021,0.015996800735592842
22,26.05.2017,6,2017,True,0.0168357729535033,0.01786995492875576
22,30.05.2017,6,2017,True,0.0168923646667573,0.01772475056350231
22,31.05.2017,6,2017,True,0.0161219192388105,0.018513720482587814
22,01.06.2017,6,2017,True,0.018072723279461,0.019774166867136955
22,02.06.2017,6,2017,True,0.019790401800215,0.019461430609226227
22,05.06.2017,6,2017,True,0.0197961777133963,0.017562229186296463
22,06.06.2017,6,2017,True,0.0204019584116051,0.01903190091252327
22,07.06.2017,6,2017,True,0.0185039945537291,0.018639372661709785
22,08.06.2017,6,2017,True,0.018749734841329,0.020553788170218468
22,09.06.2017,6,2017,True,0.0187291857430206,0.019104784354567528
22,12.06.2017,6,2017,True,0.0189749561369077,0.018879875540733337
22,13.06.2017,6,2017,True,0.0190030842952327,0.01850016973912716
22,14.06.2017,6,2017,True,0.0173938025713973,0.01848677359521389
22,15.06.2017,6,2017,True,0.0174469020037417,0.01947578229010105
22,16.06.2017,6,2017,True,0.0176933885746713,0.019438786432147026
22,19.06.2017,6,2017,True,0.0176430265142407,0.016878914088010788
22,20.06.2017,6,2017,True,0.0180548702522855,0.01872822642326355
22,21.06.2017,6,2017,True,0.016987108403427,0.019168341532349586
22,22.06.2017,6,2017,True,0.018036898290722,0.019437987357378006
22,23.06.2017,6,2017,True,0.0181701969027365,0.01945960894227028
22,26.06.2017,6,2017,True,0.0182004906586426,0.018577655777335167
22,27.06.2017,6,2017,True,0.0182731645976381,0.016791250556707382
22,28.06.2017,6,2017,True,0.0181783036364015,0.016799189150333405
22,29.06.2017,6,2017,True,0.0182053845326678,0.016767188906669617
22,30.06.2017,6,2017,True,0.0182751805992958,0.01674596406519413
22,03.07.2017,6,2017,True,0.0169298408000391,0.013946603052318096
22,05.07.2017,6,2017,True,0.0142813831210238,0.017358116805553436
22,06.07.2017,6,2017,True,0.0143111155955798,0.01839875802397728
22,07.07.2017,6,2017,True,0.0123936920181751,0.017440225929021835
22,10.07.2017,6,2017,True,0.0124477217257463,0.018528562039136887
22,11.07.2017,6,2017,True,0.0130441151540848,0.018047304823994637
22,12.07.2017,6,2017,True,0.0130434310502898,0.01823294349014759
22,13.07.2017,6,2017,True,0.0143614257239297,0.018531953915953636
22,14.07.2017,6,2017,True,0.0142514230023973,0.016577016562223434
22,17.07.2017,6,2017,True,0.0142681984273646,0.016835525631904602
22,18.07.2017,6,2017,True,0.0144785916903471,0.017080655321478844
22,19.07.2017,6,2017,True,0.0155660733166445,0.016618402674794197
22,20.07.2017,6,2017,True,0.0161752089539502,0.015436764806509018
22,21.07.2017,6,2017,True,0.0149551038349203,0.01546519435942173
22,24.07.2017,6,2017,True,0.0150173020044447,0.01570143923163414
22,25.07.2017,6,2017,True,0.0138198092869784,0.013981623575091362
22,26.07.2017,6,2017,True,0.0135450354458962,0.015116896480321884
22,27.07.2017,6,2017,True,0.0135958393836093,0.013850931078195572
22,28.07.2017,6,2017,True,0.0128955433798328,0.014167164452373981
22,31.07.2017,6,2017,True,0.013675794771469,0.01693122461438179
22,01.08.2017,6,2017,True,0.0151939413292453,0.018969079479575157
22,02.08.2017,6,2017,True,0.0151560711456776,0.0172745231539011
22,03.08.2017,6,2017,True,0.0156607690632587,0.017254889011383057
22,04.08.2017,6,2017,True,0.0158883630423348,0.01601487025618553
22,07.08.2017,6,2017,True,0.0158983559482489,0.01279006153345108
22,08.08.2017,6,2017,True,0.0161666075998033,0.012700739316642284
22,09.08.2017,6,2017,True,0.0160333505816184,0.014095116406679153
22,10.08.2017,6,2017,True,0.01567211089314,0.014043938368558884
22,11.08.2017,6,2017,True,0.0159616963416847,0.01433907076716423
22,14.08.2017,6,2017,True,0.0145683820771757,0.01286376640200615
22,15.08.2017,6,2017,True,0.014559521353078,0.016082901507616043
22,16.08.2017,6,2017,True,0.0142751633738245,0.01602994278073311
22,17.08.2017,6,2017,True,0.0142449831024171,0.016098638996481895
22,18.08.2017,6,2017,True,0.01327985374376,0.016091659665107727
22,21.08.2017,6,2017,True,0.01222346270031,0.014054994098842144
22,22.08.2017,6,2017,True,0.0122472493981616,0.015070544555783272
22,23.08.2017,6,2017,True,0.0140322835411022,0.015015157870948315
22,24.08.2017,6,2017,True,0.0140189526141669,0.015122834593057632
22,25.08.2017,6,2017,True,0.0143486290754639,0.015015157870948315
22,28.08.2017,6,2017,True,0.0142810514644201,0.014125838875770569
22,29.08.2017,6,2017,True,0.0142798930041604,0.015889842063188553
22,30.08.2017,6,2017,True,0.0145419889943834,0.015889842063188553
22,31.08.2017,6,2017,True,0.0134792840125605,0.01580679789185524
22,01.09.2017,6,2017,True,0.013525116563016,0.014829203486442566
22,05.09.2017,6,2017,True,0.013600982869995,0.01500412356108427
22,06.09.2017,6,2017,True,0.0145049711286143,0.016109777614474297
22,07.09.2017,6,2017,True,0.0144819250233679,0.01749972440302372
22,08.09.2017,6,2017,True,0.014393860551934,0.01696942187845707
22,11.09.2017,6,2017,True,0.0144097940573561,0.016792261973023415
22,12.09.2017,6,2017,True,0.014687105243278,0.014421526342630386
22,13.09.2017,6,2017,True,0.014685055813809,0.014507035724818707
22,14.09.2017,6,2017,True,0.0148083730314203,0.013569420203566551
22,15.09.2017,6,2017,True,0.014808262763867,0.013066912069916725
22,18.09.2017,6,2017,True,0.0147873326833718,0.013445200398564339
22,19.09.2017,6,2017,True,0.0151908833073519,0.012807333841919899
22,20.09.2017,6,2017,True,0.0146951090031645,0.011632940731942654
22,21.09.2017,6,2017,True,0.0147836509690831,0.012811725959181786
22,22.09.2017,6,2017,True,0.0151032096785036,0.012019862420856953
22,25.09.2017,6,2017,True,0.0127780679442151,0.01225832849740982
22,26.09.2017,6,2017,True,0.0129825437583332,0.013218848966062069
22,27.09.2017,6,2017,True,0.0133484501051211,0.013002405874431133
22,28.09.2017,6,2017,True,0.013188271223479,0.013111727312207222
22,29.09.2017,6,2017,True,0.0132306992145532,0.0115648889914155
22,02.10.2017,6,2017,True,0.0117293530426329,0.01168878749012947
22,03.10.2017,6,2017,True,0.012096281779741,0.01547364704310894
22,04.10.2017,6,2017,True,0.0127033340052343,0.01394831296056509
22,05.10.2017,6,2017,True,0.0138180836696093,0.01394831296056509
22,06.10.2017,6,2017,True,0.0125582010865635,0.014836756512522697
22,09.10.2017,6,2017,True,0.0126998978225828,0.015295851975679398
22,10.10.2017,6,2017,True,0.0125536420551921,0.01566341705620289
22,11.10.2017,6,2017,True,0.0128093116082779,0.012608791701495647
22,12.10.2017,6,2017,True,0.0124645737642857,0.012600854970514774
22,13.10.2017,6,2017,True,0.0129374584776164,0.012602647766470909
22,16.10.2017,6,2017,True,0.0129711630817494,0.01233130693435669
22,17.10.2017,6,2017,True,0.0131910723569915,0.013470248319208622
22,18.10.2017,6,2017,True,0.0138147702836939,0.012923767790198326
22,19.10.2017,6,2017,True,0.0133809316766573,0.013657190836966038
22,20.10.2017,6,2017,True,0.0133367761913851,0.013653215952217579
22,23.10.2017,6,2017,True,0.0132433668732876,0.012804638594388962
22,24.10.2017,6,2017,True,0.0130010011165931,0.011272336356341839
22,25.10.2017,6,2017,True,0.0130273858394958,0.011585680767893791
22,26.10.2017,6,2017,True,0.0129004729388089,0.011523963883519173
22,27.10.2017,6,2017,True,0.0125988781198617,0.011389598250389099
22,30.10.2017,6,2017,True,0.0125922737937016,0.012584212236106396
22,31.10.2017,6,2017,True,0.012542530181131,0.012241991236805916
22,01.11.2017,6,2017,True,0.0131133268671333,0.012241991236805916
22,02.11.2017,6,2017,True,0.0128901579914679,0.012241991236805916
22,03.11.2017,6,2017,True,0.013238829633116,0.012494692578911781
22,06.11.2017,6,2017,True,0.0112960049821316,0.012582692317664623
22,07.11.2017,6,2017,True,0.011972851518972,0.013876720331609249
22,08.11.2017,6,2017,True,0.0127076713112066,0.01365598849952221
22,09.11.2017,6,2017,True,0.0134523623891552,0.01365598849952221
22,10.11.2017,6,2017,True,0.0137221335556335,0.013799234293401241
22,13.11.2017,6,2017,True,0.0140178677997726,0.015158405527472496
22,14.11.2017,6,2017,True,0.0136043723559789,0.01603556051850319
22,15.11.2017,6,2017,True,0.0135387459705786,0.01604500226676464
22,16.11.2017,6,2017,True,0.0134105365354326,0.014671899378299713
22,17.11.2017,6,2017,True,0.012849778292929,0.012836056761443615
22,20.11.2017,6,2017,True,0.0127019814431522,0.014258231967687607
22,21.11.2017,6,2017,True,0.0126988785775964,0.013549042865633965
22,22.11.2017,6,2017,True,0.0136176366302032,0.011627387255430222
22,24.11.2017,6,2017,True,0.0137545931400918,0.012522081844508648
22,27.11.2017,6,2017,True,0.0137552678581542,0.012370215728878975
22,28.11.2017,6,2017,True,0.0137254784444326,0.013701174408197403
22,29.11.2017,6,2017,True,0.0135585209808501,0.013552838936448097
22,30.11.2017,6,2017,True,0.0139766466407702,0.013608383946120739
22,01.12.2017,6,2017,True,0.0139450012981638,0.012113314121961594
22,04.12.2017,6,2017,True,0.01343043632082,0.01207432709634304
22,05.12.2017,6,2017,True,0.0134165967209594,0.010842526331543922
22,06.12.2017,6,2017,True,0.0118498271542356,0.009483893401920795
22,07.12.2017,6,2017,True,0.0116135684456913,0.011220993474125862
22,08.12.2017,6,2017,True,0.0111903640503504,0.010776570066809654
22,11.12.2017,6,2017,True,0.0106601142337251,0.010255098342895508
22,12.12.2017,6,2017,True,0.009681939220148,0.012070944532752037
22,13.12.2017,6,2017,True,0.0087829964387317,0.013534569181501865
22,14.12.2017,6,2017,True,0.0086237217445595,0.013534569181501865
22,15.12.2017,6,2017,True,0.0090835790444314,0.01342965941876173
22,18.12.2017,6,2017,True,0.009095311186515,0.013725423254072666
22,19.12.2017,6,2017,True,0.0093103782156504,0.010013225488364697
22,20.12.2017,6,2017,True,0.0091977294828641,0.009865681640803814
22,21.12.2017,6,2017,True,0.0092686901129771,0.009878861717879772
22,22.12.2017,6,2017,True,0.009273199640706,0.009690451435744762
22,26.12.2017,6,2017,True,0.0085494020155456,0.009868322871625423
22,27.12.2017,6,2017,True,0.00842877592542,0.012841833755373955
22,28.12.2017,6,2017,True,0.0084144035469009,0.012976200319826603
22,29.12.2017,6,2017,True,0.0083853434901944,0.012976200319826603
66,03.01.2017,6,2017,True,0.0144545478082383,0.02408844232559204
66,04.01.2017,6,2017,True,0.0143816151139491,0.019429029896855354
66,05.01.2017,6,2017,True,0.014360917664402,0.019429029896855354
66,06.01.2017,6,2017,True,0.0143741783638172,0.019179517403244972
66,09.01.2017,6,2017,True,0.0135568221128489,0.018588364124298096
66,10.01.2017,6,2017,True,0.0132739696997448,0.0185659471899271
66,11.01.2017,6,2017,True,0.0129015704499715,0.018378116190433502
66,12.01.2017,6,2017,True,0.0134877873780326,0.01834961771965027
66,13.01.2017,6,2017,True,0.0134407005246176,0.018207887187600136
66,17.01.2017,6,2017,True,0.0136404580152174,0.018071681261062622
66,18.01.2017,6,2017,True,0.0132285250856099,0.01700359582901001
66,19.01.2017,6,2017,True,0.0132748422689815,0.01678297482430935
66,20.01.2017,6,2017,True,0.0129179149588763,0.016813455149531364
66,23.01.2017,6,2017,True,0.0129336753478191,0.016501950100064278
66,24.01.2017,6,2017,True,0.0129462108884435,0.016869597136974335
66,25.01.2017,6,2017,True,0.0129338173081367,0.016742676496505737
66,26.01.2017,6,2017,True,0.0128665955612979,0.01660750061273575
66,27.01.2017,6,2017,True,0.0128273950425471,0.016742676496505737
66,30.01.2017,6,2017,True,0.0140797074653057,0.01648057997226715
66,31.01.2017,6,2017,True,0.0141728740208892,0.017992954701185226
66,01.02.2017,6,2017,True,0.0141968256577653,0.01865627057850361
66,02.02.2017,6,2017,True,0.014077751051308,0.018257036805152893
66,03.02.2017,6,2017,True,0.014610661416301,0.01765642687678337
66,06.02.2017,6,2017,True,0.0145275153198159,0.0157220009714365
66,07.02.2017,6,2017,True,0.0144695737177799,0.016945423558354378
66,08.02.2017,6,2017,True,0.0146812426464209,0.01727641560137272
66,09.02.2017,6,2017,True,0.0146288738919355,0.017442766577005386
66,10.02.2017,6,2017,True,0.0144881653337493,0.01509302482008934
66,13.02.2017,6,2017,True,0.0143257643972561,0.014713674783706665
66,14.02.2017,6,2017,True,0.014541348439367,0.015282482840120792
66,15.02.2017,6,2017,True,0.014550965617574,0.015444786287844181
66,16.02.2017,6,2017,True,0.014566906612912,0.014897819608449936
66,17.02.2017,6,2017,True,0.014565959805931,0.014897819608449936
66,21.02.2017,6,2017,True,0.015536354401376,0.014231901615858078
66,22.02.2017,6,2017,True,0.0155534142976012,0.014775236137211323
66,23.02.2017,6,2017,True,0.0154626708787183,0.015250546857714653
66,24.02.2017,6,2017,True,0.0158217710552001,0.014326421543955803
66,27.02.2017,6,2017,True,0.0158235890729463,0.01503733266144991
66,28.02.2017,6,2017,True,0.0158311171817839,0.015031094662845135
66,01.03.2017,6,2017,True,0.0158601739562465,0.014737230725586414
66,02.03.2017,6,2017,True,0.0159346607287408,0.014522206969559193
66,03.03.2017,6,2017,True,0.0165652056784239,0.014958873391151428
66,06.03.2017,6,2017,True,0.0165581725127948,0.014645226299762726
66,07.03.2017,6,2017,True,0.0165904150544185,0.014735064469277859
66,08.03.2017,6,2017,True,0.0154137775664177,0.01385345496237278
66,09.03.2017,6,2017,True,0.0153330505547726,0.01727030612528324
66,10.03.2017,6,2017,True,0.015823376292249,0.017002392560243607
66,13.03.2017,6,2017,True,0.0158229795295618,0.016921352595090866
66,14.03.2017,6,2017,True,0.0158543522297613,0.02006513997912407
66,15.03.2017,6,2017,True,0.0157201402725235,0.019778216257691383
66,16.03.2017,6,2017,True,0.0158694964483004,0.019852157682180405
66,17.03.2017,6,2017,True,0.0161538522954195,0.01763242296874523
66,20.03.2017,6,2017,True,0.0162109648380878,0.017736392095685005
66,21.03.2017,6,2017,True,0.0161910348973023,0.01636229082942009
66,22.03.2017,6,2017,True,0.0162106385533372,0.018707185983657837
66,23.03.2017,6,2017,True,0.0163828101761354,0.01863676682114601
66,24.03.2017,6,2017,True,0.0164747422108718,0.018490836024284363
66,27.03.2017,6,2017,True,0.0164800597319818,0.01859096996486187
66,28.03.2017,6,2017,True,0.0164702873092039,0.017274344339966774
66,29.03.2017,6,2017,True,0.0168796549125901,0.01700642704963684
66,30.03.2017,6,2017,True,0.0174545982065818,0.014885569922626019
66,31.03.2017,6,2017,True,0.0174835097186549,0.014730632305145264
66,03.04.2017,6,2017,True,0.0177993377393088,0.015210536308586597
66,04.04.2017,6,2017,True,0.0176099473426248,0.015880882740020752
66,05.04.2017,6,2017,True,0.0177032319272958,0.015554703772068024
66,06.04.2017,6,2017,True,0.0176623783919338,0.01504810992628336
66,07.04.2017,6,2017,True,0.0177456469710431,0.014043247327208519
66,10.04.2017,6,2017,True,0.0177071190754099,0.012982717715203762
66,11.04.2017,6,2017,True,0.0177153304663209,0.012530296109616756
66,12.04.2017,6,2017,True,0.0177572017528449,0.0134825324639678
66,13.04.2017,6,2017,True,0.0179163004416814,0.013029667548835278
66,17.04.2017,6,2017,True,0.0179075530910348,0.012635488994419575
66,18.04.2017,6,2017,True,0.0181262912173083,0.011951679363846779
66,19.04.2017,6,2017,True,0.017679391099092,0.012353039346635342
66,20.04.2017,6,2017,True,0.0181576105899456,0.016670646145939827
66,21.04.2017,6,2017,True,0.0181088834077821,0.01519535481929779
66,24.04.2017,6,2017,True,0.0181344502764942,0.01690198853611946
66,25.04.2017,6,2017,True,0.0182605847167706,0.020131880417466164
66,26.04.2017,6,2017,True,0.0182497234127796,0.019895484670996666
66,27.04.2017,6,2017,True,0.0182252065741357,0.01915997453033924
66,28.04.2017,6,2017,True,0.018225440455189,0.01939637027680874
66,01.05.2017,6,2017,True,0.018237802428793,0.017441727221012115
66,02.05.2017,6,2017,True,0.0180720592018376,0.01647568680346012
66,03.05.2017,6,2017,True,0.0180576674976592,0.01669727824628353
66,04.05.2017,6,2017,True,0.0169980323171779,0.01669727824628353
66,05.05.2017,6,2017,True,0.0169549517529417,0.01714242808520794
66,08.05.2017,6,2017,True,0.0170667800175643,0.017063936218619347
66,09.05.2017,6,2017,True,0.016990460082127,0.018427228555083275
66,10.05.2017,6,2017,True,0.016931122732087,0.018490729853510857
66,11.05.2017,6,2017,True,0.0168787035579773,0.018155938014388084
66,12.05.2017,6,2017,True,0.016927023020536,0.01826643757522106
66,15.05.2017,6,2017,True,0.0168628133999032,0.01826643757522106
66,16.05.2017,6,2017,True,0.0173342641365966,0.0171930193901062
66,17.05.2017,6,2017,True,0.0174672920277113,0.017272770404815674
66,18.05.2017,6,2017,True,0.017459826082801,0.017102109268307686
66,19.05.2017,6,2017,True,0.0173477114402137,0.016930922865867615
66,22.05.2017,6,2017,True,0.0173773889525062,0.01687794364988804
66,23.05.2017,6,2017,True,0.0173885636097034,0.017556287348270416
66,24.05.2017,6,2017,True,0.0174239402596308,0.0175859984010458
66,25.05.2017,6,2017,True,0.0164125758829062,0.017482345923781395
66,26.05.2017,6,2017,True,0.0165554239312888,0.021078182384371758
66,30.05.2017,6,2017,True,0.0169410085697803,0.021272076293826103
66,31.05.2017,6,2017,True,0.0165190108902206,0.02413725107908249
66,01.06.2017,6,2017,True,0.0166917762799813,0.024309495463967323
66,02.06.2017,6,2017,True,0.0167499163491126,0.024530116468667984
66,05.06.2017,6,2017,True,0.0167015027444266,0.019521184265613556
66,06.06.2017,6,2017,True,0.0167327418361946,0.019451456144452095
66,07.06.2017,6,2017,True,0.0158447421343167,0.01939687877893448
66,08.06.2017,6,2017,True,0.0158456817333304,0.023751476779580116
66,09.06.2017,6,2017,True,0.015936478653605,0.020023511722683907
66,12.06.2017,6,2017,True,0.0159421462387736,0.01964639127254486
66,13.06.2017,6,2017,True,0.0159199453296873,0.019731009379029274
66,14.06.2017,6,2017,True,0.0152099932032584,0.01935388520359993
66,15.06.2017,6,2017,True,0.0152387538630102,0.02204890549182892
66,16.06.2017,6,2017,True,0.0153788520233782,0.01992463320493698
66,19.06.2017,6,2017,True,0.0153009620320705,0.018351657316088676
66,20.06.2017,6,2017,True,0.0150628899572931,0.018615204840898514
66,21.06.2017,6,2017,True,0.015175935686794,0.018790775910019875
66,22.06.2017,6,2017,True,0.0152617209114135,0.018949585035443306
66,23.06.2017,6,2017,True,0.0153418299974063,0.01961103267967701
66,26.06.2017,6,2017,True,0.015410183092323,0.018541263416409492
66,27.06.2017,6,2017,True,0.0153063133058348,0.01686873845756054
66,28.06.2017,6,2017,True,0.0156306153652945,0.01686873845756054
66,29.06.2017,6,2017,True,0.0156414295031857,0.016680583357810974
66,30.06.2017,6,2017,True,0.0156270022297226,0.016680583357810974
66,03.07.2017,6,2017,True,0.0152365206250185,0.01475776731967926
66,05.07.2017,6,2017,True,0.0147406313887608,0.0174226313829422
66,06.07.2017,6,2017,True,0.0147308329776421,0.020904527977108955
66,07.07.2017,6,2017,True,0.01426026303117,0.017000345513224602
66,10.07.2017,6,2017,True,0.0142644797685435,0.019598672166466713
66,11.07.2017,6,2017,True,0.0143217652531557,0.01946629025042057
66,12.07.2017,6,2017,True,0.0144183927667337,0.01978684961795807
66,13.07.2017,6,2017,True,0.0143880369391776,0.019707098603248596
66,14.07.2017,6,2017,True,0.0143596812275742,0.016947675496339798
66,17.07.2017,6,2017,True,0.0142747184192155,0.016759520396590233
66,18.07.2017,6,2017,True,0.014439202345626,0.01683775521814823
66,19.07.2017,6,2017,True,0.0143410886094302,0.016710834577679634
66,20.07.2017,6,2017,True,0.0143258055912973,0.016710834577679634
66,21.07.2017,6,2017,True,0.0140034467485291,0.016474438831210136
66,24.07.2017,6,2017,True,0.0139659972467632,0.016791559755802155
66,25.07.2017,6,2017,True,0.0135515866855499,0.01487838476896286
66,26.07.2017,6,2017,True,0.0136146580249997,0.015379761345684528
66,27.07.2017,6,2017,True,0.0135963511810612,0.015489253215491772
66,28.07.2017,6,2017,True,0.0134405654714363,0.015725648030638695
66,31.07.2017,6,2017,True,0.0134481152681795,0.016005229204893112
66,01.08.2017,6,2017,True,0.0135437756261661,0.020370669662952423
66,02.08.2017,6,2017,True,0.0137671163912977,0.017750024795532227
66,03.08.2017,6,2017,True,0.014276155681814,0.01803978532552719
66,04.08.2017,6,2017,True,0.0143431862742034,0.01786571368575096
66,07.08.2017,6,2017,True,0.014354892665103,0.015133444219827652
66,08.08.2017,6,2017,True,0.0143336607921616,0.01524980366230011
66,09.08.2017,6,2017,True,0.0143489836732744,0.01627710461616516
66,10.08.2017,6,2017,True,0.0142102806010023,0.016199950128793716
66,11.08.2017,6,2017,True,0.0143837888403604,0.01627710461616516
66,14.08.2017,6,2017,True,0.0139490664877872,0.014717609621584415
66,15.08.2017,6,2017,True,0.0140168888715929,0.019392916932702065
66,16.08.2017,6,2017,True,0.014109431819497,0.019415047019720078
66,17.08.2017,6,2017,True,0.0141013420341758,0.018765833228826523
66,18.08.2017,6,2017,True,0.0136133766947842,0.019415047019720078
66,21.08.2017,6,2017,True,0.0133546206149091,0.01711641065776348
66,22.08.2017,6,2017,True,0.0133707420466262,0.01654854044318199
66,23.08.2017,6,2017,True,0.0133153970745819,0.016774775460362434
66,24.08.2017,6,2017,True,0.013240842843687,0.016689008101820946
66,25.08.2017,6,2017,True,0.0132986909897504,0.016774775460362434
66,28.08.2017,6,2017,True,0.0132126864107509,0.017955513671040535
66,29.08.2017,6,2017,True,0.0132229888199055,0.016640421003103256
66,30.08.2017,6,2017,True,0.0130748291711107,0.016640421003103256
66,31.08.2017,6,2017,True,0.0126624783150046,0.01706046611070633
66,01.09.2017,6,2017,True,0.0131556531442491,0.016426431015133858
66,05.09.2017,6,2017,True,0.0130791391008306,0.01618168130517006
66,06.09.2017,6,2017,True,0.0131463749821133,0.01856849156320095
66,07.09.2017,6,2017,True,0.0133228286742883,0.018803080543875694
66,08.09.2017,6,2017,True,0.0135024823166276,0.017832981422543526
66,11.09.2017,6,2017,True,0.0136590599928867,0.017832981422543526
66,12.09.2017,6,2017,True,0.013715961561881,0.014647228643298149
66,13.09.2017,6,2017,True,0.0136113571699787,0.01501738466322422
66,14.09.2017,6,2017,True,0.0136045645312305,0.014106531627476215
66,15.09.2017,6,2017,True,0.0136137303772757,0.014202171005308628
66,18.09.2017,6,2017,True,0.013653809417455,0.014276125468313694
66,19.09.2017,6,2017,True,0.0136174074017237,0.015029793605208397
66,20.09.2017,6,2017,True,0.0134323941155245,0.014763209968805313
66,21.09.2017,6,2017,True,0.013767563684267,0.014927655458450317
66,22.09.2017,6,2017,True,0.0138226368498315,0.01438834983855486
66,25.09.2017,6,2017,True,0.0131185797427891,0.014837164431810379
66,26.09.2017,6,2017,True,0.0130449080732506,0.013991912826895714
66,27.09.2017,6,2017,True,0.0129726850034181,0.01417797151952982
66,28.09.2017,6,2017,True,0.0130658504823238,0.01417797151952982
66,29.09.2017,6,2017,True,0.013066227861425,0.013631009496748447
66,02.10.2017,6,2017,True,0.0126601827082175,0.013617306016385555
66,03.10.2017,6,2017,True,0.0126451383880312,0.016073493286967278
66,04.10.2017,6,2017,True,0.0127088012361168,0.015531673096120358
66,05.10.2017,6,2017,True,0.0125099572883106,0.015429525636136532
66,06.10.2017,6,2017,True,0.0120343304586047,0.016112536191940308
66,09.10.2017,6,2017,True,0.0120529086189408,0.016869166865944862
66,10.10.2017,6,2017,True,0.01208802741393,0.01681414246559143
66,11.10.2017,6,2017,True,0.0120830991345176,0.015025584027171135
66,12.10.2017,6,2017,True,0.0119444885388521,0.015025584027171135
66,13.10.2017,6,2017,True,0.0119420220086421,0.014951629564166069
66,16.10.2017,6,2017,True,0.0119018754594957,0.014438498765230179
66,17.10.2017,6,2017,True,0.0119723811198238,0.014297637157142162
66,18.10.2017,6,2017,True,0.0119878727309937,0.014401601627469063
66,19.10.2017,6,2017,True,0.0117682207659837,0.014622603543102741
66,20.10.2017,6,2017,True,0.0117467921616401,0.01434326171875
66,23.10.2017,6,2017,True,0.0119005958551307,0.01205059140920639
66,24.10.2017,6,2017,True,0.0118292783500682,0.013694092631340027
66,25.10.2017,6,2017,True,0.0118318781307267,0.013694092631340027
66,26.10.2017,6,2017,True,0.0117374841429223,0.013694092631340027
66,27.10.2017,6,2017,True,0.011606589236423,0.013694092631340027
66,30.10.2017,6,2017,True,0.0117496085834754,0.014095129445195198
66,31.10.2017,6,2017,True,0.0118301368142651,0.015072615817189217
66,01.11.2017,6,2017,True,0.01212455762667,0.015072615817189217
66,02.11.2017,6,2017,True,0.0121208056613046,0.015072615817189217
66,03.11.2017,6,2017,True,0.0124399669211997,0.015072615817189217
66,06.11.2017,6,2017,True,0.0116667547773061,0.01440413948148489
66,07.11.2017,6,2017,True,0.0116199704969561,0.015853652730584145
66,08.11.2017,6,2017,True,0.0120471305313912,0.016094274818897247
66,09.11.2017,6,2017,True,0.0120181948138859,0.01590076833963394
66,10.11.2017,6,2017,True,0.0120278811590036,0.015973005443811417
66,13.11.2017,6,2017,True,0.0120264619072392,0.01792241632938385
66,14.11.2017,6,2017,True,0.011868583776432,0.01700853556394577
66,15.11.2017,6,2017,True,0.0119651638101566,0.01700853556394577
66,16.11.2017,6,2017,True,0.0120078003107523,0.016881614923477173
66,17.11.2017,6,2017,True,0.0117326509679151,0.015127268619835377
66,20.11.2017,6,2017,True,0.0118077519701564,0.015014895237982273
66,21.11.2017,6,2017,True,0.0119157279122767,0.014905804768204689
66,22.11.2017,6,2017,True,0.0118355929938987,0.013902425765991211
66,24.11.2017,6,2017,True,0.0120750903005001,0.01448996365070343
66,27.11.2017,6,2017,True,0.0122740306066952,0.01448996365070343
66,28.11.2017,6,2017,True,0.0122707263482436,0.0153418630361557
66,29.11.2017,6,2017,True,0.0125471818124613,0.015255375765264034
66,30.11.2017,6,2017,True,0.0125980262013768,0.01515172515064478
66,01.12.2017,6,2017,True,0.013096317179605,0.014436325989663601
66,04.12.2017,6,2017,True,0.0129706055409009,0.012611365877091885
66,05.12.2017,6,2017,True,0.012965621690308,0.010672558099031448
66,06.12.2017,6,2017,True,0.0125290239991496,0.009001817554235458
66,07.12.2017,6,2017,True,0.0123930794606099,0.0106560830026865
66,08.12.2017,6,2017,True,0.0123394564551951,0.011411919258534908
66,11.12.2017,6,2017,True,0.0121015584588056,0.010934673249721527
66,12.12.2017,6,2017,True,0.0120532853234331,0.014613980427384377
66,13.12.2017,6,2017,True,0.0124172886412222,0.015100780874490738
66,14.12.2017,6,2017,True,0.0123786056573757,0.015015015378594398
66,15.12.2017,6,2017,True,0.012636057908302,0.015160944312810898
66,18.12.2017,6,2017,True,0.0126590478336537,0.015100780874490738
66,19.12.2017,6,2017,True,0.0126474678106849,0.010551338084042072
66,20.12.2017,6,2017,True,0.012635427905823,0.010217028670012951
66,21.12.2017,6,2017,True,0.0126792259601712,0.010217028670012951
66,22.12.2017,6,2017,True,0.0135600499310041,0.010438675992190838
66,26.12.2017,6,2017,True,0.0131857170615426,0.010438675992190838
66,27.12.2017,6,2017,True,0.0131402861913005,0.013064230792224407
66,28.12.2017,6,2017,True,0.0131418936353873,0.01300920732319355
66,29.12.2017,6,2017,True,0.0133331120542675,0.01294904388487339
126,03.01.2017,6,2017,True,0.0161991940046424,0.02152925543487072
126,04.01.2017,6,2017,True,0.0161260814648273,0.020130164921283722
126,05.01.2017,6,2017,True,0.0163010786126295,0.020130164921283722
126,06.01.2017,6,2017,True,0.0163009463075051,0.020130164921283722
126,09.01.2017,6,2017,True,0.016013370674951,0.019769001752138138
126,10.01.2017,6,2017,True,0.0158897982800888,0.019777240231633186
126,11.01.2017,6,2017,True,0.0157517688334053,0.019777240231633186
126,12.01.2017,6,2017,True,0.0157059418875373,0.019777240231633186
126,13.01.2017,6,2017,True,0.0157060355438066,0.019777240231633186
126,17.01.2017,6,2017,True,0.0157293796207617,0.019777240231633186
126,18.01.2017,6,2017,True,0.0156215336700907,0.01826583221554756
126,19.01.2017,6,2017,True,0.0156287357874299,0.01826583221554756
126,20.01.2017,6,2017,True,0.0156201606076572,0.0181408803910017
126,23.01.2017,6,2017,True,0.01565520318902,0.01789276860654354
126,24.01.2017,6,2017,True,0.0159303585346849,0.017895055934786797
126,25.01.2017,6,2017,True,0.0159854489756784,0.017646944150328636
126,26.01.2017,6,2017,True,0.0158987834810405,0.017895055934786797
126,27.01.2017,6,2017,True,0.0159649600047278,0.017646944150328636
126,30.01.2017,6,2017,True,0.0159612040807409,0.017646944150328636
126,31.01.2017,6,2017,True,0.0159413918233877,0.019930098205804825
126,01.02.2017,6,2017,True,0.0159468610937605,0.019930098205804825
126,02.02.2017,6,2017,True,0.0158869292740427,0.019930098205804825
126,03.02.2017,6,2017,True,0.0158986813828355,0.019681986421346664
126,06.02.2017,6,2017,True,0.015809470161925,0.01848309114575386
126,07.02.2017,6,2017,True,0.0157791129180066,0.01800907775759697
126,08.02.2017,6,2017,True,0.0158094843965158,0.017802266404032707
126,09.02.2017,6,2017,True,0.0158415671221456,0.017802266404032707
126,10.02.2017,6,2017,True,0.0157486887833009,0.015989772975444794
126,13.02.2017,6,2017,True,0.0158271258420905,0.015593274496495724
126,14.02.2017,6,2017,True,0.015813818044315,0.017159122973680496
126,15.02.2017,6,2017,True,0.0158350681151763,0.017338426783680916
126,16.02.2017,6,2017,True,0.0158974105059599,0.01697726361453533
126,17.02.2017,6,2017,True,0.0161686409888709,0.01697726361453533
126,21.02.2017,6,2017,True,0.0162037516158127,0.016513314098119736
126,22.02.2017,6,2017,True,0.01616136252979,0.015743255615234375
126,23.02.2017,6,2017,True,0.016163009505164,0.0159604512155056
126,24.02.2017,6,2017,True,0.0161613268659172,0.015743255615234375
126,27.02.2017,6,2017,True,0.0161756728582897,0.015743255615234375
126,28.02.2017,6,2017,True,0.0161900413575835,0.014923330396413803
126,01.03.2017,6,2017,True,0.0161916572857308,0.015385445207357407
126,02.03.2017,6,2017,True,0.0162872802600928,0.014923330396413803
126,03.03.2017,6,2017,True,0.0164499483603814,0.015385445207357407
126,06.03.2017,6,2017,True,0.0164485281612154,0.015385445207357407
126,07.03.2017,6,2017,True,0.0165502114349988,0.015655146911740303
126,08.03.2017,6,2017,True,0.0159566560581563,0.014658988453447819
126,09.03.2017,6,2017,True,0.0158842050838902,0.018020007759332657
126,10.03.2017,6,2017,True,0.0158638702767263,0.018020007759332657
126,13.03.2017,6,2017,True,0.0158638649536232,0.018020007759332657
126,14.03.2017,6,2017,True,0.0158583525236221,0.0184260755777359
126,15.03.2017,6,2017,True,0.0158496280194657,0.01830112375319004
126,16.03.2017,6,2017,True,0.0158552493890635,0.01830112375319004
126,17.03.2017,6,2017,True,0.0158563956799618,0.01660168170928955
126,20.03.2017,6,2017,True,0.0158560931635773,0.01660168170928955
126,21.03.2017,6,2017,True,0.0158217843448005,0.018333109095692635
126,22.03.2017,6,2017,True,0.0159092494443135,0.0197801161557436
126,23.03.2017,6,2017,True,0.0159084234026467,0.0197801161557436
126,24.03.2017,6,2017,True,0.0159160042416849,0.01953200437128544
126,27.03.2017,6,2017,True,0.0162416663533556,0.0197801161557436
126,28.03.2017,6,2017,True,0.0162455352750616,0.017895055934786797
126,29.03.2017,6,2017,True,0.0161714358049812,0.017646944150328636
126,30.03.2017,6,2017,True,0.0161699501060156,0.016195613890886307
126,31.03.2017,6,2017,True,0.016168182570549,0.016195613890886307
126,03.04.2017,6,2017,True,0.0163229004648334,0.016195613890886307
126,04.04.2017,6,2017,True,0.0162336144099124,0.01635926403105259
126,05.04.2017,6,2017,True,0.0162345696477483,0.01660168170928955
126,06.04.2017,6,2017,True,0.0163212445419337,0.015461559407413006
126,07.04.2017,6,2017,True,0.0164606341220783,0.015219142660498619
126,10.04.2017,6,2017,True,0.0164198842914472,0.015376833267509937
126,11.04.2017,6,2017,True,0.0164667783462373,0.015725694596767426
126,12.04.2017,6,2017,True,0.0164637779333342,0.015968110412359238
126,13.04.2017,6,2017,True,0.0165004092469134,0.015725694596767426
126,17.04.2017,6,2017,True,0.0165402437586686,0.015571611933410168
126,18.04.2017,6,2017,True,0.0165503662382586,0.01457426231354475
126,19.04.2017,6,2017,True,0.0162176001983793,0.014728344045579433
126,20.04.2017,6,2017,True,0.0162213687506367,0.017285780981183052
126,21.04.2017,6,2017,True,0.0161876720702678,0.015834450721740723
126,24.04.2017,6,2017,True,0.0161893805913828,0.017533892765641212
126,25.04.2017,6,2017,True,0.0161838284782708,0.01941666565835476
126,26.04.2017,6,2017,True,0.0162353778172601,0.01941666565835476
126,27.04.2017,6,2017,True,0.0162184517667504,0.01941666565835476
126,28.04.2017,6,2017,True,0.0162585956303345,0.01941666565835476
126,01.05.2017,6,2017,True,0.016330205154251,0.018217770382761955
126,02.05.2017,6,2017,True,0.016218865562128,0.017531605437397957
126,03.05.2017,6,2017,True,0.0162220986874094,0.017779717221856117
126,04.05.2017,6,2017,True,0.0155879917547742,0.017779717221856117
126,05.05.2017,6,2017,True,0.0155864667804664,0.01826583221554756
126,08.05.2017,6,2017,True,0.0157064718066481,0.01826583221554756
126,09.05.2017,6,2017,True,0.0159260995338104,0.018659189343452454
126,10.05.2017,6,2017,True,0.0157582002396269,0.018659189343452454
126,11.05.2017,6,2017,True,0.0157436310667102,0.018659189343452454
126,12.05.2017,6,2017,True,0.0157502193575305,0.018741048872470856
126,15.05.2017,6,2017,True,0.0156903022263632,0.018741048872470856
126,16.05.2017,6,2017,True,0.0156977467410159,0.01859106682240963
126,17.05.2017,6,2017,True,0.0157463129982326,0.01859106682240963
126,18.05.2017,6,2017,True,0.0157532694530893,0.018384255468845367
126,19.05.2017,6,2017,True,0.0156788352864348,0.018384255468845367
126,22.05.2017,6,2017,True,0.0157851778846064,0.018136143684387207
126,23.05.2017,6,2017,True,0.0158023103350003,0.019925585016608238
126,24.05.2017,6,2017,True,0.0158018875622546,0.019925585016608238
126,25.05.2017,6,2017,True,0.015214890709524,0.019925585016608238
126,26.05.2017,6,2017,True,0.0151913201475658,0.021276285871863365
126,30.05.2017,6,2017,True,0.0151771301980762,0.021611522883176804
126,31.05.2017,6,2017,True,0.0149173994837909,0.021816102787852287
126,01.06.2017,6,2017,True,0.0149421644241587,0.021825868636369705
126,02.06.2017,6,2017,True,0.0149261609111743,0.021825868636369705
126,05.06.2017,6,2017,True,0.0148927993648417,0.020130164921283722
126,06.06.2017,6,2017,True,0.0149497811813485,0.019884340465068817
126,07.06.2017,6,2017,True,0.0144306055856096,0.019884340465068817
126,08.06.2017,6,2017,True,0.0146431472026343,0.021235041320323944
126,09.06.2017,6,2017,True,0.0146912795656568,0.019851626828312874
126,12.06.2017,6,2017,True,0.0147696953299118,0.01984875090420246
126,13.06.2017,6,2017,True,0.0148446315136786,0.019990351051092148
126,14.06.2017,6,2017,True,0.0145958176096481,0.019990351051092148
126,15.06.2017,6,2017,True,0.0146669929434738,0.021379517391324043
126,16.06.2017,6,2017,True,0.0146889973771711,0.02046857587993145
126,19.06.2017,6,2017,True,0.0146526525004083,0.019585663452744484
126,20.06.2017,6,2017,True,0.0145246329932366,0.019851626828312874
126,21.06.2017,6,2017,True,0.0142929555411646,0.019851626828312874
126,22.06.2017,6,2017,True,0.0143054438665991,0.019851626828312874
126,23.06.2017,6,2017,True,0.0143020900172622,0.020326975733041763
126,26.06.2017,6,2017,True,0.0143004330450214,0.019884340465068817
126,27.06.2017,6,2017,True,0.0143981600493227,0.0181408803910017
126,28.06.2017,6,2017,True,0.0143995091272998,0.0181408803910017
126,29.06.2017,6,2017,True,0.0144000964171245,0.0181408803910017
126,30.06.2017,6,2017,True,0.0143886010120954,0.0181408803910017
126,03.07.2017,6,2017,True,0.0140736355897646,0.01644143834710121
126,05.07.2017,6,2017,True,0.0136577636858671,0.01902518793940544
126,06.07.2017,6,2017,True,0.0136534056841569,0.02069433405995369
126,07.07.2017,6,2017,True,0.0133696659582127,0.018472643569111824
126,10.07.2017,6,2017,True,0.0133696150027462,0.020233385264873505
126,11.07.2017,6,2017,True,0.0133810470777991,0.02014288306236267
126,12.07.2017,6,2017,True,0.0133821718112139,0.02014288306236267
126,13.07.2017,6,2017,True,0.013345521637328,0.02001793123781681
126,14.07.2017,6,2017,True,0.0133403900275066,0.01825718954205513
126,17.07.2017,6,2017,True,0.0133426532356316,0.01825718954205513
126,18.07.2017,6,2017,True,0.0133325404591674,0.018347691744565964
126,19.07.2017,6,2017,True,0.0132713509136385,0.018099579960107803
126,20.07.2017,6,2017,True,0.0132860008097283,0.01789276860654354
126,21.07.2017,6,2017,True,0.0130474471403679,0.01789276860654354
126,24.07.2017,6,2017,True,0.0130601676602247,0.018099579960107803
126,25.07.2017,6,2017,True,0.0127979173019443,0.016627522185444832
126,26.07.2017,6,2017,True,0.0127537923629165,0.01735641621053219
126,27.07.2017,6,2017,True,0.0127359583327194,0.01735641621053219
126,28.07.2017,6,2017,True,0.0127365474826215,0.01735641621053219
126,31.07.2017,6,2017,True,0.012759397161585,0.017795559018850327
126,01.08.2017,6,2017,True,0.0127583120182976,0.021136894822120667
126,02.08.2017,6,2017,True,0.0127424524940169,0.020130164921283722
126,03.08.2017,6,2017,True,0.0127456651891952,0.020130164921283722
126,04.08.2017,6,2017,True,0.0128175199546294,0.01988205313682556
126,07.08.2017,6,2017,True,0.0128697855783766,0.018321994692087173
126,08.08.2017,6,2017,True,0.0130109559943117,0.015834450721740723
126,09.08.2017,6,2017,True,0.0130340770272929,0.017285780981183052
126,10.08.2017,6,2017,True,0.0132834125435087,0.017285780981183052
126,11.08.2017,6,2017,True,0.0132883100518147,0.017285780981183052
126,14.08.2017,6,2017,True,0.0130465122400952,0.015834450721740723
126,15.08.2017,6,2017,True,0.0132223355561967,0.01988205313682556
126,16.08.2017,6,2017,True,0.0131774227344863,0.01988205313682556
126,17.08.2017,6,2017,True,0.0131362656992426,0.01988205313682556
126,18.08.2017,6,2017,True,0.0128507746140642,0.01988205313682556
126,21.08.2017,6,2017,True,0.0126981291179042,0.018680281937122345
126,22.08.2017,6,2017,True,0.012748213960772,0.01843445748090744
126,23.08.2017,6,2017,True,0.0127508199326214,0.01843445748090744
126,24.08.2017,6,2017,True,0.0127046610171793,0.018437333405017853
126,25.08.2017,6,2017,True,0.0127667598701595,0.01843445748090744
126,28.08.2017,6,2017,True,0.012790635919766,0.01807617023587227
126,29.08.2017,6,2017,True,0.0127933095172791,0.017533892765641212
126,30.08.2017,6,2017,True,0.012770558202055,0.017533892765641212
126,31.08.2017,6,2017,True,0.0126126574927122,0.017646944150328636
126,01.09.2017,6,2017,True,0.0126111870678085,0.017646944150328636
126,05.09.2017,6,2017,True,0.012685230170075,0.017646944150328636
126,06.09.2017,6,2017,True,0.0126761380616324,0.018644288182258606
126,07.09.2017,6,2017,True,0.0129121659167716,0.018889524042606354
126,08.09.2017,6,2017,True,0.012875632273697,0.018644288182258606
126,11.09.2017,6,2017,True,0.0128877553199647,0.018644288182258606
126,12.09.2017,6,2017,True,0.0128763811623268,0.014987777918577194
126,13.09.2017,6,2017,True,0.0128087135851531,0.014987777918577194
126,14.09.2017,6,2017,True,0.0128754356200906,0.014591282233595848
126,15.09.2017,6,2017,True,0.0128793918673561,0.014591282233595848
126,18.09.2017,6,2017,True,0.0129870262654634,0.014591282233595848
126,19.09.2017,6,2017,True,0.0132121866034794,0.018321994692087173
126,20.09.2017,6,2017,True,0.0131327034192957,0.01792549528181553
126,21.09.2017,6,2017,True,0.0132588879257559,0.018142690882086754
126,22.09.2017,6,2017,True,0.0132608473159328,0.01792549528181553
126,25.09.2017,6,2017,True,0.0128699881007641,0.01792549528181553
126,26.09.2017,6,2017,True,0.0128597804972496,0.014790077693760395
126,27.09.2017,6,2017,True,0.0128498119888629,0.01496938057243824
126,28.09.2017,6,2017,True,0.0132986286086856,0.01496938057243824
126,29.09.2017,6,2017,True,0.0133083061578778,0.01473317015916109
126,02.10.2017,6,2017,True,0.0130993818556309,0.014365802519023418
126,03.10.2017,6,2017,True,0.013097954413495,0.01857893355190754
126,04.10.2017,6,2017,True,0.0132061417233883,0.018217770382761955
126,05.10.2017,6,2017,True,0.013223659039338,0.018038466572761536
126,06.10.2017,6,2017,True,0.0133350311890665,0.018182434141635895
126,09.10.2017,6,2017,True,0.0133797716652039,0.01857893355190754
126,10.10.2017,6,2017,True,0.013333986729537,0.01857893355190754
126,11.10.2017,6,2017,True,0.0133396231669872,0.01514105498790741
126,12.10.2017,6,2017,True,0.0133773258021798,0.01514105498790741
126,13.10.2017,6,2017,True,0.0133153666608608,0.01514105498790741
126,16.10.2017,6,2017,True,0.013465801741681,0.01514105498790741
126,17.10.2017,6,2017,True,0.0134669592316898,0.015799114480614662
126,18.10.2017,6,2017,True,0.0134657768012531,0.015799114480614662
126,19.10.2017,6,2017,True,0.0133830701469842,0.015799114480614662
126,20.10.2017,6,2017,True,0.013422603090221,0.015799114480614662
126,23.10.2017,6,2017,True,0.0134006070050388,0.013889588415622711
126,24.10.2017,6,2017,True,0.0133557905184558,0.015370499342679977
126,25.10.2017,6,2017,True,0.0133590373168516,0.015437950380146503
126,26.10.2017,6,2017,True,0.0133186908381465,0.015437950380146503
126,27.10.2017,6,2017,True,0.0132301621279724,0.015370499342679977
126,30.10.2017,6,2017,True,0.013421995085197,0.01573166437447071
126,31.10.2017,6,2017,True,0.0134117209506907,0.015675803646445274
126,01.11.2017,6,2017,True,0.0134791787648789,0.015675803646445274
126,02.11.2017,6,2017,True,0.0135027779220591,0.015743255615234375
126,03.11.2017,6,2017,True,0.0134679169584769,0.015743255615234375
126,06.11.2017,6,2017,True,0.0133969434846391,0.014502174220979214
126,07.11.2017,6,2017,True,0.0133645720039854,0.016835201531648636
126,08.11.2017,6,2017,True,0.0133690297416507,0.017074743285775185
126,09.11.2017,6,2017,True,0.0134088522536363,0.017074743285775185
126,10.11.2017,6,2017,True,0.0133896530194719,0.017077619209885597
126,13.11.2017,6,2017,True,0.0133976092432581,0.018528949469327927
126,14.11.2017,6,2017,True,0.01331161599077,0.017380625009536743
126,15.11.2017,6,2017,True,0.0133378845098557,0.017380625009536743
126,16.11.2017,6,2017,True,0.013321330498796,0.017132513225078583
126,17.11.2017,6,2017,True,0.0132029287786025,0.015681182965636253
126,20.11.2017,6,2017,True,0.0131732639372481,0.015501880086958408
126,21.11.2017,6,2017,True,0.0132340273812436,0.015427952632308006
126,22.11.2017,6,2017,True,0.0135078011182203,0.014670291915535927
126,24.11.2017,6,2017,True,0.0135615789362048,0.014824372716248035
126,27.11.2017,6,2017,True,0.0137612971329311,0.014824372716248035
126,28.11.2017,6,2017,True,0.0137535803841266,0.018102895468473434
126,29.11.2017,6,2017,True,0.0137280638104922,0.018102895468473434
126,30.11.2017,6,2017,True,0.0140061703608104,0.018102895468473434
126,01.12.2017,6,2017,True,0.0140042291329384,0.01770639605820179
126,04.12.2017,6,2017,True,0.013912789634026,0.015796877443790436
126,05.12.2017,6,2017,True,0.0140718669543016,0.012063697911798954
126,06.12.2017,6,2017,True,0.0138928611043695,0.0112000135704875
126,07.12.2017,6,2017,True,0.0138356857187802,0.011284737847745419
126,08.12.2017,6,2017,True,0.0137704021446198,0.012063697911798954
126,11.12.2017,6,2017,True,0.0136964110107105,0.012188650667667389
126,12.12.2017,6,2017,True,0.0135895091417311,0.015911752358078957
126,13.12.2017,6,2017,True,0.0138715180902314,0.016270039603114128
126,14.12.2017,6,2017,True,0.0139948805659861,0.01627291552722454
126,15.12.2017,6,2017,True,0.0139995579392743,0.01627291552722454
126,18.12.2017,6,2017,True,0.0140087592402666,0.01627291552722454
126,19.12.2017,6,2017,True,0.0141662041983333,0.012582581490278244
126,20.12.2017,6,2017,True,0.014429596135233,0.012582581490278244
126,21.12.2017,6,2017,True,0.0144655240801146,0.012491959147155285
126,22.12.2017,6,2017,True,0.0145680538164756,0.012582581490278244
126,26.12.2017,6,2017,True,0.0144569275258651,0.012582581490278244
126,27.12.2017,6,2017,True,0.0144306123110593,0.013953103683888912
126,28.12.2017,6,2017,True,0.0145269661153699,0.013953103683888912
126,29.12.2017,6,2017,True,0.0147477645267919,0.013953103683888912
5,02.01.2018,7,2018,True,0.0103567633034399,0.006354394368827343
5,03.01.2018,7,2018,True,0.0078171049051645,0.013289213180541992
5,04.01.2018,7,2018,True,0.0079442895181173,0.014285964891314507
5,05.01.2018,7,2018,True,0.0057257001464664,0.014717329293489456
5,08.01.2018,7,2018,True,0.0095791592616795,0.015426233410835266
5,09.01.2018,7,2018,True,0.0072998254759595,0.01162289921194315
5,10.01.2018,7,2018,True,0.0070085511108855,0.012601791881024837
5,11.01.2018,7,2018,True,0.0083888336155907,0.012010064907371998
5,12.01.2018,7,2018,True,0.0075889030155016,0.010560938157141209
5,16.01.2018,7,2018,True,0.0087220439436849,0.009238636121153831
5,17.01.2018,7,2018,True,0.0091130065468865,0.012001989409327507
5,18.01.2018,7,2018,True,0.0091810940067844,0.011233982630074024
5,19.01.2018,7,2018,True,0.0058275601446377,0.011251947842538357
5,22.01.2018,7,2018,True,0.0108518676131495,0.011175100691616535
5,23.01.2018,7,2018,True,0.008710043126821,0.006997778080403805
5,24.01.2018,7,2018,True,0.0067906564137504,0.0071417903527617455
5,25.01.2018,7,2018,True,0.0070415442624073,0.007114894688129425
5,26.01.2018,7,2018,True,0.0064668422421573,0.006994927767664194
5,29.01.2018,7,2018,True,0.0060849326500959,0.007095512934029102
5,30.01.2018,7,2018,True,0.0066604124402399,0.01125988457351923
5,31.01.2018,7,2018,True,0.0077714568910179,0.011436492204666138
5,01.02.2018,7,2018,True,0.0049122781938023,0.011747422628104687
5,02.02.2018,7,2018,True,0.0087258193073388,0.011636114679276943
5,05.02.2018,7,2018,True,0.0109205290391384,0.011736936867237091
5,06.02.2018,7,2018,True,0.0135223910896454,0.012875594198703766
5,07.02.2018,7,2018,True,0.0208328417888116,0.012727313674986362
5,08.02.2018,7,2018,True,0.0204482002463763,0.012408767826855183
5,09.02.2018,7,2018,True,0.0115853947211594,0.015590162016451359
5,12.02.2018,7,2018,True,0.010324884627056,0.015973340719938278
5,13.02.2018,7,2018,True,0.0102475311555842,0.014983679167926311
5,14.02.2018,7,2018,True,0.0057627371342729,0.018311485648155212
5,15.02.2018,7,2018,True,0.0051183209259622,0.010404087603092194
5,16.02.2018,7,2018,True,0.0058565275655605,0.010378687642514706
5,20.02.2018,7,2018,True,0.0111964108717066,0.013576866127550602
5,21.02.2018,7,2018,True,0.0136114830698425,0.011952458880841732
5,22.02.2018,7,2018,True,0.0112961890333619,0.010985423810780048
5,23.02.2018,7,2018,True,0.0095889195613596,0.010590475983917713
5,26.02.2018,7,2018,True,0.0150795482496108,0.009783731773495674
5,27.02.2018,7,2018,True,0.0149770047366125,0.009959914721548557
5,28.02.2018,7,2018,True,0.017053525395244,0.010657747276127338
5,01.03.2018,7,2018,True,0.0171708578336521,0.01028844341635704
5,02.03.2018,7,2018,True,0.0209446017789249,0.00994488038122654
5,05.03.2018,7,2018,True,0.0196338298887995,0.010446665808558464
5,06.03.2018,7,2018,True,0.0193939675459911,0.010663677006959915
5,07.03.2018,7,2018,True,0.0163586719034612,0.010982883162796497
5,08.03.2018,7,2018,True,0.0146385187511849,0.01050284318625927
5,09.03.2018,7,2018,True,0.0096242317329905,0.01139180175960064
5,12.03.2018,7,2018,True,0.0082961363898649,0.010463623329997063
5,13.03.2018,7,2018,True,0.0096910733010739,0.006409825757145882
5,14.03.2018,7,2018,True,0.0130604564215226,0.010626610368490219
5,15.03.2018,7,2018,True,0.0160121477461898,0.010870063677430153
5,16.03.2018,7,2018,True,0.016642868017257,0.011328406631946564
5,19.03.2018,7,2018,True,0.0171726301154259,0.01033379603177309
5,20.03.2018,7,2018,True,0.0170816541159765,0.010550030507147312
5,21.03.2018,7,2018,True,0.0126976624537122,0.01010112650692463
5,22.03.2018,7,2018,True,0.0124021226518374,0.011635675095021725
5,23.03.2018,7,2018,True,0.0182130678332631,0.01004525925964117
5,26.03.2018,7,2018,True,0.0194853113552009,0.010236947797238827
5,27.03.2018,7,2018,True,0.0193980758070303,0.011191506870090961
5,28.03.2018,7,2018,True,0.019870650805551,0.010536941699683666
5,29.03.2018,7,2018,True,0.0189014881461261,0.010577780194580555
5,02.04.2018,7,2018,True,0.0147328211779122,0.010075121186673641
5,03.04.2018,7,2018,True,0.0204997855082855,0.014783844351768494
5,04.04.2018,7,2018,True,0.0198026229599519,0.012566899880766869
5,05.04.2018,7,2018,True,0.0203762065970534,0.012663956731557846
5,06.04.2018,7,2018,True,0.0134302178498239,0.008627140894532204
5,09.04.2018,7,2018,True,0.0185829955724968,0.009594578295946121
5,10.04.2018,7,2018,True,0.0113650223691768,0.0098811574280262
5,11.04.2018,7,2018,True,0.0152892390775228,0.012134446762502193
5,12.04.2018,7,2018,True,0.0150906538692649,0.013581029139459133
5,13.04.2018,7,2018,True,0.0150029505140445,0.015618318691849709
5,16.04.2018,7,2018,True,0.009911862676862,0.011820956133306026
5,17.04.2018,7,2018,True,0.0134899633345894,0.011214405298233032
5,18.04.2018,7,2018,True,0.0076137997462061,0.012509960681200027
5,19.04.2018,7,2018,True,0.008526549219486,0.014146929606795311
5,20.04.2018,7,2018,True,0.0086531322655324,0.01475987583398819
5,23.04.2018,7,2018,True,0.0083343781356547,0.013594896532595158
5,24.04.2018,7,2018,True,0.0048123547595054,0.011189059354364872
5,25.04.2018,7,2018,True,0.0135077380039526,0.011580702848732471
5,26.04.2018,7,2018,True,0.0123778113495141,0.01086218561977148
5,27.04.2018,7,2018,True,0.0153151731289204,0.00997876562178135
5,30.04.2018,7,2018,True,0.0169665164493759,0.010561837814748287
5,01.05.2018,7,2018,True,0.0192895425758504,0.012219435535371304
5,02.05.2018,7,2018,True,0.0182915176583594,0.012947733514010906
5,03.05.2018,7,2018,True,0.0183077886375225,0.010538289323449135
5,04.05.2018,7,2018,True,0.0188551176847415,0.010372614488005638
5,07.05.2018,7,2018,True,0.0184585152856392,0.01148995105177164
5,08.05.2018,7,2018,True,0.0138712435812734,0.011282541789114475
5,09.05.2018,7,2018,True,0.00739502973758,0.009548519738018513
5,10.05.2018,7,2018,True,0.007721418375563,0.010006858967244625
5,11.05.2018,7,2018,True,0.0095317977359252,0.009272593073546886
5,14.05.2018,7,2018,True,0.0082528986441952,0.009303703904151917
5,15.05.2018,7,2018,True,0.0082966242592935,0.010675077326595783
5,16.05.2018,7,2018,True,0.0070811886099257,0.011579728685319424
5,17.05.2018,7,2018,True,0.0095259406586259,0.011871809139847755
5,18.05.2018,7,2018,True,0.0161643270559947,0.00969779770821333
5,21.05.2018,7,2018,True,0.0142044886084027,0.011573663912713528
5,22.05.2018,7,2018,True,0.0218044769449254,0.011442139744758606
5,23.05.2018,7,2018,True,0.0216562001377728,0.012069908902049065
5,24.05.2018,7,2018,True,0.0213562967365563,0.011753487400710583
5,25.05.2018,7,2018,True,0.0212962485281252,0.011641708202660084
5,29.05.2018,7,2018,True,0.0204339876421315,0.011866332031786442
5,30.05.2018,7,2018,True,0.0137068265229948,0.012100565247237682
5,31.05.2018,7,2018,True,0.0197724767420777,0.009525798261165619
5,01.06.2018,7,2018,True,0.0202995684800998,0.008222978562116623
5,04.06.2018,7,2018,True,0.0135858401996257,0.006349481176584959
5,05.06.2018,7,2018,True,0.014436685050309,0.011406437493860722
5,06.06.2018,7,2018,True,0.0150291035934968,0.010844746604561806
5,07.06.2018,7,2018,True,0.0094213951505021,0.011407990008592606
5,08.06.2018,7,2018,True,0.0165119285559523,0.008230531588196754
5,11.06.2018,7,2018,True,0.0224957642985386,0.008110586553812027
5,12.06.2018,7,2018,True,0.0223567086443454,0.009451218880712986
5,13.06.2018,7,2018,True,0.0210705560736236,0.01081989984959364
5,14.06.2018,7,2018,True,0.0225141103550685,0.011491509154438972
5,15.06.2018,7,2018,True,0.0233449368182363,0.010982266627252102
5,18.06.2018,7,2018,True,0.0211771138261607,0.011639502830803394
5,19.06.2018,7,2018,True,0.0233456625141843,0.01221210416406393
5,20.06.2018,7,2018,True,0.0235377096317901,0.013177265413105488
5,21.06.2018,7,2018,True,0.0171585986979754,0.012832789681851864
5,22.06.2018,7,2018,True,0.0137834345952553,0.012161324732005596
5,25.06.2018,7,2018,True,0.0203842305056634,0.012595993466675282
5,26.06.2018,7,2018,True,0.0188236531761752,0.009015717543661594
5,27.06.2018,7,2018,True,0.0174603057919855,0.010154264979064465
5,28.06.2018,7,2018,True,0.0173734719491762,0.010398919694125652
5,29.06.2018,7,2018,True,0.0150779812455918,0.010272243991494179
5,02.07.2018,7,2018,True,0.0078375179861248,0.010261611081659794
5,03.07.2018,7,2018,True,0.0345416448169171,0.012749082408845425
5,05.07.2018,7,2018,True,0.0364603580020695,0.011635885573923588
5,06.07.2018,7,2018,True,0.0375276147834894,0.014175042510032654
5,09.07.2018,7,2018,True,0.0401755504144089,0.01403032522648573
5,10.07.2018,7,2018,True,0.039310559065492,0.01492349524050951
5,11.07.2018,7,2018,True,0.0260029453505923,0.014857892878353596
5,12.07.2018,7,2018,True,0.0245058258134242,0.013553386554121971
5,13.07.2018,7,2018,True,0.0237338639581005,0.013360918499529362
5,16.07.2018,7,2018,True,0.0057397602501491,0.012834160588681698
5,17.07.2018,7,2018,True,0.0057840664521719,0.010750404559075832
5,18.07.2018,7,2018,True,0.0049094383347608,0.014593527652323246
5,19.07.2018,7,2018,True,0.0032380920818476,0.00901629775762558
5,20.07.2018,7,2018,True,0.0048766194492834,0.01105593517422676
5,23.07.2018,7,2018,True,0.0049941342948825,0.009312658570706844
5,24.07.2018,7,2018,True,0.008293328400326,0.014676946215331554
5,25.07.2018,7,2018,True,0.0079250961619225,0.011419624090194702
5,26.07.2018,7,2018,True,0.0080837553303423,0.010873652063310146
5,27.07.2018,7,2018,True,0.0080827400827847,0.011002409271895885
5,30.07.2018,7,2018,True,0.0074390970490876,0.012582501396536827
5,31.07.2018,7,2018,True,0.0089919941497497,0.01378888264298439
5,01.08.2018,7,2018,True,0.0175034749378986,0.015445886179804802
5,02.08.2018,7,2018,True,0.0172428876929766,0.01906837336719036
5,03.08.2018,7,2018,True,0.0183634000283936,0.01549860555678606
5,06.08.2018,7,2018,True,0.017747412231765,0.017033252865076065
5,07.08.2018,7,2018,True,0.0157182184640563,0.014801143668591976
5,08.08.2018,7,2018,True,0.0122264506579395,0.01494254544377327
5,09.08.2018,7,2018,True,0.0137178825313651,0.012338470667600632
5,10.08.2018,7,2018,True,0.0128329433128711,0.010670539923012257
5,13.08.2018,7,2018,True,0.0133194777438723,0.011098193936049938
5,14.08.2018,7,2018,True,0.0136381492184184,0.011410911567509174
5,15.08.2018,7,2018,True,0.0102694182261798,0.012109006755053997
5,16.08.2018,7,2018,True,0.0115778183059935,0.012613789178431034
5,17.08.2018,7,2018,True,0.0115989310748529,0.014012150466442108
5,20.08.2018,7,2018,True,0.011616486968066,0.013368774205446243
5,21.08.2018,7,2018,True,0.0132249374557488,0.009981741197407246
5,22.08.2018,7,2018,True,0.0086131669564767,0.00978005863726139
5,23.08.2018,7,2018,True,0.0077064425349382,0.010405528359115124
5,24.08.2018,7,2018,True,0.0083514526936505,0.0088816462084651
5,27.08.2018,7,2018,True,0.0087158760886763,0.009195922873914242
5,28.08.2018,7,2018,True,0.0111340955530937,0.009875863790512085
5,29.08.2018,7,2018,True,0.0099995933310917,0.009683039970695972
5,30.08.2018,7,2018,True,0.0091739314506205,0.011049946770071983
5,31.08.2018,7,2018,True,0.0099353636337721,0.010485120117664337
5,04.09.2018,7,2018,True,0.0136313186565631,0.010671096853911877
5,05.09.2018,7,2018,True,0.0112928610682005,0.011929482221603394
5,06.09.2018,7,2018,True,0.0150317099539236,0.011973949149250984
5,07.09.2018,7,2018,True,0.0152320797978545,0.013857339508831501
5,10.09.2018,7,2018,True,0.0151400083585927,0.013392474502325058
5,11.09.2018,7,2018,True,0.012459539848257,0.01543746143579483
5,12.09.2018,7,2018,True,0.0118933574414993,0.014302982948720455
5,13.09.2018,7,2018,True,0.0078855714001612,0.015437144786119461
5,14.09.2018,7,2018,True,0.0077688442523647,0.014394902624189854
5,17.09.2018,7,2018,True,0.0145308812851923,0.015358545817434788
5,18.09.2018,7,2018,True,0.0143196702610763,0.012939405627548695
5,19.09.2018,7,2018,True,0.0155990790120936,0.013073972426354885
5,20.09.2018,7,2018,True,0.0136892879533571,0.013340790756046772
5,21.09.2018,7,2018,True,0.0133051135743986,0.01249609887599945
5,24.09.2018,7,2018,True,0.0121639503830595,0.01299652736634016
5,25.09.2018,7,2018,True,0.0131870589281991,0.01326021272689104
5,26.09.2018,7,2018,True,0.0112483113176829,0.013574788346886635
5,27.09.2018,7,2018,True,0.0183462631899235,0.013241218402981758
5,28.09.2018,7,2018,True,0.0187101690197586,0.014258015900850296
5,01.10.2018,7,2018,True,0.0133233166437905,0.01359291560947895
5,02.10.2018,7,2018,True,0.0150260130691336,0.01095830462872982
5,03.10.2018,7,2018,True,0.0144200225798621,0.010935019701719284
5,04.10.2018,7,2018,True,0.0184921550605586,0.011553172953426838
5,05.10.2018,7,2018,True,0.0192758511329682,0.011542268097400665
5,08.10.2018,7,2018,True,0.0201134957520741,0.011070361360907555
5,09.10.2018,7,2018,True,0.0188983189154423,0.01183807011693716
5,10.10.2018,7,2018,True,0.0179615401817022,0.011955139227211475
5,11.10.2018,7,2018,True,0.0103552717606669,0.010843904688954353
5,12.10.2018,7,2018,True,0.010940824260291,0.010783432051539421
5,15.10.2018,7,2018,True,0.0105537176588298,0.009787119925022125
5,16.10.2018,7,2018,True,0.0193812729865765,0.01145139243453741
5,17.10.2018,7,2018,True,0.0195649397378313,0.010747520253062248
5,18.10.2018,7,2018,True,0.0214091879818078,0.012583306059241295
5,19.10.2018,7,2018,True,0.0219261022654579,0.013192323967814445
5,22.10.2018,7,2018,True,0.0217113492287855,0.012060290202498436
5,23.10.2018,7,2018,True,0.0116404653201047,0.012189378961920738
5,24.10.2018,7,2018,True,0.0117888595801983,0.011715375818312168
5,25.10.2018,7,2018,True,0.0102229910597486,0.013222743757069111
5,26.10.2018,7,2018,True,0.0148339234576508,0.011563718318939209
5,29.10.2018,7,2018,True,0.0164763163143062,0.012614413164556026
5,30.10.2018,7,2018,True,0.016086570201347,0.012195690535008907
5,31.10.2018,7,2018,True,0.0165742124033437,0.013225512579083443
5,01.11.2018,7,2018,True,0.0161090547917428,0.012177398428320885
5,02.11.2018,7,2018,True,0.0099135266708248,0.011893210932612419
5,05.11.2018,7,2018,True,0.0084312180211671,0.01646731048822403
5,06.11.2018,7,2018,True,0.0286053800153147,0.016773773357272148
5,07.11.2018,7,2018,True,0.0306680284621504,0.016129741445183754
5,08.11.2018,7,2018,True,0.0324726145052237,0.015924200415611267
5,09.11.2018,7,2018,True,0.0330472054891635,0.01828991062939167
5,12.11.2018,7,2018,True,0.0331423837680336,0.018158871680498123
5,13.11.2018,7,2018,True,0.0319393593918523,0.020983509719371796
5,14.11.2018,7,2018,True,0.0327887044347665,0.03242592141032219
5,15.11.2018,7,2018,True,0.0427858152343519,0.0255899578332901
5,16.11.2018,7,2018,True,0.0481609349774716,0.030476536601781845
5,19.11.2018,7,2018,True,0.047692532028664,0.028423812240362167
5,20.11.2018,7,2018,True,0.0410084972240634,0.023297492414712906
5,21.11.2018,7,2018,True,0.0406188192031494,0.028575504198670387
5,23.11.2018,7,2018,True,0.0209250324625134,0.023148147389292717
5,26.11.2018,7,2018,True,0.0288584197108822,0.040713388472795486
5,27.11.2018,7,2018,True,0.0284706710731875,0.04185616970062256
5,28.11.2018,7,2018,True,0.0309583203387277,0.039968084543943405
5,29.11.2018,7,2018,True,0.0324581978329623,0.033415842801332474
5,30.11.2018,7,2018,True,0.0352717591738449,0.035811349749565125
5,03.12.2018,7,2018,True,0.0250512007280614,0.036093950271606445
5,04.12.2018,7,2018,True,0.0244504082822263,0.026916852220892906
5,06.12.2018,7,2018,True,0.0215000868384004,0.029036695137619972
5,07.12.2018,7,2018,True,0.0194905464570974,0.028200795873999596
5,10.12.2018,7,2018,True,0.0154900514480439,0.02542210929095745
5,11.12.2018,7,2018,True,0.02907504435584,0.023091839626431465
5,12.12.2018,7,2018,True,0.0320293366086722,0.01688310317695141
5,13.12.2018,7,2018,True,0.0308515462861325,0.01709517277777195
5,14.12.2018,7,2018,True,0.0315389703143346,0.012315862812101841
5,17.12.2018,7,2018,True,0.0354018590788141,0.015934117138385773
5,18.12.2018,7,2018,True,0.0566053361673304,0.021993352100253105
5,19.12.2018,7,2018,True,0.056740454787024,0.028847379609942436
5,20.12.2018,7,2018,True,0.0538424430243164,0.02505267783999443
5,21.12.2018,7,2018,True,0.0564298024492554,0.027117135003209114
5,24.12.2018,7,2018,True,0.0435958913478007,0.02470618672668934
5,26.12.2018,7,2018,True,0.0292203026738823,0.03390049934387207
5,27.12.2018,7,2018,True,0.010662485868922,0.033464737236499786
5,28.12.2018,7,2018,True,0.0091010013368134,0.03169165179133415
5,31.12.2018,7,2018,True,0.0074116197833863,0.03626723960042
22,02.01.2018,7,2018,True,0.008590408457095,0.009857144206762314
22,03.01.2018,7,2018,True,0.0082549776573681,0.01464740838855505
22,04.01.2018,7,2018,True,0.0085445496511134,0.012633995153009892
22,05.01.2018,7,2018,True,0.0094471607173841,0.012371906079351902
22,08.01.2018,7,2018,True,0.0096077169285818,0.013088597916066647
22,09.01.2018,7,2018,True,0.0107310480493186,0.011833869852125645
22,10.01.2018,7,2018,True,0.0105157133062292,0.012078012339770794
22,11.01.2018,7,2018,True,0.010548524107635,0.011700301431119442
22,12.01.2018,7,2018,True,0.0120841037521532,0.010038827545940876
22,16.01.2018,7,2018,True,0.0120096826681441,0.010074029676616192
22,17.01.2018,7,2018,True,0.0121681010345927,0.012206214480102062
22,18.01.2018,7,2018,True,0.0123261061602863,0.010700985789299011
22,19.01.2018,7,2018,True,0.0122608752373373,0.010357308201491833
22,22.01.2018,7,2018,True,0.0126683214434018,0.009895523078739643
22,23.01.2018,7,2018,True,0.0126902018335815,0.010603319853544235
22,24.01.2018,7,2018,True,0.0125434510729992,0.01063308585435152
22,25.01.2018,7,2018,True,0.0127587173972345,0.011056974530220032
22,26.01.2018,7,2018,True,0.0129106107495484,0.010225843638181686
22,29.01.2018,7,2018,True,0.0126343638744652,0.00987218040972948
22,30.01.2018,7,2018,True,0.0131930128758862,0.009458810091018677
22,31.01.2018,7,2018,True,0.0139332741075668,0.00941959023475647
22,01.02.2018,7,2018,True,0.0139840799669022,0.01005376037210226
22,02.02.2018,7,2018,True,0.0145955969654398,0.010279149748384953
22,05.02.2018,7,2018,True,0.0145084449416197,0.009702503681182861
22,06.02.2018,7,2018,True,0.0158736021755159,0.011654592119157314
22,07.02.2018,7,2018,True,0.0153684937324743,0.01234299223870039
22,08.02.2018,7,2018,True,0.0152292286051959,0.01241654995828867
22,09.02.2018,7,2018,True,0.013511770699127,0.014031695201992989
22,12.02.2018,7,2018,True,0.0134767647844511,0.016382761299610138
22,13.02.2018,7,2018,True,0.01384165417454,0.01489055622369051
22,14.02.2018,7,2018,True,0.0128466543998478,0.01607920601963997
22,15.02.2018,7,2018,True,0.013482799742021,0.01232278160750866
22,16.02.2018,7,2018,True,0.0146972039279528,0.012573542073369026
22,20.02.2018,7,2018,True,0.0148689344776943,0.013905368745326996
22,21.02.2018,7,2018,True,0.0154464975558796,0.013623244129121304
22,22.02.2018,7,2018,True,0.0153211543776161,0.013991623185575008
22,23.02.2018,7,2018,True,0.0151192405733703,0.010919317603111267
22,26.02.2018,7,2018,True,0.015270699991833,0.011321116238832474
22,27.02.2018,7,2018,True,0.0150430717328737,0.010149630717933178
22,28.02.2018,7,2018,True,0.0170931098328578,0.011584377847611904
22,01.03.2018,7,2018,True,0.0171282283600693,0.013616993092000484
22,02.03.2018,7,2018,True,0.0164161105289427,0.013758925721049309
22,05.03.2018,7,2018,True,0.0160575585621426,0.013185408897697926
22,06.03.2018,7,2018,True,0.0165987432796503,0.013457711786031723
22,07.03.2018,7,2018,True,0.0163747591466025,0.012070868164300919
22,08.03.2018,7,2018,True,0.0173316244901709,0.013421814888715744
22,09.03.2018,7,2018,True,0.0166222026927381,0.011967342346906662
22,12.03.2018,7,2018,True,0.0164232101471232,0.01165537629276514
22,13.03.2018,7,2018,True,0.016295530083978,0.009767211973667145
22,14.03.2018,7,2018,True,0.0169218494914822,0.011317243799567223
22,15.03.2018,7,2018,True,0.0169271212447674,0.01222580298781395
22,16.03.2018,7,2018,True,0.0173769459938153,0.012385610491037369
22,19.03.2018,7,2018,True,0.0173046240341449,0.010906266048550606
22,20.03.2018,7,2018,True,0.0169551774272031,0.01082429476082325
22,21.03.2018,7,2018,True,0.0160013418652628,0.012271499261260033
22,22.03.2018,7,2018,True,0.0161303538044559,0.01342786755412817
22,23.03.2018,7,2018,True,0.015565418445006,0.012950674630701542
22,26.03.2018,7,2018,True,0.0155681119241827,0.013725767843425274
22,27.03.2018,7,2018,True,0.0155813290675928,0.014548919163644314
22,28.03.2018,7,2018,True,0.0154011078659267,0.014254826121032238
22,29.03.2018,7,2018,True,0.0153358722849477,0.01536775566637516
22,02.04.2018,7,2018,True,0.01377530867074,0.013903513550758362
22,03.04.2018,7,2018,True,0.0137545894763593,0.0137169249355793
22,04.04.2018,7,2018,True,0.0139894988723261,0.01302501279860735
22,05.04.2018,7,2018,True,0.0142556538630682,0.012434846721589565
22,06.04.2018,7,2018,True,0.0142150861996396,0.01117457915097475
22,09.04.2018,7,2018,True,0.0148103503530352,0.01307420153170824
22,10.04.2018,7,2018,True,0.013332401058691,0.014342536218464375
22,11.04.2018,7,2018,True,0.0132413627740427,0.014845792204141617
22,12.04.2018,7,2018,True,0.0134240564106155,0.014945508912205696
22,13.04.2018,7,2018,True,0.0133962534232998,0.015492362901568413
22,16.04.2018,7,2018,True,0.0127295987744888,0.01541784405708313
22,17.04.2018,7,2018,True,0.0127552395794094,0.01148870401084423
22,18.04.2018,7,2018,True,0.0121657299580506,0.013494644314050674
22,19.04.2018,7,2018,True,0.0122314667783682,0.014567351900041103
22,20.04.2018,7,2018,True,0.0122335205621583,0.014470631256699562
22,23.04.2018,7,2018,True,0.0121722396246449,0.013901126570999622
22,24.04.2018,7,2018,True,0.0122482761935983,0.014002913609147072
22,25.04.2018,7,2018,True,0.0141516492276115,0.014994471333920956
22,26.04.2018,7,2018,True,0.0143798539395801,0.013373115099966526
22,27.04.2018,7,2018,True,0.0154945087138923,0.013806503266096115
22,30.04.2018,7,2018,True,0.0154482040640395,0.01203086692839861
22,01.05.2018,7,2018,True,0.0154482040640395,0.014016089029610157
22,02.05.2018,7,2018,True,0.0159433368546365,0.014473744668066502
22,03.05.2018,7,2018,True,0.0159346618147229,0.015608157031238079
22,04.05.2018,7,2018,True,0.0155413727552181,0.014942522160708904
22,07.05.2018,7,2018,True,0.0160755224955532,0.014240716584026814
22,08.05.2018,7,2018,True,0.0157902749837493,0.013342409394681454
22,09.05.2018,7,2018,True,0.0142904959640223,0.012891799211502075
22,10.05.2018,7,2018,True,0.0143428221356713,0.01322312094271183
22,11.05.2018,7,2018,True,0.0145487591675857,0.013328060507774353
22,14.05.2018,7,2018,True,0.0143287612312894,0.012632527388632298
22,15.05.2018,7,2018,True,0.0158404493119577,0.011119724251329899
22,16.05.2018,7,2018,True,0.0167386836492094,0.013014467433094978
22,17.05.2018,7,2018,True,0.0167302501431838,0.012668623588979244
22,18.05.2018,7,2018,True,0.0166535173227922,0.011519732885062695
22,21.05.2018,7,2018,True,0.0170117618527532,0.01103635411709547
22,22.05.2018,7,2018,True,0.0187299258006372,0.011902361176908016
22,23.05.2018,7,2018,True,0.0187769923827191,0.012982968240976334
22,24.05.2018,7,2018,True,0.0193082117580938,0.013403714634478092
22,25.05.2018,7,2018,True,0.0185647139375583,0.011228244751691818
22,29.05.2018,7,2018,True,0.0182820063342302,0.013761724345386028
22,30.05.2018,7,2018,True,0.0178416009340725,0.013950752094388008
22,31.05.2018,7,2018,True,0.0188430969711094,0.01171006541699171
22,01.06.2018,7,2018,True,0.018888054601108,0.011554282158613205
22,04.06.2018,7,2018,True,0.0176945225666223,0.010770967230200768
22,05.06.2018,7,2018,True,0.0177250509013766,0.0128812650218606
22,06.06.2018,7,2018,True,0.0178851004233954,0.012514437548816204
22,07.06.2018,7,2018,True,0.0171805276398247,0.015216082334518433
22,08.06.2018,7,2018,True,0.0230562642876927,0.012022506445646286
22,11.06.2018,7,2018,True,0.0233082183192157,0.01179274171590805
22,12.06.2018,7,2018,True,0.0234202652591954,0.015253284946084023
22,13.06.2018,7,2018,True,0.0253043085302602,0.014550465159118176
22,14.06.2018,7,2018,True,0.0252942669563738,0.014281434938311577
22,15.06.2018,7,2018,True,0.024431976336002,0.014498831704258919
22,18.06.2018,7,2018,True,0.0237461302940447,0.013744582422077656
22,19.06.2018,7,2018,True,0.0238093787616919,0.011704367585480213
22,20.06.2018,7,2018,True,0.0237987725662249,0.01227584294974804
22,21.06.2018,7,2018,True,0.0233197631338249,0.01231082808226347
22,22.06.2018,7,2018,True,0.0221594141180401,0.012256849557161331
22,25.06.2018,7,2018,True,0.0221266075076886,0.012563775293529034
22,26.06.2018,7,2018,True,0.0216271941152873,0.011891963891685009
22,27.06.2018,7,2018,True,0.0213737862855988,0.012283232063055038
22,28.06.2018,7,2018,True,0.0214153287920336,0.013469885103404522
22,29.06.2018,7,2018,True,0.0208355973452085,0.012922135181725025
22,02.07.2018,7,2018,True,0.0202096660210303,0.01405810285359621
22,03.07.2018,7,2018,True,0.0201257261342132,0.01403785590082407
22,05.07.2018,7,2018,True,0.0202331074411824,0.014391313306987286
22,06.07.2018,7,2018,True,0.0204574546104301,0.014753260649740696
22,09.07.2018,7,2018,True,0.0212180843962409,0.01527445949614048
22,10.07.2018,7,2018,True,0.021002125736861,0.014867025427520275
22,11.07.2018,7,2018,True,0.0147755577177538,0.014252467080950737
22,12.07.2018,7,2018,True,0.014417206825054,0.020498257130384445
22,13.07.2018,7,2018,True,0.0141270616380332,0.020906228572130203
22,16.07.2018,7,2018,True,0.0110465470938053,0.020732318982481956
22,17.07.2018,7,2018,True,0.0112065858945675,0.01685168594121933
22,18.07.2018,7,2018,True,0.0110392994111659,0.01867504045367241
22,19.07.2018,7,2018,True,0.0110764131080766,0.018842969089746475
22,20.07.2018,7,2018,True,0.0110503537055152,0.019922221079468727
22,23.07.2018,7,2018,True,0.0127099036520393,0.01806853897869587
22,24.07.2018,7,2018,True,0.0126805789717273,0.017261121422052383
22,25.07.2018,7,2018,True,0.0129596768811537,0.01642955094575882
22,26.07.2018,7,2018,True,0.0128960465752171,0.015327324159443378
22,27.07.2018,7,2018,True,0.0128969867820014,0.014617998152971268
22,30.07.2018,7,2018,True,0.0131599070509503,0.014903433620929718
22,31.07.2018,7,2018,True,0.013000675771987,0.01637924462556839
22,01.08.2018,7,2018,True,0.0130708370822177,0.016234196722507477
22,02.08.2018,7,2018,True,0.0128480278551123,0.016896991059184074
22,03.08.2018,7,2018,True,0.0131543868118281,0.015505760908126831
22,06.08.2018,7,2018,True,0.0133658829030475,0.015116765163838863
22,07.08.2018,7,2018,True,0.0131769020303213,0.01347634568810463
22,08.08.2018,7,2018,True,0.0108705666042425,0.013908999040722847
22,09.08.2018,7,2018,True,0.0114662813235978,0.012047478929162025
22,10.08.2018,7,2018,True,0.0114304336462968,0.011032192036509514
22,13.08.2018,7,2018,True,0.012447913107819,0.010931255295872688
22,14.08.2018,7,2018,True,0.0124304123041159,0.010715627111494541
22,15.08.2018,7,2018,True,0.0109085358568002,0.011797103099524975
22,16.08.2018,7,2018,True,0.0109938443426052,0.01353907398879528
22,17.08.2018,7,2018,True,0.0109916584139166,0.013485152274370193
22,20.08.2018,7,2018,True,0.0113543942536874,0.012084521353244781
22,21.08.2018,7,2018,True,0.0113596052374152,0.012711831368505955
22,22.08.2018,7,2018,True,0.0114492074373817,0.012766726315021515
22,23.08.2018,7,2018,True,0.011442867760746,0.011853301897644997
22,24.08.2018,7,2018,True,0.0114147476610841,0.010943903587758541
22,27.08.2018,7,2018,True,0.0114113928721601,0.011138402856886387
22,28.08.2018,7,2018,True,0.0114662298103943,0.010749224573373795
22,29.08.2018,7,2018,True,0.0122500573122583,0.01098297443240881
22,30.08.2018,7,2018,True,0.0122962083461984,0.010628554970026016
22,31.08.2018,7,2018,True,0.0124667199415681,0.01115372683852911
22,04.09.2018,7,2018,True,0.0134941809739749,0.011618870310485363
22,05.09.2018,7,2018,True,0.0132113735724905,0.011903451755642891
22,06.09.2018,7,2018,True,0.0129412228424896,0.012330679222941399
22,07.09.2018,7,2018,True,0.0130737202048146,0.011841956526041031
22,10.09.2018,7,2018,True,0.0142924901890746,0.012077205814421177
22,11.09.2018,7,2018,True,0.0158032997779125,0.013349384069442749
22,12.09.2018,7,2018,True,0.0157097190289965,0.014355757273733616
22,13.09.2018,7,2018,True,0.0150648157228016,0.01464853622019291
22,14.09.2018,7,2018,True,0.0151103881899236,0.014120453968644142
22,17.09.2018,7,2018,True,0.0156266689276438,0.014261621981859207
22,18.09.2018,7,2018,True,0.0155715890854749,0.015267588198184967
22,19.09.2018,7,2018,True,0.0155954125439844,0.015486696735024452
22,20.09.2018,7,2018,True,0.0154632119551502,0.015290769748389721
22,21.09.2018,7,2018,True,0.0180869624128197,0.014014286920428276
22,24.09.2018,7,2018,True,0.0166739637290149,0.013961784541606903
22,25.09.2018,7,2018,True,0.0167136771867749,0.014402641914784908
22,26.09.2018,7,2018,True,0.0168929450248314,0.013919547200202942
22,27.09.2018,7,2018,True,0.0168265831301637,0.013495721854269505
22,28.09.2018,7,2018,True,0.0168305522507754,0.013973753899335861
22,01.10.2018,7,2018,True,0.0153547453473904,0.013944951817393303
22,02.10.2018,7,2018,True,0.0153896549146363,0.012836240231990814
22,03.10.2018,7,2018,True,0.0158455781185628,0.012634260579943657
22,04.10.2018,7,2018,True,0.0158061187453581,0.013302244246006012
22,05.10.2018,7,2018,True,0.0158860226597985,0.012954754754900932
22,08.10.2018,7,2018,True,0.0159184849570657,0.012569894082844257
22,09.10.2018,7,2018,True,0.0155045687347198,0.013238928280770779
22,10.10.2018,7,2018,True,0.0151726454142275,0.013098691590130329
22,11.10.2018,7,2018,True,0.0139748152009666,0.013961922377347946
22,12.10.2018,7,2018,True,0.0191597315535015,0.013430815190076828
22,15.10.2018,7,2018,True,0.0193832842212258,0.012324227020144463
22,16.10.2018,7,2018,True,0.0193735978237024,0.012808892875909805
22,17.10.2018,7,2018,True,0.0194344609222471,0.012927503325045109
22,18.10.2018,7,2018,True,0.0195194479397132,0.012924029491841793
22,19.10.2018,7,2018,True,0.022831569071266,0.013759972527623177
22,22.10.2018,7,2018,True,0.0233854290494302,0.01389402151107788
22,23.10.2018,7,2018,True,0.0264798975979157,0.015235829167068005
22,24.10.2018,7,2018,True,0.0277888022814572,0.012486826628446579
22,25.10.2018,7,2018,True,0.0274713858867077,0.01312902569770813
22,26.10.2018,7,2018,True,0.0272109714765545,0.013080650009214878
22,29.10.2018,7,2018,True,0.0276864326234472,0.01339769084006548
22,30.10.2018,7,2018,True,0.0276484516276439,0.01356035191565752
22,31.10.2018,7,2018,True,0.0305691639163961,0.015293904580175877
22,01.11.2018,7,2018,True,0.0306828218562074,0.01577448658645153
22,02.11.2018,7,2018,True,0.0305658804358772,0.016626548022031784
22,05.11.2018,7,2018,True,0.0313643916824218,0.015024623833596706
22,06.11.2018,7,2018,True,0.0316334870472231,0.014959236606955528
22,07.11.2018,7,2018,True,0.0317020472766309,0.015419956296682358
22,08.11.2018,7,2018,True,0.0316269582924096,0.014608371071517467
22,09.11.2018,7,2018,True,0.0322141769060554,0.014653468504548073
22,12.11.2018,7,2018,True,0.0323113365365025,0.01730143092572689
22,13.11.2018,7,2018,True,0.0292614116300879,0.021031716838479042
22,14.11.2018,7,2018,True,0.0312005340724428,0.027172928676009178
22,15.11.2018,7,2018,True,0.0314892488820438,0.021543405950069427
22,16.11.2018,7,2018,True,0.032824895888384,0.021055171266198158
22,19.11.2018,7,2018,True,0.0327518735177898,0.02127339132130146
22,20.11.2018,7,2018,True,0.0326196471473604,0.02305823192000389
22,21.11.2018,7,2018,True,0.0371333033956539,0.02973375841975212
22,23.11.2018,7,2018,True,0.0347657839049887,0.02766290307044983
22,26.11.2018,7,2018,True,0.0339861211607999,0.04486837983131409
22,27.11.2018,7,2018,True,0.0348855381290665,0.039327871054410934
22,28.11.2018,7,2018,True,0.0350149925214151,0.032713767141103745
22,29.11.2018,7,2018,True,0.0351689861961529,0.02981967106461525
22,30.11.2018,7,2018,True,0.0353975914254454,0.031102143228054047
22,03.12.2018,7,2018,True,0.0335774723768593,0.03456486389040947
22,04.12.2018,7,2018,True,0.034026628142545,0.023688366636633873
22,06.12.2018,7,2018,True,0.0347695698106965,0.025100454688072205
22,07.12.2018,7,2018,True,0.0343138540279964,0.02422359026968479
22,10.12.2018,7,2018,True,0.0340361312378059,0.0206527728587389
22,11.12.2018,7,2018,True,0.0344478425781551,0.023897668346762657
22,12.12.2018,7,2018,True,0.0349801424351134,0.02027994394302368
22,13.12.2018,7,2018,True,0.0347547540610975,0.020519988611340523
22,14.12.2018,7,2018,True,0.0344975180666625,0.019901718944311142
22,17.12.2018,7,2018,True,0.0347527886689912,0.020393267273902893
22,18.12.2018,7,2018,True,0.0324745403902505,0.02426469326019287
22,19.12.2018,7,2018,True,0.0324005805899076,0.03161316365003586
22,20.12.2018,7,2018,True,0.0300306090833726,0.028223317116498947
22,21.12.2018,7,2018,True,0.0298468241782774,0.03163769096136093
22,24.12.2018,7,2018,True,0.0266046086491146,0.028306715190410614
22,26.12.2018,7,2018,True,0.0221210298890402,0.04225820675492287
22,27.12.2018,7,2018,True,0.0192660954928765,0.04120936617255211
22,28.12.2018,7,2018,True,0.0192248652335239,0.03992239385843277
22,31.12.2018,7,2018,True,0.018619166617591,0.042687974870204926
66,02.01.2018,7,2018,True,0.0136191364872658,0.012880418449640274
66,03.01.2018,7,2018,True,0.0140616352406624,0.01265688892453909
66,04.01.2018,7,2018,True,0.0141569363022125,0.012246350757777691
66,05.01.2018,7,2018,True,0.0141271641018891,0.012152143754065037
66,08.01.2018,7,2018,True,0.0141509327374727,0.012393264099955559
66,09.01.2018,7,2018,True,0.014193165910548,0.012644867412745953
66,10.01.2018,7,2018,True,0.0141813450757277,0.012739074416458607
66,11.01.2018,7,2018,True,0.0145295820172461,0.012386120855808258
66,12.01.2018,7,2018,True,0.0145019133219418,0.010308997705578804
66,16.01.2018,7,2018,True,0.0144384827329928,0.010303373448550701
66,17.01.2018,7,2018,True,0.0144670249515871,0.013589783571660519
66,18.01.2018,7,2018,True,0.0145474428434055,0.013589783571660519
66,19.01.2018,7,2018,True,0.0144812704235979,0.011444139294326305
66,22.01.2018,7,2018,True,0.0145092487873848,0.011303589679300785
66,23.01.2018,7,2018,True,0.0144321018393526,0.010484145022928715
66,24.01.2018,7,2018,True,0.0144247668334193,0.010578352026641369
66,25.01.2018,7,2018,True,0.0144218406263383,0.010710662230849266
66,26.01.2018,7,2018,True,0.0147555997081757,0.010626403614878654
66,29.01.2018,7,2018,True,0.0146275805791179,0.010623788461089134
66,30.01.2018,7,2018,True,0.0147292788883204,0.010416753590106964
66,31.01.2018,7,2018,True,0.0148595312131457,0.010416753590106964
66,01.02.2018,7,2018,True,0.0150415837943177,0.010427375324070454
66,02.02.2018,7,2018,True,0.0154430641031501,0.010427375324070454
66,05.02.2018,7,2018,True,0.0153156434358311,0.01046790648251772
66,06.02.2018,7,2018,True,0.0152472516317735,0.013864479027688503
66,07.02.2018,7,2018,True,0.0150542379030039,0.013813326135277748
66,08.02.2018,7,2018,True,0.0149604025337216,0.013939306139945984
66,09.02.2018,7,2018,True,0.0143520807728342,0.01515384204685688
66,12.02.2018,7,2018,True,0.0143335130149958,0.017344236373901367
66,13.02.2018,7,2018,True,0.0144300008027481,0.015423912554979324
66,14.02.2018,7,2018,True,0.0141744674950663,0.016291314736008644
66,15.02.2018,7,2018,True,0.0141680463125428,0.015153084881603718
66,16.02.2018,7,2018,True,0.0141560287453631,0.015225136652588844
66,20.02.2018,7,2018,True,0.0142841256080552,0.014848482795059681
66,21.02.2018,7,2018,True,0.0148551798517785,0.014115888625383377
66,22.02.2018,7,2018,True,0.0149053306975011,0.014444814063608646
66,23.02.2018,7,2018,True,0.0151694503684744,0.013640360906720161
66,26.02.2018,7,2018,True,0.0151696751172475,0.011312222108244896
66,27.02.2018,7,2018,True,0.0150548391444408,0.011934659443795681
66,28.02.2018,7,2018,True,0.0154660281099046,0.01429186761379242
66,01.03.2018,7,2018,True,0.0154615368570949,0.015083345584571362
66,02.03.2018,7,2018,True,0.015203002671245,0.014985231682658195
66,05.03.2018,7,2018,True,0.0153526907599293,0.014391584321856499
66,06.03.2018,7,2018,True,0.0154437580848097,0.014769338071346283
66,07.03.2018,7,2018,True,0.0151390552921402,0.014769338071346283
66,08.03.2018,7,2018,True,0.0150920863444618,0.015276840887963772
66,09.03.2018,7,2018,True,0.0147671032029669,0.014764850959181786
66,12.03.2018,7,2018,True,0.0147940404159879,0.014377029612660408
66,13.03.2018,7,2018,True,0.0154159002218668,0.012832975015044212
66,14.03.2018,7,2018,True,0.0156862392997729,0.015239618718624115
66,15.03.2018,7,2018,True,0.0157011111669667,0.015239618718624115
66,16.03.2018,7,2018,True,0.0156173297022907,0.014845037832856178
66,19.03.2018,7,2018,True,0.0159033472305285,0.012057512067258358
66,20.03.2018,7,2018,True,0.0162233470014588,0.014368407428264618
66,21.03.2018,7,2018,True,0.0159061601814111,0.014628157950937748
66,22.03.2018,7,2018,True,0.0160483352257855,0.014648211188614368
66,23.03.2018,7,2018,True,0.0159601582533104,0.014734710566699505
66,26.03.2018,7,2018,True,0.0159424809223094,0.01481332816183567
66,27.03.2018,7,2018,True,0.0161047176679229,0.014999642968177795
66,28.03.2018,7,2018,True,0.0164558678300618,0.014937776140868664
66,29.03.2018,7,2018,True,0.0164267368998367,0.014767520129680634
66,02.04.2018,7,2018,True,0.0156833147924307,0.014641539193689823
66,03.04.2018,7,2018,True,0.015685789139657,0.015573274344205856
66,04.04.2018,7,2018,True,0.0157328117009168,0.015540502034127712
66,05.04.2018,7,2018,True,0.0157607421896868,0.01508407574146986
66,06.04.2018,7,2018,True,0.0180423483632683,0.012758100405335426
66,09.04.2018,7,2018,True,0.0179178264336548,0.01508407574146986
66,10.04.2018,7,2018,True,0.0174896317688357,0.01497834362089634
66,11.04.2018,7,2018,True,0.0183896573962518,0.015431980602443218
66,12.04.2018,7,2018,True,0.0183978249959521,0.01618478260934353
66,13.04.2018,7,2018,True,0.0184161562961539,0.01563204638659954
66,16.04.2018,7,2018,True,0.0183140112383439,0.015403690747916698
66,17.04.2018,7,2018,True,0.0183298670888185,0.014716594479978085
66,18.04.2018,7,2018,True,0.0180420878691085,0.014160971157252789
66,19.04.2018,7,2018,True,0.0180465586207753,0.015384851954877377
66,20.04.2018,7,2018,True,0.0180594054376463,0.01535207498818636
66,23.04.2018,7,2018,True,0.0180556273264548,0.01474722009152174
66,24.04.2018,7,2018,True,0.0180043979006309,0.016143564134836197
66,25.04.2018,7,2018,True,0.0180374269178473,0.01660754531621933
66,26.04.2018,7,2018,True,0.0180357352118557,0.015931665897369385
66,27.04.2018,7,2018,True,0.0180350729207044,0.015524674206972122
66,30.04.2018,7,2018,True,0.0180604692084229,0.015398694202303886
66,01.05.2018,7,2018,True,0.0180639842199002,0.015354744158685207
66,02.05.2018,7,2018,True,0.0178369049292253,0.01532715279608965
66,03.05.2018,7,2018,True,0.0178937877940712,0.016303375363349915
66,04.05.2018,7,2018,True,0.0182097944568968,0.015367805026471615
66,07.05.2018,7,2018,True,0.0180760388749378,0.015600277110934258
66,08.05.2018,7,2018,True,0.0180050725638837,0.016713997349143028
66,09.05.2018,7,2018,True,0.0175719079390978,0.016326891258358955
66,10.05.2018,7,2018,True,0.0175642108667835,0.01629962958395481
66,11.05.2018,7,2018,True,0.0177812354764487,0.016140874475240707
66,14.05.2018,7,2018,True,0.0177255760448367,0.016140874475240707
66,15.05.2018,7,2018,True,0.0177398383755745,0.013888578861951828
66,16.05.2018,7,2018,True,0.0176949136658667,0.013893065974116325
66,17.05.2018,7,2018,True,0.0177161177238527,0.013932659290730953
66,18.05.2018,7,2018,True,0.0180736968672505,0.013870710507035255
66,21.05.2018,7,2018,True,0.018032670363931,0.013690120540559292
66,22.05.2018,7,2018,True,0.0181205532714794,0.013690120540559292
66,23.05.2018,7,2018,True,0.0181295497515355,0.013932659290730953
66,24.05.2018,7,2018,True,0.0180705276849332,0.013932659290730953
66,25.05.2018,7,2018,True,0.0177890827033593,0.013690120540559292
66,29.05.2018,7,2018,True,0.0177290784672051,0.014693097211420536
66,30.05.2018,7,2018,True,0.0174108004593638,0.01579619199037552
66,31.05.2018,7,2018,True,0.017450859389039,0.014962245710194111
66,01.06.2018,7,2018,True,0.0175101264006008,0.01540563628077507
66,04.06.2018,7,2018,True,0.017151148559872,0.015238940715789795
66,05.06.2018,7,2018,True,0.0171580775608642,0.016174914315342903
66,06.06.2018,7,2018,True,0.0171777864770569,0.016142139211297035
66,07.06.2018,7,2018,True,0.0170927784322846,0.016213281080126762
66,08.06.2018,7,2018,True,0.0170608035570429,0.015951892361044884
66,11.06.2018,7,2018,True,0.0172444892156011,0.015919117256999016
66,12.06.2018,7,2018,True,0.0172169691222613,0.015203392133116722
66,13.06.2018,7,2018,True,0.0171638973286433,0.015244105830788612
66,14.06.2018,7,2018,True,0.0171755976859346,0.01575610414147377
66,15.06.2018,7,2018,True,0.0166447864780138,0.014851603657007217
66,18.06.2018,7,2018,True,0.0164071230728528,0.015308226458728313
66,19.06.2018,7,2018,True,0.0163991856469791,0.014349534176290035
66,20.06.2018,7,2018,True,0.0167752102758097,0.014423535205423832
66,21.06.2018,7,2018,True,0.0165218693301089,0.01421982143074274
66,22.06.2018,7,2018,True,0.0160610684493979,0.014347829855978489
66,25.06.2018,7,2018,True,0.0159958502168498,0.015120443888008595
66,26.06.2018,7,2018,True,0.0158668156653478,0.014375926926732063
66,27.06.2018,7,2018,True,0.0160648599643502,0.014342157170176506
66,28.06.2018,7,2018,True,0.0160693097007501,0.01503450982272625
66,29.06.2018,7,2018,True,0.0160222108611352,0.014864565804600716
66,02.07.2018,7,2018,True,0.0158464036352267,0.014962486922740936
66,03.07.2018,7,2018,True,0.0158549127161772,0.015055734664201736
66,05.07.2018,7,2018,True,0.0158460563418323,0.01502295769751072
66,06.07.2018,7,2018,True,0.0158987737588037,0.015064582228660583
66,09.07.2018,7,2018,True,0.0161142516111095,0.014912988990545273
66,10.07.2018,7,2018,True,0.0166558361132822,0.014554638415575027
66,11.07.2018,7,2018,True,0.0140145127446768,0.014036150649189949
66,12.07.2018,7,2018,True,0.0139280532573219,0.019720077514648438
66,13.07.2018,7,2018,True,0.0138903801355769,0.019395340234041214
66,16.07.2018,7,2018,True,0.0127029211956121,0.019516201689839363
66,17.07.2018,7,2018,True,0.0127718515132963,0.019405553117394447
66,18.07.2018,7,2018,True,0.0127387752554614,0.01877422071993351
66,19.07.2018,7,2018,True,0.0127187853381897,0.01887226291000843
66,20.07.2018,7,2018,True,0.0138448181986708,0.018637312576174736
66,23.07.2018,7,2018,True,0.0138542461776547,0.018430719152092934
66,24.07.2018,7,2018,True,0.0138853038209791,0.01784377172589302
66,25.07.2018,7,2018,True,0.0139080295090558,0.018101241439580917
66,26.07.2018,7,2018,True,0.0138863756564834,0.018181459978222847
66,27.07.2018,7,2018,True,0.0140792302572469,0.018115656450390816
66,30.07.2018,7,2018,True,0.014055800539979,0.018115656450390816
66,31.07.2018,7,2018,True,0.0140028766367048,0.020038215443491936
66,01.08.2018,7,2018,True,0.0146970148634784,0.019866405054926872
66,02.08.2018,7,2018,True,0.0146497123254027,0.019804537296295166
66,03.08.2018,7,2018,True,0.014749711894332,0.019866405054926872
66,06.08.2018,7,2018,True,0.0147194253505089,0.019866405054926872
66,07.08.2018,7,2018,True,0.0148292647043047,0.018257852643728256
66,08.08.2018,7,2018,True,0.0143207158830141,0.018002016469836235
66,09.08.2018,7,2018,True,0.0143175126928372,0.013941053301095963
66,10.08.2018,7,2018,True,0.0165336729435042,0.014107583090662956
66,13.08.2018,7,2018,True,0.0165932507887658,0.014107583090662956
66,14.08.2018,7,2018,True,0.0166295205041626,0.01602674275636673
66,15.08.2018,7,2018,True,0.0163949455781651,0.016031229868531227
66,16.08.2018,7,2018,True,0.0163452974897539,0.016594262793660164
66,17.08.2018,7,2018,True,0.0181682593497799,0.01690630428493023
66,20.08.2018,7,2018,True,0.0182692755941275,0.016263391822576523
66,21.08.2018,7,2018,True,0.0204193120734101,0.014733869582414627
66,22.08.2018,7,2018,True,0.0203952413412489,0.014936815947294235
66,23.08.2018,7,2018,True,0.0203933093124347,0.014473497867584229
66,24.08.2018,7,2018,True,0.0204337394237542,0.012003110721707344
66,27.08.2018,7,2018,True,0.0205058940587397,0.01189999096095562
66,28.08.2018,7,2018,True,0.0205411696531466,0.01127947773784399
66,29.08.2018,7,2018,True,0.0214416222458643,0.011277768760919571
66,30.08.2018,7,2018,True,0.021427662754549,0.011277768760919571
66,31.08.2018,7,2018,True,0.0217364962333228,0.013686129823327065
66,04.09.2018,7,2018,True,0.0219939877042237,0.013686129823327065
66,05.09.2018,7,2018,True,0.0221770462126487,0.014009370468556881
66,06.09.2018,7,2018,True,0.0221832096337474,0.01388339139521122
66,07.09.2018,7,2018,True,0.022163946785473,0.014246626757085323
66,10.09.2018,7,2018,True,0.0223408199820463,0.014246626757085323
66,11.09.2018,7,2018,True,0.0222000104889759,0.01390482671558857
66,12.09.2018,7,2018,True,0.0221595828302761,0.014967712573707104
66,13.09.2018,7,2018,True,0.0230435687900711,0.01465090736746788
66,14.09.2018,7,2018,True,0.0232017310611609,0.014539465308189392
66,17.09.2018,7,2018,True,0.0239075081392723,0.014413486234843731
66,18.09.2018,7,2018,True,0.0238070720769473,0.01501738652586937
66,19.09.2018,7,2018,True,0.0248299532823826,0.014835592359304428
66,20.09.2018,7,2018,True,0.0268534884042794,0.014709613285958767
66,21.09.2018,7,2018,True,0.0272370904608753,0.014187240973114967
66,24.09.2018,7,2018,True,0.026873726787048,0.014187240973114967
66,25.09.2018,7,2018,True,0.0271954941606688,0.01543670054525137
66,26.09.2018,7,2018,True,0.0273945617286167,0.015221734531223774
66,27.09.2018,7,2018,True,0.0275332694664084,0.015095754526555538
66,28.09.2018,7,2018,True,0.0276233741073848,0.015095754526555538
66,01.10.2018,7,2018,True,0.0273541856325773,0.01470324769616127
66,02.10.2018,7,2018,True,0.0275977897529563,0.01628832146525383
66,03.10.2018,7,2018,True,0.0281621551364563,0.01612146757543087
66,04.10.2018,7,2018,True,0.0281217117177013,0.016194837167859077
66,05.10.2018,7,2018,True,0.0281811741005661,0.016356995329260826
66,08.10.2018,7,2018,True,0.0282863695405103,0.01630428247153759
66,09.10.2018,7,2018,True,0.0284890430486514,0.016136519610881805
66,10.10.2018,7,2018,True,0.0284720630342155,0.014819172210991383
66,11.10.2018,7,2018,True,0.0282241884528499,0.015269179828464985
66,12.10.2018,7,2018,True,0.0284345262362906,0.015545711852610111
66,15.10.2018,7,2018,True,0.0284798020735335,0.014645560644567013
66,16.10.2018,7,2018,True,0.0284415806213165,0.014301956631243229
66,17.10.2018,7,2018,True,0.0284015355476309,0.014301956631243229
66,18.10.2018,7,2018,True,0.0284382639311588,0.014301956631243229
66,19.10.2018,7,2018,True,0.0285662039806337,0.014103499241173267
66,22.10.2018,7,2018,True,0.0287570657419748,0.014103499241173267
66,23.10.2018,7,2018,True,0.0283528756938711,0.015412409789860249
66,24.10.2018,7,2018,True,0.0283664688978768,0.01575540006160736
66,25.10.2018,7,2018,True,0.0283254738642315,0.01576893776655197
66,26.10.2018,7,2018,True,0.0283314886150514,0.014980757609009743
66,29.10.2018,7,2018,True,0.0283387980083839,0.015436079353094101
66,30.10.2018,7,2018,True,0.0283304853720596,0.016875460743904114
66,31.10.2018,7,2018,True,0.0283820080042474,0.016904575750231743
66,01.11.2018,7,2018,True,0.0284093613190702,0.018063977360725403
66,02.11.2018,7,2018,True,0.0281211145086946,0.018168805167078972
66,05.11.2018,7,2018,True,0.0281877245986224,0.01760612614452839
66,06.11.2018,7,2018,True,0.0282680799766074,0.015751751139760017
66,07.11.2018,7,2018,True,0.0283442044386745,0.01618724688887596
66,08.11.2018,7,2018,True,0.028448243141055,0.015873948112130165
66,09.11.2018,7,2018,True,0.0284433731001949,0.016251279041171074
66,12.11.2018,7,2018,True,0.0284714145030702,0.016772324219346046
66,13.11.2018,7,2018,True,0.0271755501444132,0.018578890711069107
66,14.11.2018,7,2018,True,0.0271496021898932,0.02776729315519333
66,15.11.2018,7,2018,True,0.0274918939428553,0.025438906624913216
66,16.11.2018,7,2018,True,0.0275051343140104,0.024587124586105347
66,19.11.2018,7,2018,True,0.0275970550738818,0.02274170331656933
66,20.11.2018,7,2018,True,0.0263541779089828,0.02327044866979122
66,21.11.2018,7,2018,True,0.0263608324653788,0.028252074494957924
66,23.11.2018,7,2018,True,0.0245612664574128,0.027802037075161934
66,26.11.2018,7,2018,True,0.0243377982462376,0.03499164432287216
66,27.11.2018,7,2018,True,0.0243272372047185,0.035820122808218
66,28.11.2018,7,2018,True,0.0241157888589695,0.03379080072045326
66,29.11.2018,7,2018,True,0.0241099628508546,0.032796043902635574
66,30.11.2018,7,2018,True,0.02407435089393,0.032906170934438705
66,03.12.2018,7,2018,True,0.0233274968547633,0.030663836747407913
66,04.12.2018,7,2018,True,0.0233655556363667,0.024525854736566544
66,06.12.2018,7,2018,True,0.0229817023842906,0.024557316675782204
66,07.12.2018,7,2018,True,0.0227745200901817,0.024371210485696793
66,10.12.2018,7,2018,True,0.0224844077299826,0.018582630902528763
66,11.12.2018,7,2018,True,0.0224831623024769,0.022163264453411102
66,12.12.2018,7,2018,True,0.0225236627459492,0.01956554688513279
66,13.12.2018,7,2018,True,0.0224339268256262,0.019490929320454597
66,14.12.2018,7,2018,True,0.0223516147959692,0.02019389159977436
66,17.12.2018,7,2018,True,0.0222946824232396,0.020606297999620438
66,18.12.2018,7,2018,True,0.021036938920232,0.028374752029776573
66,19.12.2018,7,2018,True,0.0209677621502291,0.03377916291356087
66,20.12.2018,7,2018,True,0.0198404363510962,0.03144634887576103
66,21.12.2018,7,2018,True,0.0197810721108267,0.0342210978269577
66,24.12.2018,7,2018,True,0.0178763909707675,0.03365711122751236
66,26.12.2018,7,2018,True,0.015481415511417,0.031187299638986588
66,27.12.2018,7,2018,True,0.0143383333129637,0.030287383124232292
66,28.12.2018,7,2018,True,0.0143364644990323,0.03078174963593483
66,31.12.2018,7,2018,True,0.0140161653179602,0.030007168650627136
126,02.01.2018,7,2018,True,0.0147530740480115,0.014159126207232475
126,03.01.2018,7,2018,True,0.0146768365737847,0.014237797819077969
126,04.01.2018,7,2018,True,0.0146811815862165,0.014143397100269794
126,05.01.2018,7,2018,True,0.0146998630098374,0.014143397100269794
126,08.01.2018,7,2018,True,0.014721001463368,0.013814517296850681
126,09.01.2018,7,2018,True,0.0160383779892954,0.013895737007260323
126,10.01.2018,7,2018,True,0.016078713177954,0.013895737007260323
126,11.01.2018,7,2018,True,0.0161094711864138,0.013048706576228142
126,12.01.2018,7,2018,True,0.0166523628509297,0.012856336310505867
126,16.01.2018,7,2018,True,0.0166293319798404,0.012856336310505867
126,17.01.2018,7,2018,True,0.0166504954189933,0.01592697761952877
126,18.01.2018,7,2018,True,0.0166555169641479,0.015795785933732986
126,19.01.2018,7,2018,True,0.0166381249596297,0.013806745409965515
126,22.01.2018,7,2018,True,0.0166305989624489,0.013806745409965515
126,23.01.2018,7,2018,True,0.0165956073821011,0.0130465691909194
126,24.01.2018,7,2018,True,0.0165906626736693,0.0130465691909194
126,25.01.2018,7,2018,True,0.0166044045050761,0.0130465691909194
126,26.01.2018,7,2018,True,0.0166076333105496,0.0130465691909194
126,29.01.2018,7,2018,True,0.0165663771900687,0.0130465691909194
126,30.01.2018,7,2018,True,0.0165800502606919,0.012907956726849079
126,31.01.2018,7,2018,True,0.0165801258959641,0.012907956726849079
126,01.02.2018,7,2018,True,0.0166112523604796,0.012907956726849079
126,02.02.2018,7,2018,True,0.0166001546563861,0.012907956726849079
126,05.02.2018,7,2018,True,0.0165589927784874,0.012907956726849079
126,06.02.2018,7,2018,True,0.0165548217736941,0.014977295882999897
126,07.02.2018,7,2018,True,0.0167098129544011,0.015108483843505383
126,08.02.2018,7,2018,True,0.0166811439654598,0.015108483843505383
126,09.02.2018,7,2018,True,0.0164437981244631,0.016064340248703957
126,12.02.2018,7,2018,True,0.0164429109247201,0.01625671051442623
126,13.02.2018,7,2018,True,0.0164452462078024,0.01647985726594925
126,14.02.2018,7,2018,True,0.0164431597343548,0.016746437177062035
126,15.02.2018,7,2018,True,0.016460892833836,0.016687100753188133
126,16.02.2018,7,2018,True,0.0164542403634879,0.016687100753188133
126,20.02.2018,7,2018,True,0.0164517525595933,0.01659270003437996
126,21.02.2018,7,2018,True,0.0164570128572858,0.014973267912864685
126,22.02.2018,7,2018,True,0.016604315701817,0.014973267912864685
126,23.02.2018,7,2018,True,0.0165649182418895,0.014679093845188618
126,26.02.2018,7,2018,True,0.0166086400991796,0.012690057046711445
126,27.02.2018,7,2018,True,0.0165657226297118,0.014085969887673855
126,28.02.2018,7,2018,True,0.0165236651870512,0.016075005754828453
126,01.03.2018,7,2018,True,0.0165721238879002,0.01646357774734497
126,02.03.2018,7,2018,True,0.0164660532423212,0.016369177028536797
126,05.03.2018,7,2018,True,0.0164075169060327,0.016075005754828453
126,06.03.2018,7,2018,True,0.0164228088387138,0.016629477962851524
126,07.03.2018,7,2018,True,0.0163268583098328,0.01649828627705574
126,08.03.2018,7,2018,True,0.0163185317544238,0.016792457550764084
126,09.03.2018,7,2018,True,0.016130662410761,0.01649828627705574
126,12.03.2018,7,2018,True,0.0161157534405734,0.016629477962851524
126,13.03.2018,7,2018,True,0.0162061390361558,0.014796225354075432
126,14.03.2018,7,2018,True,0.0162168066583674,0.016785262152552605
126,15.03.2018,7,2018,True,0.0163273598354675,0.016785262152552605
126,16.03.2018,7,2018,True,0.0162720896314551,0.01645638234913349
126,19.03.2018,7,2018,True,0.0162694798383222,0.014372946694493294
126,20.03.2018,7,2018,True,0.0162091453962012,0.016075005754828453
126,21.03.2018,7,2018,True,0.0160063370201077,0.016403885558247566
126,22.03.2018,7,2018,True,0.0160099649109134,0.016403885558247566
126,23.03.2018,7,2018,True,0.0158980440416333,0.016629477962851524
126,26.03.2018,7,2018,True,0.01609976840638,0.016792457550764084
126,27.03.2018,7,2018,True,0.0161115613658325,0.0168736781924963
126,28.03.2018,7,2018,True,0.0161037853856257,0.0168736781924963
126,29.03.2018,7,2018,True,0.0160849278219153,0.016616297885775566
126,02.04.2018,7,2018,True,0.0157207739560924,0.016485106199979782
126,03.04.2018,7,2018,True,0.0158751952254163,0.017378011718392372
126,04.04.2018,7,2018,True,0.0158763593218321,0.017215032130479813
126,05.04.2018,7,2018,True,0.0159357964757891,0.01708384044468403
126,06.04.2018,7,2018,True,0.0159567269224516,0.015094800852239132
126,09.04.2018,7,2018,True,0.015857541250362,0.01708384044468403
126,10.04.2018,7,2018,True,0.0155896627240641,0.01649828627705574
126,11.04.2018,7,2018,True,0.0155811664313018,0.016792457550764084
126,12.04.2018,7,2018,True,0.0157269246416119,0.017526641488075256
126,13.04.2018,7,2018,True,0.0160349139484544,0.016792457550764084
126,16.04.2018,7,2018,True,0.01596319936167,0.016792457550764084
126,17.04.2018,7,2018,True,0.0159656655498178,0.01767566055059433
126,18.04.2018,7,2018,True,0.0158163269282284,0.0174582339823246
126,19.04.2018,7,2018,True,0.0158914554111445,0.01817682757973671
126,20.04.2018,7,2018,True,0.0159147207980665,0.018112195655703545
126,23.04.2018,7,2018,True,0.0159057542471031,0.01767566055059433
126,24.04.2018,7,2018,True,0.0158694307475205,0.016821082681417465
126,25.04.2018,7,2018,True,0.0163459692197355,0.01744423434138298
126,26.04.2018,7,2018,True,0.0163261392805531,0.01669805683195591
126,27.04.2018,7,2018,True,0.0163463572169469,0.01653507724404335
126,30.04.2018,7,2018,True,0.0163556683453587,0.016403885558247566
126,01.05.2018,7,2018,True,0.0163592866564596,0.01649191789329052
126,02.05.2018,7,2018,True,0.0162983882184267,0.01649191789329052
126,03.05.2018,7,2018,True,0.0163046832284933,0.016915198415517807
126,04.05.2018,7,2018,True,0.0162360972638022,0.016657818108797073
126,07.05.2018,7,2018,True,0.0164768831131178,0.01629214733839035
126,08.05.2018,7,2018,True,0.0164107072079956,0.016667824238538742
126,09.05.2018,7,2018,True,0.0162166615149494,0.016381818801164627
126,10.05.2018,7,2018,True,0.0162128922044056,0.016381818801164627
126,11.05.2018,7,2018,True,0.0163004847492377,0.016381818801164627
126,14.05.2018,7,2018,True,0.016253223476869,0.016579506918787956
126,15.05.2018,7,2018,True,0.0162503302589385,0.01639292947947979
126,16.05.2018,7,2018,True,0.0172996991181905,0.016524121165275574
126,17.05.2018,7,2018,True,0.0173288190678004,0.016298528760671616
126,18.05.2018,7,2018,True,0.0173299018639567,0.016298528760671616
126,21.05.2018,7,2018,True,0.0173079567145584,0.016298528760671616
126,22.05.2018,7,2018,True,0.0173009967113374,0.016298528760671616
126,23.05.2018,7,2018,True,0.0182257429107465,0.016298528760671616
126,24.05.2018,7,2018,True,0.0182622818387725,0.016298528760671616
126,25.05.2018,7,2018,True,0.0192792408539762,0.016298528760671616
126,29.05.2018,7,2018,True,0.0194369435084382,0.017015980556607246
126,30.05.2018,7,2018,True,0.0192586719714574,0.01802978850901127
126,31.05.2018,7,2018,True,0.019359224703572,0.017378011718392372
126,01.06.2018,7,2018,True,0.0194037092475353,0.017378011718392372
126,04.06.2018,7,2018,True,0.0192682610758603,0.017378011718392372
126,05.06.2018,7,2018,True,0.0198051431041522,0.018112195655703545
126,06.06.2018,7,2018,True,0.0198172970747682,0.018112195655703545
126,07.06.2018,7,2018,True,0.0198630275053544,0.01802978850901127
126,08.06.2018,7,2018,True,0.0200063670261096,0.017378011718392372
126,11.06.2018,7,2018,True,0.0201418236386121,0.017378011718392372
126,12.06.2018,7,2018,True,0.0201417745803103,0.01691645383834839
126,13.06.2018,7,2018,True,0.0201075985264891,0.01691645383834839
126,14.06.2018,7,2018,True,0.0201993979321718,0.017079433426260948
126,15.06.2018,7,2018,True,0.0200593561461273,0.016822053119540215
126,18.06.2018,7,2018,True,0.0199286605127918,0.017079433426260948
126,19.06.2018,7,2018,True,0.0205429849518793,0.015467457473278046
126,20.06.2018,7,2018,True,0.0206156290801662,0.015467457473278046
126,21.06.2018,7,2018,True,0.0210061634437016,0.015467457473278046
126,22.06.2018,7,2018,True,0.0207657622708524,0.015538819134235382
126,25.06.2018,7,2018,True,0.0214668727283265,0.0167514830827713
126,26.06.2018,7,2018,True,0.0225039320054109,0.016645854339003563
126,27.06.2018,7,2018,True,0.0227226035774122,0.01710830256342888
126,28.06.2018,7,2018,True,0.0227187241044963,0.016940025612711906
126,29.06.2018,7,2018,True,0.0228180199478984,0.016940025612711906
126,02.07.2018,7,2018,True,0.0228089928229027,0.017402473837137222
126,03.07.2018,7,2018,True,0.0228764431064633,0.01716354861855507
126,05.07.2018,7,2018,True,0.0229612652341293,0.01716354861855507
126,06.07.2018,7,2018,True,0.0229697934957478,0.017625996842980385
126,09.07.2018,7,2018,True,0.0230522325733087,0.01716354861855507
126,10.07.2018,7,2018,True,0.0234135007784804,0.017453031614422798
126,11.07.2018,7,2018,True,0.0225646492082504,0.017358630895614624
126,12.07.2018,7,2018,True,0.0225791257155334,0.019397461786866188
126,13.07.2018,7,2018,True,0.0226414738805782,0.020118825137615204
126,16.07.2018,7,2018,True,0.0224208470247296,0.020233096554875374
126,17.07.2018,7,2018,True,0.0224426525122627,0.02087448537349701
126,18.07.2018,7,2018,True,0.0224190463032028,0.020397331565618515
126,19.07.2018,7,2018,True,0.0225359239817612,0.019521564245224
126,20.07.2018,7,2018,True,0.0225824251876952,0.01935858465731144
126,23.07.2018,7,2018,True,0.0225857014986833,0.019227392971515656
126,24.07.2018,7,2018,True,0.0225779943965862,0.019069870933890343
126,25.07.2018,7,2018,True,0.0225855806104667,0.019069870933890343
126,26.07.2018,7,2018,True,0.0226931096857126,0.0190025232732296
126,27.07.2018,7,2018,True,0.0227986220075691,0.018611548468470573
126,30.07.2018,7,2018,True,0.0227870866003225,0.018611548468470573
126,31.07.2018,7,2018,True,0.022780510383416,0.01847784034907818
126,01.08.2018,7,2018,True,0.0227803645571639,0.018609032034873962
126,02.08.2018,7,2018,True,0.022788470733651,0.018609032034873962
126,03.08.2018,7,2018,True,0.0227969212543347,0.01847784034907818
126,06.08.2018,7,2018,True,0.0228120552196516,0.01847784034907818
126,07.08.2018,7,2018,True,0.0228228647620052,0.018715916201472282
126,08.08.2018,7,2018,True,0.0226690731021199,0.018715916201472282
126,09.08.2018,7,2018,True,0.0226807730623911,0.017389655113220215
126,10.08.2018,7,2018,True,0.0227023506889478,0.01725846342742443
126,13.08.2018,7,2018,True,0.0227724094032981,0.01725846342742443
126,14.08.2018,7,2018,True,0.0228169112726861,0.015907933935523033
126,15.08.2018,7,2018,True,0.0228462007919328,0.015907933935523033
126,16.08.2018,7,2018,True,0.0228310065844761,0.016269495710730553
126,17.08.2018,7,2018,True,0.0228418942527149,0.0168861523270607
126,20.08.2018,7,2018,True,0.0228359495916695,0.01666055992245674
126,21.08.2018,7,2018,True,0.0228290812317095,0.016075005754828453
126,22.08.2018,7,2018,True,0.0228842633639287,0.016169406473636627
126,23.08.2018,7,2018,True,0.0228955147599219,0.016075005754828453
126,24.08.2018,7,2018,True,0.0229163488253274,0.014085969887673855
126,27.08.2018,7,2018,True,0.0229128708407079,0.014085969887673855
126,28.08.2018,7,2018,True,0.0229436203859699,0.014309493824839592
126,29.08.2018,7,2018,True,0.0229133687769631,0.014309493824839592
126,30.08.2018,7,2018,True,0.0229008956720867,0.014309493824839592
126,31.08.2018,7,2018,True,0.0229009504096603,0.016298528760671616
126,04.09.2018,7,2018,True,0.0228863200687629,0.016298528760671616
126,05.09.2018,7,2018,True,0.0228768579227179,0.014857945963740349
126,06.09.2018,7,2018,True,0.0228969688936158,0.014857945963740349
126,07.09.2018,7,2018,True,0.022892900811566,0.01472675334662199
126,10.09.2018,7,2018,True,0.0229167133466862,0.014041516929864883
126,11.09.2018,7,2018,True,0.0228281088829185,0.013949683867394924
126,12.09.2018,7,2018,True,0.0228109816882123,0.015023496001958847
126,13.09.2018,7,2018,True,0.0227592950263376,0.014929094351828098
126,14.09.2018,7,2018,True,0.0227601365993894,0.014175275340676308
126,17.09.2018,7,2018,True,0.0227953266758197,0.014860514551401138
126,18.09.2018,7,2018,True,0.0227748445212653,0.016524121165275574
126,19.09.2018,7,2018,True,0.0227899933178278,0.0164297204464674
126,20.09.2018,7,2018,True,0.0227827493118561,0.0164297204464674
126,21.09.2018,7,2018,True,0.0228088982578738,0.015451500192284584
126,24.09.2018,7,2018,True,0.0226365093209817,0.015451500192284584
126,25.09.2018,7,2018,True,0.0226202557651671,0.01704913191497326
126,26.09.2018,7,2018,True,0.022632725042596,0.0168861523270607
126,27.09.2018,7,2018,True,0.0226453729925181,0.0168861523270607
126,28.09.2018,7,2018,True,0.0226206450984681,0.0168861523270607
126,01.10.2018,7,2018,True,0.0224770166387467,0.016791751608252525
126,02.10.2018,7,2018,True,0.0224784676940734,0.016369177028536797
126,03.10.2018,7,2018,True,0.0224544093564397,0.016369177028536797
126,04.10.2018,7,2018,True,0.022420027393709,0.016369177028536797
126,05.10.2018,7,2018,True,0.0224231805194033,0.016586603596806526
126,08.10.2018,7,2018,True,0.0224745284587407,0.016586603596806526
126,09.10.2018,7,2018,True,0.0224610183879148,0.016492202877998352
126,10.10.2018,7,2018,True,0.0224025803925882,0.015067669562995434
126,11.10.2018,7,2018,True,0.0222033432619936,0.015519578009843826
126,12.10.2018,7,2018,True,0.0222146501943187,0.016189424321055412
126,15.10.2018,7,2018,True,0.0222096786854982,0.015396551229059696
126,16.10.2018,7,2018,True,0.0222020801516009,0.017015980556607246
126,17.10.2018,7,2018,True,0.0223085667908244,0.017015980556607246
126,18.10.2018,7,2018,True,0.022302595109122,0.017015980556607246
126,19.10.2018,7,2018,True,0.0222949137203035,0.016921579837799072
126,22.10.2018,7,2018,True,0.0222957024936178,0.016921579837799072
126,23.10.2018,7,2018,True,0.0221215123682601,0.01669805683195591
126,24.10.2018,7,2018,True,0.022119997083376,0.017526641488075256
126,25.10.2018,7,2018,True,0.0221240784701199,0.017526641488075256
126,26.10.2018,7,2018,True,0.0221178712314479,0.016792457550764084
126,29.10.2018,7,2018,True,0.0221840198125232,0.01744423434138298
126,30.10.2018,7,2018,True,0.0221260422898071,0.017526641488075256
126,31.10.2018,7,2018,True,0.0221274348235901,0.017432240769267082
126,01.11.2018,7,2018,True,0.0221906657162015,0.017604419961571693
126,02.11.2018,7,2018,True,0.0219715841833127,0.017604419961571693
126,05.11.2018,7,2018,True,0.0219671874120909,0.017698820680379868
126,06.11.2018,7,2018,True,0.0219333043557931,0.01792234368622303
126,07.11.2018,7,2018,True,0.0219384500629956,0.01792234368622303
126,08.11.2018,7,2018,True,0.0219042632190187,0.01792234368622303
126,09.11.2018,7,2018,True,0.0219055327447973,0.01792234368622303
126,12.11.2018,7,2018,True,0.0219296478284777,0.018397437408566475
126,13.11.2018,7,2018,True,0.0210468266714424,0.02083360031247139
126,14.11.2018,7,2018,True,0.0210340212526604,0.027498936280608177
126,15.11.2018,7,2018,True,0.0210259912500019,0.026852920651435852
126,16.11.2018,7,2018,True,0.0210816564301708,0.02336425520479679
126,19.11.2018,7,2018,True,0.0214943917019974,0.022318160161376
126,20.11.2018,7,2018,True,0.0206929531421704,0.0229039303958416
126,21.11.2018,7,2018,True,0.0207283100135833,0.029690375551581383
126,23.11.2018,7,2018,True,0.0195531581398411,0.029831750318408012
126,26.11.2018,7,2018,True,0.0197119523502502,0.0324990376830101
126,27.11.2018,7,2018,True,0.0199812132587307,0.03070276416838169
126,28.11.2018,7,2018,True,0.0203847156232341,0.03070276416838169
126,29.11.2018,7,2018,True,0.020377941772588,0.030063718557357788
126,30.11.2018,7,2018,True,0.0204366484854513,0.030063718557357788
126,03.12.2018,7,2018,True,0.020010625270385,0.028230927884578705
126,04.12.2018,7,2018,True,0.020136101294573,0.02989855967462063
126,06.12.2018,7,2018,True,0.019966894161973,0.02989855967462063
126,07.12.2018,7,2018,True,0.0198281770741694,0.02989855967462063
126,10.12.2018,7,2018,True,0.0199608991039183,0.024154573678970337
126,11.12.2018,7,2018,True,0.0200550700430874,0.025873225182294846
126,12.12.2018,7,2018,True,0.0200796832976185,0.023514695465564728
126,13.12.2018,7,2018,True,0.0200502924246091,0.02307264506816864
126,14.12.2018,7,2018,True,0.0200510773384953,0.02307264506816864
126,17.12.2018,7,2018,True,0.0200308273687705,0.023514695465564728
126,18.12.2018,7,2018,True,0.0196791361881184,0.02826199121773243
126,19.12.2018,7,2018,True,0.0196481491609373,0.030355462804436684
126,20.12.2018,7,2018,True,0.019075839298848,0.03035554848611355
126,21.12.2018,7,2018,True,0.0190497225131718,0.030355462804436684
126,24.12.2018,7,2018,True,0.0181972902874308,0.030261611565947533
126,26.12.2018,7,2018,True,0.0169377529248813,0.028126321732997894
126,27.12.2018,7,2018,True,0.016451237091611,0.029589040204882622
126,28.12.2018,7,2018,True,0.016596080098768,0.029400300234556198
126,31.12.2018,7,2018,True,0.0168452356170953,0.029400300234556198
5,02.01.2019,8,2019,True,0.0146568743436294,0.02973412163555622
5,03.01.2019,8,2019,True,0.0169289054475661,0.02862275019288063
5,04.01.2019,8,2019,True,0.0243416709332874,0.03392462432384491
5,07.01.2019,8,2019,True,0.0295158377413385,0.02956901304423809
5,08.01.2019,8,2019,True,0.030115510898713,0.029137613251805305
5,09.01.2019,8,2019,True,0.0218406880192739,0.025254076346755028
5,10.01.2019,8,2019,True,0.0217117591099722,0.022824307903647423
5,11.01.2019,8,2019,True,0.0215360801042874,0.023941894993185997
5,14.01.2019,8,2019,True,0.0194874043530277,0.018355833366513252
5,15.01.2019,8,2019,True,0.0167798376616638,0.027234788984060287
5,16.01.2019,8,2019,True,0.0159156442482855,0.027473613619804382
5,17.01.2019,8,2019,True,0.0164312262229927,0.01858644373714924
5,18.01.2019,8,2019,True,0.0147655249557022,0.01713063381612301
5,22.01.2019,8,2019,True,0.0189142205268864,0.01581675373017788
5,23.01.2019,8,2019,True,0.018796595261729,0.014849001541733742
5,24.01.2019,8,2019,True,0.0187591411197631,0.013405821286141872
5,25.01.2019,8,2019,True,0.0184287408086276,0.017145849764347076
5,28.01.2019,8,2019,True,0.0089489263422891,0.016222085803747177
5,29.01.2019,8,2019,True,0.0070621088502857,0.02098892629146576
5,30.01.2019,8,2019,True,0.0081758104856016,0.019282668828964233
5,31.01.2019,8,2019,True,0.0122015810748262,0.01807260327041149
5,01.02.2019,8,2019,True,0.0127859090900586,0.019465992227196693
5,04.02.2019,8,2019,True,0.012143724381162,0.016702884808182716
5,05.02.2019,8,2019,True,0.0139199767348959,0.013188392855226994
5,06.02.2019,8,2019,True,0.0155686233686225,0.01386931911110878
5,07.02.2019,8,2019,True,0.0113049986467258,0.014883704483509064
5,08.02.2019,8,2019,True,0.0133288176648389,0.015859896317124367
5,11.02.2019,8,2019,True,0.0082464929959191,0.014815165661275387
5,12.02.2019,8,2019,True,0.0086903448748632,0.01408034935593605
5,13.02.2019,8,2019,True,0.0102614880194912,0.014864745549857616
5,14.02.2019,8,2019,True,0.0107053409628715,0.015168786980211735
5,15.02.2019,8,2019,True,0.0178635390592765,0.013649200089275837
5,19.02.2019,8,2019,True,0.018356273791111,0.01210702769458294
5,20.02.2019,8,2019,True,0.0201864319681324,0.016564855352044106
5,21.02.2019,8,2019,True,0.0201992951051953,0.0191605556756258
5,22.02.2019,8,2019,True,0.0206300660286713,0.018549887463450432
5,25.02.2019,8,2019,True,0.0128347653671285,0.017864536494016647
5,26.02.2019,8,2019,True,0.0126351554159464,0.02059158869087696
5,27.02.2019,8,2019,True,0.0091273411662313,0.016722092404961586
5,28.02.2019,8,2019,True,0.009077567036896,0.016925223171710968
5,01.03.2019,8,2019,True,0.0065078939403902,0.015916932374238968
5,04.03.2019,8,2019,True,0.007574300337263,0.01691211387515068
5,05.03.2019,8,2019,True,0.0075985638282831,0.014372437261044979
5,06.03.2019,8,2019,True,0.0089403129562344,0.011162263341248035
5,07.03.2019,8,2019,True,0.0098827614835812,0.013019431382417679
5,08.03.2019,8,2019,True,0.0081743305150077,0.016060981899499893
5,11.03.2019,8,2019,True,0.0068603173397963,0.013968844898045063
5,12.03.2019,8,2019,True,0.0068790926091644,0.0112348897382617
5,13.03.2019,8,2019,True,0.0068658958701584,0.011736449785530567
5,14.03.2019,8,2019,True,0.0083026807161802,0.01188915316015482
5,15.03.2019,8,2019,True,0.0105208262382089,0.01365730818361044
5,18.03.2019,8,2019,True,0.0101742576028712,0.01135340053588152
5,19.03.2019,8,2019,True,0.0116037024376697,0.012775060720741749
5,20.03.2019,8,2019,True,0.009462069505892,0.013927992433309555
5,21.03.2019,8,2019,True,0.0085041508470107,0.010981544852256775
5,22.03.2019,8,2019,True,0.0056404259055281,0.012314857915043831
5,25.03.2019,8,2019,True,0.0059687304201601,0.012305468320846558
5,26.03.2019,8,2019,True,0.0049926489165951,0.00950634852051735
5,27.03.2019,8,2019,True,0.0046411211698451,0.009796181693673134
5,28.03.2019,8,2019,True,0.0043280211003669,0.009796041063964367
5,29.03.2019,8,2019,True,0.0057852294855622,0.010055522434413433
5,01.04.2019,8,2019,True,0.006082010433902,0.01016553957015276
5,02.04.2019,8,2019,True,0.0084257257517019,0.011418666690587997
5,03.04.2019,8,2019,True,0.0094616915221287,0.011989444494247437
5,04.04.2019,8,2019,True,0.0129248978840377,0.013077549636363983
5,05.04.2019,8,2019,True,0.0123947287926467,0.012246955186128616
5,08.04.2019,8,2019,True,0.0120813269048199,0.009165135212242603
5,09.04.2019,8,2019,True,0.0116696563406467,0.009271463379263878
5,10.04.2019,8,2019,True,0.0093165765611569,0.008962630294263363
5,11.04.2019,8,2019,True,0.0063446120445208,0.009484054520726204
5,12.04.2019,8,2019,True,0.0130358344643279,0.010655509307980537
5,15.04.2019,8,2019,True,0.0112788820183447,0.01071796752512455
5,16.04.2019,8,2019,True,0.0119033703086689,0.013335678726434708
5,17.04.2019,8,2019,True,0.0122205165640559,0.014072412624955177
5,18.04.2019,8,2019,True,0.0209429177820023,0.012724759057164192
5,22.04.2019,8,2019,True,0.0141770359638853,0.012831095606088638
5,23.04.2019,8,2019,True,0.0151344987740408,0.011269754730165005
5,24.04.2019,8,2019,True,0.0148685713659195,0.011045617051422596
5,25.04.2019,8,2019,True,0.015776301832351,0.010838409885764122
5,26.04.2019,8,2019,True,0.0114226692270953,0.010672778822481632
5,29.04.2019,8,2019,True,0.0121541633658147,0.01279278565198183
5,30.04.2019,8,2019,True,0.0116411610431414,0.012001177296042442
5,01.05.2019,8,2019,True,0.0134527821335908,0.013091770000755787
5,02.05.2019,8,2019,True,0.0105754105808305,0.013830132782459259
5,03.05.2019,8,2019,True,0.0107132481709064,0.014746319502592087
5,06.05.2019,8,2019,True,0.0102587188848214,0.012298204936087132
5,07.05.2019,8,2019,True,0.0074127698494249,0.018322382122278214
5,08.05.2019,8,2019,True,0.0074598943571671,0.030024202540516853
5,09.05.2019,8,2019,True,0.0078135158373697,0.02250916138291359
5,10.05.2019,8,2019,True,0.0095003314449814,0.024342812597751617
5,13.05.2019,8,2019,True,0.008955374570181,0.023732155561447144
5,14.05.2019,8,2019,True,0.0072599203801261,0.025396808981895447
5,15.05.2019,8,2019,True,0.0105205668621385,0.01828363910317421
5,16.05.2019,8,2019,True,0.0196013011296534,0.015615913085639477
5,17.05.2019,8,2019,True,0.023187981191523,0.016011830419301987
5,20.05.2019,8,2019,True,0.0270217917035728,0.015345313586294651
5,21.05.2019,8,2019,True,0.0266528068777183,0.016150295734405518
5,22.05.2019,8,2019,True,0.0299191758134275,0.015339142642915249
5,23.05.2019,8,2019,True,0.0271622431590274,0.016646262258291245
5,24.05.2019,8,2019,True,0.0285278579557985,0.02113528549671173
5,28.05.2019,8,2019,True,0.025108956796353,0.022183209657669067
5,29.05.2019,8,2019,True,0.0238078466000291,0.016064098104834557
5,30.05.2019,8,2019,True,0.0295887871672948,0.015305998735129833
5,31.05.2019,8,2019,True,0.0320198916324987,0.014336091466248035
5,03.06.2019,8,2019,True,0.0210064065021398,0.017432786524295807
5,04.06.2019,8,2019,True,0.0205417116202196,0.02270461432635784
5,05.06.2019,8,2019,True,0.0256515135608072,0.021833350881934166
5,06.06.2019,8,2019,True,0.0266842085154147,0.021339531987905502
5,07.06.2019,8,2019,True,0.0236012743315815,0.01892196759581566
5,10.06.2019,8,2019,True,0.0237952996756332,0.01531954761594534
5,11.06.2019,8,2019,True,0.0261723992848263,0.012260126881301403
5,12.06.2019,8,2019,True,0.0169003342306018,0.012328708544373512
5,13.06.2019,8,2019,True,0.0227794287203917,0.018259653821587563
5,14.06.2019,8,2019,True,0.022782883450143,0.01558751706033945
5,17.06.2019,8,2019,True,0.0195358749318943,0.018534019589424133
5,18.06.2019,8,2019,True,0.019450447450313,0.019877538084983826
5,19.06.2019,8,2019,True,0.0181951511477143,0.01848462037742138
5,20.06.2019,8,2019,True,0.0105397886814365,0.017285233363509178
5,21.06.2019,8,2019,True,0.0103935840145205,0.015496654435992241
5,24.06.2019,8,2019,True,0.0158083443545587,0.01515651773661375
5,25.06.2019,8,2019,True,0.024441783536261,0.011345895007252693
5,26.06.2019,8,2019,True,0.0246298502103221,0.011470140889286995
5,27.06.2019,8,2019,True,0.0252529960327119,0.009675915353000164
5,28.06.2019,8,2019,True,0.0251351870342236,0.011847419664263725
5,01.07.2019,8,2019,True,0.0237446064063463,0.0145738385617733
5,02.07.2019,8,2019,True,0.0188698644341893,0.023560766130685806
5,03.07.2019,8,2019,True,0.0202763743981155,0.019882386550307274
5,05.07.2019,8,2019,True,0.0204119792690014,0.022632677108049393
5,08.07.2019,8,2019,True,0.0206267796382954,0.022227803245186806
5,09.07.2019,8,2019,True,0.0274931027131479,0.016038697212934494
5,10.07.2019,8,2019,True,0.0134766094439919,0.01752127707004547
5,11.07.2019,8,2019,True,0.0152918072396323,0.010139179416000843
5,12.07.2019,8,2019,True,0.0170124691158972,0.012411483563482761
5,15.07.2019,8,2019,True,0.0204698469065174,0.014912841841578484
5,16.07.2019,8,2019,True,0.0171457558909283,0.017893830314278603
5,17.07.2019,8,2019,True,0.0170745722454702,0.013900638557970524
5,18.07.2019,8,2019,True,0.0089574681274463,0.017853645607829094
5,19.07.2019,8,2019,True,0.0087455251675615,0.015097120776772499
5,22.07.2019,8,2019,True,0.0071215939907792,0.01653054915368557
5,23.07.2019,8,2019,True,0.0092398655196769,0.010333836078643799
5,24.07.2019,8,2019,True,0.0057173096221521,0.01157147902995348
5,25.07.2019,8,2019,True,0.0367606804779521,0.011149639263749123
5,26.07.2019,8,2019,True,0.0394655698047253,0.012637205421924591
5,29.07.2019,8,2019,True,0.0409596939496368,0.015468196012079716
5,30.07.2019,8,2019,True,0.0378345825158935,0.018785716965794563
5,31.07.2019,8,2019,True,0.0363646729211064,0.019268188625574112
5,01.08.2019,8,2019,True,0.0314804852774762,0.01873265579342842
5,02.08.2019,8,2019,True,0.0307384201909447,0.021673912182450294
5,05.08.2019,8,2019,True,0.0280471886648138,0.017999742180109024
5,06.08.2019,8,2019,True,0.0345935169849484,0.014060961082577705
5,07.08.2019,8,2019,True,0.0280914476045217,0.014479641802608967
5,08.08.2019,8,2019,True,0.030765095800668,0.013576360419392586
5,09.08.2019,8,2019,True,0.029512569955925,0.014784591272473335
5,12.08.2019,8,2019,True,0.0306241591143409,0.017148831859230995
5,13.08.2019,8,2019,True,0.0205543935865663,0.014713451266288757
5,14.08.2019,8,2019,True,0.0145930920797547,0.01228519156575203
5,15.08.2019,8,2019,True,0.0088667425769444,0.01421112660318613
5,16.08.2019,8,2019,True,0.0111287316953794,0.015040346421301365
5,19.08.2019,8,2019,True,0.0076496310359353,0.014258348383009434
5,20.08.2019,8,2019,True,0.0105472754211265,0.01706412062048912
5,21.08.2019,8,2019,True,0.0132739513596735,0.014716899022459984
5,22.08.2019,8,2019,True,0.0131100177684739,0.018035676330327988
5,23.08.2019,8,2019,True,0.0133661309738835,0.0173194482922554
5,26.08.2019,8,2019,True,0.0223009327402245,0.016804276034235954
5,27.08.2019,8,2019,True,0.0292306574147807,0.013662244193255901
5,28.08.2019,8,2019,True,0.0284374392850045,0.014122341759502888
5,29.08.2019,8,2019,True,0.0284322075743836,0.012580064125359058
5,30.08.2019,8,2019,True,0.0281509233270529,0.016099631786346436
5,03.09.2019,8,2019,True,0.0170054519406337,0.014254705980420113
5,04.09.2019,8,2019,True,0.016250570313768,0.015345267951488495
5,05.09.2019,8,2019,True,0.0163767180790026,0.017056230455636978
5,06.09.2019,8,2019,True,0.0150884975390755,0.01856067031621933
5,09.09.2019,8,2019,True,0.0659707389590596,0.016542671248316765
5,10.09.2019,8,2019,True,0.0767449004681863,0.018115095794200897
5,11.09.2019,8,2019,True,0.0757637506495887,0.018430517986416817
5,12.09.2019,8,2019,True,0.0752297186792784,0.01891295611858368
5,13.09.2019,8,2019,True,0.0751898147717525,0.019824467599391937
5,16.09.2019,8,2019,True,0.0320645322856537,0.017671503126621246
5,17.09.2019,8,2019,True,0.0159400789931638,0.030322518199682236
5,18.09.2019,8,2019,True,0.0154434498056437,0.028190895915031433
5,19.09.2019,8,2019,True,0.0138423354152751,0.026329081505537033
5,20.09.2019,8,2019,True,0.0140930668194394,0.025907712057232857
5,23.09.2019,8,2019,True,0.0117244119930179,0.024667223915457726
5,24.09.2019,8,2019,True,0.0134197510344881,0.019834773615002632
5,25.09.2019,8,2019,True,0.0136279185016697,0.01911008171737194
5,26.09.2019,8,2019,True,0.0116382823431354,0.018489310517907143
5,27.09.2019,8,2019,True,0.0172998567063652,0.018223069608211517
5,30.09.2019,8,2019,True,0.0174523500807843,0.018461326137185097
5,01.10.2019,8,2019,True,0.0115360055013652,0.021300097927451134
5,02.10.2019,8,2019,True,0.005277352286438,0.022783176973462105
5,03.10.2019,8,2019,True,0.0070373235174042,0.021844586357474327
5,04.10.2019,8,2019,True,0.0109394799259963,0.02433636598289013
5,07.10.2019,8,2019,True,0.0162387657683772,0.020365538075566292
5,08.10.2019,8,2019,True,0.0173284267231663,0.020068727433681488
5,09.10.2019,8,2019,True,0.0178638931689887,0.020483504980802536
5,10.10.2019,8,2019,True,0.0173218055612113,0.01895701326429844
5,11.10.2019,8,2019,True,0.0130641859288332,0.02077089250087738
5,14.10.2019,8,2019,True,0.0103175583380513,0.01983000338077545
5,15.10.2019,8,2019,True,0.0103776162891288,0.01971224695444107
5,16.10.2019,8,2019,True,0.0139109367998558,0.018493779003620148
5,17.10.2019,8,2019,True,0.0139078638268493,0.018506309017539024
5,18.10.2019,8,2019,True,0.0116098018639713,0.017238084226846695
5,21.10.2019,8,2019,True,0.0114384274904814,0.018461713567376137
5,22.10.2019,8,2019,True,0.0117137662890093,0.015786616131663322
5,23.10.2019,8,2019,True,0.0098968167008682,0.0171216931194067
5,24.10.2019,8,2019,True,0.0082210439332529,0.015814324840903282
5,25.10.2019,8,2019,True,0.0151486894781646,0.0158800408244133
5,28.10.2019,8,2019,True,0.015039194046301,0.014699326828122139
5,29.10.2019,8,2019,True,0.0158138252276729,0.017179002985358238
5,30.10.2019,8,2019,True,0.0169888517750514,0.018984459340572357
5,31.10.2019,8,2019,True,0.0160905959845041,0.021122220903635025
5,01.11.2019,8,2019,True,0.0129008082612136,0.021193966269493103
5,04.11.2019,8,2019,True,0.0130189482499677,0.020020674914121628
5,05.11.2019,8,2019,True,0.0107733937509023,0.020133767277002335
5,06.11.2019,8,2019,True,0.0056357902461286,0.019716279581189156
5,07.11.2019,8,2019,True,0.0042156189682767,0.014167031273245811
5,08.11.2019,8,2019,True,0.0085295963152964,0.013789167627692223
5,11.11.2019,8,2019,True,0.0109337005763876,0.013813151977956295
5,12.11.2019,8,2019,True,0.0159955910507039,0.019981328397989273
5,13.11.2019,8,2019,True,0.0203262254408818,0.01837046444416046
5,14.11.2019,8,2019,True,0.0230471484084728,0.020414454862475395
5,15.11.2019,8,2019,True,0.0228402460028174,0.023172862827777863
5,18.11.2019,8,2019,True,0.0214654816850295,0.01592211239039898
5,19.11.2019,8,2019,True,0.0143055460064997,0.021144777536392212
5,20.11.2019,8,2019,True,0.0130766580889384,0.018605927005410194
5,21.11.2019,8,2019,True,0.0136924615972009,0.015739943832159042
5,22.11.2019,8,2019,True,0.0163500734161195,0.015443293377757072
5,25.11.2019,8,2019,True,0.0154715255404578,0.01704649068415165
5,26.11.2019,8,2019,True,0.024686585239586,0.011782466433942318
5,27.11.2019,8,2019,True,0.0251129533115537,0.011754576116800308
5,29.11.2019,8,2019,True,0.0219904486745185,0.01193725224584341
5,02.12.2019,8,2019,True,0.0155258343889469,0.014600338414311409
5,03.12.2019,8,2019,True,0.0149736834227063,0.016662493348121643
5,04.12.2019,8,2019,True,0.0094565791410001,0.016309799626469612
5,05.12.2019,8,2019,True,0.0096115235428199,0.01432530302554369
5,06.12.2019,8,2019,True,0.0096493688736199,0.01566723734140396
5,09.12.2019,8,2019,True,0.0093178669736796,0.01541522704064846
5,10.12.2019,8,2019,True,0.0098742564973966,0.013888616114854813
5,11.12.2019,8,2019,True,0.0062915907181347,0.014941041357815266
5,12.12.2019,8,2019,True,0.0063535476577686,0.014095119200646877
5,13.12.2019,8,2019,True,0.0064505981364874,0.014028219506144524
5,16.12.2019,8,2019,True,0.0064363735631864,0.01349248830229044
5,17.12.2019,8,2019,True,0.006621590452959,0.014811462722718716
5,18.12.2019,8,2019,True,0.0071770886715892,0.01356593333184719
5,19.12.2019,8,2019,True,0.007210126877446,0.011885643005371094
5,20.12.2019,8,2019,True,0.0041956261058787,0.009899452328681946
5,23.12.2019,8,2019,True,0.0200052027758013,0.011711733415722847
5,24.12.2019,8,2019,True,0.0189371834944917,0.010327997617423534
5,26.12.2019,8,2019,True,0.0252814036333982,0.010352350771427155
5,27.12.2019,8,2019,True,0.0253001040079775,0.00889815203845501
5,30.12.2019,8,2019,True,0.0257553704792599,0.010231714695692062
5,31.12.2019,8,2019,True,0.0279041890765627,0.016355086117982864
22,02.01.2019,8,2019,True,0.018378355605612,0.03313618153333664
22,03.01.2019,8,2019,True,0.0183888321712958,0.03332909941673279
22,04.01.2019,8,2019,True,0.01815102928158,0.032622553408145905
22,07.01.2019,8,2019,True,0.018710697440277,0.03182150423526764
22,08.01.2019,8,2019,True,0.0181673465514491,0.028461143374443054
22,09.01.2019,8,2019,True,0.0156055629813103,0.02341512031853199
22,10.01.2019,8,2019,True,0.0158989033076076,0.020684462040662766
22,11.01.2019,8,2019,True,0.0156899314835488,0.01899295672774315
22,14.01.2019,8,2019,True,0.014664831137727,0.019457153975963593
22,15.01.2019,8,2019,True,0.0145248199268212,0.021513309329748154
22,16.01.2019,8,2019,True,0.0144379700830991,0.02060549706220627
22,17.01.2019,8,2019,True,0.0144246980769025,0.020140275359153748
22,18.01.2019,8,2019,True,0.0137081902151916,0.018901707604527473
22,22.01.2019,8,2019,True,0.0127840979086089,0.018827108666300774
22,23.01.2019,8,2019,True,0.0152378141137124,0.019919777289032936
22,24.01.2019,8,2019,True,0.015244168445671,0.019147930666804314
22,25.01.2019,8,2019,True,0.0155295074310064,0.020012253895401955
22,28.01.2019,8,2019,True,0.0140169037160408,0.019559815526008606
22,29.01.2019,8,2019,True,0.0139414379162867,0.02078251540660858
22,30.01.2019,8,2019,True,0.0139997444316343,0.018842855468392372
22,31.01.2019,8,2019,True,0.0139979193345814,0.019288035109639168
22,01.02.2019,8,2019,True,0.0139818743724955,0.019524166360497475
22,04.02.2019,8,2019,True,0.0138921446972868,0.018547650426626205
22,05.02.2019,8,2019,True,0.0138909049117274,0.017554201185703278
22,06.02.2019,8,2019,True,0.013932660511426,0.019357964396476746
22,07.02.2019,8,2019,True,0.0132222672056349,0.01651625707745552
22,08.02.2019,8,2019,True,0.0133538490585703,0.01799488253891468
22,11.02.2019,8,2019,True,0.0131629199649897,0.01695340685546398
22,12.02.2019,8,2019,True,0.012983162039092,0.01788078062236309
22,13.02.2019,8,2019,True,0.0125264434063898,0.018669208511710167
22,14.02.2019,8,2019,True,0.0122260400975592,0.01860426925122738
22,15.02.2019,8,2019,True,0.0113300773481023,0.017803272232413292
22,19.02.2019,8,2019,True,0.0115582900798393,0.016951285302639008
22,20.02.2019,8,2019,True,0.0117268469360672,0.01771615445613861
22,21.02.2019,8,2019,True,0.0117410452499077,0.01737927831709385
22,22.02.2019,8,2019,True,0.0119796965363581,0.01734151877462864
22,25.02.2019,8,2019,True,0.0088546718158794,0.017042584717273712
22,26.02.2019,8,2019,True,0.0087995799301478,0.01924983784556389
22,27.02.2019,8,2019,True,0.0081780252932215,0.017629243433475494
22,28.02.2019,8,2019,True,0.0081877883494997,0.016309821978211403
22,01.03.2019,8,2019,True,0.0073122800067427,0.015873990952968597
22,04.03.2019,8,2019,True,0.0072150793214381,0.016732368618249893
22,05.03.2019,8,2019,True,0.0072184662457676,0.016759419813752174
22,06.03.2019,8,2019,True,0.0075929276787342,0.015118928626179695
22,07.03.2019,8,2019,True,0.0077686566365135,0.014649348333477974
22,08.03.2019,8,2019,True,0.0076631394501808,0.016539648175239563
22,11.03.2019,8,2019,True,0.0078663851120522,0.013865090906620026
22,12.03.2019,8,2019,True,0.0085714726576124,0.01970755308866501
22,13.03.2019,8,2019,True,0.0084213601129301,0.01742839254438877
22,14.03.2019,8,2019,True,0.0084400140993278,0.017784059047698975
22,15.03.2019,8,2019,True,0.0084626651003274,0.01843743398785591
22,18.03.2019,8,2019,True,0.0084904422648142,0.016590196639299393
22,19.03.2019,8,2019,True,0.0084947920832314,0.018792370334267616
22,20.03.2019,8,2019,True,0.0098826961588997,0.020225755870342255
22,21.03.2019,8,2019,True,0.0094632527398976,0.020345188677310944
22,22.03.2019,8,2019,True,0.0087574972110454,0.02006501890718937
22,25.03.2019,8,2019,True,0.0089050107816146,0.019625352695584297
22,26.03.2019,8,2019,True,0.011427739851181,0.01068955846130848
22,27.03.2019,8,2019,True,0.0114176413637232,0.010637055151164532
22,28.03.2019,8,2019,True,0.0115146298387829,0.010489227250218391
22,29.03.2019,8,2019,True,0.0117177504999847,0.010298068635165691
22,01.04.2019,8,2019,True,0.0125478869905457,0.010725951753556728
22,02.04.2019,8,2019,True,0.0125153041082776,0.011017484590411186
22,03.04.2019,8,2019,True,0.0125444802786175,0.011093932203948498
22,04.04.2019,8,2019,True,0.0132855333851044,0.010735094547271729
22,05.04.2019,8,2019,True,0.0130504329548585,0.010278681293129921
22,08.04.2019,8,2019,True,0.0128296680463817,0.009276118129491806
22,09.04.2019,8,2019,True,0.0127690158185314,0.011397323571145535
22,10.04.2019,8,2019,True,0.0123186011609623,0.012082966044545174
22,11.04.2019,8,2019,True,0.0124402393733659,0.012115697376430035
22,12.04.2019,8,2019,True,0.0123513733661443,0.01291600987315178
22,15.04.2019,8,2019,True,0.0125311484532772,0.013068241067230701
22,16.04.2019,8,2019,True,0.0125141567489697,0.014058517292141914
22,17.04.2019,8,2019,True,0.0125334789861669,0.014063664712011814
22,18.04.2019,8,2019,True,0.0125057475192078,0.01400708220899105
22,22.04.2019,8,2019,True,0.01128949449958,0.012542339973151684
22,23.04.2019,8,2019,True,0.0145985721153259,0.014147069305181503
22,24.04.2019,8,2019,True,0.0150616336714833,0.015112735331058502
22,25.04.2019,8,2019,True,0.0159221094150543,0.013808852061629295
22,26.04.2019,8,2019,True,0.0148029310977614,0.013845227658748627
22,29.04.2019,8,2019,True,0.0166854458524931,0.016966523602604866
22,30.04.2019,8,2019,True,0.01777375831628,0.014634165912866592
22,01.05.2019,8,2019,True,0.0202569336503353,0.015078254044055939
22,02.05.2019,8,2019,True,0.0204268076459996,0.015147357247769833
22,03.05.2019,8,2019,True,0.0206250842116443,0.016185199841856956
22,06.05.2019,8,2019,True,0.0211000878526112,0.016110995784401894
22,07.05.2019,8,2019,True,0.0219851240462602,0.019512861967086792
22,08.05.2019,8,2019,True,0.021957624264914,0.02422679215669632
22,09.05.2019,8,2019,True,0.021954116455309,0.021867727860808372
22,10.05.2019,8,2019,True,0.0229039207681401,0.021859662607312202
22,13.05.2019,8,2019,True,0.0237547395533535,0.021520493552088737
22,14.05.2019,8,2019,True,0.0236426937135979,0.020930446684360504
22,15.05.2019,8,2019,True,0.0235488150383417,0.016996396705508232
22,16.05.2019,8,2019,True,0.0239038673285146,0.016329560428857803
22,17.05.2019,8,2019,True,0.0239055174811881,0.016210900619626045
22,20.05.2019,8,2019,True,0.0260668126294439,0.0165533609688282
22,21.05.2019,8,2019,True,0.0262568460396797,0.016663743183016777
22,22.05.2019,8,2019,True,0.0261208710988791,0.016450533643364906
22,23.05.2019,8,2019,True,0.0243617170031403,0.016841085627675056
22,24.05.2019,8,2019,True,0.024673583447862,0.01811397820711136
22,28.05.2019,8,2019,True,0.0241930296976426,0.01821622997522354
22,29.05.2019,8,2019,True,0.0241450349377847,0.015693815425038338
22,30.05.2019,8,2019,True,0.0232693603039489,0.016865480691194534
22,31.05.2019,8,2019,True,0.0236893244171332,0.01567927934229374
22,03.06.2019,8,2019,True,0.0214462295967118,0.025836249813437462
22,04.06.2019,8,2019,True,0.021370926535752,0.024105142802000046
22,05.06.2019,8,2019,True,0.0207403423785823,0.02148086205124855
22,06.06.2019,8,2019,True,0.0204882181500688,0.02342710830271244
22,07.06.2019,8,2019,True,0.0217722298927689,0.019221661612391472
22,10.06.2019,8,2019,True,0.02149961832745,0.017677288502454758
22,11.06.2019,8,2019,True,0.0214892853590134,0.01685205288231373
22,12.06.2019,8,2019,True,0.0195200348878086,0.016210442408919334
22,13.06.2019,8,2019,True,0.0206444511400737,0.018914753571152687
22,14.06.2019,8,2019,True,0.0207163421001156,0.019215987995266914
22,17.06.2019,8,2019,True,0.0212560101794129,0.019006596878170967
22,18.06.2019,8,2019,True,0.0209236974550287,0.022476352751255035
22,19.06.2019,8,2019,True,0.0210467333979372,0.018843289464712143
22,20.06.2019,8,2019,True,0.0191072119323889,0.019272619858384132
22,21.06.2019,8,2019,True,0.0190199516825753,0.01808781921863556
22,24.06.2019,8,2019,True,0.0190259695897141,0.018753862008452415
22,25.06.2019,8,2019,True,0.0190118416359866,0.02285415679216385
22,26.06.2019,8,2019,True,0.018350331856282,0.02325936034321785
22,27.06.2019,8,2019,True,0.0187281103830239,0.022597648203372955
22,28.06.2019,8,2019,True,0.0188085288435424,0.028398964554071426
22,01.07.2019,8,2019,True,0.0241276068638128,0.023204559460282326
22,02.07.2019,8,2019,True,0.0231303752458811,0.022163935005664825
22,03.07.2019,8,2019,True,0.023613249405091,0.021477947011590004
22,05.07.2019,8,2019,True,0.0236427974088696,0.02056124433875084
22,08.07.2019,8,2019,True,0.0253589715651013,0.019854895770549774
22,09.07.2019,8,2019,True,0.0259383487226522,0.017188629135489464
22,10.07.2019,8,2019,True,0.0242687687222322,0.01723346672952175
22,11.07.2019,8,2019,True,0.0243102861700946,0.016300268471240997
22,12.07.2019,8,2019,True,0.0266255539237806,0.015559149906039238
22,15.07.2019,8,2019,True,0.0272084924331109,0.015955321490764618
22,16.07.2019,8,2019,True,0.0267668425877826,0.023897022008895874
22,17.07.2019,8,2019,True,0.0268381758014288,0.01997477561235428
22,18.07.2019,8,2019,True,0.0266905524440899,0.024570001289248466
22,19.07.2019,8,2019,True,0.0266323646553737,0.022989938035607338
22,22.07.2019,8,2019,True,0.0264799358496472,0.025198020040988922
22,23.07.2019,8,2019,True,0.0263738513446103,0.01598936878144741
22,24.07.2019,8,2019,True,0.0263673098055065,0.016617439687252045
22,25.07.2019,8,2019,True,0.0263824143143768,0.016712680459022522
22,26.07.2019,8,2019,True,0.026622673344635,0.015324875712394714
22,29.07.2019,8,2019,True,0.0269045042144759,0.01794857531785965
22,30.07.2019,8,2019,True,0.0267418671115611,0.017819058150053024
22,31.07.2019,8,2019,True,0.0267058438074856,0.01636613719165325
22,01.08.2019,8,2019,True,0.0228663921806607,0.016045762225985527
22,02.08.2019,8,2019,True,0.0240982005399455,0.01975490152835846
22,05.08.2019,8,2019,True,0.0229329753878588,0.017608867958188057
22,06.08.2019,8,2019,True,0.0227344373387302,0.016817327588796616
22,07.08.2019,8,2019,True,0.0201037920522426,0.017517082393169403
22,08.08.2019,8,2019,True,0.0198727582015167,0.017919117584824562
22,09.08.2019,8,2019,True,0.0204710750127963,0.01808173581957817
22,12.08.2019,8,2019,True,0.0205571561024952,0.017645571380853653
22,13.08.2019,8,2019,True,0.0180394458561265,0.01807684823870659
22,14.08.2019,8,2019,True,0.0334782657619046,0.013973288238048553
22,15.08.2019,8,2019,True,0.0365747278929496,0.01871674321591854
22,16.08.2019,8,2019,True,0.0368041464468161,0.016622349619865417
22,19.08.2019,8,2019,True,0.0367096330186114,0.01650696061551571
22,20.08.2019,8,2019,True,0.0367250569013877,0.017263859510421753
22,21.08.2019,8,2019,True,0.0367365781752338,0.018646318465471268
22,22.08.2019,8,2019,True,0.0372215876554215,0.02016894891858101
22,23.08.2019,8,2019,True,0.0372476725353273,0.021376142278313637
22,26.08.2019,8,2019,True,0.0371366169238753,0.02204975113272667
22,27.08.2019,8,2019,True,0.0372133816636474,0.02127566561102867
22,28.08.2019,8,2019,True,0.0373044783005081,0.02084454894065857
22,29.08.2019,8,2019,True,0.0378394011386336,0.02016935683786869
22,30.08.2019,8,2019,True,0.038010233870419,0.019465556368231773
22,03.09.2019,8,2019,True,0.0372231841682419,0.01883905567228794
22,04.09.2019,8,2019,True,0.0361724319235115,0.018281733617186546
22,05.09.2019,8,2019,True,0.0361503602376157,0.014979303814470768
22,06.09.2019,8,2019,True,0.0360574181398215,0.017511097714304924
22,09.09.2019,8,2019,True,0.035810128701943,0.017263920977711678
22,10.09.2019,8,2019,True,0.0359822880950648,0.019124625250697136
22,11.09.2019,8,2019,True,0.0360071904059839,0.020488549023866653
22,12.09.2019,8,2019,True,0.0362128924926831,0.020347878336906433
22,13.09.2019,8,2019,True,0.0362687379920925,0.021069100126624107
22,16.09.2019,8,2019,True,0.0197149171482064,0.019534079357981682
22,17.09.2019,8,2019,True,0.0146598826451485,0.029049452394247055
22,18.09.2019,8,2019,True,0.0144809165254845,0.02714443765580654
22,19.09.2019,8,2019,True,0.0140810822064652,0.02264363504946232
22,20.09.2019,8,2019,True,0.0145104185290833,0.022281093522906303
22,23.09.2019,8,2019,True,0.0155154724754435,0.02373853139579296
22,24.09.2019,8,2019,True,0.0147422521854018,0.02300872839987278
22,25.09.2019,8,2019,True,0.014622671791748,0.02253749780356884
22,26.09.2019,8,2019,True,0.0146344485270958,0.022151175886392593
22,27.09.2019,8,2019,True,0.014367862142307,0.022683558985590935
22,30.09.2019,8,2019,True,0.0142326699819119,0.0226523969322443
22,01.10.2019,8,2019,True,0.0124841882472798,0.025762835517525673
22,02.10.2019,8,2019,True,0.0124240671467985,0.02465076372027397
22,03.10.2019,8,2019,True,0.0124376909547153,0.024624355137348175
22,04.10.2019,8,2019,True,0.012502401568489,0.027450593188405037
22,07.10.2019,8,2019,True,0.0134177920994218,0.023448187857866287
22,08.10.2019,8,2019,True,0.0134437082692521,0.02331249788403511
22,09.10.2019,8,2019,True,0.0134387074015018,0.023483233526349068
22,10.10.2019,8,2019,True,0.0133551755468653,0.022420186549425125
22,11.10.2019,8,2019,True,0.0125007281879386,0.025023341178894043
22,14.10.2019,8,2019,True,0.0116473842820173,0.023949220776557922
22,15.10.2019,8,2019,True,0.0113401031943577,0.019512394443154335
22,16.10.2019,8,2019,True,0.0115588954757002,0.021692516282200813
22,17.10.2019,8,2019,True,0.0120110011559921,0.021706996485590935
22,18.10.2019,8,2019,True,0.0131429111131125,0.021880142390727997
22,21.10.2019,8,2019,True,0.0138578978532596,0.02165910415351391
22,22.10.2019,8,2019,True,0.0145143684969379,0.018925949931144714
22,23.10.2019,8,2019,True,0.0139291142044223,0.018859831616282463
22,24.10.2019,8,2019,True,0.013865477193288,0.01783168315887451
22,25.10.2019,8,2019,True,0.0139504015049045,0.017921362072229385
22,28.10.2019,8,2019,True,0.0138544286985189,0.01789838634431362
22,29.10.2019,8,2019,True,0.0150525331370444,0.018357012420892715
22,30.10.2019,8,2019,True,0.0155953752123728,0.01827504299581051
22,31.10.2019,8,2019,True,0.0155341971826202,0.016965335234999657
22,01.11.2019,8,2019,True,0.016501505515491,0.01862717978656292
22,04.11.2019,8,2019,True,0.0164860913990641,0.01679150201380253
22,05.11.2019,8,2019,True,0.0165786633750559,0.01666436158120632
22,06.11.2019,8,2019,True,0.0159530380984494,0.015107505954802036
22,07.11.2019,8,2019,True,0.0158749772478194,0.015252587385475636
22,08.11.2019,8,2019,True,0.0160424947528066,0.015016020275652409
22,11.11.2019,8,2019,True,0.0160403469142644,0.014563463628292084
22,12.11.2019,8,2019,True,0.0163040014283317,0.016159716993570328
22,13.11.2019,8,2019,True,0.0162927522415059,0.016684962436556816
22,14.11.2019,8,2019,True,0.0163931943234422,0.017962336540222168
22,15.11.2019,8,2019,True,0.0161132823420251,0.01714221201837063
22,18.11.2019,8,2019,True,0.0157387808500318,0.01646462269127369
22,19.11.2019,8,2019,True,0.0146355322720192,0.020793793722987175
22,20.11.2019,8,2019,True,0.0139081108481313,0.02097989432513714
22,21.11.2019,8,2019,True,0.013194629227228,0.016512686386704445
22,22.11.2019,8,2019,True,0.0130574081525504,0.018151169642806053
22,25.11.2019,8,2019,True,0.0130559931155055,0.018254833295941353
22,26.11.2019,8,2019,True,0.0129759324201012,0.020516742020845413
22,27.11.2019,8,2019,True,0.0154028818363653,0.02051931992173195
22,29.11.2019,8,2019,True,0.0141629058302357,0.020073534920811653
22,02.12.2019,8,2019,True,0.0143881902540877,0.022308479994535446
22,03.12.2019,8,2019,True,0.0143043977071671,0.01823285222053528
22,04.12.2019,8,2019,True,0.0130189752612926,0.018391624093055725
22,05.12.2019,8,2019,True,0.0162729460569224,0.01803901232779026
22,06.12.2019,8,2019,True,0.0159654564840718,0.01760745607316494
22,09.12.2019,8,2019,True,0.016018516802522,0.017997637391090393
22,10.12.2019,8,2019,True,0.0162391609493349,0.01708468608558178
22,11.12.2019,8,2019,True,0.01612175098929,0.01593993790447712
22,12.12.2019,8,2019,True,0.016133513918163,0.015836821869015694
22,13.12.2019,8,2019,True,0.0158971843876774,0.01592729426920414
22,16.12.2019,8,2019,True,0.0159129792952334,0.01581435650587082
22,17.12.2019,8,2019,True,0.0157031794165358,0.01474633440375328
22,18.12.2019,8,2019,True,0.0162901850810411,0.015199057757854462
22,19.12.2019,8,2019,True,0.0165659723181171,0.016471100971102715
22,20.12.2019,8,2019,True,0.0170398161977378,0.014009019359946251
22,23.12.2019,8,2019,True,0.0174087851350005,0.013972966000437737
22,24.12.2019,8,2019,True,0.0170887398341578,0.014552010223269463
22,26.12.2019,8,2019,True,0.0168757456262941,0.014479495584964752
22,27.12.2019,8,2019,True,0.0172565206128428,0.012837075628340244
22,30.12.2019,8,2019,True,0.0171128529006658,0.014088490977883339
22,31.12.2019,8,2019,True,0.020352521233539,0.014262189157307148
66,02.01.2019,8,2019,True,0.013892470311563,0.02955814264714718
66,03.01.2019,8,2019,True,0.0138296762482788,0.029927445575594902
66,04.01.2019,8,2019,True,0.0137678341606737,0.027083847671747208
66,07.01.2019,8,2019,True,0.0139083932198507,0.027373239398002625
66,08.01.2019,8,2019,True,0.0136933465399901,0.027014514431357384
66,09.01.2019,8,2019,True,0.0126662260458912,0.024009747430682182
66,10.01.2019,8,2019,True,0.0126816430135304,0.023041831329464912
66,11.01.2019,8,2019,True,0.0123917146422495,0.021022172644734383
66,14.01.2019,8,2019,True,0.0119075483698114,0.02111688256263733
66,15.01.2019,8,2019,True,0.0119323253328585,0.020449938252568245
66,16.01.2019,8,2019,True,0.0118965054623702,0.01988302730023861
66,17.01.2019,8,2019,True,0.0118816451334252,0.020063281059265137
66,18.01.2019,8,2019,True,0.0115932285505375,0.019204601645469666
66,22.01.2019,8,2019,True,0.0119733855554211,0.018485290929675102
66,23.01.2019,8,2019,True,0.0119389945321347,0.02061987854540348
66,24.01.2019,8,2019,True,0.0119719928283068,0.02085796184837818
66,25.01.2019,8,2019,True,0.012024088032112,0.021558474749326706
66,28.01.2019,8,2019,True,0.0117451576701185,0.020720554515719414
66,29.01.2019,8,2019,True,0.0114650871891092,0.021584853529930115
66,30.01.2019,8,2019,True,0.0114656185785852,0.021749189123511314
66,31.01.2019,8,2019,True,0.0117635025358951,0.0198899544775486
66,01.02.2019,8,2019,True,0.0117772352025941,0.0198899544775486
66,04.02.2019,8,2019,True,0.0117325356953848,0.017158517614006996
66,05.02.2019,8,2019,True,0.0116626125794775,0.016804803162813187
66,06.02.2019,8,2019,True,0.0116385350531076,0.01770496554672718
66,07.02.2019,8,2019,True,0.0114991472506276,0.015676960349082947
66,08.02.2019,8,2019,True,0.0114978320936677,0.017481118440628052
66,11.02.2019,8,2019,True,0.0114623916349598,0.015666848048567772
66,12.02.2019,8,2019,True,0.0114035110435034,0.01743108220398426
66,13.02.2019,8,2019,True,0.0112302076078472,0.017757585272192955
66,14.02.2019,8,2019,True,0.0111111138344052,0.01772937923669815
66,15.02.2019,8,2019,True,0.0109242326543313,0.01759927347302437
66,19.02.2019,8,2019,True,0.0123929232436354,0.016982238739728928
66,20.02.2019,8,2019,True,0.0124511504623384,0.017702613025903702
66,21.02.2019,8,2019,True,0.0126942973081101,0.017668353393673897
66,22.02.2019,8,2019,True,0.0127553743061095,0.017565181478857994
66,25.02.2019,8,2019,True,0.0128478988111603,0.01690031588077545
66,26.02.2019,8,2019,True,0.013592176402476,0.017968161031603813
66,27.02.2019,8,2019,True,0.0147796168342536,0.018060775473713875
66,28.02.2019,8,2019,True,0.014848152692679,0.017958808690309525
66,01.03.2019,8,2019,True,0.0149764563452362,0.017958808690309525
66,04.03.2019,8,2019,True,0.0150894669844205,0.017958808690309525
66,05.03.2019,8,2019,True,0.0154421116871993,0.016912546008825302
66,06.03.2019,8,2019,True,0.0155529584393816,0.016271084547042847
66,07.03.2019,8,2019,True,0.0155378693557431,0.016271084547042847
66,08.03.2019,8,2019,True,0.0161685858519286,0.016912546008825302
66,11.03.2019,8,2019,True,0.0163351799719026,0.016137490049004555
66,12.03.2019,8,2019,True,0.0164059145352709,0.016709240153431892
66,13.03.2019,8,2019,True,0.0164292893441097,0.016118688508868217
66,14.03.2019,8,2019,True,0.0166268403528675,0.01627366803586483
66,15.03.2019,8,2019,True,0.0166340011937202,0.016110852360725403
66,18.03.2019,8,2019,True,0.017435408916528,0.016130931675434113
66,19.03.2019,8,2019,True,0.0174997273249219,0.016478683799505234
66,20.03.2019,8,2019,True,0.017425323229794,0.01662519760429859
66,21.03.2019,8,2019,True,0.0173981604229415,0.016478683799505234
66,22.03.2019,8,2019,True,0.0175540041907893,0.016465196385979652
66,25.03.2019,8,2019,True,0.0175509967758002,0.016514863818883896
66,26.03.2019,8,2019,True,0.0174931729598207,0.012922794558107853
66,27.03.2019,8,2019,True,0.0177068528494189,0.012540130876004696
66,28.03.2019,8,2019,True,0.0184154767865588,0.012617820873856544
66,29.03.2019,8,2019,True,0.0186103114450396,0.012517803348600864
66,01.04.2019,8,2019,True,0.0185912734005169,0.012620972469449043
66,02.04.2019,8,2019,True,0.018574832308317,0.013042469508945942
66,03.04.2019,8,2019,True,0.0185763847213386,0.013042469508945942
66,04.04.2019,8,2019,True,0.0193705956622401,0.012436536140739918
66,05.04.2019,8,2019,True,0.0193086388609295,0.012424293905496597
66,08.04.2019,8,2019,True,0.019260576447215,0.010537164285779
66,09.04.2019,8,2019,True,0.0192491412914236,0.012169046327471733
66,10.04.2019,8,2019,True,0.0195226167487621,0.01239142194390297
66,11.04.2019,8,2019,True,0.0195079589756425,0.01319989562034607
66,12.04.2019,8,2019,True,0.0197093983454094,0.01361115463078022
66,15.04.2019,8,2019,True,0.0197508231938422,0.01361115463078022
66,16.04.2019,8,2019,True,0.0197975952600303,0.01217289175838232
66,17.04.2019,8,2019,True,0.0198427372370741,0.01217289175838232
66,18.04.2019,8,2019,True,0.0198523544273471,0.012308087199926376
66,22.04.2019,8,2019,True,0.0194999604045137,0.010808474384248257
66,23.04.2019,8,2019,True,0.0194747674346812,0.01421948242932558
66,24.04.2019,8,2019,True,0.0194865632432494,0.01412727776914835
66,25.04.2019,8,2019,True,0.0196134519443691,0.01364196091890335
66,26.04.2019,8,2019,True,0.0193292097727786,0.013572213239967823
66,29.04.2019,8,2019,True,0.0213060968724697,0.01758558675646782
66,30.04.2019,8,2019,True,0.0214744825820396,0.01620493270456791
66,01.05.2019,8,2019,True,0.0218154547527133,0.016265807673335075
66,02.05.2019,8,2019,True,0.0217605109266602,0.016169028356671333
66,03.05.2019,8,2019,True,0.0224254003441217,0.016777776181697845
66,06.05.2019,8,2019,True,0.0225893759275885,0.016063714399933815
66,07.05.2019,8,2019,True,0.0226762244860814,0.01734514720737934
66,08.05.2019,8,2019,True,0.0226481115606835,0.019742341712117195
66,09.05.2019,8,2019,True,0.02341499613721,0.017772430554032326
66,10.05.2019,8,2019,True,0.0236571450576002,0.018075354397296906
66,13.05.2019,8,2019,True,0.0237658322222658,0.017987076193094254
66,14.05.2019,8,2019,True,0.0237020837453528,0.017358701676130295
66,15.05.2019,8,2019,True,0.0238168435084226,0.016530556604266167
66,16.05.2019,8,2019,True,0.0237669115580825,0.015845587477087975
66,17.05.2019,8,2019,True,0.0237814975561354,0.01588909514248371
66,20.05.2019,8,2019,True,0.0237855081596268,0.015938762575387955
66,21.05.2019,8,2019,True,0.0237898771326651,0.01644226536154747
66,22.05.2019,8,2019,True,0.0237494361349871,0.016392597928643227
66,23.05.2019,8,2019,True,0.0231960936011516,0.01644226536154747
66,24.05.2019,8,2019,True,0.0232264143107858,0.017360500991344452
66,28.05.2019,8,2019,True,0.0231043304347352,0.01729271188378334
66,29.05.2019,8,2019,True,0.0231109207742991,0.018147829920053482
66,30.05.2019,8,2019,True,0.0230808262046337,0.019420074298977852
66,31.05.2019,8,2019,True,0.0232806632841186,0.019959233701229095
66,03.06.2019,8,2019,True,0.022427508967794,0.025035245344042778
66,04.06.2019,8,2019,True,0.0224162359687292,0.025842325761914253
66,05.06.2019,8,2019,True,0.0223453428093032,0.022491591051220894
66,06.06.2019,8,2019,True,0.0222540631758214,0.025337018072605133
66,07.06.2019,8,2019,True,0.022238567014214,0.022219011560082436
66,10.06.2019,8,2019,True,0.0221714376538144,0.021669156849384308
66,11.06.2019,8,2019,True,0.0221729744938234,0.0211867094039917
66,12.06.2019,8,2019,True,0.0274104563910271,0.020933613181114197
66,13.06.2019,8,2019,True,0.0285793260242579,0.021875226870179176
66,14.06.2019,8,2019,True,0.0286119878152896,0.021921293810009956
66,17.06.2019,8,2019,True,0.0285626908924927,0.02222493477165699
66,18.06.2019,8,2019,True,0.0284688320351761,0.025620533153414726
66,19.06.2019,8,2019,True,0.0284730083483953,0.022490624338388443
66,20.06.2019,8,2019,True,0.028194104197776,0.022420957684516907
66,21.06.2019,8,2019,True,0.0281863467626297,0.021981334313750267
66,24.06.2019,8,2019,True,0.0281908858155209,0.022653793916106224
66,25.06.2019,8,2019,True,0.0282313623795551,0.025386251509189606
66,26.06.2019,8,2019,True,0.0281699502012123,0.024238863959908485
66,27.06.2019,8,2019,True,0.0284126664518087,0.023512713611125946
66,28.06.2019,8,2019,True,0.0285048739018006,0.023175440728664398
66,01.07.2019,8,2019,True,0.0283910109463806,0.023464180529117584
66,02.07.2019,8,2019,True,0.0279917923886973,0.020179875195026398
66,03.07.2019,8,2019,True,0.0278373887121292,0.02174127846956253
66,05.07.2019,8,2019,True,0.0278205267846382,0.021206120029091835
66,08.07.2019,8,2019,True,0.0278226965289243,0.02055465243756771
66,09.07.2019,8,2019,True,0.0278805324922263,0.018742883577942848
66,10.07.2019,8,2019,True,0.0274947688988495,0.018646178767085075
66,11.07.2019,8,2019,True,0.027573402965484,0.018365684896707535
66,12.07.2019,8,2019,True,0.0275870540196539,0.017840677872300148
66,15.07.2019,8,2019,True,0.027635632310811,0.018348565325140953
66,16.07.2019,8,2019,True,0.0273897454252999,0.020992029458284378
66,17.07.2019,8,2019,True,0.0273775795749812,0.020820965990424156
66,18.07.2019,8,2019,True,0.0271905692221613,0.022505978122353554
66,19.07.2019,8,2019,True,0.0272147824040889,0.02135086990892887
66,22.07.2019,8,2019,True,0.0273410718822445,0.020216330885887146
66,23.07.2019,8,2019,True,0.0273368381583132,0.01873529516160488
66,24.07.2019,8,2019,True,0.0273199540534664,0.018225761130452156
66,25.07.2019,8,2019,True,0.0273296279561498,0.018560810014605522
66,26.07.2019,8,2019,True,0.0273291186881703,0.017296934500336647
66,29.07.2019,8,2019,True,0.027390316433048,0.017518235370516777
66,30.07.2019,8,2019,True,0.0273204481600764,0.018765388056635857
66,31.07.2019,8,2019,True,0.0274772068651877,0.017142511904239655
66,01.08.2019,8,2019,True,0.0259085487001791,0.017159059643745422
66,02.08.2019,8,2019,True,0.0258093073251935,0.023105232045054436
66,05.08.2019,8,2019,True,0.0255707818508733,0.02216876670718193
66,06.08.2019,8,2019,True,0.0255204730299841,0.020947806537151337
66,07.08.2019,8,2019,True,0.0248092699010238,0.02101253531873226
66,08.08.2019,8,2019,True,0.0247130257741506,0.021553823724389076
66,09.08.2019,8,2019,True,0.0246056520307801,0.02097359672188759
66,12.08.2019,8,2019,True,0.0246107942867736,0.02056635543704033
66,13.08.2019,8,2019,True,0.0239719754234861,0.02124786004424095
66,14.08.2019,8,2019,True,0.0237464876658724,0.019438335672020912
66,15.08.2019,8,2019,True,0.023655898874946,0.02111515775322914
66,16.08.2019,8,2019,True,0.0238560805497587,0.021324696019291878
66,19.08.2019,8,2019,True,0.0239307058152547,0.020682310685515404
66,20.08.2019,8,2019,True,0.0241105335097595,0.01903049647808075
66,21.08.2019,8,2019,True,0.0241380221111664,0.01900208182632923
66,22.08.2019,8,2019,True,0.0241250719410128,0.019250081852078438
66,23.08.2019,8,2019,True,0.0241117095626365,0.01906966045498848
66,26.08.2019,8,2019,True,0.0240714601658914,0.020285435020923615
66,27.08.2019,8,2019,True,0.0242489334529297,0.020356543362140656
66,28.08.2019,8,2019,True,0.0243649819034753,0.019421380013227463
66,29.08.2019,8,2019,True,0.0243362253163437,0.01938265934586525
66,30.08.2019,8,2019,True,0.0246813755267212,0.01959182322025299
66,03.09.2019,8,2019,True,0.024247179460969,0.01963937282562256
66,04.09.2019,8,2019,True,0.0238043318799981,0.019635915756225586
66,05.09.2019,8,2019,True,0.0238038433239245,0.01875223219394684
66,06.09.2019,8,2019,True,0.0237783921577759,0.01856115646660328
66,09.09.2019,8,2019,True,0.0237242028037466,0.01856115646660328
66,10.09.2019,8,2019,True,0.0237363083588288,0.02030068263411522
66,11.09.2019,8,2019,True,0.0235857762449915,0.020761121064424515
66,12.09.2019,8,2019,True,0.0235638676993729,0.019015394151210785
66,13.09.2019,8,2019,True,0.0235931049171671,0.018851833418011665
66,16.09.2019,8,2019,True,0.0164943962700786,0.018814073875546455
66,17.09.2019,8,2019,True,0.0142748728887595,0.02792016603052616
66,18.09.2019,8,2019,True,0.0141706290571725,0.02636810764670372
66,19.09.2019,8,2019,True,0.0140983458817673,0.0217382051050663
66,20.09.2019,8,2019,True,0.0141678554348922,0.02278296835720539
66,23.09.2019,8,2019,True,0.0141958673921497,0.020770838484168053
66,24.09.2019,8,2019,True,0.0137969252862691,0.018830878660082817
66,25.09.2019,8,2019,True,0.0137125496200703,0.01883692294359207
66,26.09.2019,8,2019,True,0.0144646591129063,0.019249308854341507
66,27.09.2019,8,2019,True,0.0143612596857731,0.019180241972208023
66,30.09.2019,8,2019,True,0.0147435839989267,0.019249308854341507
66,01.10.2019,8,2019,True,0.0141418951265388,0.020055091008543968
66,02.10.2019,8,2019,True,0.0139268769474327,0.02024012804031372
66,03.10.2019,8,2019,True,0.0149819010389052,0.0203383918851614
66,04.10.2019,8,2019,True,0.0149391631014451,0.020410967990756035
66,07.10.2019,8,2019,True,0.0149672347423484,0.020149635151028633
66,08.10.2019,8,2019,True,0.0150563629081074,0.019343428313732147
66,09.10.2019,8,2019,True,0.0150609735370205,0.019380340352654457
66,10.10.2019,8,2019,True,0.0150296645526207,0.019220570102334023
66,11.10.2019,8,2019,True,0.0148067750234664,0.01967567391693592
66,14.10.2019,8,2019,True,0.0145892547349147,0.019143525511026382
66,15.10.2019,8,2019,True,0.0145321178703452,0.02136068046092987
66,16.10.2019,8,2019,True,0.0147488998757506,0.019426630809903145
66,17.10.2019,8,2019,True,0.0149154026317968,0.019426630809903145
66,18.10.2019,8,2019,True,0.0151346719171022,0.019371267408132553
66,21.10.2019,8,2019,True,0.0153702634502566,0.018739135935902596
66,22.10.2019,8,2019,True,0.0152975552140348,0.01836555264890194
66,23.10.2019,8,2019,True,0.0150061895679785,0.01775914803147316
66,24.10.2019,8,2019,True,0.0152885013608433,0.017894547432661057
66,25.10.2019,8,2019,True,0.0152676230606584,0.018401164561510086
66,28.10.2019,8,2019,True,0.01722119121145,0.017564311623573303
66,29.10.2019,8,2019,True,0.0172414632231851,0.017712369561195374
66,30.10.2019,8,2019,True,0.0174470195946159,0.017792942002415657
66,31.10.2019,8,2019,True,0.0174472895480884,0.017323223873972893
66,01.11.2019,8,2019,True,0.0171766290229914,0.018208332359790802
66,04.11.2019,8,2019,True,0.0173201558479402,0.017285622656345367
66,05.11.2019,8,2019,True,0.0173275539225087,0.018489284440875053
66,06.11.2019,8,2019,True,0.0177091941328322,0.01778530329465866
66,07.11.2019,8,2019,True,0.0177180783553128,0.01765286549925804
66,08.11.2019,8,2019,True,0.0178581204314884,0.017624659463763237
66,11.11.2019,8,2019,True,0.0178834748520937,0.017432646825909615
66,12.11.2019,8,2019,True,0.0181367765479399,0.017894236370921135
66,13.11.2019,8,2019,True,0.0181294850924761,0.017255740240216255
66,14.11.2019,8,2019,True,0.0181997627237547,0.017793603241443634
66,15.11.2019,8,2019,True,0.0186410687127508,0.017162758857011795
66,18.11.2019,8,2019,True,0.0187901169512584,0.01693149283528328
66,19.11.2019,8,2019,True,0.0188549688911756,0.017303582280874252
66,20.11.2019,8,2019,True,0.0187533948569602,0.017307506874203682
66,21.11.2019,8,2019,True,0.0187813896515569,0.016979271546006203
66,22.11.2019,8,2019,True,0.0191390352627069,0.01706319861114025
66,25.11.2019,8,2019,True,0.0191205392815223,0.017108220607042313
66,26.11.2019,8,2019,True,0.0191004922347447,0.016910040751099586
66,27.11.2019,8,2019,True,0.0192443254175037,0.016884861513972282
66,29.11.2019,8,2019,True,0.0223988816552239,0.016678929328918457
66,02.12.2019,8,2019,True,0.0401241784354601,0.018574830144643784
66,03.12.2019,8,2019,True,0.0415750750698231,0.017940795049071312
66,04.12.2019,8,2019,True,0.0414089294469029,0.01806543953716755
66,05.12.2019,8,2019,True,0.0421515244438962,0.016864070668816566
66,06.12.2019,8,2019,True,0.04218238712395,0.016873111948370934
66,09.12.2019,8,2019,True,0.0442627699982039,0.016337793320417404
66,10.12.2019,8,2019,True,0.0444218031365557,0.015993906185030937
66,11.12.2019,8,2019,True,0.0472830853309683,0.01553474273532629
66,12.12.2019,8,2019,True,0.0506591623348271,0.015296817757189274
66,13.12.2019,8,2019,True,0.0507888104187526,0.015296817757189274
66,16.12.2019,8,2019,True,0.0507888721491509,0.015296817757189274
66,17.12.2019,8,2019,True,0.050742548015644,0.015497265383601189
66,18.12.2019,8,2019,True,0.050785611714088,0.015497265383601189
66,19.12.2019,8,2019,True,0.0508269148170131,0.015646910294890404
66,20.12.2019,8,2019,True,0.0510652452648957,0.014717202633619308
66,23.12.2019,8,2019,True,0.0518632046568396,0.015044535510241985
66,24.12.2019,8,2019,True,0.0517784794849497,0.015385512262582779
66,26.12.2019,8,2019,True,0.0531461950061344,0.015548327006399632
66,27.12.2019,8,2019,True,0.0588577291522032,0.013718702830374241
66,30.12.2019,8,2019,True,0.0614025776139869,0.015385512262582779
66,31.12.2019,8,2019,True,0.0613747934509396,0.016368096694350243
126,02.01.2019,8,2019,True,0.016865246360979,0.030536608770489693
126,03.01.2019,8,2019,True,0.0167980508080535,0.030525024980306625
126,04.01.2019,8,2019,True,0.0167171400734202,0.02818986400961876
126,07.01.2019,8,2019,True,0.0167136671411858,0.027621112763881683
126,08.01.2019,8,2019,True,0.0170165788083586,0.027896469458937645
126,09.01.2019,8,2019,True,0.0165619681885923,0.026240237057209015
126,10.01.2019,8,2019,True,0.016560745465286,0.02411845698952675
126,11.01.2019,8,2019,True,0.0164650471390834,0.02360616624355316
126,14.01.2019,8,2019,True,0.0165738090916502,0.02360616624355316
126,15.01.2019,8,2019,True,0.016427504837841,0.02347644418478012
126,16.01.2019,8,2019,True,0.0165856752723467,0.0232981089502573
126,17.01.2019,8,2019,True,0.0166019392468415,0.0232981089502573
126,18.01.2019,8,2019,True,0.0164952193576408,0.021098174154758453
126,22.01.2019,8,2019,True,0.0164215031877503,0.02045811153948307
126,23.01.2019,8,2019,True,0.0164392079802365,0.02332676388323307
126,24.01.2019,8,2019,True,0.0164411668616704,0.022736676037311554
126,25.01.2019,8,2019,True,0.0164229113826575,0.021126829087734222
126,28.01.2019,8,2019,True,0.0162271329349644,0.019981419667601585
126,29.01.2019,8,2019,True,0.0161600055000157,0.021981462836265564
126,30.01.2019,8,2019,True,0.0161644222129085,0.0207859817892313
126,31.01.2019,8,2019,True,0.0174803062782358,0.019731555134058
126,01.02.2019,8,2019,True,0.0175988886956035,0.019229939207434654
126,04.02.2019,8,2019,True,0.0178353344418164,0.017884386703372
126,05.02.2019,8,2019,True,0.0178661692976055,0.017912615090608597
126,06.02.2019,8,2019,True,0.0183110929006283,0.018307359889149666
126,07.02.2019,8,2019,True,0.0183487169658662,0.017912615090608597
126,08.02.2019,8,2019,True,0.0184245872877697,0.017870740965008736
126,11.02.2019,8,2019,True,0.0184068022972013,0.017575610429048538
126,12.02.2019,8,2019,True,0.0188101067472644,0.017451127991080284
126,13.02.2019,8,2019,True,0.0189200655001035,0.01762356422841549
126,14.02.2019,8,2019,True,0.0189576037800997,0.017492933198809624
126,15.02.2019,8,2019,True,0.0188212500347477,0.01732049696147442
126,19.02.2019,8,2019,True,0.0188985656952048,0.01686394400894642
126,20.02.2019,8,2019,True,0.0188829981176363,0.017320776358246803
126,21.02.2019,8,2019,True,0.0188889536466782,0.017151838168501854
126,22.02.2019,8,2019,True,0.0188946867464054,0.017151838168501854
126,25.02.2019,8,2019,True,0.0186507069210778,0.016485892236232758
126,26.02.2019,8,2019,True,0.0186598156673283,0.017555810511112213
126,27.02.2019,8,2019,True,0.0186295656579612,0.017425179481506348
126,28.02.2019,8,2019,True,0.01868772039841,0.017425179481506348
126,01.03.2019,8,2019,True,0.0186682083405282,0.017425179481506348
126,04.03.2019,8,2019,True,0.018669733391073,0.017555810511112213
126,05.03.2019,8,2019,True,0.0189387310059044,0.016102170571684837
126,06.03.2019,8,2019,True,0.0193034207941268,0.015436219982802868
126,07.03.2019,8,2019,True,0.0193022106631377,0.015305589884519577
126,08.03.2019,8,2019,True,0.0193110040129075,0.015971539542078972
126,11.03.2019,8,2019,True,0.0193377679099839,0.015136649832129478
126,12.03.2019,8,2019,True,0.0193387343640404,0.015014789998531342
126,13.03.2019,8,2019,True,0.0194264891647512,0.014724484644830227
126,14.03.2019,8,2019,True,0.0194313991040954,0.014724484644830227
126,15.03.2019,8,2019,True,0.0194320548595738,0.014724484644830227
126,18.03.2019,8,2019,True,0.0229542423325098,0.014549480751156807
126,19.03.2019,8,2019,True,0.0237201865191683,0.016022758558392525
126,20.03.2019,8,2019,True,0.0237239142443463,0.016022758558392525
126,21.03.2019,8,2019,True,0.0237391047226086,0.016022758558392525
126,22.03.2019,8,2019,True,0.0237154757051132,0.016022758558392525
126,25.03.2019,8,2019,True,0.0237245062610255,0.016022758558392525
126,26.03.2019,8,2019,True,0.0238125040408925,0.014394404366612434
126,27.03.2019,8,2019,True,0.0238313429695261,0.014039124362170696
126,28.03.2019,8,2019,True,0.0238378261815173,0.014039124362170696
126,29.03.2019,8,2019,True,0.023850705372405,0.014039124362170696
126,01.04.2019,8,2019,True,0.0238856537651834,0.014039124362170696
126,02.04.2019,8,2019,True,0.0240335553576121,0.0140299741178751
126,03.04.2019,8,2019,True,0.0240948473234417,0.0140299741178751
126,04.04.2019,8,2019,True,0.0240941265814274,0.0140299741178751
126,05.04.2019,8,2019,True,0.0240845257856604,0.013767139986157417
126,08.04.2019,8,2019,True,0.0240597359486857,0.012296788394451141
126,09.04.2019,8,2019,True,0.0240549656354486,0.013429203070700169
126,10.04.2019,8,2019,True,0.0240064724051278,0.014150422997772694
126,11.04.2019,8,2019,True,0.024022609664325,0.014150422997772694
126,12.04.2019,8,2019,True,0.0241042061130941,0.01516239158809185
126,15.04.2019,8,2019,True,0.0241553464353252,0.01516239158809185
126,16.04.2019,8,2019,True,0.0241545949086663,0.013749836012721062
126,17.04.2019,8,2019,True,0.0241827479971597,0.013749836012721062
126,18.04.2019,8,2019,True,0.0241915933761079,0.01348700188100338
126,22.04.2019,8,2019,True,0.0240500234950578,0.012016650289297104
126,23.04.2019,8,2019,True,0.0240449581092207,0.015264649875462055
126,24.04.2019,8,2019,True,0.0240777399864813,0.01543965470045805
126,25.04.2019,8,2019,True,0.0241893462969879,0.015264649875462055
126,26.04.2019,8,2019,True,0.0240684565412743,0.015264649875462055
126,29.04.2019,8,2019,True,0.024076298017084,0.017323995009064674
126,30.04.2019,8,2019,True,0.0240593674557792,0.01522393710911274
126,01.05.2019,8,2019,True,0.024051042556729,0.015457849018275738
126,02.05.2019,8,2019,True,0.0240288671107404,0.015457849018275738
126,03.05.2019,8,2019,True,0.0240318931183478,0.016123801469802856
126,06.05.2019,8,2019,True,0.0241296329037579,0.015285411849617958
126,07.05.2019,8,2019,True,0.0240854536445594,0.017032194882631302
126,08.05.2019,8,2019,True,0.0241084759751512,0.0173273254185915
126,09.05.2019,8,2019,True,0.0241655864458409,0.017204631119966507
126,10.05.2019,8,2019,True,0.0241787311612871,0.017032194882631302
126,13.05.2019,8,2019,True,0.0241785933987517,0.017032194882631302
126,14.05.2019,8,2019,True,0.0241429845778933,0.01742693968117237
126,15.05.2019,8,2019,True,0.0241310403902985,0.017032194882631302
126,16.05.2019,8,2019,True,0.0241095094353387,0.016366248950362206
126,17.05.2019,8,2019,True,0.024106203299094,0.016366248950362206
126,20.05.2019,8,2019,True,0.0241552263171202,0.016366248950362206
126,21.05.2019,8,2019,True,0.0241788351812288,0.01567971520125866
126,22.05.2019,8,2019,True,0.0242316750345193,0.015352173708379269
126,23.05.2019,8,2019,True,0.0239907657961173,0.015957431867718697
126,24.05.2019,8,2019,True,0.0240649005023604,0.017309565097093582
126,28.05.2019,8,2019,True,0.02400230819022,0.017382880672812462
126,29.05.2019,8,2019,True,0.023993558981236,0.01791897416114807
126,30.05.2019,8,2019,True,0.0237773139849452,0.018874850124120712
126,31.05.2019,8,2019,True,0.0235592119465047,0.02100147120654583
126,03.06.2019,8,2019,True,0.0232266567903451,0.024265024811029434
126,04.06.2019,8,2019,True,0.0233082373019011,0.025587325915694237
126,05.06.2019,8,2019,True,0.0232269317343753,0.023324377834796906
126,06.06.2019,8,2019,True,0.023389513317289,0.024881398305296898
126,07.06.2019,8,2019,True,0.0232814075059479,0.022999750450253487
126,10.06.2019,8,2019,True,0.0232784237901664,0.023306097835302353
126,11.06.2019,8,2019,True,0.0232794282334691,0.023171456530690193
126,12.06.2019,8,2019,True,0.0230253933476295,0.023171456530690193
126,13.06.2019,8,2019,True,0.022961528450952,0.023365309461951256
126,14.06.2019,8,2019,True,0.0229492741924129,0.023676736280322075
126,17.06.2019,8,2019,True,0.0229350651492032,0.023676736280322075
126,18.06.2019,8,2019,True,0.0228721364557857,0.025813033804297447
126,19.06.2019,8,2019,True,0.0228881372845607,0.023900596424937248
126,20.06.2019,8,2019,True,0.0225882711016209,0.02357596904039383
126,21.06.2019,8,2019,True,0.0225704592330597,0.02350265346467495
126,24.06.2019,8,2019,True,0.0225721027930522,0.02357596904039383
126,25.06.2019,8,2019,True,0.0225730612040327,0.02381981536746025
126,26.06.2019,8,2019,True,0.0225145190815595,0.023842278867959976
126,27.06.2019,8,2019,True,0.0225341182731795,0.023691929876804352
126,28.06.2019,8,2019,True,0.0225361068193984,0.02305523119866848
126,01.07.2019,8,2019,True,0.0224450901782146,0.023014146834611893
126,02.07.2019,8,2019,True,0.0223684470819528,0.02032843418419361
126,03.07.2019,8,2019,True,0.0222827823059665,0.02227933146059513
126,05.07.2019,8,2019,True,0.0224883971297818,0.02074280008673668
126,08.07.2019,8,2019,True,0.0224901481694807,0.020102739334106445
126,09.07.2019,8,2019,True,0.022507435357702,0.01845867931842804
126,10.07.2019,8,2019,True,0.0224949193429866,0.01845867931842804
126,11.07.2019,8,2019,True,0.0224859070605752,0.01838536374270916
126,12.07.2019,8,2019,True,0.0224901165347547,0.017792733386158943
126,15.07.2019,8,2019,True,0.0225130003660408,0.01845867931842804
126,16.07.2019,8,2019,True,0.0223291569335561,0.018453361466526985
126,17.07.2019,8,2019,True,0.0223187224502892,0.018453361466526985
126,18.07.2019,8,2019,True,0.0221964680997692,0.0193482656031847
126,19.07.2019,8,2019,True,0.0221857436408359,0.018453361466526985
126,22.07.2019,8,2019,True,0.0221615484643832,0.01877601444721222
126,23.07.2019,8,2019,True,0.0222315860422308,0.019321274012327194
126,24.07.2019,8,2019,True,0.0222751603506435,0.019321274012327194
126,25.07.2019,8,2019,True,0.0223577188038895,0.019321274012327194
126,26.07.2019,8,2019,True,0.0224468197654893,0.018647221848368645
126,29.07.2019,8,2019,True,0.0224457464891179,0.018647221848368645
126,30.07.2019,8,2019,True,0.0224039001064484,0.018454985693097115
126,31.07.2019,8,2019,True,0.0225045973807333,0.017668962478637695
126,01.08.2019,8,2019,True,0.0215164583287161,0.017383374273777008
126,02.08.2019,8,2019,True,0.02219562321572,0.021964579820632935
126,05.08.2019,8,2019,True,0.0220072477309497,0.021361682564020157
126,06.08.2019,8,2019,True,0.0220836092753576,0.022594399750232697
126,07.08.2019,8,2019,True,0.0216912519005329,0.022233977913856506
126,08.08.2019,8,2019,True,0.0216254459120437,0.02338317036628723
126,09.08.2019,8,2019,True,0.0216353597296185,0.021256551146507263
126,12.08.2019,8,2019,True,0.0216737984746822,0.02061648853123188
126,13.08.2019,8,2019,True,0.0214805736724674,0.020411916077136993
126,14.08.2019,8,2019,True,0.0213376240220817,0.020043468102812767
126,15.08.2019,8,2019,True,0.0213127983103376,0.020908741280436516
126,16.08.2019,8,2019,True,0.0213140632821207,0.021367792040109634
126,19.08.2019,8,2019,True,0.0213525586899308,0.02072772942483425
126,20.08.2019,8,2019,True,0.021350039573628,0.019997140392661095
126,21.08.2019,8,2019,True,0.0213805231778585,0.019997140392661095
126,22.08.2019,8,2019,True,0.0216419428035955,0.019997140392661095
126,23.08.2019,8,2019,True,0.0217301837176858,0.01982470415532589
126,26.08.2019,8,2019,True,0.0218487626139111,0.020435649901628494
126,27.08.2019,8,2019,True,0.0219046580480567,0.020364779978990555
126,28.08.2019,8,2019,True,0.0220245069411103,0.01975383423268795
126,29.08.2019,8,2019,True,0.0221474803877526,0.01983259804546833
126,30.08.2019,8,2019,True,0.0221314027010438,0.019248487427830696
126,03.09.2019,8,2019,True,0.0219342405197062,0.019327249377965927
126,04.09.2019,8,2019,True,0.0216887400721731,0.01916598342359066
126,05.09.2019,8,2019,True,0.023360945128286,0.02010343410074711
126,06.09.2019,8,2019,True,0.0337246681138718,0.018344394862651825
126,09.09.2019,8,2019,True,0.034505306728194,0.018344394862651825
126,10.09.2019,8,2019,True,0.0346462058588445,0.019394613802433014
126,11.09.2019,8,2019,True,0.0351563888961954,0.019394613802433014
126,12.09.2019,8,2019,True,0.0352184186364884,0.018405258655548096
126,13.09.2019,8,2019,True,0.0366646662612253,0.018279336392879486
126,16.09.2019,8,2019,True,0.0345474611583297,0.018068253993988037
126,17.09.2019,8,2019,True,0.0362537109387926,0.029275689274072647
126,18.09.2019,8,2019,True,0.0384005720614201,0.026823963969945908
126,19.09.2019,8,2019,True,0.0385931297887378,0.02491554617881775
126,20.09.2019,8,2019,True,0.0385984326076301,0.024893082678318024
126,23.09.2019,8,2019,True,0.0385899714622324,0.024765197187662125
126,24.09.2019,8,2019,True,0.0385762246138793,0.023711051791906357
126,25.09.2019,8,2019,True,0.0386824541666925,0.023711051791906357
126,26.09.2019,8,2019,True,0.0389027825385979,0.023711051791906357
126,27.09.2019,8,2019,True,0.0396088094967065,0.022953953593969345
126,30.09.2019,8,2019,True,0.0396025103263228,0.023711051791906357
126,01.10.2019,8,2019,True,0.0403836203140781,0.023125672712922096
126,02.10.2019,8,2019,True,0.0440345783594204,0.023204436525702477
126,03.10.2019,8,2019,True,0.0456598732510126,0.0232981089502573
126,04.10.2019,8,2019,True,0.045703150964548,0.02327602170407772
126,07.10.2019,8,2019,True,0.0457893862003255,0.0232981089502573
126,08.10.2019,8,2019,True,0.0458935057068374,0.023711051791906357
126,09.10.2019,8,2019,True,0.0460131683353167,0.02353861555457115
126,10.10.2019,8,2019,True,0.0459993798826556,0.02290734462440014
126,11.10.2019,8,2019,True,0.0462876934361386,0.02353861555457115
126,14.10.2019,8,2019,True,0.0465908382520479,0.02353861555457115
126,15.10.2019,8,2019,True,0.0465990036628722,0.022865645587444305
126,16.10.2019,8,2019,True,0.0465928083777478,0.020955143496394157
126,17.10.2019,8,2019,True,0.0472243725718263,0.020955143496394157
126,18.10.2019,8,2019,True,0.0531196079977874,0.020365053787827492
126,21.10.2019,8,2019,True,0.0533997291390417,0.018582770600914955
126,22.10.2019,8,2019,True,0.0535883602388676,0.018504632636904716
126,23.10.2019,8,2019,True,0.0535225209652922,0.017733940854668617
126,24.10.2019,8,2019,True,0.0537825729563737,0.018037008121609688
126,25.10.2019,8,2019,True,0.0538435221922939,0.01867706887423992
126,28.10.2019,8,2019,True,0.0546595391118483,0.017648370936512947
126,29.10.2019,8,2019,True,0.0557310548878919,0.017864571884274483
126,30.10.2019,8,2019,True,0.0559193728167961,0.017565002664923668
126,31.10.2019,8,2019,True,0.0560058597489461,0.01724918745458126
126,01.11.2019,8,2019,True,0.057243596176357,0.017746012657880783
126,04.11.2019,8,2019,True,0.0573204042960387,0.017421623691916466
126,05.11.2019,8,2019,True,0.0572952110636509,0.01686486229300499
126,06.11.2019,8,2019,True,0.057498409885371,0.016191581264138222
126,07.11.2019,8,2019,True,0.0575869632095542,0.01636051945388317
126,08.11.2019,8,2019,True,0.0576023710389404,0.01636051945388317
126,11.11.2019,8,2019,True,0.0576323436215929,0.016019145026803017
126,12.11.2019,8,2019,True,0.0579712486312683,0.016314275562763214
126,13.11.2019,8,2019,True,0.0581253003150971,0.016954056918621063
126,14.11.2019,8,2019,True,0.0584956718114887,0.017565002664923668
126,15.11.2019,8,2019,True,0.0584656672836194,0.016954056918621063
126,18.11.2019,8,2019,True,0.0585479374517584,0.016954056918621063
126,19.11.2019,8,2019,True,0.0585305967023824,0.017032194882631302
126,20.11.2019,8,2019,True,0.058507358736457,0.017204631119966507
126,21.11.2019,8,2019,True,0.0585260186129619,0.017204631119966507
126,22.11.2019,8,2019,True,0.0586116492490775,0.017373569309711456
126,25.11.2019,8,2019,True,0.0586348337463248,0.017504200339317322
126,26.11.2019,8,2019,True,0.0586230028713464,0.016087088733911514
126,27.11.2019,8,2019,True,0.0591213792910344,0.01621771976351738
126,29.11.2019,8,2019,True,0.0591762584798297,0.01591465249657631
126,02.12.2019,8,2019,True,0.0591520164751219,0.01784919947385788
126,03.12.2019,8,2019,True,0.0591565533341607,0.018037008121609688
126,04.12.2019,8,2019,True,0.0592949660675824,0.018037008121609688
126,05.12.2019,8,2019,True,0.059361308136978,0.017426062375307083
126,06.12.2019,8,2019,True,0.0593475599943627,0.017426062375307083
126,09.12.2019,8,2019,True,0.0593663601086512,0.017374645918607712
126,10.12.2019,8,2019,True,0.0597476185845296,0.017374645918607712
126,11.12.2019,8,2019,True,0.0597504913976667,0.016472619026899338
126,12.12.2019,8,2019,True,0.0597985670506117,0.016300182789564133
126,13.12.2019,8,2019,True,0.0598526519065456,0.016300182789564133
126,16.12.2019,8,2019,True,0.059850969291645,0.016300182789564133
126,17.12.2019,8,2019,True,0.059871268628506,0.016300182789564133
126,18.12.2019,8,2019,True,0.0598962003138823,0.016125177964568138
126,19.12.2019,8,2019,True,0.0599303922139217,0.016300182789564133
126,20.12.2019,8,2019,True,0.0599332551631505,0.015113204717636108
126,23.12.2019,8,2019,True,0.0601113484675199,0.015825608745217323
126,24.12.2019,8,2019,True,0.060126757802455,0.014286644756793976
126,26.12.2019,8,2019,True,0.0601132401422326,0.014549480751156807
126,27.12.2019,8,2019,True,0.0601378373513459,0.0128162931650877
126,30.12.2019,8,2019,True,0.0601395739047602,0.014286644756793976
126,31.12.2019,8,2019,True,0.0601108107717703,0.015912149101495743
5,02.01.2020,9,2020,True,0.0277497124968973,0.013913935981690884
5,03.01.2020,9,2020,True,0.0183639120767787,0.016166355460882187
5,06.01.2020,9,2020,True,0.0162770908007995,0.016785824671387672
5,07.01.2020,9,2020,True,0.0183480483447382,0.016213655471801758
5,08.01.2020,9,2020,True,0.0063690449800377,0.014290498569607735
5,09.01.2020,9,2020,True,0.0090339246369451,0.01709013059735298
5,10.01.2020,9,2020,True,0.009070458640898,0.021068785339593887
5,13.01.2020,9,2020,True,0.0069436706990947,0.015406522899866104
5,14.01.2020,9,2020,True,0.0118946626461309,0.019293243065476418
5,15.01.2020,9,2020,True,0.0136355528854091,0.017444636672735214
5,16.01.2020,9,2020,True,0.0116284598079368,0.01859666220843792
5,17.01.2020,9,2020,True,0.007875983230138,0.01820899173617363
5,21.01.2020,9,2020,True,0.0110570796812306,0.017954088747501373
5,22.01.2020,9,2020,True,0.0139510059825109,0.017350634559988976
5,23.01.2020,9,2020,True,0.0152154816139622,0.018467100337147713
5,24.01.2020,9,2020,True,0.0146786739780681,0.017687087878584862
5,27.01.2020,9,2020,True,0.0299177861131571,0.01833868958055973
5,28.01.2020,9,2020,True,0.0282953477530544,0.018907802179455757
5,29.01.2020,9,2020,True,0.0333075485191993,0.018914883956313133
5,30.01.2020,9,2020,True,0.0329808525022141,0.01962655782699585
5,31.01.2020,9,2020,True,0.0326433845920162,0.019756894558668137
5,03.02.2020,9,2020,True,0.0171546607854485,0.02098185196518898
5,04.02.2020,9,2020,True,0.0185847399843258,0.02248110994696617
5,05.02.2020,9,2020,True,0.0214020252376977,0.017071234062314034
5,06.02.2020,9,2020,True,0.0210741294010147,0.01844821684062481
5,07.02.2020,9,2020,True,0.0200712798054514,0.015846451744437218
5,10.02.2020,9,2020,True,0.0098374700457725,0.0158733818680048
5,11.02.2020,9,2020,True,0.0102000829065403,0.015149706043303013
5,12.02.2020,9,2020,True,0.0080747561562223,0.015361069701611996
5,13.02.2020,9,2020,True,0.0143113600759342,0.01428215205669403
5,14.02.2020,9,2020,True,0.0235044771396884,0.01354037132114172
5,18.02.2020,9,2020,True,0.0240495512940362,0.012499568052589893
5,19.02.2020,9,2020,True,0.0157839996273603,0.019764922559261322
5,20.02.2020,9,2020,True,0.0088598984734815,0.01849714294075966
5,21.02.2020,9,2020,True,0.0061088215438361,0.01917867921292782
5,24.02.2020,9,2020,True,0.0244103841254618,0.02081950567662716
5,25.02.2020,9,2020,True,0.0247460391250058,0.016653381288051605
5,26.02.2020,9,2020,True,0.023163908043327,0.018534252420067787
5,27.02.2020,9,2020,True,0.0229881681897431,0.021353604272007942
5,28.02.2020,9,2020,True,0.047076352222003,0.024622363969683647
5,02.03.2020,9,2020,True,0.1146366351543925,0.02655990794301033
5,03.03.2020,9,2020,True,0.1332028167517063,0.024218490347266197
5,04.03.2020,9,2020,True,0.1312094473903915,0.02304118499159813
5,05.03.2020,9,2020,True,0.1284065344170164,0.021708957850933075
5,06.03.2020,9,2020,True,0.1350647607407708,0.022990796715021133
5,09.03.2020,9,2020,True,0.0781335067286872,0.028785552829504013
5,10.03.2020,9,2020,True,0.0505748949609335,0.04478874057531357
5,11.03.2020,9,2020,True,0.0639566968117431,0.05158596113324165
5,12.03.2020,9,2020,True,0.1125349100159635,0.04493867605924606
5,13.03.2020,9,2020,True,0.1091596307692711,0.05098991096019745
5,16.03.2020,9,2020,True,0.1019013134840709,0.04207069054245949
5,17.03.2020,9,2020,True,0.1014161579055846,0.05634473264217377
5,18.03.2020,9,2020,True,0.0694801779061883,0.06701749563217163
5,19.03.2020,9,2020,True,0.0287606068756823,0.06299089640378952
5,20.03.2020,9,2020,True,0.0291820486063726,0.05634473264217377
5,23.03.2020,9,2020,True,0.041929357625014,0.06581155210733414
5,24.03.2020,9,2020,True,0.0407513053187065,0.05384422093629837
5,25.03.2020,9,2020,True,0.0668650804057273,0.054038483649492264
5,26.03.2020,9,2020,True,0.1135111624103916,0.050435829907655716
5,27.03.2020,9,2020,True,0.1108362200506252,0.052998173981904984
5,30.03.2020,9,2020,True,0.0917503352532335,0.06190744787454605
5,31.03.2020,9,2020,True,0.1000440260941304,0.054372187703847885
5,01.04.2020,9,2020,True,0.1007119440642178,0.0572635792195797
5,02.04.2020,9,2020,True,0.0733245287809705,0.0541665218770504
5,03.04.2020,9,2020,True,0.0317673665705126,0.047398123890161514
5,06.04.2020,9,2020,True,0.0403696839852427,0.047398123890161514
5,07.04.2020,9,2020,True,0.0450663831652034,0.0400533601641655
5,08.04.2020,9,2020,True,0.0377366197671217,0.04150252789258957
5,09.04.2020,9,2020,True,0.0414887472186739,0.036721356213092804
5,13.04.2020,9,2020,True,0.0470464079968862,0.04634693264961243
5,14.04.2020,9,2020,True,0.1175556351976704,0.04912302643060684
5,15.04.2020,9,2020,True,0.1332652334262758,0.05887163057923317
5,16.04.2020,9,2020,True,0.1395305272528271,0.04878604784607887
5,17.04.2020,9,2020,True,0.1390770144539133,0.05284440144896507
5,20.04.2020,9,2020,True,0.1377878359178443,0.0437312088906765
5,21.04.2020,9,2020,True,0.0492231055173554,0.06827215105295181
5,22.04.2020,9,2020,True,0.0610646679811303,0.05685066431760788
5,23.04.2020,9,2020,True,0.0744455027305507,0.06635070592164993
5,24.04.2020,9,2020,True,0.0727130463661653,0.06387028843164444
5,27.04.2020,9,2020,True,0.041428612158639,0.060867808759212494
5,28.04.2020,9,2020,True,0.0440875349937062,0.05989460274577141
5,29.04.2020,9,2020,True,0.0692357725505724,0.05753195658326149
5,30.04.2020,9,2020,True,0.0647445220510094,0.058845002204179764
5,01.05.2020,9,2020,True,0.0650443002525205,0.05285937711596489
5,04.05.2020,9,2020,True,0.0735078901443996,0.05937841907143593
5,05.05.2020,9,2020,True,0.0392311911595938,0.038223251700401306
5,06.05.2020,9,2020,True,0.0364639147916588,0.041905540972948074
5,07.05.2020,9,2020,True,0.0470062243047447,0.04326275736093521
5,08.05.2020,9,2020,True,0.0456553457772644,0.04900277405977249
5,11.05.2020,9,2020,True,0.0399040423111877,0.05657961964607239
5,12.05.2020,9,2020,True,0.0425819890766942,0.07281932234764099
5,13.05.2020,9,2020,True,0.0295322198273737,0.0780845507979393
5,14.05.2020,9,2020,True,0.028808262135334,0.07253441214561462
5,15.05.2020,9,2020,True,0.0362594387532142,0.07353419065475464
5,18.05.2020,9,2020,True,0.0240446825989578,0.0678187683224678
5,19.05.2020,9,2020,True,0.0324459216867486,0.05052739381790161
5,20.05.2020,9,2020,True,0.0293631209089166,0.04663616418838501
5,21.05.2020,9,2020,True,0.0288331318996803,0.047836363315582275
5,22.05.2020,9,2020,True,0.0442020705952252,0.04951474443078041
5,26.05.2020,9,2020,True,0.0444159591518459,0.049216799437999725
5,27.05.2020,9,2020,True,0.0324991495206402,0.05259816348552704
5,28.05.2020,9,2020,True,0.0337671525670354,0.05646141618490219
5,29.05.2020,9,2020,True,0.0329993829973498,0.056860409677028656
5,01.06.2020,9,2020,True,0.0344854316771205,0.05313180014491081
5,02.06.2020,9,2020,True,0.0327145427462115,0.0485362745821476
5,03.06.2020,9,2020,True,0.0327533178099638,0.04814540594816208
5,04.06.2020,9,2020,True,0.0518002117226817,0.044399112462997437
5,05.06.2020,9,2020,True,0.0397340486218412,0.043831486254930496
5,08.06.2020,9,2020,True,0.0420107891160099,0.040852755308151245
5,09.06.2020,9,2020,True,0.0448801067995189,0.045798901468515396
5,10.06.2020,9,2020,True,0.0441633604866178,0.04624322056770325
5,11.06.2020,9,2020,True,0.0152104583660033,0.040949203073978424
5,12.06.2020,9,2020,True,0.0141236721515789,0.040528763085603714
5,15.06.2020,9,2020,True,0.0136217869928301,0.047437768429517746
5,16.06.2020,9,2020,True,0.0150572483344212,0.04864862561225891
5,17.06.2020,9,2020,True,0.0327897416160418,0.04946422204375267
5,18.06.2020,9,2020,True,0.0325865712790456,0.04591408744454384
5,19.06.2020,9,2020,True,0.0310269930359965,0.0475795604288578
5,22.06.2020,9,2020,True,0.0301763850485832,0.047574616968631744
5,23.06.2020,9,2020,True,0.0303071316847125,0.029122911393642426
5,24.06.2020,9,2020,True,0.0149245753857576,0.04119488224387169
5,25.06.2020,9,2020,True,0.0165491843407437,0.03828240931034088
5,26.06.2020,9,2020,True,0.0165810575601741,0.0398704931139946
5,29.06.2020,9,2020,True,0.016599037963366,0.04163577780127525
5,30.06.2020,9,2020,True,0.0126282498156642,0.03852961212396622
5,01.07.2020,9,2020,True,0.0171366056429799,0.03270521014928818
5,02.07.2020,9,2020,True,0.0153145337794932,0.024608641862869263
5,06.07.2020,9,2020,True,0.0163481480588302,0.02404670976102352
5,07.07.2020,9,2020,True,0.016573246332527,0.03073638305068016
5,08.07.2020,9,2020,True,0.0191950793210288,0.03097691386938095
5,09.07.2020,9,2020,True,0.0157942367368147,0.03017663210630417
5,10.07.2020,9,2020,True,0.0132832110350435,0.02945537678897381
5,13.07.2020,9,2020,True,0.0115870790480586,0.0277468990534544
5,14.07.2020,9,2020,True,0.0150419799598781,0.02782922238111496
5,15.07.2020,9,2020,True,0.0129438953238256,0.02976028434932232
5,16.07.2020,9,2020,True,0.0166083425069661,0.023891378194093704
5,17.07.2020,9,2020,True,0.0163680964029341,0.024200519546866417
5,20.07.2020,9,2020,True,0.0163267038795973,0.020882172510027885
5,21.07.2020,9,2020,True,0.0099638035377657,0.020817210897803307
5,22.07.2020,9,2020,True,0.0126633005594764,0.018944546580314636
5,23.07.2020,9,2020,True,0.0112404510444913,0.02096940018236637
5,24.07.2020,9,2020,True,0.0121363822115993,0.015469568781554699
5,27.07.2020,9,2020,True,0.0150625111470241,0.014991010539233685
5,28.07.2020,9,2020,True,0.0144300639628016,0.02238272689282894
5,29.07.2020,9,2020,True,0.0150468604274389,0.025361334905028343
5,30.07.2020,9,2020,True,0.0084586359376126,0.02704029716551304
5,31.07.2020,9,2020,True,0.0141935144893736,0.027740975841879845
5,03.08.2020,9,2020,True,0.0128158399827519,0.03504928573966026
5,04.08.2020,9,2020,True,0.014208191533272,0.024082588031888008
5,05.08.2020,9,2020,True,0.0154624913453838,0.023328425362706184
5,06.08.2020,9,2020,True,0.0163269965105309,0.01730930060148239
5,07.08.2020,9,2020,True,0.0143767696927511,0.019555382430553436
5,10.08.2020,9,2020,True,0.0142678712908808,0.0201340913772583
5,11.08.2020,9,2020,True,0.0124632239501106,0.01950075291097164
5,12.08.2020,9,2020,True,0.0084883535826891,0.02020207606256008
5,13.08.2020,9,2020,True,0.0084924562795072,0.01744999922811985
5,14.08.2020,9,2020,True,0.0100952963471557,0.01964838057756424
5,17.08.2020,9,2020,True,0.0119010229003448,0.020218130201101303
5,18.08.2020,9,2020,True,0.0142334363794184,0.014137089252471924
5,19.08.2020,9,2020,True,0.0144729752887634,0.011413360945880413
5,20.08.2020,9,2020,True,0.0148315472867288,0.013997976668179035
5,21.08.2020,9,2020,True,0.0130699530016985,0.014246967621147633
5,24.08.2020,9,2020,True,0.0106314455855669,0.014027144759893417
5,25.08.2020,9,2020,True,0.0076312486220193,0.01492843683809042
5,26.08.2020,9,2020,True,0.0134716352609708,0.015013787895441055
5,27.08.2020,9,2020,True,0.0130845497369607,0.016779424622654915
5,28.08.2020,9,2020,True,0.0176906795216621,0.016248226165771484
5,31.08.2020,9,2020,True,0.0289471441416324,0.013864497654139996
5,01.09.2020,9,2020,True,0.0347320732685499,0.014288450591266155
5,02.09.2020,9,2020,True,0.0347132111560699,0.012857149355113506
5,03.09.2020,9,2020,True,0.0349440089164813,0.01885560154914856
5,04.09.2020,9,2020,True,0.0346543880837693,0.024270230904221535
5,08.09.2020,9,2020,True,0.0192094398167883,0.022929485887289047
5,09.09.2020,9,2020,True,0.024230884553498,0.030716978013515472
5,10.09.2020,9,2020,True,0.0205433394211951,0.025924956426024437
5,11.09.2020,9,2020,True,0.0199673819217693,0.027509504929184914
5,14.09.2020,9,2020,True,0.0319107297140752,0.026333078742027283
5,15.09.2020,9,2020,True,0.0309508441185,0.025694767013192177
5,16.09.2020,9,2020,True,0.0240255835249037,0.019595414400100708
5,17.09.2020,9,2020,True,0.0194081115265197,0.01716138981282711
5,18.09.2020,9,2020,True,0.0195659192540635,0.01667799986898899
5,21.09.2020,9,2020,True,0.0049563461252023,0.016812236979603767
5,22.09.2020,9,2020,True,0.0175678336947625,0.019566630944609642
5,23.09.2020,9,2020,True,0.0174205100279541,0.018582789227366447
5,24.09.2020,9,2020,True,0.0170103833802477,0.020246827974915504
5,25.09.2020,9,2020,True,0.0231155608543598,0.02031993307173252
5,28.09.2020,9,2020,True,0.0360956315724055,0.02053401805460453
5,29.09.2020,9,2020,True,0.0353004412433084,0.018903950229287148
5,30.09.2020,9,2020,True,0.0367355842432106,0.02234593592584133
5,01.10.2020,9,2020,True,0.0383088951171676,0.02102203667163849
5,02.10.2020,9,2020,True,0.0292307263564261,0.027386033907532692
5,05.10.2020,9,2020,True,0.0279143878368944,0.024307187646627426
5,06.10.2020,9,2020,True,0.024416098718897,0.0267243143171072
5,07.10.2020,9,2020,True,0.024304740459389,0.02388625219464302
5,08.10.2020,9,2020,True,0.0197876964140615,0.024159180000424385
5,09.10.2020,9,2020,True,0.0191588400274081,0.018842335790395737
5,12.10.2020,9,2020,True,0.0133803629145164,0.021937265992164612
5,13.10.2020,9,2020,True,0.0123474901338673,0.02370861917734146
5,14.10.2020,9,2020,True,0.0166500648772249,0.019274722784757614
5,15.10.2020,9,2020,True,0.0201379329101197,0.018655238673090935
5,16.10.2020,9,2020,True,0.0210085567977049,0.020808352157473564
5,19.10.2020,9,2020,True,0.0241729820431713,0.01981363818049431
5,20.10.2020,9,2020,True,0.0255749363565713,0.02444213069975376
5,21.10.2020,9,2020,True,0.0306694242572155,0.023800788447260857
5,22.10.2020,9,2020,True,0.0267951294495262,0.024846820160746574
5,23.10.2020,9,2020,True,0.0280537511962274,0.023634010925889015
5,26.10.2020,9,2020,True,0.0380292090260585,0.023082073777914047
5,27.10.2020,9,2020,True,0.0381459151862041,0.03107834793627262
5,28.10.2020,9,2020,True,0.0326617796561471,0.0273613128811121
5,29.10.2020,9,2020,True,0.0224165807013664,0.0445002019405365
5,30.10.2020,9,2020,True,0.0324054105516275,0.04056641459465027
5,02.11.2020,9,2020,True,0.0416888522884129,0.05030346289277077
5,03.11.2020,9,2020,True,0.0420048268775454,0.03011947125196457
5,04.11.2020,9,2020,True,0.0408949399194969,0.027902446687221527
5,05.11.2020,9,2020,True,0.0407650695510085,0.028141159564256668
5,06.11.2020,9,2020,True,0.0354895395795364,0.02145765721797943
5,09.11.2020,9,2020,True,0.0194348191995986,0.028392232954502106
5,10.11.2020,9,2020,True,0.0153022197825163,0.034490641206502914
5,11.11.2020,9,2020,True,0.0163493117884701,0.02869175188243389
5,12.11.2020,9,2020,True,0.0160025989567923,0.03195074200630188
5,13.11.2020,9,2020,True,0.0118903494146356,0.031850360333919525
5,16.11.2020,9,2020,True,0.0119354791461219,0.028080763295292854
5,17.11.2020,9,2020,True,0.0151785535600522,0.02490117959678173
5,18.11.2020,9,2020,True,0.015046714752727,0.026996666565537453
5,19.11.2020,9,2020,True,0.0171645054891629,0.027548957616090775
5,20.11.2020,9,2020,True,0.0216796378722,0.027914537116885185
5,23.11.2020,9,2020,True,0.0211280684720198,0.02817019633948803
5,24.11.2020,9,2020,True,0.0139037670215996,0.020165489986538887
5,25.11.2020,9,2020,True,0.0125881067546155,0.020169593393802643
5,27.11.2020,9,2020,True,0.0120498360850156,0.02319260500371456
5,30.11.2020,9,2020,True,0.0110623669284003,0.020247625187039375
5,01.12.2020,9,2020,True,0.0103399647956127,0.019559746608138084
5,02.12.2020,9,2020,True,0.0082050564278907,0.021125221624970436
5,03.12.2020,9,2020,True,0.0141769514023949,0.020087435841560364
5,04.12.2020,9,2020,True,0.0147076063922804,0.017838982865214348
5,07.12.2020,9,2020,True,0.0130065919255669,0.014051498845219612
5,08.12.2020,9,2020,True,0.012729864785064,0.016212796792387962
5,09.12.2020,9,2020,True,0.0121450336768197,0.013676085509359837
5,10.12.2020,9,2020,True,0.0060063394301973,0.016288552433252335
5,11.12.2020,9,2020,True,0.0034234057882748,0.01555559877306223
5,14.12.2020,9,2020,True,0.0162989853051166,0.014674733392894268
5,15.12.2020,9,2020,True,0.0176063734716719,0.024270927533507347
5,16.12.2020,9,2020,True,0.0207660618998341,0.019599640741944313
5,17.12.2020,9,2020,True,0.020363622341642,0.0187461506575346
5,18.12.2020,9,2020,True,0.0185124921693322,0.017955521121621132
5,21.12.2020,9,2020,True,0.0145878618681269,0.024332014843821526
5,22.12.2020,9,2020,True,0.0109983943827489,0.018342657014727592
5,23.12.2020,9,2020,True,0.006530112750621,0.01679423078894615
5,24.12.2020,9,2020,True,0.0097731323928142,0.021606415510177612
5,28.12.2020,9,2020,True,0.0227142422971224,0.01832275465130806
5,29.12.2020,9,2020,True,0.0224710179594641,0.018129684031009674
5,30.12.2020,9,2020,True,0.0227974601982803,0.017850011587142944
5,31.12.2020,9,2020,True,0.023991795945337,0.01740475557744503
22,02.01.2020,9,2020,True,0.0201594484825342,0.014161697588860989
22,03.01.2020,9,2020,True,0.0191472655862914,0.01536625623703003
22,06.01.2020,9,2020,True,0.0188988326609054,0.016517112031579018
22,07.01.2020,9,2020,True,0.0189021181824596,0.015849094837903976
22,08.01.2020,9,2020,True,0.0177287431209665,0.01393778808414936
22,09.01.2020,9,2020,True,0.0183324944513361,0.014199473895132542
22,10.01.2020,9,2020,True,0.0203221564471006,0.015461158938705921
22,13.01.2020,9,2020,True,0.0205921996353541,0.012168304063379765
22,14.01.2020,9,2020,True,0.0210732734223961,0.019444093108177185
22,15.01.2020,9,2020,True,0.0212410863348049,0.018552985042333603
22,16.01.2020,9,2020,True,0.0218783680883313,0.01913977414369583
22,17.01.2020,9,2020,True,0.0218727996891886,0.0164712592959404
22,21.01.2020,9,2020,True,0.0219701486269142,0.01648014411330223
22,22.01.2020,9,2020,True,0.0228618698994837,0.019076287746429443
22,23.01.2020,9,2020,True,0.0230483488210118,0.0203976072371006
22,24.01.2020,9,2020,True,0.0232892690085738,0.02102784626185894
22,27.01.2020,9,2020,True,0.023319232640432,0.022884100675582886
22,28.01.2020,9,2020,True,0.0238875674823554,0.02071084827184677
22,29.01.2020,9,2020,True,0.0248696165462137,0.021504662930965424
22,30.01.2020,9,2020,True,0.0245143913905472,0.02117043361067772
22,31.01.2020,9,2020,True,0.0245751070890277,0.021411117166280746
22,03.02.2020,9,2020,True,0.021008733059868,0.022347303107380867
22,04.02.2020,9,2020,True,0.0292393565154729,0.01967145875096321
22,05.02.2020,9,2020,True,0.0634455238632774,0.020155126228928566
22,06.02.2020,9,2020,True,0.0670026585473258,0.019235461950302124
22,07.02.2020,9,2020,True,0.0671206989281014,0.017995640635490417
22,10.02.2020,9,2020,True,0.0681548768772577,0.01871250942349434
22,11.02.2020,9,2020,True,0.0682860149113869,0.02329287864267826
22,12.02.2020,9,2020,True,0.070228170732519,0.022003136575222015
22,13.02.2020,9,2020,True,0.0697884124720703,0.02143079973757267
22,14.02.2020,9,2020,True,0.0729114575490464,0.02144235372543335
22,18.02.2020,9,2020,True,0.0812614619739943,0.020973745733499527
22,19.02.2020,9,2020,True,0.0804088027404394,0.021062077954411507
22,20.02.2020,9,2020,True,0.0803780798644355,0.02038261480629444
22,21.02.2020,9,2020,True,0.0807074893615169,0.02160073071718216
22,24.02.2020,9,2020,True,0.0812357075456992,0.02147061564028263
22,25.02.2020,9,2020,True,0.0812234806912673,0.017259471118450165
22,26.02.2020,9,2020,True,0.0813419133114324,0.019216807559132576
22,27.02.2020,9,2020,True,0.0821736274857786,0.020480262115597725
22,28.02.2020,9,2020,True,0.0825444831201837,0.024309620261192322
22,02.03.2020,9,2020,True,0.0854893343102728,0.023865533992648125
22,03.03.2020,9,2020,True,0.0978591731123543,0.023801976814866066
22,04.03.2020,9,2020,True,0.103320292871182,0.026328446343541145
22,05.03.2020,9,2020,True,0.1033554369777209,0.025877339765429497
22,06.03.2020,9,2020,True,0.1018866234050266,0.02586650289595127
22,09.03.2020,9,2020,True,0.0840535435821956,0.03557128459215164
22,10.03.2020,9,2020,True,0.0823983277188791,0.0569184236228466
22,11.03.2020,9,2020,True,0.0821530474590281,0.0581585057079792
22,12.03.2020,9,2020,True,0.081970332051463,0.0583915039896965
22,13.03.2020,9,2020,True,0.0827990372560091,0.05842698737978935
22,16.03.2020,9,2020,True,0.0790948190052127,0.057671234011650085
22,17.03.2020,9,2020,True,0.0785859872467007,0.059157729148864746
22,18.03.2020,9,2020,True,0.0748802095918047,0.058531079441308975
22,19.03.2020,9,2020,True,0.0902553436882754,0.05869300663471222
22,20.03.2020,9,2020,True,0.0910645340726575,0.059157729148864746
22,23.03.2020,9,2020,True,0.0918864357389213,0.060707759112119675
22,24.03.2020,9,2020,True,0.0918921855803592,0.04545075073838234
22,25.03.2020,9,2020,True,0.0926281279749701,0.045105189085006714
22,26.03.2020,9,2020,True,0.0927873807205363,0.04430412873625755
22,27.03.2020,9,2020,True,0.0950152171231996,0.041330594569444656
22,30.03.2020,9,2020,True,0.0961960321188808,0.04177473485469818
22,31.03.2020,9,2020,True,0.0965695773953749,0.04466215893626213
22,01.04.2020,9,2020,True,0.0951593153950062,0.04699406400322914
22,02.04.2020,9,2020,True,0.0902302561677582,0.04584793373942375
22,03.04.2020,9,2020,True,0.0858723169050989,0.04457758739590645
22,06.04.2020,9,2020,True,0.0856897779210983,0.04457758739590645
22,07.04.2020,9,2020,True,0.0861720271995115,0.0553947389125824
22,08.04.2020,9,2020,True,0.0863414805394598,0.05540293827652931
22,09.04.2020,9,2020,True,0.0859882310024772,0.05532325059175491
22,13.04.2020,9,2020,True,0.0861085881792664,0.054892394691705704
22,14.04.2020,9,2020,True,0.0859622620871104,0.052801016718149185
22,15.04.2020,9,2020,True,0.0849466641518058,0.05420997366309166
22,16.04.2020,9,2020,True,0.0859429115578256,0.05412140488624573
22,17.04.2020,9,2020,True,0.0860008845248732,0.05428836867213249
22,20.04.2020,9,2020,True,0.082931956792749,0.05257229506969452
22,21.04.2020,9,2020,True,0.0505555030378954,0.0581425316631794
22,22.04.2020,9,2020,True,0.0515385865872432,0.05932074785232544
22,23.04.2020,9,2020,True,0.0513319659438573,0.06042933836579323
22,24.04.2020,9,2020,True,0.0530160271972805,0.06017831340432167
22,27.04.2020,9,2020,True,0.048927542162479,0.06012706458568573
22,28.04.2020,9,2020,True,0.0492095776104898,0.06211593747138977
22,29.04.2020,9,2020,True,0.048226493449899,0.059949230402708054
22,30.04.2020,9,2020,True,0.0438944268749371,0.06060747802257538
22,01.05.2020,9,2020,True,0.0436385863413856,0.061268292367458344
22,04.05.2020,9,2020,True,0.0436735055766186,0.06215374171733856
22,05.05.2020,9,2020,True,0.0369644575803636,0.05305709317326546
22,06.05.2020,9,2020,True,0.0366154248773252,0.051587898284196854
22,07.05.2020,9,2020,True,0.036271617464148,0.05452132597565651
22,08.05.2020,9,2020,True,0.0354309408040679,0.05443590506911278
22,11.05.2020,9,2020,True,0.0387806276301856,0.05555616691708565
22,12.05.2020,9,2020,True,0.0388119365853471,0.05655160918831825
22,13.05.2020,9,2020,True,0.0379383682531359,0.05526774749159813
22,14.05.2020,9,2020,True,0.0364626629144614,0.05179351940751076
22,15.05.2020,9,2020,True,0.0360025502664081,0.05356225743889809
22,18.05.2020,9,2020,True,0.0336517039038013,0.05020185559988022
22,19.05.2020,9,2020,True,0.0335732756309889,0.04382461681962013
22,20.05.2020,9,2020,True,0.0333169299399149,0.041545718908309937
22,21.05.2020,9,2020,True,0.0335615166240089,0.042341768741607666
22,22.05.2020,9,2020,True,0.035534008438189,0.04376332089304924
22,26.05.2020,9,2020,True,0.0352728152281083,0.04449141025543213
22,27.05.2020,9,2020,True,0.0337878252545693,0.04258770868182182
22,28.05.2020,9,2020,True,0.0337996460829025,0.04186394065618515
22,29.05.2020,9,2020,True,0.0340762481172458,0.042851515114307404
22,01.06.2020,9,2020,True,0.0300013458524025,0.04266277700662613
22,02.06.2020,9,2020,True,0.0297608268359092,0.04318949207663536
22,03.06.2020,9,2020,True,0.0297760548563926,0.04385130852460861
22,04.06.2020,9,2020,True,0.0297868525887349,0.04152848199009895
22,05.06.2020,9,2020,True,0.0273685927577875,0.03867047652602196
22,08.06.2020,9,2020,True,0.0266094744911702,0.03863481059670448
22,09.06.2020,9,2020,True,0.0268778823069317,0.04061434417963028
22,10.06.2020,9,2020,True,0.0269253833779353,0.040907200425863266
22,11.06.2020,9,2020,True,0.0200769538104773,0.03332321718335152
22,12.06.2020,9,2020,True,0.0203527679227376,0.041312944144010544
22,15.06.2020,9,2020,True,0.0201054199178402,0.0426790677011013
22,16.06.2020,9,2020,True,0.0192738746934107,0.0385182648897171
22,17.06.2020,9,2020,True,0.0191808746197163,0.03927697241306305
22,18.06.2020,9,2020,True,0.0193790211820398,0.03508095443248749
22,19.06.2020,9,2020,True,0.0191618112391574,0.03528110682964325
22,22.06.2020,9,2020,True,0.0193729101605313,0.03486061841249466
22,23.06.2020,9,2020,True,0.0192237523462262,0.03282798081636429
22,24.06.2020,9,2020,True,0.0144662588313296,0.03514152020215988
22,25.06.2020,9,2020,True,0.014162235479758,0.03743496537208557
22,26.06.2020,9,2020,True,0.0142959843726751,0.036695271730422974
22,29.06.2020,9,2020,True,0.014659897015872,0.03681052103638649
22,30.06.2020,9,2020,True,0.0143438337809187,0.036028072237968445
22,01.07.2020,9,2020,True,0.0142405836997366,0.03577585518360138
22,02.07.2020,9,2020,True,0.0132553076829205,0.031499385833740234
22,06.07.2020,9,2020,True,0.0136297858095206,0.029442621394991875
22,07.07.2020,9,2020,True,0.0136445028647248,0.029482847079634666
22,08.07.2020,9,2020,True,0.0141238887701333,0.029594525694847107
22,09.07.2020,9,2020,True,0.0133530764813423,0.029578527435660362
22,10.07.2020,9,2020,True,0.0130210480425253,0.03072982467710972
22,13.07.2020,9,2020,True,0.0132870816795932,0.029773714020848274
22,14.07.2020,9,2020,True,0.0135750314533766,0.02762189693748951
22,15.07.2020,9,2020,True,0.0129786339879405,0.027263183146715164
22,16.07.2020,9,2020,True,0.012975349878644,0.02490275539457798
22,17.07.2020,9,2020,True,0.0128709173993267,0.024454422295093536
22,20.07.2020,9,2020,True,0.0129024306810692,0.02061515487730503
22,21.07.2020,9,2020,True,0.0122161664872756,0.02010166458785534
22,22.07.2020,9,2020,True,0.0125223244539369,0.019040990620851517
22,23.07.2020,9,2020,True,0.0119907731507607,0.019757725298404694
22,24.07.2020,9,2020,True,0.0123600297110652,0.019784023985266685
22,27.07.2020,9,2020,True,0.0124591157750428,0.0185992494225502
22,28.07.2020,9,2020,True,0.0127617130899857,0.021240320056676865
22,29.07.2020,9,2020,True,0.0125639335291377,0.022856764495372772
22,30.07.2020,9,2020,True,0.01175664283759,0.023022323846817017
22,31.07.2020,9,2020,True,0.0117205082176177,0.025384580716490746
22,03.08.2020,9,2020,True,0.012493323858637,0.025905566290020943
22,04.08.2020,9,2020,True,0.0125409342995381,0.02778674103319645
22,05.08.2020,9,2020,True,0.0137004594735606,0.02641994133591652
22,06.08.2020,9,2020,True,0.0198317225718463,0.02013745717704296
22,07.08.2020,9,2020,True,0.0207442354601808,0.01985171064734459
22,10.08.2020,9,2020,True,0.0205903789630055,0.02050030790269375
22,11.08.2020,9,2020,True,0.0205519467135959,0.01916406862437725
22,12.08.2020,9,2020,True,0.0197331665837234,0.021087227389216423
22,13.08.2020,9,2020,True,0.0206577319461093,0.01965477131307125
22,14.08.2020,9,2020,True,0.0228315844665511,0.01884196139872074
22,17.08.2020,9,2020,True,0.0233868580027824,0.0197692159563303
22,18.08.2020,9,2020,True,0.0233701747453286,0.0173405222594738
22,19.08.2020,9,2020,True,0.0247377450943457,0.016437288373708725
22,20.08.2020,9,2020,True,0.0248000218692013,0.01653401367366314
22,21.08.2020,9,2020,True,0.024734187355445,0.016959981992840767
22,24.08.2020,9,2020,True,0.0243769218510581,0.017343470826745033
22,25.08.2020,9,2020,True,0.0240031231336252,0.01808304153382778
22,26.08.2020,9,2020,True,0.0242480200169169,0.018530260771512985
22,27.08.2020,9,2020,True,0.025036274530892,0.018747562542557716
22,28.08.2020,9,2020,True,0.0250304174222648,0.01823667623102665
22,31.08.2020,9,2020,True,0.0249584747478878,0.017349107190966606
22,01.09.2020,9,2020,True,0.0260095592006178,0.016672953963279724
22,02.09.2020,9,2020,True,0.0283132656831922,0.01594773679971695
22,03.09.2020,9,2020,True,0.0292883123633055,0.01818041317164898
22,04.09.2020,9,2020,True,0.0286498686282079,0.023381264880299568
22,08.09.2020,9,2020,True,0.0249096360460226,0.024648284539580345
22,09.09.2020,9,2020,True,0.024644644865245,0.02883714996278286
22,10.09.2020,9,2020,True,0.0250504641200112,0.025164894759655
22,11.09.2020,9,2020,True,0.025200374312987,0.026267867535352707
22,14.09.2020,9,2020,True,0.0253895822670982,0.025923604145646095
22,15.09.2020,9,2020,True,0.0250793379566294,0.02573915757238865
22,16.09.2020,9,2020,True,0.0236393161960064,0.02129034325480461
22,17.09.2020,9,2020,True,0.0230433797590657,0.01854042150080204
22,18.09.2020,9,2020,True,0.0232059212985284,0.016182349994778633
22,21.09.2020,9,2020,True,0.0226850244390429,0.016539674252271652
22,22.09.2020,9,2020,True,0.0229392353716612,0.02092859148979187
22,23.09.2020,9,2020,True,0.0232291198048029,0.020027101039886475
22,24.09.2020,9,2020,True,0.0241735976079917,0.023529771715402603
22,25.09.2020,9,2020,True,0.0245385146638412,0.01911356672644615
22,28.09.2020,9,2020,True,0.0266334570415214,0.019034018740057945
22,29.09.2020,9,2020,True,0.0269048388024666,0.02380506880581379
22,30.09.2020,9,2020,True,0.0269022376258024,0.027955468744039536
22,01.10.2020,9,2020,True,0.0284613641117596,0.02528243139386177
22,02.10.2020,9,2020,True,0.0273900688834601,0.033637966960668564
22,05.10.2020,9,2020,True,0.0264170707411559,0.03792250156402588
22,06.10.2020,9,2020,True,0.0254308491287791,0.028961503878235817
22,07.10.2020,9,2020,True,0.0263624018151651,0.02461942844092846
22,08.10.2020,9,2020,True,0.0300386455566696,0.025291895493865013
22,09.10.2020,9,2020,True,0.0305653067688914,0.019507022574543953
22,12.10.2020,9,2020,True,0.0299444933623889,0.01964794471859932
22,13.10.2020,9,2020,True,0.0297980304881338,0.0220799520611763
22,14.10.2020,9,2020,True,0.0297276394578989,0.024200905114412308
22,15.10.2020,9,2020,True,0.030172770956109,0.021500229835510254
22,16.10.2020,9,2020,True,0.0301476685849904,0.02203449234366417
22,19.10.2020,9,2020,True,0.0302045112737609,0.022273657843470573
22,20.10.2020,9,2020,True,0.0301230969841301,0.0216352716088295
22,21.10.2020,9,2020,True,0.0292639219976414,0.021802326664328575
22,22.10.2020,9,2020,True,0.0294545934455092,0.023610785603523254
22,23.10.2020,9,2020,True,0.0299835258060425,0.023695936426520348
22,26.10.2020,9,2020,True,0.028798846055828,0.023532837629318237
22,27.10.2020,9,2020,True,0.0289373259836218,0.03069635108113289
22,28.10.2020,9,2020,True,0.0262045451634434,0.028361501172184944
22,29.10.2020,9,2020,True,0.0241942954424764,0.03560252487659454
22,30.10.2020,9,2020,True,0.0239794116438117,0.03983080014586449
22,02.11.2020,9,2020,True,0.0231492151953477,0.04490074887871742
22,03.11.2020,9,2020,True,0.023069730664565,0.038697902113199234
22,04.11.2020,9,2020,True,0.0225433549724771,0.03251531720161438
22,05.11.2020,9,2020,True,0.022349364857263,0.027335261926054955
22,06.11.2020,9,2020,True,0.020085504103455,0.026471218094229698
22,09.11.2020,9,2020,True,0.0151611282475672,0.028012005612254143
22,10.11.2020,9,2020,True,0.01469632068663,0.030321244150400162
22,11.11.2020,9,2020,True,0.0146905868696061,0.028104268014431
22,12.11.2020,9,2020,True,0.0144336883862283,0.02917408011853695
22,13.11.2020,9,2020,True,0.0133744321748284,0.02893986739218235
22,16.11.2020,9,2020,True,0.0128920462036583,0.02532508783042431
22,17.11.2020,9,2020,True,0.0128207642748103,0.023283738642930984
22,18.11.2020,9,2020,True,0.0146799349313773,0.02336711995303631
22,19.11.2020,9,2020,True,0.0153443722188269,0.02459011785686016
22,20.11.2020,9,2020,True,0.0155598178303611,0.02441822923719883
22,23.11.2020,9,2020,True,0.0150318405082056,0.021807732060551643
22,24.11.2020,9,2020,True,0.0132811120779733,0.025152532383799553
22,25.11.2020,9,2020,True,0.0129801911579029,0.025899119675159454
22,27.11.2020,9,2020,True,0.0127469566851751,0.02522459626197815
22,30.11.2020,9,2020,True,0.0123380046207246,0.025657566264271736
22,01.12.2020,9,2020,True,0.0128145226149662,0.028371917083859444
22,02.12.2020,9,2020,True,0.0157321940590263,0.02967781014740467
22,03.12.2020,9,2020,True,0.0157993082660899,0.026726264506578445
22,04.12.2020,9,2020,True,0.0157552648305419,0.024195389822125435
22,07.12.2020,9,2020,True,0.0162730810864969,0.022174431011080742
22,08.12.2020,9,2020,True,0.0164455435837981,0.020719794556498528
22,09.12.2020,9,2020,True,0.0165423111824849,0.019516993314027786
22,10.12.2020,9,2020,True,0.0161525658777745,0.022642560303211212
22,11.12.2020,9,2020,True,0.0159806198398432,0.01890905387699604
22,14.12.2020,9,2020,True,0.0171455322837324,0.01875583454966545
22,15.12.2020,9,2020,True,0.0172529700119986,0.02761729247868061
22,16.12.2020,9,2020,True,0.0172492835974105,0.02262319251894951
22,17.12.2020,9,2020,True,0.0172448331607481,0.022587021812796593
22,18.12.2020,9,2020,True,0.0174036336238393,0.018926799297332764
22,21.12.2020,9,2020,True,0.0161957089587381,0.019414450973272324
22,22.12.2020,9,2020,True,0.0155557067513527,0.020071472972631454
22,23.12.2020,9,2020,True,0.0151326684631604,0.01963180862367153
22,24.12.2020,9,2020,True,0.0152475706412007,0.02082802541553974
22,28.12.2020,9,2020,True,0.0150156570368784,0.018330926075577736
22,29.12.2020,9,2020,True,0.0150410893731853,0.021452680230140686
22,30.12.2020,9,2020,True,0.0153802540716252,0.021255411207675934
22,31.12.2020,9,2020,True,0.015579661377009,0.019576890394091606
66,02.01.2020,9,2020,True,0.0614301491885623,0.01711486652493477
66,03.01.2020,9,2020,True,0.0613769643515749,0.017229963093996048
66,06.01.2020,9,2020,True,0.0614634500978824,0.01744309440255165
66,07.01.2020,9,2020,True,0.0615125803418403,0.017590949311852455
66,08.01.2020,9,2020,True,0.0618158620631677,0.017232432961463928
66,09.01.2020,9,2020,True,0.0621639323726679,0.01777397282421589
66,10.01.2020,9,2020,True,0.0621963553174464,0.019059790298342705
66,13.01.2020,9,2020,True,0.06225610636954,0.017401203513145447
66,14.01.2020,9,2020,True,0.0630104819304353,0.019502468407154083
66,15.01.2020,9,2020,True,0.0709851922383865,0.018911635503172874
66,16.01.2020,9,2020,True,0.0714364080159666,0.018372824415564537
66,17.01.2020,9,2020,True,0.07181952851382,0.017521297559142113
66,21.01.2020,9,2020,True,0.0718535525265318,0.017355239018797874
66,22.01.2020,9,2020,True,0.0721509030210253,0.017325518652796745
66,23.01.2020,9,2020,True,0.0723241451292607,0.01831997185945511
66,24.01.2020,9,2020,True,0.0736594204968317,0.018743837252259254
66,27.01.2020,9,2020,True,0.075350679719208,0.019228236749768257
66,28.01.2020,9,2020,True,0.0756663962676665,0.018961576744914055
66,29.01.2020,9,2020,True,0.0758027669292677,0.018696298822760582
66,30.01.2020,9,2020,True,0.077759706312453,0.018273459747433662
66,31.01.2020,9,2020,True,0.0778509205637459,0.019206801429390907
66,03.02.2020,9,2020,True,0.0775385774917079,0.01989247463643551
66,04.02.2020,9,2020,True,0.0778813441407286,0.02015390247106552
66,05.02.2020,9,2020,True,0.0778962201401932,0.020045053213834763
66,06.02.2020,9,2020,True,0.0779391200627794,0.02163526974618435
66,07.02.2020,9,2020,True,0.0779688841534411,0.01930253952741623
66,10.02.2020,9,2020,True,0.0784770884365244,0.019746091216802597
66,11.02.2020,9,2020,True,0.0786854053132372,0.018065975978970528
66,12.02.2020,9,2020,True,0.0790950602658326,0.02140105701982975
66,13.02.2020,9,2020,True,0.0790674123841995,0.022624565288424492
66,14.02.2020,9,2020,True,0.0791532420491289,0.022804314270615578
66,18.02.2020,9,2020,True,0.0791566692832073,0.023252403363585472
66,19.02.2020,9,2020,True,0.0790972020383773,0.019813289865851402
66,20.02.2020,9,2020,True,0.0792177215686351,0.019854046404361725
66,21.02.2020,9,2020,True,0.0793175705432557,0.01973923295736313
66,24.02.2020,9,2020,True,0.0792774614706685,0.02092861570417881
66,25.02.2020,9,2020,True,0.0792543654885675,0.022534925490617752
66,26.02.2020,9,2020,True,0.0799400104759713,0.023250410333275795
66,27.02.2020,9,2020,True,0.0800346985745376,0.023313716053962708
66,28.02.2020,9,2020,True,0.0799655897365119,0.027580808848142624
66,02.03.2020,9,2020,True,0.0798821322028896,0.0277419276535511
66,03.03.2020,9,2020,True,0.0802236080348784,0.027068588882684708
66,04.03.2020,9,2020,True,0.0803155976846941,0.027983244508504868
66,05.03.2020,9,2020,True,0.0802945037602314,0.027539119124412537
66,06.03.2020,9,2020,True,0.0794090837491899,0.027678845450282097
66,09.03.2020,9,2020,True,0.0723262874739039,0.030033843591809273
66,10.03.2020,9,2020,True,0.0716644744455546,0.04870740696787834
66,11.03.2020,9,2020,True,0.0715529364539419,0.04870740696787834
66,12.03.2020,9,2020,True,0.0710016917538774,0.04864457994699478
66,13.03.2020,9,2020,True,0.0709836214664264,0.04870740696787834
66,16.03.2020,9,2020,True,0.0693539306018623,0.048625435680150986
66,17.03.2020,9,2020,True,0.0690861783479528,0.04707445204257965
66,18.03.2020,9,2020,True,0.0665228618920835,0.047012120485305786
66,19.03.2020,9,2020,True,0.0646510103080767,0.04707445204257965
66,20.03.2020,9,2020,True,0.0646829668735281,0.04707445204257965
66,23.03.2020,9,2020,True,0.0646977884241614,0.04707445204257965
66,24.03.2020,9,2020,True,0.0647032399948918,0.03903748467564583
66,25.03.2020,9,2020,True,0.0647152839933818,0.0391005277633667
66,26.03.2020,9,2020,True,0.0645151556790268,0.038956478238105774
66,27.03.2020,9,2020,True,0.0640728501761457,0.037780746817588806
66,30.03.2020,9,2020,True,0.0629005139198384,0.03767083212733269
66,31.03.2020,9,2020,True,0.0629006396244139,0.03856312856078148
66,01.04.2020,9,2020,True,0.0622154729406025,0.038768816739320755
66,02.04.2020,9,2020,True,0.0578897636726532,0.039026230573654175
66,03.04.2020,9,2020,True,0.0558375727561676,0.039026230573654175
66,06.04.2020,9,2020,True,0.0557066861542537,0.039026230573654175
66,07.04.2020,9,2020,True,0.0555155415123692,0.048095058649778366
66,08.04.2020,9,2020,True,0.0554236765534597,0.048140887171030045
66,09.04.2020,9,2020,True,0.0551543500781047,0.048095058649778366
66,13.04.2020,9,2020,True,0.0551821043506164,0.048140887171030045
66,14.04.2020,9,2020,True,0.0544075652841384,0.04439690709114075
66,15.04.2020,9,2020,True,0.0536513859829138,0.046073731034994125
66,16.04.2020,9,2020,True,0.0536912903608951,0.04647450149059296
66,17.04.2020,9,2020,True,0.0536989176066117,0.04601564630866051
66,20.04.2020,9,2020,True,0.0523455818116527,0.04587159678339958
66,21.04.2020,9,2020,True,0.0380622355889709,0.04772940278053284
66,22.04.2020,9,2020,True,0.0377497118481508,0.0477917343378067
66,23.04.2020,9,2020,True,0.0375487510188869,0.0477917343378067
66,24.04.2020,9,2020,True,0.0375427264380049,0.0477917343378067
66,27.04.2020,9,2020,True,0.0363552360444536,0.04761335253715515
66,28.04.2020,9,2020,True,0.0363279874541337,0.046275828033685684
66,29.04.2020,9,2020,True,0.0347414574063427,0.045772984623909
66,30.04.2020,9,2020,True,0.0322122832238631,0.046275828033685684
66,01.05.2020,9,2020,True,0.0319011379062547,0.046275828033685684
66,04.05.2020,9,2020,True,0.03182267097372,0.046275828033685684
66,05.05.2020,9,2020,True,0.0280434752343,0.04589385911822319
66,06.05.2020,9,2020,True,0.0274441090490987,0.0462326817214489
66,07.05.2020,9,2020,True,0.0274636774506127,0.04599788784980774
66,08.05.2020,9,2020,True,0.0269783269051664,0.045849721878767014
66,11.05.2020,9,2020,True,0.0263265036654858,0.04629501327872276
66,12.05.2020,9,2020,True,0.0263453989012888,0.046232156455516815
66,13.05.2020,9,2020,True,0.0260353412751133,0.04602579027414322
66,14.05.2020,9,2020,True,0.0250223329918874,0.04528268054127693
66,15.05.2020,9,2020,True,0.0245992044513767,0.045812658965587616
66,18.05.2020,9,2020,True,0.0233472587102093,0.042452361434698105
66,19.05.2020,9,2020,True,0.0234095495850209,0.03663405030965805
66,20.05.2020,9,2020,True,0.0232207320265854,0.036412548273801804
66,21.05.2020,9,2020,True,0.0232636793247593,0.03509601205587387
66,22.05.2020,9,2020,True,0.0229903414730147,0.03851517662405968
66,26.05.2020,9,2020,True,0.0228552877477837,0.03920317441225052
66,27.05.2020,9,2020,True,0.0222019368004042,0.036199901252985
66,28.05.2020,9,2020,True,0.022153755400467,0.036465201526880264
66,29.05.2020,9,2020,True,0.0221539455646089,0.035669758915901184
66,01.06.2020,9,2020,True,0.0202319484663571,0.030657697468996048
66,02.06.2020,9,2020,True,0.0199222476040863,0.037716444581747055
66,03.06.2020,9,2020,True,0.0203534792664721,0.03737349063158035
66,04.06.2020,9,2020,True,0.0221396819803117,0.028301291167736053
66,05.06.2020,9,2020,True,0.0212371677555492,0.028635414317250252
66,08.06.2020,9,2020,True,0.0208856263263956,0.028429917991161346
66,09.06.2020,9,2020,True,0.0208618389693214,0.0315895639359951
66,10.06.2020,9,2020,True,0.0207991703035758,0.030928976833820343
66,11.06.2020,9,2020,True,0.0185501063458089,0.030846526846289635
66,12.06.2020,9,2020,True,0.0191910619125721,0.03807111829519272
66,15.06.2020,9,2020,True,0.0191914104181737,0.03754831850528717
66,16.06.2020,9,2020,True,0.01884304585595,0.027778074145317078
66,17.06.2020,9,2020,True,0.0194986485315646,0.0280702356249094
66,18.06.2020,9,2020,True,0.0193684350892848,0.02778710424900055
66,19.06.2020,9,2020,True,0.019263411315683,0.02679990604519844
66,22.06.2020,9,2020,True,0.0190914626735767,0.02599746361374855
66,23.06.2020,9,2020,True,0.0190497504497602,0.0275533776730299
66,24.06.2020,9,2020,True,0.0177882309396747,0.0293329656124115
66,25.06.2020,9,2020,True,0.0181455682485604,0.028789104893803596
66,26.06.2020,9,2020,True,0.0181469391145638,0.028737632557749748
66,29.06.2020,9,2020,True,0.0180264184415729,0.029152696952223778
66,30.06.2020,9,2020,True,0.018657060471202,0.028186101466417313
66,01.07.2020,9,2020,True,0.0195023386174721,0.027114063501358032
66,02.07.2020,9,2020,True,0.0196491157815082,0.026545481756329536
66,06.07.2020,9,2020,True,0.0197405221742276,0.025557465851306915
66,07.07.2020,9,2020,True,0.0201305954824548,0.027315981686115265
66,08.07.2020,9,2020,True,0.0201705280592576,0.028778856620192528
66,09.07.2020,9,2020,True,0.0202582240265231,0.027784790843725204
66,10.07.2020,9,2020,True,0.0202075079979758,0.028489461168646812
66,13.07.2020,9,2020,True,0.0203090448628157,0.02850230783224106
66,14.07.2020,9,2020,True,0.0203084415772527,0.027802225202322006
66,15.07.2020,9,2020,True,0.0201569397288424,0.028002792969346046
66,16.07.2020,9,2020,True,0.0201420474137785,0.026591066271066666
66,17.07.2020,9,2020,True,0.0201934833600245,0.025689825415611267
66,20.07.2020,9,2020,True,0.0206099747329304,0.021394649520516396
66,21.07.2020,9,2020,True,0.0205086569713906,0.021619407460093498
66,22.07.2020,9,2020,True,0.0205999102714001,0.02171485684812069
66,23.07.2020,9,2020,True,0.0207844785003196,0.022027360275387764
66,24.07.2020,9,2020,True,0.0209170580418487,0.020288953557610512
66,27.07.2020,9,2020,True,0.0218367751911586,0.020303113386034966
66,28.07.2020,9,2020,True,0.0222980698230532,0.023111402988433838
66,29.07.2020,9,2020,True,0.0222291148155841,0.02257077768445015
66,30.07.2020,9,2020,True,0.0227202381958099,0.021326296031475067
66,31.07.2020,9,2020,True,0.0228260452731703,0.022605739533901215
66,03.08.2020,9,2020,True,0.0231856910024567,0.02388530783355236
66,04.08.2020,9,2020,True,0.023179817939022,0.020237497985363007
66,05.08.2020,9,2020,True,0.0234791347965604,0.019812995567917824
66,06.08.2020,9,2020,True,0.0251916688371314,0.018689168617129326
66,07.08.2020,9,2020,True,0.0253761556883761,0.018611865118145943
66,10.08.2020,9,2020,True,0.0253271934733163,0.019132720306515694
66,11.08.2020,9,2020,True,0.025303442989039,0.01792585290968418
66,12.08.2020,9,2020,True,0.0252507572451184,0.019299132749438286
66,13.08.2020,9,2020,True,0.025406716029938,0.01826503686606884
66,14.08.2020,9,2020,True,0.0254040872667225,0.01832958683371544
66,17.08.2020,9,2020,True,0.0254101819097744,0.01826503686606884
66,18.08.2020,9,2020,True,0.0254108154837159,0.01731034740805626
66,19.08.2020,9,2020,True,0.025500697515226,0.017090825363993645
66,20.08.2020,9,2020,True,0.0256412499735268,0.016941050067543983
66,21.08.2020,9,2020,True,0.0260104780735939,0.01709289662539959
66,24.08.2020,9,2020,True,0.0259933524265822,0.017181534320116043
66,25.08.2020,9,2020,True,0.0259543114588378,0.016858970746397972
66,26.08.2020,9,2020,True,0.0259954964553537,0.017046596854925156
66,27.08.2020,9,2020,True,0.0259522204771373,0.017152775079011917
66,28.08.2020,9,2020,True,0.0260313605409337,0.017140371724963188
66,31.08.2020,9,2020,True,0.0260475089416532,0.017180589959025383
66,01.09.2020,9,2020,True,0.026067542673,0.016581585630774498
66,02.09.2020,9,2020,True,0.025887843243083,0.016466772183775902
66,03.09.2020,9,2020,True,0.0258603745179025,0.01737901195883751
66,04.09.2020,9,2020,True,0.0255081099476174,0.019371479749679565
66,08.09.2020,9,2020,True,0.0240660099146181,0.020429210737347603
66,09.09.2020,9,2020,True,0.0239395562313489,0.027737148106098175
66,10.09.2020,9,2020,True,0.0237962151951121,0.027039609849452972
66,11.09.2020,9,2020,True,0.0237788019584822,0.027970725670456886
66,14.09.2020,9,2020,True,0.0237528496926212,0.02719024196267128
66,15.09.2020,9,2020,True,0.0236393584665932,0.028487753123044968
66,16.09.2020,9,2020,True,0.023220943276629,0.025935545563697815
66,17.09.2020,9,2020,True,0.0233330976529488,0.023020680993795395
66,18.09.2020,9,2020,True,0.0234381019801691,0.022138386964797974
66,21.09.2020,9,2020,True,0.0229447243238565,0.022175680845975876
66,22.09.2020,9,2020,True,0.0229411245159888,0.022872842848300934
66,23.09.2020,9,2020,True,0.0229840795385121,0.02308117225766182
66,24.09.2020,9,2020,True,0.0229844714947273,0.02599719539284706
66,25.09.2020,9,2020,True,0.0229814996765325,0.02331111766397953
66,28.09.2020,9,2020,True,0.0229656517957668,0.023866752162575722
66,29.09.2020,9,2020,True,0.022607612519526,0.022812193259596825
66,30.09.2020,9,2020,True,0.0232540272249896,0.025098172947764397
66,01.10.2020,9,2020,True,0.0232723922661007,0.024309253320097923
66,02.10.2020,9,2020,True,0.0225651837974329,0.02725887857377529
66,05.10.2020,9,2020,True,0.0220603410348388,0.02732481062412262
66,06.10.2020,9,2020,True,0.0218205740029284,0.026857387274503708
66,07.10.2020,9,2020,True,0.0217329512709225,0.026176877319812775
66,08.10.2020,9,2020,True,0.0215295320378597,0.028357524424791336
66,09.10.2020,9,2020,True,0.0214465930467598,0.02562672272324562
66,12.10.2020,9,2020,True,0.0213821711845794,0.02304096519947052
66,13.10.2020,9,2020,True,0.0213575037443446,0.024517497047781944
66,14.10.2020,9,2020,True,0.021262471288079,0.025852572172880173
66,15.10.2020,9,2020,True,0.0212459854134967,0.024779967963695526
66,16.10.2020,9,2020,True,0.0213109622924301,0.024779967963695526
66,19.10.2020,9,2020,True,0.0212725682718079,0.025439469143748283
66,20.10.2020,9,2020,True,0.0212503213724063,0.024119462817907333
66,21.10.2020,9,2020,True,0.0207381947559888,0.025371886789798737
66,22.10.2020,9,2020,True,0.0207062937669872,0.028026890009641647
66,23.10.2020,9,2020,True,0.0205492699712568,0.02728959731757641
66,26.10.2020,9,2020,True,0.0200472894247045,0.02728959731757641
66,27.10.2020,9,2020,True,0.0200619088454254,0.027860116213560104
66,28.10.2020,9,2020,True,0.0188135850683552,0.027307581156492233
66,29.10.2020,9,2020,True,0.0179770585464309,0.028531203046441078
66,30.10.2020,9,2020,True,0.0179171795257202,0.02937549166381359
66,02.11.2020,9,2020,True,0.0175327042446664,0.029662776738405228
66,03.11.2020,9,2020,True,0.0174691564362754,0.03264575079083443
66,04.11.2020,9,2020,True,0.0170330316743717,0.03264947608113289
66,05.11.2020,9,2020,True,0.0170115004704579,0.027213886380195618
66,06.11.2020,9,2020,True,0.0162375405310011,0.02769245207309723
66,09.11.2020,9,2020,True,0.0140880757760186,0.027323486283421516
66,10.11.2020,9,2020,True,0.0138679374351693,0.026683833450078964
66,11.11.2020,9,2020,True,0.0139491206958006,0.025728663429617882
66,12.11.2020,9,2020,True,0.0141312409268854,0.02587929554283619
66,13.11.2020,9,2020,True,0.0143349929048212,0.026305189356207848
66,16.11.2020,9,2020,True,0.0141738397297982,0.024813534691929817
66,17.11.2020,9,2020,True,0.0143345299675883,0.02531179040670395
66,18.11.2020,9,2020,True,0.0143488218560663,0.023132532835006714
66,19.11.2020,9,2020,True,0.0144648220774554,0.02349897287786007
66,20.11.2020,9,2020,True,0.0153646201838776,0.02364792861044407
66,23.11.2020,9,2020,True,0.0153933916500757,0.022623641416430473
66,24.11.2020,9,2020,True,0.0149624237512532,0.02178010158240795
66,25.11.2020,9,2020,True,0.015563197748196,0.021797144785523415
66,27.11.2020,9,2020,True,0.0160088308208904,0.024399111047387123
66,30.11.2020,9,2020,True,0.0160839359071546,0.026374753564596176
66,01.12.2020,9,2020,True,0.0161677554786164,0.02600915916264057
66,02.12.2020,9,2020,True,0.0160981594403125,0.02600915916264057
66,03.12.2020,9,2020,True,0.0162773106167343,0.02617008611559868
66,04.12.2020,9,2020,True,0.0163208714063688,0.022920893505215645
66,07.12.2020,9,2020,True,0.0162688887950943,0.02193491905927658
66,08.12.2020,9,2020,True,0.0163322256911529,0.022167770192027092
66,09.12.2020,9,2020,True,0.0163766701464354,0.01969437301158905
66,10.12.2020,9,2020,True,0.0186757849621394,0.01984352245926857
66,11.12.2020,9,2020,True,0.0187440827835339,0.019564313814044
66,14.12.2020,9,2020,True,0.0187438696176152,0.0196016076952219
66,15.12.2020,9,2020,True,0.0203594297948577,0.01842690072953701
66,16.12.2020,9,2020,True,0.0214574005176649,0.01787281222641468
66,17.12.2020,9,2020,True,0.0220747614048219,0.01761910878121853
66,18.12.2020,9,2020,True,0.0225370247013168,0.01745186373591423
66,21.12.2020,9,2020,True,0.0222383610853404,0.01745186373591423
66,22.12.2020,9,2020,True,0.0221945919770243,0.02002156898379326
66,23.12.2020,9,2020,True,0.0221322605361087,0.02005886286497116
66,24.12.2020,9,2020,True,0.0222332684815111,0.019569342955946922
66,28.12.2020,9,2020,True,0.0229069458568117,0.019124984741210938
66,29.12.2020,9,2020,True,0.0229198896364863,0.01943262666463852
66,30.12.2020,9,2020,True,0.0229230754185998,0.01911437325179577
66,31.12.2020,9,2020,True,0.0229136191902946,0.018740227445960045
126,02.01.2020,9,2020,True,0.0601654111227235,0.017799224704504013
126,03.01.2020,9,2020,True,0.060067735261944,0.017718009650707245
126,06.01.2020,9,2020,True,0.060063939610465,0.017799224704504013
126,07.01.2020,9,2020,True,0.0600666574951492,0.018289534375071526
126,08.01.2020,9,2020,True,0.0599889367216574,0.018289534375071526
126,09.01.2020,9,2020,True,0.0600275081957901,0.018289534375071526
126,10.01.2020,9,2020,True,0.0600321833276722,0.018289534375071526
126,13.01.2020,9,2020,True,0.0600307256823087,0.018208319321274757
126,14.01.2020,9,2020,True,0.0600641547301579,0.018436284735798836
126,15.01.2020,9,2020,True,0.0600656414572276,0.018208319321274757
126,16.01.2020,9,2020,True,0.0600550629102772,0.018079625442624092
126,17.01.2020,9,2020,True,0.0600547876139236,0.018079625442624092
126,21.01.2020,9,2020,True,0.0601027109577142,0.018079625442624092
126,22.01.2020,9,2020,True,0.0600797868533381,0.018030041828751564
126,23.01.2020,9,2020,True,0.060088484098374,0.018082287162542343
126,24.01.2020,9,2020,True,0.0600646364616671,0.01815873570740223
126,27.01.2020,9,2020,True,0.0600384719676801,0.018222559243440628
126,28.01.2020,9,2020,True,0.0600365376570527,0.020023539662361145
126,29.01.2020,9,2020,True,0.060047144151272,0.018741531297564507
126,30.01.2020,9,2020,True,0.0600285682866787,0.01812967099249363
126,31.01.2020,9,2020,True,0.0600362416941848,0.02015223354101181
126,03.02.2020,9,2020,True,0.0597942373749183,0.02111838199198246
126,04.02.2020,9,2020,True,0.0597947394854565,0.021124446764588356
126,05.02.2020,9,2020,True,0.0597723045408413,0.020863449200987816
126,06.02.2020,9,2020,True,0.0597707863655234,0.021409697830677032
126,07.02.2020,9,2020,True,0.0597804710722858,0.018876289948821068
126,10.02.2020,9,2020,True,0.0597659580153842,0.020158298313617706
126,11.02.2020,9,2020,True,0.0597564790946027,0.02055322751402855
126,12.02.2020,9,2020,True,0.0597122300666349,0.020995093509554863
126,13.02.2020,9,2020,True,0.0597083964340035,0.019479693844914436
126,14.02.2020,9,2020,True,0.0596840973406928,0.019599666818976402
126,18.02.2020,9,2020,True,0.0596924069019545,0.020340221002697945
126,19.02.2020,9,2020,True,0.0596500654548041,0.019602999091148376
126,20.02.2020,9,2020,True,0.0596481724855963,0.019785797223448753
126,21.02.2020,9,2020,True,0.0596437093141127,0.019729766994714737
126,24.02.2020,9,2020,True,0.059562264169219,0.020143739879131317
126,25.02.2020,9,2020,True,0.0595527960496972,0.023187760263681412
126,26.02.2020,9,2020,True,0.0595254508255035,0.023448757827281952
126,27.02.2020,9,2020,True,0.0594922208906821,0.023327814415097237
126,28.02.2020,9,2020,True,0.0594344693007615,0.027252651751041412
126,02.03.2020,9,2020,True,0.0593818245563386,0.027252651751041412
126,03.03.2020,9,2020,True,0.0593844003325534,0.027082392945885658
126,04.03.2020,9,2020,True,0.0593765840068874,0.0266319140791893
126,05.03.2020,9,2020,True,0.0593859492197312,0.0266319140791893
126,06.03.2020,9,2020,True,0.0587313069986041,0.026511941105127335
126,09.03.2020,9,2020,True,0.0533534258552843,0.02801319770514965
126,10.03.2020,9,2020,True,0.0532656052083726,0.03584732860326767
126,11.03.2020,9,2020,True,0.0531899414006425,0.03584732860326767
126,12.03.2020,9,2020,True,0.0527846314838682,0.03584732860326767
126,13.03.2020,9,2020,True,0.0527655596960374,0.03584732860326767
126,16.03.2020,9,2020,True,0.0516512579259068,0.03584732860326767
126,17.03.2020,9,2020,True,0.0515097415534538,0.03637896478176117
126,18.03.2020,9,2020,True,0.0499075115945311,0.03637896478176117
126,19.03.2020,9,2020,True,0.0485501556841431,0.03637896478176117
126,20.03.2020,9,2020,True,0.0482831147522444,0.03637896478176117
126,23.03.2020,9,2020,True,0.048442959203062,0.03637896478176117
126,24.03.2020,9,2020,True,0.0484437893792722,0.03305336833000183
126,25.03.2020,9,2020,True,0.0484417553441031,0.03305336833000183
126,26.03.2020,9,2020,True,0.0482916277409362,0.03305336833000183
126,27.03.2020,9,2020,True,0.0480047705427901,0.032145433127880096
126,30.03.2020,9,2020,True,0.0472419133643857,0.032145433127880096
126,31.03.2020,9,2020,True,0.0473636421140481,0.033147089183330536
126,01.04.2020,9,2020,True,0.0468240331240188,0.033172376453876495
126,02.04.2020,9,2020,True,0.0437178522390999,0.0331716425716877
126,03.04.2020,9,2020,True,0.0423543112493724,0.0331716425716877
126,06.04.2020,9,2020,True,0.0424753638907237,0.0331716425716877
126,07.04.2020,9,2020,True,0.0424233427279567,0.03437739238142967
126,08.04.2020,9,2020,True,0.0423798161870125,0.03437739238142967
126,09.04.2020,9,2020,True,0.0422740361312964,0.03437739238142967
126,13.04.2020,9,2020,True,0.0422889864358194,0.03437739238142967
126,14.04.2020,9,2020,True,0.041872813472749,0.0325915589928627
126,15.04.2020,9,2020,True,0.0414250379781865,0.034001484513282776
126,16.04.2020,9,2020,True,0.0414522483332587,0.03437739238142967
126,17.04.2020,9,2020,True,0.0414539097837072,0.034001484513282776
126,20.04.2020,9,2020,True,0.0405363565860483,0.03420574218034744
126,21.04.2020,9,2020,True,0.031541063508861,0.03657931461930275
126,22.04.2020,9,2020,True,0.0312735256013391,0.03657931461930275
126,23.04.2020,9,2020,True,0.0312625892660942,0.03657931461930275
126,24.04.2020,9,2020,True,0.0312809020264661,0.03657931461930275
126,27.04.2020,9,2020,True,0.0306035257341944,0.03657931461930275
126,28.04.2020,9,2020,True,0.0307464120977587,0.035657621920108795
126,29.04.2020,9,2020,True,0.0296546399841604,0.035657621920108795
126,30.04.2020,9,2020,True,0.02841258037658,0.035657621920108795
126,01.05.2020,9,2020,True,0.0284045127674609,0.035657621920108795
126,04.05.2020,9,2020,True,0.0283200378274347,0.035657621920108795
126,05.05.2020,9,2020,True,0.0261320032274214,0.034932442009449005
126,06.05.2020,9,2020,True,0.0258873345870945,0.03537161275744438
126,07.05.2020,9,2020,True,0.0260572897563127,0.03537161275744438
126,08.05.2020,9,2020,True,0.0257227024087858,0.03537161275744438
126,11.05.2020,9,2020,True,0.0256240407662803,0.03537161275744438
126,12.05.2020,9,2020,True,0.0263565217794068,0.03636598959565163
126,13.05.2020,9,2020,True,0.0263190133697726,0.03592681884765625
126,14.05.2020,9,2020,True,0.0257400224327318,0.03390418738126755
126,15.05.2020,9,2020,True,0.0254950440817442,0.03636598959565163
126,18.05.2020,9,2020,True,0.0248478914577701,0.03589392825961113
126,19.05.2020,9,2020,True,0.024921115461981,0.032774418592453
126,20.05.2020,9,2020,True,0.0247826477395759,0.03274913132190704
126,21.05.2020,9,2020,True,0.0247970815973588,0.03186574578285217
126,22.05.2020,9,2020,True,0.0246754383064213,0.0322892926633358
126,26.05.2020,9,2020,True,0.0245914118515249,0.0322892926633358
126,27.05.2020,9,2020,True,0.0243792552345061,0.03193381056189537
126,28.05.2020,9,2020,True,0.0245619205529889,0.03180958703160286
126,29.05.2020,9,2020,True,0.0245894476322413,0.03180958703160286
126,01.06.2020,9,2020,True,0.0235713792484008,0.029562748968601227
126,02.06.2020,9,2020,True,0.0234467014038928,0.03287174180150032
126,03.06.2020,9,2020,True,0.0234480884106901,0.03287174180150032
126,04.06.2020,9,2020,True,0.0234890592742561,0.027700474485754967
126,05.06.2020,9,2020,True,0.0229826284236271,0.027700474485754967
126,08.06.2020,9,2020,True,0.0227543311113699,0.027700474485754967
126,09.06.2020,9,2020,True,0.0227640128880577,0.027693424373865128
126,10.06.2020,9,2020,True,0.0227388338693555,0.027693424373865128
126,11.06.2020,9,2020,True,0.0215591884937771,0.027693424373865128
126,12.06.2020,9,2020,True,0.0216836645440714,0.03158143162727356
126,15.06.2020,9,2020,True,0.0215938300210002,0.030377786606550217
126,16.06.2020,9,2020,True,0.0214413562034454,0.028771569952368736
126,17.06.2020,9,2020,True,0.0214407818381355,0.0287961233407259
126,18.06.2020,9,2020,True,0.0213857780178534,0.0287961233407259
126,19.06.2020,9,2020,True,0.0213537806846833,0.026982391253113747
126,22.06.2020,9,2020,True,0.0213159476769203,0.026982391253113747
126,23.06.2020,9,2020,True,0.0214321270248569,0.026864290237426758
126,24.06.2020,9,2020,True,0.020867599313176,0.026864290237426758
126,25.06.2020,9,2020,True,0.020895303852147,0.027039287611842155
126,26.06.2020,9,2020,True,0.0208941126596097,0.027039287611842155
126,29.06.2020,9,2020,True,0.0208704832155065,0.027039287611842155
126,30.06.2020,9,2020,True,0.0208279517191128,0.028690828010439873
126,01.07.2020,9,2020,True,0.0207567523436227,0.028690828010439873
126,02.07.2020,9,2020,True,0.0206509172467309,0.028515830636024475
126,06.07.2020,9,2020,True,0.020694585153248,0.028515830636024475
126,07.07.2020,9,2020,True,0.0211061834615145,0.028335005044937134
126,08.07.2020,9,2020,True,0.0211281658651707,0.028335005044937134
126,09.07.2020,9,2020,True,0.0210202817490388,0.028258556500077248
126,10.07.2020,9,2020,True,0.0210934029085374,0.028335005044937134
126,13.07.2020,9,2020,True,0.0210673845009169,0.027361037209630013
126,14.07.2020,9,2020,True,0.0211050785529054,0.026411939412355423
126,15.07.2020,9,2020,True,0.021064739352467,0.026411939412355423
126,16.07.2020,9,2020,True,0.0210425415176593,0.025347448885440826
126,17.07.2020,9,2020,True,0.0211574529156044,0.024611780419945717
126,20.07.2020,9,2020,True,0.0211863386889341,0.022118378430604935
126,21.07.2020,9,2020,True,0.0210967576133832,0.022118378430604935
126,22.07.2020,9,2020,True,0.0210959610799295,0.02219482697546482
126,23.07.2020,9,2020,True,0.0210226803333913,0.022118378430604935
126,24.07.2020,9,2020,True,0.0210303016129278,0.020709844306111336
126,27.07.2020,9,2020,True,0.0210306856911825,0.020749572664499283
126,28.07.2020,9,2020,True,0.021025641356458,0.021482201293110847
126,29.07.2020,9,2020,True,0.0210150347067914,0.021353507414460182
126,30.07.2020,9,2020,True,0.0209370003282711,0.021251680329442024
126,31.07.2020,9,2020,True,0.0209370645585909,0.02140575274825096
126,03.08.2020,9,2020,True,0.0209375061041464,0.02255314774811268
126,04.08.2020,9,2020,True,0.0209777879103466,0.02106364816427231
126,05.08.2020,9,2020,True,0.0209419210824678,0.02106364816427231
126,06.08.2020,9,2020,True,0.0209466340385442,0.018100006505846977
126,07.08.2020,9,2020,True,0.0209485946044869,0.01966431736946106
126,10.08.2020,9,2020,True,0.0209340040852933,0.019793011248111725
126,11.08.2020,9,2020,True,0.020902052056674,0.01728300377726555
126,12.08.2020,9,2020,True,0.0208502117815155,0.019793011248111725
126,13.08.2020,9,2020,True,0.0208832957361097,0.017155978828668594
126,14.08.2020,9,2020,True,0.0209031808608981,0.017155978828668594
126,17.08.2020,9,2020,True,0.0209155765239139,0.017155978828668594
126,18.08.2020,9,2020,True,0.0209314092196863,0.01712583750486374
126,19.08.2020,9,2020,True,0.0209942816571666,0.017049388960003853
126,20.08.2020,9,2020,True,0.0211752828254514,0.016997143626213074
126,21.08.2020,9,2020,True,0.0211309439377497,0.017048383131623268
126,24.08.2020,9,2020,True,0.0211846216944762,0.01708291843533516
126,25.08.2020,9,2020,True,0.0211584246472364,0.017233682796359062
126,26.08.2020,9,2020,True,0.0211853406779412,0.01731013134121895
126,27.08.2020,9,2020,True,0.0214501280842067,0.017395906150341034
126,28.08.2020,9,2020,True,0.021510447825274,0.017395906150341034
126,31.08.2020,9,2020,True,0.0215758790582085,0.017284922301769257
126,01.09.2020,9,2020,True,0.0218385514280316,0.01741652935743332
126,02.09.2020,9,2020,True,0.0219134042290661,0.01741652935743332
126,03.09.2020,9,2020,True,0.0219600621942513,0.017789606004953384
126,04.09.2020,9,2020,True,0.0217586359251065,0.020673124119639397
126,08.09.2020,9,2020,True,0.020732589409802,0.021968908607959747
126,09.09.2020,9,2020,True,0.0207332875064523,0.026191193610429764
126,10.09.2020,9,2020,True,0.0206568312305012,0.026706909760832787
126,11.09.2020,9,2020,True,0.0206537032874056,0.02658693678677082
126,14.09.2020,9,2020,True,0.0206603226412005,0.02658693678677082
126,15.09.2020,9,2020,True,0.0206113987880139,0.026719456538558006
126,16.09.2020,9,2020,True,0.0214355700543344,0.025230251252651215
126,17.09.2020,9,2020,True,0.0213946598203762,0.023213982582092285
126,18.09.2020,9,2020,True,0.0213869760621499,0.022952985018491745
126,21.09.2020,9,2020,True,0.0217995220778328,0.022871769964694977
126,22.09.2020,9,2020,True,0.0223376532059226,0.023096811026334763
126,23.09.2020,9,2020,True,0.0226539616683322,0.023096811026334763
126,24.09.2020,9,2020,True,0.022909340848091,0.026024803519248962
126,25.09.2020,9,2020,True,0.0229080921035552,0.023139817640185356
126,28.09.2020,9,2020,True,0.0229417186375412,0.023139817640185356
126,29.09.2020,9,2020,True,0.0227314474145315,0.023041386157274246
126,30.09.2020,9,2020,True,0.022776915840527,0.02520846389234066
126,01.10.2020,9,2020,True,0.0231454032037641,0.024623868986964226
126,02.10.2020,9,2020,True,0.022800203840767,0.0267831739038229
126,05.10.2020,9,2020,True,0.022417513839762,0.027082392945885658
126,06.10.2020,9,2020,True,0.0222665070045878,0.027641845867037773
126,07.10.2020,9,2020,True,0.0222123317490734,0.02660485729575157
126,08.10.2020,9,2020,True,0.0220660220514221,0.027647241950035095
126,09.10.2020,9,2020,True,0.0220298837108447,0.02438194490969181
126,12.10.2020,9,2020,True,0.0221735212306471,0.023004906252026558
126,13.10.2020,9,2020,True,0.0221402569647922,0.025205427780747414
126,14.10.2020,9,2020,True,0.0220960949173032,0.02621288038790226
126,15.10.2020,9,2020,True,0.0220868928135393,0.023448104038834572
126,16.10.2020,9,2020,True,0.0220933966322006,0.023366888985037804
126,19.10.2020,9,2020,True,0.0221633950666308,0.0253482386469841
126,20.10.2020,9,2020,True,0.0221487690905847,0.023063886910676956
126,21.10.2020,9,2020,True,0.0219076411768709,0.02311420626938343
126,22.10.2020,9,2020,True,0.0218932038821131,0.026753265410661697
126,23.10.2020,9,2020,True,0.0218323338847756,0.026549678295850754
126,26.10.2020,9,2020,True,0.0216117954122628,0.025909971445798874
126,27.10.2020,9,2020,True,0.0216164738647109,0.027281610295176506
126,28.10.2020,9,2020,True,0.021133153758083,0.027281610295176506
126,29.10.2020,9,2020,True,0.0207840203756282,0.027157388627529144
126,30.10.2020,9,2020,True,0.0208066321940948,0.027281610295176506
126,02.11.2020,9,2020,True,0.0205744113342053,0.027157388627529144
126,03.11.2020,9,2020,True,0.0205909108554352,0.03068600408732891
126,04.11.2020,9,2020,True,0.0203731270712391,0.03068600408732891
126,05.11.2020,9,2020,True,0.0203502120993034,0.028663374483585358
126,06.11.2020,9,2020,True,0.0200163202456371,0.028885509818792343
126,09.11.2020,9,2020,True,0.019081079511366,0.028663374483585358
126,10.11.2020,9,2020,True,0.0192410281717181,0.02784155122935772
126,11.11.2020,9,2020,True,0.0193320124730787,0.02784155122935772
126,12.11.2020,9,2020,True,0.0193228102606551,0.02786683849990368
126,13.11.2020,9,2020,True,0.019274533855855,0.02786683849990368
126,16.11.2020,9,2020,True,0.01942452588727,0.026958171278238297
126,17.11.2020,9,2020,True,0.019566745558304,0.02890862710773945
126,18.11.2020,9,2020,True,0.019604734080012,0.02702919766306877
126,19.11.2020,9,2020,True,0.0197401031452333,0.02708515338599682
126,20.11.2020,9,2020,True,0.0197024924098208,0.027265427634119987
126,23.11.2020,9,2020,True,0.0196136473160117,0.02622527815401554
126,24.11.2020,9,2020,True,0.0193645737943464,0.02365863509476185
126,25.11.2020,9,2020,True,0.0193315603548621,0.023735083639621735
126,27.11.2020,9,2020,True,0.0193100055262916,0.023782210424542427
126,30.11.2020,9,2020,True,0.019292735135221,0.02654087170958519
126,01.12.2020,9,2020,True,0.0192861069606565,0.027388427406549454
126,02.12.2020,9,2020,True,0.0192495211045138,0.027388427406549454
126,03.12.2020,9,2020,True,0.0192567236782598,0.02562767080962658
126,04.12.2020,9,2020,True,0.0192540083725423,0.02306336909532547
126,07.12.2020,9,2020,True,0.0192236993259236,0.022711720317602158
126,08.12.2020,9,2020,True,0.019222997639507,0.02153010480105877
126,09.12.2020,9,2020,True,0.0192215746976213,0.019425855949521065
126,10.12.2020,9,2020,True,0.0190911683654965,0.020131006836891174
126,11.12.2020,9,2020,True,0.0191075937274062,0.020366625860333443
126,14.12.2020,9,2020,True,0.0191064408086537,0.02025970071554184
126,15.12.2020,9,2020,True,0.019188234008032,0.02097422257065773
126,16.12.2020,9,2020,True,0.0191876793247282,0.020408736541867256
126,17.12.2020,9,2020,True,0.0192339121474345,0.020408736541867256
126,18.12.2020,9,2020,True,0.0192087513912748,0.01795833557844162
126,21.12.2020,9,2020,True,0.0190319951851155,0.01795833557844162
126,22.12.2020,9,2020,True,0.0189515718735262,0.020749572664499283
126,23.12.2020,9,2020,True,0.0188811753899635,0.020749572664499283
126,24.12.2020,9,2020,True,0.0189921105024417,0.02083078771829605
126,28.12.2020,9,2020,True,0.0189653345896064,0.02056979015469551
126,29.12.2020,9,2020,True,0.0189656331015873,0.02078559808433056
126,30.12.2020,9,2020,True,0.0189733898428466,0.02056851238012314
126,31.12.2020,9,2020,True,0.0189665309293492,0.0202334001660347
5,04.01.2021,10,2021,True,0.0217310826718622,0.01616443507373333
5,05.01.2021,10,2021,True,0.0136014667427073,0.021216657012701035
5,06.01.2021,10,2021,True,0.0161159561590192,0.01771586760878563
5,07.01.2021,10,2021,True,0.0158898952143997,0.015509052202105522
5,08.01.2021,10,2021,True,0.0153218216912191,0.015638703480362892
5,11.01.2021,10,2021,True,0.0170258640068359,0.01615718938410282
5,12.01.2021,10,2021,True,0.0149084049406235,0.0142099279910326
5,13.01.2021,10,2021,True,0.0143141235419288,0.015278213657438755
5,14.01.2021,10,2021,True,0.0147190654340528,0.015213598497211933
5,15.01.2021,10,2021,True,0.0100402751403374,0.015318085439503193
5,19.01.2021,10,2021,True,0.0076688512081884,0.018685122951865196
5,20.01.2021,10,2021,True,0.0074743294980826,0.01565098762512207
5,21.01.2021,10,2021,True,0.0076228763198572,0.017935626208782196
5,22.01.2021,10,2021,True,0.0055978345047754,0.016461187973618507
5,25.01.2021,10,2021,True,0.00557651364242,0.016297457739710808
5,26.01.2021,10,2021,True,0.0096058589377971,0.01846923865377903
5,27.01.2021,10,2021,True,0.0097817967286899,0.019335532560944557
5,28.01.2021,10,2021,True,0.0063120602771798,0.019646840170025826
5,29.01.2021,10,2021,True,0.005917931711061,0.019588962197303772
5,01.02.2021,10,2021,True,0.0064737989768371,0.019820138812065125
5,02.02.2021,10,2021,True,0.0061405140997611,0.014683196321129799
5,03.02.2021,10,2021,True,0.0058733369121587,0.014026029035449028
5,04.02.2021,10,2021,True,0.0091523432587378,0.01614374853670597
5,05.02.2021,10,2021,True,0.0109329304569948,0.017107713967561722
5,08.02.2021,10,2021,True,0.0098437282602893,0.016723547130823135
5,09.02.2021,10,2021,True,0.0102531836460715,0.02225453406572342
5,10.02.2021,10,2021,True,0.0127702303842934,0.02152775600552559
5,11.02.2021,10,2021,True,0.0160240098745024,0.021937740966677666
5,12.02.2021,10,2021,True,0.0205483633651149,0.019797340035438538
5,16.02.2021,10,2021,True,0.0204298864782995,0.02269592694938183
5,17.02.2021,10,2021,True,0.0219345203107329,0.019361115992069244
5,18.02.2021,10,2021,True,0.0213325189201765,0.019434232264757156
5,19.02.2021,10,2021,True,0.0199841198324042,0.020716490224003792
5,22.02.2021,10,2021,True,0.0227538362206239,0.02079860307276249
5,23.02.2021,10,2021,True,0.0228047913916097,0.020229432731866837
5,24.02.2021,10,2021,True,0.021495555101191,0.0194997601211071
5,25.02.2021,10,2021,True,0.0313019493147776,0.02182401530444622
5,26.02.2021,10,2021,True,0.034716071898277,0.022201839834451675
5,01.03.2021,10,2021,True,0.0281735728280797,0.02931145578622818
5,02.03.2021,10,2021,True,0.0269134281014145,0.016312256455421448
5,03.03.2021,10,2021,True,0.0268537098173628,0.016098186373710632
5,04.03.2021,10,2021,True,0.0232665479889825,0.01471499353647232
5,05.03.2021,10,2021,True,0.0164018622766415,0.014473335817456245
5,08.03.2021,10,2021,True,0.0143064458154707,0.017664052546024323
5,09.03.2021,10,2021,True,0.0136180199459472,0.02565138228237629
5,10.03.2021,10,2021,True,0.0139226388641995,0.023599546402692795
5,11.03.2021,10,2021,True,0.0295341219838458,0.023547476157546043
5,12.03.2021,10,2021,True,0.0342096767443177,0.023047441616654396
5,15.03.2021,10,2021,True,0.0347427115484147,0.020845411345362663
5,16.03.2021,10,2021,True,0.0404661335542318,0.018684476613998413
5,17.03.2021,10,2021,True,0.0548868681725371,0.018000375479459763
5,18.03.2021,10,2021,True,0.0471425866566698,0.018192319199442863
5,19.03.2021,10,2021,True,0.0507765575358197,0.04050588235259056
5,22.03.2021,10,2021,True,0.0508553372090415,0.025873327627778053
5,23.03.2021,10,2021,True,0.0394080250126673,0.025264013558626175
5,24.03.2021,10,2021,True,0.0295505446375563,0.02853509970009327
5,25.03.2021,10,2021,True,0.0224435243624791,0.04117262735962868
5,26.03.2021,10,2021,True,0.0237183443971847,0.03399791941046715
5,29.03.2021,10,2021,True,0.0242133951315475,0.024792345240712166
5,30.03.2021,10,2021,True,0.0245920987931925,0.022832321003079414
5,31.03.2021,10,2021,True,0.0243557473382353,0.01882176287472248
5,01.04.2021,10,2021,True,0.021170830976517,0.024472936987876892
5,05.04.2021,10,2021,True,0.0052986339401212,0.017795177176594734
5,06.04.2021,10,2021,True,0.0045390536041263,0.02023395709693432
5,07.04.2021,10,2021,True,0.0195083986548605,0.02500591240823269
5,08.04.2021,10,2021,True,0.0190136012229933,0.023235896602272987
5,09.04.2021,10,2021,True,0.0187333317609769,0.02493315003812313
5,12.04.2021,10,2021,True,0.0188301843221343,0.019835403189063072
5,13.04.2021,10,2021,True,0.0206468626966526,0.017763562500476837
5,14.04.2021,10,2021,True,0.0098867310571015,0.01956341601908207
5,15.04.2021,10,2021,True,0.0090564489948124,0.01827070489525795
5,16.04.2021,10,2021,True,0.0114761277492282,0.017478937283158302
5,19.04.2021,10,2021,True,0.0110536488592637,0.014367258176207542
5,20.04.2021,10,2021,True,0.0128560817639739,0.01456828135997057
5,21.04.2021,10,2021,True,0.0085359756189675,0.014292942360043526
5,22.04.2021,10,2021,True,0.0097275289074543,0.023615514859557152
5,23.04.2021,10,2021,True,0.0159762169872383,0.019354283809661865
5,26.04.2021,10,2021,True,0.0148940096035356,0.016863863915205002
5,27.04.2021,10,2021,True,0.0160135900964834,0.021415570750832558
5,28.04.2021,10,2021,True,0.0158648875394427,0.018239960074424744
5,29.04.2021,10,2021,True,0.0151726234170118,0.01835320144891739
5,30.04.2021,10,2021,True,0.0113980922441099,0.01793196052312851
5,03.05.2021,10,2021,True,0.0114021657652119,0.018350055441260338
5,04.05.2021,10,2021,True,0.0066583555713298,0.022745780646800995
5,05.05.2021,10,2021,True,0.0086594857858582,0.016790002584457397
5,06.05.2021,10,2021,True,0.0173589766408704,0.016818942502141
5,07.05.2021,10,2021,True,0.0214194388480604,0.01726382039487362
5,10.05.2021,10,2021,True,0.0218277200484082,0.015485736541450024
5,11.05.2021,10,2021,True,0.0227268811091886,0.01758788339793682
5,12.05.2021,10,2021,True,0.0252666648984108,0.016105517745018005
5,13.05.2021,10,2021,True,0.0230889001873392,0.016153844073414803
5,14.05.2021,10,2021,True,0.0217362731869463,0.016514992341399193
5,17.05.2021,10,2021,True,0.0267053159731781,0.015004536136984825
5,18.05.2021,10,2021,True,0.0263838178120694,0.012792837806046009
5,19.05.2021,10,2021,True,0.0203997400146152,0.012668179348111153
5,20.05.2021,10,2021,True,0.011833053835539,0.013406320475041866
5,21.05.2021,10,2021,True,0.0117668059103821,0.01375417597591877
5,24.05.2021,10,2021,True,0.0032406518569917,0.013704135082662106
5,25.05.2021,10,2021,True,0.0052758621634046,0.019646864384412766
5,26.05.2021,10,2021,True,0.0062572360458716,0.017796671018004417
5,27.05.2021,10,2021,True,0.0062332358850444,0.019123101606965065
5,28.05.2021,10,2021,True,0.008337551936402,0.020928053185343742
5,01.06.2021,10,2021,True,0.0084956134243612,0.017860621213912964
5,02.06.2021,10,2021,True,0.0065365201568301,0.018060004338622093
5,03.06.2021,10,2021,True,0.006335010075024,0.01759110577404499
5,04.06.2021,10,2021,True,0.0057558476159011,0.018601998686790466
5,07.06.2021,10,2021,True,0.0038494425081364,0.017405154183506966
5,08.06.2021,10,2021,True,0.0060771275414214,0.012039859779179096
5,09.06.2021,10,2021,True,0.0054489200782354,0.012270321138203144
5,10.06.2021,10,2021,True,0.0120487294132094,0.012017706409096718
5,11.06.2021,10,2021,True,0.0122095342645503,0.014087474904954433
5,14.06.2021,10,2021,True,0.0142688245788546,0.013187647797167301
5,15.06.2021,10,2021,True,0.0132966158067802,0.019835060462355614
5,16.06.2021,10,2021,True,0.013277929043682,0.01703495718538761
5,17.06.2021,10,2021,True,0.0073108515605781,0.015963692218065262
5,18.06.2021,10,2021,True,0.007319861333845,0.0154782859608531
5,21.06.2021,10,2021,True,0.0113108583290224,0.013075530529022217
5,22.06.2021,10,2021,True,0.0113256780150569,0.017631622031331062
5,23.06.2021,10,2021,True,0.0113109120367151,0.015362309291958809
5,24.06.2021,10,2021,True,0.0119740704907457,0.015447843819856644
5,25.06.2021,10,2021,True,0.0114925742851441,0.014087717048823833
5,28.06.2021,10,2021,True,0.0123064001175607,0.012956904247403145
5,29.06.2021,10,2021,True,0.0138030764437992,0.013462811708450317
5,30.06.2021,10,2021,True,0.0146031674363989,0.012889094650745392
5,01.07.2021,10,2021,True,0.0170543614732303,0.013578028418123722
5,02.07.2021,10,2021,True,0.0168718586375801,0.013491620309650898
5,06.07.2021,10,2021,True,0.0147769252136064,0.013312374241650105
5,07.07.2021,10,2021,True,0.0176494869094436,0.017925569787621498
5,08.07.2021,10,2021,True,0.0194321327234795,0.022343285381793976
5,09.07.2021,10,2021,True,0.0160098369238374,0.019229745492339134
5,12.07.2021,10,2021,True,0.0330480308409115,0.01732579991221428
5,13.07.2021,10,2021,True,0.0312646404439862,0.018811292946338654
5,14.07.2021,10,2021,True,0.0410051541859606,0.01869978755712509
5,15.07.2021,10,2021,True,0.0421680555600957,0.017478782683610916
5,16.07.2021,10,2021,True,0.0421951703399953,0.015378819778561592
5,19.07.2021,10,2021,True,0.0151565283359845,0.017556125298142433
5,20.07.2021,10,2021,True,0.0168838434001457,0.025058625265955925
5,21.07.2021,10,2021,True,0.0083960350138457,0.028493184596300125
5,22.07.2021,10,2021,True,0.0066833365986866,0.015771271660923958
5,23.07.2021,10,2021,True,0.0067228505770883,0.012887096032500267
5,26.07.2021,10,2021,True,0.0242833735626651,0.0138440802693367
5,27.07.2021,10,2021,True,0.0241809882372518,0.014159618876874447
5,28.07.2021,10,2021,True,0.0253557033119335,0.01472080871462822
5,29.07.2021,10,2021,True,0.0240925065284032,0.015352965332567692
5,30.07.2021,10,2021,True,0.0225762580379343,0.013595369644463062
5,02.08.2021,10,2021,True,0.0162933933039115,0.01306188851594925
5,03.08.2021,10,2021,True,0.0223702779404918,0.0184685867279768
5,04.08.2021,10,2021,True,0.0187241819364536,0.018121175467967987
5,05.08.2021,10,2021,True,0.0179257539197496,0.020885391160845757
5,06.08.2021,10,2021,True,0.0181575059255994,0.018693096935749054
5,09.08.2021,10,2021,True,0.015678444037859,0.017493460327386856
5,10.08.2021,10,2021,True,0.0102108771354403,0.025081692263484
5,11.08.2021,10,2021,True,0.0051282007075968,0.016785714775323868
5,12.08.2021,10,2021,True,0.0075313031225608,0.014848226681351662
5,13.08.2021,10,2021,True,0.0074366601579938,0.015520555898547173
5,16.08.2021,10,2021,True,0.0319153095888423,0.01566082052886486
5,17.08.2021,10,2021,True,0.0352384881469415,0.01769082248210907
5,18.08.2021,10,2021,True,0.0339946656628634,0.01769835874438286
5,19.08.2021,10,2021,True,0.031411778901792,0.01989261619746685
5,20.08.2021,10,2021,True,0.0255332094423784,0.019570641219615936
5,23.08.2021,10,2021,True,0.0185941843243885,0.01883593201637268
5,24.08.2021,10,2021,True,0.0161873227051571,0.012874983251094818
5,25.08.2021,10,2021,True,0.0178254345367381,0.014233621768653393
5,26.08.2021,10,2021,True,0.0177851613266688,0.012611333280801773
5,27.08.2021,10,2021,True,0.0152645520753741,0.012135119177401066
5,30.08.2021,10,2021,True,0.0149000941480291,0.013146298006176949
5,31.08.2021,10,2021,True,0.0167400244927532,0.01584869995713234
5,01.09.2021,10,2021,True,0.0158567883101973,0.016188811510801315
5,02.09.2021,10,2021,True,0.0160015107877255,0.017963264137506485
5,03.09.2021,10,2021,True,0.0160153976657562,0.015469912439584732
5,07.09.2021,10,2021,True,0.0137563674109556,0.017017772421240807
5,08.09.2021,10,2021,True,0.0162821234940552,0.018468983471393585
5,09.09.2021,10,2021,True,0.0106442548973352,0.018063046038150787
5,10.09.2021,10,2021,True,0.0112134732891264,0.020298996940255165
5,13.09.2021,10,2021,True,0.0158672406158831,0.017372770234942436
5,14.09.2021,10,2021,True,0.0160146899064107,0.0161086767911911
5,15.09.2021,10,2021,True,0.0157848143860491,0.018783215433359146
5,16.09.2021,10,2021,True,0.0166804277912045,0.017335195094347
5,17.09.2021,10,2021,True,0.0161180287374377,0.017285315319895744
5,20.09.2021,10,2021,True,0.0070326335587606,0.01626637391746044
5,21.09.2021,10,2021,True,0.0112138968399596,0.022241216152906418
5,22.09.2021,10,2021,True,0.0112331327162752,0.01908411830663681
5,23.09.2021,10,2021,True,0.0107625796371122,0.016430554911494255
5,24.09.2021,10,2021,True,0.0105662968551273,0.015944506973028183
5,27.09.2021,10,2021,True,0.0129841094596846,0.018114566802978516
5,28.09.2021,10,2021,True,0.0124432574904402,0.018144287168979645
5,29.09.2021,10,2021,True,0.0165530010211956,0.01895107515156269
5,30.09.2021,10,2021,True,0.0160367135186192,0.018963005393743515
5,01.10.2021,10,2021,True,0.0160786541648462,0.01937958225607872
5,04.10.2021,10,2021,True,0.0139999281117341,0.020491771399974823
5,05.10.2021,10,2021,True,0.013098196316943,0.015878085047006607
5,06.10.2021,10,2021,True,0.0080319521815469,0.01590869575738907
5,07.10.2021,10,2021,True,0.0078906547327857,0.014456556178629398
5,08.10.2021,10,2021,True,0.0082419042039125,0.023769747465848923
5,11.10.2021,10,2021,True,0.0077783870235882,0.01656591333448887
5,12.10.2021,10,2021,True,0.0078786389511308,0.01672285608947277
5,13.10.2021,10,2021,True,0.0070246881537845,0.01551173534244299
5,14.10.2021,10,2021,True,0.0110403934850578,0.015171331353485584
5,15.10.2021,10,2021,True,0.0111676420687038,0.015702974051237106
5,18.10.2021,10,2021,True,0.0103047937427557,0.014695209451019764
5,19.10.2021,10,2021,True,0.0099696378487521,0.018896372988820076
5,20.10.2021,10,2021,True,0.0139720757853104,0.02117748185992241
5,21.10.2021,10,2021,True,0.0125372752840074,0.02037796564400196
5,22.10.2021,10,2021,True,0.0109314884237654,0.021483968943357468
5,25.10.2021,10,2021,True,0.0106784811710107,0.021376296877861023
5,26.10.2021,10,2021,True,0.0100172003958942,0.014076887629926205
5,27.10.2021,10,2021,True,0.015038609552832,0.015251057222485542
5,28.10.2021,10,2021,True,0.0157024765797578,0.019239474087953568
5,29.10.2021,10,2021,True,0.0226699077295531,0.015415898524224758
5,01.11.2021,10,2021,True,0.0231306876164804,0.013926452025771141
5,02.11.2021,10,2021,True,0.0247185242052967,0.018164699897170067
5,03.11.2021,10,2021,True,0.0224299384004554,0.015098942443728447
5,04.11.2021,10,2021,True,0.0196948749535034,0.024363020434975624
5,05.11.2021,10,2021,True,0.0162046708189219,0.02353391982614994
5,08.11.2021,10,2021,True,0.0153089031230863,0.022452572360634804
5,09.11.2021,10,2021,True,0.0122346337030502,0.017009971663355827
5,10.11.2021,10,2021,True,0.0125873781829785,0.014271913096308708
5,11.11.2021,10,2021,True,0.0146314100916174,0.014522596262395382
5,12.11.2021,10,2021,True,0.0186615393499789,0.01451028697192669
5,15.11.2021,10,2021,True,0.0203606019170312,0.015453937463462353
5,16.11.2021,10,2021,True,0.0266629628109993,0.01818062737584114
5,17.11.2021,10,2021,True,0.0225198693135408,0.018144212663173676
5,18.11.2021,10,2021,True,0.0606527836327621,0.019091887399554253
5,19.11.2021,10,2021,True,0.0620091398520129,0.019352270290255547
5,22.11.2021,10,2021,True,0.0610936838478903,0.017836056649684906
5,23.11.2021,10,2021,True,0.0526552548670942,0.016634361818432808
5,24.11.2021,10,2021,True,0.0549284741982478,0.016953829675912857
5,26.11.2021,10,2021,True,0.0229446094077413,0.017049986869096756
5,29.11.2021,10,2021,True,0.0328867332401437,0.0388246513903141
5,30.11.2021,10,2021,True,0.0267459067108334,0.03256295993924141
5,01.12.2021,10,2021,True,0.0182622052253155,0.03306454047560692
5,02.12.2021,10,2021,True,0.0251327867716783,0.04234541952610016
5,03.12.2021,10,2021,True,0.0246252568200627,0.02746695466339588
5,06.12.2021,10,2021,True,0.0194822046103971,0.033829301595687866
5,07.12.2021,10,2021,True,0.0117168545967751,0.027865570038557053
5,08.12.2021,10,2021,True,0.011229188885444,0.022461626678705215
5,09.12.2021,10,2021,True,0.011324463496345,0.022525979205965996
5,10.12.2021,10,2021,True,0.0136229622872018,0.022444508969783783
5,13.12.2021,10,2021,True,0.0172211589540512,0.02319587953388691
5,14.12.2021,10,2021,True,0.0252477473254478,0.023369312286376953
5,15.12.2021,10,2021,True,0.0263786344353582,0.027273984625935555
5,16.12.2021,10,2021,True,0.0270404753253843,0.02584320865571499
5,17.12.2021,10,2021,True,0.0237020078869204,0.02692491002380848
5,20.12.2021,10,2021,True,0.0105966071758254,0.028770403936505318
5,21.12.2021,10,2021,True,0.0090502888233804,0.030189761891961098
5,22.12.2021,10,2021,True,0.0102121551713269,0.030289778485894203
5,23.12.2021,10,2021,True,0.0149649879037841,0.019258663058280945
5,27.12.2021,10,2021,True,0.0127231791383968,0.018986910581588745
5,28.12.2021,10,2021,True,0.0138077265827376,0.023204680532217026
5,29.12.2021,10,2021,True,0.0142017222923507,0.01985904388129711
5,30.12.2021,10,2021,True,0.014807167400085,0.019485682249069214
5,31.12.2021,10,2021,True,0.0074963697322761,0.01761751063168049
22,04.01.2021,10,2021,True,0.0149714832033058,0.018786398693919182
22,05.01.2021,10,2021,True,0.0117811139128342,0.018248099833726883
22,06.01.2021,10,2021,True,0.0121298670265875,0.016649428755044937
22,07.01.2021,10,2021,True,0.0121289789664028,0.01711498759686947
22,08.01.2021,10,2021,True,0.0109011971870848,0.01664310321211815
22,11.01.2021,10,2021,True,0.01087831332882,0.017833400517702103
22,12.01.2021,10,2021,True,0.0111549340707335,0.016797589138150215
22,13.01.2021,10,2021,True,0.0109164013017309,0.01757451891899109
22,14.01.2021,10,2021,True,0.0111206342171804,0.017544470727443695
22,15.01.2021,10,2021,True,0.0094049307755394,0.017944399267435074
22,19.01.2021,10,2021,True,0.0104157367481799,0.020685527473688126
22,20.01.2021,10,2021,True,0.0123143064358984,0.025511344894766808
22,21.01.2021,10,2021,True,0.0122779758016558,0.026590365916490555
22,22.01.2021,10,2021,True,0.0120749428458788,0.0242947768419981
22,25.01.2021,10,2021,True,0.0123029379741996,0.02512214705348015
22,26.01.2021,10,2021,True,0.012895459282921,0.017341390252113342
22,27.01.2021,10,2021,True,0.0160215548766951,0.01891949400305748
22,28.01.2021,10,2021,True,0.0165229842600311,0.016634678468108177
22,29.01.2021,10,2021,True,0.0168762536122032,0.01670578308403492
22,01.02.2021,10,2021,True,0.0184214990971156,0.016715465113520622
22,02.02.2021,10,2021,True,0.0194200266469693,0.017184318974614143
22,03.02.2021,10,2021,True,0.020011772155755,0.017330897971987724
22,04.02.2021,10,2021,True,0.0203626971105277,0.01735824905335903
22,05.02.2021,10,2021,True,0.0203570514903,0.01699552685022354
22,08.02.2021,10,2021,True,0.020542033352349,0.01682114787399769
22,09.02.2021,10,2021,True,0.0206975866784724,0.016938934102654457
22,10.02.2021,10,2021,True,0.0208197727159893,0.016826048493385315
22,11.02.2021,10,2021,True,0.0208654936967117,0.01682477444410324
22,12.02.2021,10,2021,True,0.0206769958269763,0.01693897321820259
22,16.02.2021,10,2021,True,0.0260689197723216,0.017817672342061996
22,17.02.2021,10,2021,True,0.0261981420009642,0.017061570659279823
22,18.02.2021,10,2021,True,0.0261583347609185,0.01725032925605774
22,19.02.2021,10,2021,True,0.029110315274667,0.018218396231532097
22,22.02.2021,10,2021,True,0.0307562345181345,0.02015424147248268
22,23.02.2021,10,2021,True,0.0318130922787738,0.021193383261561394
22,24.02.2021,10,2021,True,0.0326599951820505,0.02278144657611847
22,25.02.2021,10,2021,True,0.0327041836836326,0.0237524826079607
22,26.02.2021,10,2021,True,0.0327314264382883,0.023135803639888763
22,01.03.2021,10,2021,True,0.0317845489461955,0.025302425026893616
22,02.03.2021,10,2021,True,0.0318783892619205,0.01711849868297577
22,03.03.2021,10,2021,True,0.03288170611066,0.01780380681157112
22,04.03.2021,10,2021,True,0.0316198507180517,0.017956046387553215
22,05.03.2021,10,2021,True,0.0303417025932378,0.015938766300678253
22,08.03.2021,10,2021,True,0.0302366431345912,0.017184626311063766
22,09.03.2021,10,2021,True,0.0301953003319578,0.03534172475337982
22,10.03.2021,10,2021,True,0.030190086712134,0.033566027879714966
22,11.03.2021,10,2021,True,0.0296059632688658,0.032745759934186935
22,12.03.2021,10,2021,True,0.0313690700215178,0.035724855959415436
22,15.03.2021,10,2021,True,0.0313967346963162,0.028024472296237946
22,16.03.2021,10,2021,True,0.0313713010649393,0.021677440032362938
22,17.03.2021,10,2021,True,0.0313727675090217,0.021489031612873077
22,18.03.2021,10,2021,True,0.02711349511079,0.022667568176984787
22,19.03.2021,10,2021,True,0.0271895511338224,0.02827928401529789
22,22.03.2021,10,2021,True,0.0271893252579311,0.02416856773197651
22,23.03.2021,10,2021,True,0.0234973243769532,0.025107890367507935
22,24.03.2021,10,2021,True,0.0202377210466431,0.025716621428728104
22,25.03.2021,10,2021,True,0.0182786702912916,0.032947003841400146
22,26.03.2021,10,2021,True,0.0163394927333518,0.025557348504662514
22,29.03.2021,10,2021,True,0.0167230157579484,0.021705133840441704
22,30.03.2021,10,2021,True,0.0170497398778808,0.017811259254813194
22,31.03.2021,10,2021,True,0.0168582706141053,0.016270412132143974
22,01.04.2021,10,2021,True,0.0167993159873049,0.01955835334956646
22,05.04.2021,10,2021,True,0.0134151020275097,0.01633509248495102
22,06.04.2021,10,2021,True,0.0138670855864202,0.018450643867254257
22,07.04.2021,10,2021,True,0.0138524283645466,0.02155732549726963
22,08.04.2021,10,2021,True,0.0138529068035495,0.019923923537135124
22,09.04.2021,10,2021,True,0.013751609178771,0.0200702752918005
22,12.04.2021,10,2021,True,0.0138375561018776,0.016902990639209747
22,13.04.2021,10,2021,True,0.0159582571377154,0.022617334499955177
22,14.04.2021,10,2021,True,0.0138449863306095,0.022918231785297394
22,15.04.2021,10,2021,True,0.013967885579631,0.022328905761241913
22,16.04.2021,10,2021,True,0.0141981193400525,0.022928042337298393
22,19.04.2021,10,2021,True,0.015688949144093,0.023925120010972023
22,20.04.2021,10,2021,True,0.0164028143932218,0.01948062889277935
22,21.04.2021,10,2021,True,0.0164879301000512,0.01908237487077713
22,22.04.2021,10,2021,True,0.0176237174971624,0.022779349237680435
22,23.04.2021,10,2021,True,0.0175173802730402,0.020514894276857376
22,26.04.2021,10,2021,True,0.0174108671811311,0.019432663917541504
22,27.04.2021,10,2021,True,0.0173423270660785,0.02131938748061657
22,28.04.2021,10,2021,True,0.0171785465062932,0.01960611715912819
22,29.04.2021,10,2021,True,0.0168212166793185,0.019600436091423035
22,30.04.2021,10,2021,True,0.0164446930945611,0.019593868404626846
22,03.05.2021,10,2021,True,0.0164529628421176,0.02019646018743515
22,04.05.2021,10,2021,True,0.0160733416239737,0.020411133766174316
22,05.05.2021,10,2021,True,0.0161530283201884,0.01873781718313694
22,06.05.2021,10,2021,True,0.015920540422853,0.019918641075491905
22,07.05.2021,10,2021,True,0.0159307060198736,0.019508976489305496
22,10.05.2021,10,2021,True,0.0159278816121694,0.018862515687942505
22,11.05.2021,10,2021,True,0.0159273861495614,0.016804447397589684
22,12.05.2021,10,2021,True,0.0158137197164448,0.016267022117972374
22,13.05.2021,10,2021,True,0.0138901896624008,0.015993591398000717
22,14.05.2021,10,2021,True,0.0131598816254477,0.017368217930197716
22,17.05.2021,10,2021,True,0.0138083253765454,0.016541169956326485
22,18.05.2021,10,2021,True,0.0135060456773854,0.01486241165548563
22,19.05.2021,10,2021,True,0.0116577206607053,0.014510206878185272
22,20.05.2021,10,2021,True,0.0098625991137546,0.015511906705796719
22,21.05.2021,10,2021,True,0.0093613894750521,0.016510725021362305
22,24.05.2021,10,2021,True,0.0076237925345962,0.015433588065207005
22,25.05.2021,10,2021,True,0.0076528701357299,0.021365145221352577
22,26.05.2021,10,2021,True,0.0092821975554179,0.021239928901195526
22,27.05.2021,10,2021,True,0.0092327521175812,0.020621662959456444
22,28.05.2021,10,2021,True,0.0092365006678831,0.02001366950571537
22,01.06.2021,10,2021,True,0.0092522961716897,0.020013127475976944
22,02.06.2021,10,2021,True,0.0088570245722527,0.019255127757787704
22,03.06.2021,10,2021,True,0.0102965659425029,0.019577497616410255
22,04.06.2021,10,2021,True,0.0108014933275042,0.019807118922472
22,07.06.2021,10,2021,True,0.0108398586215188,0.018268046900629997
22,08.06.2021,10,2021,True,0.0113315151165718,0.015431245788931847
22,09.06.2021,10,2021,True,0.0114293801299871,0.015157432295382023
22,10.06.2021,10,2021,True,0.0119063652058512,0.01505801547318697
22,11.06.2021,10,2021,True,0.0130715016304103,0.01662704348564148
22,14.06.2021,10,2021,True,0.0136596942979908,0.016482161357998848
22,15.06.2021,10,2021,True,0.0132484743352052,0.027343625202775
22,16.06.2021,10,2021,True,0.0198223554527047,0.023421578109264374
22,17.06.2021,10,2021,True,0.0197837200368658,0.0273666363209486
22,18.06.2021,10,2021,True,0.0217685257703282,0.03269629180431366
22,21.06.2021,10,2021,True,0.0218880386132313,0.02050323225557804
22,22.06.2021,10,2021,True,0.021912097033969,0.018492350354790688
22,23.06.2021,10,2021,True,0.0219159883750249,0.017889302223920822
22,24.06.2021,10,2021,True,0.0218838280340129,0.017761629074811935
22,25.06.2021,10,2021,True,0.0218165182365255,0.016429251059889793
22,28.06.2021,10,2021,True,0.0217158462181044,0.016554348170757294
22,29.06.2021,10,2021,True,0.0217243385754094,0.013931093737483025
22,30.06.2021,10,2021,True,0.0238956650559042,0.013796959072351456
22,01.07.2021,10,2021,True,0.0237952804989911,0.01495829876512289
22,02.07.2021,10,2021,True,0.0243911583994444,0.015002379193902016
22,06.07.2021,10,2021,True,0.0242792291600729,0.01497709471732378
22,07.07.2021,10,2021,True,0.0241538906924619,0.019003761932253838
22,08.07.2021,10,2021,True,0.024460629095684,0.019647065550088882
22,09.07.2021,10,2021,True,0.0246316086667542,0.018981587141752243
22,12.07.2021,10,2021,True,0.0248167373988545,0.017589261755347252
22,13.07.2021,10,2021,True,0.0244194772342236,0.025601521134376526
22,14.07.2021,10,2021,True,0.0240791712049,0.02510371245443821
22,15.07.2021,10,2021,True,0.0240246644065503,0.02633926086127758
22,16.07.2021,10,2021,True,0.0240235736769938,0.026708146557211876
22,19.07.2021,10,2021,True,0.0189619475296541,0.025876112282276154
22,20.07.2021,10,2021,True,0.0195862103066193,0.025437572970986366
22,21.07.2021,10,2021,True,0.0174250145366931,0.02744757942855358
22,22.07.2021,10,2021,True,0.0207192979829178,0.020178833976387978
22,23.07.2021,10,2021,True,0.0220687044057686,0.01913103647530079
22,26.07.2021,10,2021,True,0.0223784157509738,0.0186304934322834
22,27.07.2021,10,2021,True,0.0226049586777077,0.018910367041826248
22,28.07.2021,10,2021,True,0.0231945704033615,0.018577713519334793
22,29.07.2021,10,2021,True,0.0229578961186953,0.02131744660437107
22,30.07.2021,10,2021,True,0.0229424966909744,0.019878916442394257
22,02.08.2021,10,2021,True,0.0211326028770243,0.020808493718504906
22,03.08.2021,10,2021,True,0.0215392165081146,0.022699665278196335
22,04.08.2021,10,2021,True,0.0206172203538999,0.024129647761583328
22,05.08.2021,10,2021,True,0.0206637748817748,0.02361588180065155
22,06.08.2021,10,2021,True,0.0207322121009799,0.024062367156147957
22,09.08.2021,10,2021,True,0.0203483993092631,0.022379789501428604
22,10.08.2021,10,2021,True,0.0202352281375695,0.015140806324779987
22,11.08.2021,10,2021,True,0.0201693519113434,0.018064050003886223
22,12.08.2021,10,2021,True,0.0201573678317407,0.01723858341574669
22,13.08.2021,10,2021,True,0.0205816798964264,0.015574302524328232
22,16.08.2021,10,2021,True,0.020166353314119,0.01759273186326027
22,17.08.2021,10,2021,True,0.0201084585970045,0.019487155601382256
22,18.08.2021,10,2021,True,0.0204400053601848,0.01930660381913185
22,19.08.2021,10,2021,True,0.0193055243295584,0.01588592492043972
22,20.08.2021,10,2021,True,0.018914781874537,0.01622450351715088
22,23.08.2021,10,2021,True,0.0159615784393774,0.015910878777503967
22,24.08.2021,10,2021,True,0.0147941873860136,0.018881905823946
22,25.08.2021,10,2021,True,0.0148587021339439,0.02030196227133274
22,26.08.2021,10,2021,True,0.0143016853229462,0.022376898676156998
22,27.08.2021,10,2021,True,0.0138923024361215,0.019958874210715294
22,30.08.2021,10,2021,True,0.0138621443276208,0.021172519773244858
22,31.08.2021,10,2021,True,0.013784802023846,0.026545125991106033
22,01.09.2021,10,2021,True,0.0134603596351911,0.027335820719599724
22,02.09.2021,10,2021,True,0.0132843135198156,0.02708440087735653
22,03.09.2021,10,2021,True,0.0140244067791421,0.025539496913552284
22,07.09.2021,10,2021,True,0.0134903557026135,0.027352498844265938
22,08.09.2021,10,2021,True,0.0134114828050419,0.019197281450033188
22,09.09.2021,10,2021,True,0.0126309967308804,0.018362676724791527
22,10.09.2021,10,2021,True,0.0124408142197389,0.019115064293146133
22,13.09.2021,10,2021,True,0.0125773024425269,0.018871184438467026
22,14.09.2021,10,2021,True,0.0125676770582339,0.02108130231499672
22,15.09.2021,10,2021,True,0.0118829966359764,0.02104846201837063
22,16.09.2021,10,2021,True,0.0121295686706469,0.021148966625332832
22,17.09.2021,10,2021,True,0.0119736404607116,0.020491300150752068
22,20.09.2021,10,2021,True,0.01065206577471,0.02046835608780384
22,21.09.2021,10,2021,True,0.0115552462131107,0.021667150780558586
22,22.09.2021,10,2021,True,0.0108672726506443,0.019725998863577843
22,23.09.2021,10,2021,True,0.01069831451388,0.01950949802994728
22,24.09.2021,10,2021,True,0.0106157067155003,0.01954069919884205
22,27.09.2021,10,2021,True,0.0115025834271141,0.01957656443119049
22,28.09.2021,10,2021,True,0.0114290807177536,0.015780460089445114
22,29.09.2021,10,2021,True,0.0112796116446277,0.01651664823293686
22,30.09.2021,10,2021,True,0.0112304986078969,0.016169141978025436
22,01.10.2021,10,2021,True,0.0111640412135999,0.01750931702554226
22,04.10.2021,10,2021,True,0.0124943026139965,0.0173422209918499
22,05.10.2021,10,2021,True,0.0125745145528613,0.018424997106194496
22,06.10.2021,10,2021,True,0.0133251582378704,0.01889648661017418
22,07.10.2021,10,2021,True,0.0132519965613515,0.0201087836176157
22,08.10.2021,10,2021,True,0.0136177406273973,0.02452143467962742
22,11.10.2021,10,2021,True,0.0143891824757622,0.019886022433638573
22,12.10.2021,10,2021,True,0.0143972254847942,0.02014094777405262
22,13.10.2021,10,2021,True,0.0144942448039211,0.017629755660891533
22,14.10.2021,10,2021,True,0.0143084316446239,0.018273133784532547
22,15.10.2021,10,2021,True,0.0141482932413389,0.0181565098464489
22,18.10.2021,10,2021,True,0.015104646634297,0.017447831109166145
22,19.10.2021,10,2021,True,0.0152240659879875,0.01842784881591797
22,20.10.2021,10,2021,True,0.0160780062308979,0.018518684431910515
22,21.10.2021,10,2021,True,0.0161702999102101,0.01836312562227249
22,22.10.2021,10,2021,True,0.0176040227746642,0.017995622009038925
22,25.10.2021,10,2021,True,0.017534661921968,0.017811845988035202
22,26.10.2021,10,2021,True,0.0311208338293609,0.018778007477521896
22,27.10.2021,10,2021,True,0.0311878797517265,0.018445339053869247
22,28.10.2021,10,2021,True,0.0319763349651847,0.01964971050620079
22,29.10.2021,10,2021,True,0.0320947603932655,0.01958611235022545
22,01.11.2021,10,2021,True,0.0322846055615041,0.020103299990296364
22,02.11.2021,10,2021,True,0.0323288585416351,0.019134363159537315
22,03.11.2021,10,2021,True,0.0337810106960782,0.01769385114312172
22,04.11.2021,10,2021,True,0.0345468131988622,0.018748868256807327
22,05.11.2021,10,2021,True,0.0339536665459439,0.018968980759382248
22,08.11.2021,10,2021,True,0.0339757232504096,0.018084459006786346
22,09.11.2021,10,2021,True,0.0338144965286187,0.025059372186660767
22,10.11.2021,10,2021,True,0.0335371619368554,0.023879341781139374
22,11.11.2021,10,2021,True,0.0335064714903401,0.022348439320921898
22,12.11.2021,10,2021,True,0.0335384400937021,0.022506164386868477
22,15.11.2021,10,2021,True,0.0338083445300828,0.02250477485358715
22,16.11.2021,10,2021,True,0.0339183725457209,0.01976132206618786
22,17.11.2021,10,2021,True,0.0339535596402793,0.020053166896104813
22,18.11.2021,10,2021,True,0.0347922808634652,0.019403500482439995
22,19.11.2021,10,2021,True,0.0346177837615919,0.019340239465236664
22,22.11.2021,10,2021,True,0.0348611767033274,0.018308890983462334
22,23.11.2021,10,2021,True,0.0344712271196899,0.019171370193362236
22,24.11.2021,10,2021,True,0.0344975315490177,0.021573401987552643
22,26.11.2021,10,2021,True,0.0213614071887217,0.020358193665742874
22,29.11.2021,10,2021,True,0.0213265040564861,0.032881274819374084
22,30.11.2021,10,2021,True,0.0197435969515559,0.032811667770147324
22,01.12.2021,10,2021,True,0.0187758016898537,0.03998342528939247
22,02.12.2021,10,2021,True,0.0187951026521238,0.04243582859635353
22,03.12.2021,10,2021,True,0.0187957685843955,0.028363842517137527
22,06.12.2021,10,2021,True,0.01688127974424,0.038060348480939865
22,07.12.2021,10,2021,True,0.015873382755792,0.02270588092505932
22,08.12.2021,10,2021,True,0.0161649965856077,0.019651522859930992
22,09.12.2021,10,2021,True,0.0167593638210165,0.018684204667806625
22,10.12.2021,10,2021,True,0.0167815569805724,0.02001720853149891
22,13.12.2021,10,2021,True,0.0165168994569916,0.02081604115664959
22,14.12.2021,10,2021,True,0.0163754321506694,0.021635014563798904
22,15.12.2021,10,2021,True,0.0164665570368522,0.022055353969335556
22,16.12.2021,10,2021,True,0.0163929866194266,0.023290695622563362
22,17.12.2021,10,2021,True,0.0153165480553545,0.024081045761704445
22,20.12.2021,10,2021,True,0.0134628220439278,0.021161967888474464
22,21.12.2021,10,2021,True,0.013568170513229,0.030817480757832527
22,22.12.2021,10,2021,True,0.0137712466346766,0.02717980369925499
22,23.12.2021,10,2021,True,0.0137376073561072,0.021493783220648766
22,27.12.2021,10,2021,True,0.0136033469257113,0.02044370025396347
22,28.12.2021,10,2021,True,0.0136046068266282,0.026865173131227493
22,29.12.2021,10,2021,True,0.0136750337395648,0.027462925761938095
22,30.12.2021,10,2021,True,0.0149955862588874,0.024620387703180313
22,31.12.2021,10,2021,True,0.0139392099439945,0.020206516608595848
66,04.01.2021,10,2021,True,0.0228344116329679,0.021141303703188896
66,05.01.2021,10,2021,True,0.022139929509762,0.020477132871747017
66,06.01.2021,10,2021,True,0.0221062211759896,0.024056613445281982
66,07.01.2021,10,2021,True,0.0227098224152937,0.0204188022762537
66,08.01.2021,10,2021,True,0.0224766387000361,0.020243419334292412
66,11.01.2021,10,2021,True,0.0224605879428562,0.022118307650089264
66,12.01.2021,10,2021,True,0.022396736881737,0.02330898679792881
66,13.01.2021,10,2021,True,0.0223815398571435,0.02228866145014763
66,14.01.2021,10,2021,True,0.0225324737916103,0.024186819791793823
66,15.01.2021,10,2021,True,0.0222995134824328,0.02440817467868328
66,19.01.2021,10,2021,True,0.0222744530993828,0.023689046502113342
66,20.01.2021,10,2021,True,0.0223050573584523,0.020089687779545784
66,21.01.2021,10,2021,True,0.0223326071940947,0.02205190807580948
66,22.01.2021,10,2021,True,0.0222879939869093,0.022990461438894272
66,25.01.2021,10,2021,True,0.0223657824304878,0.020858021453022957
66,26.01.2021,10,2021,True,0.0225332778579194,0.02180216833949089
66,27.01.2021,10,2021,True,0.0225269864088958,0.021618524566292763
66,28.01.2021,10,2021,True,0.0225948226941866,0.02183987759053707
66,29.01.2021,10,2021,True,0.0225930909366658,0.02183987759053707
66,01.02.2021,10,2021,True,0.0226674011377575,0.021961962804198265
66,02.02.2021,10,2021,True,0.0225718067546452,0.0198295209556818
66,03.02.2021,10,2021,True,0.0224986172370338,0.01966448873281479
66,04.02.2021,10,2021,True,0.0224931107495055,0.01944313384592533
66,05.02.2021,10,2021,True,0.0225069643629683,0.01805652491748333
66,08.02.2021,10,2021,True,0.0228136612576402,0.01805652491748333
66,09.02.2021,10,2021,True,0.0229715401566842,0.01802556775510311
66,10.02.2021,10,2021,True,0.0229924580308948,0.017704293131828308
66,11.02.2021,10,2021,True,0.0230287948297251,0.01664290949702263
66,12.02.2021,10,2021,True,0.0232359065549335,0.016520826146006584
66,16.02.2021,10,2021,True,0.0233657321956823,0.017501551657915115
66,17.02.2021,10,2021,True,0.0234197232156115,0.018310435116291046
66,18.02.2021,10,2021,True,0.0236812788326565,0.019702650606632233
66,19.02.2021,10,2021,True,0.023585095959949,0.01992400549352169
66,22.02.2021,10,2021,True,0.0231767173850866,0.0205070860683918
66,23.02.2021,10,2021,True,0.0231957687922077,0.02180047333240509
66,24.02.2021,10,2021,True,0.0229971558647866,0.021652769297361374
66,25.02.2021,10,2021,True,0.0230165577108933,0.021753810346126556
66,26.02.2021,10,2021,True,0.0230377292435338,0.0215778611600399
66,01.03.2021,10,2021,True,0.0225247885378886,0.021635418757796288
66,02.03.2021,10,2021,True,0.022432477331522,0.024681013077497482
66,03.03.2021,10,2021,True,0.0223174592981137,0.022442536428570747
66,04.03.2021,10,2021,True,0.0218027329123794,0.023201163858175278
66,05.03.2021,10,2021,True,0.0212983404225377,0.0234355591237545
66,08.03.2021,10,2021,True,0.0211972739375478,0.02390662021934986
66,09.03.2021,10,2021,True,0.0211487954422779,0.028881089761853218
66,10.03.2021,10,2021,True,0.0211419278205481,0.028757235035300255
66,11.03.2021,10,2021,True,0.0210044163346863,0.028757235035300255
66,12.03.2021,10,2021,True,0.0209939644590931,0.028848132118582726
66,15.03.2021,10,2021,True,0.0211097756215201,0.02839852124452591
66,16.03.2021,10,2021,True,0.0210943048687865,0.024119846522808075
66,17.03.2021,10,2021,True,0.0211873246336012,0.024119846522808075
66,18.03.2021,10,2021,True,0.0191037711690993,0.023803889751434326
66,19.03.2021,10,2021,True,0.0189880089961009,0.027996256947517395
66,22.03.2021,10,2021,True,0.0189903103864165,0.02400096319615841
66,23.03.2021,10,2021,True,0.0172643668751119,0.02362832985818386
66,24.03.2021,10,2021,True,0.0161070486082355,0.027449335902929306
66,25.03.2021,10,2021,True,0.0152640797073052,0.028669629245996475
66,26.03.2021,10,2021,True,0.0144864357378186,0.0247664712369442
66,29.03.2021,10,2021,True,0.0145045542966933,0.02168542891740799
66,30.03.2021,10,2021,True,0.0143787020350813,0.020279115065932274
66,31.03.2021,10,2021,True,0.0146161601177288,0.01958250254392624
66,01.04.2021,10,2021,True,0.0145901275457608,0.022000044584274292
66,05.04.2021,10,2021,True,0.0135111571368268,0.020614948123693466
66,06.04.2021,10,2021,True,0.013637478606303,0.022819237783551216
66,07.04.2021,10,2021,True,0.0136638775960248,0.021792275831103325
66,08.04.2021,10,2021,True,0.0137837274377514,0.021792275831103325
66,09.04.2021,10,2021,True,0.0141209263720069,0.021645713597536087
66,12.04.2021,10,2021,True,0.0143295462127292,0.02165123075246811
66,13.04.2021,10,2021,True,0.014321502208805,0.020145650953054428
66,14.04.2021,10,2021,True,0.0159460421289874,0.019103504717350006
66,15.04.2021,10,2021,True,0.0159835028931597,0.019157079979777336
66,16.04.2021,10,2021,True,0.0167241001051261,0.017416780814528465
66,19.04.2021,10,2021,True,0.016904198221071,0.019852206110954285
66,20.04.2021,10,2021,True,0.0168727579876639,0.02073623239994049
66,21.04.2021,10,2021,True,0.0166809410258528,0.021898161619901657
66,22.04.2021,10,2021,True,0.016683010224796,0.024046575650572777
66,23.04.2021,10,2021,True,0.0166477239376571,0.02347302995622158
66,26.04.2021,10,2021,True,0.0167185489036342,0.02196929045021534
66,27.04.2021,10,2021,True,0.016678082218109,0.022845836356282234
66,28.04.2021,10,2021,True,0.0176463720912383,0.020859960466623306
66,29.04.2021,10,2021,True,0.017530545879682,0.022637322545051575
66,30.04.2021,10,2021,True,0.0177270127951066,0.02099922113120556
66,03.05.2021,10,2021,True,0.0177839801839508,0.020743412896990776
66,04.05.2021,10,2021,True,0.0176659824159993,0.021285800263285637
66,05.05.2021,10,2021,True,0.0179139398539619,0.02094789780676365
66,06.05.2021,10,2021,True,0.018058036020802,0.021212201565504074
66,07.05.2021,10,2021,True,0.0181055025512506,0.021285800263285637
66,10.05.2021,10,2021,True,0.0181081308969641,0.021285800263285637
66,11.05.2021,10,2021,True,0.0181532976885845,0.020510636270046234
66,12.05.2021,10,2021,True,0.0182065495719483,0.020595520734786987
66,13.05.2021,10,2021,True,0.0177473090469004,0.01766916736960411
66,14.05.2021,10,2021,True,0.0175511218953277,0.020628781989216805
66,17.05.2021,10,2021,True,0.0177913818570664,0.02069682814180851
66,18.05.2021,10,2021,True,0.0178957532094144,0.01976061798632145
66,19.05.2021,10,2021,True,0.0187167020644956,0.01971464604139328
66,20.05.2021,10,2021,True,0.0188919130792014,0.021217599511146545
66,21.05.2021,10,2021,True,0.0188432415595173,0.02435695379972458
66,24.05.2021,10,2021,True,0.018621253269325,0.02155972644686699
66,25.05.2021,10,2021,True,0.0188176555331459,0.022846728563308716
66,26.05.2021,10,2021,True,0.0188471674572413,0.02412738837301731
66,27.05.2021,10,2021,True,0.0188409110382269,0.021366575732827187
66,28.05.2021,10,2021,True,0.0190013601347977,0.021509405225515366
66,01.06.2021,10,2021,True,0.0191251883952314,0.023104049265384674
66,02.06.2021,10,2021,True,0.019048633833735,0.022863557562232018
66,03.06.2021,10,2021,True,0.0191157514631366,0.024654129520058632
66,04.06.2021,10,2021,True,0.0191529167421562,0.025249933823943138
66,07.06.2021,10,2021,True,0.0192431794815618,0.024969087913632393
66,08.06.2021,10,2021,True,0.0193667490132531,0.022095931693911552
66,09.06.2021,10,2021,True,0.0193912009148631,0.021829858422279358
66,10.06.2021,10,2021,True,0.0193855478957802,0.02190476655960083
66,11.06.2021,10,2021,True,0.0196220003363945,0.022136041894555092
66,14.06.2021,10,2021,True,0.0196226908209368,0.01837499625980854
66,15.06.2021,10,2021,True,0.0195437338876551,0.029703879728913307
66,16.06.2021,10,2021,True,0.0196760575205552,0.029490185901522636
66,17.06.2021,10,2021,True,0.0195645578167202,0.029771437868475914
66,18.06.2021,10,2021,True,0.0197764325630532,0.03167107328772545
66,21.06.2021,10,2021,True,0.0197160371229411,0.02516455017030239
66,22.06.2021,10,2021,True,0.0197558244525648,0.01715385727584362
66,23.06.2021,10,2021,True,0.0198677982896886,0.016647089272737503
66,24.06.2021,10,2021,True,0.0198766270584111,0.017196806147694588
66,25.06.2021,10,2021,True,0.0198696831596524,0.016695242375135422
66,28.06.2021,10,2021,True,0.019708001094024,0.016415206715464592
66,29.06.2021,10,2021,True,0.0197382349702604,0.016260161995887756
66,30.06.2021,10,2021,True,0.0199487829329441,0.016303110867738724
66,01.07.2021,10,2021,True,0.0200055510441384,0.016191378235816956
66,02.07.2021,10,2021,True,0.0201429036735862,0.016191378235816956
66,06.07.2021,10,2021,True,0.0199752468543047,0.016191378235816956
66,07.07.2021,10,2021,True,0.0198761176395219,0.02155667543411255
66,08.07.2021,10,2021,True,0.0199232934867915,0.020703647285699844
66,09.07.2021,10,2021,True,0.0198130700977662,0.021707473322749138
66,12.07.2021,10,2021,True,0.0198031851352268,0.021539710462093353
66,13.07.2021,10,2021,True,0.0197297903401472,0.02098885551095009
66,14.07.2021,10,2021,True,0.0195220591652273,0.018759246915578842
66,15.07.2021,10,2021,True,0.0194001704805205,0.0219880323857069
66,16.07.2021,10,2021,True,0.01941791525788,0.02161009982228279
66,19.07.2021,10,2021,True,0.0172113674398076,0.021095849573612213
66,20.07.2021,10,2021,True,0.0173219894084169,0.024381672963500023
66,21.07.2021,10,2021,True,0.0167015404984274,0.02559307962656021
66,22.07.2021,10,2021,True,0.0165396819550881,0.022689292207360268
66,23.07.2021,10,2021,True,0.0165408116993964,0.022456426173448563
66,26.07.2021,10,2021,True,0.0167889724618404,0.01992061175405979
66,27.07.2021,10,2021,True,0.0167981765224608,0.02229103073477745
66,28.07.2021,10,2021,True,0.0167975697243086,0.02084471844136715
66,29.07.2021,10,2021,True,0.0166873474882949,0.021115640178322792
66,30.07.2021,10,2021,True,0.0166863980903164,0.020579399541020393
66,02.08.2021,10,2021,True,0.0161720096123174,0.020397204905748367
66,03.08.2021,10,2021,True,0.016320152194125,0.024346332997083664
66,04.08.2021,10,2021,True,0.0161746243621717,0.02426815964281559
66,05.08.2021,10,2021,True,0.0161393369382355,0.024532612413167953
66,06.08.2021,10,2021,True,0.0161695775619425,0.02426815964281559
66,09.08.2021,10,2021,True,0.0162166020293804,0.024070845916867256
66,10.08.2021,10,2021,True,0.016021978928351,0.022718198597431183
66,11.08.2021,10,2021,True,0.0160374530465766,0.022570451721549034
66,12.08.2021,10,2021,True,0.0160361528556325,0.02263704687356949
66,13.08.2021,10,2021,True,0.0159651342757495,0.022268539294600487
66,16.08.2021,10,2021,True,0.0162093238865198,0.022671012207865715
66,17.08.2021,10,2021,True,0.0162120692615251,0.02366488426923752
66,18.08.2021,10,2021,True,0.0165911714301203,0.023541029542684555
66,19.08.2021,10,2021,True,0.0162273901243379,0.02457219548523426
66,20.08.2021,10,2021,True,0.0163886464884588,0.02537212148308754
66,23.08.2021,10,2021,True,0.0151673818184938,0.024529246613383293
66,24.08.2021,10,2021,True,0.0213088449613606,0.02790246345102787
66,25.08.2021,10,2021,True,0.0212440179435853,0.02715437114238739
66,26.08.2021,10,2021,True,0.0217171595344479,0.026259390637278557
66,27.08.2021,10,2021,True,0.0217301806122741,0.027041463181376457
66,30.08.2021,10,2021,True,0.021744999113219,0.026448342949151993
66,31.08.2021,10,2021,True,0.0217410499167651,0.023969048634171486
66,01.09.2021,10,2021,True,0.0223179142473516,0.02330879680812359
66,02.09.2021,10,2021,True,0.0225251347782377,0.02536269836127758
66,03.09.2021,10,2021,True,0.022518166013069,0.022811463102698326
66,07.09.2021,10,2021,True,0.0225836407329828,0.025309419259428978
66,08.09.2021,10,2021,True,0.022562952467149,0.021774504333734512
66,09.09.2021,10,2021,True,0.022508950941654,0.021812638267874718
66,10.09.2021,10,2021,True,0.022404484870655,0.021926049143075943
66,13.09.2021,10,2021,True,0.0223846804519867,0.021883100271224976
66,14.09.2021,10,2021,True,0.0224628348655505,0.021545669063925743
66,15.09.2021,10,2021,True,0.0223874723322876,0.021720556542277336
66,16.09.2021,10,2021,True,0.0226318209896635,0.021843265742063522
66,17.09.2021,10,2021,True,0.0230252938982971,0.02165300026535988
66,20.09.2021,10,2021,True,0.0230072308439669,0.02042725868523121
66,21.09.2021,10,2021,True,0.0231319483223709,0.019834205508232117
66,22.09.2021,10,2021,True,0.0231045463504834,0.017575165256857872
66,23.09.2021,10,2021,True,0.0230496564409748,0.018009860068559647
66,24.09.2021,10,2021,True,0.0230163914511791,0.017338784411549568
66,27.09.2021,10,2021,True,0.0229060002837283,0.0174400731921196
66,28.09.2021,10,2021,True,0.0230230687045199,0.01812557876110077
66,29.09.2021,10,2021,True,0.0230917251012327,0.020048314705491066
66,30.09.2021,10,2021,True,0.0231440738879662,0.018130818381905556
66,01.10.2021,10,2021,True,0.0231460821180984,0.0199787225574255
66,04.10.2021,10,2021,True,0.0230159359595003,0.019903814420104027
66,05.10.2021,10,2021,True,0.0229343871908978,0.02136646769940853
66,06.10.2021,10,2021,True,0.0228642795733689,0.020947856828570366
66,07.10.2021,10,2021,True,0.0232244053317678,0.021052664145827293
66,08.10.2021,10,2021,True,0.0232556081757827,0.023012539371848106
66,11.10.2021,10,2021,True,0.0231844122384461,0.02109561301767826
66,12.10.2021,10,2021,True,0.0232926243445241,0.021169211715459824
66,13.10.2021,10,2021,True,0.0233739080972071,0.019430994987487793
66,14.10.2021,10,2021,True,0.0233786265759731,0.01983455941081047
66,15.10.2021,10,2021,True,0.0233496125469702,0.019468704238533974
66,18.10.2021,10,2021,True,0.0233465752567997,0.017299916595220566
66,19.10.2021,10,2021,True,0.0234421593051946,0.0190646443516016
66,20.10.2021,10,2021,True,0.0235750425111355,0.0190646443516016
66,21.10.2021,10,2021,True,0.0236217004605079,0.0190646443516016
66,22.10.2021,10,2021,True,0.0236083616271139,0.020153474062681198
66,25.10.2021,10,2021,True,0.0236172429728493,0.020153474062681198
66,26.10.2021,10,2021,True,0.0236609781880431,0.019981682300567627
66,27.10.2021,10,2021,True,0.0236823675137349,0.01841668039560318
66,28.10.2021,10,2021,True,0.0236795906982925,0.02134563960134983
66,29.10.2021,10,2021,True,0.0237747307837208,0.02116723358631134
66,01.11.2021,10,2021,True,0.0239303616390318,0.021388588473200798
66,02.11.2021,10,2021,True,0.0239486210804729,0.020042207092046738
66,03.11.2021,10,2021,True,0.0237311502717783,0.01891566812992096
66,04.11.2021,10,2021,True,0.0236211247022,0.022094449028372765
66,05.11.2021,10,2021,True,0.0234165011856659,0.02161232754588127
66,08.11.2021,10,2021,True,0.0237142277274104,0.021799661219120026
66,09.11.2021,10,2021,True,0.0237721082024428,0.019114993512630463
66,10.11.2021,10,2021,True,0.0239381997235608,0.01968282461166382
66,11.11.2021,10,2021,True,0.0240038863669706,0.01898958906531334
66,12.11.2021,10,2021,True,0.0241175687183064,0.019348692148923874
66,15.11.2021,10,2021,True,0.024119486946003,0.019398000091314316
66,16.11.2021,10,2021,True,0.0244513404074656,0.02151551842689514
66,17.11.2021,10,2021,True,0.0241862392762439,0.02043851837515831
66,18.11.2021,10,2021,True,0.0242869737821513,0.0203279759734869
66,19.11.2021,10,2021,True,0.0240206038004075,0.02169090136885643
66,22.11.2021,10,2021,True,0.0242441462059936,0.02627953514456749
66,23.11.2021,10,2021,True,0.0243735648804847,0.027220306918025017
66,24.11.2021,10,2021,True,0.0258189392006165,0.023215997964143753
66,26.11.2021,10,2021,True,0.0205796185369011,0.022285563871264458
66,29.11.2021,10,2021,True,0.0218888553257592,0.028676610440015793
66,30.11.2021,10,2021,True,0.021503496348484,0.0296645425260067
66,01.12.2021,10,2021,True,0.0214088474993322,0.03373444825410843
66,02.12.2021,10,2021,True,0.0283049901398986,0.033877450972795486
66,03.12.2021,10,2021,True,0.0284486072764631,0.02907048910856247
66,06.12.2021,10,2021,True,0.0282032774109274,0.028669854626059532
66,07.12.2021,10,2021,True,0.0289441797239234,0.025572091341018677
66,08.12.2021,10,2021,True,0.030303564454015,0.02360859140753746
66,09.12.2021,10,2021,True,0.0303089563050105,0.020975975319743156
66,10.12.2021,10,2021,True,0.0318684712854048,0.022690551355481148
66,13.12.2021,10,2021,True,0.0318197929859867,0.021287815645337105
66,14.12.2021,10,2021,True,0.032696466669272,0.020917901769280434
66,15.12.2021,10,2021,True,0.0327070836182039,0.025054194033145905
66,16.12.2021,10,2021,True,0.0331556829453917,0.025054194033145905
66,17.12.2021,10,2021,True,0.0331708520899175,0.023433897644281387
66,20.12.2021,10,2021,True,0.0328905564861961,0.02339094877243042
66,21.12.2021,10,2021,True,0.0340977098833579,0.023903459310531616
66,22.12.2021,10,2021,True,0.0342233619147825,0.02282104827463627
66,23.12.2021,10,2021,True,0.0342933523593773,0.01936684362590313
66,27.12.2021,10,2021,True,0.0349105595139615,0.018296362832188606
66,28.12.2021,10,2021,True,0.035222028344407,0.02704152837395668
66,29.12.2021,10,2021,True,0.0353603761804563,0.024938160553574562
66,30.12.2021,10,2021,True,0.0353938315240907,0.02391536347568035
66,31.12.2021,10,2021,True,0.0359931993110115,0.022942038252949715
126,04.01.2021,10,2021,True,0.0190363196702613,0.026875950396060944
126,05.01.2021,10,2021,True,0.0186684438248515,0.024262333288788795
126,06.01.2021,10,2021,True,0.0186549650757609,0.0244948398321867
126,07.01.2021,10,2021,True,0.0187134995997197,0.02378057688474655
126,08.01.2021,10,2021,True,0.018573057907314,0.02378057688474655
126,11.01.2021,10,2021,True,0.0186072178326577,0.0244948398321867
126,12.01.2021,10,2021,True,0.0187016765605578,0.022795649245381355
126,13.01.2021,10,2021,True,0.018755781607228,0.021887117996811867
126,14.01.2021,10,2021,True,0.0187519386216753,0.024615027010440826
126,15.01.2021,10,2021,True,0.0196899009342231,0.024615027010440826
126,19.01.2021,10,2021,True,0.0196731194054126,0.024615027010440826
126,20.01.2021,10,2021,True,0.0199769571356545,0.021634535863995552
126,21.01.2021,10,2021,True,0.0200506152917596,0.023453913629055023
126,22.01.2021,10,2021,True,0.020008709040294,0.02180289849638939
126,25.01.2021,10,2021,True,0.0200030500385964,0.02251299098134041
126,26.01.2021,10,2021,True,0.0200037407882462,0.023380940780043602
126,27.01.2021,10,2021,True,0.0200006822328789,0.023380940780043602
126,28.01.2021,10,2021,True,0.0200344051485092,0.023380940780043602
126,29.01.2021,10,2021,True,0.0200318079124964,0.023380940780043602
126,01.02.2021,10,2021,True,0.0204864331514369,0.023380940780043602
126,02.02.2021,10,2021,True,0.0204403811371097,0.022276902571320534
126,03.02.2021,10,2021,True,0.0205695254036571,0.022276902571320534
126,04.02.2021,10,2021,True,0.0205897371041547,0.022853579372167587
126,05.02.2021,10,2021,True,0.0205987357129599,0.021202564239501953
126,08.02.2021,10,2021,True,0.0206486876840837,0.02095598727464676
126,09.02.2021,10,2021,True,0.0207282856790433,0.02055530808866024
126,10.02.2021,10,2021,True,0.0207435980840952,0.017573129385709763
126,11.02.2021,10,2021,True,0.0207369913055972,0.01839281991124153
126,12.02.2021,10,2021,True,0.0206858438682364,0.019184133037924767
126,16.02.2021,10,2021,True,0.0207003654734817,0.0202780831605196
126,17.02.2021,10,2021,True,0.0206687700847024,0.021028395742177963
126,18.02.2021,10,2021,True,0.0206882439362583,0.022679410874843597
126,19.02.2021,10,2021,True,0.0207750587967473,0.022679410874843597
126,22.02.2021,10,2021,True,0.0205959094010414,0.02281772345304489
126,23.02.2021,10,2021,True,0.021136369376838,0.02433251403272152
126,24.02.2021,10,2021,True,0.0212194589290053,0.02433251403272152
126,25.02.2021,10,2021,True,0.0212673317598878,0.02433251403272152
126,26.02.2021,10,2021,True,0.0212955497390725,0.02433251403272152
126,01.03.2021,10,2021,True,0.0211074636413339,0.02433251403272152
126,02.03.2021,10,2021,True,0.0210677440258376,0.0244948398321867
126,03.03.2021,10,2021,True,0.0209970443116563,0.0244948398321867
126,04.03.2021,10,2021,True,0.0207679387179548,0.02444666437804699
126,05.03.2021,10,2021,True,0.0205611806765641,0.0244948398321867
126,08.03.2021,10,2021,True,0.0205141967199089,0.024924220517277718
126,09.03.2021,10,2021,True,0.020524365384341,0.024531081318855286
126,10.03.2021,10,2021,True,0.0205478472511069,0.024531081318855286
126,11.03.2021,10,2021,True,0.0204800334274149,0.024531081318855286
126,12.03.2021,10,2021,True,0.0205509306522845,0.024531081318855286
126,15.03.2021,10,2021,True,0.0205565015508673,0.024482905864715576
126,16.03.2021,10,2021,True,0.0205450835934348,0.024662896990776062
126,17.03.2021,10,2021,True,0.0206512992332454,0.024662896990776062
126,18.03.2021,10,2021,True,0.0195906807866835,0.024662896990776062
126,19.03.2021,10,2021,True,0.0195293008557145,0.02696651592850685
126,22.03.2021,10,2021,True,0.0196124871844722,0.02521301619708538
126,23.03.2021,10,2021,True,0.0188052435781751,0.02467738278210163
126,24.03.2021,10,2021,True,0.0182314364169694,0.02727491222321987
126,25.03.2021,10,2021,True,0.0179019296313384,0.02721267379820347
126,26.03.2021,10,2021,True,0.0175637905434192,0.027334989979863167
126,29.03.2021,10,2021,True,0.0176221417207653,0.025778818875551224
126,30.03.2021,10,2021,True,0.0175851274370323,0.02501882240176201
126,31.03.2021,10,2021,True,0.0175696157603446,0.024458086118102074
126,01.04.2021,10,2021,True,0.0174898519505102,0.025131555274128914
126,05.04.2021,10,2021,True,0.0170476100218729,0.02418324537575245
126,06.04.2021,10,2021,True,0.0171548753061121,0.025348836556077003
126,07.04.2021,10,2021,True,0.0171942228129531,0.025348836556077003
126,08.04.2021,10,2021,True,0.0172878659248322,0.025348836556077003
126,09.04.2021,10,2021,True,0.0172967997995073,0.025348836556077003
126,12.04.2021,10,2021,True,0.0172969865429937,0.025300661101937294
126,13.04.2021,10,2021,True,0.017332589914505,0.024891819804906845
126,14.04.2021,10,2021,True,0.0169116103639001,0.02324080467224121
126,15.04.2021,10,2021,True,0.0169135712656956,0.024723457172513008
126,16.04.2021,10,2021,True,0.0169244386511162,0.022399989888072014
126,19.04.2021,10,2021,True,0.0169395790580426,0.02123209275305271
126,20.04.2021,10,2021,True,0.0169358449991656,0.022407259792089462
126,21.04.2021,10,2021,True,0.0168431362588157,0.024058274924755096
126,22.04.2021,10,2021,True,0.0168530755121312,0.024226637557148933
126,23.04.2021,10,2021,True,0.0168976129227,0.02416875958442688
126,26.04.2021,10,2021,True,0.0168966635785539,0.02373937889933586
126,27.04.2021,10,2021,True,0.0168774598437158,0.024083975702524185
126,28.04.2021,10,2021,True,0.0168520930255346,0.024083975702524185
126,29.04.2021,10,2021,True,0.0169088699648036,0.024083975702524185
126,30.04.2021,10,2021,True,0.0168094964359426,0.024083975702524185
126,03.05.2021,10,2021,True,0.016807876753754,0.024083975702524185
126,04.05.2021,10,2021,True,0.0167347605264188,0.024620918557047844
126,05.05.2021,10,2021,True,0.016735258112984,0.024620918557047844
126,06.05.2021,10,2021,True,0.016966462017355,0.024620918557047844
126,07.05.2021,10,2021,True,0.0170530174675148,0.024620918557047844
126,10.05.2021,10,2021,True,0.017205108424172,0.02448260597884655
126,11.05.2021,10,2021,True,0.0172149753283091,0.022951355203986168
126,12.05.2021,10,2021,True,0.017242250102799,0.022951355203986168
126,13.05.2021,10,2021,True,0.0171305091988503,0.021043866872787476
126,14.05.2021,10,2021,True,0.0170081438145613,0.022921305149793625
126,17.05.2021,10,2021,True,0.0170101784518455,0.022921305149793625
126,18.05.2021,10,2021,True,0.0169768756599472,0.02416076697409153
126,19.05.2021,10,2021,True,0.0167386221554386,0.02420894242823124
126,20.05.2021,10,2021,True,0.0167755462548847,0.02378057688474655
126,21.05.2021,10,2021,True,0.0167181180647197,0.0244948398321867
126,24.05.2021,10,2021,True,0.0167482352325847,0.02444666437804699
126,25.05.2021,10,2021,True,0.0167672049325544,0.024042144417762756
126,26.05.2021,10,2021,True,0.0169929488877497,0.02419012412428856
126,27.05.2021,10,2021,True,0.0169819493705805,0.02184591442346573
126,28.05.2021,10,2021,True,0.0202818656581982,0.022014277055859566
126,01.06.2021,10,2021,True,0.0202853747706719,0.0214709360152483
126,02.06.2021,10,2021,True,0.0205522668163539,0.02154417335987091
126,03.06.2021,10,2021,True,0.0206659299767016,0.02140321396291256
126,04.06.2021,10,2021,True,0.0206793916693462,0.022100262343883514
126,07.06.2021,10,2021,True,0.0206758355549353,0.021278589963912964
126,08.06.2021,10,2021,True,0.0210410819060306,0.021165935322642326
126,09.06.2021,10,2021,True,0.0212296124294819,0.021290559321641922
126,10.06.2021,10,2021,True,0.0212310154322663,0.021363796666264534
126,11.06.2021,10,2021,True,0.0212974548131794,0.021363796666264534
126,14.06.2021,10,2021,True,0.0213137170571907,0.020785024389624596
126,15.06.2021,10,2021,True,0.0212900259191363,0.023168396204710007
126,16.06.2021,10,2021,True,0.0213007909545029,0.02318641170859337
126,17.06.2021,10,2021,True,0.0212425051438811,0.024129046127200127
126,18.06.2021,10,2021,True,0.0212797028723716,0.02729715034365654
126,21.06.2021,10,2021,True,0.0212905202473641,0.02200234867632389
126,22.06.2021,10,2021,True,0.0214302035363145,0.020810484886169434
126,23.06.2021,10,2021,True,0.0216404501678482,0.020384609699249268
126,24.06.2021,10,2021,True,0.0216932463878585,0.020661834627389908
126,25.06.2021,10,2021,True,0.0217582926562966,0.018882310017943382
126,28.06.2021,10,2021,True,0.0217750776731789,0.018653927370905876
126,29.06.2021,10,2021,True,0.0217777899263641,0.018882310017943382
126,30.06.2021,10,2021,True,0.0217759820439108,0.018882310017943382
126,01.07.2021,10,2021,True,0.0217611442310434,0.018882310017943382
126,02.07.2021,10,2021,True,0.0218305236472739,0.018882310017943382
126,06.07.2021,10,2021,True,0.0217823602156058,0.018882310017943382
126,07.07.2021,10,2021,True,0.0217661902705143,0.022679410874843597
126,08.07.2021,10,2021,True,0.0217681598816385,0.02281772345304489
126,09.07.2021,10,2021,True,0.0217414210756708,0.02281772345304489
126,12.07.2021,10,2021,True,0.0217375302349916,0.024418724700808525
126,13.07.2021,10,2021,True,0.0217082357740825,0.023660581558942795
126,14.07.2021,10,2021,True,0.0218183552396963,0.021847380325198174
126,15.07.2021,10,2021,True,0.0217754634276272,0.023660581558942795
126,16.07.2021,10,2021,True,0.0217776316230784,0.023660581558942795
126,19.07.2021,10,2021,True,0.020877793089546,0.023828944191336632
126,20.07.2021,10,2021,True,0.0209055306821711,0.024336328729987144
126,21.07.2021,10,2021,True,0.0206281883837023,0.02562635950744152
126,22.07.2021,10,2021,True,0.0205525951724152,0.025168105959892273
126,23.07.2021,10,2021,True,0.0205604773745676,0.025225983932614326
126,26.07.2021,10,2021,True,0.0206337979662053,0.02230244316160679
126,27.07.2021,10,2021,True,0.0207176310666524,0.024157175794243813
126,28.07.2021,10,2021,True,0.0207817220967646,0.022485777735710144
126,29.07.2021,10,2021,True,0.0207456396859751,0.02225891314446926
126,30.07.2021,10,2021,True,0.020752441914354,0.020751183852553368
126,02.08.2021,10,2021,True,0.0203358357134002,0.020610224455595016
126,03.08.2021,10,2021,True,0.0204395091332137,0.02467738278210163
126,04.08.2021,10,2021,True,0.0202606422497786,0.02467738278210163
126,05.08.2021,10,2021,True,0.020289133210728,0.02467738278210163
126,06.08.2021,10,2021,True,0.0203576945006292,0.02467738278210163
126,09.08.2021,10,2021,True,0.0202384531815968,0.02467738278210163
126,10.08.2021,10,2021,True,0.0202589696301601,0.02823866717517376
126,11.08.2021,10,2021,True,0.0202496918292971,0.028118479996919632
126,12.08.2021,10,2021,True,0.0202492726419114,0.028070304542779922
126,13.08.2021,10,2021,True,0.0204022555214995,0.028070304542779922
126,16.08.2021,10,2021,True,0.0204097626612516,0.028070304542779922
126,17.08.2021,10,2021,True,0.0206481526134322,0.024365289136767387
126,18.08.2021,10,2021,True,0.0206460531662935,0.024365289136767387
126,19.08.2021,10,2021,True,0.0205779797430465,0.024233516305685043
126,20.08.2021,10,2021,True,0.0204853252630514,0.024233516305685043
126,23.08.2021,10,2021,True,0.0201829395659353,0.024233516305685043
126,24.08.2021,10,2021,True,0.0200012698067678,0.02481701783835888
126,25.08.2021,10,2021,True,0.0200436299401715,0.024874895811080933
126,26.08.2021,10,2021,True,0.0200118601786854,0.02472691610455513
126,27.08.2021,10,2021,True,0.0200898220490943,0.024874895811080933
126,30.08.2021,10,2021,True,0.0203356097157148,0.023445984348654747
126,31.08.2021,10,2021,True,0.0212612460196841,0.02301456406712532
126,01.09.2021,10,2021,True,0.0212862442950734,0.022510474547743797
126,02.09.2021,10,2021,True,0.0219788997796721,0.024665579199790955
126,03.09.2021,10,2021,True,0.0222266322268212,0.02102137915790081
126,07.09.2021,10,2021,True,0.0223762013660686,0.02483394183218479
126,08.09.2021,10,2021,True,0.0258547563081117,0.021526910364627838
126,09.09.2021,10,2021,True,0.0258574980490083,0.02145136334002018
126,10.09.2021,10,2021,True,0.0259230644931209,0.022297196090221405
126,13.09.2021,10,2021,True,0.0263952722716232,0.02166786976158619
126,14.09.2021,10,2021,True,0.0271340260790318,0.021393239498138428
126,15.09.2021,10,2021,True,0.0271252059923579,0.022163525223731995
126,16.09.2021,10,2021,True,0.0280966281131234,0.021393239498138428
126,17.09.2021,10,2021,True,0.0281014774416827,0.02153419889509678
126,20.09.2021,10,2021,True,0.0286390034550865,0.021095631644129753
126,21.09.2021,10,2021,True,0.0286413195332229,0.02213640883564949
126,22.09.2021,10,2021,True,0.028902505490595,0.02066848613321781
126,23.09.2021,10,2021,True,0.028973917697414,0.019271651282906532
126,24.09.2021,10,2021,True,0.0289804289719037,0.019196104258298874
126,27.09.2021,10,2021,True,0.0296801908850899,0.02045384980738163
126,28.09.2021,10,2021,True,0.0297416451692073,0.021353276446461678
126,29.09.2021,10,2021,True,0.0298229340364117,0.02358141727745533
126,30.09.2021,10,2021,True,0.0301918810153416,0.02159985341131687
126,01.10.2021,10,2021,True,0.0303515667337202,0.02358141727745533
126,04.10.2021,10,2021,True,0.0303842178536477,0.02358141727745533
126,05.10.2021,10,2021,True,0.030373691797646,0.0244059469550848
126,06.10.2021,10,2021,True,0.0307252557672217,0.024267634376883507
126,07.10.2021,10,2021,True,0.0307203248318093,0.024237584322690964
126,08.10.2021,10,2021,True,0.0307703425861807,0.025352662429213524
126,11.10.2021,10,2021,True,0.0309999387395732,0.0244059469550848
126,12.10.2021,10,2021,True,0.0314454242020138,0.0244059469550848
126,13.10.2021,10,2021,True,0.0316145993399873,0.023089667782187462
126,14.10.2021,10,2021,True,0.0316818635054321,0.022951355203986168
126,15.10.2021,10,2021,True,0.0316884475472426,0.022951355203986168
126,18.10.2021,10,2021,True,0.0320694675100769,0.02011379972100258
126,19.10.2021,10,2021,True,0.0320679411170315,0.0208493173122406
126,20.10.2021,10,2021,True,0.0320812855295531,0.021095894277095795
126,21.10.2021,10,2021,True,0.0320872609596943,0.021095894277095795
126,22.10.2021,10,2021,True,0.0323073150481491,0.022278228774666786
126,25.10.2021,10,2021,True,0.0323782395896187,0.022278228774666786
126,26.10.2021,10,2021,True,0.032377292037987,0.022679410874843597
126,27.10.2021,10,2021,True,0.0323591405190082,0.021028395742177963
126,28.10.2021,10,2021,True,0.0323807075085014,0.024587087333202362
126,29.10.2021,10,2021,True,0.0324214977394872,0.024448774755001068
126,01.11.2021,10,2021,True,0.032506672569372,0.024448774755001068
126,02.11.2021,10,2021,True,0.032767717982807,0.022278228774666786
126,03.11.2021,10,2021,True,0.0326205235202784,0.022130249068140984
126,04.11.2021,10,2021,True,0.0325840213962511,0.02409593015909195
126,05.11.2021,10,2021,True,0.0329700440375221,0.02409593015909195
126,08.11.2021,10,2021,True,0.0331148806108877,0.024052537977695465
126,09.11.2021,10,2021,True,0.0333489131836645,0.024119265377521515
126,10.11.2021,10,2021,True,0.0332585271756278,0.024119265377521515
126,11.11.2021,10,2021,True,0.033407397635659,0.02397095412015915
126,12.11.2021,10,2021,True,0.0334474994853716,0.02392277866601944
126,15.11.2021,10,2021,True,0.0335086147558526,0.024091141298413277
126,16.11.2021,10,2021,True,0.0336005393285598,0.023947618901729584
126,17.11.2021,10,2021,True,0.0335702781991626,0.02223174460232258
126,18.11.2021,10,2021,True,0.0335604774257003,0.021247686818242073
126,19.11.2021,10,2021,True,0.0334404853915232,0.023519253358244896
126,22.11.2021,10,2021,True,0.0334342995471841,0.024065153673291206
126,23.11.2021,10,2021,True,0.0333300947824586,0.024065153673291206
126,24.11.2021,10,2021,True,0.0334123465353917,0.023007789626717567
126,26.11.2021,10,2021,True,0.0314615049747094,0.022612562403082848
126,29.11.2021,10,2021,True,0.0315311910059997,0.02721267379820347
126,30.11.2021,10,2021,True,0.0317251445910638,0.028361966833472252
126,01.12.2021,10,2021,True,0.0316291618270367,0.028361966833472252
126,02.12.2021,10,2021,True,0.0316455417476621,0.028361966833472252
126,03.12.2021,10,2021,True,0.0316499394185301,0.028361966833472252
126,06.12.2021,10,2021,True,0.0314431420556725,0.02740638330578804
126,07.12.2021,10,2021,True,0.0313991071901523,0.026844199746847153
126,08.12.2021,10,2021,True,0.0314071255993504,0.02696651592850685
126,09.12.2021,10,2021,True,0.0313625045318781,0.025285374373197556
126,10.12.2021,10,2021,True,0.0313585096538933,0.02674940414726734
126,13.12.2021,10,2021,True,0.0313546355539242,0.025552857667207718
126,14.12.2021,10,2021,True,0.0314189031258031,0.025427887216210365
126,15.12.2021,10,2021,True,0.0314250949299126,0.026887591928243637
126,16.12.2021,10,2021,True,0.0318779454828838,0.026887591928243637
126,17.12.2021,10,2021,True,0.0318207186528334,0.027009908109903336
126,20.12.2021,10,2021,True,0.0318065195050482,0.027009908109903336
126,21.12.2021,10,2021,True,0.0317331120371123,0.02658182382583618
126,22.12.2021,10,2021,True,0.0317816507801293,0.02675231546163559
126,23.12.2021,10,2021,True,0.0317688578886934,0.025338657200336456
126,27.12.2021,10,2021,True,0.0317806169479979,0.025265472009778023
126,28.12.2021,10,2021,True,0.0318204511184493,0.025205358862876892
126,29.12.2021,10,2021,True,0.0318508119886884,0.025267668068408966
126,30.12.2021,10,2021,True,0.0319702675670838,0.02497006021440029
126,31.12.2021,10,2021,True,0.0328057486524351,0.024838287383317947
5,03.01.2022,11,2022,True,0.0110826419419415,0.019212279468774796
5,04.01.2022,11,2022,True,0.0174993242572004,0.014039795845746994
5,05.01.2022,11,2022,True,0.0175258391023664,0.014142476953566074
5,06.01.2022,11,2022,True,0.0178928544116613,0.01812249980866909
5,07.01.2022,11,2022,True,0.0178144662979354,0.013174338266253471
5,10.01.2022,11,2022,True,0.0133608896408376,0.013665142469108105
5,11.01.2022,11,2022,True,0.0082152385180666,0.02225598692893982
5,12.01.2022,11,2022,True,0.0097072076170294,0.021980782970786095
5,13.01.2022,11,2022,True,0.0106653354759561,0.020425666123628616
5,14.01.2022,11,2022,True,0.0138493631005747,0.019896484911441803
5,18.01.2022,11,2022,True,0.0155436347741646,0.020875342190265656
5,19.01.2022,11,2022,True,0.0173155382171445,0.03325432538986206
5,20.01.2022,11,2022,True,0.0178984175826789,0.02836105041205883
5,21.01.2022,11,2022,True,0.0174448615967377,0.024760941043496132
5,24.01.2022,11,2022,True,0.0115798923032594,0.02390817180275917
5,25.01.2022,11,2022,True,0.0170313927717903,0.021004345268011093
5,26.01.2022,11,2022,True,0.014136891245438,0.02162485010921955
5,27.01.2022,11,2022,True,0.0158942298237324,0.019950417801737785
5,28.01.2022,11,2022,True,0.0182160205194706,0.019991887733340263
5,31.01.2022,11,2022,True,0.0186737021221789,0.019420668482780457
5,01.02.2022,11,2022,True,0.0180180229910048,0.023202942684292793
5,02.02.2022,11,2022,True,0.018145955895746,0.023130683228373528
5,03.02.2022,11,2022,True,0.0165301210597757,0.02129177749156952
5,04.02.2022,11,2022,True,0.0198648706471812,0.021352998912334442
5,07.02.2022,11,2022,True,0.0206527261340124,0.024231350049376488
5,08.02.2022,11,2022,True,0.0254161074439357,0.01785864681005478
5,09.02.2022,11,2022,True,0.0258844135083811,0.018419839441776276
5,10.02.2022,11,2022,True,0.028501464558728,0.01765669696033001
5,11.02.2022,11,2022,True,0.0237814320252879,0.021309390664100647
5,14.02.2022,11,2022,True,0.0274915572178127,0.02000444568693638
5,15.02.2022,11,2022,True,0.0200476555819615,0.022304434329271317
5,16.02.2022,11,2022,True,0.020966100900494,0.02188722789287567
5,17.02.2022,11,2022,True,0.0184279229426542,0.020657235756516457
5,18.02.2022,11,2022,True,0.0202082669827789,0.020066827535629272
5,22.02.2022,11,2022,True,0.0212146726824251,0.020867709070444107
5,23.02.2022,11,2022,True,0.0304853364347083,0.02118450030684471
5,24.02.2022,11,2022,True,0.0388732934829285,0.02104729413986206
5,25.02.2022,11,2022,True,0.0378665998710317,0.023871393874287605
5,28.02.2022,11,2022,True,0.0377065922214826,0.025494053959846497
5,01.03.2022,11,2022,True,0.0377127526274331,0.020875079557299614
5,02.03.2022,11,2022,True,0.0837502258418787,0.03155803307890892
5,03.03.2022,11,2022,True,0.0834668514304346,0.03356017917394638
5,04.03.2022,11,2022,True,0.0772412370055497,0.035943403840065
5,07.03.2022,11,2022,True,0.0728927065846978,0.03961354121565819
5,08.03.2022,11,2022,True,0.0635504696956808,0.03689505532383919
5,09.03.2022,11,2022,True,0.0378167051916109,0.03849067538976669
5,10.03.2022,11,2022,True,0.0624240335176172,0.048682913184165955
5,11.03.2022,11,2022,True,0.0603753573250531,0.055672094225883484
5,14.03.2022,11,2022,True,0.0626376606639749,0.052478522062301636
5,15.03.2022,11,2022,True,0.0451584677217003,0.0506327748298645
5,16.03.2022,11,2022,True,0.0366072425086014,0.044363245368003845
5,17.03.2022,11,2022,True,0.0373821243746706,0.03841320797801018
5,18.03.2022,11,2022,True,0.0372884687493235,0.05542099103331566
5,21.03.2022,11,2022,True,0.0449225163283047,0.056095048785209656
5,22.03.2022,11,2022,True,0.0452703021505844,0.05790615826845169
5,23.03.2022,11,2022,True,0.0381785277834209,0.05162537470459938
5,24.03.2022,11,2022,True,0.0415910717490782,0.05470168963074684
5,25.03.2022,11,2022,True,0.0373132932162686,0.04921083524823189
5,28.03.2022,11,2022,True,0.0364582745775526,0.048536982387304306
5,29.03.2022,11,2022,True,0.0359285519218882,0.05591335892677307
5,30.03.2022,11,2022,True,0.0345006432683027,0.04977615922689438
5,31.03.2022,11,2022,True,0.0314602094688058,0.04209555312991142
5,01.04.2022,11,2022,True,0.0326675046177057,0.038330499082803726
5,04.04.2022,11,2022,True,0.0304930534269965,0.038521658629179
5,05.04.2022,11,2022,True,0.0469188983352585,0.03373391926288605
5,06.04.2022,11,2022,True,0.0400752403163335,0.03477368503808975
5,07.04.2022,11,2022,True,0.0386773991913512,0.03260842710733414
5,08.04.2022,11,2022,True,0.0388334238513853,0.031718697398900986
5,11.04.2022,11,2022,True,0.0432399216554747,0.03024211712181568
5,12.04.2022,11,2022,True,0.0360115904898857,0.02767672948539257
5,13.04.2022,11,2022,True,0.0314807837343938,0.03298046439886093
5,14.04.2022,11,2022,True,0.0277584653421532,0.03199934959411621
5,18.04.2022,11,2022,True,0.0275292715589878,0.023554537445306778
5,19.04.2022,11,2022,True,0.0262441892165806,0.02418549172580242
5,20.04.2022,11,2022,True,0.0264526459632415,0.014239722862839699
5,21.04.2022,11,2022,True,0.0277530156966606,0.026073642075061798
5,22.04.2022,11,2022,True,0.027305011427435,0.019592246040701866
5,25.04.2022,11,2022,True,0.0169500051472974,0.022999679669737816
5,26.04.2022,11,2022,True,0.0199463459244538,0.019557924941182137
5,27.04.2022,11,2022,True,0.0295489187830252,0.02520030178129673
5,28.04.2022,11,2022,True,0.0287314096377469,0.024022528901696205
5,29.04.2022,11,2022,True,0.0285132032284767,0.024411335587501526
5,02.05.2022,11,2022,True,0.0405768511243632,0.025549963116645813
5,03.05.2022,11,2022,True,0.0419176580834898,0.02691604755818844
5,04.05.2022,11,2022,True,0.0419283096752657,0.026211244985461235
5,05.05.2022,11,2022,True,0.0415392122292414,0.03443056717514992
5,06.05.2022,11,2022,True,0.0455925148525763,0.033832039684057236
5,09.05.2022,11,2022,True,0.0326451367043632,0.033457279205322266
5,10.05.2022,11,2022,True,0.0280154583940762,0.03022650070488453
5,11.05.2022,11,2022,True,0.0273641522450019,0.02587292157113552
5,12.05.2022,11,2022,True,0.0291152218485244,0.023234067484736443
5,13.05.2022,11,2022,True,0.0242029582299441,0.026950987055897713
5,16.05.2022,11,2022,True,0.0214486416190277,0.030265675857663155
5,17.05.2022,11,2022,True,0.0186613086661761,0.02230525203049183
5,18.05.2022,11,2022,True,0.0101447933739244,0.020756825804710388
5,19.05.2022,11,2022,True,0.0112919129579786,0.023944031447172165
5,20.05.2022,11,2022,True,0.0113576199488064,0.023459825664758682
5,23.05.2022,11,2022,True,0.0130402098623786,0.02692168578505516
5,24.05.2022,11,2022,True,0.0347903825392226,0.026116173714399338
5,25.05.2022,11,2022,True,0.0349054821596037,0.022959256544709206
5,26.05.2022,11,2022,True,0.0333766368333713,0.025714755058288574
5,27.05.2022,11,2022,True,0.0325640890972682,0.027049703523516655
5,31.05.2022,11,2022,True,0.0294007505904709,0.024024177342653275
5,01.06.2022,11,2022,True,0.0099159148065463,0.027667799964547157
5,02.06.2022,11,2022,True,0.0123543571075954,0.02693488448858261
5,03.06.2022,11,2022,True,0.0133155566302636,0.022710030898451805
5,06.06.2022,11,2022,True,0.0130212219952121,0.023017464205622673
5,07.06.2022,11,2022,True,0.0139752587293263,0.016406085342168808
5,08.06.2022,11,2022,True,0.0089424064599893,0.016669901087880135
5,09.06.2022,11,2022,True,0.0125361666920213,0.026111306622624397
5,10.06.2022,11,2022,True,0.026714460973302,0.022500213235616684
5,13.06.2022,11,2022,True,0.0289274409472449,0.019433453679084778
5,14.06.2022,11,2022,True,0.0293332922741978,0.02374301478266716
5,15.06.2022,11,2022,True,0.0291423173478624,0.023731354624032974
5,16.06.2022,11,2022,True,0.0334360830394592,0.02679540403187275
5,17.06.2022,11,2022,True,0.0227443762743642,0.0241191815584898
5,21.06.2022,11,2022,True,0.0244922382375819,0.02322145737707615
5,22.06.2022,11,2022,True,0.0212346777958523,0.025177383795380592
5,23.06.2022,11,2022,True,0.0205231735513048,0.030069755390286446
5,24.06.2022,11,2022,True,0.0225841495572113,0.029879096895456314
5,27.06.2022,11,2022,True,0.0388977580406377,0.0273356344550848
5,28.06.2022,11,2022,True,0.0291396532357269,0.026027381420135498
5,29.06.2022,11,2022,True,0.0432364334440317,0.027164412662386894
5,30.06.2022,11,2022,True,0.0475602189391013,0.031146669760346413
5,01.07.2022,11,2022,True,0.0471794844749617,0.03502194583415985
5,05.07.2022,11,2022,True,0.0436757743025276,0.03418118134140968
5,06.07.2022,11,2022,True,0.0430065739098696,0.03572558984160423
5,07.07.2022,11,2022,True,0.0366188781565745,0.03159629553556442
5,08.07.2022,11,2022,True,0.0362119473540045,0.02419484592974186
5,11.07.2022,11,2022,True,0.0455391121501524,0.028589999303221703
5,12.07.2022,11,2022,True,0.0213348433368344,0.030420668423175812
5,13.07.2022,11,2022,True,0.0222376134776356,0.026116125285625458
5,14.07.2022,11,2022,True,0.0290390773439362,0.027893437072634697
5,15.07.2022,11,2022,True,0.0289434427512722,0.033696260303258896
5,18.07.2022,11,2022,True,0.0182352361284418,0.03338993340730667
5,19.07.2022,11,2022,True,0.0169281886590885,0.02598048374056816
5,20.07.2022,11,2022,True,0.0207761775958582,0.02896585315465927
5,21.07.2022,11,2022,True,0.0133730088559702,0.023726098239421844
5,22.07.2022,11,2022,True,0.0136944967218109,0.03230452537536621
5,25.07.2022,11,2022,True,0.0494022553840552,0.02427293173968792
5,26.07.2022,11,2022,True,0.0498784636758538,0.020025450736284256
5,27.07.2022,11,2022,True,0.0483996530282013,0.020779011771082878
5,28.07.2022,11,2022,True,0.0464783275897951,0.02560586854815483
5,29.07.2022,11,2022,True,0.0418861688475105,0.0224145520478487
5,01.08.2022,11,2022,True,0.0245810678391733,0.024441832676529884
5,02.08.2022,11,2022,True,0.0238236663264976,0.02828409895300865
5,03.08.2022,11,2022,True,0.0180658966084792,0.03459829092025757
5,04.08.2022,11,2022,True,0.0099412234045553,0.028616897761821747
5,05.08.2022,11,2022,True,0.0154540987472129,0.03331901878118515
5,08.08.2022,11,2022,True,0.0211972713433675,0.02802441082894802
5,09.08.2022,11,2022,True,0.0242392029183174,0.02441496029496193
5,10.08.2022,11,2022,True,0.024839699993191,0.02139337919652462
5,11.08.2022,11,2022,True,0.0275888664268584,0.03045085445046425
5,12.08.2022,11,2022,True,0.0272790198513842,0.02845403179526329
5,15.08.2022,11,2022,True,0.0222922890534748,0.029247984290122986
5,16.08.2022,11,2022,True,0.0177983633495112,0.022082019597291946
5,17.08.2022,11,2022,True,0.0180278637574978,0.030105693265795708
5,18.08.2022,11,2022,True,0.0208977537800072,0.031547609716653824
5,19.08.2022,11,2022,True,0.0212177509553953,0.021998612210154533
5,22.08.2022,11,2022,True,0.0239277474569451,0.025940313935279846
5,23.08.2022,11,2022,True,0.0370430345096706,0.032183051109313965
5,24.08.2022,11,2022,True,0.0380085095298807,0.023468932136893272
5,25.08.2022,11,2022,True,0.0410404135766191,0.029099270701408386
5,26.08.2022,11,2022,True,0.0394542405881542,0.028445575386285782
5,29.08.2022,11,2022,True,0.0270235740181712,0.023652730509638786
5,30.08.2022,11,2022,True,0.0261230280701952,0.022242801263928413
5,31.08.2022,11,2022,True,0.0305787547570415,0.031398236751556396
5,01.09.2022,11,2022,True,0.0343440615337863,0.036285340785980225
5,02.09.2022,11,2022,True,0.0346588775082219,0.022375648841261864
5,06.09.2022,11,2022,True,0.0349954443522493,0.028740938752889633
5,07.09.2022,11,2022,True,0.0176535127379473,0.028198717162013054
5,08.09.2022,11,2022,True,0.0280579809624851,0.02836781181395054
5,09.09.2022,11,2022,True,0.0197081153051014,0.03054993413388729
5,12.09.2022,11,2022,True,0.0187721489741461,0.029263650998473167
5,13.09.2022,11,2022,True,0.0193508268206692,0.025105223059654236
5,14.09.2022,11,2022,True,0.0173099656327135,0.02446405217051506
5,15.09.2022,11,2022,True,0.0103926968380768,0.02331058867275715
5,16.09.2022,11,2022,True,0.0229150146904457,0.027019696310162544
5,19.09.2022,11,2022,True,0.0206819087232873,0.02381153590977192
5,20.09.2022,11,2022,True,0.0287284858770683,0.022842366248369217
5,21.09.2022,11,2022,True,0.035033055197187,0.021129004657268524
5,22.09.2022,11,2022,True,0.0348464462339786,0.02780664898455143
5,23.09.2022,11,2022,True,0.0251023422719367,0.02679777890443802
5,26.09.2022,11,2022,True,0.0193048319572177,0.03202277421951294
5,27.09.2022,11,2022,True,0.0207453101968134,0.024578815326094627
5,28.09.2022,11,2022,True,0.0171804564979414,0.025004902854561806
5,29.09.2022,11,2022,True,0.0138781027025095,0.027795469388365746
5,30.09.2022,11,2022,True,0.0122399422805431,0.028442420065402985
5,03.10.2022,11,2022,True,0.0215531600978623,0.02472752518951893
5,04.10.2022,11,2022,True,0.0240308988269096,0.024616794660687447
5,05.10.2022,11,2022,True,0.0251713295263361,0.027361679822206497
5,06.10.2022,11,2022,True,0.0271222794569443,0.02321624383330345
5,07.10.2022,11,2022,True,0.0208205659535785,0.024262040853500366
5,10.10.2022,11,2022,True,0.0213539644904948,0.02714962139725685
5,11.10.2022,11,2022,True,0.021088035210841,0.02271963469684124
5,12.10.2022,11,2022,True,0.0249935020975634,0.02348296530544758
5,13.10.2022,11,2022,True,0.0216507256773397,0.023741697892546654
5,14.10.2022,11,2022,True,0.0162096049173378,0.026972107589244843
5,17.10.2022,11,2022,True,0.0164033179522224,0.02445477806031704
5,18.10.2022,11,2022,True,0.0117388620225948,0.020750610157847404
5,19.10.2022,11,2022,True,0.0105185640283109,0.023971017450094223
5,20.10.2022,11,2022,True,0.0098908292512911,0.01930539309978485
5,21.10.2022,11,2022,True,0.0137093328974761,0.016178440302610397
5,24.10.2022,11,2022,True,0.015015093573803,0.02247646264731884
5,25.10.2022,11,2022,True,0.015203304559265,0.023560693487524986
5,26.10.2022,11,2022,True,0.0129706212061072,0.024518776684999466
5,27.10.2022,11,2022,True,0.0125850038295,0.026858603581786156
5,28.10.2022,11,2022,True,0.0226876453511894,0.02829490415751934
5,31.10.2022,11,2022,True,0.0221689923949637,0.0248506311327219
5,01.11.2022,11,2022,True,0.0267325354091492,0.027464941143989563
5,02.11.2022,11,2022,True,0.0281683122428847,0.028463836759328842
5,03.11.2022,11,2022,True,0.0287393849180456,0.027740031480789185
5,04.11.2022,11,2022,True,0.0232084837580473,0.02762548252940178
5,07.11.2022,11,2022,True,0.0257824972119103,0.025829602032899857
5,08.11.2022,11,2022,True,0.024835003585886,0.019205808639526367
5,09.11.2022,11,2022,True,0.0212126716465812,0.021282700821757317
5,10.11.2022,11,2022,True,0.0247941565248746,0.020050421357154846
5,11.11.2022,11,2022,True,0.0169450771002525,0.020647164434194565
5,14.11.2022,11,2022,True,0.0166876499623457,0.019320761784911156
5,15.11.2022,11,2022,True,0.0175159481701444,0.019003983587026596
5,16.11.2022,11,2022,True,0.0199749986269314,0.020466294139623642
5,17.11.2022,11,2022,True,0.0179828105674462,0.018595898523926735
5,18.11.2022,11,2022,True,0.0172988444327937,0.019509388133883476
5,21.11.2022,11,2022,True,0.0173009111760676,0.02255074866116047
5,22.11.2022,11,2022,True,0.0235194988675586,0.023354876786470413
5,23.11.2022,11,2022,True,0.0194429155887255,0.021629685536026955
5,25.11.2022,11,2022,True,0.0176948704115357,0.02256297692656517
5,28.11.2022,11,2022,True,0.0250131364486002,0.025018172338604927
5,29.11.2022,11,2022,True,0.0307629405512638,0.02959602326154709
5,30.11.2022,11,2022,True,0.0228718861733588,0.02411026321351528
5,01.12.2022,11,2022,True,0.0120296861372627,0.02225545421242714
5,02.12.2022,11,2022,True,0.0163758712652026,0.020406605675816536
5,05.12.2022,11,2022,True,0.0253144598844368,0.020828377455472946
5,06.12.2022,11,2022,True,0.0257390484020682,0.028097758069634438
5,07.12.2022,11,2022,True,0.019891887924139,0.026553919538855553
5,08.12.2022,11,2022,True,0.021601396741394,0.029928606003522873
5,09.12.2022,11,2022,True,0.0280178249697552,0.02715173363685608
5,12.12.2022,11,2022,True,0.0265133343518885,0.029063839465379715
5,13.12.2022,11,2022,True,0.0209648935123383,0.02350424788892269
5,14.12.2022,11,2022,True,0.0217758627012899,0.022575782611966133
5,15.12.2022,11,2022,True,0.0211868847757172,0.0213962122797966
5,16.12.2022,11,2022,True,0.020109092276852,0.02215074561536312
5,19.12.2022,11,2022,True,0.0203580394638929,0.021326033398509026
5,20.12.2022,11,2022,True,0.022933900554235,0.021540962159633636
5,21.12.2022,11,2022,True,0.0213779069563614,0.019775379449129105
5,22.12.2022,11,2022,True,0.0264147005189759,0.023019786924123764
5,23.12.2022,11,2022,True,0.0323237219246353,0.020486855879426003
5,27.12.2022,11,2022,True,0.0381054098867075,0.021251022815704346
5,28.12.2022,11,2022,True,0.0400257792667213,0.021871430799365044
5,29.12.2022,11,2022,True,0.0402513157906767,0.022597089409828186
5,30.12.2022,11,2022,True,0.031853587257539,0.02010008692741394
22,03.01.2022,11,2022,True,0.0140393436894644,0.022939439862966537
22,04.01.2022,11,2022,True,0.0144432301570423,0.016842976212501526
22,05.01.2022,11,2022,True,0.0146946573407846,0.016248274594545364
22,06.01.2022,11,2022,True,0.0156442752243912,0.017462706193327904
22,07.01.2022,11,2022,True,0.0155703223141225,0.015439413487911224
22,10.01.2022,11,2022,True,0.0152390043196698,0.014874476939439774
22,11.01.2022,11,2022,True,0.0150601350350547,0.022904347628355026
22,12.01.2022,11,2022,True,0.0153951876769399,0.021717149764299393
22,13.01.2022,11,2022,True,0.0175077839839775,0.02199668250977993
22,14.01.2022,11,2022,True,0.0174234388992479,0.02132256142795086
22,18.01.2022,11,2022,True,0.0179147332394152,0.021293554455041885
22,19.01.2022,11,2022,True,0.0178471410912766,0.026655105873942375
22,20.01.2022,11,2022,True,0.0190907261579883,0.02935817465186119
22,21.01.2022,11,2022,True,0.0189925484718047,0.031534817069768906
22,24.01.2022,11,2022,True,0.0186548601275228,0.03002881444990635
22,25.01.2022,11,2022,True,0.0186806935547882,0.023045776411890984
22,26.01.2022,11,2022,True,0.0192408255722435,0.022481011226773262
22,27.01.2022,11,2022,True,0.0202920607521147,0.021514059975743294
22,28.01.2022,11,2022,True,0.024666948640495,0.022417234256863594
22,31.01.2022,11,2022,True,0.0256021722124493,0.022512169554829597
22,01.02.2022,11,2022,True,0.0274339741275797,0.024491313844919205
22,02.02.2022,11,2022,True,0.0280473938244474,0.021394651383161545
22,03.02.2022,11,2022,True,0.0284840911208605,0.022397225722670555
22,04.02.2022,11,2022,True,0.0437773524377274,0.020949650555849075
22,07.02.2022,11,2022,True,0.043988002409042,0.022700129076838493
22,08.02.2022,11,2022,True,0.0437654956756442,0.021950606256723404
22,09.02.2022,11,2022,True,0.0457451653051513,0.018740402534604073
22,10.02.2022,11,2022,True,0.0484269193419807,0.019609075039625168
22,11.02.2022,11,2022,True,0.0482287578548338,0.022217651829123497
22,14.02.2022,11,2022,True,0.0512236651489923,0.022003967314958572
22,15.02.2022,11,2022,True,0.0505193927598408,0.023093199357390404
22,16.02.2022,11,2022,True,0.0522111983674721,0.022459181025624275
22,17.02.2022,11,2022,True,0.051877389132175,0.023240113630890846
22,18.02.2022,11,2022,True,0.0526236492019078,0.022436652332544327
22,22.02.2022,11,2022,True,0.0528259061324389,0.024568680673837662
22,23.02.2022,11,2022,True,0.052790237418824,0.024876346811652184
22,24.02.2022,11,2022,True,0.0553697295898039,0.023193061351776123
22,25.02.2022,11,2022,True,0.0555273502057185,0.025162706151604652
22,28.02.2022,11,2022,True,0.0554859172541192,0.025217296555638313
22,01.03.2022,11,2022,True,0.0561653083558701,0.027103470638394356
22,02.03.2022,11,2022,True,0.0542288643551535,0.029217833653092384
22,03.03.2022,11,2022,True,0.0545080186540193,0.02853257954120636
22,04.03.2022,11,2022,True,0.0523437014940903,0.03143497183918953
22,07.03.2022,11,2022,True,0.0522443251947148,0.037727534770965576
22,08.03.2022,11,2022,True,0.0511974636932509,0.03662553429603577
22,09.03.2022,11,2022,True,0.0425210226289569,0.03725975379347801
22,10.03.2022,11,2022,True,0.043263903492709,0.04280119389295578
22,11.03.2022,11,2022,True,0.0448970845863225,0.0427747517824173
22,14.03.2022,11,2022,True,0.0443510954210412,0.04279528185725212
22,15.03.2022,11,2022,True,0.0419093811523317,0.040850888937711716
22,16.03.2022,11,2022,True,0.0415852920272297,0.03342946991324425
22,17.03.2022,11,2022,True,0.0396564170920436,0.03374582901597023
22,18.03.2022,11,2022,True,0.0395780125752038,0.04157010093331337
22,21.03.2022,11,2022,True,0.0366270359970322,0.04167798534035683
22,22.03.2022,11,2022,True,0.0367231216096002,0.04786786809563637
22,23.03.2022,11,2022,True,0.0353920617961995,0.047048091888427734
22,24.03.2022,11,2022,True,0.0359565928648162,0.047263890504837036
22,25.03.2022,11,2022,True,0.0357599001187218,0.04478095844388008
22,28.03.2022,11,2022,True,0.0331963121513791,0.04535065218806267
22,29.03.2022,11,2022,True,0.0331524184237349,0.04699423164129257
22,30.03.2022,11,2022,True,0.032652369250783,0.03943865746259689
22,31.03.2022,11,2022,True,0.0313050065447476,0.03687037527561188
22,01.04.2022,11,2022,True,0.0321423233482162,0.03758992999792099
22,04.04.2022,11,2022,True,0.0315866891219672,0.03684641048312187
22,05.04.2022,11,2022,True,0.0316070081559687,0.03324742615222931
22,06.04.2022,11,2022,True,0.0320854442798596,0.02931142970919609
22,07.04.2022,11,2022,True,0.0329473149927351,0.02831500582396984
22,08.04.2022,11,2022,True,0.0342025779959831,0.027257004752755165
22,11.04.2022,11,2022,True,0.0327229288461388,0.02670430950820446
22,12.04.2022,11,2022,True,0.0311427539832437,0.02908369153738022
22,13.04.2022,11,2022,True,0.0304774559401121,0.030653413385152817
22,14.04.2022,11,2022,True,0.0303399999425954,0.029763072729110718
22,18.04.2022,11,2022,True,0.0306696113230554,0.027032244950532913
22,19.04.2022,11,2022,True,0.0289101004321454,0.026824984699487686
22,20.04.2022,11,2022,True,0.0288810380402249,0.02336226776242256
22,21.04.2022,11,2022,True,0.0287870118953716,0.025694970041513443
22,22.04.2022,11,2022,True,0.028516037522337,0.024872172623872757
22,25.04.2022,11,2022,True,0.026744906124815,0.025332503020763397
22,26.04.2022,11,2022,True,0.026879037912628,0.024844655767083168
22,27.04.2022,11,2022,True,0.0269964961322875,0.024921130388975143
22,28.04.2022,11,2022,True,0.0272227912932122,0.025419745594263077
22,29.04.2022,11,2022,True,0.030024572463102,0.024729447439312935
22,02.05.2022,11,2022,True,0.0297661396810485,0.025221308693289757
22,03.05.2022,11,2022,True,0.0291913693007264,0.025134559720754623
22,04.05.2022,11,2022,True,0.0276622877476018,0.027613643556833267
22,05.05.2022,11,2022,True,0.0276760668552573,0.029193468391895294
22,06.05.2022,11,2022,True,0.0279654370181129,0.03345010057091713
22,09.05.2022,11,2022,True,0.0242367448790506,0.032928455621004105
22,10.05.2022,11,2022,True,0.0228139217701334,0.023858578875660896
22,11.05.2022,11,2022,True,0.020991708213787,0.024447035044431686
22,12.05.2022,11,2022,True,0.0211918021935921,0.023206600919365883
22,13.05.2022,11,2022,True,0.0207148795107177,0.024830423295497894
22,16.05.2022,11,2022,True,0.0202672041304916,0.022629881277680397
22,17.05.2022,11,2022,True,0.0235108857884414,0.02275904268026352
22,18.05.2022,11,2022,True,0.0229190624691167,0.024045387282967567
22,19.05.2022,11,2022,True,0.0229915857213102,0.023975631222128868
22,20.05.2022,11,2022,True,0.0231865032394889,0.024343669414520264
22,23.05.2022,11,2022,True,0.0239147878684706,0.024837063625454903
22,24.05.2022,11,2022,True,0.0242005516743563,0.026817960664629936
22,25.05.2022,11,2022,True,0.0247390657585245,0.027832001447677612
22,26.05.2022,11,2022,True,0.0241702553240327,0.02902451902627945
22,27.05.2022,11,2022,True,0.023969645389907,0.027014246210455894
22,31.05.2022,11,2022,True,0.0236203773070055,0.02662120945751667
22,01.06.2022,11,2022,True,0.0269694669602016,0.02740240842103958
22,02.06.2022,11,2022,True,0.0268707185852562,0.02501329407095909
22,03.06.2022,11,2022,True,0.0281226478097824,0.02462429739534855
22,06.06.2022,11,2022,True,0.0287649105813449,0.024917395785450935
22,07.06.2022,11,2022,True,0.028630918745083,0.024137351661920547
22,08.06.2022,11,2022,True,0.0312742771188482,0.025120271369814873
22,09.06.2022,11,2022,True,0.0313349690073999,0.029073195531964302
22,10.06.2022,11,2022,True,0.0313519461002504,0.024191802367568016
22,13.06.2022,11,2022,True,0.0319179532012756,0.02382434532046318
22,14.06.2022,11,2022,True,0.0342197913268623,0.02608634904026985
22,15.06.2022,11,2022,True,0.0341832223498623,0.02596394531428814
22,16.06.2022,11,2022,True,0.0340105940798977,0.029833797365427017
22,17.06.2022,11,2022,True,0.0324332630845897,0.025302231311798096
22,21.06.2022,11,2022,True,0.032203779132889,0.0310722216963768
22,22.06.2022,11,2022,True,0.0322220156314794,0.025889605283737183
22,23.06.2022,11,2022,True,0.0321189020002426,0.029874645173549652
22,24.06.2022,11,2022,True,0.03186047197659,0.02951064147055149
22,27.06.2022,11,2022,True,0.031599253427672,0.02704954519867897
22,28.06.2022,11,2022,True,0.0316701816489112,0.027010733261704445
22,29.06.2022,11,2022,True,0.0372164205199059,0.029869915917515755
22,30.06.2022,11,2022,True,0.0372773247611741,0.029065201058983803
22,01.07.2022,11,2022,True,0.0376195425178959,0.031962644308805466
22,05.07.2022,11,2022,True,0.0339696839614774,0.031207624822854996
22,06.07.2022,11,2022,True,0.0338620295984974,0.03197023272514343
22,07.07.2022,11,2022,True,0.0329417999730098,0.03263695910573006
22,08.07.2022,11,2022,True,0.032426774923203,0.03002927266061306
22,11.07.2022,11,2022,True,0.0325892218191675,0.02980164811015129
22,12.07.2022,11,2022,True,0.0290968595546232,0.02866954356431961
22,13.07.2022,11,2022,True,0.0292642081810631,0.02594917081296444
22,14.07.2022,11,2022,True,0.0299925723280321,0.02577439323067665
22,15.07.2022,11,2022,True,0.0301058634111942,0.028484279289841652
22,18.07.2022,11,2022,True,0.0279927194473471,0.02810971438884735
22,19.07.2022,11,2022,True,0.0288906335533849,0.026755621656775475
22,20.07.2022,11,2022,True,0.0289201611806779,0.02904009260237217
22,21.07.2022,11,2022,True,0.0283992644035801,0.026555368676781654
22,22.07.2022,11,2022,True,0.029721404707699,0.02995053119957447
22,25.07.2022,11,2022,True,0.0294972512871832,0.028222432360053062
22,26.07.2022,11,2022,True,0.0297015759030508,0.02356352098286152
22,27.07.2022,11,2022,True,0.0295464919541627,0.021809501573443413
22,28.07.2022,11,2022,True,0.0308681740216131,0.02587750367820263
22,29.07.2022,11,2022,True,0.0324053354349936,0.02225194126367569
22,01.08.2022,11,2022,True,0.0260537405220678,0.023343583568930626
22,02.08.2022,11,2022,True,0.0274939024574125,0.026299888268113136
22,03.08.2022,11,2022,True,0.0264827886992088,0.02818586677312851
22,04.08.2022,11,2022,True,0.0258367337639486,0.025021567940711975
22,05.08.2022,11,2022,True,0.0280729717504238,0.028614254668354988
22,08.08.2022,11,2022,True,0.0279081412920063,0.025532666593790054
22,09.08.2022,11,2022,True,0.0294586003970448,0.024533521384000778
22,10.08.2022,11,2022,True,0.0294839291710609,0.02753334864974022
22,11.08.2022,11,2022,True,0.0290238427252988,0.027326660230755806
22,12.08.2022,11,2022,True,0.0290281995684974,0.027825627475976944
22,15.08.2022,11,2022,True,0.0292177551864778,0.025716425850987434
22,16.08.2022,11,2022,True,0.0286034948976153,0.024468643590807915
22,17.08.2022,11,2022,True,0.0284722955508275,0.029801972210407257
22,18.08.2022,11,2022,True,0.0277114323908375,0.030809197574853897
22,19.08.2022,11,2022,True,0.0277214263799524,0.025548137724399567
22,22.08.2022,11,2022,True,0.0278090954215743,0.02819797396659851
22,23.08.2022,11,2022,True,0.0278819422788389,0.0277564637362957
22,24.08.2022,11,2022,True,0.0278616267001414,0.0228686835616827
22,25.08.2022,11,2022,True,0.0286918711073359,0.02783353626728058
22,26.08.2022,11,2022,True,0.0296347369606192,0.02541680634021759
22,29.08.2022,11,2022,True,0.027849807291255,0.02618553303182125
22,30.08.2022,11,2022,True,0.0256327162439225,0.02742159739136696
22,31.08.2022,11,2022,True,0.0252912645049258,0.03094523586332798
22,01.09.2022,11,2022,True,0.0247706081508645,0.03183148801326752
22,02.09.2022,11,2022,True,0.024998237028828,0.02654454857110977
22,06.09.2022,11,2022,True,0.0251012747988376,0.027846980839967728
22,07.09.2022,11,2022,True,0.0230896569441748,0.029189102351665497
22,08.09.2022,11,2022,True,0.0235037683105099,0.028439167886972427
22,09.09.2022,11,2022,True,0.0224730120780501,0.02869337797164917
22,12.09.2022,11,2022,True,0.0227180436047872,0.027598485350608826
22,13.09.2022,11,2022,True,0.0231723681271821,0.023363370448350906
22,14.09.2022,11,2022,True,0.0240563127269761,0.024364236742258072
22,15.09.2022,11,2022,True,0.0228228453201669,0.02311117947101593
22,16.09.2022,11,2022,True,0.0231015978823032,0.025922643020749092
22,19.09.2022,11,2022,True,0.0237513179738027,0.024459924548864365
22,20.09.2022,11,2022,True,0.023505209070857,0.02576305717229843
22,21.09.2022,11,2022,True,0.0235178631584243,0.02744324319064617
22,22.09.2022,11,2022,True,0.0235061225999028,0.028981992974877357
22,23.09.2022,11,2022,True,0.0206603314754278,0.027385655790567398
22,26.09.2022,11,2022,True,0.0200355273049476,0.0287463515996933
22,27.09.2022,11,2022,True,0.0196071300612476,0.02739286795258522
22,28.09.2022,11,2022,True,0.0187945276685506,0.029287029057741165
22,29.09.2022,11,2022,True,0.018811576864917,0.02885376662015915
22,30.09.2022,11,2022,True,0.0187366462947901,0.029840992763638496
22,03.10.2022,11,2022,True,0.0188731309408654,0.029788829386234283
22,04.10.2022,11,2022,True,0.0181327192453257,0.02843817137181759
22,05.10.2022,11,2022,True,0.0197078961975704,0.029420707374811172
22,06.10.2022,11,2022,True,0.0196982458214081,0.0252944678068161
22,07.10.2022,11,2022,True,0.0189658262822808,0.026358680799603462
22,10.10.2022,11,2022,True,0.0195608751601326,0.029020270332694054
22,11.10.2022,11,2022,True,0.0192959176051001,0.025590363889932632
22,12.10.2022,11,2022,True,0.0194776945815034,0.029043570160865784
22,13.10.2022,11,2022,True,0.020017871899523,0.02727971039712429
22,14.10.2022,11,2022,True,0.0188492663847833,0.026311608031392097
22,17.10.2022,11,2022,True,0.0190162575261346,0.0282415971159935
22,18.10.2022,11,2022,True,0.0200393935208501,0.027373867109417915
22,19.10.2022,11,2022,True,0.0197808922898949,0.030071647837758064
22,20.10.2022,11,2022,True,0.0197757417309751,0.029266852885484695
22,21.10.2022,11,2022,True,0.0197194867044838,0.026767227798700333
22,24.10.2022,11,2022,True,0.0208238982471381,0.026417473331093788
22,25.10.2022,11,2022,True,0.0210732225989385,0.0205992441624403
22,26.10.2022,11,2022,True,0.020123994876345,0.021389156579971313
22,27.10.2022,11,2022,True,0.019677981343837,0.02209034003317356
22,28.10.2022,11,2022,True,0.0210342477195799,0.023019012063741684
22,31.10.2022,11,2022,True,0.0215164121385401,0.020181985571980476
22,01.11.2022,11,2022,True,0.0216415082245376,0.023768367245793343
22,02.11.2022,11,2022,True,0.0220289411474174,0.022256014868617058
22,03.11.2022,11,2022,True,0.0231530022250262,0.02371051348745823
22,04.11.2022,11,2022,True,0.0208133546744952,0.022844312712550163
22,07.11.2022,11,2022,True,0.0207931972791395,0.02305726148188114
22,08.11.2022,11,2022,True,0.0206309243156547,0.020840786397457123
22,09.11.2022,11,2022,True,0.0214631747153672,0.020983269438147545
22,10.11.2022,11,2022,True,0.0229280709607954,0.02098926529288292
22,11.11.2022,11,2022,True,0.0229451903982152,0.021210690960288048
22,14.11.2022,11,2022,True,0.0225026492573263,0.019303949549794197
22,15.11.2022,11,2022,True,0.0226984146001376,0.0216356310993433
22,16.11.2022,11,2022,True,0.0229850540387175,0.024313414469361305
22,17.11.2022,11,2022,True,0.0222547335210105,0.02202652581036091
22,18.11.2022,11,2022,True,0.0228567616531034,0.023036906495690346
22,21.11.2022,11,2022,True,0.0229986145151096,0.02350635826587677
22,22.11.2022,11,2022,True,0.0243192928241615,0.030181562528014183
22,23.11.2022,11,2022,True,0.0233035628746108,0.031677741557359695
22,25.11.2022,11,2022,True,0.0230218720456593,0.03582480549812317
22,28.11.2022,11,2022,True,0.0231387802886937,0.03513156250119209
22,29.11.2022,11,2022,True,0.0249547613210564,0.025541748851537704
22,30.11.2022,11,2022,True,0.0260989769497485,0.024792609736323357
22,01.12.2022,11,2022,True,0.0279311985658584,0.02647426910698414
22,02.12.2022,11,2022,True,0.0280303372985178,0.024975521489977837
22,05.12.2022,11,2022,True,0.0271878772096688,0.024802930653095245
22,06.12.2022,11,2022,True,0.025945659473457,0.024065665900707245
22,07.12.2022,11,2022,True,0.0251944220820281,0.02360239066183567
22,08.12.2022,11,2022,True,0.0257336219317719,0.028405390679836273
22,09.12.2022,11,2022,True,0.0258498949212437,0.023751240223646164
22,12.12.2022,11,2022,True,0.0255719640589573,0.02415783517062664
22,13.12.2022,11,2022,True,0.0247091748394369,0.02720455452799797
22,14.12.2022,11,2022,True,0.0243753119453574,0.026546426117420197
22,15.12.2022,11,2022,True,0.0241141887942768,0.022251557558774948
22,16.12.2022,11,2022,True,0.0233394464965294,0.02754191868007183
22,19.12.2022,11,2022,True,0.023317549644735,0.024156766012310982
22,20.12.2022,11,2022,True,0.0240797565306709,0.023382507264614105
22,21.12.2022,11,2022,True,0.0234863118673017,0.022371873259544373
22,22.12.2022,11,2022,True,0.0233305214427017,0.02444402128458023
22,23.12.2022,11,2022,True,0.0223272323184038,0.0224078930914402
22,27.12.2022,11,2022,True,0.0227938147885714,0.023919343948364258
22,28.12.2022,11,2022,True,0.0226393900950476,0.028141634538769722
22,29.12.2022,11,2022,True,0.0229013115158169,0.028441892936825752
22,30.12.2022,11,2022,True,0.0208248047750625,0.024401830509305
66,03.01.2022,11,2022,True,0.0359810459985461,0.023092832416296005
66,04.01.2022,11,2022,True,0.0360318556638508,0.020007770508527756
66,05.01.2022,11,2022,True,0.0364743539932904,0.01936560869216919
66,06.01.2022,11,2022,True,0.0371346226301971,0.021638883277773857
66,07.01.2022,11,2022,True,0.0373745725322682,0.020881542935967445
66,10.01.2022,11,2022,True,0.0374240307086512,0.018267836421728134
66,11.01.2022,11,2022,True,0.0372538303212978,0.02132883295416832
66,12.01.2022,11,2022,True,0.0379248297439793,0.02314506657421589
66,13.01.2022,11,2022,True,0.0379299435722466,0.0228131003677845
66,14.01.2022,11,2022,True,0.0379067601181301,0.0235906932502985
66,18.01.2022,11,2022,True,0.0379422137632329,0.023726383224129677
66,19.01.2022,11,2022,True,0.038320847170036,0.020877040922641754
66,20.01.2022,11,2022,True,0.0384282355144986,0.021035363897681236
66,21.01.2022,11,2022,True,0.0384147014965996,0.020884359255433083
66,24.01.2022,11,2022,True,0.0383877703843282,0.021035363897681236
66,25.01.2022,11,2022,True,0.0383497492973685,0.02589532360434532
66,26.01.2022,11,2022,True,0.0383673201375149,0.026233254000544548
66,27.01.2022,11,2022,True,0.0384966781563014,0.024761388078331947
66,28.01.2022,11,2022,True,0.0389002440355693,0.025823870673775673
66,31.01.2022,11,2022,True,0.0388833719536807,0.025823870673775673
66,01.02.2022,11,2022,True,0.0387700392762436,0.02085500955581665
66,02.02.2022,11,2022,True,0.0395286178535673,0.02069242298603058
66,03.02.2022,11,2022,True,0.0397245608079109,0.02069668658077717
66,04.02.2022,11,2022,True,0.040046379479457,0.02062523365020752
66,07.02.2022,11,2022,True,0.0400341721580864,0.021707378327846527
66,08.02.2022,11,2022,True,0.0401600986029737,0.022679416462779045
66,09.02.2022,11,2022,True,0.0402360370845978,0.02242540381848812
66,10.02.2022,11,2022,True,0.0403384432364956,0.02242540381848812
66,11.02.2022,11,2022,True,0.0403180817963653,0.02377532422542572
66,14.02.2022,11,2022,True,0.0403605408229598,0.026122108101844788
66,15.02.2022,11,2022,True,0.0401095754308938,0.027225172147154808
66,16.02.2022,11,2022,True,0.0400793117976522,0.029904482886195183
66,17.02.2022,11,2022,True,0.0399827962040176,0.029595481231808662
66,18.02.2022,11,2022,True,0.0399811906732071,0.030038638040423393
66,22.02.2022,11,2022,True,0.0399193893825768,0.030057143419981003
66,23.02.2022,11,2022,True,0.039955874943997,0.03524605557322502
66,24.02.2022,11,2022,True,0.0400012116244846,0.03440229222178459
66,25.02.2022,11,2022,True,0.0405965641234071,0.034224919974803925
66,28.02.2022,11,2022,True,0.0404592199530943,0.0341060496866703
66,01.03.2022,11,2022,True,0.0402518095563431,0.03507763892412186
66,02.03.2022,11,2022,True,0.0392599386206486,0.035733211785554886
66,03.03.2022,11,2022,True,0.0391660336377213,0.035273656249046326
66,04.03.2022,11,2022,True,0.0384142860758949,0.03418687731027603
66,07.03.2022,11,2022,True,0.0380644778641463,0.03615294769406319
66,08.03.2022,11,2022,True,0.0377799886717801,0.03631536290049553
66,09.03.2022,11,2022,True,0.033460163989951,0.035593584179878235
66,10.03.2022,11,2022,True,0.033411824304156,0.039674222469329834
66,11.03.2022,11,2022,True,0.0333446835913015,0.03921971842646599
66,14.03.2022,11,2022,True,0.0326917161239285,0.03927221521735191
66,15.03.2022,11,2022,True,0.0323824155044069,0.037103816866874695
66,16.03.2022,11,2022,True,0.0323056659768031,0.03691481798887253
66,17.03.2022,11,2022,True,0.0308179073965322,0.037119004875421524
66,18.03.2022,11,2022,True,0.030846600201287,0.03757724538445473
66,21.03.2022,11,2022,True,0.0298372071238619,0.03797440975904465
66,22.03.2022,11,2022,True,0.029915397462017,0.03763318061828613
66,23.03.2022,11,2022,True,0.0293795537423045,0.03901941329240799
66,24.03.2022,11,2022,True,0.0293179101732609,0.03884373605251312
66,25.03.2022,11,2022,True,0.029303705575764,0.0380779430270195
66,28.03.2022,11,2022,True,0.0282093240288896,0.038025446236133575
66,29.03.2022,11,2022,True,0.0298925377625462,0.037766698747873306
66,30.03.2022,11,2022,True,0.0297500839612667,0.037214186042547226
66,31.03.2022,11,2022,True,0.0295380828134072,0.0374155230820179
66,01.04.2022,11,2022,True,0.0293831297153838,0.03730450198054314
66,04.04.2022,11,2022,True,0.0291548502458791,0.029955444857478142
66,05.04.2022,11,2022,True,0.0305188680409744,0.028783833608031273
66,06.04.2022,11,2022,True,0.0298028137061018,0.02836686186492443
66,07.04.2022,11,2022,True,0.0298025107687589,0.02660946547985077
66,08.04.2022,11,2022,True,0.0297907960752029,0.025229966267943382
66,11.04.2022,11,2022,True,0.0299242531017638,0.0251808799803257
66,12.04.2022,11,2022,True,0.0290103363645753,0.025353070348501205
66,13.04.2022,11,2022,True,0.0286141220393615,0.02628183551132679
66,14.04.2022,11,2022,True,0.0286317887794111,0.02463296614587307
66,18.04.2022,11,2022,True,0.0285843644735803,0.02515377663075924
66,19.04.2022,11,2022,True,0.027929886253378,0.03170590102672577
66,20.04.2022,11,2022,True,0.0279386043749966,0.031238824129104614
66,21.04.2022,11,2022,True,0.028005815630584,0.03191455826163292
66,22.04.2022,11,2022,True,0.0279461218360222,0.030175676569342613
66,25.04.2022,11,2022,True,0.0276421500625855,0.031117994338274002
66,26.04.2022,11,2022,True,0.0298948121274882,0.0318567231297493
66,27.04.2022,11,2022,True,0.0298996524015309,0.0318567231297493
66,28.04.2022,11,2022,True,0.0301203115384471,0.03179758042097092
66,29.04.2022,11,2022,True,0.0302085107926793,0.03195582702755928
66,02.05.2022,11,2022,True,0.030185895299905,0.03192869573831558
66,03.05.2022,11,2022,True,0.0301494855010043,0.02562381885945797
66,04.05.2022,11,2022,True,0.0295129518105993,0.025991477072238922
66,05.05.2022,11,2022,True,0.0295381907848479,0.025221170857548714
66,06.05.2022,11,2022,True,0.0296304726703325,0.026096167042851448
66,09.05.2022,11,2022,True,0.0288023772344992,0.026235593482851982
66,10.05.2022,11,2022,True,0.0287716843878298,0.02662070095539093
66,11.05.2022,11,2022,True,0.0283098153605087,0.026249663904309273
66,12.05.2022,11,2022,True,0.0283810217324477,0.025873694568872452
66,13.05.2022,11,2022,True,0.0282520657303408,0.025822710245847702
66,16.05.2022,11,2022,True,0.0280685676715035,0.025555064901709557
66,17.05.2022,11,2022,True,0.0279792267131122,0.024653015658259392
66,18.05.2022,11,2022,True,0.0282583081114523,0.025556763634085655
66,19.05.2022,11,2022,True,0.0280806804202679,0.026174969971179962
66,20.05.2022,11,2022,True,0.028149346436321,0.024648109450936317
66,23.05.2022,11,2022,True,0.0282159721514887,0.02445547841489315
66,24.05.2022,11,2022,True,0.0286744187933914,0.02619965374469757
66,25.05.2022,11,2022,True,0.0294642524405904,0.026033641770482063
66,26.05.2022,11,2022,True,0.0293827005185698,0.02600208669900894
66,27.05.2022,11,2022,True,0.0296956274737709,0.02574297972023487
66,31.05.2022,11,2022,True,0.0294583419058865,0.025561319664120674
66,01.06.2022,11,2022,True,0.0287724661506406,0.025520525872707367
66,02.06.2022,11,2022,True,0.0293605960465979,0.023984840139746666
66,03.06.2022,11,2022,True,0.0293107400343521,0.024575406685471535
66,06.06.2022,11,2022,True,0.0298291240727151,0.02297576516866684
66,07.06.2022,11,2022,True,0.0298557932242724,0.02397257648408413
66,08.06.2022,11,2022,True,0.0296491357879683,0.025104334577918053
66,09.06.2022,11,2022,True,0.0297007105260375,0.025785459205508232
66,10.06.2022,11,2022,True,0.0299434805971712,0.023678645491600037
66,13.06.2022,11,2022,True,0.029958286885703,0.02247972972691059
66,14.06.2022,11,2022,True,0.029985783501645,0.027279896661639214
66,15.06.2022,11,2022,True,0.0299329078558604,0.026745835319161415
66,16.06.2022,11,2022,True,0.0298793768584439,0.028525322675704956
66,17.06.2022,11,2022,True,0.0291619977118783,0.025406546890735626
66,21.06.2022,11,2022,True,0.0296128097531949,0.029650304466485977
66,22.06.2022,11,2022,True,0.0296003712042859,0.02616010047495365
66,23.06.2022,11,2022,True,0.0298000053105317,0.02865605056285858
66,24.06.2022,11,2022,True,0.0299294641021887,0.028375741094350815
66,27.06.2022,11,2022,True,0.0298233688298359,0.026871521025896072
66,28.06.2022,11,2022,True,0.0296062438762756,0.026738276705145836
66,29.06.2022,11,2022,True,0.0296321728397637,0.02678360417485237
66,30.06.2022,11,2022,True,0.0299519542878922,0.028797566890716553
66,01.07.2022,11,2022,True,0.0298936395754209,0.02862887643277645
66,05.07.2022,11,2022,True,0.0282153539812095,0.029036737978458405
66,06.07.2022,11,2022,True,0.0284876883781293,0.028676139190793037
66,07.07.2022,11,2022,True,0.0281437215264751,0.02828781120479107
66,08.07.2022,11,2022,True,0.0280783703355719,0.02840057760477066
66,11.07.2022,11,2022,True,0.0281612522595563,0.02852732688188553
66,12.07.2022,11,2022,True,0.0268669063662217,0.026545658707618713
66,13.07.2022,11,2022,True,0.0271321780799561,0.025578321889042854
66,14.07.2022,11,2022,True,0.0271290426982418,0.024278512224555016
66,15.07.2022,11,2022,True,0.0270639359695228,0.024799322709441185
66,18.07.2022,11,2022,True,0.0265364683534384,0.024392282590270042
66,19.07.2022,11,2022,True,0.0264935368147666,0.02351067215204239
66,20.07.2022,11,2022,True,0.0265510549533524,0.02335011027753353
66,21.07.2022,11,2022,True,0.0263359111519029,0.02211298793554306
66,22.07.2022,11,2022,True,0.0263346601238024,0.02442883886396885
66,25.07.2022,11,2022,True,0.0263895454952513,0.022282443940639496
66,26.07.2022,11,2022,True,0.026440344538324,0.02203092910349369
66,27.07.2022,11,2022,True,0.0263289914129137,0.021817807108163834
66,28.07.2022,11,2022,True,0.0263355445001436,0.02360491268336773
66,29.07.2022,11,2022,True,0.0260972451384502,0.022028394043445587
66,01.08.2022,11,2022,True,0.0234667229662303,0.02099572867155075
66,02.08.2022,11,2022,True,0.023527863376581,0.025006847456097603
66,03.08.2022,11,2022,True,0.0236018618822443,0.02529815584421158
66,04.08.2022,11,2022,True,0.0233556171043362,0.02412598580121994
66,05.08.2022,11,2022,True,0.023569894610419,0.02617700956761837
66,08.08.2022,11,2022,True,0.0237254504609341,0.02386157400906086
66,09.08.2022,11,2022,True,0.0237652395091908,0.0210028775036335
66,10.08.2022,11,2022,True,0.0239202345738248,0.02193441055715084
66,11.08.2022,11,2022,True,0.0240308057585437,0.02173592336475849
66,12.08.2022,11,2022,True,0.0239930361426546,0.022461501881480217
66,15.08.2022,11,2022,True,0.0237156639685161,0.020702287554740906
66,16.08.2022,11,2022,True,0.023802109728616,0.023990891873836517
66,17.08.2022,11,2022,True,0.023911570456262,0.026016157120466232
66,18.08.2022,11,2022,True,0.0235764860040456,0.02583613246679306
66,19.08.2022,11,2022,True,0.0236192743877529,0.023832960054278374
66,22.08.2022,11,2022,True,0.0239573931093821,0.025473536923527718
66,23.08.2022,11,2022,True,0.0235447753223576,0.02559003233909607
66,24.08.2022,11,2022,True,0.0234932206854322,0.021933792158961296
66,25.08.2022,11,2022,True,0.0234105410877086,0.023534350097179413
66,26.08.2022,11,2022,True,0.023608094875647,0.023637358099222183
66,29.08.2022,11,2022,True,0.0231391710607828,0.022716494277119637
66,30.08.2022,11,2022,True,0.0222038134602856,0.02683323062956333
66,31.08.2022,11,2022,True,0.0223161419211775,0.026135800406336784
66,01.09.2022,11,2022,True,0.0222431369525173,0.02638598531484604
66,02.09.2022,11,2022,True,0.022431124816215,0.027115877717733383
66,06.09.2022,11,2022,True,0.0224678544741018,0.026787424460053444
66,07.09.2022,11,2022,True,0.021566423003555,0.025266103446483612
66,08.09.2022,11,2022,True,0.0217376940284165,0.0260325875133276
66,09.09.2022,11,2022,True,0.0215519698250332,0.025106042623519897
66,12.09.2022,11,2022,True,0.0217323183921606,0.02365790121257305
66,13.09.2022,11,2022,True,0.0218080891800468,0.020182065665721893
66,14.09.2022,11,2022,True,0.0219697584938601,0.02226851135492325
66,15.09.2022,11,2022,True,0.0216363150365228,0.022925132885575294
66,16.09.2022,11,2022,True,0.0216226258184203,0.023298898711800575
66,19.09.2022,11,2022,True,0.0218939529700427,0.024192987009882927
66,20.09.2022,11,2022,True,0.0218924488859795,0.02491145022213459
66,21.09.2022,11,2022,True,0.0223502673651535,0.025124572217464447
66,22.09.2022,11,2022,True,0.0223401056685316,0.02653728798031807
66,23.09.2022,11,2022,True,0.0215824241179509,0.025859104469418526
66,26.09.2022,11,2022,True,0.0214226555003463,0.026985647156834602
66,27.09.2022,11,2022,True,0.0218557242508089,0.026158364489674568
66,28.09.2022,11,2022,True,0.0221157687143806,0.02637849748134613
66,29.09.2022,11,2022,True,0.0230057977581531,0.026259204372763634
66,30.09.2022,11,2022,True,0.0230535966171241,0.025765739381313324
66,03.10.2022,11,2022,True,0.0230058712238432,0.027863746508955956
66,04.10.2022,11,2022,True,0.0226863324424107,0.028120769187808037
66,05.10.2022,11,2022,True,0.0225821718668623,0.026410168036818504
66,06.10.2022,11,2022,True,0.0229071009138023,0.028096947818994522
66,07.10.2022,11,2022,True,0.0225191388827867,0.02824508026242256
66,10.10.2022,11,2022,True,0.022531187755868,0.02879347652196884
66,11.10.2022,11,2022,True,0.0224444892946596,0.028471311554312706
66,12.10.2022,11,2022,True,0.0223607134951537,0.03351347893476486
66,13.10.2022,11,2022,True,0.0222407649997389,0.033355649560689926
66,14.10.2022,11,2022,True,0.0220287891521808,0.03373759239912033
66,17.10.2022,11,2022,True,0.0220457868101814,0.033994611352682114
66,18.10.2022,11,2022,True,0.0221309390771254,0.028471311554312706
66,19.10.2022,11,2022,True,0.0218770083695806,0.028237005695700645
66,20.10.2022,11,2022,True,0.0219724142541946,0.02683083526790142
66,21.10.2022,11,2022,True,0.0219370539827849,0.02684524469077587
66,24.10.2022,11,2022,True,0.0220657861359812,0.026150448247790337
66,25.10.2022,11,2022,True,0.0220633816951307,0.025897281244397163
66,26.10.2022,11,2022,True,0.0219599203344301,0.025888076052069664
66,27.10.2022,11,2022,True,0.0218869857174747,0.028081245720386505
66,28.10.2022,11,2022,True,0.0220707187789238,0.026835819706320763
66,31.10.2022,11,2022,True,0.0221370089710402,0.02515786699950695
66,01.11.2022,11,2022,True,0.0225567706623896,0.0253920778632164
66,02.11.2022,11,2022,True,0.0225661628704233,0.02477961964905262
66,03.11.2022,11,2022,True,0.0225100171789643,0.02477961964905262
66,04.11.2022,11,2022,True,0.0220932474957809,0.023502418771386147
66,07.11.2022,11,2022,True,0.022092562636284,0.02514314092695713
66,08.11.2022,11,2022,True,0.0219150268146097,0.024575993418693542
66,09.11.2022,11,2022,True,0.02165035726083,0.02629459649324417
66,10.11.2022,11,2022,True,0.0215973851708899,0.02633822150528431
66,11.11.2022,11,2022,True,0.0215500458762304,0.025062358006834984
66,14.11.2022,11,2022,True,0.0212672934051765,0.022905219346284866
66,15.11.2022,11,2022,True,0.0215136601441283,0.024839160963892937
66,16.11.2022,11,2022,True,0.0216573048812232,0.026101503521203995
66,17.11.2022,11,2022,True,0.0213461270440061,0.023725030943751335
66,18.11.2022,11,2022,True,0.0211700161378786,0.02548256330192089
66,21.11.2022,11,2022,True,0.0212881005983737,0.025278940796852112
66,22.11.2022,11,2022,True,0.0212557679472305,0.02827947959303856
66,23.11.2022,11,2022,True,0.0208562906701417,0.027216996997594833
66,25.11.2022,11,2022,True,0.020748121746444,0.030774511396884918
66,28.11.2022,11,2022,True,0.0207407271303949,0.030061548575758934
66,29.11.2022,11,2022,True,0.0211732991475003,0.028019491583108902
66,30.11.2022,11,2022,True,0.0208914441001236,0.026626961305737495
66,01.12.2022,11,2022,True,0.0208336151399846,0.02542012929916382
66,02.12.2022,11,2022,True,0.0208417299765884,0.025983599945902824
66,05.12.2022,11,2022,True,0.0206310965983567,0.025946741923689842
66,06.12.2022,11,2022,True,0.0206576032563187,0.025775745511054993
66,07.12.2022,11,2022,True,0.0212729730763332,0.025868825614452362
66,08.12.2022,11,2022,True,0.0212856007297338,0.027853386476635933
66,09.12.2022,11,2022,True,0.0214753794710335,0.026588810607790947
66,12.12.2022,11,2022,True,0.0212967357705413,0.026517357677221298
66,13.12.2022,11,2022,True,0.0210226666451283,0.02703336998820305
66,14.12.2022,11,2022,True,0.0209121520879315,0.026013823226094246
66,15.12.2022,11,2022,True,0.0208352010284609,0.024660279974341393
66,16.12.2022,11,2022,True,0.0206282424035588,0.02545349858701229
66,19.12.2022,11,2022,True,0.0212221497393957,0.024907702580094337
66,20.12.2022,11,2022,True,0.0212375844586086,0.02376633882522583
66,21.12.2022,11,2022,True,0.020963300152907,0.023518916219472885
66,22.12.2022,11,2022,True,0.0209499486497733,0.02377360872924328
66,23.12.2022,11,2022,True,0.0204804716325556,0.023518916219472885
66,27.12.2022,11,2022,True,0.0219115226542229,0.02377360872924328
66,28.12.2022,11,2022,True,0.021852348640961,0.025852907449007034
66,29.12.2022,11,2022,True,0.0217974490175892,0.025948386639356613
66,30.12.2022,11,2022,True,0.0211280626726101,0.02477620169520378
126,03.01.2022,11,2022,True,0.0328461622498707,0.0239117331802845
126,04.01.2022,11,2022,True,0.0329942627096103,0.022719403728842735
126,05.01.2022,11,2022,True,0.0330364503233883,0.022427957504987717
126,06.01.2022,11,2022,True,0.0330179401779777,0.02278205007314682
126,07.01.2022,11,2022,True,0.0336995413634938,0.022329337894916534
126,10.01.2022,11,2022,True,0.0336812804032398,0.021547162905335426
126,11.01.2022,11,2022,True,0.0335552168134612,0.02287188544869423
126,12.01.2022,11,2022,True,0.0335874370783618,0.02260231226682663
126,13.01.2022,11,2022,True,0.0338550244316469,0.022485755383968353
126,14.01.2022,11,2022,True,0.033829614497597,0.02354191616177559
126,18.01.2022,11,2022,True,0.0338066964786511,0.02354191616177559
126,19.01.2022,11,2022,True,0.0339065166209731,0.02287188544869423
126,20.01.2022,11,2022,True,0.0339129400960524,0.022966671735048294
126,21.01.2022,11,2022,True,0.0339430125371272,0.023204615339636803
126,24.01.2022,11,2022,True,0.0339042796949252,0.023204615339636803
126,25.01.2022,11,2022,True,0.0338991467432075,0.024434372782707214
126,26.01.2022,11,2022,True,0.0338609366539043,0.02455092966556549
126,27.01.2022,11,2022,True,0.033925802192561,0.02362537942826748
126,28.01.2022,11,2022,True,0.0349983733525793,0.024434372782707214
126,31.01.2022,11,2022,True,0.0349834058999987,0.024434372782707214
126,01.02.2022,11,2022,True,0.035092765457506,0.023204615339636803
126,02.02.2022,11,2022,True,0.035183570131687,0.02308322861790657
126,03.02.2022,11,2022,True,0.035154994418948,0.022966671735048294
126,04.02.2022,11,2022,True,0.0351300086421561,0.022966671735048294
126,07.02.2022,11,2022,True,0.0351268108309671,0.02308322861790657
126,08.02.2022,11,2022,True,0.0350886930778386,0.022966671735048294
126,09.02.2022,11,2022,True,0.0351354580412287,0.02287188544869423
126,10.02.2022,11,2022,True,0.0351615107140696,0.022966671735048294
126,11.02.2022,11,2022,True,0.0351584300101813,0.022966671735048294
126,14.02.2022,11,2022,True,0.035203430867733,0.024456143379211426
126,15.02.2022,11,2022,True,0.0350982693264962,0.024569636210799217
126,16.02.2022,11,2022,True,0.0351766093129213,0.02548440359532833
126,17.02.2022,11,2022,True,0.0351320132030049,0.025367846712470055
126,18.02.2022,11,2022,True,0.035129009753637,0.025367846712470055
126,22.02.2022,11,2022,True,0.0351566250548576,0.025367846712470055
126,23.02.2022,11,2022,True,0.0351671350598068,0.02577584981918335
126,24.02.2022,11,2022,True,0.0351493917040409,0.025239666923880577
126,25.02.2022,11,2022,True,0.0351639106487345,0.025356223806738853
126,28.02.2022,11,2022,True,0.0352357214869483,0.025531113147735596
126,01.03.2022,11,2022,True,0.0354275475345878,0.025647670030593872
126,02.03.2022,11,2022,True,0.0348945836598397,0.026295561343431473
126,03.03.2022,11,2022,True,0.035050918558814,0.02642374113202095
126,04.03.2022,11,2022,True,0.0345182984121376,0.026428891345858574
126,07.03.2022,11,2022,True,0.034289665324616,0.02832821011543274
126,08.03.2022,11,2022,True,0.0343985831120525,0.02832821011543274
126,09.03.2022,11,2022,True,0.0321122305483058,0.026428891345858574
126,10.03.2022,11,2022,True,0.0323045905297404,0.030939605087041855
126,11.03.2022,11,2022,True,0.0322054172106455,0.030939605087041855
126,14.03.2022,11,2022,True,0.0318840709928499,0.030939605087041855
126,15.03.2022,11,2022,True,0.031333226185301,0.030939605087041855
126,16.03.2022,11,2022,True,0.0314429449479754,0.031071335077285767
126,17.03.2022,11,2022,True,0.0305110090021669,0.03074111044406891
126,18.03.2022,11,2022,True,0.0304970275934656,0.031071335077285767
126,21.03.2022,11,2022,True,0.0298638621121033,0.03092680126428604
126,22.03.2022,11,2022,True,0.0298699653798466,0.031071335077285767
126,23.03.2022,11,2022,True,0.0294910436464554,0.03092680126428604
126,24.03.2022,11,2022,True,0.0297331010708738,0.03074111044406891
126,25.03.2022,11,2022,True,0.0297618104983222,0.03074111044406891
126,28.03.2022,11,2022,True,0.0292513718077733,0.03074111044406891
126,29.03.2022,11,2022,True,0.0293886498606125,0.03092680126428604
126,30.03.2022,11,2022,True,0.0292685316818862,0.03092680126428604
126,31.03.2022,11,2022,True,0.0289508341019002,0.03074111044406891
126,01.04.2022,11,2022,True,0.0288303140874426,0.030874717980623245
126,04.04.2022,11,2022,True,0.0288564703600989,0.03074111044406891
126,05.04.2022,11,2022,True,0.0288948223087713,0.030735958367586136
126,06.04.2022,11,2022,True,0.0285257031898755,0.030735958367586136
126,07.04.2022,11,2022,True,0.0287119095737146,0.030604228377342224
126,08.04.2022,11,2022,True,0.0286868807167811,0.030604228377342224
126,11.04.2022,11,2022,True,0.0284897916383113,0.030604228377342224
126,12.04.2022,11,2022,True,0.0280084298381889,0.030604228377342224
126,13.04.2022,11,2022,True,0.0278616173636607,0.03079507127404213
126,14.04.2022,11,2022,True,0.0278816982433876,0.030742987990379333
126,18.04.2022,11,2022,True,0.0278513886053008,0.030609380453824997
126,19.04.2022,11,2022,True,0.0274958085434394,0.030609380453824997
126,20.04.2022,11,2022,True,0.0276032531546807,0.030716493725776672
126,21.04.2022,11,2022,True,0.0275688410383833,0.030604228377342224
126,22.04.2022,11,2022,True,0.027563738814054,0.02642374113202095
126,25.04.2022,11,2022,True,0.0273244063318994,0.02642374113202095
126,26.04.2022,11,2022,True,0.0272226481915866,0.027606938034296036
126,27.04.2022,11,2022,True,0.0273032816671641,0.02642374113202095
126,28.04.2022,11,2022,True,0.0272602043086221,0.02642374113202095
126,29.04.2022,11,2022,True,0.0272365260631908,0.02642374113202095
126,02.05.2022,11,2022,True,0.0272140504575492,0.02642374113202095
126,03.05.2022,11,2022,True,0.0271318667975298,0.026834027841687202
126,04.05.2022,11,2022,True,0.0268171727712527,0.026834027841687202
126,05.05.2022,11,2022,True,0.0268386585271802,0.026896962895989418
126,06.05.2022,11,2022,True,0.027063315529413,0.026896962895989418
126,09.05.2022,11,2022,True,0.0265617846593607,0.026896962895989418
126,10.05.2022,11,2022,True,0.0265006443772661,0.02656249888241291
126,11.05.2022,11,2022,True,0.0262552553004382,0.02653600461781025
126,12.05.2022,11,2022,True,0.0262774416124957,0.02653600461781025
126,13.05.2022,11,2022,True,0.0261502822733319,0.02656249888241291
126,16.05.2022,11,2022,True,0.0261791497500867,0.026614582166075706
126,17.05.2022,11,2022,True,0.0261373878475612,0.02642374113202095
126,18.05.2022,11,2022,True,0.0260612552338165,0.02642374113202095
126,19.05.2022,11,2022,True,0.0260999938347386,0.02642374113202095
126,20.05.2022,11,2022,True,0.0261710427046353,0.02642374113202095
126,23.05.2022,11,2022,True,0.0261565829739671,0.02642374113202095
126,24.05.2022,11,2022,True,0.0261783846386198,0.026295561343431473
126,25.05.2022,11,2022,True,0.0263266008135532,0.026065511628985405
126,26.05.2022,11,2022,True,0.026226903491181,0.025653056800365448
126,27.05.2022,11,2022,True,0.0261672386219336,0.02525651827454567
126,31.05.2022,11,2022,True,0.0260187453610275,0.026065511628985405
126,01.06.2022,11,2022,True,0.0257517520756101,0.026295561343431473
126,02.06.2022,11,2022,True,0.0257801246196223,0.02642374113202095
126,03.06.2022,11,2022,True,0.0257409176001181,0.026193691417574883
126,06.06.2022,11,2022,True,0.0258950899151605,0.025384698063135147
126,07.06.2022,11,2022,True,0.0260951519596806,0.026193691417574883
126,08.06.2022,11,2022,True,0.0260640766635484,0.025384698063135147
126,09.06.2022,11,2022,True,0.0260779972024879,0.024893810972571373
126,10.06.2022,11,2022,True,0.0260758505548554,0.02410360425710678
126,13.06.2022,11,2022,True,0.0261923558440211,0.02410360425710678
126,14.06.2022,11,2022,True,0.0263992506553393,0.026065511628985405
126,15.06.2022,11,2022,True,0.0264604333874061,0.025335432961583138
126,16.06.2022,11,2022,True,0.0264662806257415,0.025747887790203094
126,17.06.2022,11,2022,True,0.0261029209098568,0.02453337237238884
126,21.06.2022,11,2022,True,0.0260859007703074,0.02642374113202095
126,22.06.2022,11,2022,True,0.0260091145537961,0.025226496160030365
126,23.06.2022,11,2022,True,0.0261198621045042,0.02622423693537712
126,24.06.2022,11,2022,True,0.026005607495094,0.02622423693537712
126,27.06.2022,11,2022,True,0.0261694538732079,0.025994187220931053
126,28.06.2022,11,2022,True,0.0260631019538887,0.026193691417574883
126,29.06.2022,11,2022,True,0.0260565883141399,0.025426000356674194
126,30.06.2022,11,2022,True,0.0260552012267548,0.026295561343431473
126,01.07.2022,11,2022,True,0.0262743854789421,0.026295561343431473
126,05.07.2022,11,2022,True,0.0255587324080871,0.02642374113202095
126,06.07.2022,11,2022,True,0.0259154724140479,0.026600252836942673
126,07.07.2022,11,2022,True,0.0256845584776685,0.02659510262310505
126,08.07.2022,11,2022,True,0.0255890762307542,0.026707366108894348
126,11.07.2022,11,2022,True,0.0256277823228612,0.026785943657159805
126,12.07.2022,11,2022,True,0.0248225792077436,0.026614582166075706
126,13.07.2022,11,2022,True,0.0249984237754594,0.02653600461781025
126,14.07.2022,11,2022,True,0.0250467784026951,0.02653600461781025
126,15.07.2022,11,2022,True,0.0250115029586098,0.026428891345858574
126,18.07.2022,11,2022,True,0.0246084799964745,0.02642374113202095
126,19.07.2022,11,2022,True,0.0245993757365832,0.026415077969431877
126,20.07.2022,11,2022,True,0.0246379772070649,0.026096057146787643
126,21.07.2022,11,2022,True,0.0245703059874566,0.025994187220931053
126,22.07.2022,11,2022,True,0.024575681906732,0.02622423693537712
126,25.07.2022,11,2022,True,0.0245900565552553,0.025994187220931053
126,26.07.2022,11,2022,True,0.0245852872184625,0.026223717257380486
126,27.07.2022,11,2022,True,0.0245498234843748,0.026223717257380486
126,28.07.2022,11,2022,True,0.0245525549839626,0.026453766971826553
126,29.07.2022,11,2022,True,0.0244785763154744,0.026223717257380486
126,01.08.2022,11,2022,True,0.0230105788239709,0.02541472390294075
126,02.08.2022,11,2022,True,0.0230612359803982,0.03079507127404213
126,03.08.2022,11,2022,True,0.0228343249288321,0.026614582166075706
126,04.08.2022,11,2022,True,0.0228310336797828,0.026614582166075706
126,05.08.2022,11,2022,True,0.022850361632584,0.026614582166075706
126,08.08.2022,11,2022,True,0.0229872968455093,0.02653600461781025
126,09.08.2022,11,2022,True,0.023040406404869,0.025426000356674194
126,10.08.2022,11,2022,True,0.0230201408538348,0.025384698063135147
126,11.08.2022,11,2022,True,0.0230183912982525,0.025297820568084717
126,12.08.2022,11,2022,True,0.0229884682544504,0.02525651827454567
126,15.08.2022,11,2022,True,0.022845773925653,0.024866700172424316
126,16.08.2022,11,2022,True,0.0227013322154002,0.02545355260372162
126,17.08.2022,11,2022,True,0.0226636267399143,0.02622423693537712
126,18.08.2022,11,2022,True,0.0225897491217888,0.02622423693537712
126,19.08.2022,11,2022,True,0.0225891756552733,0.025994187220931053
126,22.08.2022,11,2022,True,0.0227335771280167,0.02622423693537712
126,23.08.2022,11,2022,True,0.0225374244854415,0.02678956463932991
126,24.08.2022,11,2022,True,0.0225442249467869,0.026431335136294365
126,25.08.2022,11,2022,True,0.0225003476737344,0.026661384850740433
126,26.08.2022,11,2022,True,0.0225058410396157,0.026661384850740433
126,29.08.2022,11,2022,True,0.0222068940819413,0.026431335136294365
126,30.08.2022,11,2022,True,0.0216621054122705,0.025994187220931053
126,31.08.2022,11,2022,True,0.0215549666079725,0.026229387149214745
126,01.09.2022,11,2022,True,0.021213332639367,0.026229387149214745
126,02.09.2022,11,2022,True,0.021411143816937,0.026546312496066093
126,06.09.2022,11,2022,True,0.0214192677255438,0.026412704959511757
126,07.09.2022,11,2022,True,0.0209235285557448,0.02622423693537712
126,08.09.2022,11,2022,True,0.0209317226817899,0.02622423693537712
126,09.09.2022,11,2022,True,0.0207106037645868,0.02622423693537712
126,12.09.2022,11,2022,True,0.0209914210004688,0.02622423693537712
126,13.09.2022,11,2022,True,0.0214175469013234,0.02449006959795952
126,14.09.2022,11,2022,True,0.021436263097162,0.02497207187116146
126,15.09.2022,11,2022,True,0.0213142757216949,0.024843892082571983
126,16.09.2022,11,2022,True,0.0213354105400921,0.025581732392311096
126,19.09.2022,11,2022,True,0.021413070738843,0.025866007432341576
126,20.09.2022,11,2022,True,0.0214490957339325,0.025653056800365448
126,21.09.2022,11,2022,True,0.0214535592612728,0.026295561343431473
126,22.09.2022,11,2022,True,0.0214620705130511,0.026295561343431473
126,23.09.2022,11,2022,True,0.0213672059873734,0.026065511628985405
126,26.09.2022,11,2022,True,0.0212702814190392,0.02642374113202095
126,27.09.2022,11,2022,True,0.0211399227065261,0.026295561343431473
126,28.09.2022,11,2022,True,0.0209331808521474,0.02642374113202095
126,29.09.2022,11,2022,True,0.0209293667585018,0.02642374113202095
126,30.09.2022,11,2022,True,0.0216745286021369,0.02642374113202095
126,03.10.2022,11,2022,True,0.0216542150847256,0.02642374113202095
126,04.10.2022,11,2022,True,0.0214518924254235,0.026295561343431473
126,05.10.2022,11,2022,True,0.0213947589575058,0.026295561343431473
126,06.10.2022,11,2022,True,0.021387576732684,0.026295561343431473
126,07.10.2022,11,2022,True,0.0211846792641429,0.026295561343431473
126,10.10.2022,11,2022,True,0.0212124337392789,0.026295561343431473
126,11.10.2022,11,2022,True,0.021177503307816,0.026295561343431473
126,12.10.2022,11,2022,True,0.0211106008764467,0.02642374113202095
126,13.10.2022,11,2022,True,0.0210644411947212,0.02642374113202095
126,14.10.2022,11,2022,True,0.0208832146740866,0.02642374113202095
126,17.10.2022,11,2022,True,0.0209518996939296,0.026295561343431473
126,18.10.2022,11,2022,True,0.0210067023050376,0.026295561343431473
126,19.10.2022,11,2022,True,0.0208790718920236,0.026295561343431473
126,20.10.2022,11,2022,True,0.0209162324785699,0.026193691417574883
126,21.10.2022,11,2022,True,0.0209842536212052,0.026065511628985405
126,24.10.2022,11,2022,True,0.0212513567055234,0.026065511628985405
126,25.10.2022,11,2022,True,0.0212673705956396,0.026178956031799316
126,26.10.2022,11,2022,True,0.021205235285525,0.026178956031799316
126,27.10.2022,11,2022,True,0.021164699830965,0.02593962661921978
126,28.10.2022,11,2022,True,0.0216088034507285,0.025823069736361504
126,31.10.2022,11,2022,True,0.0218699360122511,0.025593020021915436
126,01.11.2022,11,2022,True,0.0218735971171897,0.025069845840334892
126,02.11.2022,11,2022,True,0.0221055118943229,0.024778399616479874
126,03.11.2022,11,2022,True,0.0221771665536244,0.024778399616479874
126,04.11.2022,11,2022,True,0.0218643013074062,0.024010708555579185
126,07.11.2022,11,2022,True,0.0218842717916262,0.025023136287927628
126,08.11.2022,11,2022,True,0.0218265416431699,0.02432880364358425
126,09.11.2022,11,2022,True,0.0217076112394107,0.024445360526442528
126,10.11.2022,11,2022,True,0.0217247137576215,0.024736806750297546
126,11.11.2022,11,2022,True,0.0215978629785814,0.023670095950365067
126,14.11.2022,11,2022,True,0.0216014651349424,0.023786652833223343
126,15.11.2022,11,2022,True,0.0216157464262414,0.02469172328710556
126,16.11.2022,11,2022,True,0.0216013546783169,0.02501678839325905
126,17.11.2022,11,2022,True,0.021416737912839,0.024200623854994774
126,18.11.2022,11,2022,True,0.0213446330004719,0.025067074224352837
126,21.11.2022,11,2022,True,0.0214234054087854,0.02493889443576336
126,22.11.2022,11,2022,True,0.0215266396251325,0.026145288720726967
126,23.11.2022,11,2022,True,0.0213426183387463,0.02569522149860859
126,25.11.2022,11,2022,True,0.0216341366397449,0.026692962273955345
126,28.11.2022,11,2022,True,0.0216531594647254,0.026375338435173035
126,29.11.2022,11,2022,True,0.0217507482689717,0.026409005746245384
126,30.11.2022,11,2022,True,0.0217113948111339,0.026178956031799316
126,01.12.2022,11,2022,True,0.0216665341610931,0.02553739957511425
126,02.12.2022,11,2022,True,0.0216328597060199,0.025474464520812035
126,05.12.2022,11,2022,True,0.0214392193951431,0.025474464520812035
126,06.12.2022,11,2022,True,0.0211581711492066,0.02521977573633194
126,07.12.2022,11,2022,True,0.0210581614605448,0.025899222120642662
126,08.12.2022,11,2022,True,0.0213268022451138,0.02666691318154335
126,09.12.2022,11,2022,True,0.0215407648741624,0.026603978127241135
126,12.12.2022,11,2022,True,0.0214643747973542,0.026603978127241135
126,13.12.2022,11,2022,True,0.021455186692047,0.025384698063135147
126,14.12.2022,11,2022,True,0.0213668371261351,0.02423178404569626
126,15.12.2022,11,2022,True,0.0213230390546186,0.02410360425710678
126,16.12.2022,11,2022,True,0.021238871000821,0.02410360425710678
126,19.12.2022,11,2022,True,0.0215052413619191,0.02423178404569626
126,20.12.2022,11,2022,True,0.0215056201723879,0.02423178404569626
126,21.12.2022,11,2022,True,0.0213645608800274,0.02410360425710678
126,22.12.2022,11,2022,True,0.0214476627222567,0.02410360425710678
126,23.12.2022,11,2022,True,0.0213152293194556,0.02410360425710678
126,27.12.2022,11,2022,True,0.0213137882311634,0.02410360425710678
126,28.12.2022,11,2022,True,0.0213007557531426,0.023811915889382362
126,29.12.2022,11,2022,True,0.0212780676170751,0.024703191593289375
126,30.12.2022,11,2022,True,0.021048555763095,0.023811915889382362
5,03.01.2023,12,2023,True,0.0276396268580522,0.01815822347998619
5,04.01.2023,12,2023,True,0.0123583764420852,0.020602652803063393
5,05.01.2023,12,2023,True,0.0124685946508967,0.021081337705254555
5,06.01.2023,12,2023,True,0.0094419124605225,0.02178584598004818
5,09.01.2023,12,2023,True,0.010258205954111,0.022288387641310692
5,10.01.2023,12,2023,True,0.0154842101420287,0.020672408863902092
5,11.01.2023,12,2023,True,0.01128509296825,0.01854674518108368
5,12.01.2023,12,2023,True,0.0113947494506046,0.022132037207484245
5,13.01.2023,12,2023,True,0.0108245852837568,0.01746472716331482
5,17.01.2023,12,2023,True,0.0172874050690672,0.019272079691290855
5,18.01.2023,12,2023,True,0.0161252426649728,0.019890986382961273
5,19.01.2023,12,2023,True,0.0164456236930298,0.01778685301542282
5,20.01.2023,12,2023,True,0.0150245972301693,0.017935840412974358
5,23.01.2023,12,2023,True,0.0159613586049091,0.01819480024278164
5,24.01.2023,12,2023,True,0.0132194976243082,0.015098269097507
5,25.01.2023,12,2023,True,0.0146656316315692,0.014706699177622795
5,26.01.2023,12,2023,True,0.0071503587875558,0.014610253274440765
5,27.01.2023,12,2023,True,0.0093987177220375,0.015328827314078808
5,30.01.2023,12,2023,True,0.0155003745133301,0.015094183385372162
5,31.01.2023,12,2023,True,0.0246958616701561,0.021341435611248016
5,01.02.2023,12,2023,True,0.0234535448587186,0.02518099918961525
5,02.02.2023,12,2023,True,0.0232916649981737,0.026338160037994385
5,03.02.2023,12,2023,True,0.0146155613974019,0.02249721996486187
5,06.02.2023,12,2023,True,0.0157690636079108,0.026527822017669678
5,07.02.2023,12,2023,True,0.0146867643145916,0.014962699264287949
5,08.02.2023,12,2023,True,0.0131385087620229,0.018419967964291573
5,09.02.2023,12,2023,True,0.0126582076545148,0.016483839601278305
5,10.02.2023,12,2023,True,0.0110738469537601,0.016425928100943565
5,13.02.2023,12,2023,True,0.0106369498542801,0.018163515254855156
5,14.02.2023,12,2023,True,0.0144876812153629,0.01691337302327156
5,15.02.2023,12,2023,True,0.0203583820136955,0.018825771287083626
5,16.02.2023,12,2023,True,0.0221218283033382,0.017701497301459312
5,17.02.2023,12,2023,True,0.0192671560344488,0.015630343928933144
5,21.02.2023,12,2023,True,0.0210529371949741,0.020937899127602577
5,22.02.2023,12,2023,True,0.0113623241007806,0.017719442024827003
5,23.02.2023,12,2023,True,0.0096459006616742,0.01888291724026203
5,24.02.2023,12,2023,True,0.009822875111543,0.018583981320261955
5,27.02.2023,12,2023,True,0.0058563917540962,0.019867433235049248
5,28.02.2023,12,2023,True,0.0185883517042271,0.020273491740226746
5,01.03.2023,12,2023,True,0.0183506930939391,0.018371574580669403
5,02.03.2023,12,2023,True,0.0178815429443334,0.02185700833797455
5,03.03.2023,12,2023,True,0.0184070062397683,0.01911187171936035
5,06.03.2023,12,2023,True,0.0184669198736468,0.01951310969889164
5,07.03.2023,12,2023,True,0.0208931153203159,0.013416136614978313
5,08.03.2023,12,2023,True,0.0254116674969614,0.01631629653275013
5,09.03.2023,12,2023,True,0.0303345527700721,0.013070589862763882
5,10.03.2023,12,2023,True,0.0244680509572848,0.014217633754014969
5,13.03.2023,12,2023,True,0.0294268858237242,0.015307614579796791
5,14.03.2023,12,2023,True,0.0300060834587361,0.023263920098543167
5,15.03.2023,12,2023,True,0.0179363884642936,0.023318706080317497
5,16.03.2023,12,2023,True,0.019189074788504,0.026490135118365288
5,17.03.2023,12,2023,True,0.015612812376288,0.029247824102640152
5,20.03.2023,12,2023,True,0.0224781796048341,0.033295638859272
5,21.03.2023,12,2023,True,0.0219181645559732,0.033266350626945496
5,22.03.2023,12,2023,True,0.021846249801113,0.025220127776265144
5,23.03.2023,12,2023,True,0.0204421087200323,0.024840665981173515
5,24.03.2023,12,2023,True,0.0171309120280819,0.02531496435403824
5,27.03.2023,12,2023,True,0.0264435419838134,0.027414172887802124
5,28.03.2023,12,2023,True,0.0272242019289282,0.018292266875505447
5,29.03.2023,12,2023,True,0.0263338350328724,0.021488258615136147
5,30.03.2023,12,2023,True,0.0271893909742498,0.021421177312731743
5,31.03.2023,12,2023,True,0.0294774657620381,0.01718035712838173
5,03.04.2023,12,2023,True,0.009962887856394,0.019113805145025253
5,04.04.2023,12,2023,True,0.0127615787985088,0.02765168435871601
5,05.04.2023,12,2023,True,0.0156247079312825,0.018063638359308243
5,06.04.2023,12,2023,True,0.0156143202597452,0.019366741180419922
5,10.04.2023,12,2023,True,0.0173884248332747,0.015338084660470486
5,11.04.2023,12,2023,True,0.0151301170011371,0.014494914561510086
5,12.04.2023,12,2023,True,0.0104590059851031,0.018373919650912285
5,13.04.2023,12,2023,True,0.0123845583382961,0.016482939943671227
5,14.04.2023,12,2023,True,0.0137295194963794,0.01748189516365528
5,17.04.2023,12,2023,True,0.0165148117991857,0.016979170963168144
5,18.04.2023,12,2023,True,0.0181389158631814,0.016657622531056404
5,19.04.2023,12,2023,True,0.0223367664261638,0.01786763407289982
5,20.04.2023,12,2023,True,0.0231556106456433,0.017577484250068665
5,21.04.2023,12,2023,True,0.0245616004122448,0.02005266211926937
5,24.04.2023,12,2023,True,0.0225494744729541,0.019879311323165894
5,25.04.2023,12,2023,True,0.0295968444844796,0.018720893189311028
5,26.04.2023,12,2023,True,0.0299461806828967,0.020262401551008224
5,27.04.2023,12,2023,True,0.0288378455161623,0.019329896196722984
5,28.04.2023,12,2023,True,0.0358988756557641,0.018269747495651245
5,01.05.2023,12,2023,True,0.0389798645885172,0.01706230454146862
5,02.05.2023,12,2023,True,0.0294251930468851,0.017905572429299355
5,03.05.2023,12,2023,True,0.019708613692762,0.018377088010311127
5,04.05.2023,12,2023,True,0.0238804544295554,0.02179507538676262
5,05.05.2023,12,2023,True,0.016909251891812,0.026188645511865616
5,08.05.2023,12,2023,True,0.0139389543937526,0.018472174182534218
5,09.05.2023,12,2023,True,0.012777482549368,0.019429709762334824
5,10.05.2023,12,2023,True,0.0187952932607222,0.018164923414587975
5,11.05.2023,12,2023,True,0.0176525443600319,0.013830885291099548
5,12.05.2023,12,2023,True,0.0165714075051547,0.015378234907984734
5,15.05.2023,12,2023,True,0.0156290491112849,0.014429180882871151
5,16.05.2023,12,2023,True,0.0155998554833694,0.017757482826709747
5,17.05.2023,12,2023,True,0.0131589256689395,0.017128489911556244
5,18.05.2023,12,2023,True,0.0179079896331291,0.017813904210925102
5,19.05.2023,12,2023,True,0.0179668483003192,0.016938181594014168
5,22.05.2023,12,2023,True,0.0281343948680254,0.01719038560986519
5,23.05.2023,12,2023,True,0.026345981588688,0.014217857271432877
5,24.05.2023,12,2023,True,0.0270779003574679,0.015009802766144276
5,25.05.2023,12,2023,True,0.0290317526191771,0.016710080206394196
5,26.05.2023,12,2023,True,0.0289243602455673,0.01700984500348568
5,30.05.2023,12,2023,True,0.0162367779321265,0.01542703341692686
5,31.05.2023,12,2023,True,0.0121986233191978,0.019380873069167137
5,01.06.2023,12,2023,True,0.0144462170758328,0.0212977547198534
5,02.06.2023,12,2023,True,0.0112639220403105,0.02170172892510891
5,05.06.2023,12,2023,True,0.0178327506549398,0.022208506241440773
5,06.06.2023,12,2023,True,0.027774826960707,0.018940312787890434
5,07.06.2023,12,2023,True,0.0267954184806313,0.01841699704527855
5,08.06.2023,12,2023,True,0.0327945157527153,0.01685916632413864
5,09.06.2023,12,2023,True,0.032018342768278,0.01829729788005352
5,12.06.2023,12,2023,True,0.0227983836053225,0.017671652138233185
5,13.06.2023,12,2023,True,0.0195809461383429,0.01735365390777588
5,14.06.2023,12,2023,True,0.027906593609946,0.015762612223625183
5,15.06.2023,12,2023,True,0.022040619531132,0.01537543348968029
5,16.06.2023,12,2023,True,0.0207446595030496,0.015596466138958931
5,20.06.2023,12,2023,True,0.0226223791771807,0.0129708182066679
5,21.06.2023,12,2023,True,0.0251349641590446,0.018496310338377953
5,22.06.2023,12,2023,True,0.0181972590339107,0.016918890178203583
5,23.06.2023,12,2023,True,0.0182147677712753,0.018614662811160088
5,26.06.2023,12,2023,True,0.018373180250702,0.019723601639270782
5,27.06.2023,12,2023,True,0.0129798699188765,0.01877058483660221
5,28.06.2023,12,2023,True,0.0119162548056661,0.01825137808918953
5,29.06.2023,12,2023,True,0.0143003006453645,0.0208577997982502
5,30.06.2023,12,2023,True,0.0171654538673396,0.02139303646981716
5,03.07.2023,12,2023,True,0.0169401796408376,0.021090805530548096
5,05.07.2023,12,2023,True,0.0149943275504006,0.02509034238755703
5,06.07.2023,12,2023,True,0.0139078396085534,0.0166919082403183
5,07.07.2023,12,2023,True,0.0171163413401828,0.016496114432811737
5,10.07.2023,12,2023,True,0.0187913421669,0.015043295919895172
5,11.07.2023,12,2023,True,0.0170481485063298,0.017433911561965942
5,12.07.2023,12,2023,True,0.0164032952635319,0.01583753153681755
5,13.07.2023,12,2023,True,0.0138169238820353,0.015887027606368065
5,14.07.2023,12,2023,True,0.0140137742280526,0.015772895887494087
5,17.07.2023,12,2023,True,0.0099118979617441,0.015195018611848354
5,18.07.2023,12,2023,True,0.0097009726820288,0.015104502439498901
5,19.07.2023,12,2023,True,0.0118958980881184,0.015212086029350758
5,20.07.2023,12,2023,True,0.0116518498711319,0.014449781738221645
5,21.07.2023,12,2023,True,0.0110634062828966,0.014576937071979046
5,24.07.2023,12,2023,True,0.0092171923939887,0.012340093962848186
5,25.07.2023,12,2023,True,0.0107257001805028,0.01600096933543682
5,26.07.2023,12,2023,True,0.0145126456739033,0.01696060784161091
5,27.07.2023,12,2023,True,0.0166132639574499,0.016090363264083862
5,28.07.2023,12,2023,True,0.0171039497857322,0.016945747658610344
5,31.07.2023,12,2023,True,0.0178666442963039,0.016039583832025528
5,01.08.2023,12,2023,True,0.0178207955040386,0.016001056879758835
5,02.08.2023,12,2023,True,0.0125777968740463,0.014402690343558788
5,03.08.2023,12,2023,True,0.0137170261956302,0.014498413540422916
5,04.08.2023,12,2023,True,0.0126957772134105,0.014929331839084625
5,07.08.2023,12,2023,True,0.0119465456119987,0.014924080111086369
5,08.08.2023,12,2023,True,0.0131440292132512,0.01223656814545393
5,09.08.2023,12,2023,True,0.0088889618809297,0.012558802962303162
5,10.08.2023,12,2023,True,0.0114259574075461,0.013053925707936287
5,11.08.2023,12,2023,True,0.0122260322398602,0.012669654563069344
5,14.08.2023,12,2023,True,0.0121612296236772,0.013771642930805683
5,15.08.2023,12,2023,True,0.0105229970105364,0.014954819343984127
5,16.08.2023,12,2023,True,0.0081466044629395,0.015491373836994171
5,17.08.2023,12,2023,True,0.0068911015095584,0.015073474496603012
5,18.08.2023,12,2023,True,0.0089003605104022,0.014678739942610264
5,21.08.2023,12,2023,True,0.0087184258046507,0.014748487621545792
5,22.08.2023,12,2023,True,0.009712466850442,0.013743501156568527
5,23.08.2023,12,2023,True,0.0063754823678332,0.014524808153510094
5,24.08.2023,12,2023,True,0.0061579465074129,0.013237735256552696
5,25.08.2023,12,2023,True,0.0077526358958294,0.013308214955031872
5,28.08.2023,12,2023,True,0.0057093661503291,0.01364990696310997
5,29.08.2023,12,2023,True,0.0064589975787512,0.01540876179933548
5,30.08.2023,12,2023,True,0.0106316032623419,0.01358709391206503
5,31.08.2023,12,2023,True,0.010553964805798,0.014603318646550179
5,01.09.2023,12,2023,True,0.0090855939740271,0.013621315360069275
5,05.09.2023,12,2023,True,0.0087147227069122,0.012791343033313751
5,06.09.2023,12,2023,True,0.0090589535778943,0.013724548742175102
5,07.09.2023,12,2023,True,0.0094403655658136,0.01415369100868702
5,08.09.2023,12,2023,True,0.0097924035247802,0.013496783562004566
5,11.09.2023,12,2023,True,0.0090666194176305,0.012989582493901253
5,12.09.2023,12,2023,True,0.0087173975250952,0.009482448920607567
5,13.09.2023,12,2023,True,0.0103783725912345,0.009690194390714169
5,14.09.2023,12,2023,True,0.0052882737646455,0.008942389860749245
5,15.09.2023,12,2023,True,0.0049917960742639,0.009851798415184021
5,18.09.2023,12,2023,True,0.0036045958097589,0.009937389753758907
5,19.09.2023,12,2023,True,0.0056683580237689,0.011503119021654129
5,20.09.2023,12,2023,True,0.0121947029179839,0.012947538867592812
5,21.09.2023,12,2023,True,0.0145101610735249,0.012385605834424496
5,22.09.2023,12,2023,True,0.0145449194582467,0.01131527591496706
5,25.09.2023,12,2023,True,0.0284142813321385,0.0126474155113101
5,26.09.2023,12,2023,True,0.0279490153772324,0.01194002665579319
5,27.09.2023,12,2023,True,0.0281346143672981,0.010998792946338654
5,28.09.2023,12,2023,True,0.0275330537871046,0.012127207592129707
5,29.09.2023,12,2023,True,0.0291613449116335,0.01237008348107338
5,02.10.2023,12,2023,True,0.0365815232470808,0.013374580070376396
5,03.10.2023,12,2023,True,0.0363160517257226,0.013862652704119682
5,04.10.2023,12,2023,True,0.025704847824488,0.010375055484473705
5,05.10.2023,12,2023,True,0.0230469547843731,0.01607012189924717
5,06.10.2023,12,2023,True,0.0324579330803447,0.0136707853525877
5,09.10.2023,12,2023,True,0.0302988503954193,0.016201624646782875
5,10.10.2023,12,2023,True,0.0298995556083549,0.014324469491839409
5,11.10.2023,12,2023,True,0.0262154972060289,0.020605694502592087
5,12.10.2023,12,2023,True,0.0256583379880025,0.017182981595396996
5,13.10.2023,12,2023,True,0.0119000723436411,0.018878739327192307
5,16.10.2023,12,2023,True,0.0163644702134202,0.023344963788986206
5,17.10.2023,12,2023,True,0.0185146512801715,0.022174082696437836
5,18.10.2023,12,2023,True,0.0202090567374044,0.022738782688975334
5,19.10.2023,12,2023,True,0.0206805579071839,0.022039350122213364
5,20.10.2023,12,2023,True,0.0271205472902357,0.03887784853577614
5,23.10.2023,12,2023,True,0.0290260848461242,0.03795204684138298
5,24.10.2023,12,2023,True,0.0278909630287332,0.028562288731336594
5,25.10.2023,12,2023,True,0.0266462918560428,0.028388414531946182
5,26.10.2023,12,2023,True,0.0302582754125347,0.02880057319998741
5,27.10.2023,12,2023,True,0.0254125092455742,0.02885231375694275
5,30.10.2023,12,2023,True,0.0229655101278537,0.026687083765864372
5,31.10.2023,12,2023,True,0.0280094739291827,0.022251833230257034
5,01.11.2023,12,2023,True,0.0270500205154968,0.01922052539885044
5,02.11.2023,12,2023,True,0.0207047311267345,0.020279930904507637
5,03.11.2023,12,2023,True,0.0250134049843958,0.021640611812472343
5,06.11.2023,12,2023,True,0.0265182523289876,0.021381324157118797
5,07.11.2023,12,2023,True,0.0170253957533898,0.016815992072224617
5,08.11.2023,12,2023,True,0.0131017206448079,0.016333000734448433
5,09.11.2023,12,2023,True,0.0263042864319339,0.020399123430252075
5,10.11.2023,12,2023,True,0.0327284700421104,0.020442111417651176
5,13.11.2023,12,2023,True,0.0337925686744847,0.020266922190785408
5,14.11.2023,12,2023,True,0.0338047304991651,0.0193448718637228
5,15.11.2023,12,2023,True,0.0329383364987479,0.020477797836065292
5,16.11.2023,12,2023,True,0.0227885361714671,0.02169714868068695
5,17.11.2023,12,2023,True,0.0142350941495137,0.02049676887691021
5,20.11.2023,12,2023,True,0.0142514061693856,0.018586644902825356
5,21.11.2023,12,2023,True,0.0166345541355314,0.01790333352982998
5,22.11.2023,12,2023,True,0.0163701610128103,0.020351868122816086
5,24.11.2023,12,2023,True,0.0278500738815136,0.0188603512942791
5,27.11.2023,12,2023,True,0.0279870955808391,0.01989767514169216
5,28.11.2023,12,2023,True,0.0239298124409514,0.0284686628729105
5,29.11.2023,12,2023,True,0.0199378188382239,0.02753496915102005
5,30.11.2023,12,2023,True,0.019910023164775,0.026501445099711418
5,01.12.2023,12,2023,True,0.0221961860933049,0.022949613630771637
5,04.12.2023,12,2023,True,0.0225479947932704,0.01820095255970955
5,05.12.2023,12,2023,True,0.0269132669078279,0.017715996131300926
5,06.12.2023,12,2023,True,0.0233296602092097,0.015814531594514847
5,07.12.2023,12,2023,True,0.0269509270852575,0.0175675917416811
5,08.12.2023,12,2023,True,0.0252446878928931,0.016604658216238022
5,11.12.2023,12,2023,True,0.0262885122004951,0.015483089722692966
5,12.12.2023,12,2023,True,0.0114047741106841,0.014703933149576187
5,13.12.2023,12,2023,True,0.0122511546625801,0.016657471656799316
5,14.12.2023,12,2023,True,0.0098794318787481,0.017229119315743446
5,15.12.2023,12,2023,True,0.0106114002283347,0.016627823933959007
5,18.12.2023,12,2023,True,0.0127249370221294,0.016418984159827232
5,19.12.2023,12,2023,True,0.0157886423957642,0.01597544178366661
5,20.12.2023,12,2023,True,0.0170811685563439,0.019012855365872383
5,21.12.2023,12,2023,True,0.0182209461690754,0.017783159390091896
5,22.12.2023,12,2023,True,0.0185840705790135,0.018253084272146225
5,26.12.2023,12,2023,True,0.0211046756454291,0.01961011067032814
5,27.12.2023,12,2023,True,0.0203376487091512,0.018519433215260506
5,28.12.2023,12,2023,True,0.0209589444237759,0.019796594977378845
5,29.12.2023,12,2023,True,0.0254623309935811,0.020220138132572174
22,03.01.2023,12,2023,True,0.0193515590231717,0.022883350029587746
22,04.01.2023,12,2023,True,0.015669449869361,0.02713896334171295
22,05.01.2023,12,2023,True,0.016920937984416,0.02145184390246868
22,06.01.2023,12,2023,True,0.0171397678512204,0.021483905613422394
22,09.01.2023,12,2023,True,0.017128777185531,0.020397016778588295
22,10.01.2023,12,2023,True,0.0176175237987587,0.02266857400536537
22,11.01.2023,12,2023,True,0.0164581209322758,0.020642152056097984
22,12.01.2023,12,2023,True,0.0164004821876756,0.022095926105976105
22,13.01.2023,12,2023,True,0.016111298030538,0.021077057346701622
22,17.01.2023,12,2023,True,0.0160347206739082,0.023337729275226593
22,18.01.2023,12,2023,True,0.016768573191207,0.021592888981103897
22,19.01.2023,12,2023,True,0.0164445852099527,0.019083159044384956
22,20.01.2023,12,2023,True,0.0169494204714395,0.02138853259384632
22,23.01.2023,12,2023,True,0.0175625432150422,0.019913911819458008
22,24.01.2023,12,2023,True,0.0172085162465789,0.02118220552802086
22,25.01.2023,12,2023,True,0.0172682845664583,0.01957661099731922
22,26.01.2023,12,2023,True,0.0173572412098978,0.018802065402269363
22,27.01.2023,12,2023,True,0.017334471432915,0.019543329253792763
22,30.01.2023,12,2023,True,0.0168331691770253,0.01934489794075489
22,31.01.2023,12,2023,True,0.0170101764179538,0.02230246365070343
22,01.02.2023,12,2023,True,0.0163941076297617,0.02445008046925068
22,02.02.2023,12,2023,True,0.018000409209883,0.024017922580242157
22,03.02.2023,12,2023,True,0.0169907369903069,0.023041293025016785
22,06.02.2023,12,2023,True,0.0170577113550186,0.023518675938248634
22,07.02.2023,12,2023,True,0.0157986535020339,0.013896090909838676
22,08.02.2023,12,2023,True,0.0161135454751052,0.014756484888494015
22,09.02.2023,12,2023,True,0.0181846480464576,0.016167812049388885
22,10.02.2023,12,2023,True,0.0196727684919191,0.01948816142976284
22,13.02.2023,12,2023,True,0.0200720810678781,0.01892082393169403
22,14.02.2023,12,2023,True,0.0203614514953121,0.019200677052140236
22,15.02.2023,12,2023,True,0.0207172640731752,0.019910547882318497
22,16.02.2023,12,2023,True,0.0215044975783279,0.019132813438773155
22,17.02.2023,12,2023,True,0.0215878098044962,0.018456539139151573
22,21.02.2023,12,2023,True,0.0216109647915393,0.0205952450633049
22,22.02.2023,12,2023,True,0.0209198908057939,0.01921502687036991
22,23.02.2023,12,2023,True,0.0224558959113802,0.019513387233018875
22,24.02.2023,12,2023,True,0.0223397679901299,0.02014518529176712
22,27.02.2023,12,2023,True,0.0223052078946839,0.020168595016002655
22,28.02.2023,12,2023,True,0.022128093993961,0.018031228333711624
22,01.03.2023,12,2023,True,0.022150873173151,0.016984956339001656
22,02.03.2023,12,2023,True,0.0261357542311379,0.021178601309657097
22,03.03.2023,12,2023,True,0.0259849427467869,0.019929632544517517
22,06.03.2023,12,2023,True,0.0259665517811534,0.020162953063845634
22,07.03.2023,12,2023,True,0.0248669651588038,0.018439479172229767
22,08.03.2023,12,2023,True,0.0249358503016512,0.018015971407294273
22,09.03.2023,12,2023,True,0.0249586919713104,0.017724309116601944
22,10.03.2023,12,2023,True,0.0251118380030454,0.01806359551846981
22,13.03.2023,12,2023,True,0.0246771311810124,0.0189178679138422
22,14.03.2023,12,2023,True,0.0225564313182902,0.020298335701227188
22,15.03.2023,12,2023,True,0.0197355699422465,0.023367086425423622
22,16.03.2023,12,2023,True,0.0197091627953175,0.025324957445263863
22,17.03.2023,12,2023,True,0.0194578296907085,0.027780167758464813
22,20.03.2023,12,2023,True,0.02046665545334,0.02875397354364395
22,21.03.2023,12,2023,True,0.0201558531469177,0.02796855755150318
22,22.03.2023,12,2023,True,0.020013832184029,0.025205519050359726
22,23.03.2023,12,2023,True,0.0206653529311021,0.023759210482239723
22,24.03.2023,12,2023,True,0.0223065862245417,0.023236803710460663
22,27.03.2023,12,2023,True,0.0205976253007821,0.02434230037033558
22,28.03.2023,12,2023,True,0.0207915889079086,0.02278992533683777
22,29.03.2023,12,2023,True,0.0207734164786863,0.022934792563319206
22,30.03.2023,12,2023,True,0.0233582524845152,0.02345707267522812
22,31.03.2023,12,2023,True,0.0246325857155883,0.020325500518083572
22,03.04.2023,12,2023,True,0.0196593938881014,0.020219651982188225
22,04.04.2023,12,2023,True,0.0218553693166903,0.020736679434776306
22,05.04.2023,12,2023,True,0.0226278625734761,0.018898919224739075
22,06.04.2023,12,2023,True,0.0226952475433795,0.019049087539315224
22,10.04.2023,12,2023,True,0.0227330808461533,0.018036961555480957
22,11.04.2023,12,2023,True,0.0224171947054902,0.027141394093632698
22,12.04.2023,12,2023,True,0.0216704449737911,0.030840463936328888
22,13.04.2023,12,2023,True,0.0220872531612796,0.02742421254515648
22,14.04.2023,12,2023,True,0.0220073441575912,0.02439606934785843
22,17.04.2023,12,2023,True,0.022949034134982,0.022548317909240723
22,18.04.2023,12,2023,True,0.0230218377698363,0.02260190062224865
22,19.04.2023,12,2023,True,0.02278987303652,0.02189621515572071
22,20.04.2023,12,2023,True,0.0224132652295278,0.022550011053681374
22,21.04.2023,12,2023,True,0.0225199430764156,0.02327493019402027
22,24.04.2023,12,2023,True,0.0227812736856685,0.022084088996052742
22,25.04.2023,12,2023,True,0.0229342503426524,0.018920158967375755
22,26.04.2023,12,2023,True,0.0215594714572664,0.019877541810274124
22,27.04.2023,12,2023,True,0.0234620179769151,0.01966017670929432
22,28.04.2023,12,2023,True,0.0231938199585666,0.02124815806746483
22,01.05.2023,12,2023,True,0.0238564631335598,0.02062796987593174
22,02.05.2023,12,2023,True,0.0219115265520043,0.018746914342045784
22,03.05.2023,12,2023,True,0.0199371724734708,0.017365429550409317
22,04.05.2023,12,2023,True,0.0200131361145073,0.019662456586956978
22,05.05.2023,12,2023,True,0.0184468039806321,0.02190394699573517
22,08.05.2023,12,2023,True,0.0180240678572491,0.019023966044187546
22,09.05.2023,12,2023,True,0.0182386494669992,0.019013697281479836
22,10.05.2023,12,2023,True,0.0198902170101001,0.01938779279589653
22,11.05.2023,12,2023,True,0.020981530213953,0.020030463114380836
22,12.05.2023,12,2023,True,0.0210907620184259,0.021663060411810875
22,15.05.2023,12,2023,True,0.0220902097591133,0.018968366086483
22,16.05.2023,12,2023,True,0.0222115706408367,0.024964140728116035
22,17.05.2023,12,2023,True,0.0215277886636179,0.0231408029794693
22,18.05.2023,12,2023,True,0.0215757692531831,0.024919988587498665
22,19.05.2023,12,2023,True,0.0232077384845356,0.0216076523065567
22,22.05.2023,12,2023,True,0.0231726469204681,0.021296223625540733
22,23.05.2023,12,2023,True,0.0230457317642019,0.021662715822458267
22,24.05.2023,12,2023,True,0.0231095559960712,0.022966159507632256
22,25.05.2023,12,2023,True,0.0232187059881258,0.02107911743223667
22,26.05.2023,12,2023,True,0.0231388341866983,0.021355153992772102
22,30.05.2023,12,2023,True,0.0210263151722418,0.02142266370356083
22,31.05.2023,12,2023,True,0.0208538657453961,0.02045905776321888
22,01.06.2023,12,2023,True,0.0210822622601066,0.019790608435869217
22,02.06.2023,12,2023,True,0.0204415999912974,0.020110102370381355
22,05.06.2023,12,2023,True,0.0210763629642878,0.020575931295752525
22,06.06.2023,12,2023,True,0.0211643094430391,0.03128425404429436
22,07.06.2023,12,2023,True,0.0215767489306453,0.020496997982263565
22,08.06.2023,12,2023,True,0.0213856750613018,0.019500236958265305
22,09.06.2023,12,2023,True,0.0211676136211213,0.020408496260643005
22,12.06.2023,12,2023,True,0.0194489535815982,0.01952093280851841
22,13.06.2023,12,2023,True,0.0188862152061694,0.017972366884350777
22,14.06.2023,12,2023,True,0.0186345205848223,0.01819799467921257
22,15.06.2023,12,2023,True,0.0174697551197225,0.01917855627834797
22,16.06.2023,12,2023,True,0.0173231414404854,0.02095709554851055
22,20.06.2023,12,2023,True,0.0174614538385304,0.019454309716820717
22,21.06.2023,12,2023,True,0.0176431737114109,0.02240440808236599
22,22.06.2023,12,2023,True,0.0149047202265153,0.023245615884661674
22,23.06.2023,12,2023,True,0.015079692264944,0.022678643465042114
22,26.06.2023,12,2023,True,0.015243561400451,0.022675765678286552
22,27.06.2023,12,2023,True,0.0134676771204709,0.02168804407119751
22,28.06.2023,12,2023,True,0.0129328463336767,0.023094378411769867
22,29.06.2023,12,2023,True,0.0132774851167217,0.022540587931871414
22,30.06.2023,12,2023,True,0.0144106945743932,0.020908541977405548
22,03.07.2023,12,2023,True,0.0147959418403921,0.02023700810968876
22,05.07.2023,12,2023,True,0.0141711701681135,0.023720448836684227
22,06.07.2023,12,2023,True,0.0144998538332231,0.0212214607745409
22,07.07.2023,12,2023,True,0.0138328008545123,0.019818542525172234
22,10.07.2023,12,2023,True,0.013663049385961,0.02198834903538227
22,11.07.2023,12,2023,True,0.0137070125860064,0.019229706376791
22,12.07.2023,12,2023,True,0.0136624481961559,0.02057652175426483
22,13.07.2023,12,2023,True,0.0135736861477523,0.017633400857448578
22,14.07.2023,12,2023,True,0.0133614431662723,0.015528133139014244
22,17.07.2023,12,2023,True,0.0133476898903733,0.015113378874957561
22,18.07.2023,12,2023,True,0.0131552133214876,0.019403155893087387
22,19.07.2023,12,2023,True,0.0131637716422082,0.019991373643279076
22,20.07.2023,12,2023,True,0.0132473627396547,0.019505063071846962
22,21.07.2023,12,2023,True,0.0128973573627162,0.022561922669410706
22,24.07.2023,12,2023,True,0.012403110879553,0.01992192305624485
22,25.07.2023,12,2023,True,0.0121845462694473,0.015171191655099392
22,26.07.2023,12,2023,True,0.012355495143586,0.015060941688716412
22,27.07.2023,12,2023,True,0.011897328533569,0.014931034296751022
22,28.07.2023,12,2023,True,0.0120538236488698,0.013902281410992146
22,31.07.2023,12,2023,True,0.0120042978774648,0.013806027360260487
22,01.08.2023,12,2023,True,0.0121090691454845,0.01650298573076725
22,02.08.2023,12,2023,True,0.0117179951113208,0.013972991146147251
22,03.08.2023,12,2023,True,0.0112650031059135,0.013618222437798977
22,04.08.2023,12,2023,True,0.0110632735084573,0.013823666609823704
22,07.08.2023,12,2023,True,0.0109182274017995,0.013419884257018566
22,08.08.2023,12,2023,True,0.0108726718744491,0.013546430505812168
22,09.08.2023,12,2023,True,0.0104475519981917,0.013557087630033493
22,10.08.2023,12,2023,True,0.0103064107787143,0.014029189944267273
22,11.08.2023,12,2023,True,0.0103478683215413,0.014079788699746132
22,14.08.2023,12,2023,True,0.0107265530165851,0.014061462134122849
22,15.08.2023,12,2023,True,0.0098420906274665,0.020178651437163353
22,16.08.2023,12,2023,True,0.0085651772566612,0.019950566813349724
22,17.08.2023,12,2023,True,0.0086588950075788,0.019918838515877724
22,18.08.2023,12,2023,True,0.0091162068622506,0.019643697887659073
22,21.08.2023,12,2023,True,0.0090531900731698,0.019742451608181
22,22.08.2023,12,2023,True,0.0088664648381192,0.015270334668457508
22,23.08.2023,12,2023,True,0.0083243122615552,0.01491659414023161
22,24.08.2023,12,2023,True,0.0082985217738731,0.014752663671970367
22,25.08.2023,12,2023,True,0.0093810110357388,0.014997122809290886
22,28.08.2023,12,2023,True,0.0100702665634395,0.015360499732196331
22,29.08.2023,12,2023,True,0.010026998612041,0.016286280006170273
22,30.08.2023,12,2023,True,0.0153372834777247,0.015957316383719444
22,31.08.2023,12,2023,True,0.0152026440030065,0.015661824494600296
22,01.09.2023,12,2023,True,0.0193687722845591,0.015285808593034744
22,05.09.2023,12,2023,True,0.0193345629275546,0.015594791620969772
22,06.09.2023,12,2023,True,0.0193310990708583,0.01668071188032627
22,07.09.2023,12,2023,True,0.0214884751820163,0.016654277220368385
22,08.09.2023,12,2023,True,0.0214146239718779,0.016523754224181175
22,11.09.2023,12,2023,True,0.0218122360366209,0.016523754224181175
22,12.09.2023,12,2023,True,0.0214686453796243,0.015346281230449677
22,13.09.2023,12,2023,True,0.0248221649210404,0.015399409458041191
22,14.09.2023,12,2023,True,0.0245526533148331,0.014417438767850399
22,15.09.2023,12,2023,True,0.0245556369409957,0.01648581027984619
22,18.09.2023,12,2023,True,0.024869023276908,0.016560200601816177
22,19.09.2023,12,2023,True,0.0249796705122023,0.01458802167326212
22,20.09.2023,12,2023,True,0.0249238164937335,0.016410086303949356
22,21.09.2023,12,2023,True,0.0254851956084777,0.015730416402220726
22,22.09.2023,12,2023,True,0.025770536572527,0.015729157254099846
22,25.09.2023,12,2023,True,0.0263463029481849,0.01675553061068058
22,26.09.2023,12,2023,True,0.0267173525954776,0.01543533056974411
22,27.09.2023,12,2023,True,0.0267940548140453,0.015165676362812519
22,28.09.2023,12,2023,True,0.0275482827927616,0.017649004235863686
22,29.09.2023,12,2023,True,0.0275498821303965,0.016673468053340912
22,02.10.2023,12,2023,True,0.0264197539661282,0.018985524773597717
22,03.10.2023,12,2023,True,0.0271211238889912,0.014116472564637661
22,04.10.2023,12,2023,True,0.0246033014827405,0.016426008194684982
22,05.10.2023,12,2023,True,0.0242027126612306,0.016917243599891663
22,06.10.2023,12,2023,True,0.0258636256846257,0.01835048198699951
22,09.10.2023,12,2023,True,0.0244718321558384,0.017356008291244507
22,10.10.2023,12,2023,True,0.0245732522558827,0.018456382676959038
22,11.10.2023,12,2023,True,0.0246863870054366,0.019012553617358208
22,12.10.2023,12,2023,True,0.0248978451168117,0.01914478838443756
22,13.10.2023,12,2023,True,0.0213897065568391,0.018955830484628677
22,16.10.2023,12,2023,True,0.0214361183562219,0.026849471032619476
22,17.10.2023,12,2023,True,0.0232208176904787,0.021137909963726997
22,18.10.2023,12,2023,True,0.0248115702520002,0.019852161407470703
22,19.10.2023,12,2023,True,0.0252629442295056,0.026544714346528053
22,20.10.2023,12,2023,True,0.0252983760204304,0.043972961604595184
22,23.10.2023,12,2023,True,0.0248818809372874,0.0473039448261261
22,24.10.2023,12,2023,True,0.0248050693412323,0.03990780562162399
22,25.10.2023,12,2023,True,0.0240561202846233,0.03934663534164429
22,26.10.2023,12,2023,True,0.0242860506686515,0.04486142471432686
22,27.10.2023,12,2023,True,0.0236883587309733,0.043859053403139114
22,30.10.2023,12,2023,True,0.0227087651937275,0.04195793718099594
22,31.10.2023,12,2023,True,0.0247573480248378,0.025839002802968025
22,01.11.2023,12,2023,True,0.0240275408938579,0.02083009108901024
22,02.11.2023,12,2023,True,0.0231318560560717,0.021964672952890396
22,03.11.2023,12,2023,True,0.0239098275167502,0.022828759625554085
22,06.11.2023,12,2023,True,0.0238255353970281,0.0230904258787632
22,07.11.2023,12,2023,True,0.0232020283910743,0.02510075643658638
22,08.11.2023,12,2023,True,0.0226810388071064,0.023444173857569695
22,09.11.2023,12,2023,True,0.023808104887314,0.02415190078318119
22,10.11.2023,12,2023,True,0.0236585610272213,0.02397671900689602
22,13.11.2023,12,2023,True,0.0245756901377228,0.023416168987751007
22,14.11.2023,12,2023,True,0.0245747663368332,0.02417115680873394
22,15.11.2023,12,2023,True,0.0248226962977263,0.02156205289065838
22,16.11.2023,12,2023,True,0.0228935553042145,0.023238837718963623
22,17.11.2023,12,2023,True,0.0211901372130333,0.025415092706680298
22,20.11.2023,12,2023,True,0.0206445732357432,0.024848321452736855
22,21.11.2023,12,2023,True,0.0206375172444499,0.02336837537586689
22,22.11.2023,12,2023,True,0.021388376736611,0.02278137020766735
22,24.11.2023,12,2023,True,0.02141419502368,0.02386089786887169
22,27.11.2023,12,2023,True,0.0216202358493343,0.025523565709590912
22,28.11.2023,12,2023,True,0.0213121753783969,0.024667762219905853
22,29.11.2023,12,2023,True,0.0209859018057342,0.02312345802783966
22,30.11.2023,12,2023,True,0.0222573249556524,0.022886792197823524
22,01.12.2023,12,2023,True,0.0197870270231866,0.023550724610686302
22,04.12.2023,12,2023,True,0.0199249715498713,0.019773824140429497
22,05.12.2023,12,2023,True,0.0211345669069602,0.02075948193669319
22,06.12.2023,12,2023,True,0.0197648251281914,0.021079333499073982
22,07.12.2023,12,2023,True,0.0199067814975298,0.021712182089686394
22,08.12.2023,12,2023,True,0.019340702003589,0.021506983786821365
22,11.12.2023,12,2023,True,0.0194653756529334,0.020823845639824867
22,12.12.2023,12,2023,True,0.0174521025769769,0.02099347859621048
22,13.12.2023,12,2023,True,0.0173637398610036,0.02377920225262642
22,14.12.2023,12,2023,True,0.0164156206353523,0.026414012536406517
22,15.12.2023,12,2023,True,0.0165057046167272,0.025237631052732468
22,18.12.2023,12,2023,True,0.016545152834068,0.02185812219977379
22,19.12.2023,12,2023,True,0.0162653982630203,0.022389130666851997
22,20.12.2023,12,2023,True,0.0162692653760275,0.02151043340563774
22,21.12.2023,12,2023,True,0.0173831204712133,0.021357839927077293
22,22.12.2023,12,2023,True,0.0175086095834143,0.022519534453749657
22,26.12.2023,12,2023,True,0.0170876248399675,0.021499957889318466
22,27.12.2023,12,2023,True,0.0166081705586605,0.024266695603728294
22,28.12.2023,12,2023,True,0.0165185246225759,0.022158268839120865
22,29.12.2023,12,2023,True,0.0181194711180249,0.021020883694291115
66,03.01.2023,12,2023,True,0.0204085439916315,0.023671844974160194
66,04.01.2023,12,2023,True,0.0193709106616889,0.0242373775690794
66,05.01.2023,12,2023,True,0.0194701157775218,0.02561960555613041
66,06.01.2023,12,2023,True,0.0195647219835738,0.024575037881731987
66,09.01.2023,12,2023,True,0.0195052670698106,0.02400871552526951
66,10.01.2023,12,2023,True,0.0196412112543058,0.02276705391705036
66,11.01.2023,12,2023,True,0.0192621954616806,0.022514406591653824
66,12.01.2023,12,2023,True,0.0193131883040984,0.02258305624127388
66,13.01.2023,12,2023,True,0.0194523958010689,0.022677503526210785
66,17.01.2023,12,2023,True,0.0194486549787576,0.02295502834022045
66,18.01.2023,12,2023,True,0.0194789778289605,0.022544359788298607
66,19.01.2023,12,2023,True,0.0196098032804617,0.022862479090690613
66,20.01.2023,12,2023,True,0.0200247421158367,0.022959647700190544
66,23.01.2023,12,2023,True,0.0200415740024958,0.0227881520986557
66,24.01.2023,12,2023,True,0.0199554536725892,0.023135384544730186
66,25.01.2023,12,2023,True,0.0199560513013634,0.023833341896533966
66,26.01.2023,12,2023,True,0.0207817769685072,0.023030482232570648
66,27.01.2023,12,2023,True,0.0212929836798847,0.02312765084207058
66,30.01.2023,12,2023,True,0.0211849934799745,0.023122649639844894
66,31.01.2023,12,2023,True,0.0217544123692444,0.025197412818670273
66,01.02.2023,12,2023,True,0.0218375233333682,0.02516046352684498
66,02.02.2023,12,2023,True,0.0218348778418864,0.02506694383919239
66,03.02.2023,12,2023,True,0.021638338604485,0.023196732625365257
66,06.02.2023,12,2023,True,0.021683601820214,0.023803280666470528
66,07.02.2023,12,2023,True,0.021294011848489,0.020543254911899567
66,08.02.2023,12,2023,True,0.0212641062695281,0.021889807656407356
66,09.02.2023,12,2023,True,0.0212567637948914,0.021682357415556908
66,10.02.2023,12,2023,True,0.0213495797533254,0.025498775765299797
66,13.02.2023,12,2023,True,0.0213989211813461,0.025407306849956512
66,14.02.2023,12,2023,True,0.0213639176101084,0.02455199509859085
66,15.02.2023,12,2023,True,0.021382655953251,0.024393687024712563
66,16.02.2023,12,2023,True,0.0214408833456166,0.02422383613884449
66,17.02.2023,12,2023,True,0.021385181429329,0.020553840324282646
66,21.02.2023,12,2023,True,0.0216275028781129,0.025076143443584442
66,22.02.2023,12,2023,True,0.0213634622419033,0.026824306696653366
66,23.02.2023,12,2023,True,0.0218995904493751,0.026313642039895058
66,24.02.2023,12,2023,True,0.0218732542049083,0.024474114179611206
66,27.02.2023,12,2023,True,0.0220566792132978,0.024474114179611206
66,28.02.2023,12,2023,True,0.0221706495622346,0.022043710574507713
66,01.03.2023,12,2023,True,0.0221845914168928,0.02001361921429634
66,02.03.2023,12,2023,True,0.0221744282300619,0.023999696597456932
66,03.03.2023,12,2023,True,0.0221399543442809,0.025285260751843452
66,06.03.2023,12,2023,True,0.0221713419597615,0.024933908134698868
66,07.03.2023,12,2023,True,0.0218721097369705,0.018894316628575325
66,08.03.2023,12,2023,True,0.0223725375623151,0.02003987319767475
66,09.03.2023,12,2023,True,0.0227543480002493,0.01907242089509964
66,10.03.2023,12,2023,True,0.0227248265231359,0.020696349442005157
66,13.03.2023,12,2023,True,0.0229477685398536,0.02228572405874729
66,14.03.2023,12,2023,True,0.0224233204757398,0.023143820464611053
66,15.03.2023,12,2023,True,0.0215838314228159,0.028624476864933968
66,16.03.2023,12,2023,True,0.0216076222099061,0.029849611222743988
66,17.03.2023,12,2023,True,0.0219661571675395,0.029577014967799187
66,20.03.2023,12,2023,True,0.0219291134956414,0.030881494283676147
66,21.03.2023,12,2023,True,0.0217866523764819,0.028681611642241478
66,22.03.2023,12,2023,True,0.0218967619534767,0.027902573347091675
66,23.03.2023,12,2023,True,0.0220805030032677,0.026955220848321915
66,24.03.2023,12,2023,True,0.0220376653105049,0.02667909301817417
66,27.03.2023,12,2023,True,0.0214570533544544,0.027807986363768578
66,28.03.2023,12,2023,True,0.0214394883823142,0.02702963724732399
66,29.03.2023,12,2023,True,0.0216932172542623,0.025845563039183617
66,30.03.2023,12,2023,True,0.0216338328529756,0.025488389655947685
66,31.03.2023,12,2023,True,0.0218491263761715,0.02470003254711628
66,03.04.2023,12,2023,True,0.0204129695337048,0.024081027135252953
66,04.04.2023,12,2023,True,0.0206099922725894,0.023858482018113136
66,05.04.2023,12,2023,True,0.0206453629234411,0.022746793925762177
66,06.04.2023,12,2023,True,0.0207418044735283,0.022746793925762177
66,10.04.2023,12,2023,True,0.0208185771693255,0.021775927394628525
66,11.04.2023,12,2023,True,0.0207977107389198,0.022850925102829933
66,12.04.2023,12,2023,True,0.0207211525886006,0.022936534136533737
66,13.04.2023,12,2023,True,0.0206586300509846,0.023233549669384956
66,14.04.2023,12,2023,True,0.0206578487843292,0.02204163186252117
66,17.04.2023,12,2023,True,0.0206788077771228,0.02194446325302124
66,18.04.2023,12,2023,True,0.0208406822420299,0.02139107510447502
66,19.04.2023,12,2023,True,0.0207441187255364,0.021395009011030197
66,20.04.2023,12,2023,True,0.0205438716395053,0.022889358922839165
66,21.04.2023,12,2023,True,0.0206167144600132,0.02467745915055275
66,24.04.2023,12,2023,True,0.0205841354779547,0.022899365052580833
66,25.04.2023,12,2023,True,0.0203702046745597,0.022035276517271996
66,26.04.2023,12,2023,True,0.0197868091662774,0.0245682243257761
66,27.04.2023,12,2023,True,0.0199430244584686,0.024812256917357445
66,28.04.2023,12,2023,True,0.0200567732964197,0.024520283564925194
66,01.05.2023,12,2023,True,0.020102827386875,0.023056261241436005
66,02.05.2023,12,2023,True,0.019047954536782,0.0225798562169075
66,03.05.2023,12,2023,True,0.0183170301143339,0.02252582088112831
66,04.05.2023,12,2023,True,0.0183892461403756,0.023366235196590424
66,05.05.2023,12,2023,True,0.0179624282372,0.024183176457881927
66,08.05.2023,12,2023,True,0.0177847973053158,0.022806033492088318
66,09.05.2023,12,2023,True,0.0178107802246835,0.02167302370071411
66,10.05.2023,12,2023,True,0.0178389871512292,0.020195960998535156
66,11.05.2023,12,2023,True,0.0178088015760729,0.019492967054247856
66,12.05.2023,12,2023,True,0.0177566422780814,0.021323056891560555
66,15.05.2023,12,2023,True,0.0177073191181258,0.02155504748225212
66,16.05.2023,12,2023,True,0.0177060504206892,0.021865524351596832
66,17.05.2023,12,2023,True,0.0174426658796867,0.023145273327827454
66,18.05.2023,12,2023,True,0.0173880584444897,0.0232644435018301
66,19.05.2023,12,2023,True,0.0173764205353298,0.02320556715130806
66,22.05.2023,12,2023,True,0.0174313763240749,0.02310839854180813
66,23.05.2023,12,2023,True,0.0173927783048183,0.02292707748711109
66,24.05.2023,12,2023,True,0.0173014884221336,0.02292707748711109
66,25.05.2023,12,2023,True,0.0169341746165433,0.024355897679924965
66,26.05.2023,12,2023,True,0.0169539742803409,0.024850836023688316
66,30.05.2023,12,2023,True,0.0160287800168674,0.024166561663150787
66,31.05.2023,12,2023,True,0.0160092559315346,0.02281320095062256
66,01.06.2023,12,2023,True,0.0158408783811517,0.022455455735325813
66,02.06.2023,12,2023,True,0.0156598442534788,0.02293894998729229
66,05.06.2023,12,2023,True,0.0156624316707656,0.022364703938364983
66,06.06.2023,12,2023,True,0.0156340236883173,0.024080373346805573
66,07.06.2023,12,2023,True,0.0156981097008371,0.023620009422302246
66,08.06.2023,12,2023,True,0.0155872728580356,0.020969344303011894
66,09.06.2023,12,2023,True,0.0155489694617207,0.021785100921988487
66,12.06.2023,12,2023,True,0.0145614623828578,0.020017871633172035
66,13.06.2023,12,2023,True,0.0140893809473874,0.022381823509931564
66,14.06.2023,12,2023,True,0.0139130341611278,0.020322492346167564
66,15.06.2023,12,2023,True,0.0135022432588846,0.020520301535725594
66,16.06.2023,12,2023,True,0.0134711038525915,0.02032480016350746
66,20.06.2023,12,2023,True,0.0133900589363864,0.02021966688334942
66,21.06.2023,12,2023,True,0.0132979772299089,0.02361162379384041
66,22.06.2023,12,2023,True,0.0122104457588206,0.02315964736044407
66,23.06.2023,12,2023,True,0.0125128823420357,0.023609193041920662
66,26.06.2023,12,2023,True,0.01267159173738,0.023565594106912613
66,27.06.2023,12,2023,True,0.012118543602733,0.02419593557715416
66,28.06.2023,12,2023,True,0.0135550392556619,0.024723002687096596
66,29.06.2023,12,2023,True,0.0135546559690195,0.024689944460988045
66,30.06.2023,12,2023,True,0.0154750475803946,0.022363772615790367
66,03.07.2023,12,2023,True,0.0157092251918051,0.02133072353899479
66,05.07.2023,12,2023,True,0.0154149629158588,0.019581153988838196
66,06.07.2023,12,2023,True,0.0161698626372455,0.020008524879813194
66,07.07.2023,12,2023,True,0.0159384213030929,0.020340530201792717
66,10.07.2023,12,2023,True,0.0161211440629618,0.02056855894625187
66,11.07.2023,12,2023,True,0.0159213397471587,0.02482241578400135
66,12.07.2023,12,2023,True,0.0172363791670631,0.0236061979085207
66,13.07.2023,12,2023,True,0.0172577091889868,0.02194446325302124
66,14.07.2023,12,2023,True,0.0170770131015848,0.020238934084773064
66,17.07.2023,12,2023,True,0.0170174925521633,0.02020205929875374
66,18.07.2023,12,2023,True,0.0169762764719308,0.01817283034324646
66,19.07.2023,12,2023,True,0.0169772862011169,0.01817283034324646
66,20.07.2023,12,2023,True,0.0173200194548818,0.01817283034324646
66,21.07.2023,12,2023,True,0.0174044363687648,0.018209705129265785
66,24.07.2023,12,2023,True,0.0174538053696786,0.017023075371980667
66,25.07.2023,12,2023,True,0.0177017671954627,0.01985899731516838
66,26.07.2023,12,2023,True,0.0179884547474534,0.019793087616562843
66,27.07.2023,12,2023,True,0.0184131699123343,0.019784770905971527
66,28.07.2023,12,2023,True,0.0183842758727514,0.019784770905971527
66,31.07.2023,12,2023,True,0.0188021693217147,0.019594384357333183
66,01.08.2023,12,2023,True,0.0190486454134901,0.018866391852498055
66,02.08.2023,12,2023,True,0.0190925056287442,0.016763819381594658
66,03.08.2023,12,2023,True,0.0188844719582193,0.016829729080200195
66,04.08.2023,12,2023,True,0.0195340724414503,0.017043586820364
66,07.08.2023,12,2023,True,0.0197382050046233,0.016726944595575333
66,08.08.2023,12,2023,True,0.0197119738083904,0.016986200585961342
66,09.08.2023,12,2023,True,0.019735701012405,0.016915056854486465
66,10.08.2023,12,2023,True,0.019755006331512,0.017023075371980667
66,11.08.2023,12,2023,True,0.0197433556955323,0.01695193164050579
66,14.08.2023,12,2023,True,0.0198155166664033,0.016903139650821686
66,15.08.2023,12,2023,True,0.0205537557816967,0.01683199591934681
66,16.08.2023,12,2023,True,0.0210887239544052,0.016903139650821686
66,17.08.2023,12,2023,True,0.021229693746385,0.017023075371980667
66,18.08.2023,12,2023,True,0.0212053271554885,0.017023075371980667
66,21.08.2023,12,2023,True,0.0212117386762282,0.017023075371980667
66,22.08.2023,12,2023,True,0.0213019699689304,0.017955828458070755
66,23.08.2023,12,2023,True,0.0212884512102123,0.017955828458070755
66,24.08.2023,12,2023,True,0.0214528005411466,0.017955828458070755
66,25.08.2023,12,2023,True,0.0214961829268835,0.017955828458070755
66,28.08.2023,12,2023,True,0.0214993024872729,0.017955828458070755
66,29.08.2023,12,2023,True,0.0222505265601882,0.018217558041214943
66,30.08.2023,12,2023,True,0.0222706730061161,0.018146414309740067
66,31.08.2023,12,2023,True,0.0222389477311511,0.018070681020617485
66,01.09.2023,12,2023,True,0.0225272309239913,0.017370501533150673
66,05.09.2023,12,2023,True,0.0223971595308981,0.017370501533150673
66,06.09.2023,12,2023,True,0.0226132126256437,0.018392879515886307
66,07.09.2023,12,2023,True,0.0226139125445471,0.01774473488330841
66,08.09.2023,12,2023,True,0.0229749395166142,0.01751060038805008
66,11.09.2023,12,2023,True,0.0230679728011863,0.01751060038805008
66,12.09.2023,12,2023,True,0.0233396768314045,0.013845676556229591
66,13.09.2023,12,2023,True,0.0233407632734044,0.01372990570962429
66,14.09.2023,12,2023,True,0.0233194746007914,0.015546673908829689
66,15.09.2023,12,2023,True,0.0234292364450926,0.015546673908829689
66,18.09.2023,12,2023,True,0.0234324908634435,0.015546673908829689
66,19.09.2023,12,2023,True,0.0234321691372478,0.016275713220238686
66,20.09.2023,12,2023,True,0.0234208751920197,0.016474416479468346
66,21.09.2023,12,2023,True,0.0236646738902784,0.016474416479468346
66,22.09.2023,12,2023,True,0.0237405266008856,0.016474416479468346
66,25.09.2023,12,2023,True,0.0237965023500537,0.016474416479468346
66,26.09.2023,12,2023,True,0.0238327129266656,0.017514768987894058
66,27.09.2023,12,2023,True,0.0235749448896768,0.01735340803861618
66,28.09.2023,12,2023,True,0.0239227499555097,0.018876172602176666
66,29.09.2023,12,2023,True,0.0239304314781653,0.018809771165251732
66,02.10.2023,12,2023,True,0.0233168790247372,0.019878316670656204
66,03.10.2023,12,2023,True,0.0236383441349974,0.017829086631536484
66,04.10.2023,12,2023,True,0.0227578065181109,0.017847152426838875
66,05.10.2023,12,2023,True,0.0226611868741436,0.020560825243592262
66,06.10.2023,12,2023,True,0.0226717291432126,0.022633224725723267
66,09.10.2023,12,2023,True,0.0220958689762346,0.022199081256985664
66,10.10.2023,12,2023,True,0.022091551655897,0.023001406341791153
66,11.10.2023,12,2023,True,0.0219633237315478,0.028584608808159828
66,12.10.2023,12,2023,True,0.0220590934196978,0.028646791353821754
66,13.10.2023,12,2023,True,0.020903339529312,0.02928553707897663
66,16.10.2023,12,2023,True,0.0210123934556579,0.02923315204679966
66,17.10.2023,12,2023,True,0.0210125223658691,0.027364088222384453
66,18.10.2023,12,2023,True,0.0208957377102703,0.02830449491739273
66,19.10.2023,12,2023,True,0.0212058376728025,0.02919493056833744
66,20.10.2023,12,2023,True,0.0212881920200228,0.03640568628907204
66,23.10.2023,12,2023,True,0.0211319488769239,0.03492875397205353
66,24.10.2023,12,2023,True,0.0210215960220957,0.03454367071390152
66,25.10.2023,12,2023,True,0.0208653177532833,0.033918436616659164
66,26.10.2023,12,2023,True,0.0211427252746017,0.03618510067462921
66,27.10.2023,12,2023,True,0.0208878835687455,0.03525600582361221
66,30.10.2023,12,2023,True,0.0205489526834414,0.03540641814470291
66,31.10.2023,12,2023,True,0.0205810089659891,0.025662070140242577
66,01.11.2023,12,2023,True,0.0202502484023989,0.02530638687312603
66,02.11.2023,12,2023,True,0.020342473711209,0.02493259869515896
66,03.11.2023,12,2023,True,0.0201784917582811,0.0243899617344141
66,06.11.2023,12,2023,True,0.0201737725666915,0.025074873119592667
66,07.11.2023,12,2023,True,0.0195042124506729,0.022536039352416992
66,08.11.2023,12,2023,True,0.019320236684158,0.023031404241919518
66,09.11.2023,12,2023,True,0.0193963058856672,0.023031404241919518
66,10.11.2023,12,2023,True,0.0192983408239608,0.02290147915482521
66,13.11.2023,12,2023,True,0.0193055871082811,0.023023800924420357
66,14.11.2023,12,2023,True,0.0193329213843551,0.025579355657100677
66,15.11.2023,12,2023,True,0.0192520876085133,0.02543078176677227
66,16.11.2023,12,2023,True,0.0185761038454473,0.025564825162291527
66,17.11.2023,12,2023,True,0.0179555560979457,0.02667992375791073
66,20.11.2023,12,2023,True,0.0178462212640099,0.025334376841783524
66,21.11.2023,12,2023,True,0.0178454490130886,0.023357568308711052
66,22.11.2023,12,2023,True,0.01782915431231,0.023992937058210373
66,24.11.2023,12,2023,True,0.0176986371357018,0.025416456162929535
66,27.11.2023,12,2023,True,0.0177104150434034,0.02624613046646118
66,28.11.2023,12,2023,True,0.0175623653889845,0.026614738628268242
66,29.11.2023,12,2023,True,0.0174866673350996,0.026052074506878853
66,30.11.2023,12,2023,True,0.0174820104383919,0.025769883766770363
66,01.12.2023,12,2023,True,0.016439907338104,0.02430788427591324
66,04.12.2023,12,2023,True,0.0163779442801575,0.023501809686422348
66,05.12.2023,12,2023,True,0.0163243268504219,0.02363782748579979
66,06.12.2023,12,2023,True,0.0158483449375197,0.022652946412563324
66,07.12.2023,12,2023,True,0.0159345704579031,0.023048443719744682
66,08.12.2023,12,2023,True,0.0157052982811751,0.022811254486441612
66,11.12.2023,12,2023,True,0.0158314835596371,0.023054469376802444
66,12.12.2023,12,2023,True,0.0150502638182405,0.021927684545516968
66,13.12.2023,12,2023,True,0.0151670045534554,0.0236092209815979
66,14.12.2023,12,2023,True,0.0147366128267572,0.02323027513921261
66,15.12.2023,12,2023,True,0.0147508353004302,0.02140834927558899
66,18.12.2023,12,2023,True,0.0147068652643649,0.022076258435845375
66,19.12.2023,12,2023,True,0.0146188773572344,0.024000786244869232
66,20.12.2023,12,2023,True,0.0146123216265731,0.022523900493979454
66,21.12.2023,12,2023,True,0.0147113790281443,0.022426731884479523
66,22.12.2023,12,2023,True,0.0146978454478442,0.022426731884479523
66,26.12.2023,12,2023,True,0.014534032202728,0.02151694893836975
66,27.12.2023,12,2023,True,0.0143424154863403,0.02270863950252533
66,28.12.2023,12,2023,True,0.0142534083138144,0.020645499229431152
66,29.12.2023,12,2023,True,0.0140474823799801,0.022545767948031425
126,03.01.2023,12,2023,True,0.0206667410437392,0.023984549567103386
126,04.01.2023,12,2023,True,0.0202429804395313,0.024489952251315117
126,05.01.2023,12,2023,True,0.0202392373151631,0.026056433096528053
126,06.01.2023,12,2023,True,0.0203323279649401,0.024765700101852417
126,09.01.2023,12,2023,True,0.0203113621875484,0.024477599188685417
126,10.01.2023,12,2023,True,0.0203519521927018,0.024089515209197998
126,11.01.2023,12,2023,True,0.0202211844265255,0.024089515209197998
126,12.01.2023,12,2023,True,0.0202223207374922,0.024217000231146812
126,13.01.2023,12,2023,True,0.0202194954116529,0.024148035794496536
126,17.01.2023,12,2023,True,0.0202071219252996,0.024148035794496536
126,18.01.2023,12,2023,True,0.0201871518509467,0.024050472304224968
126,19.01.2023,12,2023,True,0.0202130029324882,0.024050472304224968
126,20.01.2023,12,2023,True,0.0202392708529053,0.024050472304224968
126,23.01.2023,12,2023,True,0.0202551471269099,0.024050472304224968
126,24.01.2023,12,2023,True,0.0201615052363508,0.023602718487381935
126,25.01.2023,12,2023,True,0.0202124304384591,0.023613162338733673
126,26.01.2023,12,2023,True,0.0201795395104967,0.023602718487381935
126,27.01.2023,12,2023,True,0.0201722825776812,0.023544197902083397
126,30.01.2023,12,2023,True,0.0201004617848679,0.023602718487381935
126,31.01.2023,12,2023,True,0.02017764306014,0.02502737008035183
126,01.02.2023,12,2023,True,0.0202050307666478,0.024958405643701553
126,02.02.2023,12,2023,True,0.0202220983375812,0.024874798953533173
126,03.02.2023,12,2023,True,0.0200906625127008,0.02467101253569126
126,06.02.2023,12,2023,True,0.0200760838889342,0.02445283718407154
126,07.02.2023,12,2023,True,0.0199143171146471,0.02326737903058529
126,08.02.2023,12,2023,True,0.0198970132940854,0.023627176880836487
126,09.02.2023,12,2023,True,0.019890997078162,0.02355821244418621
126,10.02.2023,12,2023,True,0.0198032321433656,0.024674706161022186
126,13.02.2023,12,2023,True,0.019849323199747,0.024802191182971
126,14.02.2023,12,2023,True,0.0198790711113203,0.023809168487787247
126,15.02.2023,12,2023,True,0.0198914945813407,0.023809168487787247
126,16.02.2023,12,2023,True,0.0199032600180172,0.023809168487787247
126,17.02.2023,12,2023,True,0.0197753986334379,0.023141631856560707
126,21.02.2023,12,2023,True,0.019780861414107,0.023878132924437523
126,22.02.2023,12,2023,True,0.0196169004978324,0.024941787123680115
126,23.02.2023,12,2023,True,0.0195389742785095,0.02501075156033039
126,24.02.2023,12,2023,True,0.0195483228043541,0.024883266538381577
126,27.02.2023,12,2023,True,0.0195328731876842,0.024883266538381577
126,28.02.2023,12,2023,True,0.0195042726067608,0.02355821244418621
126,01.03.2023,12,2023,True,0.0195030235033753,0.023336855694651604
126,02.03.2023,12,2023,True,0.0195245110037242,0.024733226746320724
126,03.03.2023,12,2023,True,0.0195670879489332,0.02458997257053852
126,06.03.2023,12,2023,True,0.0196190187833633,0.024415044113993645
126,07.03.2023,12,2023,True,0.0193798413818887,0.020644690841436386
126,08.03.2023,12,2023,True,0.0193796415175688,0.021557610481977463
126,09.03.2023,12,2023,True,0.0193515222747106,0.020663930103182793
126,10.03.2023,12,2023,True,0.0193128394215688,0.022578144446015358
126,13.03.2023,12,2023,True,0.0192229220062369,0.02341741882264614
126,14.03.2023,12,2023,True,0.0188332417608086,0.024394316598773003
126,15.03.2023,12,2023,True,0.0183342661625395,0.026487722992897034
126,16.03.2023,12,2023,True,0.0183041929652558,0.026915254071354866
126,17.03.2023,12,2023,True,0.0181655765332947,0.02684628963470459
126,20.03.2023,12,2023,True,0.0181489435156316,0.026915254071354866
126,21.03.2023,12,2023,True,0.018095993114955,0.02656739577651024
126,22.03.2023,12,2023,True,0.0180402539580654,0.026636360213160515
126,23.03.2023,12,2023,True,0.0180100754278741,0.026365043595433235
126,24.03.2023,12,2023,True,0.0179677324300151,0.026365043595433235
126,27.03.2023,12,2023,True,0.0176276884681429,0.026625916361808777
126,28.03.2023,12,2023,True,0.0177701821220427,0.025950871407985687
126,29.03.2023,12,2023,True,0.0178039828191126,0.025441281497478485
126,30.03.2023,12,2023,True,0.0177776561809762,0.024909837171435356
126,31.03.2023,12,2023,True,0.018341538388136,0.024899885058403015
126,03.04.2023,12,2023,True,0.0174865213238842,0.024899885058403015
126,04.04.2023,12,2023,True,0.0182437518145343,0.024158479645848274
126,05.04.2023,12,2023,True,0.0183354330952946,0.024089515209197998
126,06.04.2023,12,2023,True,0.0183430368162616,0.024089515209197998
126,10.04.2023,12,2023,True,0.0186821187701611,0.023166801780462265
126,11.04.2023,12,2023,True,0.018630890321852,0.02352769300341606
126,12.04.2023,12,2023,True,0.018641941364035,0.022759081795811653
126,13.04.2023,12,2023,True,0.0185994685241064,0.02268027886748314
126,14.04.2023,12,2023,True,0.019240206430114,0.02196011133491993
126,17.04.2023,12,2023,True,0.0192103607303609,0.02196011133491993
126,18.04.2023,12,2023,True,0.0192114663795395,0.021091220900416374
126,19.04.2023,12,2023,True,0.0191862587234657,0.021636035293340683
126,20.04.2023,12,2023,True,0.019065996297026,0.023225322365760803
126,21.04.2023,12,2023,True,0.019061128945519,0.024217000231146812
126,24.04.2023,12,2023,True,0.0191759040488888,0.023829853162169456
126,25.04.2023,12,2023,True,0.0191364447557939,0.02352769300341606
126,26.04.2023,12,2023,True,0.018906673514733,0.02488524280488491
126,27.04.2023,12,2023,True,0.0190341720185735,0.02496884949505329
126,28.04.2023,12,2023,True,0.0191537921002299,0.024899885058403015
126,01.05.2023,12,2023,True,0.0194043963313762,0.024899885058403015
126,02.05.2023,12,2023,True,0.018825928689615,0.02399195171892643
126,03.05.2023,12,2023,True,0.0186945824492899,0.023835737258195877
126,04.05.2023,12,2023,True,0.0188229225671923,0.024060916155576706
126,05.05.2023,12,2023,True,0.0186585548814006,0.024216387420892715
126,08.05.2023,12,2023,True,0.0185598418093311,0.024060916155576706
126,09.05.2023,12,2023,True,0.0189566730746504,0.02388535812497139
126,10.05.2023,12,2023,True,0.0190597482953456,0.023112230002880096
126,11.05.2023,12,2023,True,0.0189876547955118,0.021231088787317276
126,12.05.2023,12,2023,True,0.0190204381191343,0.023889141157269478
126,15.05.2023,12,2023,True,0.019015549666522,0.023889141157269478
126,16.05.2023,12,2023,True,0.0190106524748547,0.023523729294538498
126,17.05.2023,12,2023,True,0.0189200443016973,0.023841911926865578
126,18.05.2023,12,2023,True,0.0193508867745727,0.023852355778217316
126,19.05.2023,12,2023,True,0.0196762029040964,0.02378339134156704
126,22.05.2023,12,2023,True,0.0197560375444055,0.02378339134156704
126,23.05.2023,12,2023,True,0.0197337849825915,0.02392667904496193
126,24.05.2023,12,2023,True,0.0196678434484359,0.023829853162169456
126,25.05.2023,12,2023,True,0.0195745413472768,0.024224743247032166
126,26.05.2023,12,2023,True,0.0195718820708434,0.024235187098383904
126,30.05.2023,12,2023,True,0.0192238567774869,0.024166222661733627
126,31.05.2023,12,2023,True,0.0192439374941907,0.023852355778217316
126,01.06.2023,12,2023,True,0.019155019039559,0.02378339134156704
126,02.06.2023,12,2023,True,0.0195409156567846,0.023852355778217316
126,05.06.2023,12,2023,True,0.0195547202758209,0.023852355778217316
126,06.06.2023,12,2023,True,0.0195721839502491,0.02390834502875805
126,07.06.2023,12,2023,True,0.019852852753731,0.02382529340684414
126,08.06.2023,12,2023,True,0.0198222611865582,0.02162596955895424
126,09.06.2023,12,2023,True,0.0198893760468509,0.02350711077451706
126,12.06.2023,12,2023,True,0.0195573465423918,0.021396899595856667
126,13.06.2023,12,2023,True,0.0196180038598805,0.02385459840297699
126,14.06.2023,12,2023,True,0.0196124532278659,0.02031879872083664
126,15.06.2023,12,2023,True,0.0195858680786038,0.020707327872514725
126,16.06.2023,12,2023,True,0.0195550866468767,0.02031879872083664
126,20.06.2023,12,2023,True,0.0196033280314245,0.020249834284186363
126,21.06.2023,12,2023,True,0.0196055444617857,0.023977171629667282
126,22.06.2023,12,2023,True,0.0192859496343296,0.022062957286834717
126,23.06.2023,12,2023,True,0.0192859086159809,0.02404613606631756
126,26.06.2023,12,2023,True,0.019287073619016,0.024581702426075935
126,27.06.2023,12,2023,True,0.0192587625836138,0.024899885058403015
126,28.06.2023,12,2023,True,0.0192149265406241,0.02496884949505329
126,29.06.2023,12,2023,True,0.0192683446400432,0.02496884949505329
126,30.06.2023,12,2023,True,0.0193225511856253,0.024678528308868408
126,03.07.2023,12,2023,True,0.019367867582838,0.022062957286834717
126,05.07.2023,12,2023,True,0.0194168694985184,0.02129543013870716
126,06.07.2023,12,2023,True,0.0194314331624049,0.021422915160655975
126,07.07.2023,12,2023,True,0.019347301429212,0.023170750588178635
126,10.07.2023,12,2023,True,0.01956510716566,0.022635184228420258
126,11.07.2023,12,2023,True,0.019542796476234,0.024899885058403015
126,12.07.2023,12,2023,True,0.0195459829415575,0.022054161876440048
126,13.07.2023,12,2023,True,0.0195085660879774,0.02196011133491993
126,14.07.2023,12,2023,True,0.0194680556539224,0.02095881663262844
126,17.07.2023,12,2023,True,0.019407093696409,0.02095881663262844
126,18.07.2023,12,2023,True,0.0193698426638074,0.020031310617923737
126,19.07.2023,12,2023,True,0.0194195047587209,0.02004874125123024
126,20.07.2023,12,2023,True,0.019427842966135,0.02004874125123024
126,21.07.2023,12,2023,True,0.0194363329130336,0.01996919885277748
126,24.07.2023,12,2023,True,0.0193567432326003,0.01908126287162304
126,25.07.2023,12,2023,True,0.0193397019620063,0.020615167915821075
126,26.07.2023,12,2023,True,0.0195057026473885,0.020625745877623558
126,27.07.2023,12,2023,True,0.0194918438363586,0.02061784826219082
126,28.07.2023,12,2023,True,0.019513679643094,0.01996169425547123
126,31.07.2023,12,2023,True,0.0195110500951192,0.01996169425547123
126,01.08.2023,12,2023,True,0.0195391064095938,0.01996169425547123
126,02.08.2023,12,2023,True,0.0197391189353931,0.01908126287162304
126,03.08.2023,12,2023,True,0.0196839582029877,0.019150227308273315
126,04.08.2023,12,2023,True,0.0196637605859579,0.019150227308273315
126,07.08.2023,12,2023,True,0.0196586819765362,0.01908126287162304
126,08.08.2023,12,2023,True,0.0196516940297895,0.01908126287162304
126,09.08.2023,12,2023,True,0.0197877254265659,0.01908126287162304
126,10.08.2023,12,2023,True,0.0197656812414369,0.01908126287162304
126,11.08.2023,12,2023,True,0.0197610183922584,0.01908126287162304
126,14.08.2023,12,2023,True,0.0197715171073418,0.0189118143171072
126,15.08.2023,12,2023,True,0.0197645065743192,0.0189118143171072
126,16.08.2023,12,2023,True,0.019755213779053,0.0189118143171072
126,17.08.2023,12,2023,True,0.0197531430813059,0.01908126287162304
126,18.08.2023,12,2023,True,0.0197763285452484,0.01908126287162304
126,21.08.2023,12,2023,True,0.0197880688440754,0.01908126287162304
126,22.08.2023,12,2023,True,0.0197951576254512,0.01921793818473816
126,23.08.2023,12,2023,True,0.0198992268794075,0.01921793818473816
126,24.08.2023,12,2023,True,0.0199237048265385,0.01921793818473816
126,25.08.2023,12,2023,True,0.0199244270742012,0.019318999722599983
126,28.08.2023,12,2023,True,0.019924383343799,0.01921793818473816
126,29.08.2023,12,2023,True,0.0198919568265811,0.01826200634241104
126,30.08.2023,12,2023,True,0.0198879405682672,0.01826200634241104
126,31.08.2023,12,2023,True,0.0198748509901715,0.01807418093085289
126,01.09.2023,12,2023,True,0.0198114770577724,0.016857605427503586
126,05.09.2023,12,2023,True,0.0197789364234755,0.01666533574461937
126,06.09.2023,12,2023,True,0.0197694681316114,0.018998945131897926
126,07.09.2023,12,2023,True,0.0197800898323901,0.018387844786047935
126,08.09.2023,12,2023,True,0.0197653979757211,0.01819557510316372
126,11.09.2023,12,2023,True,0.0197668290906163,0.01819557510316372
126,12.09.2023,12,2023,True,0.0198516732401415,0.014785298146307468
126,13.09.2023,12,2023,True,0.0199098732558821,0.014785298146307468
126,14.09.2023,12,2023,True,0.019827129755991,0.01740596815943718
126,15.09.2023,12,2023,True,0.0198954283562402,0.01752377860248089
126,18.09.2023,12,2023,True,0.0198961975257224,0.01752377860248089
126,19.09.2023,12,2023,True,0.019946454633661,0.01809808611869812
126,20.09.2023,12,2023,True,0.0199342250454668,0.01875424012541771
126,21.09.2023,12,2023,True,0.0199359105578622,0.018833782523870468
126,22.09.2023,12,2023,True,0.0199869995359058,0.01905425824224949
126,25.09.2023,12,2023,True,0.0199922393807692,0.01892499066889286
126,26.09.2023,12,2023,True,0.0199803044695484,0.0189827773720026
126,27.09.2023,12,2023,True,0.0198800823441343,0.01911204494535923
126,28.09.2023,12,2023,True,0.0198536641992953,0.019986465573310852
126,29.09.2023,12,2023,True,0.0199162145043328,0.01966220699250698
126,02.10.2023,12,2023,True,0.0194308287444779,0.020014990121126175
126,03.10.2023,12,2023,True,0.0194729930385042,0.020608630031347275
126,04.10.2023,12,2023,True,0.018773886595153,0.020923307165503502
126,05.10.2023,12,2023,True,0.0186978058968354,0.023747805505990982
126,06.10.2023,12,2023,True,0.0187180002777024,0.024226302281022072
126,09.10.2023,12,2023,True,0.0183835412321141,0.024157337844371796
126,10.10.2023,12,2023,True,0.0183913899848252,0.02461438626050949
126,11.10.2023,12,2023,True,0.0183040564996638,0.02649000845849514
126,12.10.2023,12,2023,True,0.0183074083438163,0.026558972895145416
126,13.10.2023,12,2023,True,0.0176304357128845,0.02649000845849514
126,16.10.2023,12,2023,True,0.0178008558120678,0.027100369334220886
126,17.10.2023,12,2023,True,0.0177995673645468,0.02649000845849514
126,18.10.2023,12,2023,True,0.017728262154004,0.02649000845849514
126,19.10.2023,12,2023,True,0.0177076041294154,0.02703140489757061
126,20.10.2023,12,2023,True,0.0177688020888074,0.027619747444987297
126,23.10.2023,12,2023,True,0.0176275812665895,0.026673320680856705
126,24.10.2023,12,2023,True,0.0175675647582065,0.026617493480443954
126,25.10.2023,12,2023,True,0.0174524438078117,0.02649000845849514
126,26.10.2023,12,2023,True,0.0173472511574217,0.027540994808077812
126,27.10.2023,12,2023,True,0.0171649745681349,0.026747429743409157
126,30.10.2023,12,2023,True,0.0175095414370971,0.027920275926589966
126,31.10.2023,12,2023,True,0.0175117521271814,0.025157306343317032
126,01.11.2023,12,2023,True,0.0172910811530705,0.024899885058403015
126,02.11.2023,12,2023,True,0.0171374613627497,0.02496884949505329
126,03.11.2023,12,2023,True,0.0170187965717627,0.02496884949505329
126,06.11.2023,12,2023,True,0.0170221476753812,0.02496884949505329
126,07.11.2023,12,2023,True,0.0165881389004346,0.02378339134156704
126,08.11.2023,12,2023,True,0.0164681647245645,0.023852355778217316
126,09.11.2023,12,2023,True,0.0164710166471378,0.023852355778217316
126,10.11.2023,12,2023,True,0.0164327608544007,0.02378339134156704
126,13.11.2023,12,2023,True,0.0163948126544592,0.02378339134156704
126,14.11.2023,12,2023,True,0.0164041290136011,0.023975826799869537
126,15.11.2023,12,2023,True,0.016358991383958,0.023975826799869537
126,16.11.2023,12,2023,True,0.0157921825661046,0.024034347385168076
126,17.11.2023,12,2023,True,0.0154104843934935,0.024044791236519814
126,20.11.2023,12,2023,True,0.0153341811774433,0.024044791236519814
126,21.11.2023,12,2023,True,0.0153446310501887,0.02496884949505329
126,22.11.2023,12,2023,True,0.0153582573434472,0.024899885058403015
126,24.11.2023,12,2023,True,0.0154449478985528,0.024899885058403015
126,27.11.2023,12,2023,True,0.0154446055727046,0.024909837171435356
126,28.11.2023,12,2023,True,0.0154486282584494,0.025146862491965294
126,29.11.2023,12,2023,True,0.0153731058652128,0.02502737008035183
126,30.11.2023,12,2023,True,0.0157912720243028,0.024899885058403015
126,01.12.2023,12,2023,True,0.0152108272032784,0.024958405643701553
126,04.12.2023,12,2023,True,0.0152148097566034,0.024158479645848274
126,05.12.2023,12,2023,True,0.0152717558383722,0.024089515209197998
126,06.12.2023,12,2023,True,0.0148777311896073,0.024089515209197998
126,07.12.2023,12,2023,True,0.0150309426851331,0.024158479645848274
126,08.12.2023,12,2023,True,0.0148892999813665,0.024089515209197998
126,11.12.2023,12,2023,True,0.0149040025524189,0.024158479645848274
126,12.12.2023,12,2023,True,0.0145073638919081,0.02346520870923996
126,13.12.2023,12,2023,True,0.0144629449865454,0.023852355778217316
126,14.12.2023,12,2023,True,0.0143043325321793,0.02378339134156704
126,15.12.2023,12,2023,True,0.0143433662849891,0.0215742290019989
126,18.12.2023,12,2023,True,0.0142632109460586,0.02346520870923996
126,19.12.2023,12,2023,True,0.0142053237330959,0.023432156071066856
126,20.12.2023,12,2023,True,0.0142172133557571,0.02289225533604622
126,21.12.2023,12,2023,True,0.0142538893250926,0.02289225533604622
126,22.12.2023,12,2023,True,0.014249347113902,0.02298908121883869
126,26.12.2023,12,2023,True,0.0141268138161365,0.020373510196805
126,27.12.2023,12,2023,True,0.0140322616453145,0.022356688976287842
126,28.12.2023,12,2023,True,0.0139535039561815,0.02362055517733097
126,29.12.2023,12,2023,True,0.0138653100329523,0.02378339134156704
5,02.01.2024,13,2024,True,0.0258054822145162,0.02100304700434208
5,03.01.2024,13,2024,True,0.0215568202641957,0.019866734743118286
5,04.01.2024,13,2024,True,0.0219004517498587,0.020618494600057602
5,05.01.2024,13,2024,True,0.0213084852353616,0.020233476534485817
5,08.01.2024,13,2024,True,0.0112131109021047,0.019138110801577568
5,09.01.2024,13,2024,True,0.0089426625374633,0.026926537975668907
5,10.01.2024,13,2024,True,0.0084468579849992,0.027604997158050537
5,11.01.2024,13,2024,True,0.0100048471580564,0.03002888150513172
5,12.01.2024,13,2024,True,0.011977776310578,0.02714879997074604
5,16.01.2024,13,2024,True,0.012881065315661,0.029419299215078354
5,17.01.2024,13,2024,True,0.0119908544281166,0.021753795444965363
5,18.01.2024,13,2024,True,0.0158809486267291,0.022746508941054344
5,19.01.2024,13,2024,True,0.0134688238577828,0.022492701187729836
5,22.01.2024,13,2024,True,0.0169742142336101,0.02233266271650791
5,23.01.2024,13,2024,True,0.0156176569428138,0.017179572954773903
5,24.01.2024,13,2024,True,0.0186126764915043,0.017322298139333725
5,25.01.2024,13,2024,True,0.0199072353614607,0.01656864769756794
5,26.01.2024,13,2024,True,0.015356486944979,0.020205171778798103
5,29.01.2024,13,2024,True,0.0188104107046998,0.017814751714468002
5,30.01.2024,13,2024,True,0.0192640116592454,0.01867242157459259
5,31.01.2024,13,2024,True,0.0207167348230667,0.019098922610282898
5,01.02.2024,13,2024,True,0.0168784882809725,0.01999957673251629
5,02.02.2024,13,2024,True,0.0100261747940156,0.018746765330433846
5,05.02.2024,13,2024,True,0.0119944928616919,0.01989179290831089
5,06.02.2024,13,2024,True,0.0119350475725745,0.017071017995476723
5,07.02.2024,13,2024,True,0.0163635157922588,0.015608368441462517
5,08.02.2024,13,2024,True,0.0115346801132796,0.012748691253364086
5,09.02.2024,13,2024,True,0.0115782564425437,0.014081176370382309
5,12.02.2024,13,2024,True,0.0137930433755538,0.014813908375799656
5,13.02.2024,13,2024,True,0.0136448990256748,0.016065064817667007
5,14.02.2024,13,2024,True,0.0109255665660342,0.01669812761247158
5,15.02.2024,13,2024,True,0.0153138617588775,0.016432540491223335
5,16.02.2024,13,2024,True,0.0160234686214918,0.015702927485108376
5,20.02.2024,13,2024,True,0.0158014485752921,0.014551624655723572
5,21.02.2024,13,2024,True,0.0155475133539858,0.01876210607588291
5,22.02.2024,13,2024,True,0.0151702525331849,0.01602303609251976
5,23.02.2024,13,2024,True,0.007013133406958,0.016555367037653923
5,26.02.2024,13,2024,True,0.0080966040078043,0.016701355576515198
5,27.02.2024,13,2024,True,0.0047995792032772,0.019191516563296318
5,28.02.2024,13,2024,True,0.008321338287503,0.01889558881521225
5,29.02.2024,13,2024,True,0.008349260004213,0.018065480515360832
5,01.03.2024,13,2024,True,0.0092385483213127,0.019412638619542122
5,04.03.2024,13,2024,True,0.0088795935307197,0.015110419131815434
5,05.03.2024,13,2024,True,0.0079474218359359,0.017110537737607956
5,06.03.2024,13,2024,True,0.0136252664053409,0.016053978353738785
5,07.03.2024,13,2024,True,0.0147802727682528,0.013064099475741386
5,08.03.2024,13,2024,True,0.0125335441745528,0.012773886322975159
5,11.03.2024,13,2024,True,0.0126507647621997,0.012835836037993431
5,12.03.2024,13,2024,True,0.0104848904481924,0.012645785696804523
5,13.03.2024,13,2024,True,0.0141054491333633,0.014804687350988388
5,14.03.2024,13,2024,True,0.0125413907110362,0.01631288044154644
5,15.03.2024,13,2024,True,0.0127308608781814,0.01646343246102333
5,18.03.2024,13,2024,True,0.011822811828639,0.015540236607193947
5,19.03.2024,13,2024,True,0.0114841193509543,0.014988751150667667
5,20.03.2024,13,2024,True,0.0085450294153654,0.015699926763772964
5,21.03.2024,13,2024,True,0.0108189853099513,0.01551477424800396
5,22.03.2024,13,2024,True,0.010282673881252,0.014410823583602905
5,25.03.2024,13,2024,True,0.0107381857211561,0.014379408210515976
5,26.03.2024,13,2024,True,0.008997255110273,0.014560992829501629
5,27.03.2024,13,2024,True,0.0078359043253663,0.014490772038698196
5,28.03.2024,13,2024,True,0.0072999442239828,0.01539578102529049
5,01.04.2024,13,2024,True,0.0101002406980024,0.01583588495850563
5,02.04.2024,13,2024,True,0.0105844859147706,0.012707378715276718
5,03.04.2024,13,2024,True,0.0116020143723166,0.01351289451122284
5,04.04.2024,13,2024,True,0.0101050545811301,0.014004591852426529
5,05.04.2024,13,2024,True,0.010554870282056,0.014289329759776592
5,08.04.2024,13,2024,True,0.0099443369885481,0.015568964183330536
5,09.04.2024,13,2024,True,0.0082960305619001,0.016529111191630363
5,10.04.2024,13,2024,True,0.0144576405445757,0.016032442450523376
5,11.04.2024,13,2024,True,0.0146084044949107,0.0165715254843235
5,12.04.2024,13,2024,True,0.0134146379529365,0.01613028533756733
5,15.04.2024,13,2024,True,0.0134499547265859,0.017883481457829475
5,16.04.2024,13,2024,True,0.0170717521907732,0.020745694637298584
5,17.04.2024,13,2024,True,0.0084911864860151,0.019608011469244957
5,18.04.2024,13,2024,True,0.0090828910836417,0.01864239014685154
5,19.04.2024,13,2024,True,0.0089994466090762,0.015347217209637165
5,22.04.2024,13,2024,True,0.0116176341084687,0.015831679105758667
5,23.04.2024,13,2024,True,0.0094630846340109,0.014609300531446934
5,24.04.2024,13,2024,True,0.0246927334635698,0.013026567175984383
5,25.04.2024,13,2024,True,0.0230594428660824,0.015316203236579895
5,26.04.2024,13,2024,True,0.0211152527956203,0.014383361674845219
5,29.04.2024,13,2024,True,0.0229354897382448,0.013922340236604214
5,30.04.2024,13,2024,True,0.0232591336763714,0.013542231172323227
5,01.05.2024,13,2024,True,0.0056787054236997,0.013719962909817696
5,02.05.2024,13,2024,True,0.0057783285934369,0.013303468003869057
5,03.05.2024,13,2024,True,0.0076228562521582,0.012295588850975037
5,06.05.2024,13,2024,True,0.008070336871057,0.013401142321527004
5,07.05.2024,13,2024,True,0.009727123514694,0.013012384064495564
5,08.05.2024,13,2024,True,0.0096308334903322,0.01075573917478323
5,09.05.2024,13,2024,True,0.0100831838229605,0.011287247762084007
5,10.05.2024,13,2024,True,0.0083307600836815,0.011460456997156143
5,13.05.2024,13,2024,True,0.0083385079751383,0.011228147894144058
5,14.05.2024,13,2024,True,0.0076444929767489,0.015231659635901451
5,15.05.2024,13,2024,True,0.0092352213158502,0.014642855152487755
5,16.05.2024,13,2024,True,0.008051529586961,0.015986982733011246
5,17.05.2024,13,2024,True,0.0083820626722115,0.014503000304102898
5,20.05.2024,13,2024,True,0.0158210018236568,0.015345808118581772
5,21.05.2024,13,2024,True,0.0154023763842773,0.014815169386565685
5,22.05.2024,13,2024,True,0.0177816762864278,0.014503683894872665
5,23.05.2024,13,2024,True,0.0175187258545602,0.014886295422911644
5,24.05.2024,13,2024,True,0.0243173093052012,0.015248978510499
5,28.05.2024,13,2024,True,0.0150734611864313,0.01474352553486824
5,29.05.2024,13,2024,True,0.0196046307331696,0.017300575971603394
5,30.05.2024,13,2024,True,0.0231071539287254,0.015644975006580353
5,31.05.2024,13,2024,True,0.0231030516163072,0.015853770077228546
5,03.06.2024,13,2024,True,0.0148656631994437,0.017085805535316467
5,04.06.2024,13,2024,True,0.0112371029768833,0.01023786049336195
5,05.06.2024,13,2024,True,0.011298968950862,0.011085017584264278
5,06.06.2024,13,2024,True,0.0107777802422255,0.009508289396762848
5,07.06.2024,13,2024,True,0.0104241707959972,0.009273103438317776
5,10.06.2024,13,2024,True,0.0081968352485315,0.010170801542699337
5,11.06.2024,13,2024,True,0.0084465774372864,0.016193673014640808
5,12.06.2024,13,2024,True,0.0086056852894052,0.01580262929201126
5,13.06.2024,13,2024,True,0.0102542053198127,0.01315214205533266
5,14.06.2024,13,2024,True,0.0093725996858029,0.013469550758600235
5,17.06.2024,13,2024,True,0.0101701912636657,0.013469550758600235
5,18.06.2024,13,2024,True,0.0082973994401333,0.009920886717736721
5,20.06.2024,13,2024,True,0.0102443825873264,0.010085459798574448
5,21.06.2024,13,2024,True,0.0095515313268888,0.010122585110366344
5,24.06.2024,13,2024,True,0.0088980824269128,0.00917067937552929
5,25.06.2024,13,2024,True,0.0064297452386895,0.018763979896903038
5,26.06.2024,13,2024,True,0.0077782672447863,0.020453741773962975
5,27.06.2024,13,2024,True,0.0081691832869895,0.01788785122334957
5,28.06.2024,13,2024,True,0.009217291228172,0.019560830667614937
5,01.07.2024,13,2024,True,0.0100965334321605,0.01849101297557354
5,02.07.2024,13,2024,True,0.0109645196857126,0.011960233561694622
5,03.07.2024,13,2024,True,0.0082173723497057,0.012322780676186085
5,05.07.2024,13,2024,True,0.0077977988749311,0.009289001114666462
5,08.07.2024,13,2024,True,0.0071294765661503,0.009807629510760307
5,09.07.2024,13,2024,True,0.0073158195713405,0.007391328923404217
5,10.07.2024,13,2024,True,0.0108377310505852,0.008585822768509388
5,11.07.2024,13,2024,True,0.0106482683758035,0.0070946961641311646
5,12.07.2024,13,2024,True,0.0169376970324585,0.008022800087928772
5,15.07.2024,13,2024,True,0.0169047265176553,0.00807101558893919
5,16.07.2024,13,2024,True,0.0173890818859488,0.008389278315007687
5,17.07.2024,13,2024,True,0.015158817599137,0.009292485192418098
5,18.07.2024,13,2024,True,0.016555049610957,0.010002237744629383
5,19.07.2024,13,2024,True,0.0122363348944198,0.009731799364089966
5,22.07.2024,13,2024,True,0.013518618770242,0.012681919150054455
5,23.07.2024,13,2024,True,0.0130707298839295,0.013557191006839275
5,24.07.2024,13,2024,True,0.0190108365166652,0.014724927954375744
5,25.07.2024,13,2024,True,0.0186211838235645,0.01377657987177372
5,26.07.2024,13,2024,True,0.0224073226997793,0.013974495232105255
5,29.07.2024,13,2024,True,0.0222044350091091,0.014109599404036999
5,30.07.2024,13,2024,True,0.0224220216724915,0.017050476744771004
5,31.07.2024,13,2024,True,0.0216052209993511,0.01640154980123043
5,01.08.2024,13,2024,True,0.021968492749457,0.019237354397773743
5,02.08.2024,13,2024,True,0.0112526138103219,0.016678007319569588
5,05.08.2024,13,2024,True,0.0126937228946928,0.0173953827470541
5,06.08.2024,13,2024,True,0.0200065740793384,0.019068017601966858
5,07.08.2024,13,2024,True,0.0204510445883571,0.01591971144080162
5,08.08.2024,13,2024,True,0.0210393953055911,0.018630947917699814
5,09.08.2024,13,2024,True,0.0230628554732755,0.017761345952749252
5,12.08.2024,13,2024,True,0.0162054188096779,0.018150655552744865
5,13.08.2024,13,2024,True,0.0156361417703887,0.02115197852253914
5,14.08.2024,13,2024,True,0.0158593309505223,0.016052989289164543
5,15.08.2024,13,2024,True,0.0155978158009035,0.013554024510085583
5,16.08.2024,13,2024,True,0.0204336128353989,0.014239723794162273
5,19.08.2024,13,2024,True,0.0192207516705093,0.014203717932105064
5,20.08.2024,13,2024,True,0.0237572542293139,0.022997695952653885
5,21.08.2024,13,2024,True,0.0229981595451223,0.022208895534276962
5,22.08.2024,13,2024,True,0.0230953116702069,0.02386772260069847
5,23.08.2024,13,2024,True,0.0226221716789139,0.02210395596921444
5,26.08.2024,13,2024,True,0.0298748689676557,0.022342775017023087
5,27.08.2024,13,2024,True,0.0298795409461254,0.017761170864105225
5,28.08.2024,13,2024,True,0.0309083229065782,0.01757577247917652
5,29.08.2024,13,2024,True,0.0251986388110254,0.01812913455069065
5,30.08.2024,13,2024,True,0.0296464737032885,0.0185666773468256
5,03.09.2024,13,2024,True,0.0189544689618427,0.01840422861278057
5,04.09.2024,13,2024,True,0.0239202918112198,0.019391193985939026
5,05.09.2024,13,2024,True,0.0264717373394413,0.01529508363455534
5,06.09.2024,13,2024,True,0.0240922000955978,0.016708895564079285
5,09.09.2024,13,2024,True,0.0246587483138208,0.016649756580591202
5,10.09.2024,13,2024,True,0.0102725443959187,0.01562720723450184
5,11.09.2024,13,2024,True,0.0106298381640568,0.01947629265487194
5,12.09.2024,13,2024,True,0.0100434009913556,0.016115250065922737
5,13.09.2024,13,2024,True,0.0101103853008132,0.014215659350156784
5,16.09.2024,13,2024,True,0.0110046351052229,0.01518122386187315
5,17.09.2024,13,2024,True,0.0120168165459135,0.014410289004445076
5,18.09.2024,13,2024,True,0.0171998702811602,0.016116099432110786
5,19.09.2024,13,2024,True,0.0170793142208766,0.01719103939831257
5,20.09.2024,13,2024,True,0.0182609315583074,0.014830895699560642
5,23.09.2024,13,2024,True,0.0183238597630375,0.012838983908295631
5,24.09.2024,13,2024,True,0.0208381264826438,0.018742231652140617
5,25.09.2024,13,2024,True,0.0181334037061057,0.022842073813080788
5,26.09.2024,13,2024,True,0.0210549695587609,0.0227813683450222
5,27.09.2024,13,2024,True,0.0210254062716337,0.023329656571149826
5,30.09.2024,13,2024,True,0.0193518676174676,0.023243006318807602
5,01.10.2024,13,2024,True,0.0373034153395419,0.024997344240546227
5,02.10.2024,13,2024,True,0.0381233837254078,0.024149850010871887
5,03.10.2024,13,2024,True,0.0348577718886663,0.025827324017882347
5,04.10.2024,13,2024,True,0.0350764468699775,0.025525787845253944
5,07.10.2024,13,2024,True,0.0302649875492052,0.026294605806469917
5,08.10.2024,13,2024,True,0.0286737953994168,0.01929527148604393
5,09.10.2024,13,2024,True,0.0288600596540762,0.026867933571338654
5,10.10.2024,13,2024,True,0.0187130636868414,0.022723199799656868
5,11.10.2024,13,2024,True,0.018207755115068,0.02735411375761032
5,14.10.2024,13,2024,True,0.0228351718472672,0.033232495188713074
5,15.10.2024,13,2024,True,0.0163728575140547,0.025666749104857445
5,16.10.2024,13,2024,True,0.0185105303641143,0.025895578786730766
5,17.10.2024,13,2024,True,0.0189791274696222,0.02531455084681511
5,18.10.2024,13,2024,True,0.017727529658969,0.02541879005730152
5,21.10.2024,13,2024,True,0.0351252489228331,0.025230176746845245
5,22.10.2024,13,2024,True,0.0309286027332552,0.026244455948472023
5,23.10.2024,13,2024,True,0.0342756768367731,0.025472491979599
5,24.10.2024,13,2024,True,0.0348852888260083,0.02680305950343609
5,25.10.2024,13,2024,True,0.0320828982796816,0.02603612095117569
5,28.10.2024,13,2024,True,0.0132244750146413,0.027997123077511787
5,29.10.2024,13,2024,True,0.0111039192699589,0.022427359595894814
5,30.10.2024,13,2024,True,0.0130370494055871,0.020900167524814606
5,31.10.2024,13,2024,True,0.0130850541921041,0.01933789625763893
5,01.11.2024,13,2024,True,0.0189549873479954,0.02774014323949814
5,04.11.2024,13,2024,True,0.0168631387264669,0.022230438888072968
5,05.11.2024,13,2024,True,0.0158600857697305,0.02472158707678318
5,06.11.2024,13,2024,True,0.0173221830157605,0.0246284119784832
5,07.11.2024,13,2024,True,0.0161257069167078,0.02399042248725891
5,08.11.2024,13,2024,True,0.0155898661011414,0.02225092425942421
5,11.11.2024,13,2024,True,0.0186535601040035,0.019082942977547646
5,12.11.2024,13,2024,True,0.0186862647934543,0.019169464707374573
5,13.11.2024,13,2024,True,0.0192361223049969,0.024431569501757622
5,14.11.2024,13,2024,True,0.0208887552717721,0.023362506181001663
5,15.11.2024,13,2024,True,0.0151691652343193,0.02126609906554222
5,18.11.2024,13,2024,True,0.0188758818005118,0.023596538230776787
5,19.11.2024,13,2024,True,0.0188843701899054,0.024268878623843193
5,20.11.2024,13,2024,True,0.0186351076677361,0.02327161468565464
5,21.11.2024,13,2024,True,0.0154662383270448,0.021313734352588654
5,22.11.2024,13,2024,True,0.0130571587777859,0.020577548071742058
5,25.11.2024,13,2024,True,0.0144660725275627,0.02396254986524582
5,26.11.2024,13,2024,True,0.0170018529377082,0.018413357436656952
5,27.11.2024,13,2024,True,0.0169860121681976,0.01759607344865799
5,29.11.2024,13,2024,True,0.0175249257898276,0.01782970316708088
5,02.12.2024,13,2024,True,0.0181665935526134,0.01795688457787037
5,03.12.2024,13,2024,True,0.0126635665352143,0.020910969004034996
5,04.12.2024,13,2024,True,0.0129831931544724,0.021414121612906456
5,05.12.2024,13,2024,True,0.0128105555670943,0.020666463300585747
5,06.12.2024,13,2024,True,0.0089917256249083,0.01786196604371071
5,09.12.2024,13,2024,True,0.0111004904868422,0.018472710624337196
5,10.12.2024,13,2024,True,0.012921815537479,0.014674427919089794
5,11.12.2024,13,2024,True,0.0097376752631711,0.015157929621636868
5,12.12.2024,13,2024,True,0.0101956155735922,0.015455376356840134
5,13.12.2024,13,2024,True,0.0055958154413272,0.0166940800845623
5,16.12.2024,13,2024,True,0.0052365061456049,0.017071999609470367
5,17.12.2024,13,2024,True,0.0077155980519003,0.01980738900601864
5,18.12.2024,13,2024,True,0.0079795310584347,0.018027115613222122
5,19.12.2024,13,2024,True,0.0086243802365775,0.020631788298487663
5,20.12.2024,13,2024,True,0.0085101305373277,0.020792828872799873
5,23.12.2024,13,2024,True,0.0072673442546261,0.01722565107047558
5,24.12.2024,13,2024,True,0.0084759161373568,0.01660219393670559
5,26.12.2024,13,2024,True,0.0060647180784431,0.01812935806810856
5,27.12.2024,13,2024,True,0.0073956071815334,0.016385389491915703
5,30.12.2024,13,2024,True,0.0074018453547897,0.017738815397024155
5,31.12.2024,13,2024,True,0.0112744980645349,0.013717744499444962
22,02.01.2024,13,2024,True,0.0182331624257302,0.020313169807195663
22,03.01.2024,13,2024,True,0.017087131376673,0.021167036145925522
22,04.01.2024,13,2024,True,0.0170592923001595,0.0212851669639349
22,05.01.2024,13,2024,True,0.016839767321392,0.021547166630625725
22,08.01.2024,13,2024,True,0.016150863084851,0.02100958675146103
22,09.01.2024,13,2024,True,0.0157811836346703,0.029100840911269188
22,10.01.2024,13,2024,True,0.0155628833361531,0.028717514127492905
22,11.01.2024,13,2024,True,0.0155875335123138,0.022821376100182533
22,12.01.2024,13,2024,True,0.0158911307497111,0.022696999832987785
22,16.01.2024,13,2024,True,0.0161385851113936,0.02586047351360321
22,17.01.2024,13,2024,True,0.0160707544126414,0.023269206285476685
22,18.01.2024,13,2024,True,0.0162025690820137,0.02085402049124241
22,19.01.2024,13,2024,True,0.0161389088941382,0.020786473527550697
22,22.01.2024,13,2024,True,0.0157688186272712,0.020893793553113937
22,23.01.2024,13,2024,True,0.0166971539071154,0.020860925316810608
22,24.01.2024,13,2024,True,0.0168003020564435,0.019946960732340813
22,25.01.2024,13,2024,True,0.0158506307176211,0.01899414323270321
22,26.01.2024,13,2024,True,0.0155896561599503,0.020250637084245682
22,29.01.2024,13,2024,True,0.015279141627168,0.020058054476976395
22,30.01.2024,13,2024,True,0.0152403444636836,0.017720162868499756
22,31.01.2024,13,2024,True,0.0150479780451031,0.018121881410479546
22,01.02.2024,13,2024,True,0.0126510215374736,0.01772368513047695
22,02.02.2024,13,2024,True,0.0120139113104586,0.016674622893333435
22,05.02.2024,13,2024,True,0.0119717962259463,0.0185990072786808
22,06.02.2024,13,2024,True,0.012252222569154,0.017981206998229027
22,07.02.2024,13,2024,True,0.0121815802702951,0.017834195867180824
22,08.02.2024,13,2024,True,0.0104318088518199,0.013611850328743458
22,09.02.2024,13,2024,True,0.0116772974611738,0.01410887110978365
22,12.02.2024,13,2024,True,0.0120983016943355,0.014570246450603008
22,13.02.2024,13,2024,True,0.0119933757924729,0.018218280747532845
22,14.02.2024,13,2024,True,0.0119625065057502,0.017826354131102562
22,15.02.2024,13,2024,True,0.0116559156023233,0.017981868237257004
22,16.02.2024,13,2024,True,0.012268440470372,0.016674350947141647
22,20.02.2024,13,2024,True,0.0118357038541254,0.016766134649515152
22,21.02.2024,13,2024,True,0.0118081378660591,0.01558395754545927
22,22.02.2024,13,2024,True,0.0121139950372158,0.015456086955964565
22,23.02.2024,13,2024,True,0.0107367130435762,0.015245464630424976
22,26.02.2024,13,2024,True,0.0105979442488166,0.015226676128804684
22,27.02.2024,13,2024,True,0.0107425628365395,0.01738002337515354
22,28.02.2024,13,2024,True,0.0107526305570219,0.017094086855649948
22,29.02.2024,13,2024,True,0.0111955830796837,0.01706046797335148
22,01.03.2024,13,2024,True,0.0111731964925588,0.017807727679610252
22,04.03.2024,13,2024,True,0.0110858434986444,0.015518035739660263
22,05.03.2024,13,2024,True,0.0106800328602567,0.015444392338395119
22,06.03.2024,13,2024,True,0.0109528121844719,0.01735895499587059
22,07.03.2024,13,2024,True,0.0113625477313129,0.014678758569061756
22,08.03.2024,13,2024,True,0.0110420656958601,0.014928225427865982
22,11.03.2024,13,2024,True,0.0113553163926945,0.015413645654916763
22,12.03.2024,13,2024,True,0.0112558134968294,0.014923852868378162
22,13.03.2024,13,2024,True,0.0103595838898385,0.01592748425900936
22,14.03.2024,13,2024,True,0.0099556704120135,0.01641780138015747
22,15.03.2024,13,2024,True,0.0122100364788518,0.01822194829583168
22,18.03.2024,13,2024,True,0.011616832981996,0.01604827307164669
22,19.03.2024,13,2024,True,0.0115611155066932,0.01692662574350834
22,20.03.2024,13,2024,True,0.010995659410846,0.01660284399986267
22,21.03.2024,13,2024,True,0.0114686518611005,0.016568902879953384
22,22.03.2024,13,2024,True,0.0114791545373582,0.016383497044444084
22,25.03.2024,13,2024,True,0.0112708356151674,0.016509149223566055
22,26.03.2024,13,2024,True,0.0111958089356493,0.014695736579596996
22,27.03.2024,13,2024,True,0.0115718753747905,0.014743761159479618
22,28.03.2024,13,2024,True,0.0111784000262616,0.014765043742954731
22,01.04.2024,13,2024,True,0.0157208924154886,0.013858381658792496
22,02.04.2024,13,2024,True,0.0151791831680394,0.01577906310558319
22,03.04.2024,13,2024,True,0.015127990287511,0.015049409121274948
22,04.04.2024,13,2024,True,0.0147117861896321,0.01531328447163105
22,05.04.2024,13,2024,True,0.0145642595198065,0.017662018537521362
22,08.04.2024,13,2024,True,0.0146554045849629,0.017996635288000107
22,09.04.2024,13,2024,True,0.0146407264886888,0.01798088103532791
22,10.04.2024,13,2024,True,0.0144104892026149,0.015811970457434654
22,11.04.2024,13,2024,True,0.0145601027412762,0.01766517572104931
22,12.04.2024,13,2024,True,0.01444184606915,0.018083015456795692
22,15.04.2024,13,2024,True,0.0145615159140922,0.017600739374756813
22,16.04.2024,13,2024,True,0.0147103009058658,0.024772774428129196
22,17.04.2024,13,2024,True,0.0135860044361891,0.018672969192266464
22,18.04.2024,13,2024,True,0.0135894839734689,0.021182579919695854
22,19.04.2024,13,2024,True,0.0136679591103426,0.019692111760377884
22,22.04.2024,13,2024,True,0.0138181632989988,0.01957521215081215
22,23.04.2024,13,2024,True,0.013170199835224,0.014960692264139652
22,24.04.2024,13,2024,True,0.0134595887916105,0.014843106269836426
22,25.04.2024,13,2024,True,0.0144693516814315,0.01465064287185669
22,26.04.2024,13,2024,True,0.0143904049251947,0.014099127613008022
22,29.04.2024,13,2024,True,0.014769775271896,0.014276956208050251
22,30.04.2024,13,2024,True,0.0147583446177617,0.014687871560454369
22,01.05.2024,13,2024,True,0.0131628586275841,0.01475474238395691
22,02.05.2024,13,2024,True,0.013204390611883,0.01230688951909542
22,03.05.2024,13,2024,True,0.0135215409106726,0.014787131920456886
22,06.05.2024,13,2024,True,0.0141806477991554,0.014031743630766869
22,07.05.2024,13,2024,True,0.0141829819184601,0.0196045134216547
22,08.05.2024,13,2024,True,0.0152458868364363,0.01974569447338581
22,09.05.2024,13,2024,True,0.0152453571013082,0.01763710379600525
22,10.05.2024,13,2024,True,0.0151237156205243,0.017843089997768402
22,13.05.2024,13,2024,True,0.0150511268452194,0.017926659435033798
22,14.05.2024,13,2024,True,0.0148355288697292,0.01467825099825859
22,15.05.2024,13,2024,True,0.0153828426362777,0.014128093607723713
22,16.05.2024,13,2024,True,0.0155529757343877,0.014455808326601982
22,17.05.2024,13,2024,True,0.0154853219425094,0.014227304607629776
22,20.05.2024,13,2024,True,0.0155219542027669,0.013838556595146656
22,21.05.2024,13,2024,True,0.0154204212142047,0.01558088231831789
22,22.05.2024,13,2024,True,0.0154120882811916,0.015585733577609062
22,23.05.2024,13,2024,True,0.0153007262502782,0.015650924295186996
22,24.05.2024,13,2024,True,0.0154129197360001,0.015456919558346272
22,28.05.2024,13,2024,True,0.0145373267479743,0.015421668998897076
22,29.05.2024,13,2024,True,0.0144117893483619,0.016125161200761795
22,30.05.2024,13,2024,True,0.013574598880175,0.016168685629963875
22,31.05.2024,13,2024,True,0.0136915636567781,0.01547937374562025
22,03.06.2024,13,2024,True,0.0100481440696783,0.016817724332213402
22,04.06.2024,13,2024,True,0.0099369164901794,0.011207489296793938
22,05.06.2024,13,2024,True,0.0104707019708945,0.011893028393387794
22,06.06.2024,13,2024,True,0.0099338679682777,0.010686465539038181
22,07.06.2024,13,2024,True,0.0098436550728211,0.01236646343022585
22,10.06.2024,13,2024,True,0.0086730915637395,0.012300444766879082
22,11.06.2024,13,2024,True,0.0087045301318858,0.014518183656036854
22,12.06.2024,13,2024,True,0.0091211750396269,0.015182928182184696
22,13.06.2024,13,2024,True,0.0096928860505059,0.014226692728698254
22,14.06.2024,13,2024,True,0.0096747540784296,0.013365650549530983
22,17.06.2024,13,2024,True,0.0108701493612635,0.013584987260401249
22,18.06.2024,13,2024,True,0.0104392327247216,0.010515561327338219
22,20.06.2024,13,2024,True,0.0108433475853765,0.010276179760694504
22,21.06.2024,13,2024,True,0.0110759151394408,0.011141392402350903
22,24.06.2024,13,2024,True,0.0110331944072497,0.011864126659929752
22,25.06.2024,13,2024,True,0.0112026227023383,0.014783712103962898
22,26.06.2024,13,2024,True,0.0115643049881287,0.014381189830601215
22,27.06.2024,13,2024,True,0.0112122373583429,0.014756876975297928
22,28.06.2024,13,2024,True,0.012946533667273,0.014440556988120079
22,01.07.2024,13,2024,True,0.013128708022165,0.015116418711841106
22,02.07.2024,13,2024,True,0.0146802067147718,0.01380860060453415
22,03.07.2024,13,2024,True,0.0141233765047889,0.01220976747572422
22,05.07.2024,13,2024,True,0.0142188078874483,0.01064662542194128
22,08.07.2024,13,2024,True,0.0155144553198311,0.010093903169035912
22,09.07.2024,13,2024,True,0.0156894622807295,0.028397588059306145
22,10.07.2024,13,2024,True,0.0157247856354849,0.0296897254884243
22,11.07.2024,13,2024,True,0.0174251425124863,0.028337281197309494
22,12.07.2024,13,2024,True,0.0178421630788625,0.02840101346373558
22,15.07.2024,13,2024,True,0.017949527701373,0.028380487114191055
22,16.07.2024,13,2024,True,0.0182160205253612,0.008086121641099453
22,17.07.2024,13,2024,True,0.0180632668447531,0.008685959503054619
22,18.07.2024,13,2024,True,0.0186766809138357,0.009693648666143417
22,19.07.2024,13,2024,True,0.0178050271190988,0.009760298766195774
22,22.07.2024,13,2024,True,0.0179848786156412,0.013326359912753105
22,23.07.2024,13,2024,True,0.0181583032345602,0.015748895704746246
22,24.07.2024,13,2024,True,0.0188155825571843,0.015834055840969086
22,25.07.2024,13,2024,True,0.0199013608738821,0.016511283814907074
22,26.07.2024,13,2024,True,0.0202616968929956,0.015601352788507938
22,29.07.2024,13,2024,True,0.0200920392783353,0.015799878165125847
22,30.07.2024,13,2024,True,0.0201520235289104,0.019335255026817322
22,31.07.2024,13,2024,True,0.0195574633946778,0.01925107277929783
22,01.08.2024,13,2024,True,0.023867841192386,0.01858317293226719
22,02.08.2024,13,2024,True,0.0229771755652971,0.01895364187657833
22,05.08.2024,13,2024,True,0.0229629976059289,0.021125633269548416
22,06.08.2024,13,2024,True,0.0233434793232938,0.022358611226081848
22,07.08.2024,13,2024,True,0.0227792195185713,0.019710732623934746
22,08.08.2024,13,2024,True,0.023618606453021,0.019066285341978073
22,09.08.2024,13,2024,True,0.0241525972126583,0.017918512225151062
22,12.08.2024,13,2024,True,0.023293845448274,0.017256172373890877
22,13.08.2024,13,2024,True,0.0230933549371986,0.021702421829104424
22,14.08.2024,13,2024,True,0.0234800429962866,0.018229106441140175
22,15.08.2024,13,2024,True,0.0233680417698259,0.01730061136186123
22,16.08.2024,13,2024,True,0.0232067534945966,0.017250480130314827
22,19.08.2024,13,2024,True,0.0230379178613176,0.01753298006951809
22,20.08.2024,13,2024,True,0.0230320602917889,0.02245829440653324
22,21.08.2024,13,2024,True,0.0228854657809796,0.021638326346874237
22,22.08.2024,13,2024,True,0.0229495891231459,0.022976869717240334
22,23.08.2024,13,2024,True,0.0227301579755006,0.022258173674345016
22,26.08.2024,13,2024,True,0.0219248426851458,0.0229435246437788
22,27.08.2024,13,2024,True,0.0216848316980793,0.017125044018030167
22,28.08.2024,13,2024,True,0.0216328327982984,0.01756224036216736
22,29.08.2024,13,2024,True,0.0220780147701043,0.017437398433685303
22,30.08.2024,13,2024,True,0.0220154528316957,0.017470907419919968
22,03.09.2024,13,2024,True,0.0198471195708663,0.017274167388677597
22,04.09.2024,13,2024,True,0.0195017366739664,0.01957000233232975
22,05.09.2024,13,2024,True,0.0207073631226051,0.021200435236096382
22,06.09.2024,13,2024,True,0.0228402022908103,0.019383450970053673
22,09.09.2024,13,2024,True,0.0229093226395804,0.02100997418165207
22,10.09.2024,13,2024,True,0.0220832677807712,0.02028128132224083
22,11.09.2024,13,2024,True,0.0219653368619007,0.02104353718459606
22,12.09.2024,13,2024,True,0.0223695272316873,0.020877722650766373
22,13.09.2024,13,2024,True,0.0243589610762019,0.020966751500964165
22,16.09.2024,13,2024,True,0.0241548882920754,0.02047908492386341
22,17.09.2024,13,2024,True,0.0240113209496501,0.026379752904176712
22,18.09.2024,13,2024,True,0.0243622191361222,0.028376547619700432
22,19.09.2024,13,2024,True,0.0243666275146597,0.027886012569069862
22,20.09.2024,13,2024,True,0.0248488627570082,0.029742112383246422
22,23.09.2024,13,2024,True,0.024993562059168,0.03013937920331955
22,24.09.2024,13,2024,True,0.0247774693992974,0.01955808512866497
22,25.09.2024,13,2024,True,0.0246946948172621,0.020479708909988403
22,26.09.2024,13,2024,True,0.0277303749923369,0.018873313441872597
22,27.09.2024,13,2024,True,0.027716135717486,0.02052399329841137
22,30.09.2024,13,2024,True,0.028048334736306,0.02058417536318302
22,01.10.2024,13,2024,True,0.0275923378294705,0.02136426977813244
22,02.10.2024,13,2024,True,0.0275710795544624,0.024331819266080856
22,03.10.2024,13,2024,True,0.0260226786879414,0.024869738146662712
22,04.10.2024,13,2024,True,0.0260286651256768,0.02978912554681301
22,07.10.2024,13,2024,True,0.0246484055172192,0.026277096942067146
22,08.10.2024,13,2024,True,0.0227285971152738,0.02755230851471424
22,09.10.2024,13,2024,True,0.0231985104121863,0.027039453387260437
22,10.10.2024,13,2024,True,0.0222333931670077,0.025224478915333748
22,11.10.2024,13,2024,True,0.0222630681802727,0.029082827270030975
22,14.10.2024,13,2024,True,0.022061557765702,0.0270320363342762
22,15.10.2024,13,2024,True,0.0202816541623702,0.026972703635692596
22,16.10.2024,13,2024,True,0.0207286555894198,0.025583652779459953
22,17.10.2024,13,2024,True,0.0218986677254509,0.025232436135411263
22,18.10.2024,13,2024,True,0.0215206309783285,0.023918651044368744
22,21.10.2024,13,2024,True,0.0212424929583164,0.02420058101415634
22,22.10.2024,13,2024,True,0.0210431623700208,0.026384372264146805
22,23.10.2024,13,2024,True,0.0210202333444137,0.025996549054980278
22,24.10.2024,13,2024,True,0.0218797827435018,0.02641785703599453
22,25.10.2024,13,2024,True,0.0212662022622113,0.025345951318740845
22,28.10.2024,13,2024,True,0.0163600137348805,0.02889571152627468
22,29.10.2024,13,2024,True,0.0163205405121638,0.024095701053738594
22,30.10.2024,13,2024,True,0.0161199659310954,0.023754993453621864
22,31.10.2024,13,2024,True,0.0168966400676919,0.023041516542434692
22,01.11.2024,13,2024,True,0.0173390975269486,0.03121623583137989
22,04.11.2024,13,2024,True,0.016240513018894,0.023032529279589653
22,05.11.2024,13,2024,True,0.0163258409970066,0.026012495160102844
22,06.11.2024,13,2024,True,0.0166672543268843,0.026710793375968933
22,07.11.2024,13,2024,True,0.0164920573736783,0.025495212525129318
22,08.11.2024,13,2024,True,0.0163125399721513,0.023434748873114586
22,11.11.2024,13,2024,True,0.0150958361006008,0.02166312374174595
22,12.11.2024,13,2024,True,0.015372073071668,0.02217593975365162
22,13.11.2024,13,2024,True,0.0154748803562021,0.02061684988439083
22,14.11.2024,13,2024,True,0.015628121467238,0.02099636010825634
22,15.11.2024,13,2024,True,0.0148700810688922,0.019190534949302673
22,18.11.2024,13,2024,True,0.0133772881810164,0.021342482417821884
22,19.11.2024,13,2024,True,0.0133790608415546,0.020388919860124588
22,20.11.2024,13,2024,True,0.0133294770850245,0.021154260262846947
22,21.11.2024,13,2024,True,0.0129536500393912,0.02055802196264267
22,22.11.2024,13,2024,True,0.0126449495319101,0.0204625204205513
22,25.11.2024,13,2024,True,0.0112946365885678,0.021429797634482384
22,26.11.2024,13,2024,True,0.0112768991953784,0.019937101751565933
22,27.11.2024,13,2024,True,0.0112868978230719,0.019138315692543983
22,29.11.2024,13,2024,True,0.011793148322839,0.019620662555098534
22,02.12.2024,13,2024,True,0.0112030205560252,0.018595583736896515
22,03.12.2024,13,2024,True,0.0101426004965039,0.02170655131340027
22,04.12.2024,13,2024,True,0.009280073285598,0.021784167736768723
22,05.12.2024,13,2024,True,0.009710928631746,0.01998189464211464
22,06.12.2024,13,2024,True,0.0128536441777658,0.015126476995646954
22,09.12.2024,13,2024,True,0.0129004270877763,0.015928303822875023
22,10.12.2024,13,2024,True,0.0134850314465886,0.012040464207530022
22,11.12.2024,13,2024,True,0.0139550807622982,0.012636157684028149
22,12.12.2024,13,2024,True,0.014213055409172,0.013880622573196888
22,13.12.2024,13,2024,True,0.0142092344655273,0.016009153798222542
22,16.12.2024,13,2024,True,0.0148087602306923,0.016550838947296143
22,17.12.2024,13,2024,True,0.0146092779554251,0.01923573575913906
22,18.12.2024,13,2024,True,0.0148507981071064,0.017214547842741013
22,19.12.2024,13,2024,True,0.01468570566618,0.018895268440246582
22,20.12.2024,13,2024,True,0.0153900380425454,0.017160752788186073
22,23.12.2024,13,2024,True,0.0153246803685952,0.014563735574483871
22,24.12.2024,13,2024,True,0.0154619847741126,0.01572944037616253
22,26.12.2024,13,2024,True,0.0154044613755214,0.016771115362644196
22,27.12.2024,13,2024,True,0.0152510977740918,0.016066381707787514
22,30.12.2024,13,2024,True,0.0154599817257405,0.016612280160188675
22,31.12.2024,13,2024,True,0.0154585551823588,0.01557753887027502
66,02.01.2024,13,2024,True,0.0139466903219893,0.021054327487945557
66,03.01.2024,13,2024,True,0.0135942430085815,0.023090893402695656
66,04.01.2024,13,2024,True,0.013582361741074,0.023153487592935562
66,05.01.2024,13,2024,True,0.0135501826356433,0.023090893402695656
66,08.01.2024,13,2024,True,0.0127951148158405,0.02265016734600067
66,09.01.2024,13,2024,True,0.012650854713436,0.022809598594903946
66,10.01.2024,13,2024,True,0.0125607875436218,0.02274700440466404
66,11.01.2024,13,2024,True,0.0131877938126398,0.02250761166214943
66,12.01.2024,13,2024,True,0.0131424734181758,0.022484924644231796
66,16.01.2024,13,2024,True,0.0131410211440862,0.022753477096557617
66,17.01.2024,13,2024,True,0.0131276135492903,0.02351793833076954
66,18.01.2024,13,2024,True,0.0131383530938573,0.023132609203457832
66,19.01.2024,13,2024,True,0.0131182756168184,0.02301025576889515
66,22.01.2024,13,2024,True,0.0129963843966237,0.02373187430202961
66,23.01.2024,13,2024,True,0.0129661692585261,0.02176276221871376
66,24.01.2024,13,2024,True,0.0130702429074578,0.020665332674980164
66,25.01.2024,13,2024,True,0.0126270410956006,0.019776146858930588
66,26.01.2024,13,2024,True,0.0140917518244726,0.019947906956076622
66,29.01.2024,13,2024,True,0.0139887312967168,0.020436586812138557
66,30.01.2024,13,2024,True,0.0140127958380673,0.021880924701690674
66,31.01.2024,13,2024,True,0.0139110148344476,0.021141113713383675
66,01.02.2024,13,2024,True,0.0130877432922774,0.02101696841418743
66,02.02.2024,13,2024,True,0.0128932216329761,0.020900599658489227
66,05.02.2024,13,2024,True,0.0128644461053916,0.020312368869781494
66,06.02.2024,13,2024,True,0.0129547755108436,0.020914332941174507
66,07.02.2024,13,2024,True,0.0129469856294881,0.01909465342760086
66,08.02.2024,13,2024,True,0.0125072409935312,0.01769910752773285
66,09.02.2024,13,2024,True,0.0124911837639358,0.01811988838016987
66,12.02.2024,13,2024,True,0.0125102623127686,0.0184493251144886
66,13.02.2024,13,2024,True,0.0125011093767275,0.020476680248975754
66,14.02.2024,13,2024,True,0.0123780604022943,0.020476680248975754
66,15.02.2024,13,2024,True,0.0122997393022932,0.023579657077789307
66,16.02.2024,13,2024,True,0.0123510545770485,0.023661846294999123
66,20.02.2024,13,2024,True,0.0122643462258448,0.02327553741633892
66,21.02.2024,13,2024,True,0.0122750939045658,0.019065892323851585
66,22.02.2024,13,2024,True,0.0126332280862766,0.01802261546254158
66,23.02.2024,13,2024,True,0.0122820059059456,0.018360702320933342
66,26.02.2024,13,2024,True,0.0124852234718429,0.01706373132765293
66,27.02.2024,13,2024,True,0.0123730698540345,0.019170628860592842
66,28.02.2024,13,2024,True,0.0133336573746878,0.01853419654071331
66,29.02.2024,13,2024,True,0.0133878258862676,0.018499983474612236
66,01.03.2024,13,2024,True,0.0134768559952024,0.018125217407941818
66,04.03.2024,13,2024,True,0.0136472779616329,0.01926054246723652
66,05.03.2024,13,2024,True,0.0136082636502864,0.01782103255391121
66,06.03.2024,13,2024,True,0.013891812418067,0.019639313220977783
66,07.03.2024,13,2024,True,0.01389963039016,0.019639313220977783
66,08.03.2024,13,2024,True,0.0138754905745322,0.019639313220977783
66,11.03.2024,13,2024,True,0.0138759020751831,0.018945172429084778
66,12.03.2024,13,2024,True,0.0138701003238692,0.018945172429084778
66,13.03.2024,13,2024,True,0.0137228813703272,0.01915169321000576
66,14.03.2024,13,2024,True,0.0136628627619517,0.020117895677685738
66,15.03.2024,13,2024,True,0.0136733300876823,0.019893836230039597
66,18.03.2024,13,2024,True,0.0135040493897426,0.01983232982456684
66,19.03.2024,13,2024,True,0.0135330880741058,0.017771421000361443
66,20.03.2024,13,2024,True,0.0134569596654135,0.017784925177693367
66,21.03.2024,13,2024,True,0.0134599765714976,0.017771421000361443
66,22.03.2024,13,2024,True,0.0135502179272489,0.01768161542713642
66,25.03.2024,13,2024,True,0.0134170699183515,0.016908055171370506
66,26.03.2024,13,2024,True,0.0134006608551876,0.015883205458521843
66,27.03.2024,13,2024,True,0.0134087566970589,0.01603253185749054
66,28.03.2024,13,2024,True,0.0133536295331093,0.01603253185749054
66,01.04.2024,13,2024,True,0.0134011778746087,0.01613105647265911
66,02.04.2024,13,2024,True,0.0132721197672903,0.017591092735528946
66,03.04.2024,13,2024,True,0.0133393561604841,0.017591092735528946
66,04.04.2024,13,2024,True,0.0132229146504745,0.016967104747891426
66,05.04.2024,13,2024,True,0.0132098421100741,0.017476534470915794
66,08.04.2024,13,2024,True,0.0131815485838039,0.017476534470915794
66,09.04.2024,13,2024,True,0.0131260950730654,0.01757882349193096
66,10.04.2024,13,2024,True,0.0131192392692792,0.018141305074095726
66,11.04.2024,13,2024,True,0.0132571138805099,0.018141305074095726
66,12.04.2024,13,2024,True,0.0132135225672155,0.01757882349193096
66,15.04.2024,13,2024,True,0.0136724820476675,0.017154153436422348
66,16.04.2024,13,2024,True,0.0136735762829844,0.02354242280125618
66,17.04.2024,13,2024,True,0.0133173950781393,0.020637333393096924
66,18.04.2024,13,2024,True,0.0133705310329303,0.02452613227069378
66,19.04.2024,13,2024,True,0.0134116125212663,0.023702215403318405
66,22.04.2024,13,2024,True,0.0135236021555741,0.023378631100058556
66,23.04.2024,13,2024,True,0.0134855449174812,0.021237812936306
66,24.04.2024,13,2024,True,0.0135751637401367,0.02164817973971367
66,25.04.2024,13,2024,True,0.0139171283871995,0.019981585443019867
66,26.04.2024,13,2024,True,0.0139872661313218,0.020051738247275352
66,29.04.2024,13,2024,True,0.0145066073763068,0.019981585443019867
66,30.04.2024,13,2024,True,0.0145090225782324,0.018374260514974594
66,01.05.2024,13,2024,True,0.0131331128154065,0.018115144222974777
66,02.05.2024,13,2024,True,0.0134872324992029,0.01978171430528164
66,03.05.2024,13,2024,True,0.0135277050350854,0.018715310841798782
66,06.05.2024,13,2024,True,0.0135404442254786,0.01886020414531231
66,07.05.2024,13,2024,True,0.014144994023818,0.020991245284676552
66,08.05.2024,13,2024,True,0.0143328935264683,0.020991245284676552
66,09.05.2024,13,2024,True,0.0143874664347492,0.021064091473817825
66,10.05.2024,13,2024,True,0.0144482373206221,0.021064091473817825
66,13.05.2024,13,2024,True,0.0145624562683692,0.021197078749537468
66,14.05.2024,13,2024,True,0.014823003669969,0.016268616542220116
66,15.05.2024,13,2024,True,0.0148203734178692,0.016268616542220116
66,16.05.2024,13,2024,True,0.0148899685766899,0.016268616542220116
66,17.05.2024,13,2024,True,0.0149821245324987,0.016189197078347206
66,20.05.2024,13,2024,True,0.0152754623940716,0.016268616542220116
66,21.05.2024,13,2024,True,0.0156971379652042,0.017845744267106056
66,22.05.2024,13,2024,True,0.0158900050229844,0.017845744267106056
66,23.05.2024,13,2024,True,0.0159292434886983,0.017845744267106056
66,24.05.2024,13,2024,True,0.0160181593939687,0.017845744267106056
66,28.05.2024,13,2024,True,0.0157823759685365,0.017845744267106056
66,29.05.2024,13,2024,True,0.0176946026446074,0.019488684833049774
66,30.05.2024,13,2024,True,0.0176021932832481,0.019123701378703117
66,31.05.2024,13,2024,True,0.0176027803627475,0.018363764509558678
66,03.06.2024,13,2024,True,0.0171204813820263,0.018362676724791527
66,04.06.2024,13,2024,True,0.0171474969089771,0.018185891211032867
66,05.06.2024,13,2024,True,0.0176484161018247,0.01777006685733795
66,06.06.2024,13,2024,True,0.0176829808672,0.017660539597272873
66,07.06.2024,13,2024,True,0.0178688834724459,0.017671935260295868
66,10.06.2024,13,2024,True,0.0175642201152714,0.017253385856747627
66,11.06.2024,13,2024,True,0.0176878190964068,0.017789555713534355
66,12.06.2024,13,2024,True,0.017738448122543,0.017607299610972404
66,13.06.2024,13,2024,True,0.0177334439153405,0.01749066635966301
66,14.06.2024,13,2024,True,0.0178763980934607,0.015201027505099773
66,17.06.2024,13,2024,True,0.0176871361308514,0.01749066635966301
66,18.06.2024,13,2024,True,0.0176075034370926,0.015705211088061333
66,20.06.2024,13,2024,True,0.0177480902931381,0.014840756542980671
66,21.06.2024,13,2024,True,0.0179313445692556,0.015705211088061333
66,24.06.2024,13,2024,True,0.0181032096121404,0.018079355359077454
66,25.06.2024,13,2024,True,0.018095252103724,0.018269827589392662
66,26.06.2024,13,2024,True,0.0180829814664758,0.018522517755627632
66,27.06.2024,13,2024,True,0.0182892542251945,0.01811353862285614
66,28.06.2024,13,2024,True,0.0183070197551474,0.01790495589375496
66,01.07.2024,13,2024,True,0.0193671960153813,0.018686020746827126
66,02.07.2024,13,2024,True,0.0193846208976425,0.017162108793854713
66,03.07.2024,13,2024,True,0.0198609734190244,0.014770193956792355
66,05.07.2024,13,2024,True,0.020641846070229,0.014581714756786823
66,08.07.2024,13,2024,True,0.0206349576334677,0.011224091053009033
66,09.07.2024,13,2024,True,0.0211050964432844,0.012177725322544575
66,10.07.2024,13,2024,True,0.0210964722730192,0.014236122369766235
66,11.07.2024,13,2024,True,0.0212170070179351,0.012177725322544575
66,12.07.2024,13,2024,True,0.0218028840899415,0.012177725322544575
66,15.07.2024,13,2024,True,0.0218038272979446,0.013042178936302662
66,16.07.2024,13,2024,True,0.0217668908567391,0.014836345799267292
66,17.07.2024,13,2024,True,0.0217516732274475,0.015817346051335335
66,18.07.2024,13,2024,True,0.0218750959388837,0.01834072731435299
66,19.07.2024,13,2024,True,0.021819840037755,0.018207740038633347
66,22.07.2024,13,2024,True,0.0218782278345716,0.01906263828277588
66,23.07.2024,13,2024,True,0.0218064249750443,0.01702849566936493
66,24.07.2024,13,2024,True,0.0219650743024018,0.01702849566936493
66,25.07.2024,13,2024,True,0.0232083371109282,0.017518091946840286
66,26.07.2024,13,2024,True,0.0231529809575982,0.01765248365700245
66,29.07.2024,13,2024,True,0.0232328272123346,0.01731273904442787
66,30.07.2024,13,2024,True,0.0232054117662217,0.018978003412485123
66,31.07.2024,13,2024,True,0.0229528678778207,0.019048156216740608
66,01.08.2024,13,2024,True,0.0231493862280976,0.019959375262260437
66,02.08.2024,13,2024,True,0.0227739034187746,0.01971418410539627
66,05.08.2024,13,2024,True,0.0227808631362685,0.02193000726401806
66,06.08.2024,13,2024,True,0.0228100754057013,0.02393259108066559
66,07.08.2024,13,2024,True,0.0227874582250837,0.02207780070602894
66,08.08.2024,13,2024,True,0.0229831397261079,0.022059330716729164
66,09.08.2024,13,2024,True,0.0229645628292779,0.020376039668917656
66,12.08.2024,13,2024,True,0.0225830537591798,0.02285522036254406
66,13.08.2024,13,2024,True,0.0224837511972345,0.021014917641878128
66,14.08.2024,13,2024,True,0.0225798872719823,0.019675780087709427
66,15.08.2024,13,2024,True,0.0228433061298488,0.01910584419965744
66,16.08.2024,13,2024,True,0.0227627076261193,0.01910584419965744
66,19.08.2024,13,2024,True,0.0225691417588288,0.019207045435905457
66,20.08.2024,13,2024,True,0.022697431283232,0.019850702956318855
66,21.08.2024,13,2024,True,0.0226819607154547,0.01985679380595684
66,22.08.2024,13,2024,True,0.0228749212998105,0.01978810876607895
66,23.08.2024,13,2024,True,0.0226799547691992,0.0195980966091156
66,26.08.2024,13,2024,True,0.0223417405412458,0.019487803801894188
66,27.08.2024,13,2024,True,0.0221798214503912,0.018251856788992882
66,28.08.2024,13,2024,True,0.0222127654946626,0.018316421657800674
66,29.08.2024,13,2024,True,0.0223381492089506,0.018543988466262817
66,30.08.2024,13,2024,True,0.0223749293134568,0.018904104828834534
66,03.09.2024,13,2024,True,0.0208541145323047,0.018455522134900093
66,04.09.2024,13,2024,True,0.0208461543675951,0.02068081870675087
66,05.09.2024,13,2024,True,0.0209232078510354,0.02209201641380787
66,06.09.2024,13,2024,True,0.0207323503368807,0.021646752953529358
66,09.09.2024,13,2024,True,0.0208100374195619,0.02232779748737812
66,10.09.2024,13,2024,True,0.0202649171468338,0.02267897129058838
66,11.09.2024,13,2024,True,0.0201927928812814,0.02286623977124691
66,12.09.2024,13,2024,True,0.0200895915394468,0.022825004532933235
66,13.09.2024,13,2024,True,0.0201179780370816,0.02267897129058838
66,16.09.2024,13,2024,True,0.0200275551042805,0.021561581641435623
66,17.09.2024,13,2024,True,0.0199812476037402,0.02095387503504753
66,18.09.2024,13,2024,True,0.0199815139259535,0.020847421139478683
66,19.09.2024,13,2024,True,0.0198777406894402,0.02237643674015999
66,20.09.2024,13,2024,True,0.0199370235485368,0.020619384944438934
66,23.09.2024,13,2024,True,0.0199203891639961,0.020626267418265343
66,24.09.2024,13,2024,True,0.019866442917845,0.020143607631325722
66,25.09.2024,13,2024,True,0.0196639025433609,0.019202640280127525
66,26.09.2024,13,2024,True,0.0193999326051131,0.020250866189599037
66,27.09.2024,13,2024,True,0.0194982381688211,0.022373788058757782
66,30.09.2024,13,2024,True,0.0195103220254177,0.02220500446856022
66,01.10.2024,13,2024,True,0.0192892197849695,0.022291909903287888
66,02.10.2024,13,2024,True,0.0193164297001939,0.023968474939465523
66,03.10.2024,13,2024,True,0.0183960650091933,0.0257397647947073
66,04.10.2024,13,2024,True,0.01925454388068,0.0283401720225811
66,07.10.2024,13,2024,True,0.018824650781501,0.02601291611790657
66,08.10.2024,13,2024,True,0.0179520792210765,0.02899802476167679
66,09.10.2024,13,2024,True,0.0181925596954897,0.030296070501208305
66,10.10.2024,13,2024,True,0.0176942523792621,0.028979063034057617
66,11.10.2024,13,2024,True,0.0177023081126235,0.030319448560476303
66,14.10.2024,13,2024,True,0.0176773061728084,0.029653368517756462
66,15.10.2024,13,2024,True,0.0168631504555199,0.029522104188799858
66,16.10.2024,13,2024,True,0.0169070757903539,0.027441564947366714
66,17.10.2024,13,2024,True,0.0169062894611325,0.02592245303094387
66,18.10.2024,13,2024,True,0.0168958583535566,0.02568306028842926
66,21.10.2024,13,2024,True,0.0167889530867325,0.02568306028842926
66,22.10.2024,13,2024,True,0.0166156130699683,0.025953220203518867
66,23.10.2024,13,2024,True,0.0165231453856751,0.025680171325802803
66,24.10.2024,13,2024,True,0.0164934524942003,0.02585201896727085
66,25.10.2024,13,2024,True,0.016320805012089,0.02585201896727085
66,28.10.2024,13,2024,True,0.0143123701740407,0.027304133400321007
66,29.10.2024,13,2024,True,0.014555258659778,0.022792404517531395
66,30.10.2024,13,2024,True,0.0143682571772584,0.022431420162320137
66,31.10.2024,13,2024,True,0.014345136110081,0.021764997392892838
66,01.11.2024,13,2024,True,0.0144748930614413,0.02492622472345829
66,04.11.2024,13,2024,True,0.0142151367845949,0.02328093722462654
66,05.11.2024,13,2024,True,0.0145074822976161,0.02513176202774048
66,06.11.2024,13,2024,True,0.0144751458334018,0.02605300396680832
66,07.11.2024,13,2024,True,0.0144341267447425,0.025194233283400536
66,08.11.2024,13,2024,True,0.0142467438494088,0.02296464890241623
66,11.11.2024,13,2024,True,0.0137991373805725,0.02205652929842472
66,12.11.2024,13,2024,True,0.0138123464078866,0.021989531815052032
66,13.11.2024,13,2024,True,0.0142260494364305,0.020890237763524055
66,14.11.2024,13,2024,True,0.0142294649100901,0.02228299342095852
66,15.11.2024,13,2024,True,0.0142949253239514,0.019695114344358444
66,18.11.2024,13,2024,True,0.0137878008491918,0.02106802724301815
66,19.11.2024,13,2024,True,0.0140227749953885,0.023320095613598824
66,20.11.2024,13,2024,True,0.0140724752332247,0.023581957444548607
66,21.11.2024,13,2024,True,0.0141118903824265,0.02373824641108513
66,22.11.2024,13,2024,True,0.0140456674764269,0.02316027693450451
66,25.11.2024,13,2024,True,0.0139202762987733,0.023360401391983032
66,26.11.2024,13,2024,True,0.0139232524491327,0.022797441110014915
66,27.11.2024,13,2024,True,0.0140230262279063,0.022871455177664757
66,29.11.2024,13,2024,True,0.0141404090326017,0.022888626903295517
66,02.12.2024,13,2024,True,0.0140342789913012,0.022169675678014755
66,03.12.2024,13,2024,True,0.0139134750826801,0.022193681448698044
66,04.12.2024,13,2024,True,0.0138644761521898,0.02250049263238907
66,05.12.2024,13,2024,True,0.0139203886397541,0.020946959033608437
66,06.12.2024,13,2024,True,0.0138489957232844,0.019639864563941956
66,09.12.2024,13,2024,True,0.0137607694430273,0.01986345648765564
66,10.12.2024,13,2024,True,0.0137667754690624,0.01745801605284214
66,11.12.2024,13,2024,True,0.0137433223652487,0.015906380489468575
66,12.12.2024,13,2024,True,0.0137460253354548,0.01709018647670746
66,13.12.2024,13,2024,True,0.0137005854651174,0.017212199047207832
66,16.12.2024,13,2024,True,0.0136685091916802,0.01823084056377411
66,17.12.2024,13,2024,True,0.0136771846978768,0.020581519231200218
66,18.12.2024,13,2024,True,0.0136788522737193,0.019340399652719498
66,19.12.2024,13,2024,True,0.0136677572943262,0.020303217694163322
66,20.12.2024,13,2024,True,0.0137886729131889,0.019353903830051422
66,23.12.2024,13,2024,True,0.0137844333105406,0.018582843244075775
66,24.12.2024,13,2024,True,0.0137136903213584,0.019770631566643715
66,26.12.2024,13,2024,True,0.0159716587765146,0.019761985167860985
66,27.12.2024,13,2024,True,0.0178656097679454,0.019770631566643715
66,30.12.2024,13,2024,True,0.0180107079800045,0.019770631566643715
66,31.12.2024,13,2024,True,0.0181576723135666,0.018567930907011032
126,02.01.2024,13,2024,True,0.0138302782459354,0.02183900773525238
126,03.01.2024,13,2024,True,0.0136037251817229,0.023096857592463493
126,04.01.2024,13,2024,True,0.0136076853199321,0.023124797269701958
126,05.01.2024,13,2024,True,0.0136010984776855,0.02307174913585186
126,08.01.2024,13,2024,True,0.0132450577310567,0.022719258442521095
126,09.01.2024,13,2024,True,0.0131460893981285,0.024298831820487976
126,10.01.2024,13,2024,True,0.0131171140641715,0.024256916716694832
126,11.01.2024,13,2024,True,0.0131040897687639,0.023842696100473404
126,12.01.2024,13,2024,True,0.0131284272934166,0.02365932986140251
126,16.01.2024,13,2024,True,0.0132003615568966,0.02403692901134491
126,17.01.2024,13,2024,True,0.0131897234230836,0.02279587835073471
126,18.01.2024,13,2024,True,0.0133944474131368,0.02305140346288681
126,19.01.2024,13,2024,True,0.0133818682237963,0.02305140346288681
126,22.01.2024,13,2024,True,0.0133665190523224,0.02305140346288681
126,23.01.2024,13,2024,True,0.0133750731423684,0.023465925827622414
126,24.01.2024,13,2024,True,0.0133828985618354,0.0224190391600132
126,25.01.2024,13,2024,True,0.0131929230017726,0.021419143304228783
126,26.01.2024,13,2024,True,0.0132185223665455,0.02256358042359352
126,29.01.2024,13,2024,True,0.0132240394127815,0.022322213277220726
126,30.01.2024,13,2024,True,0.0134245005090444,0.022819850593805313
126,31.01.2024,13,2024,True,0.0134320201760734,0.02205764129757881
126,01.02.2024,13,2024,True,0.0133707394773046,0.02198340743780136
126,02.02.2024,13,2024,True,0.0132925043980913,0.022075394168496132
126,05.02.2024,13,2024,True,0.0132719414661817,0.020997263491153717
126,06.02.2024,13,2024,True,0.013426404470553,0.02162538468837738
126,07.02.2024,13,2024,True,0.0134411242264859,0.020139260217547417
126,08.02.2024,13,2024,True,0.013179446076656,0.017867716029286385
126,09.02.2024,13,2024,True,0.0134857536547043,0.01838788390159607
126,12.02.2024,13,2024,True,0.0135988561362682,0.018321705982089043
126,13.02.2024,13,2024,True,0.0136100875938391,0.021396886557340622
126,14.02.2024,13,2024,True,0.0136280942776351,0.021396886557340622
126,15.02.2024,13,2024,True,0.0136397862305653,0.022233329713344574
126,16.02.2024,13,2024,True,0.0138077910472512,0.02216067910194397
126,20.02.2024,13,2024,True,0.0137665485313843,0.02160925790667534
126,21.02.2024,13,2024,True,0.0138035131811705,0.019649256020784378
126,22.02.2024,13,2024,True,0.0138568043304084,0.019542325288057327
126,23.02.2024,13,2024,True,0.0138447816680574,0.019542325288057327
126,26.02.2024,13,2024,True,0.0140701882785,0.01834539696574211
126,27.02.2024,13,2024,True,0.0141680073585912,0.018633009865880013
126,28.02.2024,13,2024,True,0.0142015300416477,0.018597833812236786
126,29.02.2024,13,2024,True,0.0142797797368484,0.017576713114976883
126,01.03.2024,13,2024,True,0.0143341559627714,0.018597833812236786
126,04.03.2024,13,2024,True,0.015468610528366,0.020037712529301643
126,05.03.2024,13,2024,True,0.0154972831166784,0.019640596583485603
126,06.03.2024,13,2024,True,0.0154592920735394,0.020861564204096794
126,07.03.2024,13,2024,True,0.0155785514709429,0.019900627434253693
126,08.03.2024,13,2024,True,0.015592614631557,0.019901392981410027
126,11.03.2024,13,2024,True,0.015926408655279,0.018647540360689163
126,12.03.2024,13,2024,True,0.0160417696740706,0.018647540360689163
126,13.03.2024,13,2024,True,0.0159672732692376,0.021194113418459892
126,14.03.2024,13,2024,True,0.0158918559528901,0.022434966638684273
126,15.03.2024,13,2024,True,0.0159654814187517,0.02429962530732155
126,18.03.2024,13,2024,True,0.0159231836357351,0.022384721785783768
126,19.03.2024,13,2024,True,0.0159111344401091,0.017977498471736908
126,20.03.2024,13,2024,True,0.0159320079456965,0.01806364208459854
126,21.03.2024,13,2024,True,0.0159360671653115,0.017831504344940186
126,22.03.2024,13,2024,True,0.0159455386211473,0.017831504344940186
126,25.03.2024,13,2024,True,0.0159603670133183,0.016873033717274666
126,26.03.2024,13,2024,True,0.0160738848551598,0.016180528327822685
126,27.03.2024,13,2024,True,0.016219837106849,0.016180528327822685
126,28.03.2024,13,2024,True,0.0161553904691643,0.016180528327822685
126,01.04.2024,13,2024,True,0.016155664287908,0.016738099977374077
126,02.04.2024,13,2024,True,0.0162398333358598,0.016941923648118973
126,03.04.2024,13,2024,True,0.0162391812861609,0.016941923648118973
126,04.04.2024,13,2024,True,0.0167957557320056,0.01638435199856758
126,05.04.2024,13,2024,True,0.0167951177658761,0.01852332428097725
126,08.04.2024,13,2024,True,0.0171094190958545,0.01852332428097725
126,09.04.2024,13,2024,True,0.0175848279664163,0.016524173319339752
126,10.04.2024,13,2024,True,0.0175559651702149,0.016507979482412338
126,11.04.2024,13,2024,True,0.017859142702611,0.017049795016646385
126,12.04.2024,13,2024,True,0.0178441700463691,0.01711243949830532
126,15.04.2024,13,2024,True,0.0179237203352807,0.017487723380327225
126,16.04.2024,13,2024,True,0.0182942497268648,0.026001710444688797
126,17.04.2024,13,2024,True,0.0181046514140484,0.022435499355196953
126,18.04.2024,13,2024,True,0.0181087121491321,0.02224058099091053
126,19.04.2024,13,2024,True,0.01817383256764,0.021430181339383125
126,22.04.2024,13,2024,True,0.018244355243893,0.02202608995139599
126,23.04.2024,13,2024,True,0.0183094363482986,0.020549140870571136
126,24.04.2024,13,2024,True,0.0183443403317535,0.021374762058258057
126,25.04.2024,13,2024,True,0.0183190443163369,0.02064192295074463
126,26.04.2024,13,2024,True,0.0184296985256815,0.020796023309230804
126,29.04.2024,13,2024,True,0.0192038923324049,0.02016298472881317
126,30.04.2024,13,2024,True,0.0192011090258717,0.018996546044945717
126,01.05.2024,13,2024,True,0.0187652249463579,0.018080150708556175
126,02.05.2024,13,2024,True,0.0187811525904257,0.019618170335888863
126,03.05.2024,13,2024,True,0.0187692195074833,0.01972230337560177
126,06.05.2024,13,2024,True,0.0189252679414214,0.01886412315070629
126,07.05.2024,13,2024,True,0.0189346279876462,0.020522067323327065
126,08.05.2024,13,2024,True,0.0189386251757109,0.02057710476219654
126,09.05.2024,13,2024,True,0.0189567830119568,0.020200395956635475
126,10.05.2024,13,2024,True,0.0190337009921727,0.020200395956635475
126,13.05.2024,13,2024,True,0.0191728271236713,0.01989019475877285
126,14.05.2024,13,2024,True,0.0191497575617446,0.01925395056605339
126,15.05.2024,13,2024,True,0.0191520948029045,0.01925395056605339
126,16.05.2024,13,2024,True,0.0191459352227282,0.01925395056605339
126,17.05.2024,13,2024,True,0.0192094066833791,0.01925395056605339
126,20.05.2024,13,2024,True,0.0194273725743224,0.01925395056605339
126,21.05.2024,13,2024,True,0.0194111424544184,0.017931217327713966
126,22.05.2024,13,2024,True,0.0193936160346419,0.017931217327713966
126,23.05.2024,13,2024,True,0.0194702731874137,0.017931217327713966
126,24.05.2024,13,2024,True,0.019486003381762,0.017931217327713966
126,28.05.2024,13,2024,True,0.019509102471308,0.017931217327713966
126,29.05.2024,13,2024,True,0.0195015743546678,0.01960967481136322
126,30.05.2024,13,2024,True,0.0194195257969336,0.019556626677513123
126,31.05.2024,13,2024,True,0.0194198857500808,0.018416114151477814
126,03.06.2024,13,2024,True,0.0191322689020319,0.018804319202899933
126,04.06.2024,13,2024,True,0.019242478140498,0.018919145688414574
126,05.06.2024,13,2024,True,0.0192759443536201,0.01791522465646267
126,06.06.2024,13,2024,True,0.0192005996137872,0.017326094210147858
126,07.06.2024,13,2024,True,0.0192330474867912,0.01823931373655796
126,10.06.2024,13,2024,True,0.0191415567368123,0.01823931373655796
126,11.06.2024,13,2024,True,0.0191378453726509,0.018660645931959152
126,12.06.2024,13,2024,True,0.0191971536818096,0.018406588584184647
126,13.06.2024,13,2024,True,0.0191956412073402,0.018214376643300056
126,14.06.2024,13,2024,True,0.0192454835113319,0.01579739712178707
126,17.06.2024,13,2024,True,0.019168115477036,0.018214376643300056
126,18.06.2024,13,2024,True,0.0191436297420926,0.015717945992946625
126,20.06.2024,13,2024,True,0.0191401824470986,0.015374407172203064
126,21.06.2024,13,2024,True,0.0191432633566024,0.015717945992946625
126,24.06.2024,13,2024,True,0.0191221396924549,0.01813492365181446
126,25.06.2024,13,2024,True,0.0191012917483729,0.019022610038518906
126,26.06.2024,13,2024,True,0.0191401040175268,0.019022610038518906
126,27.06.2024,13,2024,True,0.0190980185166673,0.019170699641108513
126,28.06.2024,13,2024,True,0.0191362831360624,0.019170699641108513
126,01.07.2024,13,2024,True,0.0191374953279816,0.019033066928386688
126,02.07.2024,13,2024,True,0.0191399190774818,0.01730787567794323
126,03.07.2024,13,2024,True,0.0191697911763744,0.015151483938097954
126,05.07.2024,13,2024,True,0.019171533102214,0.01419268362224102
126,08.07.2024,13,2024,True,0.0191581091973298,0.010730225592851639
126,09.07.2024,13,2024,True,0.0191518066612311,0.013200231827795506
126,10.07.2024,13,2024,True,0.0191692477254941,0.014749354682862759
126,11.07.2024,13,2024,True,0.0196187340572659,0.015016399323940277
126,12.07.2024,13,2024,True,0.0196678902058292,0.015016399323940277
126,15.07.2024,13,2024,True,0.0197022707942658,0.015016399323940277
126,16.07.2024,13,2024,True,0.0198090966099576,0.012965045869350433
126,17.07.2024,13,2024,True,0.0197713305492214,0.01378694362938404
126,18.07.2024,13,2024,True,0.0197779828924689,0.016530262306332588
126,19.07.2024,13,2024,True,0.0196735035050697,0.016531027853488922
126,22.07.2024,13,2024,True,0.0196745356564647,0.01682806946337223
126,23.07.2024,13,2024,True,0.0196332007918716,0.016734587028622627
126,24.07.2024,13,2024,True,0.0196188648218704,0.016734587028622627
126,25.07.2024,13,2024,True,0.0196690166496449,0.016734587028622627
126,26.07.2024,13,2024,True,0.0196316233543688,0.01729215867817402
126,29.07.2024,13,2024,True,0.0196033631647728,0.016734587028622627
126,30.07.2024,13,2024,True,0.0195651083058174,0.019463956356048584
126,31.07.2024,13,2024,True,0.0194210281649778,0.021518860012292862
126,01.08.2024,13,2024,True,0.0193981240766589,0.022679133340716362
126,02.08.2024,13,2024,True,0.019154055792515,0.02215390093624592
126,05.08.2024,13,2024,True,0.0192367420498721,0.023992454633116722
126,06.08.2024,13,2024,True,0.0192388638685615,0.023985883221030235
126,07.08.2024,13,2024,True,0.0191224612859247,0.02374749816954136
126,08.08.2024,13,2024,True,0.0191540916555693,0.023215092718601227
126,09.08.2024,13,2024,True,0.019192492907417,0.02256137877702713
126,12.08.2024,13,2024,True,0.019078224423005,0.022092333063483238
126,13.08.2024,13,2024,True,0.0190019793615345,0.022046497091650963
126,14.08.2024,13,2024,True,0.0189784279551195,0.01975313574075699
126,15.08.2024,13,2024,True,0.0189697064190586,0.019427280873060226
126,16.08.2024,13,2024,True,0.0189143920260142,0.018637072294950485
126,19.08.2024,13,2024,True,0.018784821158522,0.019096342846751213
126,20.08.2024,13,2024,True,0.0189320633925331,0.017885398119688034
126,21.08.2024,13,2024,True,0.0188908405404115,0.017832349985837936
126,22.08.2024,13,2024,True,0.018956702422551,0.01790500059723854
126,23.08.2024,13,2024,True,0.0188468529381592,0.01791813038289547
126,26.08.2024,13,2024,True,0.0187422396778465,0.01770899072289467
126,27.08.2024,13,2024,True,0.0186582738290657,0.019277159124612808
126,28.08.2024,13,2024,True,0.0187268679510571,0.020805176347494125
126,29.08.2024,13,2024,True,0.0186756321738916,0.0203448124229908
126,30.08.2024,13,2024,True,0.0187585998239496,0.0203448124229908
126,03.09.2024,13,2024,True,0.0178228500576731,0.020509077236056328
126,04.09.2024,13,2024,True,0.0178183881099487,0.02205483429133892
126,05.09.2024,13,2024,True,0.0178698189170065,0.022637618705630302
126,06.09.2024,13,2024,True,0.0177612906490085,0.02243967168033123
126,09.09.2024,13,2024,True,0.0178230428715934,0.02303246222436428
126,10.09.2024,13,2024,True,0.0175559318841089,0.022764047607779503
126,11.09.2024,13,2024,True,0.0174845660726466,0.02312110923230648
126,12.09.2024,13,2024,True,0.0174118146886121,0.023111525923013687
126,13.09.2024,13,2024,True,0.0174178431585339,0.02283278852701187
126,16.09.2024,13,2024,True,0.017361715006169,0.022644326090812683
126,17.09.2024,13,2024,True,0.0173905809503638,0.020822126418352127
126,18.09.2024,13,2024,True,0.0173918399810556,0.021365167573094368
126,19.09.2024,13,2024,True,0.0173591063378593,0.022684499621391296
126,20.09.2024,13,2024,True,0.0173532951232539,0.01989096589386463
126,23.09.2024,13,2024,True,0.0173648024093299,0.019235864281654358
126,24.09.2024,13,2024,True,0.0172998068010462,0.022493092343211174
126,25.09.2024,13,2024,True,0.0171841939750755,0.02170724794268608
126,26.09.2024,13,2024,True,0.0170794986375552,0.02261373959481716
126,27.09.2024,13,2024,True,0.0170768058283556,0.023075319826602936
126,30.09.2024,13,2024,True,0.0170823727004091,0.02296309545636177
126,01.10.2024,13,2024,True,0.0179477869791321,0.022796010598540306
126,02.10.2024,13,2024,True,0.0189034886411241,0.022380439564585686
126,03.10.2024,13,2024,True,0.0184454112739987,0.023826368153095245
126,04.10.2024,13,2024,True,0.0185233085564114,0.02527879923582077
126,07.10.2024,13,2024,True,0.0186147999387197,0.023772817105054855
126,08.10.2024,13,2024,True,0.0183789436620686,0.027517467737197876
126,09.10.2024,13,2024,True,0.0184928667172423,0.0272234994918108
126,10.10.2024,13,2024,True,0.0181864396447801,0.02674742043018341
126,11.10.2024,13,2024,True,0.0181851245570664,0.02722005359828472
126,14.10.2024,13,2024,True,0.0181916132866075,0.026743974536657333
126,15.10.2024,13,2024,True,0.0180482431473016,0.02722625434398651
126,16.10.2024,13,2024,True,0.0181810928014193,0.02498430758714676
126,17.10.2024,13,2024,True,0.0182527953391399,0.02456015720963478
126,18.10.2024,13,2024,True,0.0182602633851004,0.024583125486969948
126,21.10.2024,13,2024,True,0.0182045990630827,0.024583125486969948
126,22.10.2024,13,2024,True,0.0180824414754515,0.024692095816135406
126,23.10.2024,13,2024,True,0.0180879978082308,0.0247966255992651
126,24.10.2024,13,2024,True,0.0182015357972874,0.024692095816135406
126,25.10.2024,13,2024,True,0.0181390896124624,0.02452104724943638
126,28.10.2024,13,2024,True,0.0173330317349713,0.02524019032716751
126,29.10.2024,13,2024,True,0.0173667093836444,0.02215740457177162
126,30.10.2024,13,2024,True,0.0173226135792739,0.022227106615900993
126,31.10.2024,13,2024,True,0.0175470793585637,0.022168485447764397
126,01.11.2024,13,2024,True,0.0176006734375079,0.02489650808274746
126,04.11.2024,13,2024,True,0.0176140422518358,0.022615037858486176
126,05.11.2024,13,2024,True,0.0176773395497867,0.024283302947878838
126,06.11.2024,13,2024,True,0.0177360256190803,0.024267563596367836
126,07.11.2024,13,2024,True,0.0178684673243018,0.02389463596045971
126,08.11.2024,13,2024,True,0.0177653969727611,0.02231884002685547
126,11.11.2024,13,2024,True,0.0177188364319272,0.022631289437413216
126,12.11.2024,13,2024,True,0.0177646288781752,0.02235349826514721
126,13.11.2024,13,2024,True,0.0177577470314348,0.026426149532198906
126,14.11.2024,13,2024,True,0.017753445264602,0.026028767228126526
126,15.11.2024,13,2024,True,0.0176688409426217,0.02379266545176506
126,18.11.2024,13,2024,True,0.0174421171453446,0.026597818359732628
126,19.11.2024,13,2024,True,0.0174508172490008,0.022974295541644096
126,20.11.2024,13,2024,True,0.0174645946729845,0.022783614695072174
126,21.11.2024,13,2024,True,0.0174119795934017,0.022921247407794
126,22.11.2024,13,2024,True,0.0173937050713083,0.022921247407794
126,25.11.2024,13,2024,True,0.0172142477544193,0.02299548126757145
126,26.11.2024,13,2024,True,0.0172490125433141,0.023485975340008736
126,27.11.2024,13,2024,True,0.0173097547332975,0.023245615884661674
126,29.11.2024,13,2024,True,0.0173359867948867,0.02337023988366127
126,02.12.2024,13,2024,True,0.0173030596430715,0.02284209616482258
126,03.12.2024,13,2024,True,0.0172281025317072,0.022322213277220726
126,04.12.2024,13,2024,True,0.0171787969740953,0.02257627062499523
126,05.12.2024,13,2024,True,0.0171782776936737,0.021344909444451332
126,06.12.2024,13,2024,True,0.0175607227671014,0.019227396696805954
126,09.12.2024,13,2024,True,0.0175202713451214,0.01950576901435852
126,10.12.2024,13,2024,True,0.0185429925795622,0.018658878281712532
126,11.12.2024,13,2024,True,0.0185120598280503,0.016711857169866562
126,12.12.2024,13,2024,True,0.01890472637793,0.017753878608345985
126,13.12.2024,13,2024,True,0.0188631346747285,0.018517203629016876
126,16.12.2024,13,2024,True,0.0188522226040059,0.02000090479850769
126,17.12.2024,13,2024,True,0.0199783456461508,0.021334756165742874
126,18.12.2024,13,2024,True,0.0207363233669758,0.01969609595835209
126,19.12.2024,13,2024,True,0.020743060354037,0.021674789488315582
126,20.12.2024,13,2024,True,0.0207430157733015,0.019594313576817513
126,23.12.2024,13,2024,True,0.0207406486935094,0.019290709868073463
126,24.12.2024,13,2024,True,0.0207055097892187,0.020712321624159813
126,26.12.2024,13,2024,True,0.0207116737498426,0.020371239632368088
126,27.12.2024,13,2024,True,0.0208524445509808,0.020371239632368088
126,30.12.2024,13,2024,True,0.0208529496529276,0.020525339990854263
126,31.12.2024,13,2024,True,0.0208769428768026,0.020019162446260452
5,02.01.2025,14,2025,True,0.0220505784488482,0.01169353537261486
5,03.01.2025,14,2025,True,0.0221353948785367,0.01242622546851635
5,06.01.2025,14,2025,True,0.0242867503105259,0.011693065986037254
5,07.01.2025,14,2025,True,0.0254360975179946,0.011383420787751675
5,08.01.2025,14,2025,True,0.0248484112084774,0.013153540901839733
5,10.01.2025,14,2025,True,0.0172601523615901,0.013442735187709332
5,13.01.2025,14,2025,True,0.0176201698395721,0.019631460309028625
5,14.01.2025,14,2025,True,0.0168604553926963,0.016849901527166367
5,15.01.2025,14,2025,True,0.0057188640058011,0.016812076792120934
5,16.01.2025,14,2025,True,0.0078654549487953,0.01653282903134823
5,17.01.2025,14,2025,True,0.0092816778736624,0.016080273315310478
5,21.01.2025,14,2025,True,0.0094607572366928,0.01656869240105152
5,22.01.2025,14,2025,True,0.0099500450890575,0.014271031133830547
5,23.01.2025,14,2025,True,0.010669785921579,0.015202385373413563
5,24.01.2025,14,2025,True,0.010207536135032,0.015246963128447533
5,27.01.2025,14,2025,True,0.0079205481704053,0.011210029013454914
5,28.01.2025,14,2025,True,0.0074032615445412,0.01773304119706154
5,29.01.2025,14,2025,True,0.010545956030756,0.014823079109191895
5,30.01.2025,14,2025,True,0.0093781269672101,0.01645721308887005
5,31.01.2025,14,2025,True,0.0106493623700931,0.014557844027876854
5,03.02.2025,14,2025,True,0.0137472601045466,0.012215189635753632
5,04.02.2025,14,2025,True,0.0153544036493948,0.018254615366458893
5,05.02.2025,14,2025,True,0.0164376150215636,0.017019042745232582
5,06.02.2025,14,2025,True,0.0162734974634555,0.017894569784402847
5,07.02.2025,14,2025,True,0.0163363131012388,0.018494265154004097
5,10.02.2025,14,2025,True,0.0159898189400145,0.015436811372637749
5,11.02.2025,14,2025,True,0.0139608148442115,0.016511766240000725
5,12.02.2025,14,2025,True,0.0073046022664764,0.015173399820923805
5,13.02.2025,14,2025,True,0.015759333105148,0.01621861197054386
5,14.02.2025,14,2025,True,0.0159206130443817,0.015341546386480331
5,18.02.2025,14,2025,True,0.0164358151688268,0.015321468934416771
5,19.02.2025,14,2025,True,0.0154872696096919,0.01200241968035698
5,20.02.2025,14,2025,True,0.0199194317206361,0.0125631894916296
5,21.02.2025,14,2025,True,0.0168693749301636,0.014308357611298561
5,24.02.2025,14,2025,True,0.0177843891392881,0.018430327996611595
5,25.02.2025,14,2025,True,0.015697869122747,0.01451096124947071
5,26.02.2025,14,2025,True,0.0179679726263926,0.01597217470407486
5,27.02.2025,14,2025,True,0.010859471768463,0.0168442539870739
5,28.02.2025,14,2025,True,0.0158711479037016,0.013896679505705833
5,03.03.2025,14,2025,True,0.0147539217125969,0.012863393872976303
5,04.03.2025,14,2025,True,0.0154345624512926,0.01877417601644993
5,05.03.2025,14,2025,True,0.0132979491466893,0.018645374104380608
5,06.03.2025,14,2025,True,0.0160966401546739,0.019087815657258034
5,07.03.2025,14,2025,True,0.0156152028936788,0.01701696775853634
5,10.03.2025,14,2025,True,0.0128036135172473,0.014468412846326828
5,11.03.2025,14,2025,True,0.0139707192291175,0.01721968688070774
5,12.03.2025,14,2025,True,0.0104706490807631,0.0144142284989357
5,13.03.2025,14,2025,True,0.0089747837562153,0.012246577069163322
5,14.03.2025,14,2025,True,0.0087803807410731,0.014844036661088467
5,17.03.2025,14,2025,True,0.0093394879341234,0.014505178667604923
5,18.03.2025,14,2025,True,0.0071730512932164,0.013389825820922852
5,19.03.2025,14,2025,True,0.0069669327764292,0.01818530075252056
5,20.03.2025,14,2025,True,0.0051214098094697,0.015502686612308025
5,21.03.2025,14,2025,True,0.0071172089491312,0.012807171791791916
5,24.03.2025,14,2025,True,0.0081074330927179,0.012293120846152306
5,25.03.2025,14,2025,True,0.0087406576780533,0.013931984081864357
5,26.03.2025,14,2025,True,0.0081279241929935,0.012617893517017365
5,27.03.2025,14,2025,True,0.03208994213158,0.013705680146813393
5,28.03.2025,14,2025,True,0.0403428612050328,0.01303117722272873
5,31.03.2025,14,2025,True,0.0346446720483537,0.013491567224264145
5,01.04.2025,14,2025,True,0.0319147017167246,0.014291323721408844
5,02.04.2025,14,2025,True,0.0444794347502507,0.015069661661982536
5,03.04.2025,14,2025,True,0.0393437933488194,0.011903958395123482
5,04.04.2025,14,2025,True,0.0325041240069686,0.021777888759970665
5,07.04.2025,14,2025,True,0.0307973331484912,0.022124022245407104
5,08.04.2025,14,2025,True,0.0281891528859294,0.050024084746837616
5,09.04.2025,14,2025,True,0.0220665492760755,0.048752784729003906
5,10.04.2025,14,2025,True,0.0144784192349587,0.029492657631635666
5,11.04.2025,14,2025,True,0.0216364742224529,0.0441744402050972
5,14.04.2025,14,2025,True,0.0222825901384298,0.04485788941383362
5,15.04.2025,14,2025,True,0.0253350852699408,0.01709793321788311
5,16.04.2025,14,2025,True,0.0242821984550583,0.01747356355190277
5,17.04.2025,14,2025,True,0.0184175423474324,0.0190177820622921
5,21.04.2025,14,2025,True,0.0157452123004498,0.018013007938861847
5,22.04.2025,14,2025,True,0.0144076490390427,0.022000938653945923
5,23.04.2025,14,2025,True,0.0140786148960228,0.025560414418578148
5,24.04.2025,14,2025,True,0.0110377360523338,0.023325344547629356
5,25.04.2025,14,2025,True,0.0043521836426677,0.025698650628328323
5,28.04.2025,14,2025,True,0.0041803464013242,0.028488045558333397
5,29.04.2025,14,2025,True,0.0213207182753155,0.023298591375350952
5,30.04.2025,14,2025,True,0.0211909822743392,0.027691230177879333
5,01.05.2025,14,2025,True,0.0249902711917169,0.025994015857577324
5,02.05.2025,14,2025,True,0.0238391303230983,0.02440553717315197
5,05.05.2025,14,2025,True,0.0189850868859371,0.06446036696434021
5,06.05.2025,14,2025,True,0.0178569338011486,0.022196276113390923
5,07.05.2025,14,2025,True,0.0142214095697521,0.021374933421611786
5,08.05.2025,14,2025,True,0.0205602202963938,0.02092844247817993
5,09.05.2025,14,2025,True,0.0201401488878922,0.021906502544879913
5,12.05.2025,14,2025,True,0.0190573432470106,0.021259747445583344
5,13.05.2025,14,2025,True,0.0137701317846183,0.022179121151566505
5,14.05.2025,14,2025,True,0.0137032733073424,0.022981766611337662
5,15.05.2025,14,2025,True,0.0086292533196636,0.02088097482919693
5,16.05.2025,14,2025,True,0.0055618466350804,0.021505581215023994
5,19.05.2025,14,2025,True,0.0061866422198321,0.02231304533779621
5,20.05.2025,14,2025,True,0.0099260523895305,0.017817771062254906
5,21.05.2025,14,2025,True,0.0107270573971582,0.014856293797492981
5,22.05.2025,14,2025,True,0.0104438235202562,0.020578084513545036
5,23.05.2025,14,2025,True,0.0117337480159044,0.019837303087115288
5,27.05.2025,14,2025,True,0.0118333714865348,0.01971166394650936
5,28.05.2025,14,2025,True,0.0127900709244362,0.019765516743063927
5,29.05.2025,14,2025,True,0.0112484580236332,0.01742899790406227
5,30.05.2025,14,2025,True,0.0116346809192865,0.017134634777903557
5,02.06.2025,14,2025,True,0.0114916935612198,0.018831493332982063
5,03.06.2025,14,2025,True,0.0111459784789501,0.017630042508244514
5,04.06.2025,14,2025,True,0.0170661701081555,0.020279761403799057
5,05.06.2025,14,2025,True,0.0193483688500145,0.018908236175775528
5,06.06.2025,14,2025,True,0.0319480299949111,0.015386723913252354
5,09.06.2025,14,2025,True,0.0356098162478792,0.017046138644218445
5,10.06.2025,14,2025,True,0.0349726120084476,0.017879150807857513
5,11.06.2025,14,2025,True,0.0349723926568886,0.018477294594049454
5,12.06.2025,14,2025,True,0.033459144494142,0.017845068126916885
5,13.06.2025,14,2025,True,0.0428090542273145,0.02082289382815361
5,16.06.2025,14,2025,True,0.0496167481636245,0.021241215988993645
5,17.06.2025,14,2025,True,0.0406145299043486,0.03720718249678612
5,18.06.2025,14,2025,True,0.0401984008799393,0.059903766959905624
5,20.06.2025,14,2025,True,0.0396044512095183,0.0515325590968132
5,23.06.2025,14,2025,True,0.0290451942352255,0.05486932396888733
5,24.06.2025,14,2025,True,0.0056060518287164,0.05240316689014435
5,25.06.2025,14,2025,True,0.0144613988748338,0.04141080006957054
5,26.06.2025,14,2025,True,0.0149540173475068,0.02995268814265728
5,27.06.2025,14,2025,True,0.0152596284264272,0.02862606942653656
5,30.06.2025,14,2025,True,0.0146570857810579,0.028407681733369827
5,01.07.2025,14,2025,True,0.0129793964546044,0.016230693086981773
5,02.07.2025,14,2025,True,0.0132620134442428,0.0165308378636837
5,03.07.2025,14,2025,True,0.0173538312532886,0.018140077590942383
5,07.07.2025,14,2025,True,0.018999766444954,0.01769503764808178
5,08.07.2025,14,2025,True,0.0183685854771231,0.020467784255743027
5,09.07.2025,14,2025,True,0.0182142082682892,0.016425620764493942
5,10.07.2025,14,2025,True,0.0167468057983991,0.015513644553720951
5,11.07.2025,14,2025,True,0.0112454938452811,0.01528716366738081
5,14.07.2025,14,2025,True,0.0084134695705367,0.016568513587117195
5,15.07.2025,14,2025,True,0.0088167322981089,0.012657214887440205
5,16.07.2025,14,2025,True,0.0087355556911967,0.015113390982151031
5,17.07.2025,14,2025,True,0.0068048550261348,0.012221741490066051
5,18.07.2025,14,2025,True,0.0081235123620019,0.01361360214650631
5,21.07.2025,14,2025,True,0.0141271946696029,0.012715501710772514
5,22.07.2025,14,2025,True,0.0182287920108319,0.014518992975354195
5,23.07.2025,14,2025,True,0.0169888559416058,0.017662018537521362
5,24.07.2025,14,2025,True,0.0199928706386486,0.016319267451763153
5,25.07.2025,14,2025,True,0.0295189707778344,0.01646427996456623
5,28.07.2025,14,2025,True,0.0279272569454022,0.016675641760230064
5,29.07.2025,14,2025,True,0.0179551433579458,0.020990220829844475
5,30.07.2025,14,2025,True,0.0126021588704502,0.01959007978439331
5,31.07.2025,14,2025,True,0.0131284117208537,0.019380776211619377
5,01.08.2025,14,2025,True,0.007269917849986,0.018447648733854294
5,04.08.2025,14,2025,True,0.0079018537434497,0.014139380306005478
5,05.08.2025,14,2025,True,0.0057838951617244,0.020197328180074692
5,06.08.2025,14,2025,True,0.0048940973358035,0.019582930952310562
5,07.08.2025,14,2025,True,0.0105675458055591,0.019072584807872772
5,08.08.2025,14,2025,True,0.0127099787434487,0.017634935677051544
5,11.08.2025,14,2025,True,0.014133364712828,0.01554422453045845
5,12.08.2025,14,2025,True,0.0148722977575361,0.011560788378119469
5,13.08.2025,14,2025,True,0.0159560050544006,0.01289292797446251
5,14.08.2025,14,2025,True,0.0147751760039636,0.014623753726482391
5,15.08.2025,14,2025,True,0.011438029217692,0.01492521446198225
5,18.08.2025,14,2025,True,0.0121242387871722,0.01587054133415222
5,19.08.2025,14,2025,True,0.016558883293334,0.012784210965037346
5,20.08.2025,14,2025,True,0.0160060683735691,0.013466804288327694
5,21.08.2025,14,2025,True,0.0155527556253799,0.012784978374838829
5,22.08.2025,14,2025,True,0.0162213419562951,0.012687621638178825
5,25.08.2025,14,2025,True,0.0160426365556965,0.011211710050702095
5,26.08.2025,14,2025,True,0.0157765352609363,0.013509523123502731
5,27.08.2025,14,2025,True,0.014867955787981,0.017399314790964127
5,28.08.2025,14,2025,True,0.0153036219197656,0.015232129022479057
5,29.08.2025,14,2025,True,0.0171961310551014,0.01605994999408722
5,02.09.2025,14,2025,True,0.014661257568791,0.01640634983778
5,03.09.2025,14,2025,True,0.0154222751320029,0.014635507948696613
5,04.09.2025,14,2025,True,0.0168262597619642,0.017500994727015495
5,05.09.2025,14,2025,True,0.0125409992834056,0.015290959738194942
5,08.09.2025,14,2025,True,0.0124701260454396,0.014277071692049503
5,09.09.2025,14,2025,True,0.0134235370682275,0.015203218907117844
5,10.09.2025,14,2025,True,0.0131334471793157,0.014549735002219677
5,11.09.2025,14,2025,True,0.0103046697620396,0.014716364443302155
5,12.09.2025,14,2025,True,0.0113312238160733,0.014802282676100731
5,15.09.2025,14,2025,True,0.0105127685779204,0.013330893591046333
5,16.09.2025,14,2025,True,0.010783498913825,0.012823108583688736
5,17.09.2025,14,2025,True,0.0155003088649593,0.014713305979967117
5,18.09.2025,14,2025,True,0.0142992417943646,0.012631464749574661
5,19.09.2025,14,2025,True,0.010624127389095,0.013766303658485413
5,22.09.2025,14,2025,True,0.0215045427148459,0.013016916811466217
5,23.09.2025,14,2025,True,0.021613345762759,0.015636570751667023
5,24.09.2025,14,2025,True,0.0175169626081447,0.017583295702934265
5,25.09.2025,14,2025,True,0.015950427228538,0.019543873146176338
5,26.09.2025,14,2025,True,0.0144746013874583,0.018918409943580627
5,29.09.2025,14,2025,True,0.0171228089906599,0.01837858557701111
5,30.09.2025,14,2025,True,0.0169057914863544,0.017348285764455795
5,01.10.2025,14,2025,True,0.0135004642686761,0.017442012205719948
5,02.10.2025,14,2025,True,0.012104426109592,0.02083018608391285
5,03.10.2025,14,2025,True,0.0221221458459146,0.018500370904803276
5,06.10.2025,14,2025,True,0.0210542730265329,0.01773613877594471
5,07.10.2025,14,2025,True,0.0209548765797038,0.01648755930364132
5,08.10.2025,14,2025,True,0.0173845501396061,0.014672309160232544
5,09.10.2025,14,2025,True,0.0173478870901538,0.014542587101459503
5,10.10.2025,14,2025,True,0.0107657978219097,0.015274038538336754
5,13.10.2025,14,2025,True,0.0075593904881998,0.017308304086327553
5,14.10.2025,14,2025,True,0.0079326950347135,0.016521424055099487
5,15.10.2025,14,2025,True,0.0127306203206622,0.015939494594931602
5,16.10.2025,14,2025,True,0.0227672734962571,0.015705669298768044
5,17.10.2025,14,2025,True,0.0234310816621399,0.016948072239756584
5,20.10.2025,14,2025,True,0.0234899082613327,0.016951454803347588
5,21.10.2025,14,2025,True,0.0279037565183169,0.01723112352192402
5,22.10.2025,14,2025,True,0.027258441740358,0.017235901206731796
5,23.10.2025,14,2025,True,0.0099615516416712,0.018085937947034836
5,24.10.2025,14,2025,True,0.0100986603222526,0.021735630929470062
5,27.10.2025,14,2025,True,0.010027341514454,0.020717773586511612
5,28.10.2025,14,2025,True,0.0055536658683354,0.018995217978954315
5,29.10.2025,14,2025,True,0.0065287311376695,0.016757536679506302
5,30.10.2025,14,2025,True,0.0059477808555378,0.015758372843265533
5,31.10.2025,14,2025,True,0.0067654296110995,0.015722431242465973
5,03.11.2025,14,2025,True,0.0084821315435246,0.016422448679804802
5,04.11.2025,14,2025,True,0.0115940526970447,0.01726469025015831
5,05.11.2025,14,2025,True,0.0211628254395979,0.01882195472717285
5,06.11.2025,14,2025,True,0.0214211045920007,0.01929868757724762
5,07.11.2025,14,2025,True,0.0238116937384396,0.01818489469587803
5,10.11.2025,14,2025,True,0.0237623710156618,0.0184700358659029
5,11.11.2025,14,2025,True,0.022806325868592,0.01683315448462963
5,12.11.2025,14,2025,True,0.0161640734700876,0.017543602734804153
5,13.11.2025,14,2025,True,0.0162158323732583,0.015381189994513988
5,14.11.2025,14,2025,True,0.0121718959440479,0.015559765510261059
5,17.11.2025,14,2025,True,0.0148473429303784,0.01546891126781702
5,18.11.2025,14,2025,True,0.0133690967877499,0.013880684971809387
5,19.11.2025,14,2025,True,0.0126415630956973,0.014690239913761616
5,20.11.2025,14,2025,True,0.0126673943734615,0.015526152215898037
5,21.11.2025,14,2025,True,0.0106686998131597,0.016512537375092506
5,24.11.2025,14,2025,True,0.0099656120934904,0.014710046350955963
5,25.11.2025,14,2025,True,0.007913534656538,0.015257739461958408
5,26.11.2025,14,2025,True,0.0076187728974658,0.015342908911406994
5,28.11.2025,14,2025,True,0.0083114612016715,0.014416723512113094
5,01.12.2025,14,2025,True,0.0129053375413822,0.019708996638655663
5,02.12.2025,14,2025,True,0.0124791537036864,0.016353538259863853
5,03.12.2025,14,2025,True,0.0125704334178669,0.01751934550702572
5,04.12.2025,14,2025,True,0.0120389101759459,0.016517899930477142
5,05.12.2025,14,2025,True,0.0096733594434956,0.015926377847790718
5,08.12.2025,14,2025,True,0.0073935946389526,0.015320226550102234
5,09.12.2025,14,2025,True,0.0121589661535638,0.015711618587374687
5,10.12.2025,14,2025,True,0.0149302798129908,0.012524841353297234
5,11.12.2025,14,2025,True,0.0149895142944583,0.013517998158931732
5,12.12.2025,14,2025,True,0.0165992097167045,0.014321569353342056
5,15.12.2025,14,2025,True,0.0200061176820182,0.011049050837755203
5,16.12.2025,14,2025,True,0.0092482166607722,0.01668485440313816
5,17.12.2025,14,2025,True,0.0109698916317186,0.020382441580295563
5,18.12.2025,14,2025,True,0.0191693439949311,0.01930888183414936
5,19.12.2025,14,2025,True,0.0207645877625672,0.01860654167830944
5,22.12.2025,14,2025,True,0.017007151939242,0.018828386440873146
5,23.12.2025,14,2025,True,0.0181234851437219,0.01835913397371769
5,24.12.2025,14,2025,True,0.0181480582685538,0.016526196151971817
5,26.12.2025,14,2025,True,0.0155038838686149,0.014810724183917046
5,29.12.2025,14,2025,True,0.0141108592990247,0.01824350468814373
5,30.12.2025,14,2025,True,0.0143324994777375,0.013678129762411118
5,31.12.2025,14,2025,True,0.0210025906415522,0.01316056214272976
22,02.01.2025,14,2025,True,0.0156977566319516,0.01465106662362814
22,03.01.2025,14,2025,True,0.0155990677135808,0.01419046800583601
22,06.01.2025,14,2025,True,0.0156525169258765,0.014412660151720047
22,07.01.2025,14,2025,True,0.0159141238458982,0.01087709330022335
22,08.01.2025,14,2025,True,0.0160466427895536,0.01287867221981287
22,10.01.2025,14,2025,True,0.0132610260249441,0.013373340480029583
22,13.01.2025,14,2025,True,0.01262350100461,0.014436413533985615
22,14.01.2025,14,2025,True,0.0124230945566499,0.01772683672606945
22,15.01.2025,14,2025,True,0.0113382955275358,0.01978876069188118
22,16.01.2025,14,2025,True,0.0113425375296744,0.019258860498666763
22,17.01.2025,14,2025,True,0.0114703067476877,0.01955610327422619
22,21.01.2025,14,2025,True,0.01215901807041,0.01730579137802124
22,22.01.2025,14,2025,True,0.0122632474462226,0.01716765947639942
22,23.01.2025,14,2025,True,0.0130203752844338,0.017700159922242165
22,24.01.2025,14,2025,True,0.0129736743306993,0.016751257702708244
22,27.01.2025,14,2025,True,0.0135167847990555,0.015406019985675812
22,28.01.2025,14,2025,True,0.0135749558622095,0.019361838698387146
22,29.01.2025,14,2025,True,0.0140402090230932,0.015698295086622238
22,30.01.2025,14,2025,True,0.0139941348886892,0.017098864540457726
22,31.01.2025,14,2025,True,0.014692227089,0.01527401339262724
22,03.02.2025,14,2025,True,0.0147034639731345,0.015690872445702553
22,04.02.2025,14,2025,True,0.0150721472945956,0.019687004387378693
22,05.02.2025,14,2025,True,0.0148074570134684,0.01926899515092373
22,06.02.2025,14,2025,True,0.0148888799641424,0.01972319185733795
22,07.02.2025,14,2025,True,0.015584918318364,0.020340144634246826
22,10.02.2025,14,2025,True,0.0152499419537417,0.01549729984253645
22,11.02.2025,14,2025,True,0.0150039523156336,0.015759296715259552
22,12.02.2025,14,2025,True,0.0144815513482294,0.01398512627929449
22,13.02.2025,14,2025,True,0.0145147905609126,0.014870794489979744
22,14.02.2025,14,2025,True,0.0145667881540235,0.015017888508737087
22,18.02.2025,14,2025,True,0.0147141013804463,0.014048154465854168
22,19.02.2025,14,2025,True,0.0147076728992956,0.014624377712607384
22,20.02.2025,14,2025,True,0.0149114628498595,0.014447860419750214
22,21.02.2025,14,2025,True,0.0138240523660954,0.014529533684253693
22,24.02.2025,14,2025,True,0.0139894104814634,0.020436223596334457
22,25.02.2025,14,2025,True,0.0130065189996406,0.013518410734832287
22,26.02.2025,14,2025,True,0.012974073690083,0.015715474262833595
22,27.02.2025,14,2025,True,0.0126122460953874,0.016145829111337662
22,28.02.2025,14,2025,True,0.0123536867686423,0.013312089256942272
22,03.03.2025,14,2025,True,0.0113366376450015,0.013302462175488472
22,04.03.2025,14,2025,True,0.0184115367375688,0.020850878208875656
22,05.03.2025,14,2025,True,0.0227738388962475,0.020676180720329285
22,06.03.2025,14,2025,True,0.0230832933546547,0.019222591072320938
22,07.03.2025,14,2025,True,0.0230935757693971,0.01992875710129738
22,10.03.2025,14,2025,True,0.0249948042822971,0.014350198209285736
22,11.03.2025,14,2025,True,0.0257851335566643,0.01784849539399147
22,12.03.2025,14,2025,True,0.0259035251232811,0.01599566638469696
22,13.03.2025,14,2025,True,0.0258121584531549,0.014715878292918205
22,14.03.2025,14,2025,True,0.0256400883699332,0.018037190660834312
22,17.03.2025,14,2025,True,0.0259742326894781,0.018379585817456245
22,18.03.2025,14,2025,True,0.027001962744571,0.014495574869215488
22,19.03.2025,14,2025,True,0.0274377379605618,0.01887645199894905
22,20.03.2025,14,2025,True,0.0274575960621982,0.01766998879611492
22,21.03.2025,14,2025,True,0.0276589504857625,0.013524515554308891
22,24.03.2025,14,2025,True,0.0275437356670162,0.013331064954400063
22,25.03.2025,14,2025,True,0.0275955886601122,0.014107931405305862
22,26.03.2025,14,2025,True,0.0274969749720216,0.013225425966084003
22,27.03.2025,14,2025,True,0.0277357952683522,0.01329523604363203
22,28.03.2025,14,2025,True,0.0278384646779957,0.013449445366859436
22,31.03.2025,14,2025,True,0.0274527517269663,0.01368089858442545
22,01.04.2025,14,2025,True,0.0274500602402056,0.015896089375019073
22,02.04.2025,14,2025,True,0.027295784897381,0.018423739820718765
22,03.04.2025,14,2025,True,0.0255788338942733,0.016963573172688484
22,04.04.2025,14,2025,True,0.0217558101431608,0.020603809505701065
22,07.04.2025,14,2025,True,0.0223270732195337,0.022062527015805244
22,08.04.2025,14,2025,True,0.0221276072236165,0.03985454887151718
22,09.04.2025,14,2025,True,0.0205153797061265,0.04171430319547653
22,10.04.2025,14,2025,True,0.0198252023289617,0.02561067044734955
22,11.04.2025,14,2025,True,0.0194200970342849,0.035457491874694824
22,14.04.2025,14,2025,True,0.0201241023435439,0.038587309420108795
22,15.04.2025,14,2025,True,0.0203223680331214,0.025125034153461456
22,16.04.2025,14,2025,True,0.0199461493151308,0.021623926237225533
22,17.04.2025,14,2025,True,0.0186432191200215,0.022469276562333107
22,21.04.2025,14,2025,True,0.017939164078167,0.022109143435955048
22,22.04.2025,14,2025,True,0.0174907453210756,0.022338714450597763
22,23.04.2025,14,2025,True,0.0170942330554088,0.0223213043063879
22,24.04.2025,14,2025,True,0.0171321094110816,0.023601479828357697
22,25.04.2025,14,2025,True,0.0173510816485363,0.024579968303442
22,28.04.2025,14,2025,True,0.0172308283554704,0.023384684696793556
22,29.04.2025,14,2025,True,0.0164283984720986,0.023563412949442863
22,30.04.2025,14,2025,True,0.0161213713172419,0.025156930088996887
22,01.05.2025,14,2025,True,0.015935273165259,0.023227153345942497
22,02.05.2025,14,2025,True,0.0158526096041587,0.02407175302505493
22,05.05.2025,14,2025,True,0.0152310250758552,0.04710497707128525
22,06.05.2025,14,2025,True,0.0142713637966148,0.02271186001598835
22,07.05.2025,14,2025,True,0.0136058437680181,0.022792408242821693
22,08.05.2025,14,2025,True,0.012605013643343,0.022546587511897087
22,09.05.2025,14,2025,True,0.0149278334939471,0.022795863449573517
22,12.05.2025,14,2025,True,0.0148057479876138,0.024370865896344185
22,13.05.2025,14,2025,True,0.0197950849911953,0.022086409851908684
22,14.05.2025,14,2025,True,0.0199981359316265,0.020835217088460922
22,15.05.2025,14,2025,True,0.0205309451937766,0.021219994872808456
22,16.05.2025,14,2025,True,0.0205086707532782,0.022455932572484016
22,19.05.2025,14,2025,True,0.0204883321081157,0.022052627056837082
22,20.05.2025,14,2025,True,0.0268883715893347,0.0199978519231081
22,21.05.2025,14,2025,True,0.030365964050637,0.01864018477499485
22,22.05.2025,14,2025,True,0.0303297459714897,0.020667552947998047
22,23.05.2025,14,2025,True,0.030323541947114,0.021806631237268448
22,27.05.2025,14,2025,True,0.0301930217943651,0.022147076204419136
22,28.05.2025,14,2025,True,0.0301247086770491,0.022426122799515724
22,29.05.2025,14,2025,True,0.0300483953646778,0.02035321108996868
22,30.05.2025,14,2025,True,0.0305671852243247,0.020348960533738136
22,02.06.2025,14,2025,True,0.0305615182162589,0.021029388532042503
22,03.06.2025,14,2025,True,0.0304942703448468,0.019263358786702156
22,04.06.2025,14,2025,True,0.0303401596213933,0.02017083950340748
22,05.06.2025,14,2025,True,0.0303341537609103,0.02105645462870598
22,06.06.2025,14,2025,True,0.030639342138854,0.018247099593281746
22,09.06.2025,14,2025,True,0.0310103628382492,0.018802393227815628
22,10.06.2025,14,2025,True,0.0312532268283665,0.020976364612579346
22,11.06.2025,14,2025,True,0.0299248514180919,0.021613100543618202
22,12.06.2025,14,2025,True,0.0299064161357196,0.023365097120404243
22,13.06.2025,14,2025,True,0.0260026460291435,0.024964390322566032
22,16.06.2025,14,2025,True,0.0258958233859133,0.030268654227256775
22,17.06.2025,14,2025,True,0.023826339139244,0.0486745648086071
22,18.06.2025,14,2025,True,0.0237788874815522,0.046274688094854355
22,20.06.2025,14,2025,True,0.0237097245432806,0.04348723962903023
22,23.06.2025,14,2025,True,0.0181529859131329,0.048592254519462585
22,24.06.2025,14,2025,True,0.012236208158877,0.04327249526977539
22,25.06.2025,14,2025,True,0.0130518963146919,0.039993129670619965
22,26.06.2025,14,2025,True,0.0148324511822362,0.024461878463625908
22,27.06.2025,14,2025,True,0.014892547305315,0.025373607873916626
22,30.06.2025,14,2025,True,0.0151129769953646,0.024662762880325317
22,01.07.2025,14,2025,True,0.0176208963586631,0.021215083077549934
22,02.07.2025,14,2025,True,0.016752289985975,0.022161642089486122
22,03.07.2025,14,2025,True,0.017086539413973,0.022164367139339447
22,07.07.2025,14,2025,True,0.0170023276045598,0.021105170249938965
22,08.07.2025,14,2025,True,0.0168853731410392,0.017400281503796577
22,09.07.2025,14,2025,True,0.0169056671535723,0.018101610243320465
22,10.07.2025,14,2025,True,0.0163144737350351,0.019984668120741844
22,11.07.2025,14,2025,True,0.0152759691006436,0.020496251061558723
22,14.07.2025,14,2025,True,0.0150104465422522,0.015765799209475517
22,15.07.2025,14,2025,True,0.0155936142049484,0.017562782391905785
22,16.07.2025,14,2025,True,0.0158627791639784,0.021502071991562843
22,17.07.2025,14,2025,True,0.0157217324602898,0.02109740488231182
22,18.07.2025,14,2025,True,0.0158724993589012,0.02122761867940426
22,21.07.2025,14,2025,True,0.0163395554871721,0.022677840664982796
22,22.07.2025,14,2025,True,0.0165109354568515,0.02266628108918667
22,23.07.2025,14,2025,True,0.0165134629449615,0.020637542009353638
22,24.07.2025,14,2025,True,0.0167362483435218,0.019187210127711296
22,25.07.2025,14,2025,True,0.0173107869081745,0.01909617707133293
22,28.07.2025,14,2025,True,0.0167423677516609,0.018887747079133987
22,29.07.2025,14,2025,True,0.014887524802962,0.01976512186229229
22,30.07.2025,14,2025,True,0.0146499148884843,0.021350160241127014
22,31.07.2025,14,2025,True,0.0150674678607944,0.019913695752620697
22,01.08.2025,14,2025,True,0.0133082530255332,0.021014604717493057
22,04.08.2025,14,2025,True,0.0131638903572966,0.021638033911585808
22,05.08.2025,14,2025,True,0.013556266154795,0.02330748923122883
22,06.08.2025,14,2025,True,0.0135165071704652,0.018158171325922012
22,07.08.2025,14,2025,True,0.0135013297154084,0.02023700252175331
22,08.08.2025,14,2025,True,0.013945615206465,0.01801808923482895
22,11.08.2025,14,2025,True,0.0144275775053584,0.017038287594914436
22,12.08.2025,14,2025,True,0.014461114581955,0.015193752013146877
22,13.08.2025,14,2025,True,0.0144010877913743,0.015165249817073345
22,14.08.2025,14,2025,True,0.0142402352727315,0.017199235036969185
22,15.08.2025,14,2025,True,0.0139309665419624,0.01836222968995571
22,18.08.2025,14,2025,True,0.0138729979067331,0.01888163946568966
22,19.08.2025,14,2025,True,0.0138345699754992,0.014224889688193798
22,20.08.2025,14,2025,True,0.0134142454098782,0.015010886825621128
22,21.08.2025,14,2025,True,0.0135870523296515,0.01542564108967781
22,22.08.2025,14,2025,True,0.0145633552059597,0.013102731667459011
22,25.08.2025,14,2025,True,0.0141946573403635,0.013214899227023125
22,26.08.2025,14,2025,True,0.0133042202300913,0.016285648569464684
22,27.08.2025,14,2025,True,0.0148431843384656,0.01851765625178814
22,28.08.2025,14,2025,True,0.0150079725196143,0.01678171008825302
22,29.08.2025,14,2025,True,0.0158268055367313,0.017727958038449287
22,02.09.2025,14,2025,True,0.0157742205673102,0.018009135499596596
22,03.09.2025,14,2025,True,0.0153090825838569,0.013243276625871658
22,04.09.2025,14,2025,True,0.0156189008847231,0.014139504171907902
22,05.09.2025,14,2025,True,0.014866098841706,0.013963497243821621
22,08.09.2025,14,2025,True,0.0150008969828527,0.013288670219480991
22,09.09.2025,14,2025,True,0.0153157824139638,0.013229572214186192
22,10.09.2025,14,2025,True,0.0168218590100271,0.013299170881509781
22,11.09.2025,14,2025,True,0.0167511674490325,0.0133834108710289
22,12.09.2025,14,2025,True,0.0167554880870738,0.01316510047763586
22,15.09.2025,14,2025,True,0.0166301580730912,0.012364274822175503
22,16.09.2025,14,2025,True,0.0161916840306978,0.015912804752588272
22,17.09.2025,14,2025,True,0.0162923282631584,0.017259597778320312
22,18.09.2025,14,2025,True,0.0162799338059826,0.015762902796268463
22,19.09.2025,14,2025,True,0.0163301967730945,0.015984727069735527
22,22.09.2025,14,2025,True,0.0171327130408401,0.015613865107297897
22,23.09.2025,14,2025,True,0.0205380998849856,0.019438445568084717
22,24.09.2025,14,2025,True,0.0197255367315316,0.02103600837290287
22,25.09.2025,14,2025,True,0.0197134990463945,0.021005645394325256
22,26.09.2025,14,2025,True,0.0197887916737783,0.02237079106271267
22,29.09.2025,14,2025,True,0.018953490439878,0.022198494523763657
22,30.09.2025,14,2025,True,0.0187725315595579,0.019400455057621002
22,01.10.2025,14,2025,True,0.0180036030358468,0.019131043925881386
22,02.10.2025,14,2025,True,0.0175140699856177,0.0195818729698658
22,03.10.2025,14,2025,True,0.0175308466358036,0.020217543467879295
22,06.10.2025,14,2025,True,0.0174712083728553,0.020287955179810524
22,07.10.2025,14,2025,True,0.0174703711356084,0.01657422073185444
22,08.10.2025,14,2025,True,0.0172520960419418,0.014656801708042622
22,09.10.2025,14,2025,True,0.0170566750685261,0.014882552437484264
22,10.10.2025,14,2025,True,0.0151706590620862,0.017205411568284035
22,13.10.2025,14,2025,True,0.0172870559560075,0.01871166005730629
22,14.10.2025,14,2025,True,0.0170144918109049,0.01816166378557682
22,15.10.2025,14,2025,True,0.0174893097024747,0.019646333530545235
22,16.10.2025,14,2025,True,0.0171780930332149,0.01869710348546505
22,17.10.2025,14,2025,True,0.0172698394086409,0.019301068037748337
22,20.10.2025,14,2025,True,0.017967012527667,0.0198653656989336
22,21.10.2025,14,2025,True,0.0179699176640238,0.017103714868426323
22,22.10.2025,14,2025,True,0.0177015522342478,0.017627764493227005
22,23.10.2025,14,2025,True,0.0135804169169137,0.01883632503449917
22,24.10.2025,14,2025,True,0.0138271923588082,0.020881639793515205
22,27.10.2025,14,2025,True,0.0140788462717698,0.02022721990942955
22,28.10.2025,14,2025,True,0.0135637191075411,0.020655939355492592
22,29.10.2025,14,2025,True,0.0134184560797473,0.020706025883555412
22,30.10.2025,14,2025,True,0.0135790127242714,0.020529912784695625
22,31.10.2025,14,2025,True,0.0136137129885091,0.019077280536293983
22,03.11.2025,14,2025,True,0.0138132173702047,0.01995314471423626
22,04.11.2025,14,2025,True,0.0138738622451846,0.01610380783677101
22,05.11.2025,14,2025,True,0.0141875409720882,0.01617450825870037
22,06.11.2025,14,2025,True,0.0142902520809811,0.01627829670906067
22,07.11.2025,14,2025,True,0.0142973750622775,0.016252968460321426
22,10.11.2025,14,2025,True,0.0144879339877172,0.015012238174676895
22,11.11.2025,14,2025,True,0.0138497307026739,0.012828606180846691
22,12.11.2025,14,2025,True,0.011495213586569,0.012817448005080223
22,13.11.2025,14,2025,True,0.0126424737200591,0.019527170807123184
22,14.11.2025,14,2025,True,0.011939971623308,0.017810506746172905
22,17.11.2025,14,2025,True,0.0120037493187314,0.020610613748431206
22,18.11.2025,14,2025,True,0.0120102255813356,0.014692005701363087
22,19.11.2025,14,2025,True,0.0128199824229697,0.0144377201795578
22,20.11.2025,14,2025,True,0.0128811872804225,0.014902259223163128
22,21.11.2025,14,2025,True,0.0125928836239152,0.01453535445034504
22,24.11.2025,14,2025,True,0.0133737493857257,0.014670307748019695
22,25.11.2025,14,2025,True,0.0139567176190463,0.014230637811124325
22,26.11.2025,14,2025,True,0.0137494238036194,0.015078154392540455
22,28.11.2025,14,2025,True,0.0141830956777283,0.014408007264137268
22,01.12.2025,14,2025,True,0.0141803883791825,0.021595828235149384
22,02.12.2025,14,2025,True,0.0145192374268626,0.018967201933264732
22,03.12.2025,14,2025,True,0.0149181266172261,0.019263366237282753
22,04.12.2025,14,2025,True,0.0148838545296852,0.01789996400475502
22,05.12.2025,14,2025,True,0.0166132558463506,0.017391059547662735
22,08.12.2025,14,2025,True,0.0167459594099644,0.015619488433003426
22,09.12.2025,14,2025,True,0.0166844004107953,0.017966680228710175
22,10.12.2025,14,2025,True,0.0174072083478635,0.01667082868516445
22,11.12.2025,14,2025,True,0.017185379634549,0.016635991632938385
22,12.12.2025,14,2025,True,0.0197794327813399,0.0178082138299942
22,15.12.2025,14,2025,True,0.0196355604870466,0.01701953448355198
22,16.12.2025,14,2025,True,0.0185350348546149,0.017367839813232422
22,17.12.2025,14,2025,True,0.0184406626240698,0.02063407003879547
22,18.12.2025,14,2025,True,0.019044292385752,0.019828438758850098
22,19.12.2025,14,2025,True,0.0197168425904423,0.01765456795692444
22,22.12.2025,14,2025,True,0.0191444643920113,0.017553463578224182
22,23.12.2025,14,2025,True,0.0200052405480365,0.019139833748340607
22,24.12.2025,14,2025,True,0.0200402978104217,0.019385144114494324
22,26.12.2025,14,2025,True,0.0197493890522123,0.017599737271666527
22,29.12.2025,14,2025,True,0.0195425814098105,0.019390221685171127
22,30.12.2025,14,2025,True,0.0246035384352324,0.01612759195268154
22,31.12.2025,14,2025,True,0.0242925421278922,0.016247227787971497
66,02.01.2025,14,2025,True,0.0188005670854308,0.01784607023000717
66,03.01.2025,14,2025,True,0.0191440993851322,0.015830043703317642
66,06.01.2025,14,2025,True,0.0193936741549402,0.014678897336125374
66,07.01.2025,14,2025,True,0.0193410025226298,0.014805245213210583
66,08.01.2025,14,2025,True,0.0193084025005642,0.014913042075932026
66,10.01.2025,14,2025,True,0.0185121724760861,0.014913042075932026
66,13.01.2025,14,2025,True,0.0188587720831548,0.017756300047039986
66,14.01.2025,14,2025,True,0.0190185607176668,0.01974031887948513
66,15.01.2025,14,2025,True,0.0188494311388633,0.020021678879857063
66,16.01.2025,14,2025,True,0.0189484792803209,0.01998399756848812
66,17.01.2025,14,2025,True,0.0189812196741552,0.019888145849108696
66,21.01.2025,14,2025,True,0.0189006809082073,0.019935952499508858
66,22.01.2025,14,2025,True,0.0189642762012639,0.017670711502432823
66,23.01.2025,14,2025,True,0.01914216839185,0.017670711502432823
66,24.01.2025,14,2025,True,0.0192139826888011,0.017862409353256226
66,27.01.2025,14,2025,True,0.0191870406784867,0.01651047356426716
66,28.01.2025,14,2025,True,0.0191983139273759,0.020188869908452034
66,29.01.2025,14,2025,True,0.0192480563998282,0.01851605251431465
66,30.01.2025,14,2025,True,0.019706095029068,0.018654724583029747
66,31.01.2025,14,2025,True,0.0197743941266882,0.01779875159263611
66,03.02.2025,14,2025,True,0.0201223137537888,0.01753685064613819
66,04.02.2025,14,2025,True,0.0202561062592535,0.01883063092827797
66,05.02.2025,14,2025,True,0.0202557149226877,0.018251173198223114
66,06.02.2025,14,2025,True,0.0205337126107042,0.018717346712946892
66,07.02.2025,14,2025,True,0.020532107806017,0.019978076219558716
66,10.02.2025,14,2025,True,0.0205845945887754,0.017490841448307037
66,11.02.2025,14,2025,True,0.0205691917314826,0.01774630881845951
66,12.02.2025,14,2025,True,0.0204000815557617,0.017317919060587883
66,13.02.2025,14,2025,True,0.020400130271117,0.017735378816723824
66,14.02.2025,14,2025,True,0.0204089521021516,0.017227351665496826
66,18.02.2025,14,2025,True,0.020310192838514,0.01680987887084484
66,19.02.2025,14,2025,True,0.0203229242265685,0.019739093258976936
66,20.02.2025,14,2025,True,0.020321880773718,0.019197899848222733
66,21.02.2025,14,2025,True,0.0201731003261265,0.018751781433820724
66,24.02.2025,14,2025,True,0.0201888529608306,0.022785473614931107
66,25.02.2025,14,2025,True,0.0200107040209926,0.017669187858700752
66,26.02.2025,14,2025,True,0.0200690046589246,0.018138205632567406
66,27.02.2025,14,2025,True,0.019989277561236,0.018155094236135483
66,28.02.2025,14,2025,True,0.0199901811867646,0.01789928413927555
66,03.03.2025,14,2025,True,0.0198678851167115,0.0177506934851408
66,04.03.2025,14,2025,True,0.0199792701169954,0.020380470901727676
66,05.03.2025,14,2025,True,0.0197890505761593,0.020637210458517075
66,06.03.2025,14,2025,True,0.0197874586754806,0.018978292122483253
66,07.03.2025,14,2025,True,0.0204215965066252,0.02025827020406723
66,10.03.2025,14,2025,True,0.0203448025472766,0.017466695979237556
66,11.03.2025,14,2025,True,0.0219890576153417,0.022462742403149605
66,12.03.2025,14,2025,True,0.0219334707457899,0.021815283223986626
66,13.03.2025,14,2025,True,0.0224580438364197,0.02045019529759884
66,14.03.2025,14,2025,True,0.0224336706480682,0.022581640630960464
66,17.03.2025,14,2025,True,0.0224252848418921,0.022800002247095108
66,18.03.2025,14,2025,True,0.0242690543176266,0.017575852572917938
66,19.03.2025,14,2025,True,0.0254674030533559,0.020334463566541672
66,20.03.2025,14,2025,True,0.0253937004228553,0.018506575375795364
66,21.03.2025,14,2025,True,0.0253915214930997,0.017468053847551346
66,24.03.2025,14,2025,True,0.0253440621098579,0.017468053847551346
66,25.03.2025,14,2025,True,0.0253438996678769,0.018298964947462082
66,26.03.2025,14,2025,True,0.0253130480081213,0.01835266873240471
66,27.03.2025,14,2025,True,0.0255900773849121,0.01835266873240471
66,28.03.2025,14,2025,True,0.0255879029094919,0.018071308732032776
66,31.03.2025,14,2025,True,0.0255564414243743,0.018071308732032776
66,01.04.2025,14,2025,True,0.0255799923157195,0.01874537765979767
66,02.04.2025,14,2025,True,0.0255654907113101,0.0188254676759243
66,03.04.2025,14,2025,True,0.0243819083144736,0.017062198370695114
66,04.04.2025,14,2025,True,0.0230940553658667,0.021742912009358406
66,07.04.2025,14,2025,True,0.0230325742583689,0.02606942504644394
66,08.04.2025,14,2025,True,0.0228774541266616,0.028747783973813057
66,09.04.2025,14,2025,True,0.0223255132392176,0.02859680913388729
66,10.04.2025,14,2025,True,0.0219764273595469,0.023694239556789398
66,11.04.2025,14,2025,True,0.0218275728700637,0.02590102329850197
66,14.04.2025,14,2025,True,0.0218287436850621,0.02644704468548298
66,15.04.2025,14,2025,True,0.0218573510297426,0.02429136075079441
66,16.04.2025,14,2025,True,0.021752616799744,0.02170388586819172
66,17.04.2025,14,2025,True,0.0214387767988603,0.0220706295222044
66,21.04.2025,14,2025,True,0.0212451609989845,0.02163277566432953
66,22.04.2025,14,2025,True,0.0213234537495873,0.02170320227742195
66,23.04.2025,14,2025,True,0.0215756279959824,0.021986670792102814
66,24.04.2025,14,2025,True,0.02159282453573,0.022353414446115494
66,25.04.2025,14,2025,True,0.0216322898342586,0.02280493639409542
66,28.04.2025,14,2025,True,0.0221380656993317,0.022267688065767288
66,29.04.2025,14,2025,True,0.0219771255770332,0.023234741762280464
66,30.04.2025,14,2025,True,0.0219603570886949,0.026014817878603935
66,01.05.2025,14,2025,True,0.0219127782033015,0.02670099399983883
66,02.05.2025,14,2025,True,0.021858872459727,0.028214963153004646
66,05.05.2025,14,2025,True,0.0217342947245578,0.030148517340421677
66,06.05.2025,14,2025,True,0.0214115661983533,0.026174386963248253
66,07.05.2025,14,2025,True,0.0213249815419081,0.02545628882944584
66,08.05.2025,14,2025,True,0.0210892873200686,0.02530350536108017
66,09.05.2025,14,2025,True,0.0211063602255446,0.026146769523620605
66,12.05.2025,14,2025,True,0.0211008045087057,0.025993986055254936
66,13.05.2025,14,2025,True,0.0209128636651558,0.021459007635712624
66,14.05.2025,14,2025,True,0.0209434471506718,0.021060403436422348
66,15.05.2025,14,2025,True,0.0208188156883377,0.02106621488928795
66,16.05.2025,14,2025,True,0.020807765476737,0.021781226620078087
66,19.05.2025,14,2025,True,0.0208070100594427,0.02135482430458069
66,20.05.2025,14,2025,True,0.0208869682536102,0.021754316985607147
66,21.05.2025,14,2025,True,0.0210734375131467,0.020432064309716225
66,22.05.2025,14,2025,True,0.0210994474253948,0.021733902394771576
66,23.05.2025,14,2025,True,0.0211128070639536,0.02344963513314724
66,27.05.2025,14,2025,True,0.0210882755918495,0.02383013442158699
66,28.05.2025,14,2025,True,0.0211097205602502,0.02331053465604782
66,29.05.2025,14,2025,True,0.0212518654807521,0.022320136427879333
66,30.05.2025,14,2025,True,0.0212788895900425,0.022557061165571213
66,02.06.2025,14,2025,True,0.0214258703069734,0.020738037303090096
66,03.06.2025,14,2025,True,0.0213643733582178,0.02326475828886032
66,04.06.2025,14,2025,True,0.0213226558409736,0.02326475828886032
66,05.06.2025,14,2025,True,0.0213975738366353,0.02326475828886032
66,06.06.2025,14,2025,True,0.0213982504443102,0.022194989025592804
66,09.06.2025,14,2025,True,0.021403128517716,0.021879684180021286
66,10.06.2025,14,2025,True,0.0214165277436085,0.020752981305122375
66,11.06.2025,14,2025,True,0.0208424742592239,0.020752981305122375
66,12.06.2025,14,2025,True,0.0208507221214441,0.02335466258227825
66,13.06.2025,14,2025,True,0.0190456599700346,0.024823246523737907
66,16.06.2025,14,2025,True,0.0190258146178227,0.031215401366353035
66,17.06.2025,14,2025,True,0.0181966538376031,0.03678891807794571
66,18.06.2025,14,2025,True,0.0183184501305782,0.03775158151984215
66,20.06.2025,14,2025,True,0.0185925583261776,0.036564234644174576
66,23.06.2025,14,2025,True,0.0162074283255448,0.037020985037088394
66,24.06.2025,14,2025,True,0.0142712707365931,0.03247249871492386
66,25.06.2025,14,2025,True,0.0147708185453283,0.0305661428719759
66,26.06.2025,14,2025,True,0.0148726266420105,0.0266119334846735
66,27.06.2025,14,2025,True,0.0151889193485122,0.0266119334846735
66,30.06.2025,14,2025,True,0.0153594575748508,0.02610919065773487
66,01.07.2025,14,2025,True,0.0153629956220346,0.020493119955062866
66,02.07.2025,14,2025,True,0.0150215716088051,0.020494874566793442
66,03.07.2025,14,2025,True,0.0150146499887095,0.020950481295585632
66,07.07.2025,14,2025,True,0.0150258255989604,0.02052122727036476
66,08.07.2025,14,2025,True,0.0150947533751589,0.019586030393838882
66,09.07.2025,14,2025,True,0.0157940792468085,0.018519071862101555
66,10.07.2025,14,2025,True,0.0156382780314085,0.017651403322815895
66,11.07.2025,14,2025,True,0.0153833793894376,0.017728477716445923
66,14.07.2025,14,2025,True,0.0152925088337932,0.018675465136766434
66,15.07.2025,14,2025,True,0.0153505924565863,0.017386943101882935
66,16.07.2025,14,2025,True,0.0153652050659416,0.019771572202444077
66,17.07.2025,14,2025,True,0.0152350409066862,0.019242804497480392
66,18.07.2025,14,2025,True,0.0152584331264062,0.019502677023410797
66,21.07.2025,14,2025,True,0.0155043605272406,0.019855530932545662
66,22.07.2025,14,2025,True,0.0168581200338456,0.020630642771720886
66,23.07.2025,14,2025,True,0.0168579781776017,0.021124297752976418
66,24.07.2025,14,2025,True,0.0168163175757175,0.020258046686649323
66,25.07.2025,14,2025,True,0.0169178994664618,0.02031175047159195
66,28.07.2025,14,2025,True,0.01668874504613,0.020258046686649323
66,29.07.2025,14,2025,True,0.0160814958550961,0.019108695909380913
66,30.07.2025,14,2025,True,0.0160191824011381,0.020316215232014656
66,31.07.2025,14,2025,True,0.0159889150692753,0.020160626620054245
66,01.08.2025,14,2025,True,0.0152629955823498,0.01981685310602188
66,04.08.2025,14,2025,True,0.01527860225303,0.023079928010702133
66,05.08.2025,14,2025,True,0.0151604591893635,0.021641988307237625
66,06.08.2025,14,2025,True,0.0151185236244725,0.01961710676550865
66,07.08.2025,14,2025,True,0.0151264431964481,0.021002210676670074
66,08.08.2025,14,2025,True,0.0152767034350321,0.020153025165200233
66,11.08.2025,14,2025,True,0.0159756661654299,0.01858321763575077
66,12.08.2025,14,2025,True,0.015968092981435,0.017107851803302765
66,13.08.2025,14,2025,True,0.0161804218044053,0.017161555588245392
66,14.08.2025,14,2025,True,0.0160159943956705,0.018210798501968384
66,15.08.2025,14,2025,True,0.0159741296086164,0.019989628344774246
66,18.08.2025,14,2025,True,0.0161193296790577,0.019984982907772064
66,19.08.2025,14,2025,True,0.0160560014301581,0.022610818967223167
66,20.08.2025,14,2025,True,0.0159953396318678,0.021948305889964104
66,21.08.2025,14,2025,True,0.0160021821854305,0.021663131192326546
66,22.08.2025,14,2025,True,0.0160817538252823,0.020690714940428734
66,25.08.2025,14,2025,True,0.0160088712860223,0.0201908927410841
66,26.08.2025,14,2025,True,0.015774555281556,0.019428890198469162
66,27.08.2025,14,2025,True,0.015688174017615,0.018511174246668816
66,28.08.2025,14,2025,True,0.0156936780895703,0.018054429441690445
66,29.08.2025,14,2025,True,0.015687808212095,0.018468325957655907
66,02.09.2025,14,2025,True,0.0156153522845276,0.017911741510033607
66,03.09.2025,14,2025,True,0.015426891357152,0.018183676525950432
66,04.09.2025,14,2025,True,0.015573378329533,0.018773557618260384
66,05.09.2025,14,2025,True,0.0153736096097952,0.018549270927906036
66,08.09.2025,14,2025,True,0.0153486579535405,0.018450364470481873
66,09.09.2025,14,2025,True,0.0154246365205,0.01848878152668476
66,10.09.2025,14,2025,True,0.0152667703953032,0.018260065466165543
66,11.09.2025,14,2025,True,0.0151790741044034,0.01807275414466858
66,12.09.2025,14,2025,True,0.0154526856676286,0.018093546852469444
66,15.09.2025,14,2025,True,0.0155235488197851,0.017928123474121094
66,16.09.2025,14,2025,True,0.0153870703461934,0.018738169223070145
66,17.09.2025,14,2025,True,0.0154514069199229,0.019193967804312706
66,18.09.2025,14,2025,True,0.0158092025224807,0.018738169223070145
66,19.09.2025,14,2025,True,0.0157767472630468,0.018995558843016624
66,22.09.2025,14,2025,True,0.0157772901213353,0.018738169223070145
66,23.09.2025,14,2025,True,0.0159310392361077,0.019631819799542427
66,24.09.2025,14,2025,True,0.0158519793080374,0.0203692726790905
66,25.09.2025,14,2025,True,0.0158476266801272,0.02095673233270645
66,26.09.2025,14,2025,True,0.0158927597606434,0.021836871281266212
66,29.09.2025,14,2025,True,0.0154700044023287,0.021841516718268394
66,30.09.2025,14,2025,True,0.0155511496686774,0.018829641863703728
66,01.10.2025,14,2025,True,0.0153928713382753,0.019046572968363762
66,02.10.2025,14,2025,True,0.0152916716348286,0.019979171454906464
66,03.10.2025,14,2025,True,0.0158399022164899,0.02027992159128189
66,06.10.2025,14,2025,True,0.0159670417481564,0.019984982907772064
66,07.10.2025,14,2025,True,0.0160040309294857,0.018176855519413948
66,08.10.2025,14,2025,True,0.0162290765440823,0.01784316450357437
66,09.10.2025,14,2025,True,0.01623089802821,0.017487401142716408
66,10.10.2025,14,2025,True,0.0163641860855836,0.018343374133110046
66,13.10.2025,14,2025,True,0.0163394486191478,0.022234247997403145
66,14.10.2025,14,2025,True,0.0162967783322297,0.021750301122665405
66,15.10.2025,14,2025,True,0.0162716861687904,0.023586489260196686
66,16.10.2025,14,2025,True,0.0163418642197921,0.02305557392537594
66,17.10.2025,14,2025,True,0.0166803425392578,0.02350076287984848
66,20.10.2025,14,2025,True,0.016679479933728,0.022745702415704727
66,21.10.2025,14,2025,True,0.0170423993661599,0.020053068175911903
66,22.10.2025,14,2025,True,0.0169301676551161,0.020952505990862846
66,23.10.2025,14,2025,True,0.0161641014009101,0.01937054842710495
66,24.10.2025,14,2025,True,0.0161633911776555,0.02083289995789528
66,27.10.2025,14,2025,True,0.0180342643979215,0.02049139514565468
66,28.10.2025,14,2025,True,0.0179731969757775,0.020954780280590057
66,29.10.2025,14,2025,True,0.018340134478044,0.020509593188762665
66,30.10.2025,14,2025,True,0.0186820228652292,0.02021249383687973
66,31.10.2025,14,2025,True,0.0187006582884593,0.019215088337659836
66,03.11.2025,14,2025,True,0.0187717211423551,0.020617317408323288
66,04.11.2025,14,2025,True,0.018754086244939,0.019359128549695015
66,05.11.2025,14,2025,True,0.0186779707281738,0.019258756190538406
66,06.11.2025,14,2025,True,0.0190075994248405,0.019027700647711754
66,07.11.2025,14,2025,True,0.0190064218551346,0.019027700647711754
66,10.11.2025,14,2025,True,0.0190058242769545,0.017865387722849846
66,11.11.2025,14,2025,True,0.0195919390936688,0.017613274976611137
66,12.11.2025,14,2025,True,0.0190710323433709,0.017613274976611137
66,13.11.2025,14,2025,True,0.0190680680851531,0.022103087976574898
66,14.11.2025,14,2025,True,0.0189203564135177,0.021727314218878746
66,17.11.2025,14,2025,True,0.0189673251082717,0.021947933360934258
66,18.11.2025,14,2025,True,0.018932348231715,0.019088024273514748
66,19.11.2025,14,2025,True,0.018720008704527,0.019147761166095734
66,20.11.2025,14,2025,True,0.0189175525286475,0.019288022071123123
66,21.11.2025,14,2025,True,0.0205905707187204,0.019662367179989815
66,24.11.2025,14,2025,True,0.0212220291444282,0.019873885437846184
66,25.11.2025,14,2025,True,0.0211092184949875,0.019873885437846184
66,26.11.2025,14,2025,True,0.0217839699758604,0.020493295043706894
66,28.11.2025,14,2025,True,0.0237606794454398,0.019599689170718193
66,01.12.2025,14,2025,True,0.0248534869610042,0.022262681275606155
66,02.12.2025,14,2025,True,0.0292549201478625,0.020323047414422035
66,03.12.2025,14,2025,True,0.0296930927966373,0.020323047414422035
66,04.12.2025,14,2025,True,0.03137565029959,0.018785938620567322
66,05.12.2025,14,2025,True,0.0314656233879848,0.018652405589818954
66,08.12.2025,14,2025,True,0.0316022242129821,0.018453996628522873
66,09.12.2025,14,2025,True,0.0316784591893867,0.018633460626006126
66,10.12.2025,14,2025,True,0.0318866370935949,0.01800447888672352
66,11.12.2025,14,2025,True,0.0317553356671818,0.01800447888672352
66,12.12.2025,14,2025,True,0.0318523620231749,0.01804370991885662
66,15.12.2025,14,2025,True,0.0353049176850863,0.017615320160984993
66,16.12.2025,14,2025,True,0.0353174118572594,0.01782786101102829
66,17.12.2025,14,2025,True,0.0355136855327138,0.02045956626534462
66,18.12.2025,14,2025,True,0.0359715994686772,0.020046819001436234
66,19.12.2025,14,2025,True,0.0361916340038405,0.01827702671289444
66,22.12.2025,14,2025,True,0.0361425530707543,0.018280697986483574
66,23.12.2025,14,2025,True,0.036457998627262,0.01776289939880371
66,24.12.2025,14,2025,True,0.0418169163851972,0.017688103020191193
66,26.12.2025,14,2025,True,0.0424185717918667,0.017292041331529617
66,29.12.2025,14,2025,True,0.0423912723250211,0.01795853301882744
66,30.12.2025,14,2025,True,0.0424083314827109,0.017513476312160492
66,31.12.2025,14,2025,True,0.0462172493634244,0.01686309278011322
126,02.01.2025,14,2025,True,0.0208313504276539,0.019817868247628212
126,03.01.2025,14,2025,True,0.0208185155103497,0.016157789155840874
126,06.01.2025,14,2025,True,0.0209069512999382,0.016995253041386604
126,07.01.2025,14,2025,True,0.0210100530504313,0.01526288315653801
126,08.01.2025,14,2025,True,0.021034674146546,0.01589924842119217
126,10.01.2025,14,2025,True,0.0206151039323214,0.016191035509109497
126,13.01.2025,14,2025,True,0.0205606685693195,0.020269548520445824
126,14.01.2025,14,2025,True,0.0205790827293948,0.025893136858940125
126,15.01.2025,14,2025,True,0.0204348702911476,0.025657108053565025
126,16.01.2025,14,2025,True,0.0204231175675352,0.026412036269903183
126,17.01.2025,14,2025,True,0.020430093144964,0.025829484686255455
126,21.01.2025,14,2025,True,0.0203699649392603,0.025084039196372032
126,22.01.2025,14,2025,True,0.0203917374994192,0.020785024389624596
126,23.01.2025,14,2025,True,0.020397717563356,0.020593246445059776
126,24.01.2025,14,2025,True,0.0205086331797137,0.019741037860512733
126,27.01.2025,14,2025,True,0.0206914471528727,0.017770467326045036
126,28.01.2025,14,2025,True,0.0207062491553722,0.02126169390976429
126,29.01.2025,14,2025,True,0.0206979739960328,0.019227784126996994
126,30.01.2025,14,2025,True,0.0209955500718418,0.01933833584189415
126,31.01.2025,14,2025,True,0.0210243802208499,0.018627101555466652
126,03.02.2025,14,2025,True,0.0210527610525573,0.018101006746292114
126,04.02.2025,14,2025,True,0.0210691720863198,0.020112905651330948
126,05.02.2025,14,2025,True,0.0209989449911629,0.019373277202248573
126,06.02.2025,14,2025,True,0.0209988140593095,0.01989596150815487
126,07.02.2025,14,2025,True,0.0209927062912707,0.021132586523890495
126,10.02.2025,14,2025,True,0.0209456229436938,0.01768353395164013
126,11.02.2025,14,2025,True,0.0209043946324184,0.019224846735596657
126,12.02.2025,14,2025,True,0.0208765238064901,0.01761608012020588
126,13.02.2025,14,2025,True,0.0209134629920139,0.019274817779660225
126,14.02.2025,14,2025,True,0.0209409202154685,0.01805327646434307
126,18.02.2025,14,2025,True,0.0209182562083993,0.01663624495267868
126,19.02.2025,14,2025,True,0.0209702370668842,0.020525334402918816
126,20.02.2025,14,2025,True,0.0209954244096731,0.01996203511953354
126,21.02.2025,14,2025,True,0.0208637104729032,0.020521683618426323
126,24.02.2025,14,2025,True,0.0209095138981811,0.027634568512439728
126,25.02.2025,14,2025,True,0.0209044026233283,0.019530881196260452
126,26.02.2025,14,2025,True,0.0209287595913532,0.020106488838791847
126,27.02.2025,14,2025,True,0.0208581913479595,0.020932085812091827
126,28.02.2025,14,2025,True,0.0208432478098973,0.019924703985452652
126,03.03.2025,14,2025,True,0.0208024229179597,0.018280785530805588
126,04.03.2025,14,2025,True,0.020885245009022,0.02563733421266079
126,05.03.2025,14,2025,True,0.0207849623358664,0.025783784687519073
126,06.03.2025,14,2025,True,0.0208775921120142,0.024026930332183838
126,07.03.2025,14,2025,True,0.0208568838055016,0.026214435696601868
126,10.03.2025,14,2025,True,0.0208203584307503,0.02152242884039879
126,11.03.2025,14,2025,True,0.0208704300018767,0.02390981838107109
126,12.03.2025,14,2025,True,0.0208436692897191,0.023526646196842194
126,13.03.2025,14,2025,True,0.0208199982521624,0.022862892597913742
126,14.03.2025,14,2025,True,0.0208090819465478,0.024187985807657242
126,17.03.2025,14,2025,True,0.0208450530656858,0.024593999609351158
126,18.03.2025,14,2025,True,0.0208462045598215,0.020261164754629135
126,19.03.2025,14,2025,True,0.0208538394083953,0.02418958954513073
126,20.03.2025,14,2025,True,0.0208170111973617,0.022966744378209114
126,21.03.2025,14,2025,True,0.0208156590130746,0.018917756155133247
126,24.03.2025,14,2025,True,0.0208388752951164,0.018951701000332832
126,25.03.2025,14,2025,True,0.0209588379195861,0.0186134222894907
126,26.03.2025,14,2025,True,0.020936778860335,0.018851755186915398
126,27.03.2025,14,2025,True,0.0209557478553067,0.018953753635287285
126,28.03.2025,14,2025,True,0.021130970022466,0.01912815123796463
126,31.03.2025,14,2025,True,0.0211178420217687,0.01877187192440033
126,01.04.2025,14,2025,True,0.0212281408520534,0.021361568942666054
126,02.04.2025,14,2025,True,0.0212792206064724,0.020729681476950645
126,03.04.2025,14,2025,True,0.0204709417531297,0.018121380358934402
126,04.04.2025,14,2025,True,0.0196219982798697,0.021707598119974136
126,07.04.2025,14,2025,True,0.0195303566523755,0.02494383603334427
126,08.04.2025,14,2025,True,0.0194583561049424,0.02575460635125637
126,09.04.2025,14,2025,True,0.019157539207022,0.02575460635125637
126,10.04.2025,14,2025,True,0.0192408906761494,0.022305341437458992
126,11.04.2025,14,2025,True,0.0191545802930846,0.02553696744143963
126,14.04.2025,14,2025,True,0.0191978338958383,0.0253717340528965
126,15.04.2025,14,2025,True,0.0192074566448655,0.02397330291569233
126,16.04.2025,14,2025,True,0.0191728543229357,0.021489590406417847
126,17.04.2025,14,2025,True,0.018958847518612,0.02172713167965412
126,21.04.2025,14,2025,True,0.0188339189622356,0.02175528183579445
126,22.04.2025,14,2025,True,0.0187693186221907,0.021867170929908752
126,23.04.2025,14,2025,True,0.0187858124474752,0.02181592956185341
126,24.04.2025,14,2025,True,0.0193685952670327,0.022087208926677704
126,25.04.2025,14,2025,True,0.0193637567970929,0.02230617217719555
126,28.04.2025,14,2025,True,0.0193210511480959,0.022036712616682053
126,29.04.2025,14,2025,True,0.0192670902770557,0.02337169088423252
126,30.04.2025,14,2025,True,0.0192137840526125,0.025889066979289055
126,01.05.2025,14,2025,True,0.019159933137917,0.02583782561123371
126,02.05.2025,14,2025,True,0.0191188918639113,0.0263211727142334
126,05.05.2025,14,2025,True,0.0190534317011857,0.026415018364787102
126,06.05.2025,14,2025,True,0.018862989724448,0.024955496191978455
126,07.05.2025,14,2025,True,0.0188473152657669,0.02291802503168583
126,08.05.2025,14,2025,True,0.0186865750153127,0.022866783663630486
126,09.05.2025,14,2025,True,0.0186288735250259,0.024179453030228615
126,12.05.2025,14,2025,True,0.0185812336585726,0.02396722137928009
126,13.05.2025,14,2025,True,0.0185042576696406,0.020887847989797592
126,14.05.2025,14,2025,True,0.0188011921664462,0.020604366436600685
126,15.05.2025,14,2025,True,0.0186879951566106,0.02075081691145897
126,16.05.2025,14,2025,True,0.0187496338107456,0.020604366436600685
126,19.05.2025,14,2025,True,0.0187503516200343,0.020887847989797592
126,20.05.2025,14,2025,True,0.0187740688110672,0.020887847989797592
126,21.05.2025,14,2025,True,0.0188605234677576,0.01991933211684227
126,22.05.2025,14,2025,True,0.018850547972275,0.02108553983271122
126,23.05.2025,14,2025,True,0.018879049749928,0.02163456566631794
126,27.05.2025,14,2025,True,0.0188916429672912,0.022103017196059227
126,28.05.2025,14,2025,True,0.018898389424424,0.022103017196059227
126,29.05.2025,14,2025,True,0.01889445854114,0.02216474711894989
126,30.05.2025,14,2025,True,0.0188917183044959,0.022392284125089645
126,02.06.2025,14,2025,True,0.0188637513558215,0.02194635383784771
126,03.06.2025,14,2025,True,0.0188383352103362,0.024714110419154167
126,04.06.2025,14,2025,True,0.0188135394122381,0.02451937645673752
126,05.06.2025,14,2025,True,0.0188208722983221,0.02632967196404934
126,06.06.2025,14,2025,True,0.018769793567596,0.02600052021443844
126,09.06.2025,14,2025,True,0.018833669991997,0.026389822363853455
126,10.06.2025,14,2025,True,0.0188473344878187,0.026285694912075996
126,11.06.2025,14,2025,True,0.0184524297141226,0.026477472856640816
126,12.06.2025,14,2025,True,0.0184902779460126,0.024751044809818268
126,13.06.2025,14,2025,True,0.0174265198814494,0.0259106308221817
126,16.06.2025,14,2025,True,0.0174067815766959,0.02685914747416973
126,17.06.2025,14,2025,True,0.0170937492865009,0.03161917254328728
126,18.06.2025,14,2025,True,0.0171387044911849,0.03219916298985481
126,20.06.2025,14,2025,True,0.0171346113407095,0.03161917254328728
126,23.06.2025,14,2025,True,0.0158865020724247,0.03161917254328728
126,24.06.2025,14,2025,True,0.0150941773137381,0.02973875030875206
126,25.06.2025,14,2025,True,0.0150827249377152,0.029572585597634315
126,26.06.2025,14,2025,True,0.0150828755275611,0.02675202488899231
126,27.06.2025,14,2025,True,0.0152507507120253,0.02675202488899231
126,30.06.2025,14,2025,True,0.0153765275409481,0.026650026440620422
126,01.07.2025,14,2025,True,0.015364680717241,0.022442827001214027
126,02.07.2025,14,2025,True,0.0151982830176672,0.022371068596839905
126,03.07.2025,14,2025,True,0.0151951743998576,0.022160988301038742
126,07.07.2025,14,2025,True,0.01523588968796,0.02169620990753174
126,08.07.2025,14,2025,True,0.0152830205936791,0.021884378045797348
126,09.07.2025,14,2025,True,0.0153142241147443,0.021158019080758095
126,10.07.2025,14,2025,True,0.0155022974426012,0.019559714943170547
126,11.07.2025,14,2025,True,0.0154625977079655,0.01889980584383011
126,14.07.2025,14,2025,True,0.0154196909448938,0.02101156860589981
126,15.07.2025,14,2025,True,0.0155725709624356,0.02066969685256481
126,16.07.2025,14,2025,True,0.0156384529727621,0.021243255585432053
126,17.07.2025,14,2025,True,0.016025878858784,0.020638935267925262
126,18.07.2025,14,2025,True,0.0160342466589304,0.02051537111401558
126,21.07.2025,14,2025,True,0.016075041795413,0.020811567083001137
126,22.07.2025,14,2025,True,0.0160640393393461,0.020384425297379494
126,23.07.2025,14,2025,True,0.0161425078816354,0.020403672009706497
126,24.07.2025,14,2025,True,0.0163167449702458,0.022199466824531555
126,25.07.2025,14,2025,True,0.016294276223768,0.02234298549592495
126,28.07.2025,14,2025,True,0.016381099339329,0.022140221670269966
126,29.07.2025,14,2025,True,0.0161179740828705,0.021897129714488983
126,30.07.2025,14,2025,True,0.0163691628344005,0.021146753802895546
126,31.07.2025,14,2025,True,0.0163470948689052,0.02122601680457592
126,01.08.2025,14,2025,True,0.0169425644884708,0.022653985768556595
126,04.08.2025,14,2025,True,0.0169616294557926,0.024197405204176903
126,05.08.2025,14,2025,True,0.0171254972747714,0.021547824144363403
126,06.08.2025,14,2025,True,0.0172784943954197,0.019942376762628555
126,07.08.2025,14,2025,True,0.0172791712410666,0.02118982933461666
126,08.08.2025,14,2025,True,0.0173247309188919,0.02044648677110672
126,11.08.2025,14,2025,True,0.017327957184138,0.019861487671732903
126,12.08.2025,14,2025,True,0.0173293207298079,0.018647372722625732
126,13.08.2025,14,2025,True,0.0174926880487947,0.018708044663071632
126,14.08.2025,14,2025,True,0.017419995140188,0.020732544362545013
126,15.08.2025,14,2025,True,0.0173735988458638,0.02126169390976429
126,18.08.2025,14,2025,True,0.0177521419584859,0.02106695994734764
126,19.08.2025,14,2025,True,0.0177873727013795,0.020720502361655235
126,20.08.2025,14,2025,True,0.0177353878476989,0.02073630876839161
126,21.08.2025,14,2025,True,0.0177078524191806,0.020443039014935493
126,22.08.2025,14,2025,True,0.0177327530649095,0.020346950739622116
126,25.08.2025,14,2025,True,0.0176794478696385,0.019852522760629654
126,26.08.2025,14,2025,True,0.0175541758643828,0.01942501589655876
126,27.08.2025,14,2025,True,0.0176501275735759,0.021088190376758575
126,28.08.2025,14,2025,True,0.0186949346710541,0.019745152443647385
126,29.08.2025,14,2025,True,0.0191044318231598,0.019980238750576973
126,02.09.2025,14,2025,True,0.0190665746614243,0.0202126856893301
126,03.09.2025,14,2025,True,0.0193957303444946,0.02304890751838684
126,04.09.2025,14,2025,True,0.020635917656928,0.02188101038336754
126,05.09.2025,14,2025,True,0.0212591381491397,0.022486109286546707
126,08.09.2025,14,2025,True,0.0239089743623979,0.020395344123244286
126,09.09.2025,14,2025,True,0.024230282004478,0.021728679537773132
126,10.09.2025,14,2025,True,0.0253745193998988,0.020344102755188942
126,11.09.2025,14,2025,True,0.0253944533008438,0.020344102755188942
126,12.09.2025,14,2025,True,0.0255513717515015,0.021194014698266983
126,15.09.2025,14,2025,True,0.0256740743763841,0.01941865310072899
126,16.09.2025,14,2025,True,0.0258334366512931,0.020874688401818275
126,17.09.2025,14,2025,True,0.025823945366093,0.02179892547428608
126,18.09.2025,14,2025,True,0.0259265586723443,0.020874688401818275
126,19.09.2025,14,2025,True,0.0280028490157562,0.02134733274579048
126,22.09.2025,14,2025,True,0.0282398115841337,0.020874688401818275
126,23.09.2025,14,2025,True,0.0283093811533351,0.021321581676602364
126,24.09.2025,14,2025,True,0.0286221430684721,0.022583603858947754
126,25.09.2025,14,2025,True,0.0288191931265891,0.023883668705821037
126,26.09.2025,14,2025,True,0.028814079257063,0.024962827563285828
126,29.09.2025,14,2025,True,0.0289104879320765,0.025444740429520607
126,30.09.2025,14,2025,True,0.0322497296878304,0.020569270476698875
126,01.10.2025,14,2025,True,0.032771661335673,0.020951148122549057
126,02.10.2025,14,2025,True,0.0327060295540716,0.021260404959321022
126,03.10.2025,14,2025,True,0.0327148266310726,0.021381471306085587
126,06.10.2025,14,2025,True,0.0352158563340667,0.0232571791857481
126,07.10.2025,14,2025,True,0.0352244271726371,0.020595218986272812
126,08.10.2025,14,2025,True,0.0352273249189945,0.02038266882300377
126,09.10.2025,14,2025,True,0.0353656187262171,0.02145044133067131
126,10.10.2025,14,2025,True,0.0354509990211161,0.022139795124530792
126,13.10.2025,14,2025,True,0.0354471309945891,0.021772868931293488
126,14.10.2025,14,2025,True,0.0356125695137737,0.021854015067219734
126,15.10.2025,14,2025,True,0.036670146771758,0.02453058585524559
126,16.10.2025,14,2025,True,0.0369279850523225,0.02431432344019413
126,17.10.2025,14,2025,True,0.0370085112404018,0.02453058585524559
126,20.10.2025,14,2025,True,0.0370999483739675,0.024677354842424393
126,21.10.2025,14,2025,True,0.0371747245467167,0.020707011222839355
126,22.10.2025,14,2025,True,0.0371464583242835,0.02093454822897911
126,23.10.2025,14,2025,True,0.0369463742133941,0.02052379585802555
126,24.10.2025,14,2025,True,0.0370039941132595,0.021029595285654068
126,27.10.2025,14,2025,True,0.0373163889113828,0.020564816892147064
126,28.10.2025,14,2025,True,0.0374228534289741,0.02109723910689354
126,29.10.2025,14,2025,True,0.0377655308547639,0.020745757967233658
126,30.10.2025,14,2025,True,0.0380507119034549,0.020745757967233658
126,31.10.2025,14,2025,True,0.0382626090761388,0.020323457196354866
126,03.11.2025,14,2025,True,0.0390122773694097,0.021154941990971565
126,04.11.2025,14,2025,True,0.0390257696011433,0.018533751368522644
126,05.11.2025,14,2025,True,0.0390002504310376,0.018942957744002342
126,06.11.2025,14,2025,True,0.0390585200049818,0.01899304799735546
126,07.11.2025,14,2025,True,0.0391477025891863,0.018854837864637375
126,10.11.2025,14,2025,True,0.0392064412144263,0.018299097195267677
126,11.11.2025,14,2025,True,0.0391898251481032,0.017355354502797127
126,12.11.2025,14,2025,True,0.0390905191919808,0.017414599657058716
126,13.11.2025,14,2025,True,0.0391363507332632,0.022150391712784767
126,14.11.2025,14,2025,True,0.0391203116801321,0.021883083507418633
126,17.11.2025,14,2025,True,0.0395066123493292,0.022343548014760017
126,18.11.2025,14,2025,True,0.0395770391687017,0.018644576892256737
126,19.11.2025,14,2025,True,0.0395156612741121,0.01868407055735588
126,20.11.2025,14,2025,True,0.0396966786175072,0.019306842237710953
126,21.11.2025,14,2025,True,0.0400072726049871,0.02286953665316105
126,24.11.2025,14,2025,True,0.0400066381828609,0.02298067882657051
126,25.11.2025,14,2025,True,0.0400208766569894,0.02298067882657051
126,26.11.2025,14,2025,True,0.040094986235018,0.02294532209634781
126,28.11.2025,14,2025,True,0.0400999814234132,0.02298067882657051
126,01.12.2025,14,2025,True,0.0401217868124733,0.02505967579782009
126,02.12.2025,14,2025,True,0.0402032714763621,0.023231592029333115
126,03.12.2025,14,2025,True,0.0402598756183308,0.023333590477705002
126,04.12.2025,14,2025,True,0.0402645014804977,0.020831303671002388
126,05.12.2025,14,2025,True,0.040371481298978,0.020267264917492867
126,08.12.2025,14,2025,True,0.0403410660719609,0.019341815263032913
126,09.12.2025,14,2025,True,0.0404331048891073,0.02005075104534626
126,10.12.2025,14,2025,True,0.0405693639176524,0.02012929692864418
126,11.12.2025,14,2025,True,0.0407982440512327,0.02012929692864418
126,12.12.2025,14,2025,True,0.0410826891671888,0.02034524455666542
126,15.12.2025,14,2025,True,0.041073031107068,0.018900198861956596
126,16.12.2025,14,2025,True,0.0409870016180778,0.01927749067544937
126,17.12.2025,14,2025,True,0.0410471671852485,0.025425182655453682
126,18.12.2025,14,2025,True,0.0410627391007721,0.02537394128739834
126,19.12.2025,14,2025,True,0.0412612908020027,0.020673371851444244
126,22.12.2025,14,2025,True,0.0412372434959423,0.022318776696920395
126,23.12.2025,14,2025,True,0.0414385301499784,0.019725188612937927
126,24.12.2025,14,2025,True,0.0414584457228574,0.01919412799179554
126,26.12.2025,14,2025,True,0.0413878395096646,0.018852850422263145
126,29.12.2025,14,2025,True,0.0413881710383068,0.019968656823039055
126,30.12.2025,14,2025,True,0.041388363445709,0.018577303737401962
126,31.12.2025,14,2025,True,0.041354790671326,0.018258247524499893
5,02.01.2026,15,2026,True,0.0220576739777579,0.013099869713187218
5,05.01.2026,15,2026,True,0.0216021974286242,0.013098929077386856
5,06.01.2026,15,2026,True,0.0177501068666606,0.014777441509068012
5,07.01.2026,15,2026,True,0.0093750364908565,0.016024919226765633
5,08.01.2026,15,2026,True,0.0275506841292633,0.01639997400343418
5,09.01.2026,15,2026,True,0.0261404334543782,0.016973774880170822
5,12.01.2026,15,2026,True,0.026416420924779,0.018769722431898117
5,13.01.2026,15,2026,True,0.0237381825416173,0.015786301344633102
5,14.01.2026,15,2026,True,0.0226522682275858,0.018764464184641838
5,15.01.2026,15,2026,True,0.0166701236005469,0.022002574056386948
5,16.01.2026,15,2026,True,0.0173938191176149,0.016071313992142677
5,20.01.2026,15,2026,True,0.0207726551075824,0.021087832748889923
5,21.01.2026,15,2026,True,0.0207579106972276,0.021376725286245346
5,22.01.2026,15,2026,True,0.015732644606982,0.024072080850601196
5,23.01.2026,15,2026,True,0.017052222451371,0.02500610612332821
5,26.01.2026,15,2026,True,0.0394470594905197,0.026578132063150406
5,27.01.2026,15,2026,True,0.0374101115912987,0.021573835983872414
5,28.01.2026,15,2026,True,0.0399194940771254,0.022120259702205658
5,29.01.2026,15,2026,True,0.0376755773298061,0.02163824811577797
5,30.01.2026,15,2026,True,0.0382766629241076,0.02338077314198017
5,02.02.2026,15,2026,True,0.0219096710463424,0.01742950826883316
5,03.02.2026,15,2026,True,0.0219619096292464,0.04180162400007248
5,04.02.2026,15,2026,True,0.0167915511385721,0.03963669389486313
5,05.02.2026,15,2026,True,0.0166185017199006,0.03608211502432823
5,06.02.2026,15,2026,True,0.0162635511822032,0.038313236087560654
5,09.02.2026,15,2026,True,0.0138238073258486,0.03783656284213066
5,10.02.2026,15,2026,True,0.0253746742622246,0.03274673596024513
5,11.02.2026,15,2026,True,0.0261456765538791,0.02671964094042778
5,12.02.2026,15,2026,True,0.0190108559433364,0.02443123236298561
5,13.02.2026,15,2026,True,0.0200791788113775,0.021251147612929344
5,17.02.2026,15,2026,True,0.0212040177952239,0.020863227546215057
5,18.02.2026,15,2026,True,0.0106097366449827,0.022305253893136978
5,19.02.2026,15,2026,True,0.0047228970742127,0.026217801496386528
5,20.02.2026,15,2026,True,0.0130731464489822,0.030673447996377945
5,23.02.2026,15,2026,True,0.0323756855550877,0.02580581046640873
5,24.02.2026,15,2026,True,0.0303933605125437,0.02948709763586521
5,25.02.2026,15,2026,True,0.0306461090553716,0.032120443880558014
5,26.02.2026,15,2026,True,0.0265926211950809,0.028077851980924606
5,27.02.2026,15,2026,True,0.0313439668016201,0.040662601590156555
5,02.03.2026,15,2026,True,0.0306372638188605,0.030619123950600624
5,03.03.2026,15,2026,True,0.0813312280852919,0.05868561565876007
5,04.03.2026,15,2026,True,0.0818253276563884,0.06634113192558289
5,05.03.2026,15,2026,True,0.0865514732310649,0.0627535805106163
5,06.03.2026,15,2026,True,0.0820862350853726,0.07395727932453156
5,09.03.2026,15,2026,True,0.0802334993770211,0.0840539038181305
5,10.03.2026,15,2026,True,0.042119655640424,0.0745091512799263
5,11.03.2026,15,2026,True,0.0415758602873652,0.06199923902750015
5,12.03.2026,15,2026,True,0.0266439240841511,0.07993894815444946
5,13.03.2026,15,2026,True,0.0273316877273464,0.07454504817724228
5,16.03.2026,15,2026,True,0.0650763705759555,0.08132046461105347
5,17.03.2026,15,2026,True,0.0669103621589991,0.05918603017926216
5,18.03.2026,15,2026,True,0.0642546186829327,0.061155930161476135
5,19.03.2026,15,2026,True,0.070516067656779,0.07139250636100769
5,20.03.2026,15,2026,True,0.0717229288099039,0.05591440200805664
5,23.03.2026,15,2026,True,0.0327556745266894,0.062413644045591354
5,24.03.2026,15,2026,True,0.0333639318164079,0.05826635658740997
5,25.03.2026,15,2026,True,0.0889976270828279,0.059632014483213425
5,26.03.2026,15,2026,True,0.0925522813363506,0.060297686606645584
5,27.03.2026,15,2026,True,0.0901253235620718,0.06523619592189789
5,30.03.2026,15,2026,True,0.0900480749404196,0.06404583901166916
5,31.03.2026,15,2026,True,0.1009293258914761,0.06706403940916061
5,01.04.2026,15,2026,True,0.0799896985902602,0.06508494168519974
5,02.04.2026,15,2026,True,0.0650446588019132,0.06000979244709015
5,06.04.2026,15,2026,True,0.0714160471906021,0.07148397713899612
5,07.04.2026,15,2026,True,0.071660628838849,0.08212079107761383
5,08.04.2026,15,2026,True,0.0326157814059237,0.081117182970047
5,09.04.2026,15,2026,True,0.0386023619351195,0.047152772545814514
5,10.04.2026,15,2026,True,0.060512170691955,0.06493270397186279
5,13.04.2026,15,2026,True,0.0633513089211289,0.06870073080062866
5,14.04.2026,15,2026,True,0.0608670887683801,0.06649060547351837
5,15.04.2026,15,2026,True,0.0617941647130986,0.06123754009604454
5,16.04.2026,15,2026,True,0.0601825256666072,0.05954505503177643
5,17.04.2026,15,2026,True,0.0186731429039724,0.05872997269034386
5,20.04.2026,15,2026,True,0.0128781832399018,0.04504184424877167
5,21.04.2026,15,2026,True,0.012581807310521,0.059877585619688034
5,22.04.2026,15,2026,True,0.0200928878343165,0.06367240846157074
5,23.04.2026,15,2026,True,0.0348657076975311,0.06024225428700447
5,24.04.2026,15,2026,True,0.0469396447586403,0.05922224000096321
5,27.04.2026,15,2026,True,0.0518883514125255,0.05774947628378868
5,28.04.2026,15,2026,True,0.0553600889513018,0.04706954210996628
5,29.04.2026,15,2026,True,0.0518508075068966,0.0456111766397953
5,30.04.2026,15,2026,True,0.0523968275324118,0.046310778707265854
5,01.05.2026,15,2026,True,0.0522237249779472,0.037931427359580994
5,04.05.2026,15,2026,True,0.0437378103748314,0.0429837666451931
5,05.05.2026,15,2026,True,0.0469011249289117,0.04964229092001915
5,06.05.2026,15,2026,True,0.0238577193283388,0.04960235208272934
5,07.05.2026,15,2026,True,0.0216958190703434,0.04985106736421585
5,08.05.2026,15,2026,True,0.0238563418738349,0.046464137732982635
5,11.05.2026,15,2026,True,0.0235018391530982,0.046464137732982635
5,12.05.2026,15,2026,True,0.0223312836423463,0.037897832691669464
5,13.05.2026,15,2026,True,0.0358589848234453,0.04903357848525047
5,14.05.2026,15,2026,True,0.0371491860895561,0.04462167248129845
5,15.05.2026,15,2026,True,0.0321159753486123,0.04209616780281067
5,18.05.2026,15,2026,True,0.026273379859647,0.03856737166643143
5,19.05.2026,15,2026,True,0.0273972854409567,0.0350184328854084
5,20.05.2026,15,2026,True,0.0254023543150176,0.036502987146377563
5,21.05.2026,15,2026,True,0.0254873547305959,0.037840746343135834
5,22.05.2026,15,2026,True,0.0329791827828975,0.03761042654514313
5,26.05.2026,15,2026,True,0.0322684530339313,0.03834693506360054
5,27.05.2026,15,2026,True,0.019581140963704,0.029989028349518776
5,28.05.2026,15,2026,True,0.0252812159373501,0.030685551464557648
5,29.05.2026,15,2026,True,0.0258671194987152,0.026730967685580254
5,01.06.2026,15,2026,True,0.021571326675603,0.026939988136291504
5,02.06.2026,15,2026,True,0.0234365817334465,0.03185499086976051
5,03.06.2026,15,2026,True,0.0231967703391039,0.03285888582468033
5,04.06.2026,15,2026,True,0.0233660108736719,0.031200053170323372
5,05.06.2026,15,2026,True,0.025614369001156,0.030287902802228928
5,08.06.2026,15,2026,True,0.0252037387639444,0.026306472718715668
5,09.06.2026,15,2026,True,0.0280395300650387,0.030948486179113388
5,10.06.2026,15,2026,True,0.0236940641641567,0.026722189038991928
5,11.06.2026,15,2026,True,0.0285465682712684,0.03433716669678688
5,12.06.2026,15,2026,True,0.0280619546949263,0.02872060239315033
5,15.06.2026,15,2026,True,0.0241591130920128,0.02595692127943039
5,16.06.2026,15,2026,True,0.021328344123331,0.02273976430296898
5,17.06.2026,15,2026,True,0.0250071286761539,0.027754593640565872
5,18.06.2026,15,2026,True,0.027053921857194,0.028430135920643806
5,22.06.2026,15,2026,True,0.0313361161424492,0.027325574308633804
5,23.06.2026,15,2026,True,0.0316296862713603,0.027249151840806007
5,24.06.2026,15,2026,True,0.0265790495378855,0.02379906177520752
5,25.06.2026,15,2026,True,0.0232120861021053,0.020746754482388496
5,26.06.2026,15,2026,True,0.0125689745702291,0.023807786405086517
5,29.06.2026,15,2026,True,0.0174695982200973,0.019688375294208527
5,30.06.2026,15,2026,True,0.0269675387679561,0.022977836430072784
5,01.07.2026,15,2026,True,0.0280696539186173,0.023949934169650078
5,02.07.2026,15,2026,True,0.0288339976816877,0.014876640401780605
5,06.07.2026,15,2026,True,0.0449914473683734,0.016032898798584938
5,07.07.2026,15,2026,True,0.0453113101921202,0.019376980140805244
5,08.07.2026,15,2026,True,0.0440088898040862,0.026239141821861267
5,09.07.2026,15,2026,True,0.0412782557751398,0.020213069394230843
5,10.07.2026,15,2026,True,0.0400524113380354,0.018803244456648827
5,13.07.2026,15,2026,True,0.020022837173392,0.020781289786100388
5,14.07.2026,15,2026,True,0.0201793713106393,0.024309348315000534
5,15.07.2026,15,2026,True,0.0203612231509063,0.027124252170324326
5,16.07.2026,15,2026,True,0.0219008397197257,0.025608988478779793
5,17.07.2026,15,2026,True,0.0389725397669558,0.02002602256834507
5,20.07.2026,15,2026,True,0.0631424835896438,0.025578098371624947
5,21.07.2026,15,2026,True,0.0647585539542266,0.032928843051195145
5,22.07.2026,15,2026,True,0.0749414735031367,0.031241603195667267
5,23.07.2026,15,2026,True,0.0621132772461594,0.03250071033835411
5,24.07.2026,15,2026,True,0.0632937201743563,0.04422500729560852
5,27.07.2026,15,2026,True,0.0581505495365553,0.036769479513168335
5,28.07.2026,15,2026,True,0.0589407459586854,0.03086072951555252
5,29.07.2026,15,2026,True,0.0362074433091067,0.03333760425448418
5,30.07.2026,15,2026,True,0.0465257842098363,0.04682779312133789
5,31.07.2026,15,2026,True,0.0466148226073336,0.04134431108832359
5,03.08.2026,15,2026,True,0.0401450778632215,0.04317537695169449
5,04.08.2026,15,2026,True,0.0196570671847008,0.035364896059036255
5,05.08.2026,15,2026,True,0.0197525685177037,0.033566221594810486
5,06.08.2026,15,2026,True,0.0255159412964316,0.03326897323131561
5,07.08.2026,15,2026,True,0.0256426913091254,0.03326907381415367
5,10.08.2026,15,2026,True,0.0184621798045003,0.033606067299842834
5,11.08.2026,15,2026,True,0.0181897821449859,0.03794509917497635
5,12.08.2026,15,2026,True,0.0180629114681659,0.03641236945986748
5,13.08.2026,15,2026,True,0.0105579174412507,0.035992614924907684
5,14.08.2026,15,2026,True,0.0111009767325525,0.03282114118337631
5,17.08.2026,15,2026,True,0.0170074635403137,0.033695150166749954
5,18.08.2026,15,2026,True,0.0256190011660325,0.03270576521754265
5,19.08.2026,15,2026,True,0.0247244017850896,0.030075307935476303
5,20.08.2026,15,2026,True,0.0239822152583917,0.03121187910437584
5,21.08.2026,15,2026,True,0.0226999342336088,0.028352539986371994
5,24.08.2026,15,2026,True,0.0235127393217673,0.02662019245326519
5,25.08.2026,15,2026,True,0.021461054891998,0.0192863829433918
22,02.01.2026,15,2026,True,0.0248897299770288,0.014830038882791996
22,05.01.2026,15,2026,True,0.0257885349568096,0.013845270499587059
22,06.01.2026,15,2026,True,0.025347000416863,0.025343801826238632
22,07.01.2026,15,2026,True,0.0251093538809658,0.026025857776403427
22,08.01.2026,15,2026,True,0.0244497362158196,0.02877744659781456
22,09.01.2026,15,2026,True,0.0241810448643694,0.02708292007446289
22,12.01.2026,15,2026,True,0.0250742312263834,0.025895705446600914
22,13.01.2026,15,2026,True,0.024581798330296,0.021394941955804825
22,14.01.2026,15,2026,True,0.0244026865220301,0.02300930581986904
22,15.01.2026,15,2026,True,0.0239918247576385,0.02629224956035614
22,16.01.2026,15,2026,True,0.0241760998245812,0.020793065428733826
22,20.01.2026,15,2026,True,0.0241329137274269,0.023562276735901833
22,21.01.2026,15,2026,True,0.0241976555394014,0.026718709617853165
22,22.01.2026,15,2026,True,0.0238993321782519,0.03174673765897751
22,23.01.2026,15,2026,True,0.0233215643385728,0.03429095074534416
22,26.01.2026,15,2026,True,0.0232830360687757,0.03601980581879616
22,27.01.2026,15,2026,True,0.0230116001908713,0.024291256442666054
22,28.01.2026,15,2026,True,0.0270435392550545,0.02769339270889759
22,29.01.2026,15,2026,True,0.0277878466326955,0.02822216972708702
22,30.01.2026,15,2026,True,0.0277846730373958,0.02467179112136364
22,02.02.2026,15,2026,True,0.0243020398641237,0.024266870692372322
22,03.02.2026,15,2026,True,0.0285580571539954,0.026055889204144478
22,04.02.2026,15,2026,True,0.0303868924977153,0.029921147972345352
22,05.02.2026,15,2026,True,0.0411157187383807,0.028674431145191193
22,06.02.2026,15,2026,True,0.0417514661696347,0.0290411077439785
22,09.02.2026,15,2026,True,0.0446724265548944,0.02862476371228695
22,10.02.2026,15,2026,True,0.0444716707984407,0.02857528068125248
22,11.02.2026,15,2026,True,0.0455672817310516,0.024844788014888763
22,12.02.2026,15,2026,True,0.0445695770977365,0.021995998919010162
22,13.02.2026,15,2026,True,0.0445816522250786,0.020897405222058296
22,17.02.2026,15,2026,True,0.0442628005079406,0.020258478820323944
22,18.02.2026,15,2026,True,0.0440837613240542,0.02390838973224163
22,19.02.2026,15,2026,True,0.0528748986962586,0.02759995497763157
22,20.02.2026,15,2026,True,0.0531405906370583,0.029997359961271286
22,23.02.2026,15,2026,True,0.0536199379966172,0.029182342812418938
22,24.02.2026,15,2026,True,0.0538944478660716,0.025512270629405975
22,25.02.2026,15,2026,True,0.0539338388398393,0.024911649525165558
22,26.02.2026,15,2026,True,0.0538733653086086,0.024217871949076653
22,27.02.2026,15,2026,True,0.0541794780385456,0.03189002722501755
22,02.03.2026,15,2026,True,0.0651529597450192,0.027089126408100128
22,03.03.2026,15,2026,True,0.0661561398381445,0.043954987078905106
22,04.03.2026,15,2026,True,0.0661071624540776,0.04579080268740654
22,05.03.2026,15,2026,True,0.065750952009506,0.03917247802019119
22,06.03.2026,15,2026,True,0.071434945054168,0.05719740688800812
22,09.03.2026,15,2026,True,0.0700360241563215,0.05960831418633461
22,10.03.2026,15,2026,True,0.0649146725005295,0.054523639380931854
22,11.03.2026,15,2026,True,0.0648019637502652,0.05643094331026077
22,12.03.2026,15,2026,True,0.0627703237560363,0.07569465786218643
22,13.03.2026,15,2026,True,0.0624469645397965,0.07532759010791779
22,16.03.2026,15,2026,True,0.0630491478798708,0.07671873271465302
22,17.03.2026,15,2026,True,0.0657168406871142,0.055834658443927765
22,18.03.2026,15,2026,True,0.0663657739664835,0.05349132418632507
22,19.03.2026,15,2026,True,0.0667260348337791,0.05389700084924698
22,20.03.2026,15,2026,True,0.0667843053575438,0.05176772177219391
22,23.03.2026,15,2026,True,0.0623097281126631,0.0519225113093853
22,24.03.2026,15,2026,True,0.0615929368010337,0.05793929100036621
22,25.03.2026,15,2026,True,0.0616353737156529,0.05805215612053871
22,26.03.2026,15,2026,True,0.0607933564686174,0.05729709938168526
22,27.03.2026,15,2026,True,0.0614622081541064,0.05808064341545105
22,30.03.2026,15,2026,True,0.0619614379215962,0.05813957378268242
22,31.03.2026,15,2026,True,0.0619916238084407,0.05343719571828842
22,01.04.2026,15,2026,True,0.0529699873863521,0.05268993601202965
22,02.04.2026,15,2026,True,0.0514822892681787,0.05893396958708763
22,06.04.2026,15,2026,True,0.0543200864215505,0.06075339764356613
22,07.04.2026,15,2026,True,0.0543492245998351,0.06242085620760918
22,08.04.2026,15,2026,True,0.0447217486542741,0.06253816187381744
22,09.04.2026,15,2026,True,0.0450121664849491,0.06076924502849579
22,10.04.2026,15,2026,True,0.0453729537656854,0.0559607595205307
22,13.04.2026,15,2026,True,0.0448992283941479,0.048973336815834045
22,14.04.2026,15,2026,True,0.0435054941627424,0.05867226421833038
22,15.04.2026,15,2026,True,0.0439007557046396,0.04832468554377556
22,16.04.2026,15,2026,True,0.0432399644137607,0.04533684626221657
22,17.04.2026,15,2026,True,0.0371472463430663,0.04813394695520401
22,20.04.2026,15,2026,True,0.0383418234948645,0.04298282042145729
22,21.04.2026,15,2026,True,0.0382996737058662,0.045482341200113297
22,22.04.2026,15,2026,True,0.0376594843586727,0.054720405489206314
22,23.04.2026,15,2026,True,0.0379547094338326,0.04767102003097534
22,24.04.2026,15,2026,True,0.0395203131878672,0.047219205647706985
22,27.04.2026,15,2026,True,0.0388607729849784,0.04459458589553833
22,28.04.2026,15,2026,True,0.0381605190689719,0.040191881358623505
22,29.04.2026,15,2026,True,0.0362271800825387,0.03986413776874542
22,30.04.2026,15,2026,True,0.0360395980266082,0.043005798012018204
22,01.05.2026,15,2026,True,0.0350122081710312,0.03719758614897728
22,04.05.2026,15,2026,True,0.0325795666664964,0.03903084620833397
22,05.05.2026,15,2026,True,0.0319048300633474,0.041887011379003525
22,06.05.2026,15,2026,True,0.0275162719669057,0.038618311285972595
22,07.05.2026,15,2026,True,0.0280574969067254,0.039236459881067276
22,08.05.2026,15,2026,True,0.028239659559211,0.03845331817865372
22,11.05.2026,15,2026,True,0.0277918479891002,0.03845331817865372
22,12.05.2026,15,2026,True,0.0268872198084046,0.03786850720643997
22,13.05.2026,15,2026,True,0.0280933926337753,0.03929055109620094
22,14.05.2026,15,2026,True,0.0292749639124159,0.03860018029808998
22,15.05.2026,15,2026,True,0.0278278931555891,0.03666341304779053
22,18.05.2026,15,2026,True,0.0266943910836354,0.03387664258480072
22,19.05.2026,15,2026,True,0.026701141039646,0.031072568148374557
22,20.05.2026,15,2026,True,0.025037057056453,0.0315827876329422
22,21.05.2026,15,2026,True,0.025791676562621,0.031213441863656044
22,22.05.2026,15,2026,True,0.0263909398629345,0.030608179047703743
22,26.05.2026,15,2026,True,0.0266547509280008,0.031078370288014412
22,27.05.2026,15,2026,True,0.0258667883133189,0.02785760909318924
22,28.05.2026,15,2026,True,0.025904639140171,0.026827899739146233
22,29.05.2026,15,2026,True,0.0259149010029311,0.023973429575562477
22,01.06.2026,15,2026,True,0.0243508627332197,0.02295144833624363
22,02.06.2026,15,2026,True,0.0240413597425958,0.029175138100981712
22,03.06.2026,15,2026,True,0.0248362234714889,0.029226182028651237
22,04.06.2026,15,2026,True,0.0279551740514663,0.028232987970113754
22,05.06.2026,15,2026,True,0.0279905073122995,0.03122694045305252
22,08.06.2026,15,2026,True,0.0276106278262659,0.030590081587433815
22,09.06.2026,15,2026,True,0.0346369467883317,0.030953796580433846
22,10.06.2026,15,2026,True,0.0346112449549678,0.03107704035937786
22,11.06.2026,15,2026,True,0.0341656444722572,0.03176482021808624
22,12.06.2026,15,2026,True,0.0334679772819215,0.029990961775183678
22,15.06.2026,15,2026,True,0.033142279645154,0.028796881437301636
22,16.06.2026,15,2026,True,0.0308608747117906,0.02975045144557953
22,17.06.2026,15,2026,True,0.0310103581427768,0.03332311660051346
22,18.06.2026,15,2026,True,0.0315295333010624,0.0370485782623291
22,22.06.2026,15,2026,True,0.0331788768832367,0.03631753474473953
22,23.06.2026,15,2026,True,0.0346500040024096,0.02496091090142727
22,24.06.2026,15,2026,True,0.0392810539326016,0.02451154962182045
22,25.06.2026,15,2026,True,0.0410387489886812,0.022356169298291206
22,26.06.2026,15,2026,True,0.0421512763117659,0.023815007880330086
22,29.06.2026,15,2026,True,0.04259373500315,0.02252720296382904
22,30.06.2026,15,2026,True,0.0425119962124519,0.02364209294319153
22,01.07.2026,15,2026,True,0.0456981984590684,0.022024385631084442
22,02.07.2026,15,2026,True,0.0475293371416827,0.020634783431887627
22,06.07.2026,15,2026,True,0.0475333110567382,0.020822010934352875
22,07.07.2026,15,2026,True,0.0477605799483979,0.02118992991745472
22,08.07.2026,15,2026,True,0.046697061509629,0.02683977037668228
22,09.07.2026,15,2026,True,0.0473070132117301,0.026491958647966385
22,10.07.2026,15,2026,True,0.04727395984249,0.024888131767511368
22,13.07.2026,15,2026,True,0.0433499775445656,0.024096908047795296
22,14.07.2026,15,2026,True,0.0435391522534267,0.023460930213332176
22,15.07.2026,15,2026,True,0.04366080152838,0.021666424348950386
22,16.07.2026,15,2026,True,0.0438943352361889,0.023809300735592842
22,17.07.2026,15,2026,True,0.0429058449007866,0.022112302482128143
22,20.07.2026,15,2026,True,0.0428502519985121,0.024301020428538322
22,21.07.2026,15,2026,True,0.0429277299907879,0.032002463936805725
22,22.07.2026,15,2026,True,0.0423631426193018,0.03015916980803013
22,23.07.2026,15,2026,True,0.0398055027512681,0.03222348168492317
22,24.07.2026,15,2026,True,0.0398107216246869,0.03154957666993141
22,27.07.2026,15,2026,True,0.0347939722056959,0.031100932508707047
22,28.07.2026,15,2026,True,0.0332527757996031,0.024392500519752502
22,29.07.2026,15,2026,True,0.0289704004213668,0.028462128713726997
22,30.07.2026,15,2026,True,0.0288136477759307,0.036107853055000305
22,31.07.2026,15,2026,True,0.0302446867283322,0.031201569363474846
66,02.01.2026,15,2026,False,0.0462102950136738,0.017129821702837944
66,05.01.2026,15,2026,False,0.0462283774796534,0.016547732055187225
66,06.01.2026,15,2026,False,0.0463425515884575,0.02685881033539772
66,07.01.2026,15,2026,False,0.0467669018747974,0.026934076100587845
66,08.01.2026,15,2026,False,0.0466548961582881,0.027405869215726852
66,09.01.2026,15,2026,False,0.0468720378692314,0.031903237104415894
66,12.01.2026,15,2026,False,0.0485187474911291,0.030404509976506233
66,13.01.2026,15,2026,False,0.0488458564366483,0.02785017527639866
66,14.01.2026,15,2026,False,0.0489290461438525,0.0265539288520813
66,15.01.2026,15,2026,False,0.0486731484897909,0.02720482274889946
66,16.01.2026,15,2026,False,0.0487580995197383,0.0265369713306427
66,20.01.2026,15,2026,False,0.0487582506011629,0.027095844969153404
66,21.01.2026,15,2026,False,0.0488181347997526,0.029879242181777954
66,22.01.2026,15,2026,False,0.0487698698205486,0.03186279535293579
66,23.01.2026,15,2026,False,0.0491109766234267,0.032740071415901184
66,26.01.2026,15,2026,False,0.0493768179698028,0.03246385231614113
66,27.01.2026,15,2026,False,0.0498661947021829,0.026588311418890953
66,28.01.2026,15,2026,False,0.0502300016985866,0.028759069740772247
66,29.01.2026,15,2026,False,0.0504787506363002,0.02885506860911846
66,30.01.2026,15,2026,False,0.0516281060483467,0.029128098860383034
66,02.02.2026,15,2026,False,0.0509419330042036,0.028238072991371155
66,03.02.2026,15,2026,False,0.0509345868854477,0.026781825348734856
66,04.02.2026,15,2026,False,0.0509151475836051,0.026744775474071503
66,05.02.2026,15,2026,False,0.0508452963551682,0.027039462700486183
66,06.02.2026,15,2026,False,0.0509548321722639,0.026598956435918808
66,09.02.2026,15,2026,False,0.0509503657726611,0.0268999170511961
66,10.02.2026,15,2026,False,0.0510382077639646,0.026441989466547966
66,11.02.2026,15,2026,False,0.0510895400548125,0.024776162579655647
66,12.02.2026,15,2026,False,0.0509389297108264,0.02248581126332283
66,13.02.2026,15,2026,False,0.0515710411624075,0.021766070276498795
66,17.02.2026,15,2026,False,0.0516859012850616,0.022285278886556625
66,18.02.2026,15,2026,False,0.0514895032158185,0.025261251255869865
66,19.02.2026,15,2026,False,0.0517581796718812,0.03058214671909809
66,20.02.2026,15,2026,False,0.0522740532858326,0.030744103714823723
66,23.02.2026,15,2026,False,0.0522804741811738,0.030719846487045288
66,24.02.2026,15,2026,False,0.0523216021599924,0.027458155527710915
66,25.02.2026,15,2026,False,0.0524282474697848,0.027458155527710915
66,26.02.2026,15,2026,False,0.0524286099888107,0.02838902734220028
66,27.02.2026,15,2026,False,0.0524015324952683,0.02852644957602024
66,02.03.2026,15,2026,False,0.0519108642495616,0.027851775288581848
66,03.03.2026,15,2026,False,0.0517100062337832,0.02911723218858242
66,04.03.2026,15,2026,False,0.0517249815837283,0.03194798529148102
66,05.03.2026,15,2026,False,0.0515539532963007,0.032019101083278656
66,06.03.2026,15,2026,False,0.0506051151652946,0.040909938514232635
66,09.03.2026,15,2026,False,0.0500657327428031,0.03877636790275574
66,10.03.2026,15,2026,False,0.0480245259786599,0.03880791738629341
66,11.03.2026,15,2026,False,0.0480350726182581,0.041363250464200974
66,12.03.2026,15,2026,False,0.0470964568767033,0.0461224727332592
66,13.03.2026,15,2026,False,0.0469687337227553,0.04790753498673439
66,16.03.2026,15,2026,False,0.0468742965443406,0.04729510843753815
66,17.03.2026,15,2026,False,0.0467398651797789,0.04166487604379654
66,18.03.2026,15,2026,False,0.0464511921687279,0.0402960367500782
66,19.03.2026,15,2026,False,0.0466516880991773,0.0404384583234787
66,20.03.2026,15,2026,False,0.0465277464013814,0.04011062532663345
66,23.03.2026,15,2026,False,0.0447390804839936,0.04021365940570831
66,24.03.2026,15,2026,False,0.0443899516067937,0.04137522727251053
66,25.03.2026,15,2026,False,0.0443423475598138,0.040602196007966995
66,26.03.2026,15,2026,False,0.0437267296868556,0.041319895535707474
66,27.03.2026,15,2026,False,0.0433384487401389,0.041330497711896896
66,30.03.2026,15,2026,False,0.0433409540208562,0.04171544685959816
66,31.03.2026,15,2026,False,0.0430383583304357,0.039487842470407486
66,01.04.2026,15,2026,False,0.0393468179591613,0.03994050994515419
66,02.04.2026,15,2026,False,0.038150885817719,0.04292972385883331
66,06.04.2026,15,2026,False,0.0381211738492549,0.04261455684900284
66,07.04.2026,15,2026,False,0.0399532457917158,0.04325596243143082
66,08.04.2026,15,2026,False,0.0360862650186912,0.04325596243143082
66,09.04.2026,15,2026,False,0.0360482807073427,0.043488871306180954
66,10.04.2026,15,2026,False,0.0360508556749644,0.04159543290734291
66,13.04.2026,15,2026,False,0.0360927782515722,0.037221502512693405
66,14.04.2026,15,2026,False,0.0356868666692921,0.041283149272203445
66,15.04.2026,15,2026,False,0.0357775043179472,0.034409619867801666
66,16.04.2026,15,2026,False,0.0355546713247297,0.03364769369363785
66,17.04.2026,15,2026,False,0.0345592865185562,0.034258563071489334
66,20.04.2026,15,2026,False,0.0342752936309245,0.03360908478498459
66,21.04.2026,15,2026,False,0.0358445536424223,0.034283507615327835
66,22.04.2026,15,2026,False,0.0360371092841017,0.04188935086131096
66,23.04.2026,15,2026,False,0.0371085868451826,0.037324536591768265
66,24.04.2026,15,2026,False,0.0371610612069112,0.037324536591768265
66,27.04.2026,15,2026,False,0.0370222393526794,0.03483115881681442
66,28.04.2026,15,2026,False,0.0378166030370013,0.03259766846895218
66,29.04.2026,15,2026,False,0.0374627411491537,0.03193986043334007
66,30.04.2026,15,2026,False,0.0373004919276638,0.033057015389204025
66,01.05.2026,15,2026,False,0.0371989712703014,0.031805988401174545
66,04.05.2026,15,2026,False,0.0364894143510683,0.03151232749223709
66,05.05.2026,15,2026,False,0.03679234227754,0.035539526492357254
66,06.05.2026,15,2026,False,0.0355264528579487,0.032575421035289764
66,07.05.2026,15,2026,False,0.0355056964352293,0.032216209918260574
66,08.05.2026,15,2026,False,0.0355454374164561,0.0318983718752861
66,11.05.2026,15,2026,False,0.0354171672869353,0.0318983718752861
66,12.05.2026,15,2026,False,0.0353129311656681,0.032015834003686905
66,13.05.2026,15,2026,False,0.0352487202941661,0.031614698469638824
66,14.05.2026,15,2026,False,0.0352635014045114,0.03228083997964859
66,15.05.2026,15,2026,False,0.0351356560333249,0.030621210113167763
66,18.05.2026,15,2026,False,0.0349796922490384,0.03129566088318825
66,19.05.2026,15,2026,False,0.0350725224829746,0.027983075007796288
66,20.05.2026,15,2026,False,0.0347031703836506,0.027770349755883217
66,21.05.2026,15,2026,False,0.0346126805651233,0.028400277718901634
66,22.05.2026,15,2026,False,0.034702560031352,0.028293859213590622
66,26.05.2026,15,2026,False,0.0343976923521873,0.02808113396167755
66,27.05.2026,15,2026,False,0.0337990872785571,0.02638636715710163
66,28.05.2026,15,2026,False,0.0342526452737518,0.026782792061567307
126,02.01.2026,15,2026,False,0.0414309216070683,0.01866058073937893
126,05.01.2026,15,2026,False,0.0416413346606189,0.019572312012314796
126,06.01.2026,15,2026,False,0.0416620308369402,0.023377634584903717
126,07.01.2026,15,2026,False,0.0416459718271782,0.023990338668227196
126,08.01.2026,15,2026,False,0.0423160429380117,0.025296013802289963
126,09.01.2026,15,2026,False,0.0423015428157304,0.02662776969373226
126,12.01.2026,15,2026,False,0.0422980946570083,0.02474292740225792
126,13.01.2026,15,2026,False,0.042260443788389,0.024245282635092735
126,14.01.2026,15,2026,False,0.0424155833770117,0.02342524752020836
126,15.01.2026,15,2026,False,0.0422354993102402,0.023910081014037132
126,16.01.2026,15,2026,False,0.0422624305482103,0.022342070937156677
126,20.01.2026,15,2026,False,0.0423403989928023,0.022900845855474472
126,21.01.2026,15,2026,False,0.0427351366310522,0.02438855729997158
126,22.01.2026,15,2026,False,0.0428640130381664,0.026815049350261688
126,23.01.2026,15,2026,False,0.0436195013460575,0.02710597589612007
126,26.01.2026,15,2026,False,0.0438598359934713,0.026946522295475006
126,27.01.2026,15,2026,False,0.0442871555683861,0.025310778990387917
126,28.01.2026,15,2026,False,0.0443188753247728,0.025953171774744987
126,29.01.2026,15,2026,False,0.0442402332512763,0.025861864909529686
126,30.01.2026,15,2026,False,0.044741631863514,0.026152439415454865
126,02.02.2026,15,2026,False,0.0446329856988635,0.025634467601776123
126,03.02.2026,15,2026,False,0.0446153070233635,0.02669629640877247
126,04.02.2026,15,2026,False,0.0446531948091602,0.026604989543557167
126,05.02.2026,15,2026,False,0.0445869931505968,0.02669629640877247
126,06.02.2026,15,2026,False,0.0447807760033318,0.02669629640877247
126,09.02.2026,15,2026,False,0.0447787086256526,0.026604989543557167
126,10.02.2026,15,2026,False,0.0447761365986844,0.02537671849131584
126,11.02.2026,15,2026,False,0.0448218677241551,0.02499581128358841
126,12.02.2026,15,2026,False,0.0447633640214564,0.022545140236616135
126,13.02.2026,15,2026,False,0.0448145210580709,0.02221250720322132
126,17.02.2026,15,2026,False,0.0448098882083934,0.02216164954006672
126,18.02.2026,15,2026,False,0.0446663439596313,0.025264594703912735
126,19.02.2026,15,2026,False,0.0446826439121951,0.028147855773568153
126,20.02.2026,15,2026,False,0.0446842691291786,0.028020882979035378
126,23.02.2026,15,2026,False,0.0447411852405975,0.028056548908352852
126,24.02.2026,15,2026,False,0.0448829630358587,0.025508463382720947
126,25.02.2026,15,2026,False,0.044892079089087,0.025508463382720947
126,26.02.2026,15,2026,False,0.0449238582600422,0.02556019462645054
126,27.02.2026,15,2026,False,0.04488255447282,0.025728005915880203
126,02.03.2026,15,2026,False,0.0444731317650921,0.025510583072900772
126,03.03.2026,15,2026,False,0.0444646981369981,0.028004348278045654
