horizon,Date,fold,test_year,include_in_main,y_true,pred_xgb6
5,03.01.2012,1,2012,True,0.0091622752838812,0.017494142055511475
5,04.01.2012,1,2012,True,0.0073304055022451,0.018895568326115608
5,05.01.2012,1,2012,True,0.0073897103930778,0.02207673341035843
5,06.01.2012,1,2012,True,0.0068938129059292,0.016275648027658463
5,09.01.2012,1,2012,True,0.0094039118661892,0.016456011682748795
5,10.01.2012,1,2012,True,0.0081388578114853,0.017397718504071236
5,11.01.2012,1,2012,True,0.009300169890081,0.019028469920158386
5,12.01.2012,1,2012,True,0.0109276706331585,0.01792360097169876
5,13.01.2012,1,2012,True,0.0111507403942219,0.014524871483445168
5,17.01.2012,1,2012,True,0.0098667899424775,0.02024964615702629
5,18.01.2012,1,2012,True,0.0094455173209661,0.01797127164900303
5,19.01.2012,1,2012,True,0.0096719954779693,0.01996871642768383
5,20.01.2012,1,2012,True,0.0060212685873953,0.01975085213780403
5,23.01.2012,1,2012,True,0.0067920384043433,0.025480102747678757
5,24.01.2012,1,2012,True,0.006116763920081,0.020531922578811646
5,25.01.2012,1,2012,True,0.0058653193197458,0.020412907004356384
5,26.01.2012,1,2012,True,0.0050763152347303,0.01770916022360325
5,27.01.2012,1,2012,True,0.0103837053356925,0.014146349392831326
5,30.01.2012,1,2012,True,0.0080960249026039,0.022442404180765152
5,31.01.2012,1,2012,True,0.007987238535353,0.014608630910515785
5,01.02.2012,1,2012,True,0.0077116895506092,0.015704965218901634
5,02.02.2012,1,2012,True,0.0071242658754918,0.020105287432670593
5,03.02.2012,1,2012,True,0.0094715479737674,0.029168928042054176
5,06.02.2012,1,2012,True,0.008686217751824,0.01696915179491043
5,07.02.2012,1,2012,True,0.008706163809804,0.013760131783783436
5,08.02.2012,1,2012,True,0.0084795263139345,0.013442457653582096
5,09.02.2012,1,2012,True,0.0080089951202706,0.016577916219830513
5,10.02.2012,1,2012,True,0.0054161866402711,0.018671847879886627
5,13.02.2012,1,2012,True,0.0081619430577457,0.016669783741235733
5,14.02.2012,1,2012,True,0.0079063960294947,0.020951567217707634
5,15.02.2012,1,2012,True,0.0079400873387557,0.021283481270074844
5,16.02.2012,1,2012,True,0.0085633915189261,0.02158876694738865
5,17.02.2012,1,2012,True,0.0109512037154096,0.0230718944221735
5,21.02.2012,1,2012,True,0.0151715998480684,0.02287892811000347
5,22.02.2012,1,2012,True,0.0149992827191236,0.024841291829943657
5,23.02.2012,1,2012,True,0.0199419141181591,0.018827956169843674
5,24.02.2012,1,2012,True,0.0213856615021576,0.01917288266122341
5,27.02.2012,1,2012,True,0.0209958358871894,0.02020580694079399
5,28.02.2012,1,2012,True,0.0195393142317604,0.02545923739671707
5,29.02.2012,1,2012,True,0.0207452707814624,0.018863147124648094
5,01.03.2012,1,2012,True,0.0161600241704768,0.01689830981194973
5,02.03.2012,1,2012,True,0.0120825027031904,0.020153285935521126
5,05.03.2012,1,2012,True,0.0127235151783122,0.01553044468164444
5,06.03.2012,1,2012,True,0.0082797341318662,0.020287202671170235
5,07.03.2012,1,2012,True,0.0085876706494807,0.01919744163751602
5,08.03.2012,1,2012,True,0.0083201006379127,0.015634365379810333
5,09.03.2012,1,2012,True,0.0125773457134603,0.018147047609090805
5,12.03.2012,1,2012,True,0.0123093188104896,0.015073086135089397
5,13.03.2012,1,2012,True,0.0128898239745921,0.014731932431459427
5,14.03.2012,1,2012,True,0.0123956282176204,0.018598193302750587
5,15.03.2012,1,2012,True,0.0118628485963871,0.017332416027784348
5,16.03.2012,1,2012,True,0.0110415405615514,0.014306532219052315
5,19.03.2012,1,2012,True,0.0112922270587554,0.012995966710150242
5,20.03.2012,1,2012,True,0.0089856438473369,0.017222922295331955
5,21.03.2012,1,2012,True,0.0108465286322642,0.014212796464562416
5,22.03.2012,1,2012,True,0.0122049500311419,0.011708362028002739
5,23.03.2012,1,2012,True,0.0086084771936759,0.01566057652235031
5,26.03.2012,1,2012,True,0.0138413626151857,0.011272125877439976
5,27.03.2012,1,2012,True,0.0139734214569778,0.015697596594691277
5,28.03.2012,1,2012,True,0.0161000857232682,0.016704335808753967
5,29.03.2012,1,2012,True,0.0153187824744819,0.01157675962895155
5,30.03.2012,1,2012,True,0.015609114726079,0.012087607756257057
5,02.04.2012,1,2012,True,0.0129707274242536,0.01242110226303339
5,03.04.2012,1,2012,True,0.0139302438717578,0.016064774245023727
5,04.04.2012,1,2012,True,0.0142046022811044,0.010573100298643112
5,05.04.2012,1,2012,True,0.0132349674214871,0.011882543563842773
5,09.04.2012,1,2012,True,0.0170594137241088,0.012835691682994366
5,10.04.2012,1,2012,True,0.0144671270776696,0.014841622672975063
5,11.04.2012,1,2012,True,0.0143689293232079,0.01695912703871727
5,12.04.2012,1,2012,True,0.0116525566634092,0.015206512063741684
5,13.04.2012,1,2012,True,0.0126960743041315,0.01343098096549511
5,16.04.2012,1,2012,True,0.0047163978177898,0.016791628673672676
5,17.04.2012,1,2012,True,0.0051080557535579,0.015602217987179756
5,18.04.2012,1,2012,True,0.0052363797494647,0.014479856938123703
5,19.04.2012,1,2012,True,0.0055031074768896,0.0127403037622571
5,20.04.2012,1,2012,True,0.0053966342340667,0.01224507112056017
5,23.04.2012,1,2012,True,0.0057731007949895,0.011231828480958939
5,24.04.2012,1,2012,True,0.0047590326136005,0.015823969617486
5,25.04.2012,1,2012,True,0.0069933777762459,0.018330765888094902
5,26.04.2012,1,2012,True,0.0083451493404651,0.019982382655143738
5,27.04.2012,1,2012,True,0.0109313684583837,0.015965143218636513
5,30.04.2012,1,2012,True,0.0115329131138422,0.014840983785688877
5,01.05.2012,1,2012,True,0.0102597662173354,0.017684105783700943
5,02.05.2012,1,2012,True,0.0125085990615908,0.015896109864115715
5,03.05.2012,1,2012,True,0.0113768697123705,0.011573012918233871
5,04.05.2012,1,2012,True,0.0036495944131402,0.009357884526252747
5,07.05.2012,1,2012,True,0.0040166794662833,0.017000488936901093
5,08.05.2012,1,2012,True,0.0055258411001739,0.018572693690657616
5,09.05.2012,1,2012,True,0.0048968366345358,0.011063308455049992
5,10.05.2012,1,2012,True,0.0169078840740322,0.0113682234659791
5,11.05.2012,1,2012,True,0.0169850674196483,0.015742087736725807
5,14.05.2012,1,2012,True,0.0204053787960494,0.016448471695184708
5,15.05.2012,1,2012,True,0.0195425321790909,0.030617404729127884
5,16.05.2012,1,2012,True,0.0212998870610854,0.02155422419309616
5,17.05.2012,1,2012,True,0.0161622275304957,0.02755788527429104
5,18.05.2012,1,2012,True,0.0162393934336897,0.022939123213291168
5,21.05.2012,1,2012,True,0.0136119006739234,0.020659809932112694
5,22.05.2012,1,2012,True,0.0180563653175241,0.016000084578990936
5,23.05.2012,1,2012,True,0.0159614976427603,0.015047810040414333
5,24.05.2012,1,2012,True,0.0166470516045735,0.015449744649231434
5,25.05.2012,1,2012,True,0.0171099336878704,0.014654531143605709
5,29.05.2012,1,2012,True,0.0173866831511396,0.019427591934800148
5,30.05.2012,1,2012,True,0.0200808190537272,0.019282003864645958
5,31.05.2012,1,2012,True,0.0193654714803631,0.018488941714167595
5,01.06.2012,1,2012,True,0.0099142300768305,0.019402051344513893
5,04.06.2012,1,2012,True,0.0122870560813217,0.01628669910132885
5,05.06.2012,1,2012,True,0.0126123516952978,0.02234157733619213
5,06.06.2012,1,2012,True,0.0054484200760792,0.014445073902606964
5,07.06.2012,1,2012,True,0.0060881800846395,0.018189262598752975
5,08.06.2012,1,2012,True,0.0081346580087484,0.016993513330817223
5,11.06.2012,1,2012,True,0.0085594431258501,0.019599338993430138
5,12.06.2012,1,2012,True,0.0081294938417471,0.01911723054945469
5,13.06.2012,1,2012,True,0.0152412431703441,0.013475622981786728
5,14.06.2012,1,2012,True,0.0187662074052173,0.015082885511219501
5,15.06.2012,1,2012,True,0.0232670764420288,0.016238152980804443
5,18.06.2012,1,2012,True,0.0240545655052573,0.02075694315135479
5,19.06.2012,1,2012,True,0.0282622911609263,0.019442785531282425
5,20.06.2012,1,2012,True,0.0240477980156548,0.01756269484758377
5,21.06.2012,1,2012,True,0.0180681214052447,0.0224468894302845
5,22.06.2012,1,2012,True,0.0340396299864023,0.019251113757491112
5,25.06.2012,1,2012,True,0.0346325961850966,0.01688305474817753
5,26.06.2012,1,2012,True,0.0357439531082339,0.015742823481559753
5,27.06.2012,1,2012,True,0.0361794224159591,0.009543297812342644
5,28.06.2012,1,2012,True,0.0367352476062919,0.018051933497190475
5,29.06.2012,1,2012,True,0.0230689726194761,0.009619057178497314
5,02.07.2012,1,2012,True,0.0264077141593616,0.01919443905353546
5,03.07.2012,1,2012,True,0.0233222337738106,0.014940334483981133
5,05.07.2012,1,2012,True,0.0236993767464084,0.019601205363869667
5,06.07.2012,1,2012,True,0.0189117402394791,0.017802750691771507
5,09.07.2012,1,2012,True,0.0176524410594811,0.014743629842996597
5,10.07.2012,1,2012,True,0.0069045480121233,0.016507985070347786
5,11.07.2012,1,2012,True,0.0033922313525662,0.0182779673486948
5,12.07.2012,1,2012,True,0.0074350253020469,0.01623549871146679
5,13.07.2012,1,2012,True,0.0122912275970569,0.015443189069628716
5,16.07.2012,1,2012,True,0.022315767225726,0.016136718913912773
5,17.07.2012,1,2012,True,0.0221973272221649,0.010574898682534695
5,18.07.2012,1,2012,True,0.0219567297081522,0.014057387597858906
5,19.07.2012,1,2012,True,0.017898862021723,0.017841307446360588
5,20.07.2012,1,2012,True,0.0189858196410702,0.02097424305975437
5,23.07.2012,1,2012,True,0.0058674975373614,0.014723935164511204
5,24.07.2012,1,2012,True,0.0099813627013619,0.0162162147462368
5,25.07.2012,1,2012,True,0.0100840993453463,0.01606227457523346
5,26.07.2012,1,2012,True,0.0096745322843707,0.017456306144595146
5,27.07.2012,1,2012,True,0.0153859234944983,0.017315242439508438
5,30.07.2012,1,2012,True,0.014865431525226,0.011777278035879135
5,31.07.2012,1,2012,True,0.0118969772265098,0.010397406294941902
5,01.08.2012,1,2012,True,0.0130440668541159,0.01675482839345932
5,02.08.2012,1,2012,True,0.0114166049847686,0.016018599271774292
5,03.08.2012,1,2012,True,0.0094626798706882,0.016730831936001778
5,06.08.2012,1,2012,True,0.0094562130206328,0.021209292113780975
5,07.08.2012,1,2012,True,0.004522133633977,0.017917539924383163
5,08.08.2012,1,2012,True,0.0080221267012888,0.016546402126550674
5,09.08.2012,1,2012,True,0.0079238020188743,0.014916998334228992
5,10.08.2012,1,2012,True,0.0173678268968499,0.01669544167816639
5,13.08.2012,1,2012,True,0.0171936408362314,0.018717961385846138
5,14.08.2012,1,2012,True,0.0175389724454779,0.012491961941123009
5,15.08.2012,1,2012,True,0.0145174927622739,0.022500185295939445
5,16.08.2012,1,2012,True,0.0140218020530756,0.012184134684503078
5,17.08.2012,1,2012,True,0.007553338959058,0.01435138937085867
5,20.08.2012,1,2012,True,0.0091467623860392,0.016119318082928658
5,21.08.2012,1,2012,True,0.0077733270824053,0.02066834457218647
5,22.08.2012,1,2012,True,0.0073345755938701,0.026402540504932404
5,23.08.2012,1,2012,True,0.0073531004022856,0.01462849322706461
5,24.08.2012,1,2012,True,0.010231823932368,0.02134140394628048
5,27.08.2012,1,2012,True,0.0078884748825752,0.01854228787124157
5,28.08.2012,1,2012,True,0.0098266608544896,0.02415456809103489
5,29.08.2012,1,2012,True,0.0098557955133272,0.02260415442287922
5,30.08.2012,1,2012,True,0.0100808006458043,0.020847568288445473
5,31.08.2012,1,2012,True,0.0067764755500388,0.01987832970917225
5,04.09.2012,1,2012,True,0.006644797525805,0.016640234738588333
5,05.09.2012,1,2012,True,0.0011196584758676,0.022603919729590416
5,06.09.2012,1,2012,True,0.0014198528417733,0.019801417365670204
5,07.09.2012,1,2012,True,0.0216360877914852,0.023709991946816444
5,10.09.2012,1,2012,True,0.0246810208196203,0.019606472924351692
5,11.09.2012,1,2012,True,0.0271386710492224,0.014038804918527603
5,12.09.2012,1,2012,True,0.0283518350909793,0.016487980261445045
5,13.09.2012,1,2012,True,0.026916823234135,0.028065407648682594
5,18.09.2012,1,2012,True,0.021585454105863,0.03368638828396797
5,19.09.2012,1,2012,True,0.0126881629397333,0.020700465887784958
5,20.09.2012,1,2012,True,0.0129256935073074,0.01850644312798977
5,21.09.2012,1,2012,True,0.01194527226123,0.015904691070318222
5,24.09.2012,1,2012,True,0.0084431602504154,0.01569521427154541
5,25.09.2012,1,2012,True,0.0094032228613865,0.015476205386221409
5,26.09.2012,1,2012,True,0.0177429077962465,0.0185970701277256
5,27.09.2012,1,2012,True,0.0254695566847665,0.013137114234268665
5,28.09.2012,1,2012,True,0.0255497961157989,0.014309411868453026
5,01.10.2012,1,2012,True,0.0255498608698106,0.013381894677877426
5,02.10.2012,1,2012,True,0.0274281223499804,0.016320545226335526
5,03.10.2012,1,2012,True,0.0198401416236242,0.0142504358664155
5,04.10.2012,1,2012,True,0.0120909827389253,0.018337426707148552
5,05.10.2012,1,2012,True,0.0131775462024186,0.01801656186580658
5,08.10.2012,1,2012,True,0.0128155879558175,0.016564253717660904
5,09.10.2012,1,2012,True,0.0096915652493701,0.019300997257232666
5,10.10.2012,1,2012,True,0.0224557555715533,0.016164178028702736
5,11.10.2012,1,2012,True,0.0198230588997972,0.01850774511694908
5,12.10.2012,1,2012,True,0.019802862489179,0.017901010811328888
5,15.10.2012,1,2012,True,0.0167302005722644,0.015780432149767876
5,16.10.2012,1,2012,True,0.0189267136747949,0.014502550475299358
5,19.10.2012,1,2012,True,0.0086264708825165,0.012834588997066021
5,22.10.2012,1,2012,True,0.00886355235427,0.017563441768288612
5,23.10.2012,1,2012,True,0.00754493707986,0.012681183405220509
5,24.10.2012,1,2012,True,0.0129791254273151,0.015121997334063053
5,25.10.2012,1,2012,True,0.0164368956939948,0.020559512078762054
5,26.10.2012,1,2012,True,0.0217387305585523,0.015069449320435524
5,31.10.2012,1,2012,True,0.0288483985093757,0.013495300896465778
5,01.11.2012,1,2012,True,0.0290148896950637,0.012755239382386208
5,02.11.2012,1,2012,True,0.027360046590067,0.007209832314401865
5,05.11.2012,1,2012,True,0.0266603637545399,0.014557115733623505
5,06.11.2012,1,2012,True,0.0215966772334619,0.015349691733717918
5,07.11.2012,1,2012,True,0.0111289299926311,0.016312729567289352
5,08.11.2012,1,2012,True,0.0115408520033765,0.012129005044698715
5,09.11.2012,1,2012,True,0.0092189751237545,0.015342488884925842
5,12.11.2012,1,2012,True,0.0104783502631488,0.016638070344924927
5,13.11.2012,1,2012,True,0.0095883914335818,0.01295243576169014
5,14.11.2012,1,2012,True,0.0086224637740409,0.01651374250650406
5,15.11.2012,1,2012,True,0.007271305434039,0.018670180812478065
5,19.11.2012,1,2012,True,0.0084404643321345,0.01975536346435547
5,20.11.2012,1,2012,True,0.0075115194186482,0.014444622211158276
5,21.11.2012,1,2012,True,0.0081993727512325,0.014817841351032257
5,23.11.2012,1,2012,True,0.0081355752103685,0.011866671033203602
5,26.11.2012,1,2012,True,0.0079964895522083,0.011173899285495281
5,27.11.2012,1,2012,True,0.0080782272724365,0.012048031203448772
5,28.11.2012,1,2012,True,0.0090941585498902,0.009781490080058575
5,29.11.2012,1,2012,True,0.0078672172524693,0.016697149723768234
5,30.11.2012,1,2012,True,0.0064536996976623,0.009954576380550861
5,03.12.2012,1,2012,True,0.0078809148313095,0.010909782722592354
5,04.12.2012,1,2012,True,0.009389186761803,0.00899905152618885
5,05.12.2012,1,2012,True,0.0111807223832454,0.010129498317837715
5,06.12.2012,1,2012,True,0.0104464125662849,0.013083175756037235
5,07.12.2012,1,2012,True,0.0112113514481462,0.01488087885081768
5,10.12.2012,1,2012,True,0.0116041195002358,0.011484543792903423
5,11.12.2012,1,2012,True,0.0119923207853944,0.01700787991285324
5,12.12.2012,1,2012,True,0.0121389270418496,0.0123656140640378
5,13.12.2012,1,2012,True,0.009606228589229,0.012610909529030323
5,14.12.2012,1,2012,True,0.0124262632755723,0.010979059152305126
5,19.12.2012,1,2012,True,0.0118287305663453,0.014116164296865463
5,20.12.2012,1,2012,True,0.0118372953694193,0.01114573236554861
5,21.12.2012,1,2012,True,0.0097632686538649,0.010468470863997936
5,24.12.2012,1,2012,True,0.0097773026305412,0.014144310727715492
5,26.12.2012,1,2012,True,0.0064490168327389,0.01708933897316456
5,27.12.2012,1,2012,True,0.0075794447583124,0.016223756596446037
5,28.12.2012,1,2012,True,0.0074522725953963,0.011985092423856258
5,31.12.2012,1,2012,True,0.0074965227360321,0.011860990896821022
22,03.01.2012,1,2012,True,0.0092004954032037,0.01945284754037857
22,04.01.2012,1,2012,True,0.0090648062183402,0.018890485167503357
22,05.01.2012,1,2012,True,0.0088243976190632,0.0188796054571867
22,06.01.2012,1,2012,True,0.0089436457802958,0.01831650733947754
22,09.01.2012,1,2012,True,0.0090496666225299,0.017725471407175064
22,10.01.2012,1,2012,True,0.0094022252727326,0.01870373822748661
22,11.01.2012,1,2012,True,0.0091118583265639,0.0176070649176836
22,12.01.2012,1,2012,True,0.00877504584792,0.017988041043281555
22,13.01.2012,1,2012,True,0.0085069493056746,0.017840802669525146
22,17.01.2012,1,2012,True,0.0085088247534705,0.01802802085876465
22,18.01.2012,1,2012,True,0.0083241977120738,0.0173298679292202
22,19.01.2012,1,2012,True,0.0087814586700444,0.01835295371711254
22,20.01.2012,1,2012,True,0.0077442717139996,0.019359329715371132
22,23.01.2012,1,2012,True,0.0077395779881691,0.01808091811835766
22,24.01.2012,1,2012,True,0.0076679782686216,0.018632639199495316
22,25.01.2012,1,2012,True,0.008270560493786,0.01831936277449131
22,26.01.2012,1,2012,True,0.0100198525684073,0.017552675679326057
22,27.01.2012,1,2012,True,0.0100674197161408,0.018679477274417877
22,30.01.2012,1,2012,True,0.0109948104251373,0.016632599756121635
22,31.01.2012,1,2012,True,0.0123345691147401,0.01769963651895523
22,01.02.2012,1,2012,True,0.012359415102414,0.01733790710568428
22,02.02.2012,1,2012,True,0.0130432857279379,0.01656307466328144
22,03.02.2012,1,2012,True,0.0127618511044168,0.015770578756928444
22,06.02.2012,1,2012,True,0.0127299054876846,0.017719140276312828
22,07.02.2012,1,2012,True,0.0127287370049764,0.017556851729750633
22,08.02.2012,1,2012,True,0.0128160910178523,0.017247427254915237
22,09.02.2012,1,2012,True,0.0127006822976832,0.017468905076384544
22,10.02.2012,1,2012,True,0.0126558960158195,0.01822146587073803
22,13.02.2012,1,2012,True,0.0130013975655818,0.016952097415924072
22,14.02.2012,1,2012,True,0.0134415510771169,0.01740286871790886
22,15.02.2012,1,2012,True,0.0134373063123019,0.017282387241721153
22,16.02.2012,1,2012,True,0.0137096268395383,0.01767911948263645
22,17.02.2012,1,2012,True,0.013647946604774,0.01804189197719097
22,21.02.2012,1,2012,True,0.0133565640870731,0.016491703689098358
22,22.02.2012,1,2012,True,0.013614537927347,0.01739390939474106
22,23.02.2012,1,2012,True,0.0135895353469397,0.017527176067233086
22,24.02.2012,1,2012,True,0.0132203768483395,0.016903188079595566
22,27.02.2012,1,2012,True,0.0132450556526295,0.01746821589767933
22,28.02.2012,1,2012,True,0.0127862987672208,0.01763967238366604
22,29.02.2012,1,2012,True,0.0126653139432938,0.017458084970712662
22,01.03.2012,1,2012,True,0.0119112563397907,0.016841139644384384
22,02.03.2012,1,2012,True,0.0110860032257265,0.01699833571910858
22,05.03.2012,1,2012,True,0.011938427788899,0.01731213368475437
22,06.03.2012,1,2012,True,0.0116546193282555,0.01796344853937626
22,07.03.2012,1,2012,True,0.0111016497110127,0.01877444237470627
22,08.03.2012,1,2012,True,0.0117886611496343,0.017209336161613464
22,09.03.2012,1,2012,True,0.0117486942491141,0.01766536571085453
22,12.03.2012,1,2012,True,0.0121390373932792,0.01879899390041828
22,13.03.2012,1,2012,True,0.0120095209000572,0.018216025084257126
22,14.03.2012,1,2012,True,0.0130049454123119,0.018827570602297783
22,15.03.2012,1,2012,True,0.0128592718877335,0.018937746062874794
22,16.03.2012,1,2012,True,0.0120970339447767,0.01805853471159935
22,19.03.2012,1,2012,True,0.012107894905652,0.018822647631168365
22,20.03.2012,1,2012,True,0.0120541076315502,0.01963936910033226
22,21.03.2012,1,2012,True,0.0120450874330921,0.020160704851150513
22,22.03.2012,1,2012,True,0.0119727995138035,0.019019031897187233
22,23.03.2012,1,2012,True,0.0115183492054479,0.019525056704878807
22,26.03.2012,1,2012,True,0.0115980757777753,0.01944844424724579
22,27.03.2012,1,2012,True,0.0115987462081226,0.01850915513932705
22,28.03.2012,1,2012,True,0.0114291339189443,0.01897587440907955
22,29.03.2012,1,2012,True,0.0110921522857308,0.018284805119037628
22,30.03.2012,1,2012,True,0.011282290404038,0.017687225714325905
22,02.04.2012,1,2012,True,0.0106335476268801,0.018296638503670692
22,03.04.2012,1,2012,True,0.0116050229557343,0.017174188047647476
22,04.04.2012,1,2012,True,0.0110721024436651,0.01696634106338024
22,05.04.2012,1,2012,True,0.0107194406042115,0.01764700748026371
22,09.04.2012,1,2012,True,0.0108508335135772,0.01770039275288582
22,10.04.2012,1,2012,True,0.009957200285166,0.017000751569867134
22,11.04.2012,1,2012,True,0.009889663732139,0.018916312605142593
22,12.04.2012,1,2012,True,0.0092561056649152,0.018494579941034317
22,13.04.2012,1,2012,True,0.0094427548439114,0.01792817935347557
22,16.04.2012,1,2012,True,0.0080109737018807,0.018952300772070885
22,17.04.2012,1,2012,True,0.0110042783662043,0.017771629616618156
22,18.04.2012,1,2012,True,0.0109950745880121,0.01900152675807476
22,19.04.2012,1,2012,True,0.0117524768526771,0.01875433139503002
22,20.04.2012,1,2012,True,0.0115341586017461,0.01797257363796234
22,23.04.2012,1,2012,True,0.0124493933410033,0.018437083810567856
22,24.04.2012,1,2012,True,0.0128371201528275,0.0187587458640337
22,25.04.2012,1,2012,True,0.0126289008157203,0.018157539889216423
22,26.04.2012,1,2012,True,0.0123891139237775,0.01909676007926464
22,27.04.2012,1,2012,True,0.0134497851852906,0.018805813044309616
22,30.04.2012,1,2012,True,0.0135534948518609,0.017344998195767403
22,01.05.2012,1,2012,True,0.014566333362165,0.01785452477633953
22,02.05.2012,1,2012,True,0.0148071816550853,0.016575856134295464
22,03.05.2012,1,2012,True,0.0147269339996185,0.01792098768055439
22,04.05.2012,1,2012,True,0.0151001586774571,0.01746675930917263
22,07.05.2012,1,2012,True,0.0150594749221744,0.01685250923037529
22,08.05.2012,1,2012,True,0.0150557521068705,0.017187943682074547
22,09.05.2012,1,2012,True,0.0150100710320992,0.017868230119347572
22,10.05.2012,1,2012,True,0.01500752542979,0.01612618751823902
22,11.05.2012,1,2012,True,0.0150660165430968,0.01708241179585457
22,14.05.2012,1,2012,True,0.0151124618947685,0.017788108438253403
22,15.05.2012,1,2012,True,0.0151113955404079,0.016619639471173286
22,16.05.2012,1,2012,True,0.0152475776178855,0.01738785207271576
22,17.05.2012,1,2012,True,0.0135198246580463,0.016343602910637856
22,18.05.2012,1,2012,True,0.0147074537932153,0.016581233590841293
22,21.05.2012,1,2012,True,0.0152996316030443,0.016569554805755615
22,22.05.2012,1,2012,True,0.0164342242498068,0.018449801951646805
22,23.05.2012,1,2012,True,0.0159744310174451,0.018449371680617332
22,24.05.2012,1,2012,True,0.0167764798569139,0.018117232248187065
22,25.05.2012,1,2012,True,0.0168479359756643,0.018373383209109306
22,29.05.2012,1,2012,True,0.0171963756838518,0.018345031887292862
22,30.05.2012,1,2012,True,0.0227455351540011,0.019085073843598366
22,31.05.2012,1,2012,True,0.0225665423783784,0.01829395815730095
22,01.06.2012,1,2012,True,0.02259709666006,0.01921221800148487
22,04.06.2012,1,2012,True,0.0225860320076906,0.01815158687531948
22,05.06.2012,1,2012,True,0.0232619362419444,0.019485024735331535
22,06.06.2012,1,2012,True,0.0234010980829948,0.01792898029088974
22,07.06.2012,1,2012,True,0.0238988029187563,0.018559053540229797
22,08.06.2012,1,2012,True,0.0244055500669749,0.01817116141319275
22,11.06.2012,1,2012,True,0.0242168908651454,0.01928127370774746
22,12.06.2012,1,2012,True,0.0242267893917033,0.018682749941945076
22,13.06.2012,1,2012,True,0.0242904927303409,0.01918518729507923
22,14.06.2012,1,2012,True,0.0242759901090592,0.018910497426986694
22,15.06.2012,1,2012,True,0.0243288483211179,0.01780720055103302
22,18.06.2012,1,2012,True,0.0243309004196265,0.01872410625219345
22,19.06.2012,1,2012,True,0.0244616983029438,0.019954657182097435
22,20.06.2012,1,2012,True,0.0245659736198724,0.01937822438776493
22,21.06.2012,1,2012,True,0.0226446736850416,0.018150771036744118
22,22.06.2012,1,2012,True,0.0224758616161187,0.018994733691215515
22,25.06.2012,1,2012,True,0.0224405262320568,0.0191306434571743
22,26.06.2012,1,2012,True,0.0222125609533021,0.018986277282238007
22,27.06.2012,1,2012,True,0.0222892138749779,0.016973022371530533
22,28.06.2012,1,2012,True,0.021724162488504,0.017947984859347343
22,29.06.2012,1,2012,True,0.0168278979154035,0.017672348767518997
22,02.07.2012,1,2012,True,0.0167528691080316,0.01962308958172798
22,03.07.2012,1,2012,True,0.0163254693390235,0.01881391927599907
22,05.07.2012,1,2012,True,0.0163126578540902,0.018486222252249718
22,06.07.2012,1,2012,True,0.0153926607257404,0.019266586750745773
22,09.07.2012,1,2012,True,0.0150235343004012,0.020232560113072395
22,10.07.2012,1,2012,True,0.0135969153030938,0.01960304193198681
22,11.07.2012,1,2012,True,0.0132206025957068,0.020011354237794876
22,12.07.2012,1,2012,True,0.0132049043567317,0.020448334515094757
22,13.07.2012,1,2012,True,0.0130929845465351,0.018538476899266243
22,16.07.2012,1,2012,True,0.0133891668147633,0.01841152086853981
22,17.07.2012,1,2012,True,0.0133877089378887,0.01766318269073963
22,18.07.2012,1,2012,True,0.0150396689667624,0.019695675000548363
22,19.07.2012,1,2012,True,0.0142827495298156,0.019523203372955322
22,20.07.2012,1,2012,True,0.0140962558184649,0.020094865933060646
22,23.07.2012,1,2012,True,0.0114016682736193,0.018680833280086517
22,24.07.2012,1,2012,True,0.0114119615390653,0.019456053152680397
22,25.07.2012,1,2012,True,0.0119357888386315,0.02006341703236103
22,26.07.2012,1,2012,True,0.0123375770254978,0.020636601373553276
22,27.07.2012,1,2012,True,0.01219071643994,0.01865330897271633
22,30.07.2012,1,2012,True,0.0121562621735247,0.018140066415071487
22,31.07.2012,1,2012,True,0.0117114336441021,0.017185989767313004
22,01.08.2012,1,2012,True,0.0119938805785931,0.017547233030200005
22,02.08.2012,1,2012,True,0.0120555263217558,0.01735113561153412
22,03.08.2012,1,2012,True,0.0109916028258192,0.01709810458123684
22,06.08.2012,1,2012,True,0.0109657383281975,0.018715711310505867
22,07.08.2012,1,2012,True,0.010045875651766,0.017460310831665993
22,08.08.2012,1,2012,True,0.0100817473614568,0.019674984738230705
22,09.08.2012,1,2012,True,0.0099463204695663,0.018183941021561623
22,10.08.2012,1,2012,True,0.0099530832266787,0.01948721893131733
22,13.08.2012,1,2012,True,0.0100160935197613,0.0201019998639822
22,14.08.2012,1,2012,True,0.0136734370269849,0.019194532185792923
22,15.08.2012,1,2012,True,0.014720329492172,0.0189080610871315
22,16.08.2012,1,2012,True,0.0152310808822072,0.01842416264116764
22,17.08.2012,1,2012,True,0.0144942199035596,0.018452279269695282
22,20.08.2012,1,2012,True,0.0147798240996314,0.01791168563067913
22,21.08.2012,1,2012,True,0.0147120907932001,0.018630007281899452
22,22.08.2012,1,2012,True,0.0146895294187747,0.018552323803305626
22,23.08.2012,1,2012,True,0.0152737209828929,0.019195565953850746
22,24.08.2012,1,2012,True,0.0150914165286379,0.0182212945073843
22,27.08.2012,1,2012,True,0.0148842079866593,0.018401600420475006
22,28.08.2012,1,2012,True,0.0149144651277056,0.018871404230594635
22,29.08.2012,1,2012,True,0.0162734415872238,0.018352236598730087
22,30.08.2012,1,2012,True,0.018552952927271,0.017868533730506897
22,31.08.2012,1,2012,True,0.0181851440333285,0.018917540088295937
22,04.09.2012,1,2012,True,0.0181782916927297,0.017104916274547577
22,05.09.2012,1,2012,True,0.0187987394395859,0.017983395606279373
22,06.09.2012,1,2012,True,0.0187914530930427,0.017763344570994377
22,07.09.2012,1,2012,True,0.0189108710170393,0.01741040125489235
22,10.09.2012,1,2012,True,0.0190024054111878,0.017914727330207825
22,11.09.2012,1,2012,True,0.0191001497367109,0.01636740006506443
22,12.09.2012,1,2012,True,0.0191180965242969,0.016661275178194046
22,13.09.2012,1,2012,True,0.0211223068260822,0.017679350450634956
22,18.09.2012,1,2012,True,0.0191927101217343,0.017187509685754776
22,19.09.2012,1,2012,True,0.0178131766161427,0.018801845610141754
22,20.09.2012,1,2012,True,0.0174227724580541,0.018574019894003868
22,21.09.2012,1,2012,True,0.0172349934722311,0.017189286649227142
22,24.09.2012,1,2012,True,0.0171167603494975,0.016675671562552452
22,25.09.2012,1,2012,True,0.017138395093262,0.016744354739785194
22,26.09.2012,1,2012,True,0.0171499221512054,0.017371345311403275
22,27.09.2012,1,2012,True,0.0172703172852942,0.01888660341501236
22,28.09.2012,1,2012,True,0.0178532350030715,0.01829860545694828
22,01.10.2012,1,2012,True,0.0191479145817767,0.0179070383310318
22,02.10.2012,1,2012,True,0.0208275544942416,0.01722123473882675
22,03.10.2012,1,2012,True,0.0198213473565148,0.017433341592550278
22,04.10.2012,1,2012,True,0.0182753426294297,0.017079876735806465
22,05.10.2012,1,2012,True,0.0182612720244452,0.018682945519685745
22,08.10.2012,1,2012,True,0.0183096599743027,0.01882866583764553
22,09.10.2012,1,2012,True,0.0177196979214662,0.019498901441693306
22,10.10.2012,1,2012,True,0.0179844056686003,0.018471762537956238
22,11.10.2012,1,2012,True,0.0177361802141711,0.018474584445357323
22,12.10.2012,1,2012,True,0.0177300366918797,0.01964692398905754
22,15.10.2012,1,2012,True,0.0177013654437261,0.01853105239570141
22,16.10.2012,1,2012,True,0.0177282641989811,0.01970009319484234
22,19.10.2012,1,2012,True,0.0150330559913013,0.017364783212542534
22,22.10.2012,1,2012,True,0.0151142119367428,0.01745251752436161
22,23.10.2012,1,2012,True,0.0149333081648195,0.016448576003313065
22,24.10.2012,1,2012,True,0.0150745101291405,0.01744898408651352
22,25.10.2012,1,2012,True,0.0150537528105209,0.017472434788942337
22,26.10.2012,1,2012,True,0.0149498088993964,0.01723388396203518
22,31.10.2012,1,2012,True,0.0150088356374558,0.017986970022320747
22,01.11.2012,1,2012,True,0.0151167029394794,0.01891779899597168
22,02.11.2012,1,2012,True,0.0146754931858462,0.017165960744023323
22,05.11.2012,1,2012,True,0.0140729365753269,0.01758183352649212
22,06.11.2012,1,2012,True,0.0123129631581768,0.016982432454824448
22,07.11.2012,1,2012,True,0.009126677071823,0.01654985547065735
22,08.11.2012,1,2012,True,0.0095288444157772,0.01741679571568966
22,09.11.2012,1,2012,True,0.009096868781605,0.015577185899019241
22,12.11.2012,1,2012,True,0.009430832915143,0.01837070845067501
22,13.11.2012,1,2012,True,0.0095543039340297,0.018155211582779884
22,14.11.2012,1,2012,True,0.0092091279358292,0.016561370342969894
22,15.11.2012,1,2012,True,0.0090994138480869,0.018185356631875038
22,19.11.2012,1,2012,True,0.0091003120489786,0.018452733755111694
22,20.11.2012,1,2012,True,0.0099801776407979,0.01819002814590931
22,21.11.2012,1,2012,True,0.0097984229980134,0.01728125661611557
22,23.11.2012,1,2012,True,0.0097463501910013,0.01786881871521473
22,26.11.2012,1,2012,True,0.0097571042350135,0.018006455153226852
22,27.11.2012,1,2012,True,0.0098368422404819,0.018183935433626175
22,28.11.2012,1,2012,True,0.0098298863805576,0.0166975948959589
22,29.11.2012,1,2012,True,0.0097101248561532,0.017869265750050545
22,30.11.2012,1,2012,True,0.0096701530392464,0.017391016706824303
22,03.12.2012,1,2012,True,0.0096993883399583,0.01765810139477253
22,04.12.2012,1,2012,True,0.0094431978617298,0.017039326950907707
22,05.12.2012,1,2012,True,0.0091637867543551,0.019268056377768517
22,06.12.2012,1,2012,True,0.0087369831007087,0.019094213843345642
22,07.12.2012,1,2012,True,0.0089644932439549,0.01889829896390438
22,10.12.2012,1,2012,True,0.0096048471978001,0.01763630472123623
22,11.12.2012,1,2012,True,0.0095455110103911,0.016541751101613045
22,12.12.2012,1,2012,True,0.0091204566847592,0.017684757709503174
22,13.12.2012,1,2012,True,0.0084789730101636,0.018425779417157173
22,14.12.2012,1,2012,True,0.0088123823675558,0.017992494627833366
22,19.12.2012,1,2012,True,0.0085594091212403,0.018155712634325027
22,20.12.2012,1,2012,True,0.0085680947626846,0.018100416287779808
22,21.12.2012,1,2012,True,0.008111776717446,0.017303522676229477
22,24.12.2012,1,2012,True,0.0080777908407279,0.017210518941283226
22,26.12.2012,1,2012,True,0.0070556792971485,0.01936265267431736
22,27.12.2012,1,2012,True,0.0070387468417521,0.01779268868267536
22,28.12.2012,1,2012,True,0.0070481247949718,0.016974035650491714
22,31.12.2012,1,2012,True,0.0072597162459737,0.018237924203276634
66,03.01.2012,1,2012,True,0.011081465940709,0.019498076289892197
66,04.01.2012,1,2012,True,0.011366441582479,0.01907075196504593
66,05.01.2012,1,2012,True,0.0113087148130505,0.01912081614136696
66,06.01.2012,1,2012,True,0.011397833752044,0.019081048667430878
66,09.01.2012,1,2012,True,0.0113686383359912,0.0180337056517601
66,10.01.2012,1,2012,True,0.0118305510452301,0.0182229932397604
66,11.01.2012,1,2012,True,0.0117652872152008,0.018351122736930847
66,12.01.2012,1,2012,True,0.0117433988358324,0.01816183514893055
66,13.01.2012,1,2012,True,0.0116980336918317,0.01816183514893055
66,17.01.2012,1,2012,True,0.0116660384978806,0.01841096580028534
66,18.01.2012,1,2012,True,0.011615761424939,0.018479399383068085
66,19.01.2012,1,2012,True,0.011603768086385,0.018479399383068085
66,20.01.2012,1,2012,True,0.0114592872644639,0.018479399383068085
66,23.01.2012,1,2012,True,0.0114604513190568,0.018415628001093864
66,24.01.2012,1,2012,True,0.0114369500899386,0.018226340413093567
66,25.01.2012,1,2012,True,0.0114420847398348,0.018226340413093567
66,26.01.2012,1,2012,True,0.0114026324594229,0.018415628001093864
66,27.01.2012,1,2012,True,0.0115047175639531,0.018375860527157784
66,30.01.2012,1,2012,True,0.0117071806499053,0.018415628001093864
66,31.01.2012,1,2012,True,0.0121352672498902,0.018226340413093567
66,01.02.2012,1,2012,True,0.0121198075948522,0.018415628001093864
66,02.02.2012,1,2012,True,0.0121174213647809,0.01828613504767418
66,03.02.2012,1,2012,True,0.0118120382160809,0.018415628001093864
66,06.02.2012,1,2012,True,0.0117273766977042,0.018176276236772537
66,07.02.2012,1,2012,True,0.0117302278458437,0.018226340413093567
66,08.02.2012,1,2012,True,0.0116977367419737,0.01839916594326496
66,09.02.2012,1,2012,True,0.0116236341939918,0.018415628001093864
66,10.02.2012,1,2012,True,0.0115667611620975,0.018415628001093864
66,13.02.2012,1,2012,True,0.0124390995763414,0.018415628001093864
66,14.02.2012,1,2012,True,0.012434024744646,0.018436294049024582
66,15.02.2012,1,2012,True,0.0125708773731465,0.018415628001093864
66,16.02.2012,1,2012,True,0.0124952456500481,0.01834719441831112
66,17.02.2012,1,2012,True,0.0128675031117193,0.018415628001093864
66,21.02.2012,1,2012,True,0.0127225686167177,0.018500685691833496
66,22.02.2012,1,2012,True,0.0126455437710447,0.018520019948482513
66,23.02.2012,1,2012,True,0.0126067268289318,0.018226340413093567
66,24.02.2012,1,2012,True,0.0128955387074382,0.018415628001093864
66,27.02.2012,1,2012,True,0.0129573027417211,0.01839916594326496
66,28.02.2012,1,2012,True,0.0133344613021465,0.018500685691833496
66,29.02.2012,1,2012,True,0.0132791046836166,0.01811620593070984
66,01.03.2012,1,2012,True,0.0126814133368782,0.018289031460881233
66,02.03.2012,1,2012,True,0.0127849649245685,0.01817515306174755
66,05.03.2012,1,2012,True,0.0127824814381642,0.01809821091592312
66,06.03.2012,1,2012,True,0.0127019203615712,0.01809821091592312
66,07.03.2012,1,2012,True,0.0125212919217891,0.018306303769350052
66,08.03.2012,1,2012,True,0.0124109801882662,0.018271036446094513
66,09.03.2012,1,2012,True,0.0123782029841304,0.018289031460881233
66,12.03.2012,1,2012,True,0.0123824851082754,0.018226340413093567
66,13.03.2012,1,2012,True,0.0123691280548072,0.018415628001093864
66,14.03.2012,1,2012,True,0.0124385639613102,0.018436294049024582
66,15.03.2012,1,2012,True,0.0124041993078877,0.018436294049024582
66,16.03.2012,1,2012,True,0.0125904826606854,0.018479399383068085
66,19.03.2012,1,2012,True,0.0132343447966213,0.018479399383068085
66,20.03.2012,1,2012,True,0.0135408790877847,0.018479399383068085
66,21.03.2012,1,2012,True,0.013539021830464,0.018500065430998802
66,22.03.2012,1,2012,True,0.0139179664836934,0.018290111795067787
66,23.03.2012,1,2012,True,0.0137372666153777,0.018564457073807716
66,26.03.2012,1,2012,True,0.0138857128808237,0.018479399383068085
66,27.03.2012,1,2012,True,0.0165325556734367,0.018479399383068085
66,28.03.2012,1,2012,True,0.0165080661554909,0.018226340413093567
66,29.03.2012,1,2012,True,0.017081356288809,0.01839916594326496
66,30.03.2012,1,2012,True,0.0170639596037127,0.018415628001093864
66,02.04.2012,1,2012,True,0.0170221361777912,0.018415628001093864
66,03.04.2012,1,2012,True,0.0173011935344263,0.01833340711891651
66,04.04.2012,1,2012,True,0.0173562405975074,0.01817600056529045
66,05.04.2012,1,2012,True,0.0175905811981979,0.01811620593070984
66,09.04.2012,1,2012,True,0.0176429496529825,0.018305493518710136
66,10.04.2012,1,2012,True,0.0175702706918138,0.01811620593070984
66,11.04.2012,1,2012,True,0.0176396288099788,0.018176276236772537
66,12.04.2012,1,2012,True,0.0175610445972493,0.018160581588745117
66,13.04.2012,1,2012,True,0.0176347755707779,0.018289031460881233
66,16.04.2012,1,2012,True,0.0176855283974094,0.018226340413093567
66,17.04.2012,1,2012,True,0.0177075760656086,0.018238967284560204
66,18.04.2012,1,2012,True,0.0181410314001809,0.018305493518710136
66,19.04.2012,1,2012,True,0.0181442237532646,0.018305493518710136
66,20.04.2012,1,2012,True,0.0181676548586167,0.018415628001093864
66,23.04.2012,1,2012,True,0.0182114715686315,0.018226340413093567
66,24.04.2012,1,2012,True,0.0182804987057537,0.018415628001093864
66,25.04.2012,1,2012,True,0.0182407740990325,0.018226340413093567
66,26.04.2012,1,2012,True,0.0182540099411595,0.018436294049024582
66,27.04.2012,1,2012,True,0.0183120707487224,0.018415628001093864
66,30.04.2012,1,2012,True,0.0183121892190016,0.018415628001093864
66,01.05.2012,1,2012,True,0.0186803577475778,0.018415628001093864
66,02.05.2012,1,2012,True,0.0186500397934817,0.018415628001093864
66,03.05.2012,1,2012,True,0.0187445628158454,0.018415628001093864
66,04.05.2012,1,2012,True,0.0184882003771904,0.018226340413093567
66,07.05.2012,1,2012,True,0.0185269052506194,0.018365563824772835
66,08.05.2012,1,2012,True,0.0185232315880569,0.018436294049024582
66,09.05.2012,1,2012,True,0.0185296618487302,0.018415628001093864
66,10.05.2012,1,2012,True,0.0185276526397749,0.018415628001093864
66,11.05.2012,1,2012,True,0.018667386098234,0.018436294049024582
66,14.05.2012,1,2012,True,0.0186585501294738,0.018415628001093864
66,15.05.2012,1,2012,True,0.0189693171028607,0.018415628001093864
66,16.05.2012,1,2012,True,0.018959357526478,0.018415628001093864
66,17.05.2012,1,2012,True,0.0183519012306315,0.018415628001093864
66,18.05.2012,1,2012,True,0.0183449689093339,0.018255429342389107
66,21.05.2012,1,2012,True,0.0182563947770032,0.018289031460881233
66,22.05.2012,1,2012,True,0.0183212953934733,0.018438315019011497
66,23.05.2012,1,2012,True,0.0180695886344848,0.01822521723806858
66,24.05.2012,1,2012,True,0.0180407981734107,0.018237434327602386
66,25.05.2012,1,2012,True,0.0180399773675471,0.01811620593070984
66,29.05.2012,1,2012,True,0.0180379030393135,0.018305493518710136
66,30.05.2012,1,2012,True,0.0177107388710312,0.018415628001093864
66,31.05.2012,1,2012,True,0.0175926062935777,0.01828213594853878
66,01.06.2012,1,2012,True,0.01706754233292,0.01849011890590191
66,04.06.2012,1,2012,True,0.0170663650040114,0.019606241956353188
66,05.06.2012,1,2012,True,0.0170733426552482,0.01953875832259655
66,06.06.2012,1,2012,True,0.0169618490297796,0.01849011890590191
66,07.06.2012,1,2012,True,0.0169278791986475,0.018736889585852623
66,08.06.2012,1,2012,True,0.0169094899924966,0.018409842625260353
66,11.06.2012,1,2012,True,0.0167856606387039,0.019356688484549522
66,12.06.2012,1,2012,True,0.0176331609563623,0.019766440615057945
66,13.06.2012,1,2012,True,0.0182118934705602,0.019498076289892197
66,14.06.2012,1,2012,True,0.0183045848185263,0.019498076289892197
66,15.06.2012,1,2012,True,0.0183450076242671,0.01841096580028534
66,18.06.2012,1,2012,True,0.0183223569006399,0.018620919436216354
66,19.06.2012,1,2012,True,0.0183171504476455,0.018600253388285637
66,20.06.2012,1,2012,True,0.0178123948869065,0.018415628001093864
66,21.06.2012,1,2012,True,0.0171659934681902,0.018423592671751976
66,22.06.2012,1,2012,True,0.0170494606801738,0.01911621354520321
66,25.06.2012,1,2012,True,0.0170569095459999,0.018532246351242065
66,26.06.2012,1,2012,True,0.0169282446417151,0.018216244876384735
66,27.06.2012,1,2012,True,0.017425535740498,0.018121693283319473
66,28.06.2012,1,2012,True,0.0177412274519139,0.018201719969511032
66,29.06.2012,1,2012,True,0.0157994572828801,0.018153859302401543
66,02.07.2012,1,2012,True,0.0157842556209613,0.020620448514819145
66,03.07.2012,1,2012,True,0.0155205786632396,0.020233236253261566
66,05.07.2012,1,2012,True,0.0155248853242407,0.020337693393230438
66,06.07.2012,1,2012,True,0.015195645843567,0.022547142580151558
66,09.07.2012,1,2012,True,0.0150779453291053,0.02246827632188797
66,10.07.2012,1,2012,True,0.014762680276693,0.020074738189578056
66,11.07.2012,1,2012,True,0.0145815970941236,0.020668506622314453
66,12.07.2012,1,2012,True,0.0156132149767726,0.01953386329114437
66,13.07.2012,1,2012,True,0.0155711109176402,0.01926792599260807
66,16.07.2012,1,2012,True,0.0155868818021706,0.01894673891365528
66,17.07.2012,1,2012,True,0.0155892183732884,0.019265662878751755
66,18.07.2012,1,2012,True,0.0155483407572024,0.020038235932588577
66,19.07.2012,1,2012,True,0.0152942266424288,0.019865410402417183
66,20.07.2012,1,2012,True,0.0152833281464718,0.020136341452598572
66,23.07.2012,1,2012,True,0.0146881593465103,0.01964987814426422
66,24.07.2012,1,2012,True,0.0149814241052374,0.020024674013257027
66,25.07.2012,1,2012,True,0.015122324929041,0.020074738189578056
66,26.07.2012,1,2012,True,0.0155403397003882,0.02011296898126602
66,27.07.2012,1,2012,True,0.0162351849319456,0.01990865357220173
66,30.07.2012,1,2012,True,0.0162391589632791,0.01950589194893837
66,31.07.2012,1,2012,True,0.0163439303743162,0.018040981143712997
66,01.08.2012,1,2012,True,0.0163088987567563,0.018351122736930847
66,02.08.2012,1,2012,True,0.0163374386942963,0.018479399383068085
66,03.08.2012,1,2012,True,0.0160329672778307,0.018500065430998802
66,06.08.2012,1,2012,True,0.0160909800850891,0.01858396641910076
66,07.08.2012,1,2012,True,0.0158566075153787,0.018369264900684357
66,08.08.2012,1,2012,True,0.0158940688423538,0.018389567732810974
66,09.08.2012,1,2012,True,0.0158916996072394,0.018439631909132004
66,10.08.2012,1,2012,True,0.0159013545342245,0.018479399383068085
66,13.08.2012,1,2012,True,0.0158909661050298,0.018500065430998802
66,14.08.2012,1,2012,True,0.0159218686480555,0.018479399383068085
66,15.08.2012,1,2012,True,0.0157303016041974,0.018479399383068085
66,16.08.2012,1,2012,True,0.0157828676356787,0.018290111795067787
66,17.08.2012,1,2012,True,0.0154325353335765,0.018226340413093567
66,20.08.2012,1,2012,True,0.0154354583564022,0.018319200724363327
66,21.08.2012,1,2012,True,0.0154401982076673,0.018456310033798218
66,22.08.2012,1,2012,True,0.0154729797486416,0.018391918390989304
66,23.08.2012,1,2012,True,0.0155908650898947,0.018305493518710136
66,24.08.2012,1,2012,True,0.0155267047152318,0.018305493518710136
66,27.08.2012,1,2012,True,0.0154735415491954,0.018415628001093864
66,28.08.2012,1,2012,True,0.0154915883675576,0.018415628001093864
66,29.08.2012,1,2012,True,0.0155916871565513,0.018415628001093864
66,30.08.2012,1,2012,True,0.0156882622386564,0.018415628001093864
66,31.08.2012,1,2012,True,0.0156083006813545,0.018415628001093864
66,04.09.2012,1,2012,True,0.0156712355724351,0.018415628001093864
66,05.09.2012,1,2012,True,0.0156306802281762,0.018415628001093864
66,06.09.2012,1,2012,True,0.015679150582947,0.018415628001093864
66,07.09.2012,1,2012,True,0.0156529894702848,0.018436294049024582
66,10.09.2012,1,2012,True,0.0158590469568737,0.018436294049024582
66,11.09.2012,1,2012,True,0.015845070207106,0.018415628001093864
66,12.09.2012,1,2012,True,0.015830792854477,0.018415628001093864
66,13.09.2012,1,2012,True,0.0158059578058133,0.018415628001093864
66,18.09.2012,1,2012,True,0.0149948822915722,0.018436294049024582
66,19.09.2012,1,2012,True,0.0143516020095824,0.01842205971479416
66,20.09.2012,1,2012,True,0.014237653333373,0.018370823934674263
66,21.09.2012,1,2012,True,0.0141537069874078,0.018386458978056908
66,24.09.2012,1,2012,True,0.0140478409913276,0.01830003410577774
66,25.09.2012,1,2012,True,0.0140326670695039,0.01830003410577774
66,26.09.2012,1,2012,True,0.0140246700363852,0.01847212389111519
66,27.09.2012,1,2012,True,0.0139218774259656,0.018600253388285637
66,28.09.2012,1,2012,True,0.0139851235240016,0.018479399383068085
66,01.10.2012,1,2012,True,0.0140920039391074,0.018290111795067787
66,02.10.2012,1,2012,True,0.0140813056026423,0.018564457073807716
66,03.10.2012,1,2012,True,0.0135443490953709,0.018479399383068085
66,04.10.2012,1,2012,True,0.0126066051362126,0.018198346719145775
66,05.10.2012,1,2012,True,0.0127540886731764,0.018962446600198746
66,08.10.2012,1,2012,True,0.0127584503392247,0.019012510776519775
66,09.10.2012,1,2012,True,0.0124264413603077,0.019012510776519775
66,10.10.2012,1,2012,True,0.0124253525978561,0.019247623160481453
66,11.10.2012,1,2012,True,0.0123350787646965,0.01947592943906784
66,12.10.2012,1,2012,True,0.0123199471558745,0.019666340202093124
66,15.10.2012,1,2012,True,0.0122676655289886,0.019545486196875572
66,16.10.2012,1,2012,True,0.0122629556641273,0.01950571872293949
66,19.10.2012,1,2012,True,0.0110345238688234,0.018230268731713295
66,22.10.2012,1,2012,True,0.0110799015100954,0.018127648159861565
66,23.10.2012,1,2012,True,0.0110148798292835,0.018023395910859108
66,24.10.2012,1,2012,True,0.0109986680700062,0.0178912915289402
66,25.10.2012,1,2012,True,0.0109900590747303,0.018120134249329567
66,26.10.2012,1,2012,True,0.0110547238465037,0.01803985796868801
66,31.10.2012,1,2012,True,0.0110396184503248,0.018250934779644012
66,01.11.2012,1,2012,True,0.0110195422312143,0.018315326422452927
66,02.11.2012,1,2012,True,0.0105797789357735,0.018315326422452927
66,05.11.2012,1,2012,True,0.0103577801369592,0.01837921142578125
66,06.11.2012,1,2012,True,0.0097000084989707,0.018877023831009865
66,07.11.2012,1,2012,True,0.0084134172760186,0.018419302999973297
66,08.11.2012,1,2012,True,0.0086905624622445,0.018265604972839355
66,09.11.2012,1,2012,True,0.0086878068229853,0.01805090345442295
66,12.11.2012,1,2012,True,0.0086930840165873,0.019366120919585228
66,13.11.2012,1,2012,True,0.0086375062015641,0.01801113598048687
66,14.11.2012,1,2012,True,0.0087378763377334,0.018188564106822014
66,15.11.2012,1,2012,True,0.0086604922518362,0.018315326422452927
66,19.11.2012,1,2012,True,0.0086767180866452,0.018230268731713295
66,20.11.2012,1,2012,True,0.0086716280761031,0.018040981143712997
66,21.11.2012,1,2012,True,0.0086007686776341,0.018213806673884392
66,23.11.2012,1,2012,True,0.0087486828459687,0.018290111795067787
66,26.11.2012,1,2012,True,0.008755114157859,0.018479399383068085
66,27.11.2012,1,2012,True,0.0086740672242786,0.018479399383068085
66,28.11.2012,1,2012,True,0.0086708075041604,0.018479399383068085
66,29.11.2012,1,2012,True,0.0085866032340673,0.018564457073807716
66,30.11.2012,1,2012,True,0.0085921675945883,0.018564457073807716
66,03.12.2012,1,2012,True,0.0086771305282622,0.018500065430998802
66,04.12.2012,1,2012,True,0.0086589437747428,0.018479399383068085
66,05.12.2012,1,2012,True,0.0085796741952465,0.018479399383068085
66,06.12.2012,1,2012,True,0.0086199737134216,0.018479399383068085
66,07.12.2012,1,2012,True,0.0087391988328159,0.018500685691833496
66,10.12.2012,1,2012,True,0.008852102319441,0.018415628001093864
66,11.12.2012,1,2012,True,0.0088199779953412,0.018415628001093864
66,12.12.2012,1,2012,True,0.0086726823165625,0.018226340413093567
66,13.12.2012,1,2012,True,0.0085882980654065,0.018415628001093864
66,14.12.2012,1,2012,True,0.0084809219464853,0.018415628001093864
66,19.12.2012,1,2012,True,0.0083784499785202,0.018415628001093864
66,20.12.2012,1,2012,True,0.0084597857373383,0.018415628001093864
66,21.12.2012,1,2012,True,0.0083533019977508,0.018415628001093864
66,24.12.2012,1,2012,True,0.0092935224287488,0.018415628001093864
66,26.12.2012,1,2012,True,0.0089569063359458,0.018500685691833496
66,27.12.2012,1,2012,True,0.0093017666122673,0.01861463487148285
66,28.12.2012,1,2012,True,0.0093316768727862,0.018415628001093864
66,31.12.2012,1,2012,True,0.0095097418930258,0.018415628001093864
126,03.01.2012,1,2012,True,0.0145777760553979,0.022349752485752106
126,04.01.2012,1,2012,True,0.0145177753319416,0.022587083280086517
126,05.01.2012,1,2012,True,0.0146632659817655,0.02247316762804985
126,06.01.2012,1,2012,True,0.0147964990806586,0.022476227954030037
126,09.01.2012,1,2012,True,0.0149297760009402,0.019863003864884377
126,10.01.2012,1,2012,True,0.0150625990665668,0.02031932771205902
126,11.01.2012,1,2012,True,0.0150669183344674,0.019160566851496696
126,12.01.2012,1,2012,True,0.0151004818890992,0.018698150292038918
126,13.01.2012,1,2012,True,0.0151247579205514,0.019636286422610283
126,17.01.2012,1,2012,True,0.0151026588834687,0.018767843022942543
126,18.01.2012,1,2012,True,0.0151237962594057,0.01915954425930977
126,19.01.2012,1,2012,True,0.0152717005236544,0.019225215539336205
126,20.01.2012,1,2012,True,0.0152328130119497,0.019228655844926834
126,23.01.2012,1,2012,True,0.0155142162233711,0.019225215539336205
126,24.01.2012,1,2012,True,0.015510167712889,0.018767843022942543
126,25.01.2012,1,2012,True,0.0155337261375353,0.018539318814873695
126,26.01.2012,1,2012,True,0.0155314458129258,0.019114477559924126
126,27.01.2012,1,2012,True,0.0155567790085071,0.019170938059687614
126,30.01.2012,1,2012,True,0.015548624256085,0.01915954425930977
126,31.01.2012,1,2012,True,0.015582462557518,0.018539318814873695
126,01.02.2012,1,2012,True,0.015601470433408,0.019225215539336205
126,02.02.2012,1,2012,True,0.0155950893675562,0.01861276850104332
126,03.02.2012,1,2012,True,0.0156758363790959,0.01915954425930977
126,06.02.2012,1,2012,True,0.0156474277874321,0.01910184510052204
126,07.02.2012,1,2012,True,0.0157739757147835,0.018539318814873695
126,08.02.2012,1,2012,True,0.0157556918286633,0.01861276850104332
126,09.02.2012,1,2012,True,0.0157433163421685,0.019225215539336205
126,10.02.2012,1,2012,True,0.0157162565811018,0.019230971112847328
126,13.02.2012,1,2012,True,0.0157176361894792,0.019225215539336205
126,14.02.2012,1,2012,True,0.0157205720320887,0.01915954425930977
126,15.02.2012,1,2012,True,0.0158057094716609,0.01926494389772415
126,16.02.2012,1,2012,True,0.015788469466996,0.018767843022942543
126,17.02.2012,1,2012,True,0.0159727575562073,0.01918014883995056
126,21.02.2012,1,2012,True,0.0158940289188971,0.01915954425930977
126,22.02.2012,1,2012,True,0.0158846835565562,0.01861276850104332
126,23.02.2012,1,2012,True,0.0158764882234562,0.0188584066927433
126,24.02.2012,1,2012,True,0.0158164964465513,0.019225215539336205
126,27.02.2012,1,2012,True,0.0158273839580247,0.01861276850104332
126,28.02.2012,1,2012,True,0.0157505450560947,0.01915954425930977
126,29.02.2012,1,2012,True,0.0157295218600711,0.018767843022942543
126,01.03.2012,1,2012,True,0.0155105302744304,0.01861276850104332
126,02.03.2012,1,2012,True,0.0154120991494354,0.019124118611216545
126,05.03.2012,1,2012,True,0.0154911582020053,0.018917040899395943
126,06.03.2012,1,2012,True,0.0154407954247908,0.018688516691327095
126,07.03.2012,1,2012,True,0.0153773147752347,0.019228655844926834
126,08.03.2012,1,2012,True,0.0153486097930676,0.01876196637749672
126,09.03.2012,1,2012,True,0.0153563816467997,0.01861276850104332
126,12.03.2012,1,2012,True,0.0153596796658207,0.0188584066927433
126,13.03.2012,1,2012,True,0.0153530871676082,0.019468653947114944
126,14.03.2012,1,2012,True,0.0153384085228211,0.01940298266708851
126,15.03.2012,1,2012,True,0.0153265992474743,0.019468653947114944
126,16.03.2012,1,2012,True,0.0156876197708906,0.01940298266708851
126,19.03.2012,1,2012,True,0.0159766134082811,0.019468653947114944
126,20.03.2012,1,2012,True,0.0160230952172777,0.019432365894317627
126,21.03.2012,1,2012,True,0.0160676775486692,0.019432365894317627
126,22.03.2012,1,2012,True,0.0160994593336958,0.018782757222652435
126,23.03.2012,1,2012,True,0.0160390596628814,0.01940298266708851
126,26.03.2012,1,2012,True,0.0160342107790585,0.019367557018995285
126,27.03.2012,1,2012,True,0.0161214232004501,0.0194235872477293
126,28.03.2012,1,2012,True,0.0161000155616072,0.019011281430721283
126,29.03.2012,1,2012,True,0.0160541455035582,0.019084731116890907
126,30.03.2012,1,2012,True,0.0160543573774603,0.019468653947114944
126,02.04.2012,1,2012,True,0.0161626137497834,0.019432365894317627
126,03.04.2012,1,2012,True,0.0165695380970189,0.01885620690882206
126,04.04.2012,1,2012,True,0.0164806018006992,0.01885620690882206
126,05.04.2012,1,2012,True,0.0164584285477043,0.019176622852683067
126,09.04.2012,1,2012,True,0.0165945849532195,0.019387299194931984
126,10.04.2012,1,2012,True,0.0164718679069038,0.019011281430721283
126,11.04.2012,1,2012,True,0.01650683269344,0.018539318814873695
126,12.04.2012,1,2012,True,0.0164855811909426,0.019328542053699493
126,13.04.2012,1,2012,True,0.0165127513757646,0.01885620690882206
126,16.04.2012,1,2012,True,0.0163586105498799,0.01910184510052204
126,17.04.2012,1,2012,True,0.0168117902428712,0.019084731116890907
126,18.04.2012,1,2012,True,0.0168104546224176,0.019387299194931984
126,19.04.2012,1,2012,True,0.0168354554749493,0.019387299194931984
126,20.04.2012,1,2012,True,0.0168254304503602,0.019357915967702866
126,23.04.2012,1,2012,True,0.0168359361172124,0.019011281430721283
126,24.04.2012,1,2012,True,0.0168577479884028,0.01945745199918747
126,25.04.2012,1,2012,True,0.0168516069352749,0.019176622852683067
126,26.04.2012,1,2012,True,0.0168423936254744,0.019468653947114944
126,27.04.2012,1,2012,True,0.0169609295270334,0.019387299194931984
126,30.04.2012,1,2012,True,0.0170551131181471,0.019468653947114944
126,01.05.2012,1,2012,True,0.0172812479340279,0.019432365894317627
126,02.05.2012,1,2012,True,0.0175873583852976,0.019468653947114944
126,03.05.2012,1,2012,True,0.0175236155355761,0.019474409520626068
126,04.05.2012,1,2012,True,0.017476617050301,0.019011281430721283
126,07.05.2012,1,2012,True,0.0174783329886654,0.01940298266708851
126,08.05.2012,1,2012,True,0.0174872177771769,0.01940298266708851
126,09.05.2012,1,2012,True,0.0175194452325314,0.019468653947114944
126,10.05.2012,1,2012,True,0.0175521285348176,0.01940298266708851
126,11.05.2012,1,2012,True,0.017548662997306,0.01940298266708851
126,14.05.2012,1,2012,True,0.0175589416927499,0.019472094252705574
126,15.05.2012,1,2012,True,0.0175707905067438,0.01915954425930977
126,16.05.2012,1,2012,True,0.0175709363710586,0.019163846969604492
126,17.05.2012,1,2012,True,0.0172322241290958,0.01915954425930977
126,18.05.2012,1,2012,True,0.017251394909336,0.01915954425930977
126,21.05.2012,1,2012,True,0.0171994360318269,0.01861276850104332
126,22.05.2012,1,2012,True,0.0172254478141715,0.019552180543541908
126,23.05.2012,1,2012,True,0.0170598064987337,0.019387299194931984
126,24.05.2012,1,2012,True,0.0170432807237621,0.019380168989300728
126,25.05.2012,1,2012,True,0.0170656896979821,0.019011281430721283
126,29.05.2012,1,2012,True,0.0170867285832886,0.019468653947114944
126,30.05.2012,1,2012,True,0.0169297815169168,0.019367557018995285
126,31.05.2012,1,2012,True,0.0168698800908178,0.01931576617062092
126,01.06.2012,1,2012,True,0.0165800498917023,0.019079051911830902
126,04.06.2012,1,2012,True,0.0165846080978857,0.02236543595790863
126,05.06.2012,1,2012,True,0.0166247829353357,0.02236543595790863
126,06.06.2012,1,2012,True,0.0166086269711941,0.020097680389881134
126,07.06.2012,1,2012,True,0.0166224003599285,0.019225215539336205
126,08.06.2012,1,2012,True,0.0166407768348307,0.020159516483545303
126,11.06.2012,1,2012,True,0.0165822248662574,0.022105837240815163
126,12.06.2012,1,2012,True,0.0165949408091549,0.022431107237935066
126,13.06.2012,1,2012,True,0.0165961628618157,0.022284943610429764
126,14.06.2012,1,2012,True,0.0166881119428615,0.02239481918513775
126,15.06.2012,1,2012,True,0.0166851995889412,0.01907634362578392
126,18.06.2012,1,2012,True,0.0166160781137284,0.019377481192350388
126,19.06.2012,1,2012,True,0.0166144565132832,0.019143860787153244
126,20.06.2012,1,2012,True,0.0163633198089996,0.019143860787153244
126,21.06.2012,1,2012,True,0.0159783758534747,0.01861276850104332
126,22.06.2012,1,2012,True,0.0159206037691158,0.022206934168934822
126,25.06.2012,1,2012,True,0.0159203552096618,0.019311320036649704
126,26.06.2012,1,2012,True,0.0158191466045016,0.020071620121598244
126,27.06.2012,1,2012,True,0.0158180320184503,0.019143102690577507
126,28.06.2012,1,2012,True,0.0156634551722749,0.019175956025719643
126,29.06.2012,1,2012,True,0.014521607376904,0.01905442588031292
126,02.07.2012,1,2012,True,0.0145405835718965,0.01854764297604561
126,03.07.2012,1,2012,True,0.0143053526534763,0.0188322514295578
126,05.07.2012,1,2012,True,0.014306472648866,0.021899528801441193
126,06.07.2012,1,2012,True,0.0141151278394292,0.02439252845942974
126,09.07.2012,1,2012,True,0.013994559380958,0.024751663208007812
126,10.07.2012,1,2012,True,0.0138875472805067,0.021205661818385124
126,11.07.2012,1,2012,True,0.0137517117055267,0.022876549512147903
126,12.07.2012,1,2012,True,0.0137388880144689,0.020739132538437843
126,13.07.2012,1,2012,True,0.0136955547456999,0.020480841398239136
126,16.07.2012,1,2012,True,0.0136641979136459,0.018759043887257576
126,17.07.2012,1,2012,True,0.0136746890047312,0.020617753267288208
126,18.07.2012,1,2012,True,0.0136478838652665,0.0188324935734272
126,19.07.2012,1,2012,True,0.013483073335198,0.01929396018385887
126,20.07.2012,1,2012,True,0.0134837769772735,0.01986171305179596
126,23.07.2012,1,2012,True,0.0131552430516285,0.01765504479408264
126,24.07.2012,1,2012,True,0.0131700385875092,0.02153288945555687
126,25.07.2012,1,2012,True,0.0131492215206664,0.02103359065949917
126,26.07.2012,1,2012,True,0.0131356947747843,0.019799482077360153
126,27.07.2012,1,2012,True,0.0131547075021821,0.0197313092648983
126,30.07.2012,1,2012,True,0.0131676479571898,0.01841764897108078
126,31.07.2012,1,2012,True,0.0131197947636473,0.018698150292038918
126,01.08.2012,1,2012,True,0.0130955498689713,0.019089851528406143
126,02.08.2012,1,2012,True,0.013096214453905,0.01915954425930977
126,03.08.2012,1,2012,True,0.012863062696721,0.01915954425930977
126,06.08.2012,1,2012,True,0.0128839946358593,0.019225215539336205
126,07.08.2012,1,2012,True,0.0128259150716641,0.019188927486538887
126,08.08.2012,1,2012,True,0.0129289361297168,0.019228655844926834
126,09.08.2012,1,2012,True,0.0129084828742818,0.019120115786790848
126,10.08.2012,1,2012,True,0.0129091847697804,0.01951947622001171
126,13.08.2012,1,2012,True,0.0129710003642036,0.01951947622001171
126,14.08.2012,1,2012,True,0.0129831061741439,0.01945745199918747
126,15.08.2012,1,2012,True,0.0128704288895695,0.019387299194931984
126,16.08.2012,1,2012,True,0.0128814800678675,0.018767843022942543
126,17.08.2012,1,2012,True,0.0126496317530657,0.018933184444904327
126,20.08.2012,1,2012,True,0.0127107034633888,0.019228655844926834
126,21.08.2012,1,2012,True,0.0126953870544374,0.019468653947114944
126,22.08.2012,1,2012,True,0.0126935993556436,0.019468653947114944
126,23.08.2012,1,2012,True,0.0126950362914378,0.019228655844926834
126,24.08.2012,1,2012,True,0.0126577104140312,0.019225215539336205
126,27.08.2012,1,2012,True,0.0126232094436122,0.019225215539336205
126,28.08.2012,1,2012,True,0.0126526105812828,0.019225215539336205
126,29.08.2012,1,2012,True,0.0126755168961718,0.01918014883995056
126,30.08.2012,1,2012,True,0.0126750642916616,0.01915954425930977
126,31.08.2012,1,2012,True,0.0126768068950112,0.019225215539336205
126,04.09.2012,1,2012,True,0.0127209226953875,0.019225215539336205
126,05.09.2012,1,2012,True,0.0127335417963875,0.019225215539336205
126,06.09.2012,1,2012,True,0.0127301492076352,0.019225215539336205
126,07.09.2012,1,2012,True,0.0127226455699972,0.01915954425930977
126,10.09.2012,1,2012,True,0.0127542862601167,0.019225215539336205
126,11.09.2012,1,2012,True,0.0127483694237048,0.01915954425930977
126,12.09.2012,1,2012,True,0.0127433740453059,0.019225215539336205
126,13.09.2012,1,2012,True,0.012752161028638,0.019143860787153244
126,18.09.2012,1,2012,True,0.0121814386527972,0.01915954425930977
126,19.09.2012,1,2012,True,0.0121369632543216,0.01932934671640396
126,20.09.2012,1,2012,True,0.0120573482120742,0.01996471732854843
126,21.09.2012,1,2012,True,0.0121433930437303,0.019143683835864067
126,24.09.2012,1,2012,True,0.0120882699866894,0.019143683835864067
126,25.09.2012,1,2012,True,0.0121523590351855,0.019143683835864067
126,26.09.2012,1,2012,True,0.0121533886841604,0.019374413415789604
126,27.09.2012,1,2012,True,0.0121092754506453,0.01931576617062092
126,28.09.2012,1,2012,True,0.0121407589144143,0.019143860787153244
126,01.10.2012,1,2012,True,0.0123603242616177,0.019023079425096512
126,02.10.2012,1,2012,True,0.0123533351283096,0.01915954425930977
126,03.10.2012,1,2012,True,0.0120539581854097,0.019225215539336205
126,04.10.2012,1,2012,True,0.0115355443527678,0.01915954425930977
126,05.10.2012,1,2012,True,0.011543279501,0.020236782729625702
126,08.10.2012,1,2012,True,0.0115667969097538,0.01974453590810299
126,09.10.2012,1,2012,True,0.0113549551301897,0.019592616707086563
126,10.10.2012,1,2012,True,0.0114343306431833,0.01930927485227585
126,11.10.2012,1,2012,True,0.0114805194207736,0.020085006952285767
126,12.10.2012,1,2012,True,0.0114555631753657,0.0200013630092144
126,15.10.2012,1,2012,True,0.0114303248988334,0.02005763165652752
126,16.10.2012,1,2012,True,0.0114797010897771,0.019851434975862503
126,19.10.2012,1,2012,True,0.0110133040038899,0.019195251166820526
126,22.10.2012,1,2012,True,0.011307766250225,0.019339147955179214
126,23.10.2012,1,2012,True,0.01133145705696,0.018543075770139694
126,24.10.2012,1,2012,True,0.0113810135211671,0.018934207037091255
126,25.10.2012,1,2012,True,0.0114018397844662,0.019226238131523132
126,26.10.2012,1,2012,True,0.0113662350072431,0.019215036183595657
126,31.10.2012,1,2012,True,0.0113476443296173,0.019160566851496696
126,01.11.2012,1,2012,True,0.0113492973345829,0.01915552280843258
126,02.11.2012,1,2012,True,0.0111987539881377,0.019089851528406143
126,05.11.2012,1,2012,True,0.0110631141429004,0.019160566851496696
126,06.11.2012,1,2012,True,0.0107546255031646,0.019541937857866287
126,07.11.2012,1,2012,True,0.0101854695406239,0.019228719174861908
126,08.11.2012,1,2012,True,0.0101784348639986,0.019144706428050995
126,09.11.2012,1,2012,True,0.0100169614085346,0.019144706428050995
126,12.11.2012,1,2012,True,0.0100162193468918,0.0201348178088665
126,13.11.2012,1,2012,True,0.0100565365115152,0.019247619435191154
126,14.11.2012,1,2012,True,0.0099908578535509,0.019309764727950096
126,15.11.2012,1,2012,True,0.0099255441687491,0.019160566851496696
126,19.11.2012,1,2012,True,0.0100270431732346,0.019433388486504555
126,20.11.2012,1,2012,True,0.0101108907652939,0.018698150292038918
126,21.11.2012,1,2012,True,0.0100729817759733,0.018786514177918434
126,23.11.2012,1,2012,True,0.0101760576078795,0.019176622852683067
126,26.11.2012,1,2012,True,0.0102877530919564,0.019387299194931984
126,27.11.2012,1,2012,True,0.0103133584559331,0.019387299194931984
126,28.11.2012,1,2012,True,0.0103111478970504,0.01940298266708851
126,29.11.2012,1,2012,True,0.0102706092270808,0.01940298266708851
126,30.11.2012,1,2012,True,0.0102979782140386,0.01940298266708851
126,03.12.2012,1,2012,True,0.0103070507352108,0.019468653947114944
126,04.12.2012,1,2012,True,0.0103055212567898,0.01940298266708851
126,05.12.2012,1,2012,True,0.0102864306481827,0.019387299194931984
126,06.12.2012,1,2012,True,0.0102067668218004,0.01951947622001171
126,07.12.2012,1,2012,True,0.0102068984688736,0.01940298266708851
126,10.12.2012,1,2012,True,0.0103107745044765,0.019432365894317627
126,11.12.2012,1,2012,True,0.0102951384075359,0.01940298266708851
126,12.12.2012,1,2012,True,0.0107625065818783,0.01910184510052204
126,13.12.2012,1,2012,True,0.0107393761581447,0.019387299194931984
126,14.12.2012,1,2012,True,0.0106891309786576,0.019387299194931984
126,19.12.2012,1,2012,True,0.010639064986288,0.019432365894317627
126,20.12.2012,1,2012,True,0.010646797528319,0.019387299194931984
126,21.12.2012,1,2012,True,0.010657162439974,0.0194235872477293
126,24.12.2012,1,2012,True,0.0106700451804097,0.019468653947114944
126,26.12.2012,1,2012,True,0.0105292769556878,0.01945745199918747
126,27.12.2012,1,2012,True,0.0105674820272498,0.01940298266708851
126,28.12.2012,1,2012,True,0.0106784834549151,0.01940298266708851
126,31.12.2012,1,2012,True,0.0107999306495142,0.019387299194931984
5,02.01.2013,2,2013,True,0.0045395703942418,0.020113931968808174
5,03.01.2013,2,2013,True,0.0045324495165185,0.011201000772416592
5,04.01.2013,2,2013,True,0.0060601931974806,0.014190683141350746
5,07.01.2013,2,2013,True,0.0082773486704723,0.00920833833515644
5,08.01.2013,2,2013,True,0.0101623780528176,0.008502846583724022
5,09.01.2013,2,2013,True,0.0104946679580882,0.009488996118307114
5,10.01.2013,2,2013,True,0.0104177839558249,0.026833122596144676
5,11.01.2013,2,2013,True,0.009142855959703,0.02182781510055065
5,14.01.2013,2,2013,True,0.0108280506533806,0.007485186215490103
5,15.01.2013,2,2013,True,0.0067501322562163,0.013652060180902481
5,16.01.2013,2,2013,True,0.0066912192004784,0.01627964898943901
5,17.01.2013,2,2013,True,0.0066912192004784,0.010141320526599884
5,18.01.2013,2,2013,True,0.0064177259770934,0.008710775524377823
5,22.01.2013,2,2013,True,0.0029006094632186,0.009526756592094898
5,23.01.2013,2,2013,True,0.002956182864602,0.010250665247440338
5,24.01.2013,2,2013,True,0.0030849175687202,0.009863069280982018
5,25.01.2013,2,2013,True,0.0032483580907666,0.01017284020781517
5,28.01.2013,2,2013,True,0.0079589258047384,0.009770424105226994
5,29.01.2013,2,2013,True,0.0079849512075914,0.013660016469657421
5,30.01.2013,2,2013,True,0.0080027466980831,0.032614387571811676
5,31.01.2013,2,2013,True,0.0079235504587713,0.022120628505945206
5,01.02.2013,2,2013,True,0.0088949322657306,0.02331247366964817
5,04.02.2013,2,2013,True,0.0076031317684489,0.01554052997380495
5,05.02.2013,2,2013,True,0.0073473205295092,0.011523622088134289
5,06.02.2013,2,2013,True,0.0074504820517317,0.011926830746233463
5,07.02.2013,2,2013,True,0.0076769876730248,0.01340249553322792
5,08.02.2013,2,2013,True,0.0039511971121077,0.01780298724770546
5,11.02.2013,2,2013,True,0.0049233074403166,0.015349457040429115
5,12.02.2013,2,2013,True,0.0073672337738002,0.019339319318532944
5,13.02.2013,2,2013,True,0.0083698689874816,0.013258358463644981
5,14.02.2013,2,2013,True,0.0100858062082722,0.016595512628555298
5,15.02.2013,2,2013,True,0.0107216305643707,0.011963611468672752
5,19.02.2013,2,2013,True,0.0113413666702552,0.015207568183541298
5,20.02.2013,2,2013,True,0.0104074544311586,0.013299982063472271
5,21.02.2013,2,2013,True,0.0081866524813664,0.012949692085385323
5,22.02.2013,2,2013,True,0.006649763404871,0.017620651051402092
5,25.02.2013,2,2013,True,0.0048197355881887,0.011139055714011192
5,26.02.2013,2,2013,True,0.0090834318275826,0.019551284611225128
5,27.02.2013,2,2013,True,0.0087629214882529,0.011529671959578991
5,28.02.2013,2,2013,True,0.0086349369936882,0.008271431550383568
5,01.03.2013,2,2013,True,0.0074999208640517,0.007952255196869373
5,04.03.2013,2,2013,True,0.0079467550023273,0.00752158323302865
5,05.03.2013,2,2013,True,0.0026904312622214,0.014575377106666565
5,06.03.2013,2,2013,True,0.0041104266813004,0.009570988826453686
5,07.03.2013,2,2013,True,0.0069458716595082,0.008397496305406094
5,08.03.2013,2,2013,True,0.0070601316816475,0.009701672941446304
5,11.03.2013,2,2013,True,0.0098729290407825,0.008730561472475529
5,12.03.2013,2,2013,True,0.0124110966646295,0.012460900470614433
5,13.03.2013,2,2013,True,0.012630940315655,0.0218382328748703
5,14.03.2013,2,2013,True,0.0116123392810698,0.014897399581968784
5,15.03.2013,2,2013,True,0.0121390502548737,0.013886041007936
5,19.03.2013,2,2013,True,0.0094189527262856,0.006394705269485712
5,20.03.2013,2,2013,True,0.0082490705879824,0.01130712404847145
5,21.03.2013,2,2013,True,0.0036496838019312,0.012523957528173923
5,22.03.2013,2,2013,True,0.0037580122905878,0.01046404242515564
5,25.03.2013,2,2013,True,0.0058320187398269,0.010725581087172031
5,26.03.2013,2,2013,True,0.0167099196810387,0.012055150233209133
5,27.03.2013,2,2013,True,0.016231829739426,0.010852150619029999
5,28.03.2013,2,2013,True,0.0163918651048596,0.014840198680758476
5,01.04.2013,2,2013,True,0.0150693443296829,0.021492406725883484
5,02.04.2013,2,2013,True,0.019288823340425,0.01202809251844883
5,03.04.2013,2,2013,True,0.0135285333656162,0.010754644870758057
5,04.04.2013,2,2013,True,0.0145167753389294,0.013486115261912346
5,05.04.2013,2,2013,True,0.0120549319979559,0.012169664725661278
5,08.04.2013,2,2013,True,0.0153395488191686,0.011180269531905651
5,09.04.2013,2,2013,True,0.0102517561563692,0.011975737288594246
5,10.04.2013,2,2013,True,0.0111141079553981,0.008109737187623978
5,11.04.2013,2,2013,True,0.0109649102493472,0.012518714182078838
5,12.04.2013,2,2013,True,0.0128571432110645,0.014275151304900646
5,15.04.2013,2,2013,True,0.007652946179444,0.008764468133449554
5,16.04.2013,2,2013,True,0.0076610527873249,0.01652064360678196
5,17.04.2013,2,2013,True,0.0099454322299394,0.007074116729199886
5,18.04.2013,2,2013,True,0.0069153039742968,0.009188059717416763
5,19.04.2013,2,2013,True,0.0084771091658984,0.010553618893027306
5,22.04.2013,2,2013,True,0.0084761825811773,0.008882063440978527
5,23.04.2013,2,2013,True,0.01248664249901,0.00835112389177084
5,24.04.2013,2,2013,True,0.0159588501375107,0.011056508868932724
5,25.04.2013,2,2013,True,0.020155191555247,0.01165452878922224
5,26.04.2013,2,2013,True,0.0210522375418292,0.010389160364866257
5,29.04.2013,2,2013,True,0.0215065521128035,0.0088314488530159
5,30.04.2013,2,2013,True,0.0207947025870124,0.011278562247753143
5,01.05.2013,2,2013,True,0.0147075034786576,0.015571813099086285
5,02.05.2013,2,2013,True,0.0096103019351857,0.01103792805224657
5,03.05.2013,2,2013,True,0.0083390446832814,0.012078439816832542
5,06.05.2013,2,2013,True,0.0053730925029395,0.013747375458478928
5,07.05.2013,2,2013,True,0.0046385832802049,0.013057715259492397
5,08.05.2013,2,2013,True,0.0078712352476201,0.010220027528703213
5,09.05.2013,2,2013,True,0.0078642694607645,0.012964755296707153
5,10.05.2013,2,2013,True,0.0075283189168871,0.011748475953936577
5,13.05.2013,2,2013,True,0.0050244040690939,0.011996154673397541
5,14.05.2013,2,2013,True,0.0045480057321202,0.012658309191465378
5,15.05.2013,2,2013,True,0.006006642726228,0.01821625418961048
5,16.05.2013,2,2013,True,0.0057566864554236,0.01914626732468605
5,17.05.2013,2,2013,True,0.0060959656392417,0.011462093330919743
5,20.05.2013,2,2013,True,0.0100256171636034,0.013047516345977783
5,21.05.2013,2,2013,True,0.0129017951243581,0.007614229340106249
5,22.05.2013,2,2013,True,0.0117080513719396,0.01794767752289772
5,23.05.2013,2,2013,True,0.0139926370248829,0.011651572771370411
5,24.05.2013,2,2013,True,0.0167844269555366,0.012804465368390083
5,28.05.2013,2,2013,True,0.0158974276892408,0.017155131325125694
5,29.05.2013,2,2013,True,0.0134384546785402,0.012071999721229076
5,30.05.2013,2,2013,True,0.013381529050393,0.010992658324539661
5,31.05.2013,2,2013,True,0.0069022572515458,0.01124186348170042
5,03.06.2013,2,2013,True,0.0073576779449851,0.010989043861627579
5,04.06.2013,2,2013,True,0.0077754766410971,0.013633223250508308
5,05.06.2013,2,2013,True,0.0080949293819787,0.010751179419457912
5,06.06.2013,2,2013,True,0.0083879291700455,0.011745871044695377
5,07.06.2013,2,2013,True,0.0071504926873812,0.010424750857055187
5,10.06.2013,2,2013,True,0.0095464453961566,0.009510623291134834
5,11.06.2013,2,2013,True,0.0064969351476735,0.011236636899411678
5,12.06.2013,2,2013,True,0.020886839260917,0.010176335461437702
5,13.06.2013,2,2013,True,0.0203873125895519,0.009908524341881275
5,14.06.2013,2,2013,True,0.0205846039297967,0.008427460677921772
5,18.06.2013,2,2013,True,0.0172401074212478,0.00676013994961977
5,19.06.2013,2,2013,True,0.0177260852498633,0.00893684197217226
5,20.06.2013,2,2013,True,0.0085438297696349,0.010408653877675533
5,21.06.2013,2,2013,True,0.0063743223563009,0.0116745475679636
5,24.06.2013,2,2013,True,0.006870041669453,0.010887432843446732
5,25.06.2013,2,2013,True,0.0071340458916095,0.011943716555833817
5,26.06.2013,2,2013,True,0.0086540168825698,0.00914523284882307
5,27.06.2013,2,2013,True,0.0098388268462654,0.011957213282585144
5,28.06.2013,2,2013,True,0.008373873141375,0.017819497734308243
5,01.07.2013,2,2013,True,0.0088779752514242,0.016567960381507874
5,02.07.2013,2,2013,True,0.0089444104205748,0.015558223240077496
5,03.07.2013,2,2013,True,0.0097818547179847,0.009338665753602982
5,05.07.2013,2,2013,True,0.0069443471297099,0.009135076776146889
5,08.07.2013,2,2013,True,0.0064319774719014,0.009484846144914627
5,09.07.2013,2,2013,True,0.0064269399026393,0.009733469225466251
5,10.07.2013,2,2013,True,0.0062080943605859,0.011944390833377838
5,11.07.2013,2,2013,True,0.0079547242388301,0.012031669728457928
5,12.07.2013,2,2013,True,0.0060979170738879,0.015550498850643635
5,15.07.2013,2,2013,True,0.0060861119064007,0.013458049856126308
5,16.07.2013,2,2013,True,0.0069746480990811,0.008195540867745876
5,17.07.2013,2,2013,True,0.0078486973885007,0.008463003672659397
5,19.07.2013,2,2013,True,0.0063494951001391,0.007674853317439556
5,22.07.2013,2,2013,True,0.0065779747481344,0.010371030308306217
5,23.07.2013,2,2013,True,0.0063509396261996,0.01198915671557188
5,24.07.2013,2,2013,True,0.0054816936397158,0.014355650171637535
5,25.07.2013,2,2013,True,0.0091207446643905,0.016735633835196495
5,26.07.2013,2,2013,True,0.0093309002964895,0.018355395644903183
5,29.07.2013,2,2013,True,0.0096727282566542,0.010131878778338432
5,30.07.2013,2,2013,True,0.0096270701915313,0.014767875894904137
5,31.07.2013,2,2013,True,0.0098787241546707,0.010454372502863407
5,01.08.2013,2,2013,True,0.0019340869128997,0.01802099496126175
5,02.08.2013,2,2013,True,0.0089744194733887,0.01983249932527542
5,05.08.2013,2,2013,True,0.0096487099105742,0.021007470786571503
5,06.08.2013,2,2013,True,0.0095619420577289,0.011725650168955326
5,07.08.2013,2,2013,True,0.0078604827703753,0.01437281258404255
5,08.08.2013,2,2013,True,0.0039360286022611,0.012697000987827778
5,09.08.2013,2,2013,True,0.0032888246561805,0.022054340690374374
5,12.08.2013,2,2013,True,0.0071061395095393,0.012511170469224453
5,13.08.2013,2,2013,True,0.0066024957930898,0.016536954790353775
5,14.08.2013,2,2013,True,0.0063566291434821,0.015143422409892082
5,15.08.2013,2,2013,True,0.0071045224779331,0.02301679365336895
5,16.08.2013,2,2013,True,0.0071825371669589,0.02057581953704357
5,20.08.2013,2,2013,True,0.0148631176810734,0.02263074740767479
5,21.08.2013,2,2013,True,0.0142572324525854,0.012617790140211582
5,22.08.2013,2,2013,True,0.017704722374946,0.01676890067756176
5,23.08.2013,2,2013,True,0.0196587011001895,0.013938257470726967
5,26.08.2013,2,2013,True,0.0194057495848968,0.014161473140120506
5,27.08.2013,2,2013,True,0.0149026902679362,0.013968998566269875
5,28.08.2013,2,2013,True,0.0111297032592963,0.013879066333174706
5,29.08.2013,2,2013,True,0.01009347627407,0.011834592558443546
5,30.08.2013,2,2013,True,0.0137427184172519,0.01087375171482563
5,03.09.2013,2,2013,True,0.0134402056497722,0.009007643908262253
5,04.09.2013,2,2013,True,0.0141989461122723,0.009204779751598835
5,05.09.2013,2,2013,True,0.0156029472371096,0.022097954526543617
5,06.09.2013,2,2013,True,0.0146332149447381,0.01422349363565445
5,09.09.2013,2,2013,True,0.0142908000939404,0.011149795725941658
5,10.09.2013,2,2013,True,0.0129271422895077,0.015126186423003674
5,11.09.2013,2,2013,True,0.0132129543528319,0.010591642931103706
5,12.09.2013,2,2013,True,0.0105964877091328,0.011411301791667938
5,13.09.2013,2,2013,True,0.0113493193723499,0.014163482934236526
5,18.09.2013,2,2013,True,0.0091638332012145,0.013272670097649097
5,19.09.2013,2,2013,True,0.0071551276099548,0.013204541057348251
5,20.09.2013,2,2013,True,0.0072949981588029,0.012078907340765
5,23.09.2013,2,2013,True,0.0056703857689498,0.011154917068779469
5,24.09.2013,2,2013,True,0.0054131360327372,0.011154206469655037
5,25.09.2013,2,2013,True,0.0076914870539452,0.010361307300627232
5,26.09.2013,2,2013,True,0.0067964830063757,0.009066124446690083
5,27.09.2013,2,2013,True,0.0063894710538695,0.009752342477440834
5,30.09.2013,2,2013,True,0.0060063001537353,0.008472404442727566
5,01.10.2013,2,2013,True,0.0048360133983335,0.009425066411495209
5,02.10.2013,2,2013,True,0.0060062669490411,0.009733361192047596
5,03.10.2013,2,2013,True,0.0125358876488317,0.008925605565309525
5,04.10.2013,2,2013,True,0.0132935205767633,0.01667991280555725
5,07.10.2013,2,2013,True,0.0135232530545666,0.014132263138890266
5,08.10.2013,2,2013,True,0.0144713973252867,0.01425813976675272
5,09.10.2013,2,2013,True,0.0136974609004114,0.010836574248969555
5,10.10.2013,2,2013,True,0.006675500237042,0.008163612335920334
5,11.10.2013,2,2013,True,0.0081993656613473,0.012314570136368275
5,14.10.2013,2,2013,True,0.0086403947746407,0.01128477230668068
5,15.10.2013,2,2013,True,0.0116225452135124,0.011828728020191193
5,16.10.2013,2,2013,True,0.0094468932979915,0.011865639127790928
5,17.10.2013,2,2013,True,0.0091344881369178,0.012548405677080154
5,21.10.2013,2,2013,True,0.0164026743448499,0.010942265391349792
5,22.10.2013,2,2013,True,0.0164463306255269,0.008586162701249123
5,23.10.2013,2,2013,True,0.013122189773532,0.014769850298762321
5,24.10.2013,2,2013,True,0.0135256586284731,0.01090432982891798
5,25.10.2013,2,2013,True,0.0194715474857418,0.0111121516674757
5,28.10.2013,2,2013,True,0.0135559507651276,0.0169789157807827
5,29.10.2013,2,2013,True,0.0135800007096982,0.015534922480583191
5,30.10.2013,2,2013,True,0.0116700692183327,0.016317717730998993
5,31.10.2013,2,2013,True,0.0122875711780534,0.010620850138366222
5,01.11.2013,2,2013,True,0.0124033043695885,0.02185419388115406
5,04.11.2013,2,2013,True,0.0138152924733937,0.01121265534311533
5,05.11.2013,2,2013,True,0.0134010739401773,0.014529228210449219
5,06.11.2013,2,2013,True,0.014234310497314,0.015156745910644531
5,07.11.2013,2,2013,True,0.0086033735841318,0.010987349785864353
5,08.11.2013,2,2013,True,0.0086030839774625,0.013703808188438416
5,11.11.2013,2,2013,True,0.0120407977927697,0.010463063605129719
5,12.11.2013,2,2013,True,0.0120175772223023,0.009835482574999332
5,13.11.2013,2,2013,True,0.0133159281155167,0.010138536803424358
5,14.11.2013,2,2013,True,0.0128146825726639,0.01658078283071518
5,15.11.2013,2,2013,True,0.0128643020437859,0.00992567464709282
5,19.11.2013,2,2013,True,0.0082055122908252,0.006471734959632158
5,20.11.2013,2,2013,True,0.0080735027128029,0.011452583596110344
5,21.11.2013,2,2013,True,0.0087427723551993,0.009108618833124638
5,22.11.2013,2,2013,True,0.0109782264654032,0.010904274880886078
5,25.11.2013,2,2013,True,0.0117424885917702,0.012836623005568981
5,26.11.2013,2,2013,True,0.0124468883651392,0.014233261346817017
5,27.11.2013,2,2013,True,0.0130796856059611,0.015548777766525745
5,29.11.2013,2,2013,True,0.0105232652810828,0.010530420579016209
5,02.12.2013,2,2013,True,0.0120814274218189,0.012052246369421482
5,03.12.2013,2,2013,True,0.0096692304233405,0.016615742817521095
5,04.12.2013,2,2013,True,0.0103927226415528,0.009770715609192848
5,05.12.2013,2,2013,True,0.0105444903927452,0.0097122173756361
5,06.12.2013,2,2013,True,0.0096967691809419,0.01675119437277317
5,09.12.2013,2,2013,True,0.0087193161705878,0.019570644944906235
5,10.12.2013,2,2013,True,0.0087482484684447,0.012643703259527683
5,11.12.2013,2,2013,True,0.0088117983811185,0.004624467343091965
5,12.12.2013,2,2013,True,0.0078550723583805,0.010127945803105831
5,13.12.2013,2,2013,True,0.0084208946080929,0.011095243506133556
5,16.12.2013,2,2013,True,0.0063023112476234,0.013952874578535557
5,17.12.2013,2,2013,True,0.0061705750021904,0.01404119748622179
5,19.12.2013,2,2013,True,0.0058402919775116,0.010055522434413433
5,20.12.2013,2,2013,True,0.0046600830379985,0.009291714988648891
5,23.12.2013,2,2013,True,0.0048132900601037,0.010047156363725662
5,24.12.2013,2,2013,True,0.0119893687658279,0.018579572439193726
5,26.12.2013,2,2013,True,0.0110888861554179,0.011767399497330189
5,27.12.2013,2,2013,True,0.0103402157693091,0.01169517356902361
5,30.12.2013,2,2013,True,0.0125726323492284,0.010365797206759453
5,31.12.2013,2,2013,True,0.0127209608336051,0.01581514999270439
22,02.01.2013,2,2013,True,0.0073550586721884,0.015296662226319313
22,03.01.2013,2,2013,True,0.0074250448626855,0.014833007007837296
22,04.01.2013,2,2013,True,0.0071373890177702,0.016812551766633987
22,07.01.2013,2,2013,True,0.0071454886848949,0.01655494049191475
22,08.01.2013,2,2013,True,0.0075586478883866,0.015899259597063065
22,09.01.2013,2,2013,True,0.0077617380732279,0.01564321294426918
22,10.01.2013,2,2013,True,0.0077663033564777,0.016611287370324135
22,11.01.2013,2,2013,True,0.007143767632499,0.01561069954186678
22,14.01.2013,2,2013,True,0.0069725705666795,0.015380773693323135
22,15.01.2013,2,2013,True,0.0059131182652563,0.016617758199572563
22,16.01.2013,2,2013,True,0.0064669775049302,0.015467733144760132
22,17.01.2013,2,2013,True,0.0076470192085624,0.015384390018880367
22,18.01.2013,2,2013,True,0.008761764878111,0.013666323386132717
22,22.01.2013,2,2013,True,0.00814927409704,0.01378484908491373
22,23.01.2013,2,2013,True,0.0081434192263617,0.014080831781029701
22,24.01.2013,2,2013,True,0.0087693581120062,0.013573937118053436
22,25.01.2013,2,2013,True,0.0089040391459325,0.01539041567593813
22,28.01.2013,2,2013,True,0.0089238846386208,0.014119302853941917
22,29.01.2013,2,2013,True,0.0088645601497506,0.015353227965533733
22,30.01.2013,2,2013,True,0.0087538582870147,0.016580596566200256
22,31.01.2013,2,2013,True,0.0092423898680744,0.015391284599900246
22,01.02.2013,2,2013,True,0.0088656323423536,0.013769136741757393
22,04.02.2013,2,2013,True,0.0087160798514167,0.013527242466807365
22,05.02.2013,2,2013,True,0.0084424363391887,0.014890478923916817
22,06.02.2013,2,2013,True,0.0084217435240235,0.015592294745147228
22,07.02.2013,2,2013,True,0.0082905188248754,0.01552533358335495
22,08.02.2013,2,2013,True,0.0074875803159048,0.017013825476169586
22,11.02.2013,2,2013,True,0.0079161914123321,0.016517136245965958
22,12.02.2013,2,2013,True,0.0077499605654737,0.017109179869294167
22,13.02.2013,2,2013,True,0.0082439002387981,0.015414267778396606
22,14.02.2013,2,2013,True,0.0089270013463744,0.013883749023079872
22,15.02.2013,2,2013,True,0.0090235230271408,0.015135884284973145
22,19.02.2013,2,2013,True,0.0090586667605937,0.01609077677130699
22,20.02.2013,2,2013,True,0.0087903800269433,0.013464882969856262
22,21.02.2013,2,2013,True,0.00859916315957,0.016156120225787163
22,22.02.2013,2,2013,True,0.0085353227330697,0.016414783895015717
22,25.02.2013,2,2013,True,0.0085360818669759,0.01561905536800623
22,26.02.2013,2,2013,True,0.0083121913147446,0.015943780541419983
22,27.02.2013,2,2013,True,0.0081995597119065,0.01478937640786171
22,28.02.2013,2,2013,True,0.010710869642849,0.013715360313653946
22,01.03.2013,2,2013,True,0.0106654215668787,0.014456577599048615
22,04.03.2013,2,2013,True,0.0114402896874643,0.013973072171211243
22,05.03.2013,2,2013,True,0.0109991646656303,0.015300327911973
22,06.03.2013,2,2013,True,0.0116208694106644,0.015522001311182976
22,07.03.2013,2,2013,True,0.011611442165795,0.014370741322636604
22,08.03.2013,2,2013,True,0.0119009849646924,0.015551463700830936
22,11.03.2013,2,2013,True,0.0120219537640774,0.015494504943490028
22,12.03.2013,2,2013,True,0.0130405061759501,0.015106161125004292
22,13.03.2013,2,2013,True,0.0129835477912911,0.015288890339434147
22,14.03.2013,2,2013,True,0.012742904555836,0.013348053209483624
22,15.03.2013,2,2013,True,0.012838597008496,0.01459213811904192
22,19.03.2013,2,2013,True,0.0126374255857762,0.013551602140069008
22,20.03.2013,2,2013,True,0.0124207818964672,0.015259940177202225
22,21.03.2013,2,2013,True,0.0123045772680735,0.015862086787819862
22,22.03.2013,2,2013,True,0.0128064354628036,0.015400508418679237
22,25.03.2013,2,2013,True,0.0133521908544215,0.014496257528662682
22,26.03.2013,2,2013,True,0.0130334217491445,0.014396931044757366
22,27.03.2013,2,2013,True,0.0131194136477967,0.015929143875837326
22,28.03.2013,2,2013,True,0.0132781455506948,0.015948709100484848
22,01.04.2013,2,2013,True,0.0136491503219128,0.014546758495271206
22,02.04.2013,2,2013,True,0.0153984486769606,0.013279922306537628
22,03.04.2013,2,2013,True,0.0142704928844872,0.014800055883824825
22,04.04.2013,2,2013,True,0.0144797164236829,0.015645429491996765
22,05.04.2013,2,2013,True,0.0139090053891861,0.014293926768004894
22,08.04.2013,2,2013,True,0.0138635218086711,0.014275913126766682
22,09.04.2013,2,2013,True,0.0134584601688623,0.014203108847141266
22,10.04.2013,2,2013,True,0.0134756689488047,0.015538288280367851
22,11.04.2013,2,2013,True,0.0133111507518808,0.016170330345630646
22,12.04.2013,2,2013,True,0.0131078869977375,0.015169726684689522
22,15.04.2013,2,2013,True,0.0118662295888047,0.014207400381565094
22,16.04.2013,2,2013,True,0.0118599782497821,0.015718255192041397
22,17.04.2013,2,2013,True,0.011865858456843,0.014953960664570332
22,18.04.2013,2,2013,True,0.0114660393848373,0.01688762567937374
22,19.04.2013,2,2013,True,0.0114441063910229,0.015230594202876091
22,22.04.2013,2,2013,True,0.0117810312882006,0.01499826181679964
22,23.04.2013,2,2013,True,0.0117876678710967,0.014295669272542
22,24.04.2013,2,2013,True,0.0114238726046052,0.01429496705532074
22,25.04.2013,2,2013,True,0.011358642218979,0.016203569248318672
22,26.04.2013,2,2013,True,0.0119673129263975,0.016506250947713852
22,29.04.2013,2,2013,True,0.0118816520906964,0.016366634517908096
22,30.04.2013,2,2013,True,0.0121091251870781,0.016448061913251877
22,01.05.2013,2,2013,True,0.0114986544185609,0.016816312447190285
22,02.05.2013,2,2013,True,0.0100235040466823,0.015757344663143158
22,03.05.2013,2,2013,True,0.009614307317443,0.01572571136057377
22,06.05.2013,2,2013,True,0.0092996200017074,0.017554670572280884
22,07.05.2013,2,2013,True,0.0092877966124543,0.016562800854444504
22,08.05.2013,2,2013,True,0.009372960159992,0.01571670174598694
22,09.05.2013,2,2013,True,0.0095765727217601,0.016929391771554947
22,10.05.2013,2,2013,True,0.0095923808677933,0.015727359801530838
22,13.05.2013,2,2013,True,0.0094281674346789,0.016249390318989754
22,14.05.2013,2,2013,True,0.009408190853681,0.016411036252975464
22,15.05.2013,2,2013,True,0.0097816973605806,0.015624790452420712
22,16.05.2013,2,2013,True,0.0097816555109683,0.017171643674373627
22,17.05.2013,2,2013,True,0.0128620852951885,0.01623128540813923
22,20.05.2013,2,2013,True,0.0130922492738689,0.016331061720848083
22,21.05.2013,2,2013,True,0.0131001806499754,0.016073254868388176
22,22.05.2013,2,2013,True,0.0128522065156249,0.014826884493231773
22,23.05.2013,2,2013,True,0.012886078207787,0.015575307421386242
22,24.05.2013,2,2013,True,0.0131194389691209,0.015937818214297295
22,28.05.2013,2,2013,True,0.0127270297687113,0.016666878014802933
22,29.05.2013,2,2013,True,0.0123094998472123,0.014749524183571339
22,30.05.2013,2,2013,True,0.0124541783385579,0.014662690460681915
22,31.05.2013,2,2013,True,0.012176522156247,0.015957027673721313
22,03.06.2013,2,2013,True,0.0122855572714544,0.014900491572916508
22,04.06.2013,2,2013,True,0.0121601089320489,0.016118749976158142
22,05.06.2013,2,2013,True,0.0121357352563988,0.01375217828899622
22,06.06.2013,2,2013,True,0.0121504050342283,0.014606594108045101
22,07.06.2013,2,2013,True,0.0121997793967962,0.015165834687650204
22,10.06.2013,2,2013,True,0.0122210564398301,0.013836177065968513
22,11.06.2013,2,2013,True,0.0119410152281227,0.015493985265493393
22,12.06.2013,2,2013,True,0.0119280986978735,0.015363827347755432
22,13.06.2013,2,2013,True,0.0118935188621422,0.015256882645189762
22,14.06.2013,2,2013,True,0.0122624015803358,0.015448221936821938
22,18.06.2013,2,2013,True,0.0118063786198483,0.01519494503736496
22,19.06.2013,2,2013,True,0.0118112476335594,0.01407420914620161
22,20.06.2013,2,2013,True,0.0085119047571811,0.014660156331956387
22,21.06.2013,2,2013,True,0.0078863567163734,0.016089703887701035
22,24.06.2013,2,2013,True,0.0080432037292444,0.015621672384440899
22,25.06.2013,2,2013,True,0.0080349303669256,0.016158541664481163
22,26.06.2013,2,2013,True,0.0081951741594979,0.015468151308596134
22,27.06.2013,2,2013,True,0.0080278216564193,0.015660589560866356
22,28.06.2013,2,2013,True,0.0083821366691973,0.016503192484378815
22,01.07.2013,2,2013,True,0.0084946820514264,0.01661989651620388
22,02.07.2013,2,2013,True,0.0084002071785375,0.01688758283853531
22,03.07.2013,2,2013,True,0.0078338347496158,0.014090042561292648
22,05.07.2013,2,2013,True,0.0069748679689901,0.015242086723446846
22,08.07.2013,2,2013,True,0.0071141309665202,0.015021543949842453
22,09.07.2013,2,2013,True,0.0077378392300027,0.01559524703770876
22,10.07.2013,2,2013,True,0.0077552169895512,0.01611037738621235
22,11.07.2013,2,2013,True,0.0077317257173933,0.016316600143909454
22,12.07.2013,2,2013,True,0.007487316429603,0.015366769395768642
22,15.07.2013,2,2013,True,0.0076541535688009,0.017143413424491882
22,16.07.2013,2,2013,True,0.0076411759831496,0.014881310053169727
22,17.07.2013,2,2013,True,0.0079292120006861,0.014924555085599422
22,19.07.2013,2,2013,True,0.0074955027897196,0.015088306739926338
22,22.07.2013,2,2013,True,0.0074955288993037,0.0156863983720541
22,23.07.2013,2,2013,True,0.0077641277753691,0.01575755700469017
22,24.07.2013,2,2013,True,0.0073077961836283,0.016200901940464973
22,25.07.2013,2,2013,True,0.0098208392323293,0.01605301722884178
22,26.07.2013,2,2013,True,0.0102986938188597,0.015988565981388092
22,29.07.2013,2,2013,True,0.0108731594929836,0.015054980292916298
22,30.07.2013,2,2013,True,0.011102193886464,0.016110653057694435
22,31.07.2013,2,2013,True,0.0113418313146021,0.015321758575737476
22,01.08.2013,2,2013,True,0.0110993982440674,0.016511907801032066
22,02.08.2013,2,2013,True,0.0109701783805435,0.017014073207974434
22,05.08.2013,2,2013,True,0.010961215685622,0.01536434143781662
22,06.08.2013,2,2013,True,0.0119942730685207,0.014867759309709072
22,07.08.2013,2,2013,True,0.0129364642154916,0.014810552820563316
22,08.08.2013,2,2013,True,0.0127903809316248,0.01351798977702856
22,09.08.2013,2,2013,True,0.0126264577227829,0.015383454971015453
22,12.08.2013,2,2013,True,0.0125752608357108,0.015971660614013672
22,13.08.2013,2,2013,True,0.0132609404790509,0.014945452101528645
22,14.08.2013,2,2013,True,0.0137266398271601,0.015421104617416859
22,15.08.2013,2,2013,True,0.0136303229557634,0.01621711626648903
22,16.08.2013,2,2013,True,0.0137588980583828,0.014702250249683857
22,20.08.2013,2,2013,True,0.0136899080928682,0.015296719036996365
22,21.08.2013,2,2013,True,0.0136887271960766,0.015483167953789234
22,22.08.2013,2,2013,True,0.0138150613323258,0.01578802801668644
22,23.08.2013,2,2013,True,0.0136447315771261,0.01574781909584999
22,26.08.2013,2,2013,True,0.0136424905177488,0.016109829768538475
22,27.08.2013,2,2013,True,0.0114500120234045,0.015451915562152863
22,28.08.2013,2,2013,True,0.0108262681747088,0.015241554006934166
22,29.08.2013,2,2013,True,0.0106165691100625,0.014874170534312725
22,30.08.2013,2,2013,True,0.0105693354186064,0.014054755680263042
22,03.09.2013,2,2013,True,0.0099641158756998,0.013870378024876118
22,04.09.2013,2,2013,True,0.0100175023699658,0.013929869048297405
22,05.09.2013,2,2013,True,0.0100968286617774,0.01647680439054966
22,06.09.2013,2,2013,True,0.0114952196910095,0.015910960733890533
22,09.09.2013,2,2013,True,0.0107003549460148,0.014500088058412075
22,10.09.2013,2,2013,True,0.0096315907474069,0.016682399436831474
22,11.09.2013,2,2013,True,0.0098318673144916,0.015838276594877243
22,12.09.2013,2,2013,True,0.0097397944255032,0.01434886734932661
22,13.09.2013,2,2013,True,0.009736661463957,0.015451998449862003
22,18.09.2013,2,2013,True,0.0091643612044914,0.0159844271838665
22,19.09.2013,2,2013,True,0.0084209759202973,0.01730184070765972
22,20.09.2013,2,2013,True,0.0094272604473113,0.0155916977673769
22,23.09.2013,2,2013,True,0.0093363595486731,0.017351975664496422
22,24.09.2013,2,2013,True,0.0092714692245435,0.01574135571718216
22,25.09.2013,2,2013,True,0.0107222556861888,0.01598137803375721
22,26.09.2013,2,2013,True,0.0106540636182093,0.015591740608215332
22,27.09.2013,2,2013,True,0.0107128186853078,0.015462537296116352
22,30.09.2013,2,2013,True,0.0109026729752677,0.01420283131301403
22,01.10.2013,2,2013,True,0.0123627558169699,0.014059842564165592
22,02.10.2013,2,2013,True,0.0120873305886012,0.014599505811929703
22,03.10.2013,2,2013,True,0.0121861457288712,0.01477886363863945
22,04.10.2013,2,2013,True,0.0121196422101694,0.01557665504515171
22,07.10.2013,2,2013,True,0.0125107337390954,0.015826750546693802
22,08.10.2013,2,2013,True,0.0130501342279427,0.01651664450764656
22,09.10.2013,2,2013,True,0.0132632111189172,0.015771495178341866
22,10.10.2013,2,2013,True,0.0119508197858698,0.015012074261903763
22,11.10.2013,2,2013,True,0.0123457854493105,0.014531338587403297
22,14.10.2013,2,2013,True,0.0127465407696719,0.014881963841617107
22,15.10.2013,2,2013,True,0.0125971281578569,0.015048972330987453
22,16.10.2013,2,2013,True,0.0128043132236158,0.015464713796973228
22,17.10.2013,2,2013,True,0.013060087227128,0.014405367895960808
22,21.10.2013,2,2013,True,0.0134711055789184,0.014858400449156761
22,22.10.2013,2,2013,True,0.0135843201510546,0.01353915873914957
22,23.10.2013,2,2013,True,0.0128056074910781,0.016155768185853958
22,24.10.2013,2,2013,True,0.0126657774851289,0.0157741941511631
22,25.10.2013,2,2013,True,0.0126646240911286,0.013893043622374535
22,28.10.2013,2,2013,True,0.0120389191152113,0.016567129641771317
22,29.10.2013,2,2013,True,0.0124300811419596,0.017214855179190636
22,30.10.2013,2,2013,True,0.0125122183922139,0.016749389469623566
22,31.10.2013,2,2013,True,0.0124165935544078,0.015744265168905258
22,01.11.2013,2,2013,True,0.0108961574489665,0.016897141933441162
22,04.11.2013,2,2013,True,0.0109210068238723,0.015666412189602852
22,05.11.2013,2,2013,True,0.0117145098499704,0.014901778660714626
22,06.11.2013,2,2013,True,0.0117076507028762,0.01628434844315052
22,07.11.2013,2,2013,True,0.0109278347523612,0.015503003261983395
22,08.11.2013,2,2013,True,0.0107993635709006,0.016049066558480263
22,11.11.2013,2,2013,True,0.0105374535502457,0.01495051383972168
22,12.11.2013,2,2013,True,0.010830583409137,0.016178546473383904
22,13.11.2013,2,2013,True,0.0105898821175613,0.013934986665844917
22,14.11.2013,2,2013,True,0.0102650228569171,0.015943467617034912
22,15.11.2013,2,2013,True,0.0106082816350166,0.015471727587282658
22,19.11.2013,2,2013,True,0.0099873187374801,0.014107895083725452
22,20.11.2013,2,2013,True,0.0098029710749773,0.016357464715838432
22,21.11.2013,2,2013,True,0.0090439861085308,0.01561451330780983
22,22.11.2013,2,2013,True,0.0088708595747144,0.01533317007124424
22,25.11.2013,2,2013,True,0.0090822911053458,0.015317663550376892
22,26.11.2013,2,2013,True,0.0091152901670714,0.014697928912937641
22,27.11.2013,2,2013,True,0.0107932292881847,0.014511162415146828
22,29.11.2013,2,2013,True,0.0105039661518271,0.014965621754527092
22,02.12.2013,2,2013,True,0.009786142689537,0.015813661739230156
22,03.12.2013,2,2013,True,0.009552727063513,0.016059305518865585
22,04.12.2013,2,2013,True,0.0095017406978621,0.0158997755497694
22,05.12.2013,2,2013,True,0.0094745291554404,0.014885026030242443
22,06.12.2013,2,2013,True,0.0095787344727798,0.016142945736646652
22,09.12.2013,2,2013,True,0.0087014600183554,0.016489246860146523
22,10.12.2013,2,2013,True,0.0087113398508777,0.015282084234058857
22,11.12.2013,2,2013,True,0.0088439391013767,0.01493781991302967
22,12.12.2013,2,2013,True,0.008645014490238,0.014893238432705402
22,13.12.2013,2,2013,True,0.0086324528843079,0.01492608617991209
22,16.12.2013,2,2013,True,0.0083418913677218,0.015176991000771523
22,17.12.2013,2,2013,True,0.0084223503222738,0.015241165645420551
22,19.12.2013,2,2013,True,0.008464735050181,0.01596689037978649
22,20.12.2013,2,2013,True,0.008088412979004,0.015342522412538528
22,23.12.2013,2,2013,True,0.0083054738383308,0.013601839542388916
22,24.12.2013,2,2013,True,0.0083369574147939,0.016092970967292786
22,26.12.2013,2,2013,True,0.0083399751091995,0.015038799494504929
22,27.12.2013,2,2013,True,0.0087300965272301,0.01597559079527855
22,30.12.2013,2,2013,True,0.0086210262448263,0.013686924241483212
22,31.12.2013,2,2013,True,0.0086146029421024,0.01415184698998928
66,02.01.2013,2,2013,True,0.0093818700620437,0.0173228457570076
66,03.01.2013,2,2013,True,0.0095262104584456,0.0173228457570076
66,04.01.2013,2,2013,True,0.0095757133192196,0.01733662374317646
66,07.01.2013,2,2013,True,0.0100757217855641,0.01733662374317646
66,08.01.2013,2,2013,True,0.0100452248358639,0.0173228457570076
66,09.01.2013,2,2013,True,0.0100472892860936,0.0173228457570076
66,10.01.2013,2,2013,True,0.0101265722623555,0.01733662374317646
66,11.01.2013,2,2013,True,0.0100942134638718,0.01733662374317646
66,14.01.2013,2,2013,True,0.0100318628838887,0.01738935522735119
66,15.01.2013,2,2013,True,0.0099081849616889,0.01733662374317646
66,16.01.2013,2,2013,True,0.0100776654353776,0.017504597082734108
66,17.01.2013,2,2013,True,0.0103084104344037,0.01738935522735119
66,18.01.2013,2,2013,True,0.0103090320284354,0.017081638798117638
66,22.01.2013,2,2013,True,0.0101234074612753,0.01714300364255905
66,23.01.2013,2,2013,True,0.010227203514572,0.01714300364255905
66,24.01.2013,2,2013,True,0.0105671386564296,0.01693744584918022
66,25.01.2013,2,2013,True,0.0112128694078234,0.01738935522735119
66,28.01.2013,2,2013,True,0.0113460467046315,0.017081638798117638
66,29.01.2013,2,2013,True,0.0114124207421569,0.017445113509893417
66,30.01.2013,2,2013,True,0.0114394624627303,0.01733662374317646
66,31.01.2013,2,2013,True,0.0114057039120575,0.01738935522735119
66,01.02.2013,2,2013,True,0.0113131984078451,0.0173228457570076
66,04.02.2013,2,2013,True,0.0112753373412844,0.017081638798117638
66,05.02.2013,2,2013,True,0.0112640882750602,0.0173228457570076
66,06.02.2013,2,2013,True,0.0112546367938658,0.0173228457570076
66,07.02.2013,2,2013,True,0.0113322677346934,0.01738935522735119
66,08.02.2013,2,2013,True,0.0111634015498728,0.01733662374317646
66,11.02.2013,2,2013,True,0.0111506132565392,0.01738935522735119
66,12.02.2013,2,2013,True,0.0111243740938626,0.01740313321352005
66,13.02.2013,2,2013,True,0.0111302289949345,0.01738935522735119
66,14.02.2013,2,2013,True,0.0112067528752724,0.01714300364255905
66,15.02.2013,2,2013,True,0.011203700159921,0.01738935522735119
66,19.02.2013,2,2013,True,0.0111829627409641,0.0173228457570076
66,20.02.2013,2,2013,True,0.0112380208051389,0.016806380823254585
66,21.02.2013,2,2013,True,0.0112236477282902,0.01738935522735119
66,22.02.2013,2,2013,True,0.0111939140594652,0.017424918711185455
66,25.02.2013,2,2013,True,0.011351635916211,0.0173228457570076
66,26.02.2013,2,2013,True,0.0114534062252025,0.01733662374317646
66,27.02.2013,2,2013,True,0.011538924440512,0.016921333968639374
66,28.02.2013,2,2013,True,0.0115324969122651,0.01693744584918022
66,01.03.2013,2,2013,True,0.0115211934811056,0.0173228457570076
66,04.03.2013,2,2013,True,0.0115852475070153,0.0173228457570076
66,05.03.2013,2,2013,True,0.0114582978376514,0.0173228457570076
66,06.03.2013,2,2013,True,0.0114964134484519,0.01738935522735119
66,07.03.2013,2,2013,True,0.011520039588932,0.016865575686097145
66,08.03.2013,2,2013,True,0.0115642864533325,0.01738935522735119
66,11.03.2013,2,2013,True,0.011549921340606,0.01738935522735119
66,12.03.2013,2,2013,True,0.0117303055226826,0.0173228457570076
66,13.03.2013,2,2013,True,0.0116666377239254,0.01738935522735119
66,14.03.2013,2,2013,True,0.0125076501806971,0.016806380823254585
66,15.03.2013,2,2013,True,0.0125825922488452,0.0173228457570076
66,19.03.2013,2,2013,True,0.0124179745971332,0.016806380823254585
66,20.03.2013,2,2013,True,0.0123193892515057,0.0173228457570076
66,21.03.2013,2,2013,True,0.0122640518417714,0.0173228457570076
66,22.03.2013,2,2013,True,0.0123517710964824,0.01738935522735119
66,25.03.2013,2,2013,True,0.012352818778916,0.016865575686097145
66,26.03.2013,2,2013,True,0.0123169380799189,0.016865575686097145
66,27.03.2013,2,2013,True,0.0123765466745269,0.01740313321352005
66,28.03.2013,2,2013,True,0.0125566944027243,0.01738935522735119
66,01.04.2013,2,2013,True,0.0127117002773531,0.0173228457570076
66,02.04.2013,2,2013,True,0.0127090684154534,0.016806380823254585
66,03.04.2013,2,2013,True,0.0120532685778533,0.0173228457570076
66,04.04.2013,2,2013,True,0.012043239528338,0.0173228457570076
66,05.04.2013,2,2013,True,0.0117820609987329,0.017081638798117638
66,08.04.2013,2,2013,True,0.0118260055197291,0.016806380823254585
66,09.04.2013,2,2013,True,0.0116932984913991,0.017022155225276947
66,10.04.2013,2,2013,True,0.0116830708126654,0.0173228457570076
66,11.04.2013,2,2013,True,0.0115328595621978,0.01738935522735119
66,12.04.2013,2,2013,True,0.0115439403640087,0.0173228457570076
66,15.04.2013,2,2013,True,0.0110226109330942,0.016806380823254585
66,16.04.2013,2,2013,True,0.0110224081901642,0.016865575686097145
66,17.04.2013,2,2013,True,0.0111299946000567,0.016865575686097145
66,18.04.2013,2,2013,True,0.0110111343429101,0.01719953492283821
66,19.04.2013,2,2013,True,0.0110218944537383,0.0173228457570076
66,22.04.2013,2,2013,True,0.0109955383440285,0.016865575686097145
66,23.04.2013,2,2013,True,0.0110187467764981,0.01714300364255905
66,24.04.2013,2,2013,True,0.0109268080314726,0.01714300364255905
66,25.04.2013,2,2013,True,0.0109392698645323,0.01738935522735119
66,26.04.2013,2,2013,True,0.0109592049741051,0.017491020262241364
66,29.04.2013,2,2013,True,0.0109443889748858,0.017557529732584953
66,30.04.2013,2,2013,True,0.0108127282789142,0.017557529732584953
66,01.05.2013,2,2013,True,0.0104080619166861,0.017491020262241364
66,02.05.2013,2,2013,True,0.0098703230770538,0.0173228457570076
66,03.05.2013,2,2013,True,0.0098985660387283,0.017687471583485603
66,06.05.2013,2,2013,True,0.0098256306838543,0.017701249569654465
66,07.05.2013,2,2013,True,0.0097752018910185,0.017753981053829193
66,08.05.2013,2,2013,True,0.0097792737201727,0.017687471583485603
66,09.05.2013,2,2013,True,0.0098214916262031,0.0176252368837595
66,10.05.2013,2,2013,True,0.0097899784480204,0.017491020262241364
66,13.05.2013,2,2013,True,0.0097671767938629,0.017504798248410225
66,14.05.2013,2,2013,True,0.0097726387993012,0.0173228457570076
66,15.05.2013,2,2013,True,0.0097011224299811,0.01738935522735119
66,16.05.2013,2,2013,True,0.009770420784241,0.01733662374317646
66,17.05.2013,2,2013,True,0.0097793100292342,0.01738935522735119
66,20.05.2013,2,2013,True,0.0105079175986436,0.01738935522735119
66,21.05.2013,2,2013,True,0.0107391173379139,0.017504597082734108
66,22.05.2013,2,2013,True,0.0107355254304436,0.016806380823254585
66,23.05.2013,2,2013,True,0.0108260458269591,0.0173228457570076
66,24.05.2013,2,2013,True,0.0109422501184122,0.01738935522735119
66,28.05.2013,2,2013,True,0.0108581619928488,0.01738935522735119
66,29.05.2013,2,2013,True,0.0105992957763989,0.01714300364255905
66,30.05.2013,2,2013,True,0.0106089696315005,0.016806380823254585
66,31.05.2013,2,2013,True,0.0107044461230902,0.01738935522735119
66,03.06.2013,2,2013,True,0.0109410621946506,0.0173228457570076
66,04.06.2013,2,2013,True,0.0108675308211698,0.0173228457570076
66,05.06.2013,2,2013,True,0.0109153352806123,0.016806380823254585
66,06.06.2013,2,2013,True,0.0109028972951237,0.0173228457570076
66,07.06.2013,2,2013,True,0.011153214177962,0.0173228457570076
66,10.06.2013,2,2013,True,0.0113338296508179,0.01714300364255905
66,11.06.2013,2,2013,True,0.0112687968684971,0.01738935522735119
66,12.06.2013,2,2013,True,0.0113314368719123,0.017504597082734108
66,13.06.2013,2,2013,True,0.011310922390285,0.0173228457570076
66,14.06.2013,2,2013,True,0.0113194559964773,0.0173228457570076
66,18.06.2013,2,2013,True,0.0111859821197433,0.0173228457570076
66,19.06.2013,2,2013,True,0.0112083109393884,0.017081638798117638
66,20.06.2013,2,2013,True,0.0101322249383097,0.01699664071202278
66,21.06.2013,2,2013,True,0.0100183591403667,0.017619764432311058
66,24.06.2013,2,2013,True,0.0101000011656448,0.017553254961967468
66,25.06.2013,2,2013,True,0.0101062920969085,0.017619764432311058
66,26.06.2013,2,2013,True,0.0101075029038666,0.017557529732584953
66,27.06.2013,2,2013,True,0.0100271966956269,0.01738935522735119
66,28.06.2013,2,2013,True,0.0099923698129155,0.01733662374317646
66,01.07.2013,2,2013,True,0.0100463151201817,0.01733662374317646
66,02.07.2013,2,2013,True,0.0104166845814904,0.01733662374317646
66,03.07.2013,2,2013,True,0.0102530438081522,0.016806380823254585
66,05.07.2013,2,2013,True,0.0100198596341269,0.016865575686097145
66,08.07.2013,2,2013,True,0.0100917755196324,0.0173228457570076
66,09.07.2013,2,2013,True,0.010130116885771,0.01738935522735119
66,10.07.2013,2,2013,True,0.0101021913931509,0.01738935522735119
66,11.07.2013,2,2013,True,0.0101752369217497,0.01738935522735119
66,12.07.2013,2,2013,True,0.0101088760616268,0.0173228457570076
66,15.07.2013,2,2013,True,0.0104015282865262,0.01733662374317646
66,16.07.2013,2,2013,True,0.0104336190508344,0.017081638798117638
66,17.07.2013,2,2013,True,0.0104336548423777,0.016865575686097145
66,19.07.2013,2,2013,True,0.0107792961464893,0.01693744584918022
66,22.07.2013,2,2013,True,0.0108018686635269,0.0173228457570076
66,23.07.2013,2,2013,True,0.0108391377178815,0.0173228457570076
66,24.07.2013,2,2013,True,0.0108078200491245,0.0173228457570076
66,25.07.2013,2,2013,True,0.0113126590842051,0.01733662374317646
66,26.07.2013,2,2013,True,0.0113072029947257,0.01733662374317646
66,29.07.2013,2,2013,True,0.0113484507131093,0.01738935522735119
66,30.07.2013,2,2013,True,0.0113332628076081,0.01738935522735119
66,31.07.2013,2,2013,True,0.0114790010877343,0.01738935522735119
66,01.08.2013,2,2013,True,0.0114556139064839,0.01733662374317646
66,02.08.2013,2,2013,True,0.011545588443204,0.017424918711185455
66,05.08.2013,2,2013,True,0.0115609948158774,0.0173228457570076
66,06.08.2013,2,2013,True,0.0116524170537703,0.01738935522735119
66,07.08.2013,2,2013,True,0.0117354366496355,0.0173228457570076
66,08.08.2013,2,2013,True,0.0117003892743128,0.017081638798117638
66,09.08.2013,2,2013,True,0.0117173784394162,0.01738935522735119
66,12.08.2013,2,2013,True,0.0117605811793225,0.0173228457570076
66,13.08.2013,2,2013,True,0.0119446540366626,0.0173228457570076
66,14.08.2013,2,2013,True,0.0119859448701201,0.0173228457570076
66,15.08.2013,2,2013,True,0.0119431588627307,0.01733662374317646
66,16.08.2013,2,2013,True,0.011943667749928,0.0173228457570076
66,20.08.2013,2,2013,True,0.0118975034766857,0.01733662374317646
66,21.08.2013,2,2013,True,0.0120306123263462,0.01738935522735119
66,22.08.2013,2,2013,True,0.0121892560688002,0.0173228457570076
66,23.08.2013,2,2013,True,0.0121908432908256,0.01733662374317646
66,26.08.2013,2,2013,True,0.0122142006782513,0.01738935522735119
66,27.08.2013,2,2013,True,0.0115757477961756,0.01738935522735119
66,28.08.2013,2,2013,True,0.0113319380147289,0.01720219850540161
66,29.08.2013,2,2013,True,0.0114911273399075,0.01714300364255905
66,30.08.2013,2,2013,True,0.0114329238124186,0.01714300364255905
66,03.09.2013,2,2013,True,0.0112842269231431,0.017081638798117638
66,04.09.2013,2,2013,True,0.0113113552096684,0.016806380823254585
66,05.09.2013,2,2013,True,0.0113047038248339,0.01733662374317646
66,06.09.2013,2,2013,True,0.0114269863171335,0.01738935522735119
66,09.09.2013,2,2013,True,0.0111466006740255,0.017140833660960197
66,10.09.2013,2,2013,True,0.0108181374507717,0.01738935522735119
66,11.09.2013,2,2013,True,0.0109409486276025,0.0173228457570076
66,12.09.2013,2,2013,True,0.0108708156322802,0.016806380823254585
66,13.09.2013,2,2013,True,0.0108764325229588,0.0173228457570076
66,18.09.2013,2,2013,True,0.0106029117796869,0.01738935522735119
66,19.09.2013,2,2013,True,0.0103900499915662,0.017546521499753
66,20.09.2013,2,2013,True,0.0104396761500777,0.0176252368837595
66,23.09.2013,2,2013,True,0.0103766027029485,0.01769174635410309
66,24.09.2013,2,2013,True,0.0109197957338561,0.01744539476931095
66,25.09.2013,2,2013,True,0.0109608113639929,0.01744539476931095
66,26.09.2013,2,2013,True,0.0109115512956998,0.017384029924869537
66,27.09.2013,2,2013,True,0.0109193449595202,0.017384029924869537
66,30.09.2013,2,2013,True,0.0109178809274264,0.017081638798117638
66,01.10.2013,2,2013,True,0.0109415521545069,0.01693744584918022
66,02.10.2013,2,2013,True,0.0108926149172539,0.017140833660960197
66,03.10.2013,2,2013,True,0.0109046702033229,0.0173228457570076
66,04.10.2013,2,2013,True,0.0108962066457657,0.0173228457570076
66,07.10.2013,2,2013,True,0.0109299632033575,0.01738935522735119
66,08.10.2013,2,2013,True,0.0109140112669034,0.017504597082734108
66,09.10.2013,2,2013,True,0.0108477527827453,0.01738935522735119
66,10.10.2013,2,2013,True,0.0104873472122374,0.01738935522735119
66,11.10.2013,2,2013,True,0.0105001101542134,0.0173228457570076
66,14.10.2013,2,2013,True,0.010505814486722,0.0173228457570076
66,15.10.2013,2,2013,True,0.0105250719700868,0.01738935522735119
66,16.10.2013,2,2013,True,0.0105085822140125,0.01738935522735119
66,17.10.2013,2,2013,True,0.0105221517497916,0.0173228457570076
66,21.10.2013,2,2013,True,0.0104223560754333,0.0173228457570076
66,22.10.2013,2,2013,True,0.0105596801845623,0.017081638798117638
66,23.10.2013,2,2013,True,0.0102841371972375,0.01733662374317646
66,24.10.2013,2,2013,True,0.0102476350360873,0.01738935522735119
66,25.10.2013,2,2013,True,0.0102631491290616,0.0173228457570076
66,28.10.2013,2,2013,True,0.0098484463155933,0.01733662374317646
66,29.10.2013,2,2013,True,0.0102008805949521,0.017424918711185455
66,30.10.2013,2,2013,True,0.0102102146072167,0.01733662374317646
66,31.10.2013,2,2013,True,0.0101460415941128,0.01738935522735119
66,01.11.2013,2,2013,True,0.0095568672853311,0.01733662374317646
66,04.11.2013,2,2013,True,0.0095519651044723,0.0173228457570076
66,05.11.2013,2,2013,True,0.0094877388335552,0.0173228457570076
66,06.11.2013,2,2013,True,0.0096731924862868,0.01733662374317646
66,07.11.2013,2,2013,True,0.0094193087877529,0.0173228457570076
66,08.11.2013,2,2013,True,0.0092512879875041,0.0173228457570076
66,11.11.2013,2,2013,True,0.0091770567635728,0.017022155225276947
66,12.11.2013,2,2013,True,0.0092436228829757,0.01738935522735119
66,13.11.2013,2,2013,True,0.0091255850135672,0.016806380823254585
66,14.11.2013,2,2013,True,0.0090068585192508,0.0173228457570076
66,15.11.2013,2,2013,True,0.0090076182750113,0.016865575686097145
66,19.11.2013,2,2013,True,0.0091113265666553,0.016806380823254585
66,20.11.2013,2,2013,True,0.0092835282284154,0.01738935522735119
66,21.11.2013,2,2013,True,0.0091612764331291,0.017491020262241364
66,22.11.2013,2,2013,True,0.0091013356179098,0.0173228457570076
66,25.11.2013,2,2013,True,0.0091640980518337,0.0173228457570076
66,26.11.2013,2,2013,True,0.0092191421396333,0.01714300364255905
66,27.11.2013,2,2013,True,0.0092226520357952,0.01714300364255905
66,29.11.2013,2,2013,True,0.0090670382627739,0.0173228457570076
66,02.12.2013,2,2013,True,0.008864159625365,0.0173228457570076
66,03.12.2013,2,2013,True,0.0088736147265619,0.0173228457570076
66,04.12.2013,2,2013,True,0.0088415001939956,0.0173228457570076
66,05.12.2013,2,2013,True,0.0090056713709821,0.016865575686097145
66,06.12.2013,2,2013,True,0.0090278753628042,0.0173228457570076
66,09.12.2013,2,2013,True,0.008733008210428,0.01733662374317646
66,10.12.2013,2,2013,True,0.008753073713007,0.0173228457570076
66,11.12.2013,2,2013,True,0.0087438992205671,0.0173228457570076
66,12.12.2013,2,2013,True,0.0086740900686525,0.0173228457570076
66,13.12.2013,2,2013,True,0.0086718182839482,0.0173228457570076
66,16.12.2013,2,2013,True,0.0085170615208493,0.0173228457570076
66,17.12.2013,2,2013,True,0.0085229837077255,0.0173228457570076
66,19.12.2013,2,2013,True,0.0085282729247904,0.017445113509893417
66,20.12.2013,2,2013,True,0.0086929159324488,0.0173228457570076
66,23.12.2013,2,2013,True,0.0087351589690435,0.016806380823254585
66,24.12.2013,2,2013,True,0.0088872691949708,0.01733662374317646
66,26.12.2013,2,2013,True,0.0089177373525015,0.0173228457570076
66,27.12.2013,2,2013,True,0.0089624787175298,0.01738935522735119
66,30.12.2013,2,2013,True,0.0091835212147998,0.016862139105796814
66,31.12.2013,2,2013,True,0.009183864211943,0.0173228457570076
126,02.01.2013,2,2013,True,0.0107443047282774,0.01830601878464222
126,03.01.2013,2,2013,True,0.0107473603252732,0.018347380682826042
126,04.01.2013,2,2013,True,0.0107450715906409,0.018359752371907234
126,07.01.2013,2,2013,True,0.0107627904113426,0.018359752371907234
126,08.01.2013,2,2013,True,0.0107919780770458,0.018359752371907234
126,09.01.2013,2,2013,True,0.0107941119079015,0.018359752371907234
126,10.01.2013,2,2013,True,0.0107968248483131,0.01830601878464222
126,11.01.2013,2,2013,True,0.0107511085511163,0.01830601878464222
126,14.01.2013,2,2013,True,0.0107541349214398,0.018202459439635277
126,15.01.2013,2,2013,True,0.0106812495145931,0.018359752371907234
126,16.01.2013,2,2013,True,0.0106805910061292,0.018311703577637672
126,17.01.2013,2,2013,True,0.0107274979448349,0.018202459439635277
126,18.01.2013,2,2013,True,0.0107350746722115,0.017936524003744125
126,22.01.2013,2,2013,True,0.0106393345102574,0.017936524003744125
126,23.01.2013,2,2013,True,0.0106373925541146,0.017936524003744125
126,24.01.2013,2,2013,True,0.0106372074467559,0.017859220504760742
126,25.01.2013,2,2013,True,0.01065994646638,0.018320702016353607
126,28.01.2013,2,2013,True,0.0107697752293355,0.017951223999261856
126,29.01.2013,2,2013,True,0.0107551939258713,0.018429946154356003
126,30.01.2013,2,2013,True,0.0107467499799474,0.01830601878464222
126,31.01.2013,2,2013,True,0.0107397197760086,0.018199380487203598
126,01.02.2013,2,2013,True,0.0107091902538446,0.01825728453695774
126,04.02.2013,2,2013,True,0.0106921616890942,0.017936524003744125
126,05.02.2013,2,2013,True,0.0107482884970342,0.018347380682826042
126,06.02.2013,2,2013,True,0.0107669684813361,0.018311018124222755
126,07.02.2013,2,2013,True,0.0107836733023707,0.01816609688103199
126,08.02.2013,2,2013,True,0.0107101104377653,0.018359752371907234
126,11.02.2013,2,2013,True,0.0107255815691764,0.01821483112871647
126,12.02.2013,2,2013,True,0.010716739284755,0.01821483112871647
126,13.02.2013,2,2013,True,0.0107442842732947,0.01816609688103199
126,14.02.2013,2,2013,True,0.0107464667132603,0.017936524003744125
126,15.02.2013,2,2013,True,0.010747086492271,0.018347380682826042
126,19.02.2013,2,2013,True,0.0107642668437487,0.018359752371907234
126,20.02.2013,2,2013,True,0.0106699500040636,0.017702192068099976
126,21.02.2013,2,2013,True,0.010939565649331,0.018359752371907234
126,22.02.2013,2,2013,True,0.0110672334992401,0.01845456287264824
126,25.02.2013,2,2013,True,0.0111217312444749,0.018359752371907234
126,26.02.2013,2,2013,True,0.0110741423869844,0.01830601878464222
126,27.02.2013,2,2013,True,0.0111273423791435,0.017876112833619118
126,28.02.2013,2,2013,True,0.0111368671714775,0.017936524003744125
126,01.03.2013,2,2013,True,0.0111095882973593,0.0182916559278965
126,04.03.2013,2,2013,True,0.0111238059903458,0.01825728453695774
126,05.03.2013,2,2013,True,0.0112197372292167,0.01830601878464222
126,06.03.2013,2,2013,True,0.011382753046337,0.018347380682826042
126,07.03.2013,2,2013,True,0.0113842735101306,0.017732800915837288
126,08.03.2013,2,2013,True,0.0114167059786266,0.018245507031679153
126,11.03.2013,2,2013,True,0.0114051789948087,0.018320702016353607
126,12.03.2013,2,2013,True,0.0115299479772156,0.01830601878464222
126,13.03.2013,2,2013,True,0.011590393846042,0.018202459439635277
126,14.03.2013,2,2013,True,0.0115729907714766,0.01759294793009758
126,15.03.2013,2,2013,True,0.0116054371000544,0.01830601878464222
126,19.03.2013,2,2013,True,0.0115025171051487,0.017752569168806076
126,20.03.2013,2,2013,True,0.0114577404966416,0.018433166667819023
126,21.03.2013,2,2013,True,0.0114337288681184,0.018359752371907234
126,22.03.2013,2,2013,True,0.0114430464805213,0.018465623259544373
126,25.03.2013,2,2013,True,0.0114374589710701,0.017798997461795807
126,26.03.2013,2,2013,True,0.0114005975028366,0.01768975332379341
126,27.03.2013,2,2013,True,0.0114442600557637,0.018359752371907234
126,28.03.2013,2,2013,True,0.0114419833727775,0.01821483112871647
126,01.04.2013,2,2013,True,0.01141565357704,0.01830601878464222
126,02.04.2013,2,2013,True,0.0114130979502196,0.01759294793009758
126,03.04.2013,2,2013,True,0.0110326502850014,0.018301254138350487
126,04.04.2013,2,2013,True,0.0110507110435521,0.018472371622920036
126,05.04.2013,2,2013,True,0.0110996394798622,0.017936524003744125
126,08.04.2013,2,2013,True,0.0111015557239568,0.0177414920181036
126,09.04.2013,2,2013,True,0.0110282621290634,0.017936524003744125
126,10.04.2013,2,2013,True,0.0110579648274307,0.018282735720276833
126,11.04.2013,2,2013,True,0.010999591141578,0.018320702016353607
126,12.04.2013,2,2013,True,0.0109495861486697,0.01830601878464222
126,15.04.2013,2,2013,True,0.0107325849960955,0.01759294793009758
126,16.04.2013,2,2013,True,0.0107341626555067,0.01783829741179943
126,17.04.2013,2,2013,True,0.0108906413480466,0.017798997461795807
126,18.04.2013,2,2013,True,0.0108535552239011,0.01817886345088482
126,19.04.2013,2,2013,True,0.0108460678903433,0.018347380682826042
126,22.04.2013,2,2013,True,0.0110420524824523,0.01760764792561531
126,23.04.2013,2,2013,True,0.0110550359697271,0.017936524003744125
126,24.04.2013,2,2013,True,0.0110081605898431,0.017936524003744125
126,25.04.2013,2,2013,True,0.0109516402656084,0.018202459439635277
126,26.04.2013,2,2013,True,0.0112237022129593,0.018359752371907234
126,29.04.2013,2,2013,True,0.0112133366033378,0.01815633289515972
126,30.04.2013,2,2013,True,0.0111686709442916,0.018257878720760345
126,01.05.2013,2,2013,True,0.0109566884294848,0.018359752371907234
126,02.05.2013,2,2013,True,0.0107702918313224,0.01845456287264824
126,03.05.2013,2,2013,True,0.0108019829971935,0.018453819677233696
126,06.05.2013,2,2013,True,0.0108018712241113,0.018419776111841202
126,07.05.2013,2,2013,True,0.0107752005325305,0.018419776111841202
126,08.05.2013,2,2013,True,0.0108296388402093,0.01840740442276001
126,09.05.2013,2,2013,True,0.0108906943236442,0.018465623259544373
126,10.05.2013,2,2013,True,0.0108787754181127,0.01830601878464222
126,13.05.2013,2,2013,True,0.0109230753669028,0.01830601878464222
126,14.05.2013,2,2013,True,0.010959156493664,0.018359752371907234
126,15.05.2013,2,2013,True,0.011041420544553,0.018347380682826042
126,16.05.2013,2,2013,True,0.0110660019309858,0.01830601878464222
126,17.05.2013,2,2013,True,0.0110657358552697,0.018209144473075867
126,20.05.2013,2,2013,True,0.0110665764284558,0.018265577033162117
126,21.05.2013,2,2013,True,0.0110699867826625,0.018429946154356003
126,22.05.2013,2,2013,True,0.0110902386590268,0.01760764792561531
126,23.05.2013,2,2013,True,0.0111728786717705,0.018311018124222755
126,24.05.2013,2,2013,True,0.0112062390635474,0.01816609688103199
126,28.05.2013,2,2013,True,0.0111474301573887,0.01821483112871647
126,29.05.2013,2,2013,True,0.0110575648692397,0.017936524003744125
126,30.05.2013,2,2013,True,0.0110632943468242,0.017787978053092957
126,31.05.2013,2,2013,True,0.0110961624918872,0.018202459439635277
126,03.06.2013,2,2013,True,0.0110050326394849,0.018289370462298393
126,04.06.2013,2,2013,True,0.0109632382305524,0.01830601878464222
126,05.06.2013,2,2013,True,0.0109967562176848,0.017702192068099976
126,06.06.2013,2,2013,True,0.0109876654371687,0.01830601878464222
126,07.06.2013,2,2013,True,0.0110369146643118,0.018311018124222755
126,10.06.2013,2,2013,True,0.0110228453410319,0.017936524003744125
126,11.06.2013,2,2013,True,0.0109868322439333,0.01816609688103199
126,12.06.2013,2,2013,True,0.0110383529930052,0.018265577033162117
126,13.06.2013,2,2013,True,0.011024053625497,0.018311018124222755
126,14.06.2013,2,2013,True,0.0110263016560406,0.018311018124222755
126,18.06.2013,2,2013,True,0.0109335735211533,0.018347380682826042
126,19.06.2013,2,2013,True,0.0109341438485911,0.017936524003744125
126,20.06.2013,2,2013,True,0.0104050991135432,0.017876112833619118
126,21.06.2013,2,2013,True,0.0103482059777734,0.018477536737918854
126,24.06.2013,2,2013,True,0.0106510899620658,0.018419776111841202
126,25.06.2013,2,2013,True,0.0106797553202678,0.018317902460694313
126,26.06.2013,2,2013,True,0.0106764358361713,0.018311018124222755
126,27.06.2013,2,2013,True,0.0106422366502706,0.018093878403306007
126,28.06.2013,2,2013,True,0.0106267065939205,0.01830601878464222
126,01.07.2013,2,2013,True,0.0106241994324245,0.01830601878464222
126,02.07.2013,2,2013,True,0.0106137551618417,0.01830601878464222
126,03.07.2013,2,2013,True,0.0105179915540702,0.017702192068099976
126,05.07.2013,2,2013,True,0.01039315088756,0.017838355153799057
126,08.07.2013,2,2013,True,0.0104092799501496,0.018442191183567047
126,09.07.2013,2,2013,True,0.0104044284466601,0.018257318064570427
126,10.07.2013,2,2013,True,0.010387927090015,0.01816609688103199
126,11.07.2013,2,2013,True,0.0104169589979708,0.018359752371907234
126,12.07.2013,2,2013,True,0.0103941036724703,0.018311018124222755
126,15.07.2013,2,2013,True,0.0103945609024203,0.018359752371907234
126,16.07.2013,2,2013,True,0.0104371782208867,0.017951223999261856
126,17.07.2013,2,2013,True,0.0104553772034162,0.01768975332379341
126,19.07.2013,2,2013,True,0.0104087691708499,0.017873920500278473
126,22.07.2013,2,2013,True,0.0104088910139405,0.018311018124222755
126,23.07.2013,2,2013,True,0.0104855308099092,0.018359752371907234
126,24.07.2013,2,2013,True,0.0104408760570217,0.018359752371907234
126,25.07.2013,2,2013,True,0.0104355783212737,0.01830601878464222
126,26.07.2013,2,2013,True,0.0104361650781525,0.01830601878464222
126,29.07.2013,2,2013,True,0.0104634647405883,0.018301254138350487
126,30.07.2013,2,2013,True,0.0106349049894655,0.01821483112871647
126,31.07.2013,2,2013,True,0.0106440187212226,0.018320702016353607
126,01.08.2013,2,2013,True,0.0105357394795243,0.01830601878464222
126,02.08.2013,2,2013,True,0.0105252294936441,0.0183918047696352
126,05.08.2013,2,2013,True,0.0105233456294285,0.01830601878464222
126,06.08.2013,2,2013,True,0.0105145242069877,0.018347380682826042
126,07.08.2013,2,2013,True,0.0105899608257879,0.01830601878464222
126,08.08.2013,2,2013,True,0.0105707851543791,0.017936524003744125
126,09.08.2013,2,2013,True,0.0105018261404646,0.018320702016353607
126,12.08.2013,2,2013,True,0.0105031931652152,0.018311018124222755
126,13.08.2013,2,2013,True,0.0105209957124609,0.018347380682826042
126,14.08.2013,2,2013,True,0.0105163700806962,0.018359752371907234
126,15.08.2013,2,2013,True,0.0104995910102662,0.01830601878464222
126,16.08.2013,2,2013,True,0.0104999226441065,0.018347380682826042
126,20.08.2013,2,2013,True,0.010610301271258,0.01830601878464222
126,21.08.2013,2,2013,True,0.0107183226117886,0.01815633289515972
126,22.08.2013,2,2013,True,0.0107918818379734,0.01830601878464222
126,23.08.2013,2,2013,True,0.01075504427637,0.01830601878464222
126,26.08.2013,2,2013,True,0.0107790710733413,0.01821483112871647
126,27.08.2013,2,2013,True,0.0104044447729961,0.018275341019034386
126,28.08.2013,2,2013,True,0.0102588019193923,0.01816846989095211
126,29.08.2013,2,2013,True,0.0102101793767201,0.018099768087267876
126,30.08.2013,2,2013,True,0.0101857044227695,0.017936524003744125
126,03.09.2013,2,2013,True,0.0101481041148154,0.017932705581188202
126,04.09.2013,2,2013,True,0.0101329548576242,0.017698373645544052
126,05.09.2013,2,2013,True,0.0102251194823019,0.01830601878464222
126,06.09.2013,2,2013,True,0.0102255455512989,0.018245507031679153
126,09.09.2013,2,2013,True,0.010079448980109,0.017951223999261856
126,10.09.2013,2,2013,True,0.0099030242549928,0.018472619354724884
126,11.09.2013,2,2013,True,0.0099005490781742,0.01845456287264824
126,12.09.2013,2,2013,True,0.0098579827197693,0.017702192068099976
126,13.09.2013,2,2013,True,0.0098570009835289,0.018311018124222755
126,18.09.2013,2,2013,True,0.0097308383258476,0.01816609688103199
126,19.09.2013,2,2013,True,0.0096184947550126,0.018508296459913254
126,20.09.2013,2,2013,True,0.0096140534525956,0.018343070521950722
126,23.09.2013,2,2013,True,0.0097397948910105,0.018363749608397484
126,24.09.2013,2,2013,True,0.0097548904119568,0.017936524003744125
126,25.09.2013,2,2013,True,0.0098221762839313,0.017936524003744125
126,26.09.2013,2,2013,True,0.0098061790258143,0.017936524003744125
126,27.09.2013,2,2013,True,0.0098233529289338,0.017936524003744125
126,30.09.2013,2,2013,True,0.0099446619441968,0.017936524003744125
126,01.10.2013,2,2013,True,0.0099417620477105,0.017779307439923286
126,02.10.2013,2,2013,True,0.0098968835435804,0.017951223999261856
126,03.10.2013,2,2013,True,0.009896303291695,0.01825728453695774
126,04.10.2013,2,2013,True,0.0099939092969324,0.01830601878464222
126,07.10.2013,2,2013,True,0.0099957757107483,0.01816609688103199
126,08.10.2013,2,2013,True,0.0099880086921582,0.018324075266718864
126,09.10.2013,2,2013,True,0.0099659899478988,0.01816609688103199
126,10.10.2013,2,2013,True,0.0097209045963768,0.018465623259544373
126,11.10.2013,2,2013,True,0.0097276200247279,0.01840582862496376
126,14.10.2013,2,2013,True,0.0097266670551586,0.01825728453695774
126,15.10.2013,2,2013,True,0.0097391861968827,0.018347380682826042
126,16.10.2013,2,2013,True,0.0097305978483725,0.01816609688103199
126,17.10.2013,2,2013,True,0.0098021195746493,0.018293647095561028
126,21.10.2013,2,2013,True,0.0097704283148933,0.01825728453695774
126,22.10.2013,2,2013,True,0.0097946179339633,0.017936524003744125
126,23.10.2013,2,2013,True,0.0096354666280415,0.01830601878464222
126,24.10.2013,2,2013,True,0.0096355647728639,0.018459562212228775
126,25.10.2013,2,2013,True,0.0096628044499886,0.01825728453695774
126,28.10.2013,2,2013,True,0.0094200881526069,0.01830601878464222
126,29.10.2013,2,2013,True,0.009450885054591,0.018508296459913254
126,30.10.2013,2,2013,True,0.0094248922125789,0.01830601878464222
126,31.10.2013,2,2013,True,0.0093893976809128,0.018301254138350487
126,01.11.2013,2,2013,True,0.0090751566276377,0.01830601878464222
126,04.11.2013,2,2013,True,0.0090959334951002,0.018436044454574585
126,05.11.2013,2,2013,True,0.0090926931199881,0.01830601878464222
126,06.11.2013,2,2013,True,0.0090936138296728,0.01830601878464222
126,07.11.2013,2,2013,True,0.0089579418246108,0.018311018124222755
126,08.11.2013,2,2013,True,0.0088948017955875,0.0183918047696352
126,11.11.2013,2,2013,True,0.0088348615017696,0.017936524003744125
126,12.11.2013,2,2013,True,0.0088449022824869,0.018202459439635277
126,13.11.2013,2,2013,True,0.0087812457685381,0.017737869173288345
126,14.11.2013,2,2013,True,0.0087051331222046,0.01830601878464222
126,15.11.2013,2,2013,True,0.0087158951068991,0.018320702016353607
126,19.11.2013,2,2013,True,0.0086099364924776,0.01759294793009758
126,20.11.2013,2,2013,True,0.008560010910125,0.018202459439635277
126,21.11.2013,2,2013,True,0.0084116150157852,0.018301254138350487
126,22.11.2013,2,2013,True,0.0083870143631597,0.01840582862496376
126,25.11.2013,2,2013,True,0.0083869759649723,0.018257318064570427
126,26.11.2013,2,2013,True,0.0083931000800571,0.017936524003744125
126,27.11.2013,2,2013,True,0.0083920588839845,0.017936524003744125
126,29.11.2013,2,2013,True,0.0082919324239659,0.018293647095561028
126,02.12.2013,2,2013,True,0.0082461883699118,0.018311018124222755
126,03.12.2013,2,2013,True,0.0081997194131769,0.01830601878464222
126,04.12.2013,2,2013,True,0.0081878440505985,0.018359752371907234
126,05.12.2013,2,2013,True,0.0085196406651844,0.01768975332379341
126,06.12.2013,2,2013,True,0.008510445615678,0.01830601878464222
126,09.12.2013,2,2013,True,0.0083163688436568,0.01830601878464222
126,10.12.2013,2,2013,True,0.0083177711248275,0.018352128565311432
126,11.12.2013,2,2013,True,0.0083367494399589,0.01830601878464222
126,12.12.2013,2,2013,True,0.0083112528122774,0.018247520551085472
126,13.12.2013,2,2013,True,0.008314028415767,0.01830601878464222
126,16.12.2013,2,2013,True,0.0082303500979988,0.01830601878464222
126,17.12.2013,2,2013,True,0.0082335771062795,0.01825728453695774
126,19.12.2013,2,2013,True,0.0082416600701463,0.018311703577637672
126,20.12.2013,2,2013,True,0.0081822630454137,0.01830601878464222
126,23.12.2013,2,2013,True,0.0081805491156704,0.017702192068099976
126,24.12.2013,2,2013,True,0.00821076791293,0.01830601878464222
126,26.12.2013,2,2013,True,0.0082107437995654,0.018311018124222755
126,27.12.2013,2,2013,True,0.0082518440156145,0.01821483112871647
126,30.12.2013,2,2013,True,0.0082177346182512,0.017794007435441017
126,31.12.2013,2,2013,True,0.0082339689277104,0.018411889672279358
5,02.01.2014,3,2014,True,0.0055900519581994,0.013897060416638851
5,03.01.2014,3,2014,True,0.0061744660061707,0.012713313102722168
5,06.01.2014,3,2014,True,0.0066019372410342,0.010397898964583874
5,07.01.2014,3,2014,True,0.0058325064259333,0.011290276423096657
5,08.01.2014,3,2014,True,0.0070137663003642,0.011324413120746613
5,09.01.2014,3,2014,True,0.0058661860265603,0.01139130536466837
5,10.01.2014,3,2014,True,0.0044967058272868,0.009426836855709553
5,13.01.2014,3,2014,True,0.0060415852778053,0.009996503591537476
5,14.01.2014,3,2014,True,0.0069047066427392,0.010383962653577328
5,15.01.2014,3,2014,True,0.0064307942384515,0.009156705811619759
5,16.01.2014,3,2014,True,0.0085913809815078,0.01159610878676176
5,17.01.2014,3,2014,True,0.0092341232725789,0.009270893409848213
5,22.01.2014,3,2014,True,0.0075925901278188,0.011008027009665966
5,23.01.2014,3,2014,True,0.0069144416894773,0.009793341159820557
5,24.01.2014,3,2014,True,0.0094451227738855,0.012324531562626362
5,27.01.2014,3,2014,True,0.008306486406899,0.010230187326669693
5,28.01.2014,3,2014,True,0.0070263982697371,0.011307042092084885
5,29.01.2014,3,2014,True,0.0071153361765939,0.011551138013601303
5,30.01.2014,3,2014,True,0.0088590873259901,0.00979930255562067
5,31.01.2014,3,2014,True,0.0103034277763868,0.01240842230618
5,03.02.2014,3,2014,True,0.0116544779603729,0.009343351237475872
5,04.02.2014,3,2014,True,0.0112655959219237,0.009390120394527912
5,05.02.2014,3,2014,True,0.0114422429937858,0.010170131921768188
5,06.02.2014,3,2014,True,0.0113726395738286,0.010989916510879993
5,07.02.2014,3,2014,True,0.0039978187038731,0.009394781664013863
5,10.02.2014,3,2014,True,0.0070208646409281,0.008502738550305367
5,11.02.2014,3,2014,True,0.0072795728879118,0.017345290631055832
5,12.02.2014,3,2014,True,0.007947324610839,0.011439659632742405
5,13.02.2014,3,2014,True,0.0080907459697827,0.010983523912727833
5,14.02.2014,3,2014,True,0.010218328003247,0.010619793087244034
5,19.02.2014,3,2014,True,0.0063425299820654,0.009484230540692806
5,20.02.2014,3,2014,True,0.006516445091446,0.01068914495408535
5,21.02.2014,3,2014,True,0.0065933011259634,0.00980378594249487
5,24.02.2014,3,2014,True,0.0111987548039301,0.008322575129568577
5,25.02.2014,3,2014,True,0.013206355155197,0.01171966828405857
5,26.02.2014,3,2014,True,0.0145535251166977,0.009622076526284218
5,27.02.2014,3,2014,True,0.0147546457478029,0.008392585441470146
5,28.02.2014,3,2014,True,0.0154191404126675,0.013495895080268383
5,03.03.2014,3,2014,True,0.0110328425943345,0.012441068887710571
5,04.03.2014,3,2014,True,0.0095027853208556,0.01107700727880001
5,05.03.2014,3,2014,True,0.006930666848392,0.030421191826462746
5,06.03.2014,3,2014,True,0.0072267584578108,0.02599431201815605
5,07.03.2014,3,2014,True,0.0081416057740489,0.011594106443226337
5,10.03.2014,3,2014,True,0.006944263922946,0.011783181689679623
5,11.03.2014,3,2014,True,0.0098543848190951,0.011014808900654316
5,12.03.2014,3,2014,True,0.010170126624699,0.010642888955771923
5,13.03.2014,3,2014,True,0.0109357947741829,0.009712209925055504
5,14.03.2014,3,2014,True,0.0093127062117453,0.009306634776294231
5,17.03.2014,3,2014,True,0.0092623315149463,0.008289734832942486
5,18.03.2014,3,2014,True,0.0057602385916531,0.006863349117338657
5,19.03.2014,3,2014,True,0.0027754187777422,0.013131947256624699
5,20.03.2014,3,2014,True,0.0033806682519872,0.008896482177078724
5,21.03.2014,3,2014,True,0.003222616593264,0.00881542731076479
5,24.03.2014,3,2014,True,0.0037397118047829,0.012179814279079437
5,25.03.2014,3,2014,True,0.0104633343791102,0.008849941194057465
5,26.03.2014,3,2014,True,0.0105329874045871,0.009044891223311424
5,27.03.2014,3,2014,True,0.0121937903127827,0.01188143901526928
5,28.03.2014,3,2014,True,0.0126115307156822,0.011979981325566769
5,31.03.2014,3,2014,True,0.012896430065583,0.012367856688797474
5,01.04.2014,3,2014,True,0.011783438756988,0.01117266807705164
5,02.04.2014,3,2014,True,0.009943273838881,0.009784854017198086
5,03.04.2014,3,2014,True,0.0100282770298767,0.0110553577542305
5,04.04.2014,3,2014,True,0.0099830054063883,0.01170699205249548
5,07.04.2014,3,2014,True,0.0101120826237681,0.015167120844125748
5,08.04.2014,3,2014,True,0.0083856911234337,0.010643665678799152
5,09.04.2014,3,2014,True,0.0083879092777913,0.010326201096177101
5,10.04.2014,3,2014,True,0.0077698293995801,0.010163488797843456
5,11.04.2014,3,2014,True,0.0072653390290552,0.009928069077432156
5,14.04.2014,3,2014,True,0.005164003765812,0.008618433028459549
5,15.04.2014,3,2014,True,0.0049496547439807,0.009776396676898003
5,16.04.2014,3,2014,True,0.006794074399427,0.008652180433273315
5,17.04.2014,3,2014,True,0.0075067687604036,0.009302952326834202
5,21.04.2014,3,2014,True,0.009142930753685,0.009586242958903313
5,22.04.2014,3,2014,True,0.0101683513990107,0.012896370142698288
5,23.04.2014,3,2014,True,0.0107797712246596,0.00935756042599678
5,24.04.2014,3,2014,True,0.0080104402590735,0.012891874648630619
5,25.04.2014,3,2014,True,0.0095347117365345,0.009518490172922611
5,28.04.2014,3,2014,True,0.008095712578905,0.008562459610402584
5,29.04.2014,3,2014,True,0.0066468575787859,0.009419203735888004
5,30.04.2014,3,2014,True,0.0081920341802138,0.010678383521735668
5,01.05.2014,3,2014,True,0.0080559592878034,0.011637086048722267
5,02.05.2014,3,2014,True,0.0069934869387945,0.011334901675581932
5,05.05.2014,3,2014,True,0.0062100486128275,0.009562867693603039
5,06.05.2014,3,2014,True,0.0050384179160193,0.011948274448513985
5,07.05.2014,3,2014,True,0.0046812928538155,0.01052223239094019
5,08.05.2014,3,2014,True,0.0040861688988735,0.009240275248885155
5,09.05.2014,3,2014,True,0.0036735385493243,0.00921634491533041
5,12.05.2014,3,2014,True,0.0073153934594985,0.009171376936137676
5,13.05.2014,3,2014,True,0.0066443808912067,0.010423919185996056
5,14.05.2014,3,2014,True,0.0064003601466923,0.010411295108497143
5,15.05.2014,3,2014,True,0.0063973513817914,0.010920649394392967
5,16.05.2014,3,2014,True,0.0064458627517259,0.012112761847674847
5,19.05.2014,3,2014,True,0.004752736339705,0.011173080652952194
5,20.05.2014,3,2014,True,0.0048023911857553,0.010241358540952206
5,21.05.2014,3,2014,True,0.0026497754458306,0.008781199343502522
5,22.05.2014,3,2014,True,0.0032317051895306,0.010476397350430489
5,23.05.2014,3,2014,True,0.0029029497495353,0.011754385195672512
5,27.05.2014,3,2014,True,0.0030016593654185,0.009765544906258583
5,28.05.2014,3,2014,True,0.0030820177409741,0.013804430142045021
5,29.05.2014,3,2014,True,0.0038372890734606,0.00994188617914915
5,30.05.2014,3,2014,True,0.0034670816606601,0.0132385129109025
5,02.06.2014,3,2014,True,0.0064717554174717,0.012958139181137085
5,03.06.2014,3,2014,True,0.0070732471945175,0.011214164085686207
5,04.06.2014,3,2014,True,0.0064890827340707,0.009563463740050793
5,05.06.2014,3,2014,True,0.0128766918507161,0.013300159946084023
5,06.06.2014,3,2014,True,0.0121380564079481,0.014363586902618408
5,09.06.2014,3,2014,True,0.0126414779196166,0.01261665765196085
5,10.06.2014,3,2014,True,0.011661569569147,0.010661189444363117
5,11.06.2014,3,2014,True,0.0115338392514247,0.01267613098025322
5,12.06.2014,3,2014,True,0.0036772538825514,0.008889729157090187
5,13.06.2014,3,2014,True,0.0044958453507235,0.013172153383493423
5,16.06.2014,3,2014,True,0.0057433311703373,0.011290586553514004
5,17.06.2014,3,2014,True,0.0057771453520422,0.010884243994951248
5,18.06.2014,3,2014,True,0.0053333130936398,0.014300970360636711
5,19.06.2014,3,2014,True,0.0039352311526214,0.00892755575478077
5,20.06.2014,3,2014,True,0.0043398165408209,0.012784361839294434
5,23.06.2014,3,2014,True,0.0048772378642072,0.010699677281081676
5,24.06.2014,3,2014,True,0.0039284241650493,0.011395223438739777
5,25.06.2014,3,2014,True,0.0046614325143613,0.009737973101437092
5,26.06.2014,3,2014,True,0.0046266926786487,0.00916537456214428
5,27.06.2014,3,2014,True,0.0038729976416478,0.012712569907307625
5,30.06.2014,3,2014,True,0.0047471691745763,0.009421858005225658
5,01.07.2014,3,2014,True,0.0036504492405609,0.0110221728682518
5,02.07.2014,3,2014,True,0.0057699448850144,0.010016103275120258
5,03.07.2014,3,2014,True,0.008188101668796,0.01110987551510334
5,07.07.2014,3,2014,True,0.0095901431788181,0.011839151382446289
5,08.07.2014,3,2014,True,0.009233062944795,0.011117683723568916
5,09.07.2014,3,2014,True,0.0093707934985611,0.011022036895155907
5,10.07.2014,3,2014,True,0.0088724424406735,0.013462004251778126
5,11.07.2014,3,2014,True,0.0076188192384605,0.009828615933656693
5,14.07.2014,3,2014,True,0.0077031125043948,0.010018737055361271
5,15.07.2014,3,2014,True,0.0060216298203714,0.009908926673233509
5,16.07.2014,3,2014,True,0.0057395346678643,0.01043135765939951
5,17.07.2014,3,2014,True,0.0082426246193025,0.007805293425917625
5,18.07.2014,3,2014,True,0.0083168708381077,0.007714670151472092
5,21.07.2014,3,2014,True,0.0092213232834711,0.02271116152405739
5,22.07.2014,3,2014,True,0.0090698891378043,0.018084516748785973
5,23.07.2014,3,2014,True,0.0097066113867351,0.017381848767399788
5,24.07.2014,3,2014,True,0.0092086076899734,0.020809417590498924
5,25.07.2014,3,2014,True,0.0052907280520335,0.00935220718383789
5,28.07.2014,3,2014,True,0.0074698126605499,0.009391827508807182
5,29.07.2014,3,2014,True,0.0068907191997867,0.008307536132633686
5,30.07.2014,3,2014,True,0.0064773943135969,0.007243001367896795
5,31.07.2014,3,2014,True,0.0082499003521869,0.022540871053934097
5,01.08.2014,3,2014,True,0.0064871902041711,0.009083311073482037
5,04.08.2014,3,2014,True,0.0059240803336235,0.010165718384087086
5,05.08.2014,3,2014,True,0.0086689255396813,0.00907838810235262
5,06.08.2014,3,2014,True,0.0111074097481983,0.010333744809031487
5,07.08.2014,3,2014,True,0.0131850925196184,0.008905538357794285
5,08.08.2014,3,2014,True,0.0134396961762554,0.012935117818415165
5,11.08.2014,3,2014,True,0.0134301557485216,0.018906673416495323
5,12.08.2014,3,2014,True,0.0122856083835995,0.01740107499063015
5,13.08.2014,3,2014,True,0.0108583226598731,0.009448445402085781
5,14.08.2014,3,2014,True,0.0040792191101847,0.008251132443547249
5,15.08.2014,3,2014,True,0.0045373846128707,0.011540979146957397
5,18.08.2014,3,2014,True,0.0039982035813722,0.008421829901635647
5,19.08.2014,3,2014,True,0.0041860558915532,0.011166662909090519
5,20.08.2014,3,2014,True,0.003085207891312,0.016239799559116364
5,21.08.2014,3,2014,True,0.0029984602366252,0.008864068426191807
5,22.08.2014,3,2014,True,0.0038909066781316,0.008497228845953941
5,25.08.2014,3,2014,True,0.0136416277184844,0.010821884498000145
5,26.08.2014,3,2014,True,0.0188219570518644,0.009794393554329872
5,27.08.2014,3,2014,True,0.0192557646084014,0.009847019799053669
5,28.08.2014,3,2014,True,0.0196159966341817,0.00985308364033699
5,29.08.2014,3,2014,True,0.0187480217344944,0.01071326807141304
5,02.09.2014,3,2014,True,0.0147928453014539,0.010311572812497616
5,03.09.2014,3,2014,True,0.0019819736647756,0.0322304330766201
5,04.09.2014,3,2014,True,0.0048450267299621,0.012875507585704327
5,05.09.2014,3,2014,True,0.004841368489835,0.025133583694696426
5,08.09.2014,3,2014,True,0.0049786443976779,0.008935114368796349
5,09.09.2014,3,2014,True,0.0054077041497786,0.009453879669308662
5,10.09.2014,3,2014,True,0.0130023199404608,0.013086794875562191
5,11.09.2014,3,2014,True,0.0146431911443733,0.014777238480746746
5,12.09.2014,3,2014,True,0.0139387358984514,0.01107048336416483
5,15.09.2014,3,2014,True,0.0157960210985471,0.009518119506537914
5,16.09.2014,3,2014,True,0.0158169093487189,0.012152929790318012
5,17.09.2014,3,2014,True,0.0092900596442013,0.007780165411531925
5,18.09.2014,3,2014,True,0.0079591257359478,0.012165544554591179
5,19.09.2014,3,2014,True,0.0065900474453067,0.011327396146953106
5,22.09.2014,3,2014,True,0.0012231246184106,0.01006901916116476
5,23.09.2014,3,2014,True,0.0122216663726763,0.009969433769583702
5,24.09.2014,3,2014,True,0.0118186641715144,0.01059330627322197
5,25.09.2014,3,2014,True,0.0112738793413094,0.01034911535680294
5,26.09.2014,3,2014,True,0.0105226078139723,0.010897444561123848
5,29.09.2014,3,2014,True,0.011462820648482,0.007524831686168909
5,30.09.2014,3,2014,True,0.0064226910275539,0.015209457837045193
5,01.10.2014,3,2014,True,0.0065156159019231,0.012809199281036854
5,02.10.2014,3,2014,True,0.0076186617493575,0.008923701010644436
5,03.10.2014,3,2014,True,0.0080079921228499,0.010252386331558228
5,06.10.2014,3,2014,True,0.0067833480646212,0.009612725116312504
5,07.10.2014,3,2014,True,0.0172021887552399,0.010511656291782856
5,08.10.2014,3,2014,True,0.0166642439336965,0.011636984534561634
5,09.10.2014,3,2014,True,0.0203265594661195,0.009149296209216118
5,10.10.2014,3,2014,True,0.0201606361226623,0.011592922732234001
5,13.10.2014,3,2014,True,0.0225438816494519,0.01413716096431017
5,14.10.2014,3,2014,True,0.0105660936639458,0.013102860189974308
5,15.10.2014,3,2014,True,0.0117209703425688,0.015791259706020355
5,16.10.2014,3,2014,True,0.0155383870894815,0.01775217056274414
5,17.10.2014,3,2014,True,0.0166810255409262,0.015191123820841312
5,20.10.2014,3,2014,True,0.0164859922826585,0.011385633610188961
5,21.10.2014,3,2014,True,0.0158534071677988,0.011482507921755314
5,22.10.2014,3,2014,True,0.0131837510708843,0.01089025940746069
5,23.10.2014,3,2014,True,0.009157034617998,0.015340214595198631
5,24.10.2014,3,2014,True,0.0086126643515513,0.015269693918526173
5,27.10.2014,3,2014,True,0.0102034656198302,0.013712975196540356
5,28.10.2014,3,2014,True,0.0132213936003756,0.02072981558740139
5,29.10.2014,3,2014,True,0.0093703314846997,0.016559794545173645
5,30.10.2014,3,2014,True,0.010133662106054,0.008903305046260357
5,31.10.2014,3,2014,True,0.0120541981227348,0.017071114853024483
5,03.11.2014,3,2014,True,0.0120560383685315,0.01736478880047798
5,04.11.2014,3,2014,True,0.0076240550925422,0.017299188300967216
5,05.11.2014,3,2014,True,0.0090074069953794,0.017360080033540726
5,06.11.2014,3,2014,True,0.0135267172457045,0.011499503627419472
5,07.11.2014,3,2014,True,0.0108149088919137,0.01764368638396263
5,10.11.2014,3,2014,True,0.0187773609829932,0.011646132916212082
5,11.11.2014,3,2014,True,0.0188321268752651,0.01420361828058958
5,12.11.2014,3,2014,True,0.018312333493432,0.01715361326932907
5,13.11.2014,3,2014,True,0.0134228684592254,0.015518886968493462
5,14.11.2014,3,2014,True,0.0134753731226207,0.01655828021466732
5,17.11.2014,3,2014,True,0.0123914591691394,0.016339922323822975
5,18.11.2014,3,2014,True,0.0141112512525083,0.01434822753071785
5,19.11.2014,3,2014,True,0.0143702030896402,0.013162200339138508
5,20.11.2014,3,2014,True,0.0451158473517674,0.01616930216550827
5,21.11.2014,3,2014,True,0.0500657725584232,0.013118315488100052
5,24.11.2014,3,2014,True,0.0496565896538458,0.01617751456797123
5,25.11.2014,3,2014,True,0.0500947691016574,0.01667460799217224
5,26.11.2014,3,2014,True,0.0503781313437315,0.01392577774822712
5,28.11.2014,3,2014,True,0.022458328193281,0.016528205946087837
5,01.12.2014,3,2014,True,0.0164226360876594,0.014764741994440556
5,02.12.2014,3,2014,True,0.0193035233965902,0.01962212286889553
5,03.12.2014,3,2014,True,0.0230846638173571,0.022073104977607727
5,04.12.2014,3,2014,True,0.0225107064555626,0.018190797418355942
5,05.12.2014,3,2014,True,0.0222065292388306,0.019957445561885834
5,08.12.2014,3,2014,True,0.0191060877104642,0.014573260210454464
5,09.12.2014,3,2014,True,0.0125232750584158,0.017848381772637367
5,10.12.2014,3,2014,True,0.0107377879619474,0.017678845673799515
5,11.12.2014,3,2014,True,0.0107189301078239,0.02177949994802475
5,12.12.2014,3,2014,True,0.021514479068117,0.018959788605570793
5,15.12.2014,3,2014,True,0.0228354779760604,0.02359565533697605
5,16.12.2014,3,2014,True,0.0236265863670592,0.016697965562343597
5,17.12.2014,3,2014,True,0.0272406243322852,0.015268754214048386
5,18.12.2014,3,2014,True,0.0277133978529759,0.018715310841798782
5,19.12.2014,3,2014,True,0.0216632568233808,0.021877363324165344
5,22.12.2014,3,2014,True,0.0214997618814836,0.023573948070406914
5,23.12.2014,3,2014,True,0.0109519862572387,0.026037340983748436
5,24.12.2014,3,2014,True,0.0098257771186882,0.027965880930423737
5,26.12.2014,3,2014,True,0.0233564557063315,0.021984901279211044
5,29.12.2014,3,2014,True,0.024460690807252,0.023167576640844345
5,30.12.2014,3,2014,True,0.0246251020420348,0.02358919009566307
5,31.12.2014,3,2014,True,0.0256902033771827,0.02672475576400757
22,02.01.2014,3,2014,True,0.0065568620036706,0.011177416890859604
22,03.01.2014,3,2014,True,0.0066210523638085,0.011319991201162338
22,06.01.2014,3,2014,True,0.008075947299425,0.0106143644079566
22,07.01.2014,3,2014,True,0.0082672261140659,0.011045864783227444
22,08.01.2014,3,2014,True,0.0082498802184712,0.011752582155168056
22,09.01.2014,3,2014,True,0.0080656338386238,0.011459567584097385
22,10.01.2014,3,2014,True,0.0079153608093475,0.010879158042371273
22,13.01.2014,3,2014,True,0.0078287047154497,0.011069627478718758
22,14.01.2014,3,2014,True,0.0083912766447381,0.0115744573995471
22,15.01.2014,3,2014,True,0.0083344689095706,0.011631036177277565
22,16.01.2014,3,2014,True,0.0084078334105866,0.011123822070658207
22,17.01.2014,3,2014,True,0.0084966419277095,0.011097879149019718
22,22.01.2014,3,2014,True,0.0085590743623757,0.010914165526628494
22,23.01.2014,3,2014,True,0.0084202768854638,0.010800681076943874
22,24.01.2014,3,2014,True,0.0085005760830876,0.011079614982008934
22,27.01.2014,3,2014,True,0.0081000481439766,0.010481045581400394
22,28.01.2014,3,2014,True,0.0089285772509495,0.010953067801892757
22,29.01.2014,3,2014,True,0.0097613363466947,0.011052723042666912
22,30.01.2014,3,2014,True,0.0102572090606397,0.010894590988755226
22,31.01.2014,3,2014,True,0.0097563064755905,0.011041971854865551
22,03.02.2014,3,2014,True,0.0098394727942485,0.010968261398375034
22,04.02.2014,3,2014,True,0.0100293874322698,0.01068169716745615
22,05.02.2014,3,2014,True,0.0100278628375949,0.010876365937292576
22,06.02.2014,3,2014,True,0.0099432552211107,0.011078830808401108
22,07.02.2014,3,2014,True,0.0087628179429944,0.010733271948993206
22,10.02.2014,3,2014,True,0.0089337698067431,0.01115665677934885
22,11.02.2014,3,2014,True,0.0089332445815123,0.011506401933729649
22,12.02.2014,3,2014,True,0.0095704668955618,0.011263672262430191
22,13.02.2014,3,2014,True,0.0097204454915896,0.011397000402212143
22,14.02.2014,3,2014,True,0.0098283353463574,0.011332846246659756
22,19.02.2014,3,2014,True,0.0091750012250345,0.010921048000454903
22,20.02.2014,3,2014,True,0.0091755005482708,0.010976921766996384
22,21.02.2014,3,2014,True,0.009179337572157,0.010746657848358154
22,24.02.2014,3,2014,True,0.0089970068725867,0.010824639350175858
22,25.02.2014,3,2014,True,0.0089684407424282,0.010822120122611523
22,26.02.2014,3,2014,True,0.00898892367853,0.010637442581355572
22,27.02.2014,3,2014,True,0.008947700679153,0.010733306407928467
22,28.02.2014,3,2014,True,0.0098591014421589,0.011016828939318657
22,03.03.2014,3,2014,True,0.008772682721749,0.010938488878309727
22,04.03.2014,3,2014,True,0.0087472050640726,0.01089489832520485
22,05.03.2014,3,2014,True,0.0083629268522491,0.010978211648762226
22,06.03.2014,3,2014,True,0.0084912571019182,0.010895093902945518
22,07.03.2014,3,2014,True,0.0091536364845456,0.010977384634315968
22,10.03.2014,3,2014,True,0.009004768430054,0.011298734694719315
22,11.03.2014,3,2014,True,0.0090044618582433,0.011291088536381721
22,12.03.2014,3,2014,True,0.0089521442838571,0.010786672122776508
22,13.03.2014,3,2014,True,0.0095075858139794,0.010824639350175858
22,14.03.2014,3,2014,True,0.0092553171120433,0.010933109559118748
22,17.03.2014,3,2014,True,0.0092555204344099,0.010479605756700039
22,18.03.2014,3,2014,True,0.0085927813755585,0.010523001663386822
22,19.03.2014,3,2014,True,0.0083110953105991,0.010815491899847984
22,20.03.2014,3,2014,True,0.0084280422424451,0.010618343017995358
22,21.03.2014,3,2014,True,0.0084142633400663,0.010490493848919868
22,24.03.2014,3,2014,True,0.0086747440802374,0.010828754864633083
22,25.03.2014,3,2014,True,0.0088526219634409,0.010810298845171928
22,26.03.2014,3,2014,True,0.0093779370231135,0.010660812258720398
22,27.03.2014,3,2014,True,0.0093953516228666,0.010632814839482307
22,28.03.2014,3,2014,True,0.0095723071160209,0.010645832866430283
22,31.03.2014,3,2014,True,0.0095723071160209,0.01070251315832138
22,01.04.2014,3,2014,True,0.008579517123622,0.01074626762419939
22,02.04.2014,3,2014,True,0.0085874277602742,0.010874112136662006
22,03.04.2014,3,2014,True,0.0083134212324847,0.011240941472351551
22,04.04.2014,3,2014,True,0.0084995014241515,0.011450424790382385
22,07.04.2014,3,2014,True,0.0082643169730658,0.0116850845515728
22,08.04.2014,3,2014,True,0.0074169475572432,0.011165067553520203
22,09.04.2014,3,2014,True,0.0074627880862937,0.011051801033318043
22,10.04.2014,3,2014,True,0.0075368089971451,0.01071118377149105
22,11.04.2014,3,2014,True,0.0077065744515487,0.011173306964337826
22,14.04.2014,3,2014,True,0.0069627797315616,0.010889939032495022
22,15.04.2014,3,2014,True,0.0069190391895356,0.010842284187674522
22,16.04.2014,3,2014,True,0.0072564081813949,0.01065697893500328
22,17.04.2014,3,2014,True,0.0071405182277415,0.010741251520812511
22,21.04.2014,3,2014,True,0.0072893318653782,0.010765829123556614
22,22.04.2014,3,2014,True,0.0071619394337549,0.011077092960476875
22,23.04.2014,3,2014,True,0.0071528932762188,0.010908248834311962
22,24.04.2014,3,2014,True,0.0068326343471453,0.010818172246217728
22,25.04.2014,3,2014,True,0.0066821261317587,0.010755819268524647
22,28.04.2014,3,2014,True,0.0059641417109173,0.010943521745502949
22,29.04.2014,3,2014,True,0.0058662263882115,0.01075073704123497
22,30.04.2014,3,2014,True,0.0056865641179246,0.010799236595630646
22,01.05.2014,3,2014,True,0.0056429931220067,0.010554696433246136
22,02.05.2014,3,2014,True,0.005472919356821,0.011331594549119473
22,05.05.2014,3,2014,True,0.0052231168531386,0.010519761592149734
22,06.05.2014,3,2014,True,0.0050375704895865,0.010892464779317379
22,07.05.2014,3,2014,True,0.0052987191754321,0.010751551948487759
22,08.05.2014,3,2014,True,0.0053986649592105,0.010542159900069237
22,09.05.2014,3,2014,True,0.0054232132320691,0.010883879847824574
22,12.05.2014,3,2014,True,0.0078386962106312,0.011468534357845783
22,13.05.2014,3,2014,True,0.0077431482280522,0.011126580648124218
22,14.05.2014,3,2014,True,0.0076134667978356,0.010622314177453518
22,15.05.2014,3,2014,True,0.0076121033239638,0.010723872110247612
22,16.05.2014,3,2014,True,0.0077063817743821,0.01087544858455658
22,19.05.2014,3,2014,True,0.0073702923780684,0.01081504300236702
22,20.05.2014,3,2014,True,0.0074298607463704,0.01084759272634983
22,21.05.2014,3,2014,True,0.00750647462182,0.011190803721547127
22,22.05.2014,3,2014,True,0.0074789026077537,0.010993994772434235
22,23.05.2014,3,2014,True,0.0075765240471228,0.010803934186697006
22,27.05.2014,3,2014,True,0.0076769475144703,0.01156407780945301
22,28.05.2014,3,2014,True,0.0076446847461388,0.010981934145092964
22,29.05.2014,3,2014,True,0.0079223551899575,0.010708848014473915
22,30.05.2014,3,2014,True,0.0078153956857902,0.01074123289436102
22,02.06.2014,3,2014,True,0.0080225230562853,0.010974239557981491
22,03.06.2014,3,2014,True,0.0080479453415093,0.01093428023159504
22,04.06.2014,3,2014,True,0.0081574160525393,0.01076207309961319
22,05.06.2014,3,2014,True,0.0085579941671153,0.01092645712196827
22,06.06.2014,3,2014,True,0.0086516604504963,0.011128279380500317
22,09.06.2014,3,2014,True,0.00822071235858,0.010924629867076874
22,10.06.2014,3,2014,True,0.0090611540254615,0.010896059684455395
22,11.06.2014,3,2014,True,0.0090384241552273,0.011056764982640743
22,12.06.2014,3,2014,True,0.0064979115433188,0.010811086744070053
22,13.06.2014,3,2014,True,0.0063503983456152,0.011527183465659618
22,16.06.2014,3,2014,True,0.006406249818291,0.011561918072402477
22,17.06.2014,3,2014,True,0.0070962629437853,0.011767950840294361
22,18.06.2014,3,2014,True,0.0069274417345143,0.010760954581201077
22,19.06.2014,3,2014,True,0.0065819444091806,0.010959873907268047
22,20.06.2014,3,2014,True,0.0068962392921612,0.011433292180299759
22,23.06.2014,3,2014,True,0.0069885637848154,0.010696426033973694
22,24.06.2014,3,2014,True,0.0076120204521507,0.010946040041744709
22,25.06.2014,3,2014,True,0.0076842593491509,0.010981965810060501
22,26.06.2014,3,2014,True,0.0076671174131035,0.011314409784972668
22,27.06.2014,3,2014,True,0.0078684727436647,0.011980099603533745
22,30.06.2014,3,2014,True,0.0077836677637243,0.011006668210029602
22,01.07.2014,3,2014,True,0.0079770293546601,0.011031322181224823
22,02.07.2014,3,2014,True,0.0080472485565564,0.011006668210029602
22,03.07.2014,3,2014,True,0.0081217801307687,0.010887699201703072
22,07.07.2014,3,2014,True,0.0080830131154089,0.011144833639264107
22,08.07.2014,3,2014,True,0.0080893280799334,0.010908248834311962
22,09.07.2014,3,2014,True,0.0080450455730025,0.010828339494764805
22,10.07.2014,3,2014,True,0.007975075065238,0.010655601508915424
22,11.07.2014,3,2014,True,0.007719513326128,0.011012928560376167
22,14.07.2014,3,2014,True,0.0082095092686141,0.010947490110993385
22,15.07.2014,3,2014,True,0.0092081009866624,0.010880052112042904
22,16.07.2014,3,2014,True,0.009211426938601,0.010320999659597874
22,17.07.2014,3,2014,True,0.0091973422673663,0.010594512335956097
22,18.07.2014,3,2014,True,0.0086685607832504,0.010859774425625801
22,21.07.2014,3,2014,True,0.0087978749768615,0.01055970974266529
22,22.07.2014,3,2014,True,0.0088793703034534,0.010618050582706928
22,23.07.2014,3,2014,True,0.0086742808857726,0.010618050582706928
22,24.07.2014,3,2014,True,0.0086395565700662,0.010808447375893593
22,25.07.2014,3,2014,True,0.008042648843575,0.01057729497551918
22,28.07.2014,3,2014,True,0.0080191695289167,0.010587232187390327
22,29.07.2014,3,2014,True,0.0079813917211152,0.010894239880144596
22,30.07.2014,3,2014,True,0.0079549029069269,0.010612539015710354
22,31.07.2014,3,2014,True,0.0097585540878974,0.010604582726955414
22,01.08.2014,3,2014,True,0.0110558933655564,0.01097907591611147
22,04.08.2014,3,2014,True,0.0110963920811548,0.010974898934364319
22,05.08.2014,3,2014,True,0.0111684472132485,0.010911839082837105
22,06.08.2014,3,2014,True,0.0112032239610254,0.010813242755830288
22,07.08.2014,3,2014,True,0.0111082772352647,0.01063353382050991
22,08.08.2014,3,2014,True,0.0112562618897464,0.010658733546733856
22,11.08.2014,3,2014,True,0.0112813422675956,0.010618050582706928
22,12.08.2014,3,2014,True,0.0110195536570815,0.010689564980566502
22,13.08.2014,3,2014,True,0.010513090405281,0.010869591496884823
22,14.08.2014,3,2014,True,0.0096749009124633,0.010554696433246136
22,15.08.2014,3,2014,True,0.0111937401166342,0.01086428016424179
22,18.08.2014,3,2014,True,0.0114572401778001,0.011089734733104706
22,19.08.2014,3,2014,True,0.0116085808350583,0.011066108010709286
22,20.08.2014,3,2014,True,0.0117673695750488,0.010810117237269878
22,21.08.2014,3,2014,True,0.0116990261293408,0.010996457189321518
22,22.08.2014,3,2014,True,0.0117236630027381,0.010843487456440926
22,25.08.2014,3,2014,True,0.0116685033126976,0.01056562177836895
22,26.08.2014,3,2014,True,0.0116792939509374,0.010919706895947456
22,27.08.2014,3,2014,True,0.0116777081313644,0.010849742218852043
22,28.08.2014,3,2014,True,0.0127379205372905,0.010928704403340816
22,29.08.2014,3,2014,True,0.0125150417306961,0.010448024608194828
22,02.09.2014,3,2014,True,0.0113726167517771,0.01080875564366579
22,03.09.2014,3,2014,True,0.0097460984478307,0.011045490391552448
22,04.09.2014,3,2014,True,0.0099236749430491,0.01123532559722662
22,05.09.2014,3,2014,True,0.0098671559845979,0.011217854917049408
22,08.09.2014,3,2014,True,0.0098922831296902,0.011027050204575062
22,09.09.2014,3,2014,True,0.0100590562861677,0.011711230501532555
22,10.09.2014,3,2014,True,0.0100148085521115,0.012802009470760822
22,11.09.2014,3,2014,True,0.0102313393823624,0.011854655109345913
22,12.09.2014,3,2014,True,0.0132724368643452,0.01201788242906332
22,15.09.2014,3,2014,True,0.0134023144201129,0.010722444392740726
22,16.09.2014,3,2014,True,0.0137066631624501,0.011335814371705055
22,17.09.2014,3,2014,True,0.0120846307152441,0.010660243220627308
22,18.09.2014,3,2014,True,0.0125515201509835,0.012527604587376118
22,19.09.2014,3,2014,True,0.0126879427332319,0.012029515579342842
22,22.09.2014,3,2014,True,0.0128052655915123,0.012237101793289185
22,23.09.2014,3,2014,True,0.0143780214493661,0.012433299794793129
22,24.09.2014,3,2014,True,0.0143283550281201,0.012143910862505436
22,25.09.2014,3,2014,True,0.0142752416472768,0.011906223371624947
22,26.09.2014,3,2014,True,0.0143269470416523,0.011816107667982578
22,29.09.2014,3,2014,True,0.0147593734236839,0.011599142104387283
22,30.09.2014,3,2014,True,0.0140265388634746,0.012495066970586777
22,01.10.2014,3,2014,True,0.0140242231638419,0.012013846077024937
22,02.10.2014,3,2014,True,0.0141205750209589,0.010757653042674065
22,03.10.2014,3,2014,True,0.014613394950649,0.011092091910541058
22,06.10.2014,3,2014,True,0.0145141344308755,0.01151952613145113
22,07.10.2014,3,2014,True,0.0145291955455056,0.01208188384771347
22,08.10.2014,3,2014,True,0.0147017118838542,0.010734600014984608
22,09.10.2014,3,2014,True,0.0146400067588231,0.010716373100876808
22,10.10.2014,3,2014,True,0.0146044753145962,0.013104267418384552
22,13.10.2014,3,2014,True,0.0146459315817198,0.015136332251131535
22,14.10.2014,3,2014,True,0.0131347875027259,0.016274092718958855
22,15.10.2014,3,2014,True,0.0129072458025695,0.018246164545416832
22,16.10.2014,3,2014,True,0.013636305577651,0.017060255631804466
22,17.10.2014,3,2014,True,0.0137076058683186,0.01584816165268421
22,20.10.2014,3,2014,True,0.0133722775695502,0.015991011634469032
22,21.10.2014,3,2014,True,0.0137246289154474,0.012410677969455719
22,22.10.2014,3,2014,True,0.0137993878987174,0.012150783091783524
22,23.10.2014,3,2014,True,0.0124417740359422,0.0164497047662735
22,24.10.2014,3,2014,True,0.0127303437990001,0.017787214368581772
22,27.10.2014,3,2014,True,0.0127459117750925,0.017884155735373497
22,28.10.2014,3,2014,True,0.0244350686651887,0.018233301118016243
22,29.10.2014,3,2014,True,0.0257001640366103,0.016844937577843666
22,30.10.2014,3,2014,True,0.0260385994862605,0.013442829251289368
22,31.10.2014,3,2014,True,0.026017511186657,0.018107740208506584
22,03.11.2014,3,2014,True,0.0260302122125774,0.017767509445548058
22,04.11.2014,3,2014,True,0.0258294037614482,0.017134979367256165
22,05.11.2014,3,2014,True,0.0267300352550043,0.01736234873533249
22,06.11.2014,3,2014,True,0.0270062950906044,0.01648874394595623
22,07.11.2014,3,2014,True,0.0274761970027347,0.01719863899052143
22,10.11.2014,3,2014,True,0.0274833678823937,0.015083150938153267
22,11.11.2014,3,2014,True,0.027718956057064,0.017151225358247757
22,12.11.2014,3,2014,True,0.0277093530802853,0.016283906996250153
22,13.11.2014,3,2014,True,0.0274528390876327,0.016088852658867836
22,14.11.2014,3,2014,True,0.027476226089403,0.01655975915491581
22,17.11.2014,3,2014,True,0.0265528270936049,0.01584414578974247
22,18.11.2014,3,2014,True,0.0284771549981057,0.01654123328626156
22,19.11.2014,3,2014,True,0.0285118831734554,0.0162653885781765
22,20.11.2014,3,2014,True,0.0290658027061948,0.01631840690970421
22,21.11.2014,3,2014,True,0.0286528021839527,0.015988649800419807
22,24.11.2014,3,2014,True,0.0286343773332482,0.015368632972240448
22,25.11.2014,3,2014,True,0.0287691118608256,0.015793833881616592
22,26.11.2014,3,2014,True,0.028897979194174,0.016269095242023468
22,28.11.2014,3,2014,True,0.0208767792746588,0.01582537777721882
22,01.12.2014,3,2014,True,0.0186019145538132,0.020075654610991478
22,02.12.2014,3,2014,True,0.0211003031751573,0.017769524827599525
22,03.12.2014,3,2014,True,0.0217697092274381,0.018344292417168617
22,04.12.2014,3,2014,True,0.0219070685478958,0.01703335903584957
22,05.12.2014,3,2014,True,0.0219846828212705,0.017693091183900833
22,08.12.2014,3,2014,True,0.0210452867160517,0.01773248054087162
22,09.12.2014,3,2014,True,0.0222521193523418,0.019045179709792137
22,10.12.2014,3,2014,True,0.0216045494085109,0.019234782084822655
22,11.12.2014,3,2014,True,0.0249621067285269,0.02019098773598671
22,12.12.2014,3,2014,True,0.0247609876749292,0.02293490059673786
22,15.12.2014,3,2014,True,0.0248963629763208,0.022495079785585403
22,16.12.2014,3,2014,True,0.0250880176459681,0.025179265066981316
22,17.12.2014,3,2014,True,0.0259158549795792,0.02283105067908764
22,18.12.2014,3,2014,True,0.0259176191970207,0.023851191624999046
22,19.12.2014,3,2014,True,0.0242393724721809,0.02304713800549507
22,22.12.2014,3,2014,True,0.0241350556070752,0.022770890966057777
22,23.12.2014,3,2014,True,0.0243952062219605,0.024719681590795517
22,24.12.2014,3,2014,True,0.0243756868841653,0.030334392562508583
22,26.12.2014,3,2014,True,0.0248634573489423,0.02367892675101757
22,29.12.2014,3,2014,True,0.0303035513223497,0.0284234881401062
22,30.12.2014,3,2014,True,0.0312926286347935,0.02446538396179676
22,31.12.2014,3,2014,True,0.0336311885181357,0.024235887452960014
66,02.01.2014,3,2014,True,0.0085501973681491,0.01202439609915018
66,03.01.2014,3,2014,True,0.0084893333737022,0.012150046415627003
66,06.01.2014,3,2014,True,0.0087124806984432,0.011840812861919403
66,07.01.2014,3,2014,True,0.0086950268715376,0.011952996253967285
66,08.01.2014,3,2014,True,0.0086913072614687,0.012193924747407436
66,09.01.2014,3,2014,True,0.0086778162436978,0.012193924747407436
66,10.01.2014,3,2014,True,0.0086363045270992,0.011980517767369747
66,13.01.2014,3,2014,True,0.0086521172204404,0.011952996253967285
66,14.01.2014,3,2014,True,0.0086426238149024,0.011952996253967285
66,15.01.2014,3,2014,True,0.0087065817948847,0.01202439609915018
66,16.01.2014,3,2014,True,0.0087519704261528,0.011952996253967285
66,17.01.2014,3,2014,True,0.0089142688501384,0.011980517767369747
66,22.01.2014,3,2014,True,0.0088599848044842,0.011980517767369747
66,23.01.2014,3,2014,True,0.008885795911515,0.011909117922186852
66,24.01.2014,3,2014,True,0.0088864810561444,0.011909117922186852
66,27.01.2014,3,2014,True,0.008826669605942,0.011840812861919403
66,28.01.2014,3,2014,True,0.0088476161519031,0.011952996253967285
66,29.01.2014,3,2014,True,0.0088653056664293,0.011909117922186852
66,30.01.2014,3,2014,True,0.0089506368771642,0.011909117922186852
66,31.01.2014,3,2014,True,0.0087665702069782,0.011909117922186852
66,03.02.2014,3,2014,True,0.0087573134471165,0.011909117922186852
66,04.02.2014,3,2014,True,0.008768274071789,0.011840812861919403
66,05.02.2014,3,2014,True,0.008799785711447,0.011909117922186852
66,06.02.2014,3,2014,True,0.0087976155360387,0.011952996253967285
66,07.02.2014,3,2014,True,0.0083797704775012,0.011909117922186852
66,10.02.2014,3,2014,True,0.0083085066744357,0.011909117922186852
66,11.02.2014,3,2014,True,0.0083955596624206,0.012150046415627003
66,12.02.2014,3,2014,True,0.0084020538182667,0.012150046415627003
66,13.02.2014,3,2014,True,0.0084545695177938,0.012150046415627003
66,14.02.2014,3,2014,True,0.0084580075569798,0.012150046415627003
66,19.02.2014,3,2014,True,0.0082311911573664,0.011980517767369747
66,20.02.2014,3,2014,True,0.0082496467742066,0.011952996253967285
66,21.02.2014,3,2014,True,0.0082375469343535,0.011840812861919403
66,24.02.2014,3,2014,True,0.0081909233365716,0.011840812861919403
66,25.02.2014,3,2014,True,0.0081166054141002,0.011909117922186852
66,26.02.2014,3,2014,True,0.0081427690605105,0.011909117922186852
66,27.02.2014,3,2014,True,0.0081184634851018,0.011909117922186852
66,28.02.2014,3,2014,True,0.0081311365340627,0.011909117922186852
66,03.03.2014,3,2014,True,0.0077753500526064,0.011909117922186852
66,04.03.2014,3,2014,True,0.0074854161729662,0.011840812861919403
66,05.03.2014,3,2014,True,0.0074362495354142,0.012081741355359554
66,06.03.2014,3,2014,True,0.0074488493600894,0.012081741355359554
66,07.03.2014,3,2014,True,0.0073950078280064,0.012081741355359554
66,10.03.2014,3,2014,True,0.0080498739815002,0.012081741355359554
66,11.03.2014,3,2014,True,0.0080443653694608,0.012799302116036415
66,12.03.2014,3,2014,True,0.0080198744393588,0.011840812861919403
66,13.03.2014,3,2014,True,0.0079792359977337,0.011840812861919403
66,14.03.2014,3,2014,True,0.0079185751324539,0.011952996253967285
66,17.03.2014,3,2014,True,0.0079540296301711,0.011840812861919403
66,18.03.2014,3,2014,True,0.0076710840489486,0.011840812861919403
66,19.03.2014,3,2014,True,0.0076226729401735,0.011840812861919403
66,20.03.2014,3,2014,True,0.0076053926053931,0.011840812861919403
66,21.03.2014,3,2014,True,0.007619811188821,0.011840812861919403
66,24.03.2014,3,2014,True,0.0076784176563288,0.011840812861919403
66,25.03.2014,3,2014,True,0.0076777686720965,0.011840812861919403
66,26.03.2014,3,2014,True,0.0077607151027174,0.011912212707102299
66,27.03.2014,3,2014,True,0.0077168120312775,0.011912212707102299
66,28.03.2014,3,2014,True,0.007811471270171,0.011912212707102299
66,31.03.2014,3,2014,True,0.007807315238361,0.011912212707102299
66,01.04.2014,3,2014,True,0.0074342189559252,0.011912212707102299
66,02.04.2014,3,2014,True,0.0075200100573031,0.011840812861919403
66,03.04.2014,3,2014,True,0.0074040652542784,0.011952996253967285
66,04.04.2014,3,2014,True,0.0073887341468863,0.012150046415627003
66,07.04.2014,3,2014,True,0.0076755522688239,0.012150046415627003
66,08.04.2014,3,2014,True,0.0073780682461032,0.012150046415627003
66,09.04.2014,3,2014,True,0.0074491762936247,0.012081741355359554
66,10.04.2014,3,2014,True,0.0074294299641605,0.011840812861919403
66,11.04.2014,3,2014,True,0.0074300158008535,0.011952996253967285
66,14.04.2014,3,2014,True,0.0073086460499621,0.011909117922186852
66,15.04.2014,3,2014,True,0.0073196548439941,0.011840812861919403
66,16.04.2014,3,2014,True,0.007329049337665,0.011840812861919403
66,17.04.2014,3,2014,True,0.0073263879841619,0.011840812861919403
66,21.04.2014,3,2014,True,0.0073862368618005,0.01179693453013897
66,22.04.2014,3,2014,True,0.0075115343661248,0.011952996253967285
66,23.04.2014,3,2014,True,0.0075660741178691,0.011912212707102299
66,24.04.2014,3,2014,True,0.0074355027020738,0.011912212707102299
66,25.04.2014,3,2014,True,0.0075152844331641,0.011909117922186852
66,28.04.2014,3,2014,True,0.007357804209757,0.011840812861919403
66,29.04.2014,3,2014,True,0.0074053273273251,0.011840812861919403
66,30.04.2014,3,2014,True,0.0073766060232324,0.011840812861919403
66,01.05.2014,3,2014,True,0.0074242774801304,0.011840812861919403
66,02.05.2014,3,2014,True,0.0073546972088866,0.011909117922186852
66,05.05.2014,3,2014,True,0.0073705964389647,0.011840812861919403
66,06.05.2014,3,2014,True,0.0073491550550087,0.011909117922186852
66,07.05.2014,3,2014,True,0.0072451028538231,0.011840812861919403
66,08.05.2014,3,2014,True,0.0074919515207926,0.01179693453013897
66,09.05.2014,3,2014,True,0.0076570793024175,0.011840812861919403
66,12.05.2014,3,2014,True,0.0080705719575139,0.011952996253967285
66,13.05.2014,3,2014,True,0.007999734664223,0.011952996253967285
66,14.05.2014,3,2014,True,0.0079120523324505,0.011912212707102299
66,15.05.2014,3,2014,True,0.0079007370108833,0.011912212707102299
66,16.05.2014,3,2014,True,0.0079661677201205,0.011980517767369747
66,19.05.2014,3,2014,True,0.0079157272477792,0.011980517767369747
66,20.05.2014,3,2014,True,0.0079058659429942,0.011909117922186852
66,21.05.2014,3,2014,True,0.0078492081165672,0.011909117922186852
66,22.05.2014,3,2014,True,0.0078489706833275,0.011952996253967285
66,23.05.2014,3,2014,True,0.0078519970914653,0.011909117922186852
66,27.05.2014,3,2014,True,0.0078411798381642,0.011952996253967285
66,28.05.2014,3,2014,True,0.0079046494037652,0.011980517767369747
66,29.05.2014,3,2014,True,0.0085710263689305,0.011912212707102299
66,30.05.2014,3,2014,True,0.0091057513970178,0.011912212707102299
66,02.06.2014,3,2014,True,0.0091467182293927,0.011980517767369747
66,03.06.2014,3,2014,True,0.0092120642181957,0.011980517767369747
66,04.06.2014,3,2014,True,0.0092268254189253,0.01202439609915018
66,05.06.2014,3,2014,True,0.0092763375114438,0.011980517767369747
66,06.06.2014,3,2014,True,0.0093569290366719,0.01202439609915018
66,09.06.2014,3,2014,True,0.0091915258540284,0.011980517767369747
66,10.06.2014,3,2014,True,0.0092418674118237,0.011909117922186852
66,11.06.2014,3,2014,True,0.0092205915000346,0.011952996253967285
66,12.06.2014,3,2014,True,0.0084560676856863,0.011840812861919403
66,13.06.2014,3,2014,True,0.0090293381765026,0.012193924747407436
66,16.06.2014,3,2014,True,0.009127370838736,0.012193924747407436
66,17.06.2014,3,2014,True,0.0091840024823176,0.012193924747407436
66,18.06.2014,3,2014,True,0.009234266176352,0.012081741355359554
66,19.06.2014,3,2014,True,0.0091598136594428,0.012081741355359554
66,20.06.2014,3,2014,True,0.0091706589841375,0.01202439609915018
66,23.06.2014,3,2014,True,0.0091679811639828,0.011912212707102299
66,24.06.2014,3,2014,True,0.0091481278011446,0.011912212707102299
66,25.06.2014,3,2014,True,0.0091632447861527,0.011912212707102299
66,26.06.2014,3,2014,True,0.0096120132326683,0.01202439609915018
66,27.06.2014,3,2014,True,0.0096075167025095,0.01202439609915018
66,30.06.2014,3,2014,True,0.0096037649421829,0.011912212707102299
66,01.07.2014,3,2014,True,0.0096653712147886,0.01202439609915018
66,02.07.2014,3,2014,True,0.0096828557194115,0.011912212707102299
66,03.07.2014,3,2014,True,0.0096991083317173,0.011912212707102299
66,07.07.2014,3,2014,True,0.0097069965061784,0.01202439609915018
66,08.07.2014,3,2014,True,0.0097530138721789,0.011912212707102299
66,09.07.2014,3,2014,True,0.0097613709918068,0.011912212707102299
66,10.07.2014,3,2014,True,0.0098381532711632,0.011912212707102299
66,11.07.2014,3,2014,True,0.0109104283873064,0.011980517767369747
66,14.07.2014,3,2014,True,0.0109708635413173,0.011840812861919403
66,15.07.2014,3,2014,True,0.0110470662762601,0.011840812861919403
66,16.07.2014,3,2014,True,0.011057349664916,0.011840812861919403
66,17.07.2014,3,2014,True,0.0111694690761693,0.011840812861919403
66,18.07.2014,3,2014,True,0.0111218606537114,0.011840812861919403
66,21.07.2014,3,2014,True,0.011221259152083,0.011840812861919403
66,22.07.2014,3,2014,True,0.0117516108539781,0.011840812861919403
66,23.07.2014,3,2014,True,0.0117032623228626,0.011840812861919403
66,24.07.2014,3,2014,True,0.0116831167021515,0.011912212707102299
66,25.07.2014,3,2014,True,0.0115422112663177,0.011840812861919403
66,28.07.2014,3,2014,True,0.0116984315764428,0.011840812861919403
66,29.07.2014,3,2014,True,0.0117150800485494,0.011840812861919403
66,30.07.2014,3,2014,True,0.0116739993571259,0.011840812861919403
66,31.07.2014,3,2014,True,0.0117301599361153,0.011840812861919403
66,01.08.2014,3,2014,True,0.0119490698585965,0.011840812861919403
66,04.08.2014,3,2014,True,0.0119138052377862,0.011912212707102299
66,05.08.2014,3,2014,True,0.0119073005044984,0.011840812861919403
66,06.08.2014,3,2014,True,0.0119629528291156,0.011840812861919403
66,07.08.2014,3,2014,True,0.0119281640509788,0.011840812861919403
66,08.08.2014,3,2014,True,0.011940567178082,0.011840812861919403
66,11.08.2014,3,2014,True,0.0120329294724598,0.011840812861919403
66,12.08.2014,3,2014,True,0.0124020815132382,0.011912212707102299
66,13.08.2014,3,2014,True,0.0122347026673923,0.011840812861919403
66,14.08.2014,3,2014,True,0.012398643384981,0.011840812861919403
66,15.08.2014,3,2014,True,0.0124201954387206,0.012081741355359554
66,18.08.2014,3,2014,True,0.0124203656712407,0.012081741355359554
66,19.08.2014,3,2014,True,0.0126461288287575,0.012081741355359554
66,20.08.2014,3,2014,True,0.0127428865051737,0.012081741355359554
66,21.08.2014,3,2014,True,0.0127255584122017,0.011840812861919403
66,22.08.2014,3,2014,True,0.0128294067079291,0.011912212707102299
66,25.08.2014,3,2014,True,0.0128009309161606,0.011912212707102299
66,26.08.2014,3,2014,True,0.0176374921907656,0.011912212707102299
66,27.08.2014,3,2014,True,0.0182645277716193,0.011912212707102299
66,28.08.2014,3,2014,True,0.0184728422464634,0.011912212707102299
66,29.08.2014,3,2014,True,0.0184075659966528,0.011912212707102299
66,02.09.2014,3,2014,True,0.0181999425206685,0.011912212707102299
66,03.09.2014,3,2014,True,0.0178256334382552,0.012081741355359554
66,04.09.2014,3,2014,True,0.0183824335340453,0.013040230609476566
66,05.09.2014,3,2014,True,0.0184858851412627,0.012990939430892467
66,08.09.2014,3,2014,True,0.0189387913478701,0.012943730689585209
66,09.09.2014,3,2014,True,0.0189348767500929,0.013040230609476566
66,10.09.2014,3,2014,True,0.0191278845239833,0.013152414001524448
66,11.09.2014,3,2014,True,0.0191187439922765,0.01287070196121931
66,12.09.2014,3,2014,True,0.0191795525871142,0.01287070196121931
66,15.09.2014,3,2014,True,0.0191928475826777,0.011912212707102299
66,16.09.2014,3,2014,True,0.0191734241613866,0.01202439609915018
66,17.09.2014,3,2014,True,0.0194968657675095,0.011912212707102299
66,18.09.2014,3,2014,True,0.0195573966800078,0.013040230609476566
66,19.09.2014,3,2014,True,0.019906898138676,0.013040230609476566
66,22.09.2014,3,2014,True,0.0199926071587382,0.013040230609476566
66,23.09.2014,3,2014,True,0.0199918329623006,0.013108535669744015
66,24.09.2014,3,2014,True,0.0201040496456091,0.013040230609476566
66,25.09.2014,3,2014,True,0.0201029758302215,0.012799302116036415
66,26.09.2014,3,2014,True,0.0200806556856455,0.012799302116036415
66,29.09.2014,3,2014,True,0.0200649526226728,0.012799302116036415
66,30.09.2014,3,2014,True,0.0209576043441575,0.012982885353267193
66,01.10.2014,3,2014,True,0.0212714420728314,0.013040230609476566
66,02.10.2014,3,2014,True,0.0213082105177882,0.012081741355359554
66,03.10.2014,3,2014,True,0.0213155002717451,0.012150046415627003
66,06.10.2014,3,2014,True,0.0212622009458273,0.011952996253967285
66,07.10.2014,3,2014,True,0.021989213612452,0.013256029225885868
66,08.10.2014,3,2014,True,0.0220084938706008,0.012578661553561687
66,09.10.2014,3,2014,True,0.0229916498117501,0.012578661553561687
66,10.10.2014,3,2014,True,0.0229948394104954,0.015094772912561893
66,13.10.2014,3,2014,True,0.023019055649402,0.015656357631087303
66,14.10.2014,3,2014,True,0.0226803494557387,0.01572466269135475
66,15.10.2014,3,2014,True,0.0229659219346247,0.016686758026480675
66,16.10.2014,3,2014,True,0.0228766060862787,0.01619751751422882
66,17.10.2014,3,2014,True,0.0229132570369753,0.01586909405887127
66,20.10.2014,3,2014,True,0.022803310388418,0.015912972390651703
66,21.10.2014,3,2014,True,0.0231767886726217,0.015322662889957428
66,22.10.2014,3,2014,True,0.023219363840679,0.015094772912561893
66,23.10.2014,3,2014,True,0.0230132623610566,0.015965592116117477
66,24.10.2014,3,2014,True,0.025242891190252,0.016411947086453438
66,27.10.2014,3,2014,True,0.0257162497057161,0.01645582541823387
66,28.10.2014,3,2014,True,0.026838065617322,0.01645582541823387
66,29.10.2014,3,2014,True,0.0277604912502215,0.01634364202618599
66,30.10.2014,3,2014,True,0.0284507456010065,0.015797208994627
66,31.10.2014,3,2014,True,0.0286566358158633,0.016214895993471146
66,03.11.2014,3,2014,True,0.0287055144422088,0.016214895993471146
66,04.11.2014,3,2014,True,0.028825142850588,0.016171017661690712
66,05.11.2014,3,2014,True,0.0289867987329901,0.016411947086453438
66,06.11.2014,3,2014,True,0.0296053578303271,0.016102712601423264
66,07.11.2014,3,2014,True,0.0296026928902472,0.016171017661690712
66,10.11.2014,3,2014,True,0.0316533279660265,0.01590939238667488
66,11.11.2014,3,2014,True,0.0318418426489361,0.016411947086453438
66,12.11.2014,3,2014,True,0.0318102537260076,0.01572466269135475
66,13.11.2014,3,2014,True,0.0316387511607961,0.01572466269135475
66,14.11.2014,3,2014,True,0.0317176444457306,0.015965592116117477
66,17.11.2014,3,2014,True,0.0315731651496162,0.01572466269135475
66,18.11.2014,3,2014,True,0.0322529398563433,0.0165316890925169
66,19.11.2014,3,2014,True,0.03236954873146,0.016123682260513306
66,20.11.2014,3,2014,True,0.0327600445347716,0.01600947044789791
66,21.11.2014,3,2014,True,0.0331807482083364,0.01589728705585003
66,24.11.2014,3,2014,True,0.033369024423976,0.01608533412218094
66,25.11.2014,3,2014,True,0.0333326069648286,0.01608533412218094
66,26.11.2014,3,2014,True,0.0333313294757947,0.01708732172846794
66,28.11.2014,3,2014,True,0.0309721235131389,0.01608533412218094
66,01.12.2014,3,2014,True,0.0307186228672327,0.021020445972681046
66,02.12.2014,3,2014,True,0.0308545476189394,0.021571487188339233
66,03.12.2014,3,2014,True,0.0309823643720561,0.021615365520119667
66,04.12.2014,3,2014,True,0.0309884161766688,0.020501194521784782
66,05.12.2014,3,2014,True,0.0313743643374177,0.020613377913832664
66,08.12.2014,3,2014,True,0.0310882589982814,0.018298927694559097
66,09.12.2014,3,2014,True,0.0310482627625179,0.019577685743570328
66,10.12.2014,3,2014,True,0.0312832037759954,0.01953616924583912
66,11.12.2014,3,2014,True,0.0314211071416783,0.019892416894435883
66,12.12.2014,3,2014,True,0.0313224065462117,0.0251055546104908
66,15.12.2014,3,2014,True,0.0313279534616707,0.025965699926018715
66,16.12.2014,3,2014,True,0.0312868035879561,0.027973951771855354
66,17.12.2014,3,2014,True,0.0314477006588322,0.026345789432525635
66,18.12.2014,3,2014,True,0.0319732670513119,0.02610485814511776
66,19.12.2014,3,2014,True,0.032208786344193,0.02610485814511776
66,22.12.2014,3,2014,True,0.0321155335908886,0.026789527386426926
66,23.12.2014,3,2014,True,0.0320311663372123,0.027973951771855354
66,24.12.2014,3,2014,True,0.032232720626332,0.03267620503902435
66,26.12.2014,3,2014,True,0.0325292708458774,0.030607160180807114
66,29.12.2014,3,2014,True,0.0331205130158338,0.032451603561639786
66,30.12.2014,3,2014,True,0.0331839404101921,0.02749752253293991
66,31.12.2014,3,2014,True,0.0340378089356181,0.02624332904815674
126,02.01.2014,3,2014,True,0.0079252088137793,0.012662357650697231
126,03.01.2014,3,2014,True,0.0079089189813748,0.01268032006919384
126,06.01.2014,3,2014,True,0.0079136877967974,0.012588798999786377
126,07.01.2014,3,2014,True,0.008072448531585,0.012499730102717876
126,08.01.2014,3,2014,True,0.0080753253552023,0.01257286686450243
126,09.01.2014,3,2014,True,0.0080904246935456,0.01257286686450243
126,10.01.2014,3,2014,True,0.0080589600049483,0.012451171875
126,13.01.2014,3,2014,True,0.0080491140709896,0.012499730102717876
126,14.01.2014,3,2014,True,0.0081147948768956,0.012550090439617634
126,15.01.2014,3,2014,True,0.0080995071923888,0.012499730102717876
126,16.01.2014,3,2014,True,0.0081047542763585,0.012499730102717876
126,17.01.2014,3,2014,True,0.0081252472949434,0.012451171875
126,22.01.2014,3,2014,True,0.0081020902428428,0.012451171875
126,23.01.2014,3,2014,True,0.0081561188773123,0.012451171875
126,24.01.2014,3,2014,True,0.0081807481354817,0.012451171875
126,27.01.2014,3,2014,True,0.0081209960325021,0.012403395026922226
126,28.01.2014,3,2014,True,0.0081615507050646,0.012550090439617634
126,29.01.2014,3,2014,True,0.0081629171858606,0.012451171875
126,30.01.2014,3,2014,True,0.008221486399409,0.012451171875
126,31.01.2014,3,2014,True,0.0081365490146757,0.012451171875
126,03.02.2014,3,2014,True,0.0081590256257639,0.012451171875
126,04.02.2014,3,2014,True,0.008156307714747,0.012670846655964851
126,05.02.2014,3,2014,True,0.0081790374416177,0.012451171875
126,06.02.2014,3,2014,True,0.0081474282331552,0.012499730102717876
126,07.02.2014,3,2014,True,0.0079057426958415,0.012451171875
126,10.02.2014,3,2014,True,0.0079940518552484,0.012607183307409286
126,11.02.2014,3,2014,True,0.0080718942183936,0.012524308636784554
126,12.02.2014,3,2014,True,0.0082986683796835,0.012524308636784554
126,13.02.2014,3,2014,True,0.0082986704762226,0.012524308636784554
126,14.02.2014,3,2014,True,0.0083026306141036,0.012524308636784554
126,19.02.2014,3,2014,True,0.0081707738223737,0.012451171875
126,20.02.2014,3,2014,True,0.0081993292773381,0.012499730102717876
126,21.02.2014,3,2014,True,0.0082010374596257,0.012515662238001823
126,24.02.2014,3,2014,True,0.0081753786062379,0.012515662238001823
126,25.02.2014,3,2014,True,0.0081374265560371,0.012451171875
126,26.02.2014,3,2014,True,0.0081376800449616,0.012451171875
126,27.02.2014,3,2014,True,0.0081305707922006,0.012451171875
126,28.02.2014,3,2014,True,0.0081315489175781,0.012451171875
126,03.03.2014,3,2014,True,0.0079640559306581,0.012451171875
126,04.03.2014,3,2014,True,0.0081985288496546,0.012899994850158691
126,05.03.2014,3,2014,True,0.0083968814440847,0.012813032604753971
126,06.03.2014,3,2014,True,0.0084273203884597,0.012903373688459396
126,07.03.2014,3,2014,True,0.0084323758661095,0.012903373688459396
126,10.03.2014,3,2014,True,0.0084176678405398,0.012903373688459396
126,11.03.2014,3,2014,True,0.0084511231980594,0.012588798999786377
126,12.03.2014,3,2014,True,0.008496184494221,0.012515662238001823
126,13.03.2014,3,2014,True,0.0084845334395365,0.012589109130203724
126,14.03.2014,3,2014,True,0.008458976130403,0.012499730102717876
126,17.03.2014,3,2014,True,0.0084657788538408,0.012353034690022469
126,18.03.2014,3,2014,True,0.008353212970812,0.012589109130203724
126,19.03.2014,3,2014,True,0.0086069084749462,0.012670846655964851
126,20.03.2014,3,2014,True,0.0086589469190273,0.012670846655964851
126,21.03.2014,3,2014,True,0.0086744768955752,0.012426171451807022
126,24.03.2014,3,2014,True,0.0087621107333593,0.012515662238001823
126,25.03.2014,3,2014,True,0.0087594385788074,0.012589109130203724
126,26.03.2014,3,2014,True,0.0087603345036558,0.012589109130203724
126,27.03.2014,3,2014,True,0.0087299394917874,0.012403395026922226
126,28.03.2014,3,2014,True,0.0087259444161472,0.012353034690022469
126,31.03.2014,3,2014,True,0.0087278961390166,0.012515662238001823
126,01.04.2014,3,2014,True,0.0088564444876783,0.012353034690022469
126,02.04.2014,3,2014,True,0.0088434309399634,0.01274512056261301
126,03.04.2014,3,2014,True,0.0087786295782492,0.012614067643880844
126,04.04.2014,3,2014,True,0.0088135174487437,0.012524308636784554
126,07.04.2014,3,2014,True,0.0088067687142961,0.012524308636784554
126,08.04.2014,3,2014,True,0.0086682375102638,0.012524308636784554
126,09.04.2014,3,2014,True,0.008680815994564,0.012657848186790943
126,10.04.2014,3,2014,True,0.0087564392804445,0.012589109130203724
126,11.04.2014,3,2014,True,0.0087610024075224,0.012614067643880844
126,14.04.2014,3,2014,True,0.0086996585849359,0.012451171875
126,15.04.2014,3,2014,True,0.0094929044200846,0.012589109130203724
126,16.04.2014,3,2014,True,0.0095601776053032,0.012589109130203724
126,17.04.2014,3,2014,True,0.0095722300023082,0.012670846655964851
126,21.04.2014,3,2014,True,0.0095611918750106,0.012304476462304592
126,22.04.2014,3,2014,True,0.0096153986513947,0.012499730102717876
126,23.04.2014,3,2014,True,0.0096698759675798,0.012589109130203724
126,24.04.2014,3,2014,True,0.0097005904371331,0.012515662238001823
126,25.04.2014,3,2014,True,0.0099806032526384,0.012451171875
126,28.04.2014,3,2014,True,0.0099424680918687,0.012589109130203724
126,29.04.2014,3,2014,True,0.0099050563310044,0.012515662238001823
126,30.04.2014,3,2014,True,0.0098948741852763,0.012589109130203724
126,01.05.2014,3,2014,True,0.0099771413792684,0.012743983417749405
126,02.05.2014,3,2014,True,0.0099697299544915,0.012565509416162968
126,05.05.2014,3,2014,True,0.0099568672763966,0.012353034690022469
126,06.05.2014,3,2014,True,0.0099964317454296,0.012451171875
126,07.05.2014,3,2014,True,0.0101220544715068,0.012515662238001823
126,08.05.2014,3,2014,True,0.0101267496383727,0.012304476462304592
126,09.05.2014,3,2014,True,0.010126955729656,0.012589109130203724
126,12.05.2014,3,2014,True,0.0101364637817792,0.012662357650697231
126,13.05.2014,3,2014,True,0.0101422170416158,0.012499730102717876
126,14.05.2014,3,2014,True,0.0101082480421515,0.012515662238001823
126,15.05.2014,3,2014,True,0.0101710744722501,0.012515662238001823
126,16.05.2014,3,2014,True,0.0104819970637204,0.012451171875
126,19.05.2014,3,2014,True,0.0104643193769868,0.012451171875
126,20.05.2014,3,2014,True,0.0106467570008355,0.012451171875
126,21.05.2014,3,2014,True,0.0106297127111351,0.012565509416162968
126,22.05.2014,3,2014,True,0.0106308237386176,0.012499730102717876
126,23.05.2014,3,2014,True,0.0107493592472959,0.012451171875
126,27.05.2014,3,2014,True,0.0108362619278828,0.01272107195109129
126,28.05.2014,3,2014,True,0.0108493112211205,0.012451171875
126,29.05.2014,3,2014,True,0.0109201409624939,0.012353034690022469
126,30.05.2014,3,2014,True,0.0109262193786736,0.012515662238001823
126,02.06.2014,3,2014,True,0.0141055511479636,0.012451171875
126,03.06.2014,3,2014,True,0.0144826614556004,0.012451171875
126,04.06.2014,3,2014,True,0.0146493554196168,0.012451171875
126,05.06.2014,3,2014,True,0.0146436521810522,0.012451171875
126,06.06.2014,3,2014,True,0.0146427720928209,0.012550090439617634
126,09.06.2014,3,2014,True,0.014576415149215,0.012451171875
126,10.06.2014,3,2014,True,0.0149826775159915,0.012451171875
126,11.06.2014,3,2014,True,0.0150164543714288,0.012662357650697231
126,12.06.2014,3,2014,True,0.0150826029453182,0.012589109130203724
126,13.06.2014,3,2014,True,0.0150704533521479,0.012728878296911716
126,16.06.2014,3,2014,True,0.0152261546764316,0.01257286686450243
126,17.06.2014,3,2014,True,0.0152304961011622,0.012849831953644753
126,18.06.2014,3,2014,True,0.0152495095518849,0.012743983417749405
126,19.06.2014,3,2014,True,0.0152153545063404,0.012743983417749405
126,20.06.2014,3,2014,True,0.0152164793465544,0.012499730102717876
126,23.06.2014,3,2014,True,0.015632532154163,0.012670846655964851
126,24.06.2014,3,2014,True,0.0156807320286769,0.012589109130203724
126,25.06.2014,3,2014,True,0.0159227903983976,0.012670846655964851
126,26.06.2014,3,2014,True,0.016010741071471,0.012499730102717876
126,27.06.2014,3,2014,True,0.0160187140181209,0.012614067643880844
126,30.06.2014,3,2014,True,0.0161320563823392,0.012589109130203724
126,01.07.2014,3,2014,True,0.0161345166175716,0.012451171875
126,02.07.2014,3,2014,True,0.0161356005326523,0.012589109130203724
126,03.07.2014,3,2014,True,0.0161614113473736,0.012589109130203724
126,07.07.2014,3,2014,True,0.0168898835965722,0.012499730102717876
126,08.07.2014,3,2014,True,0.0171326344407693,0.012589109130203724
126,09.07.2014,3,2014,True,0.017143932130536,0.012515662238001823
126,10.07.2014,3,2014,True,0.0171237144710392,0.012403395026922226
126,11.07.2014,3,2014,True,0.0171135675588126,0.012451171875
126,14.07.2014,3,2014,True,0.0176408282729368,0.01267167367041111
126,15.07.2014,3,2014,True,0.0176687187351078,0.012670846655964851
126,16.07.2014,3,2014,True,0.0182304991055793,0.012353034690022469
126,17.07.2014,3,2014,True,0.0182676449586554,0.012670846655964851
126,18.07.2014,3,2014,True,0.0182035953079765,0.012670846655964851
126,21.07.2014,3,2014,True,0.0182146922801515,0.012670846655964851
126,22.07.2014,3,2014,True,0.0183810532065276,0.012670846655964851
126,23.07.2014,3,2014,True,0.0183492347124171,0.012670846655964851
126,24.07.2014,3,2014,True,0.0183782854827946,0.012670846655964851
126,25.07.2014,3,2014,True,0.0183125936764987,0.012589109130203724
126,28.07.2014,3,2014,True,0.0185893459875423,0.012670846655964851
126,29.07.2014,3,2014,True,0.0186375072982366,0.012670846655964851
126,30.07.2014,3,2014,True,0.018715692033659,0.012670846655964851
126,31.07.2014,3,2014,True,0.020083475620336,0.012670846655964851
126,01.08.2014,3,2014,True,0.0203623579406307,0.012589109130203724
126,04.08.2014,3,2014,True,0.0210617696564862,0.012670846655964851
126,05.08.2014,3,2014,True,0.0217773619852692,0.012670846655964851
126,06.08.2014,3,2014,True,0.0222024842358083,0.012670846655964851
126,07.08.2014,3,2014,True,0.0222971557101198,0.012670846655964851
126,08.08.2014,3,2014,True,0.0223322827324649,0.012670846655964851
126,11.08.2014,3,2014,True,0.02247689576992,0.012670846655964851
126,12.08.2014,3,2014,True,0.022583828318403,0.012670846655964851
126,13.08.2014,3,2014,True,0.0229326244656368,0.012670846655964851
126,14.08.2014,3,2014,True,0.0228998650272171,0.012743983417749405
126,15.08.2014,3,2014,True,0.0242713069767869,0.012632543221116066
126,18.08.2014,3,2014,True,0.0244048661680212,0.012740802951157093
126,19.08.2014,3,2014,True,0.0244028030280838,0.012667356058955193
126,20.08.2014,3,2014,True,0.0243851753949741,0.012743983417749405
126,21.08.2014,3,2014,True,0.0244276690479891,0.012662245891988277
126,22.08.2014,3,2014,True,0.0244274913834906,0.012670846655964851
126,25.08.2014,3,2014,True,0.0248842302530319,0.012403395026922226
126,26.08.2014,3,2014,True,0.0249595256884533,0.012670846655964851
126,27.08.2014,3,2014,True,0.0252809195136513,0.012515662238001823
126,28.08.2014,3,2014,True,0.0256085091083431,0.012670846655964851
126,29.08.2014,3,2014,True,0.0257176823968388,0.012353034690022469
126,02.09.2014,3,2014,True,0.0256306189754128,0.012670846655964851
126,03.09.2014,3,2014,True,0.0255090101164613,0.013059385120868683
126,04.09.2014,3,2014,True,0.0255158313734646,0.013803795911371708
126,05.09.2014,3,2014,True,0.0255509589737422,0.01370773185044527
126,08.09.2014,3,2014,True,0.0257184508493814,0.013552547432482243
126,09.09.2014,3,2014,True,0.0258070601977882,0.01370773185044527
126,10.09.2014,3,2014,True,0.0258014947468771,0.01369924284517765
126,11.09.2014,3,2014,True,0.0260286737213645,0.013393466360867023
126,12.09.2014,3,2014,True,0.0260745556495032,0.013320019468665123
126,15.09.2014,3,2014,True,0.0260777105450158,0.012670846655964851
126,16.09.2014,3,2014,True,0.0264539856442887,0.012662357650697231
126,17.09.2014,3,2014,True,0.0264064571916292,0.012670846655964851
126,18.09.2014,3,2014,True,0.0264618423763258,0.013644404709339142
126,19.09.2014,3,2014,True,0.0264770427077641,0.013552547432482243
126,22.09.2014,3,2014,True,0.0264772052323862,0.013625994324684143
126,23.09.2014,3,2014,True,0.0266019256544153,0.01348805706948042
126,24.09.2014,3,2014,True,0.0269857484339178,0.01370773185044527
126,25.09.2014,3,2014,True,0.027268028653938,0.013475203886628151
126,26.09.2014,3,2014,True,0.0272660007106323,0.013207752257585526
126,29.09.2014,3,2014,True,0.0273011148686514,0.013475203886628151
126,30.09.2014,3,2014,True,0.0274602715017152,0.013304087333381176
126,01.10.2014,3,2014,True,0.0276302580806063,0.013326592743396759
126,02.10.2014,3,2014,True,0.0281462933713462,0.01247653178870678
126,03.10.2014,3,2014,True,0.0281954511669438,0.012524308636784554
126,06.10.2014,3,2014,True,0.028659736686894,0.012614067643880844
126,07.10.2014,3,2014,True,0.0287266326092424,0.01257286686450243
126,08.10.2014,3,2014,True,0.0288215535087968,0.013787168078124523
126,09.10.2014,3,2014,True,0.0288073921395824,0.013787168078124523
126,10.10.2014,3,2014,True,0.02882378384501,0.015447293408215046
126,13.10.2014,3,2014,True,0.0289760329993471,0.01558523066341877
126,14.10.2014,3,2014,True,0.028741147859365,0.016164949163794518
126,15.10.2014,3,2014,True,0.0290897391921558,0.016923608258366585
126,16.10.2014,3,2014,True,0.0290754357357437,0.016446033492684364
126,17.10.2014,3,2014,True,0.0291261297229604,0.016397476196289062
126,20.10.2014,3,2014,True,0.0291271587452271,0.016446033492684364
126,21.10.2014,3,2014,True,0.0292812324222631,0.016340207308530807
126,22.10.2014,3,2014,True,0.0292588997347338,0.016164949163794518
126,23.10.2014,3,2014,True,0.0291627795478355,0.01633414812386036
126,24.10.2014,3,2014,True,0.0291582270312371,0.016923608258366585
126,27.10.2014,3,2014,True,0.0292160698639878,0.0168761033564806
126,28.10.2014,3,2014,True,0.0292494977106283,0.0168761033564806
126,29.10.2014,3,2014,True,0.0292210689938373,0.016965484246611595
126,30.10.2014,3,2014,True,0.0292127356287998,0.016570018604397774
126,31.10.2014,3,2014,True,0.0292560737202196,0.016757914796471596
126,03.11.2014,3,2014,True,0.0292442691418531,0.016643576323986053
126,04.11.2014,3,2014,True,0.029317464757293,0.01659501902759075
126,05.11.2014,3,2014,True,0.0293158732193978,0.016764217987656593
126,06.11.2014,3,2014,True,0.0293198394820134,0.016757914796471596
126,07.11.2014,3,2014,True,0.0294452439306724,0.01659501902759075
126,10.11.2014,3,2014,True,0.0294290302506607,0.016716713085770607
126,11.11.2014,3,2014,True,0.0294236065885887,0.016668155789375305
126,12.11.2014,3,2014,True,0.0293957625671065,0.016164949163794518
126,13.11.2014,3,2014,True,0.0292768869208117,0.016164949163794518
126,14.11.2014,3,2014,True,0.029426343077446,0.016412705183029175
126,17.11.2014,3,2014,True,0.029403459636084,0.01623808592557907
126,18.11.2014,3,2014,True,0.0294728199228569,0.017061546444892883
126,19.11.2014,3,2014,True,0.0295076725627169,0.01656445488333702
126,20.11.2014,3,2014,True,0.0295455482482627,0.016446033492684364
126,21.11.2014,3,2014,True,0.0295971448054621,0.01613994874060154
126,24.11.2014,3,2014,True,0.0296058255473851,0.01638113521039486
126,25.11.2014,3,2014,True,0.0298860522374695,0.01637602411210537
126,26.11.2014,3,2014,True,0.0298920668382091,0.018933197483420372
126,28.11.2014,3,2014,True,0.0284845476647833,0.016461968421936035
126,01.12.2014,3,2014,True,0.0284097142562959,0.020284371450543404
126,02.12.2014,3,2014,True,0.0284110601686428,0.023098604753613472
126,03.12.2014,3,2014,True,0.02846621831019,0.023167409002780914
126,04.12.2014,3,2014,True,0.028476234648003,0.01989217847585678
126,05.12.2014,3,2014,True,0.0286398537676702,0.020038872957229614
126,08.12.2014,3,2014,True,0.028411904726464,0.018222879618406296
126,09.12.2014,3,2014,True,0.0284092096266748,0.022808706387877464
126,10.12.2014,3,2014,True,0.0282398539959357,0.022936975583434105
126,11.12.2014,3,2014,True,0.0282849064141455,0.022575343027710915
126,12.12.2014,3,2014,True,0.0281645748190137,0.027956493198871613
126,15.12.2014,3,2014,True,0.0281935746114216,0.03130113333463669
126,16.12.2014,3,2014,True,0.0281395012136319,0.031148085370659828
126,17.12.2014,3,2014,True,0.0281958447184672,0.030046338215470314
126,18.12.2014,3,2014,True,0.0281863701420894,0.029578128829598427
126,19.12.2014,3,2014,True,0.0280575391210007,0.029578128829598427
126,22.12.2014,3,2014,True,0.0280266187464696,0.030493151396512985
126,23.12.2014,3,2014,True,0.027936115138294,0.031453099101781845
126,24.12.2014,3,2014,True,0.0278530617040772,0.03165576606988907
126,26.12.2014,3,2014,True,0.0278859180143621,0.030314942821860313
126,29.12.2014,3,2014,True,0.0278659169456861,0.030940158292651176
126,30.12.2014,3,2014,True,0.0279613346748004,0.027476994320750237
126,31.12.2014,3,2014,True,0.0279456370457332,0.026551827788352966
5,02.01.2015,4,2015,True,0.0256324604709535,0.02476893737912178
5,05.01.2015,4,2015,True,0.0237099328972966,0.024843081831932068
5,06.01.2015,4,2015,True,0.0219702012622379,0.023718858137726784
5,07.01.2015,4,2015,True,0.035690152847473,0.026399753987789154
5,08.01.2015,4,2015,True,0.0357931319329843,0.020588677376508713
5,09.01.2015,4,2015,True,0.0362029965956416,0.018460022285580635
5,12.01.2015,4,2015,True,0.0260921595772801,0.02708236686885357
5,13.01.2015,4,2015,True,0.0243411557547239,0.021244507282972336
5,14.01.2015,4,2015,True,0.0162347958055504,0.01740565150976181
5,15.01.2015,4,2015,True,0.0115263173711757,0.027379391714930534
5,16.01.2015,4,2015,True,0.0140426734941443,0.031123938038945198
5,20.01.2015,4,2015,True,0.0188343563666764,0.031084727495908737
5,21.01.2015,4,2015,True,0.020504651951271,0.021121449768543243
5,22.01.2015,4,2015,True,0.0209196239238202,0.0203695185482502
5,23.01.2015,4,2015,True,0.039075358548038,0.017770051956176758
5,26.01.2015,4,2015,True,0.0356388219493405,0.01733475923538208
5,27.01.2015,4,2015,True,0.03824889231551,0.020485587418079376
5,28.01.2015,4,2015,True,0.0550850088060295,0.022562116384506226
5,29.01.2015,4,2015,True,0.0555366969081513,0.017699798569083214
5,30.01.2015,4,2015,True,0.0488529794627829,0.022272715345025063
5,02.02.2015,4,2015,True,0.0481363447978713,0.03642929717898369
5,03.02.2015,4,2015,True,0.04444235194941,0.04751927778124809
5,04.02.2015,4,2015,True,0.0337316874239053,0.03341945260763168
5,05.02.2015,4,2015,True,0.0335037591385917,0.036330871284008026
5,06.02.2015,4,2015,True,0.0318856525401944,0.039825212210416794
5,09.02.2015,4,2015,True,0.050955628500745,0.0353451743721962
5,10.02.2015,4,2015,True,0.0507761055698392,0.026338983327150345
5,11.02.2015,4,2015,True,0.0459314235160729,0.02815193124115467
5,12.02.2015,4,2015,True,0.04442096747834,0.03442280739545822
5,13.02.2015,4,2015,True,0.0469008356847877,0.04771784320473671
5,17.02.2015,4,2015,True,0.0139319369185325,0.024926193058490753
5,18.02.2015,4,2015,True,0.0269749277040115,0.032007623463869095
5,19.02.2015,4,2015,True,0.0300850849357802,0.03416566923260689
5,20.02.2015,4,2015,True,0.0354589876891727,0.030568387359380722
5,23.02.2015,4,2015,True,0.0426910665170011,0.03237054497003555
5,24.02.2015,4,2015,True,0.0435560042989139,0.02961703948676586
5,25.02.2015,4,2015,True,0.0369374277502437,0.02313997596502304
5,26.02.2015,4,2015,True,0.0347730361976785,0.02236083336174488
5,27.02.2015,4,2015,True,0.0267626422919022,0.03492901474237442
5,02.03.2015,4,2015,True,0.0171248516336096,0.03725707158446312
5,03.03.2015,4,2015,True,0.0138811945818251,0.030632726848125458
5,04.03.2015,4,2015,True,0.0214704225760301,0.030087245628237724
5,05.03.2015,4,2015,True,0.0209609787275933,0.03249587491154671
5,06.03.2015,4,2015,True,0.0253233574115873,0.034963563084602356
5,09.03.2015,4,2015,True,0.025410060710523,0.0271961260586977
5,10.03.2015,4,2015,True,0.0238188182612589,0.02718106098473072
5,11.03.2015,4,2015,True,0.0329263520752349,0.03419915959239006
5,12.03.2015,4,2015,True,0.0342967497509831,0.027598921209573746
5,13.03.2015,4,2015,True,0.0297120037952288,0.028008736670017242
5,16.03.2015,4,2015,True,0.0262018860294126,0.03896951302886009
5,17.03.2015,4,2015,True,0.0281907633015347,0.026757199317216873
5,18.03.2015,4,2015,True,0.0217625862708179,0.02938830852508545
5,19.03.2015,4,2015,True,0.0222821592960103,0.02078292705118656
5,20.03.2015,4,2015,True,0.0366289211337475,0.02856350876390934
5,23.03.2015,4,2015,True,0.0364771147192442,0.023493744432926178
5,24.03.2015,4,2015,True,0.0373060290771373,0.019240280613303185
5,25.03.2015,4,2015,True,0.0393652125811183,0.019237693399190903
5,26.03.2015,4,2015,True,0.0331436048461316,0.021806033328175545
5,27.03.2015,4,2015,True,0.0392174688980278,0.021893002092838287
5,30.03.2015,4,2015,True,0.0391498813599638,0.03183276951313019
5,31.03.2015,4,2015,True,0.0499536303670163,0.03019179031252861
5,01.04.2015,4,2015,True,0.0475643232592402,0.02797115035355091
5,02.04.2015,4,2015,True,0.0435139923101517,0.022787531837821007
5,06.04.2015,4,2015,True,0.0352252913662563,0.01856989413499832
5,07.04.2015,4,2015,True,0.034400923092164,0.0312443058937788
5,08.04.2015,4,2015,True,0.0120242732788082,0.02498333901166916
5,09.04.2015,4,2015,True,0.0136747919999582,0.03141149878501892
5,10.04.2015,4,2015,True,0.0213436423200876,0.019504602998495102
5,13.04.2015,4,2015,True,0.0215584855199947,0.021629082038998604
5,14.04.2015,4,2015,True,0.0282142015573121,0.038814838975667953
5,15.04.2015,4,2015,True,0.0260125923900212,0.02220252901315689
5,16.04.2015,4,2015,True,0.0278649717260549,0.024180755019187927
5,17.04.2015,4,2015,True,0.0198220423973258,0.022121615707874298
5,20.04.2015,4,2015,True,0.0205463118864805,0.025560922920703888
5,21.04.2015,4,2015,True,0.0157062747468119,0.026059530675411224
5,22.04.2015,4,2015,True,0.0163929237085128,0.029679717496037483
5,23.04.2015,4,2015,True,0.0108100917999441,0.023491932079195976
5,24.04.2015,4,2015,True,0.011775541487395,0.024082370102405548
5,27.04.2015,4,2015,True,0.0105969556696399,0.01843770407140255
5,28.04.2015,4,2015,True,0.0104588015581745,0.016626223921775818
5,29.04.2015,4,2015,True,0.0090268523675964,0.013715297915041447
5,30.04.2015,4,2015,True,0.0183109492371982,0.015819348394870758
5,01.05.2015,4,2015,True,0.0183092357322812,0.01331834215670824
5,04.05.2015,4,2015,True,0.0182886436916197,0.018101923167705536
5,05.05.2015,4,2015,True,0.0226357020994027,0.0152110755443573
5,06.05.2015,4,2015,True,0.0224443225482136,0.012967350892722607
5,07.05.2015,4,2015,True,0.0149712846762452,0.01875831000506878
5,08.05.2015,4,2015,True,0.0148150855497434,0.01665366254746914
5,11.05.2015,4,2015,True,0.014335682385094,0.01646178402006626
5,12.05.2015,4,2015,True,0.0145624396136956,0.012784036807715893
5,13.05.2015,4,2015,True,0.0181912320625137,0.01761900633573532
5,14.05.2015,4,2015,True,0.0222791891535873,0.014664833433926105
5,15.05.2015,4,2015,True,0.0236325686731577,0.01722027361392975
5,18.05.2015,4,2015,True,0.0256193444767971,0.011345849372446537
5,19.05.2015,4,2015,True,0.0236834986632334,0.014389385469257832
5,20.05.2015,4,2015,True,0.0221734166133576,0.017491789534687996
5,21.05.2015,4,2015,True,0.0310433554449813,0.015596575103700161
5,22.05.2015,4,2015,True,0.0303375838904208,0.012794047594070435
5,26.05.2015,4,2015,True,0.0272794040882373,0.01387235801666975
5,27.05.2015,4,2015,True,0.0272057536528595,0.014572026208043098
5,28.05.2015,4,2015,True,0.0309026919761238,0.017419757321476936
5,29.05.2015,4,2015,True,0.0214747476859794,0.01655789464712143
5,01.06.2015,4,2015,True,0.0214528914474596,0.01638493686914444
5,02.06.2015,4,2015,True,0.0280655053453147,0.016141630709171295
5,03.06.2015,4,2015,True,0.0248505060406258,0.016917869448661804
5,04.06.2015,4,2015,True,0.0191215942783303,0.015338975936174393
5,05.06.2015,4,2015,True,0.021617404878379,0.0174994058907032
5,08.06.2015,4,2015,True,0.0233697199472905,0.014052876271307468
5,09.06.2015,4,2015,True,0.013754967558292,0.013626769185066223
5,10.06.2015,4,2015,True,0.0163780993520989,0.01349796075373888
5,11.06.2015,4,2015,True,0.0169832352391422,0.008922768756747246
5,12.06.2015,4,2015,True,0.0170462681085975,0.008767230436205864
5,15.06.2015,4,2015,True,0.014141989691447,0.005666332319378853
5,16.06.2015,4,2015,True,0.0155278360488128,0.0142265185713768
5,17.06.2015,4,2015,True,0.0155104107415992,0.015307286754250526
5,18.06.2015,4,2015,True,0.0149831674405036,0.01431466918438673
5,19.06.2015,4,2015,True,0.0119545924576755,0.013533181510865688
5,22.06.2015,4,2015,True,0.0146383051866468,0.011979369446635246
5,23.06.2015,4,2015,True,0.0176234563108548,0.01279339101165533
5,24.06.2015,4,2015,True,0.019843178961129,0.013589424081146717
5,25.06.2015,4,2015,True,0.0200071935504995,0.0132099948823452
5,26.06.2015,4,2015,True,0.044301394268563,0.010972757823765278
5,29.06.2015,4,2015,True,0.0460839298578936,0.010222497396171093
5,30.06.2015,4,2015,True,0.0419169630374397,0.019734937697649002
5,01.07.2015,4,2015,True,0.0470174029661122,0.015612440183758736
5,02.07.2015,4,2015,True,0.0470900195855053,0.01590237021446228
5,06.07.2015,4,2015,True,0.0149765261824911,0.015574480406939983
5,07.07.2015,4,2015,True,0.0152907940708799,0.020522693172097206
5,08.07.2015,4,2015,True,0.0207793578712462,0.020788714289665222
5,09.07.2015,4,2015,True,0.0157484298743601,0.021785223856568336
5,10.07.2015,4,2015,True,0.0155966014601796,0.020553888753056526
5,13.07.2015,4,2015,True,0.0156218575300341,0.026571327820420265
5,14.07.2015,4,2015,True,0.0146025390223411,0.022001126781105995
5,15.07.2015,4,2015,True,0.0117223339365439,0.01961713843047619
5,16.07.2015,4,2015,True,0.0107325324277688,0.026613673195242882
5,17.07.2015,4,2015,True,0.009760768288441,0.020060041919350624
5,20.07.2015,4,2015,True,0.0108324801173805,0.01970745250582695
5,21.07.2015,4,2015,True,0.0067106149912624,0.020695483312010765
5,22.07.2015,4,2015,True,0.0092040122798876,0.025709938257932663
5,23.07.2015,4,2015,True,0.0093024420493415,0.019376181066036224
5,24.07.2015,4,2015,True,0.0111172041096776,0.01970857009291649
5,27.07.2015,4,2015,True,0.0227433139038055,0.02061787247657776
5,28.07.2015,4,2015,True,0.0250197727347232,0.026389436796307564
5,29.07.2015,4,2015,True,0.0239977957142511,0.01922152191400528
5,30.07.2015,4,2015,True,0.0239838059698278,0.01842222549021244
5,31.07.2015,4,2015,True,0.0238591688313478,0.019050950184464455
5,03.08.2015,4,2015,True,0.0209665566156928,0.020424166694283485
5,04.08.2015,4,2015,True,0.0239241181411546,0.018364498391747475
5,05.08.2015,4,2015,True,0.0243527390966834,0.01219644770026207
5,06.08.2015,4,2015,True,0.0247105547316162,0.016929013654589653
5,07.08.2015,4,2015,True,0.0229454983395183,0.01591137796640396
5,10.08.2015,4,2015,True,0.0126947152549651,0.01764853484928608
5,11.08.2015,4,2015,True,0.0070235191928925,0.01676182821393013
5,12.08.2015,4,2015,True,0.0138146815788231,0.020423801615834236
5,13.08.2015,4,2015,True,0.0137964696950116,0.022088738158345222
5,14.08.2015,4,2015,True,0.0143813154659793,0.018794165924191475
5,17.08.2015,4,2015,True,0.0228478108212522,0.019845308735966682
5,18.08.2015,4,2015,True,0.0277442661019926,0.01660289615392685
5,19.08.2015,4,2015,True,0.0286422967785792,0.016977429389953613
5,20.08.2015,4,2015,True,0.0595212869071238,0.02389375865459442
5,21.08.2015,4,2015,True,0.0599365592374193,0.022992009297013283
5,24.08.2015,4,2015,True,0.0423018942970677,0.02479262836277485
5,25.08.2015,4,2015,True,0.0748427339383884,0.022106017917394638
5,26.08.2015,4,2015,True,0.0734054059766548,0.024892212823033333
5,27.08.2015,4,2015,True,0.0636532956525325,0.022672319784760475
5,28.08.2015,4,2015,True,0.0609304330814699,0.0332140289247036
5,31.08.2015,4,2015,True,0.0420472217953078,0.044104691594839096
5,01.09.2015,4,2015,True,0.0228528302740681,0.04502725601196289
5,02.09.2015,4,2015,True,0.0254762636544343,0.03252831846475601
5,03.09.2015,4,2015,True,0.0250184536375166,0.036391012370586395
5,04.09.2015,4,2015,True,0.0276951568365916,0.03763800114393234
5,08.09.2015,4,2015,True,0.028658307875335,0.03066244348883629
5,09.09.2015,4,2015,True,0.0241173305141204,0.030870050191879272
5,10.09.2015,4,2015,True,0.0329282281824889,0.01742919534444809
5,11.09.2015,4,2015,True,0.0359661995029729,0.021264776587486267
5,14.09.2015,4,2015,True,0.0321806882195054,0.019957270473241806
5,15.09.2015,4,2015,True,0.0322897516018268,0.028130237013101578
5,16.09.2015,4,2015,True,0.0365127863093366,0.03670566901564598
5,17.09.2015,4,2015,True,0.0264093740818774,0.03002542443573475
5,18.09.2015,4,2015,True,0.0207104675081556,0.028815891593694687
5,21.09.2015,4,2015,True,0.0186782560954445,0.03596899285912514
5,22.09.2015,4,2015,True,0.0217157040832666,0.031052900478243828
5,23.09.2015,4,2015,True,0.0170858357909941,0.02594965137541294
5,24.09.2015,4,2015,True,0.0180602470895764,0.04722822085022926
5,25.09.2015,4,2015,True,0.0181054328961381,0.023527123034000397
5,28.09.2015,4,2015,True,0.0146319874282707,0.024025920778512955
5,29.09.2015,4,2015,True,0.0251129105604105,0.02675081603229046
5,30.09.2015,4,2015,True,0.027505849689142,0.02305172197520733
5,01.10.2015,4,2015,True,0.0242317943864377,0.01894945092499256
5,02.10.2015,4,2015,True,0.0272913695069112,0.019595034420490265
5,05.10.2015,4,2015,True,0.041820114421386,0.01665611006319523
5,06.10.2015,4,2015,True,0.0309577710969731,0.019553476944565773
5,07.10.2015,4,2015,True,0.0311902730453628,0.019261011853814125
5,08.10.2015,4,2015,True,0.0212462827990388,0.022824611514806747
5,09.10.2015,4,2015,True,0.0224063505831055,0.022872410714626312
5,12.10.2015,4,2015,True,0.0054337131806734,0.019996292889118195
5,13.10.2015,4,2015,True,0.004220794475249,0.027046246454119682
5,14.10.2015,4,2015,True,0.0081384612548149,0.020115448161959648
5,15.10.2015,4,2015,True,0.0089006045996093,0.023360472172498703
5,16.10.2015,4,2015,True,0.0087648090396476,0.019318439066410065
5,19.10.2015,4,2015,True,0.0091885382673876,0.01679248735308647
5,20.10.2015,4,2015,True,0.0094264345885947,0.014913259074091911
5,21.10.2015,4,2015,True,0.0245812960131699,0.020163418725132942
5,22.10.2015,4,2015,True,0.0249929535317697,0.017907951027154922
5,23.10.2015,4,2015,True,0.0253516778415059,0.018671831116080284
5,26.10.2015,4,2015,True,0.0264565765868013,0.026158543303608894
5,27.10.2015,4,2015,True,0.0262740103167148,0.022023430094122887
5,28.10.2015,4,2015,True,0.0287135649929258,0.022261591628193855
5,29.10.2015,4,2015,True,0.0291003405430691,0.018481677398085594
5,30.10.2015,4,2015,True,0.0271758036693227,0.01882157288491726
5,02.11.2015,4,2015,True,0.0269251474495036,0.014255406334996223
5,03.11.2015,4,2015,True,0.0166352628862902,0.016726991161704063
5,04.11.2015,4,2015,True,0.0148063166333724,0.017376404255628586
5,05.11.2015,4,2015,True,0.0192095984549435,0.017739785835146904
5,06.11.2015,4,2015,True,0.0193223943154177,0.015416356734931469
5,09.11.2015,4,2015,True,0.0200412623821603,0.01677887700498104
5,10.11.2015,4,2015,True,0.0186892836169339,0.01955820620059967
5,11.11.2015,4,2015,True,0.0194688287305394,0.018547501415014267
5,12.11.2015,4,2015,True,0.0082793695779768,0.023104172199964523
5,13.11.2015,4,2015,True,0.0065924981734006,0.017572378739714622
5,16.11.2015,4,2015,True,0.0059386914552839,0.0186103917658329
5,17.11.2015,4,2015,True,0.0107092142299232,0.021509476006031036
5,18.11.2015,4,2015,True,0.0115504932106102,0.02338617481291294
5,19.11.2015,4,2015,True,0.0207305425331019,0.01772184856235981
5,20.11.2015,4,2015,True,0.0204932448697719,0.027107883244752884
5,23.11.2015,4,2015,True,0.0204023095875599,0.025221185758709908
5,24.11.2015,4,2015,True,0.0196521417320975,0.02105436846613884
5,25.11.2015,4,2015,True,0.0288518804429941,0.03926080837845802
5,27.11.2015,4,2015,True,0.0276277793282844,0.0229758583009243
5,30.11.2015,4,2015,True,0.0341544154000885,0.023732149973511696
5,01.12.2015,4,2015,True,0.0335060496802465,0.02304147183895111
5,02.12.2015,4,2015,True,0.0307333244703819,0.018946371972560883
5,03.12.2015,4,2015,True,0.0201054347445919,0.019935740157961845
5,04.12.2015,4,2015,True,0.0233582158760819,0.021631378680467606
5,07.12.2015,4,2015,True,0.018485865424511,0.019272075966000557
5,08.12.2015,4,2015,True,0.02249287662301,0.022728420794010162
5,09.12.2015,4,2015,True,0.0244973515055073,0.019538288936018944
5,10.12.2015,4,2015,True,0.0253599147420805,0.018550874665379524
5,11.12.2015,4,2015,True,0.0173994356909709,0.01391842495650053
5,14.12.2015,4,2015,True,0.017467454921577,0.018472421914339066
5,15.12.2015,4,2015,True,0.0126568119269504,0.017477065324783325
5,16.12.2015,4,2015,True,0.0191902066631006,0.018279489129781723
5,17.12.2015,4,2015,True,0.0200250529630868,0.017026564106345177
5,18.12.2015,4,2015,True,0.0262785157049343,0.020023545250296593
5,21.12.2015,4,2015,True,0.0285041804385803,0.01916499063372612
5,22.12.2015,4,2015,True,0.0345435819238273,0.015927471220493317
5,23.12.2015,4,2015,True,0.0321220466480409,0.019227338954806328
5,24.12.2015,4,2015,True,0.0310995394782399,0.019291242584586143
5,28.12.2015,4,2015,True,0.0284437687866263,0.01727484166622162
5,29.12.2015,4,2015,True,0.0321757310240653,0.018882814794778824
5,30.12.2015,4,2015,True,0.0309099022429775,0.025993868708610535
5,31.12.2015,4,2015,True,0.024149129026193,0.02038615755736828
22,02.01.2015,4,2015,True,0.036454003246098,0.023852037265896797
22,05.01.2015,4,2015,True,0.0352148947838802,0.02487289160490036
22,06.01.2015,4,2015,True,0.034161492450844,0.025984274223446846
22,07.01.2015,4,2015,True,0.0341539442344388,0.025627847760915756
22,08.01.2015,4,2015,True,0.0351217504489939,0.024638164788484573
22,09.01.2015,4,2015,True,0.0357012524614829,0.021527092903852463
22,12.01.2015,4,2015,True,0.0340654761175048,0.023082349449396133
22,13.01.2015,4,2015,True,0.0335659081403405,0.025301650166511536
22,14.01.2015,4,2015,True,0.0366481370438628,0.023612303659319878
22,15.01.2015,4,2015,True,0.0372029661547698,0.026604661718010902
22,16.01.2015,4,2015,True,0.0372992442891439,0.027525097131729126
22,20.01.2015,4,2015,True,0.0373556214952553,0.02635933645069599
22,21.01.2015,4,2015,True,0.0378903727077808,0.022150611504912376
22,22.01.2015,4,2015,True,0.0377640015100771,0.022188255563378334
22,23.01.2015,4,2015,True,0.0387380739691978,0.024343809112906456
22,26.01.2015,4,2015,True,0.0392106096918362,0.02451721765100956
22,27.01.2015,4,2015,True,0.0395683921299757,0.021940290927886963
22,28.01.2015,4,2015,True,0.0410344104970206,0.024969972670078278
22,29.01.2015,4,2015,True,0.0411550261894416,0.024453694000840187
22,30.01.2015,4,2015,True,0.0385662580630387,0.02263442799448967
22,02.02.2015,4,2015,True,0.0381265870772915,0.032439496368169785
22,03.02.2015,4,2015,True,0.0364758550646474,0.03576938435435295
22,04.02.2015,4,2015,True,0.0335516687348119,0.033306289464235306
22,05.02.2015,4,2015,True,0.0333846419080673,0.04033317416906357
22,06.02.2015,4,2015,True,0.0333449914296978,0.04109210520982742
22,09.02.2015,4,2015,True,0.033314419990445,0.029548034071922302
22,10.02.2015,4,2015,True,0.0338313890792574,0.028821464627981186
22,11.02.2015,4,2015,True,0.0334951985435918,0.030119962990283966
22,12.02.2015,4,2015,True,0.0320393057021528,0.03017175756394863
22,13.02.2015,4,2015,True,0.0336256578776736,0.035131312906742096
22,17.02.2015,4,2015,True,0.0278283212376172,0.02639220654964447
22,18.02.2015,4,2015,True,0.0275816243984495,0.031704556196928024
22,19.02.2015,4,2015,True,0.0277607235806087,0.029221046715974808
22,20.02.2015,4,2015,True,0.0278496118499637,0.029022889211773872
22,23.02.2015,4,2015,True,0.0281803435747379,0.029137248173356056
22,24.02.2015,4,2015,True,0.0300260590484219,0.029323216527700424
22,25.02.2015,4,2015,True,0.0296449250665583,0.025316718965768814
22,26.02.2015,4,2015,True,0.0292373435233924,0.023748232051730156
22,27.02.2015,4,2015,True,0.0277339576869872,0.028663281351327896
22,02.03.2015,4,2015,True,0.0272432055571291,0.031589120626449585
22,03.03.2015,4,2015,True,0.0276343433390716,0.029836826026439667
22,04.03.2015,4,2015,True,0.0305079399467737,0.028629573062062263
22,05.03.2015,4,2015,True,0.0307646370081202,0.027866702526807785
22,06.03.2015,4,2015,True,0.0333398466138182,0.0321735143661499
22,09.03.2015,4,2015,True,0.0334152508531775,0.026787085458636284
22,10.03.2015,4,2015,True,0.0328047700072591,0.025624502450227737
22,11.03.2015,4,2015,True,0.0325292121417122,0.029740961268544197
22,12.03.2015,4,2015,True,0.0325194534259085,0.027209468185901642
22,13.03.2015,4,2015,True,0.0315816859921992,0.026532746851444244
22,16.03.2015,4,2015,True,0.0310051757718654,0.03029150888323784
22,17.03.2015,4,2015,True,0.0323323700333958,0.02812339924275875
22,18.03.2015,4,2015,True,0.0312515758759507,0.02314331755042076
22,19.03.2015,4,2015,True,0.0310207242522601,0.022501014173030853
22,20.03.2015,4,2015,True,0.030954093169634,0.026431718841195107
22,23.03.2015,4,2015,True,0.0314946332617026,0.023589644581079483
22,24.03.2015,4,2015,True,0.0311333342718549,0.021951949223876
22,25.03.2015,4,2015,True,0.0310448056917463,0.024047765880823135
22,26.03.2015,4,2015,True,0.0297314011024455,0.023273926228284836
22,27.03.2015,4,2015,True,0.0274761534562875,0.023927511647343636
22,30.03.2015,4,2015,True,0.0274373060342002,0.02595364861190319
22,31.03.2015,4,2015,True,0.0268296719735653,0.022300517186522484
22,01.04.2015,4,2015,True,0.0261924562223899,0.0252779982984066
22,02.04.2015,4,2015,True,0.0242068820319879,0.02309734933078289
22,06.04.2015,4,2015,True,0.021854288864629,0.021726172417402267
22,07.04.2015,4,2015,True,0.0233564478475721,0.031114963814616203
22,08.04.2015,4,2015,True,0.0181279484588682,0.02756364829838276
22,09.04.2015,4,2015,True,0.0182229279910493,0.028599070385098457
22,10.04.2015,4,2015,True,0.0185745905845733,0.02571459300816059
22,13.04.2015,4,2015,True,0.0186037503528774,0.02376043051481247
22,14.04.2015,4,2015,True,0.0187119400210895,0.03107619099318981
22,15.04.2015,4,2015,True,0.0178278718730516,0.02704683691263199
22,16.04.2015,4,2015,True,0.0179203905834142,0.02423570305109024
22,17.04.2015,4,2015,True,0.0167582332701417,0.023294856771826744
22,20.04.2015,4,2015,True,0.0170695564287223,0.024346550926566124
22,21.04.2015,4,2015,True,0.0168719376934932,0.022280380129814148
22,22.04.2015,4,2015,True,0.0173557567022247,0.02436908707022667
22,23.04.2015,4,2015,True,0.0168151454222505,0.0230312068015337
22,24.04.2015,4,2015,True,0.0175778355662096,0.02368481270968914
22,27.04.2015,4,2015,True,0.0176877082671825,0.0192171148955822
22,28.04.2015,4,2015,True,0.020439319670921,0.018247799947857857
22,29.04.2015,4,2015,True,0.0201691884455215,0.019044723361730576
22,30.04.2015,4,2015,True,0.020025985249804,0.01872323639690876
22,01.05.2015,4,2015,True,0.0207292593870735,0.017899777740240097
22,04.05.2015,4,2015,True,0.021465133360276,0.018425114452838898
22,05.05.2015,4,2015,True,0.0216737289296382,0.018321974202990532
22,06.05.2015,4,2015,True,0.0216689328527841,0.018286701291799545
22,07.05.2015,4,2015,True,0.0220294849315067,0.017988810315728188
22,08.05.2015,4,2015,True,0.0221975900937374,0.01756581850349903
22,11.05.2015,4,2015,True,0.0222272589755798,0.016671055927872658
22,12.05.2015,4,2015,True,0.0215737723298363,0.016296545043587685
22,13.05.2015,4,2015,True,0.0219023169899287,0.017733419314026833
22,14.05.2015,4,2015,True,0.0219131652639499,0.01602875255048275
22,15.05.2015,4,2015,True,0.0224256849763122,0.017122846096754074
22,18.05.2015,4,2015,True,0.0224802560299623,0.01618143729865551
22,19.05.2015,4,2015,True,0.0216366029558762,0.01698887348175049
22,20.05.2015,4,2015,True,0.0213712921943803,0.016711855307221413
22,21.05.2015,4,2015,True,0.0211023484073544,0.016237789765000343
22,22.05.2015,4,2015,True,0.0210097441491766,0.01591292768716812
22,26.05.2015,4,2015,True,0.0203219815546983,0.01612650603055954
22,27.05.2015,4,2015,True,0.0194729726300581,0.017620231956243515
22,28.05.2015,4,2015,True,0.0198861956740879,0.016954075545072556
22,29.05.2015,4,2015,True,0.017908658933239,0.015949241816997528
22,01.06.2015,4,2015,True,0.0185276282463536,0.01767202652990818
22,02.06.2015,4,2015,True,0.0183671322860091,0.016813406720757484
22,03.06.2015,4,2015,True,0.0263455451324147,0.017502913251519203
22,04.06.2015,4,2015,True,0.025941205094236,0.01813500188291073
22,05.06.2015,4,2015,True,0.0254295767411291,0.01785500906407833
22,08.06.2015,4,2015,True,0.0262748495317626,0.017341304570436478
22,09.06.2015,4,2015,True,0.0249550902826979,0.01740076392889023
22,10.06.2015,4,2015,True,0.0247491351074988,0.01791822351515293
22,11.06.2015,4,2015,True,0.025001863751271,0.017168311402201653
22,12.06.2015,4,2015,True,0.0251996031746873,0.016797004267573357
22,15.06.2015,4,2015,True,0.0251229121328812,0.01790804974734783
22,16.06.2015,4,2015,True,0.0251217781395898,0.017726216465234756
22,17.06.2015,4,2015,True,0.0246656466616165,0.01853805221617222
22,18.06.2015,4,2015,True,0.0246834161794379,0.018317820504307747
22,19.06.2015,4,2015,True,0.0246015899043408,0.017684059217572212
22,22.06.2015,4,2015,True,0.0245801007275139,0.018023788928985596
22,23.06.2015,4,2015,True,0.0240291239621212,0.018135830760002136
22,24.06.2015,4,2015,True,0.0241590154453783,0.017030345275998116
22,25.06.2015,4,2015,True,0.0241697110287165,0.016203168779611588
22,26.06.2015,4,2015,True,0.0241794307866469,0.01516379602253437
22,29.06.2015,4,2015,True,0.0240564843220552,0.014390756376087666
22,30.06.2015,4,2015,True,0.0231209288637053,0.01742612197995186
22,01.07.2015,4,2015,True,0.0247454019255005,0.015874018892645836
22,02.07.2015,4,2015,True,0.0249927994592204,0.016889242455363274
22,06.07.2015,4,2015,True,0.0166502299634753,0.016752315685153008
22,07.07.2015,4,2015,True,0.0164891609184521,0.018829798325896263
22,08.07.2015,4,2015,True,0.016536354147849,0.018229890614748
22,09.07.2015,4,2015,True,0.0175517332972683,0.01772674359381199
22,10.07.2015,4,2015,True,0.0178303610845234,0.017714694142341614
22,13.07.2015,4,2015,True,0.0181462967392414,0.017684027552604675
22,14.07.2015,4,2015,True,0.0176823800677018,0.018575506284832954
22,15.07.2015,4,2015,True,0.0172626470820633,0.018405478447675705
22,16.07.2015,4,2015,True,0.0170153318858045,0.017438236624002457
22,17.07.2015,4,2015,True,0.0169472754578701,0.017798475921154022
22,20.07.2015,4,2015,True,0.0178342263393723,0.01830517314374447
22,21.07.2015,4,2015,True,0.017516184895895,0.018121637403964996
22,22.07.2015,4,2015,True,0.0177930798206526,0.018023427575826645
22,23.07.2015,4,2015,True,0.021101985751724,0.018760427832603455
22,24.07.2015,4,2015,True,0.02170558049804,0.01871665194630623
22,27.07.2015,4,2015,True,0.0216517859662213,0.01921187900006771
22,28.07.2015,4,2015,True,0.0315123103478427,0.01956745609641075
22,29.07.2015,4,2015,True,0.03370526579115,0.018936671316623688
22,30.07.2015,4,2015,True,0.0379423051207955,0.01886003464460373
22,31.07.2015,4,2015,True,0.0422748285624589,0.019273685291409492
22,03.08.2015,4,2015,True,0.0409361665241519,0.019419122487306595
22,04.08.2015,4,2015,True,0.0408967945681581,0.020649630576372147
22,05.08.2015,4,2015,True,0.0411286285008557,0.0170496366918087
22,06.08.2015,4,2015,True,0.0411293863841675,0.01794847846031189
22,07.08.2015,4,2015,True,0.0418366611027956,0.0183775145560503
22,10.08.2015,4,2015,True,0.0414902651040073,0.019874069839715958
22,11.08.2015,4,2015,True,0.0412892855356597,0.018847402185201645
22,12.08.2015,4,2015,True,0.0419279795415188,0.01906377449631691
22,13.08.2015,4,2015,True,0.0419466110608552,0.01873573660850525
22,14.08.2015,4,2015,True,0.0419475111010474,0.019226647913455963
22,17.08.2015,4,2015,True,0.0434983365785201,0.01842680014669895
22,18.08.2015,4,2015,True,0.0440731427940998,0.01793218031525612
22,19.08.2015,4,2015,True,0.0439090904312537,0.01832602359354496
22,20.08.2015,4,2015,True,0.0438107604234548,0.018038557842373848
22,21.08.2015,4,2015,True,0.0438814986493922,0.01925555244088173
22,24.08.2015,4,2015,True,0.0414087585166208,0.021092915907502174
22,25.08.2015,4,2015,True,0.041389939790044,0.023063363507390022
22,26.08.2015,4,2015,True,0.0419176161139104,0.02299886755645275
22,27.08.2015,4,2015,True,0.0365896355471772,0.022501451894640923
22,28.08.2015,4,2015,True,0.0348295431453403,0.03393947705626488
22,31.08.2015,4,2015,True,0.0299170604375406,0.03413756564259529
22,01.09.2015,4,2015,True,0.0236333486134997,0.036942675709724426
22,02.09.2015,4,2015,True,0.023820540386592,0.03635324165225029
22,03.09.2015,4,2015,True,0.026450666888559,0.03744884580373764
22,04.09.2015,4,2015,True,0.0261328245359646,0.032736167311668396
22,08.09.2015,4,2015,True,0.0269582781251632,0.030419861897826195
22,09.09.2015,4,2015,True,0.0253277419793297,0.027458230033516884
22,10.09.2015,4,2015,True,0.027728846064668,0.023415131494402885
22,11.09.2015,4,2015,True,0.027653109762829,0.0236293263733387
22,14.09.2015,4,2015,True,0.026302029525239,0.023849884048104286
22,15.09.2015,4,2015,True,0.0264078454175928,0.0276043638586998
22,16.09.2015,4,2015,True,0.0264047994160843,0.0268796905875206
22,17.09.2015,4,2015,True,0.0239711634189232,0.029995109885931015
22,18.09.2015,4,2015,True,0.0228167528326745,0.033990487456321716
22,21.09.2015,4,2015,True,0.0222032674067188,0.035520751029253006
22,22.09.2015,4,2015,True,0.0222196692402588,0.03080352209508419
22,23.09.2015,4,2015,True,0.0214196995318,0.02526002936065197
22,24.09.2015,4,2015,True,0.0214256269884064,0.03329265117645264
22,25.09.2015,4,2015,True,0.0215412741575327,0.025719085708260536
22,28.09.2015,4,2015,True,0.023141660930182,0.027004126459360123
22,29.09.2015,4,2015,True,0.0228623445588772,0.024998731911182404
22,30.09.2015,4,2015,True,0.0230798462465391,0.023347966372966766
22,01.10.2015,4,2015,True,0.0231292667120697,0.02332911640405655
22,02.10.2015,4,2015,True,0.0242082638113885,0.022289244458079338
22,05.10.2015,4,2015,True,0.0253002047398385,0.018976792693138123
22,06.10.2015,4,2015,True,0.0223975982671834,0.020205944776535034
22,07.10.2015,4,2015,True,0.0224028906285631,0.024928390979766846
22,08.10.2015,4,2015,True,0.0208618481806299,0.019777823239564896
22,09.10.2015,4,2015,True,0.0209755424674114,0.020900636911392212
22,12.10.2015,4,2015,True,0.0191045848340455,0.019826309755444527
22,13.10.2015,4,2015,True,0.0204588437369217,0.02504766173660755
22,14.10.2015,4,2015,True,0.0204746149158232,0.021663369610905647
22,15.10.2015,4,2015,True,0.0204824714095327,0.018808353692293167
22,16.10.2015,4,2015,True,0.0204747864486127,0.01927732676267624
22,19.10.2015,4,2015,True,0.0208313888467157,0.019490055739879608
22,20.10.2015,4,2015,True,0.0208159065384055,0.020548833534121513
22,21.10.2015,4,2015,True,0.0208344181472612,0.02011166885495186
22,22.10.2015,4,2015,True,0.0208174399999923,0.020263509824872017
22,23.10.2015,4,2015,True,0.0218793495697508,0.019592465832829475
22,26.10.2015,4,2015,True,0.0218198032896957,0.020280057564377785
22,27.10.2015,4,2015,True,0.0224072531600783,0.02021879516541958
22,28.10.2015,4,2015,True,0.0195949074589064,0.02388160303235054
22,29.10.2015,4,2015,True,0.0195943407190535,0.025044668465852737
22,30.10.2015,4,2015,True,0.0208836125095689,0.020669005811214447
22,02.11.2015,4,2015,True,0.0223056176470251,0.020176444202661514
22,03.11.2015,4,2015,True,0.0206033896624603,0.019855445250868797
22,04.11.2015,4,2015,True,0.021893741116216,0.019706815481185913
22,05.11.2015,4,2015,True,0.0218865517733327,0.019127532839775085
22,06.11.2015,4,2015,True,0.0218875181463704,0.017520679160952568
22,09.11.2015,4,2015,True,0.0218821964907372,0.019032839685678482
22,10.11.2015,4,2015,True,0.023143415113099,0.018692350015044212
22,11.11.2015,4,2015,True,0.02254795467043,0.017879793420433998
22,12.11.2015,4,2015,True,0.0219665680137501,0.020603308454155922
22,13.11.2015,4,2015,True,0.0227075703870179,0.023876499384641647
22,16.11.2015,4,2015,True,0.022713504459163,0.02295413799583912
22,17.11.2015,4,2015,True,0.0226600885230561,0.022233834490180016
22,18.11.2015,4,2015,True,0.0222250663595002,0.022201796993613243
22,19.11.2015,4,2015,True,0.0221258162866528,0.019836533814668655
22,20.11.2015,4,2015,True,0.0236273193431405,0.02104000747203827
22,23.11.2015,4,2015,True,0.0239735504436782,0.023080965504050255
22,24.11.2015,4,2015,True,0.0231912123611283,0.023247260600328445
22,25.11.2015,4,2015,True,0.0247629052917639,0.022807054221630096
22,27.11.2015,4,2015,True,0.0250731334754003,0.02354130521416664
22,30.11.2015,4,2015,True,0.0259621334792843,0.021978851407766342
22,01.12.2015,4,2015,True,0.0259839661407775,0.023376353085041046
22,02.12.2015,4,2015,True,0.0248671299009348,0.021858856081962585
22,03.12.2015,4,2015,True,0.0259582795837725,0.02144608646631241
22,04.12.2015,4,2015,True,0.0259044998473814,0.02054694853723049
22,07.12.2015,4,2015,True,0.0240467309034863,0.02206234633922577
22,08.12.2015,4,2015,True,0.0265421690792248,0.021870732307434082
22,09.12.2015,4,2015,True,0.0265890791719111,0.020543795078992844
22,10.12.2015,4,2015,True,0.0266139610603763,0.020658519119024277
22,11.12.2015,4,2015,True,0.0265226229156437,0.02313925139605999
22,14.12.2015,4,2015,True,0.0265166835060664,0.02315817028284073
22,15.12.2015,4,2015,True,0.029482704719473,0.023133400827646255
22,16.12.2015,4,2015,True,0.0294136154325953,0.02390112541615963
22,17.12.2015,4,2015,True,0.0320915415063924,0.021992461755871773
22,18.12.2015,4,2015,True,0.0393072881158112,0.021999767050147057
22,21.12.2015,4,2015,True,0.0405656295755913,0.023558877408504486
22,22.12.2015,4,2015,True,0.0419299003105449,0.02143753506243229
22,23.12.2015,4,2015,True,0.0422215285398585,0.02380470186471939
22,24.12.2015,4,2015,True,0.042479219889486,0.023356519639492035
22,28.12.2015,4,2015,True,0.0424180045187395,0.02373780496418476
22,29.12.2015,4,2015,True,0.0417425468689466,0.022429559379816055
22,30.12.2015,4,2015,True,0.0428320401722491,0.023454833775758743
22,31.12.2015,4,2015,True,0.0452938781187508,0.022345595061779022
66,02.01.2015,4,2015,True,0.0340581472157001,0.023997973650693893
66,05.01.2015,4,2015,True,0.0333159004660666,0.026816122233867645
66,06.01.2015,4,2015,True,0.0329410829449179,0.02795880287885666
66,07.01.2015,4,2015,True,0.0329511389964762,0.028212886303663254
66,08.01.2015,4,2015,True,0.0331459671839189,0.027522575110197067
66,09.01.2015,4,2015,True,0.0330579224208657,0.025949914008378983
66,12.01.2015,4,2015,True,0.0327425467479461,0.02540133148431778
66,13.01.2015,4,2015,True,0.0326291807693366,0.02816595509648323
66,14.01.2015,4,2015,True,0.0324124824200748,0.027651187032461166
66,15.01.2015,4,2015,True,0.0322727751078471,0.031428948044776917
66,16.01.2015,4,2015,True,0.0324664965305896,0.031119050458073616
66,20.01.2015,4,2015,True,0.0324667815396575,0.031018977984786034
66,21.01.2015,4,2015,True,0.032428947152528,0.026472894474864006
66,22.01.2015,4,2015,True,0.0323897277257342,0.02657296694815159
66,23.01.2015,4,2015,True,0.0324356245237419,0.028058145195245743
66,26.01.2015,4,2015,True,0.032382002882932,0.02770686149597168
66,27.01.2015,4,2015,True,0.0322574496725113,0.02665814198553562
66,28.01.2015,4,2015,True,0.0320800112288826,0.028158217668533325
66,29.01.2015,4,2015,True,0.0320916969161798,0.027809659019112587
66,30.01.2015,4,2015,True,0.0308470079278711,0.02672167867422104
66,02.02.2015,4,2015,True,0.0309661408431911,0.036623019725084305
66,03.02.2015,4,2015,True,0.0302430957630606,0.03492351621389389
66,04.02.2015,4,2015,True,0.0290228359519527,0.036623019725084305
66,05.02.2015,4,2015,True,0.0287710752476118,0.03687180206179619
66,06.02.2015,4,2015,True,0.0286754939628184,0.03779633343219757
66,09.02.2015,4,2015,True,0.0286694041138898,0.03624974936246872
66,10.02.2015,4,2015,True,0.0283302289542485,0.03614967316389084
66,11.02.2015,4,2015,True,0.0280180161767771,0.03633397817611694
66,12.02.2015,4,2015,True,0.0279416991834461,0.033170804381370544
66,13.02.2015,4,2015,True,0.0279896606324833,0.03462154418230057
66,17.02.2015,4,2015,True,0.0260973990099235,0.031007589772343636
66,18.02.2015,4,2015,True,0.0258685076755924,0.03653879091143608
66,19.02.2015,4,2015,True,0.0260659418159602,0.03624974936246872
66,20.02.2015,4,2015,True,0.0262809810462541,0.03614967316389084
66,23.02.2015,4,2015,True,0.0261449593478802,0.03614967316389084
66,24.02.2015,4,2015,True,0.0267314370354432,0.03624974936246872
66,25.02.2015,4,2015,True,0.0260955827400026,0.031041352078318596
66,26.02.2015,4,2015,True,0.0259000450337384,0.031023433431982994
66,27.02.2015,4,2015,True,0.0256279753430597,0.03127221390604973
66,02.03.2015,4,2015,True,0.0251100867435839,0.034603752195835114
66,03.03.2015,4,2015,True,0.0250546356520731,0.036787573248147964
66,04.03.2015,4,2015,True,0.0250667149315775,0.03624974936246872
66,05.03.2015,4,2015,True,0.0254084749192577,0.034073613584041595
66,06.03.2015,4,2015,True,0.0253900770070024,0.03309273719787598
66,09.03.2015,4,2015,True,0.0252792574131361,0.03047812171280384
66,10.03.2015,4,2015,True,0.024948226472108,0.0292440764605999
66,11.03.2015,4,2015,True,0.0249841040840761,0.032711125910282135
66,12.03.2015,4,2015,True,0.024957384961175,0.030358852818608284
66,13.03.2015,4,2015,True,0.0244238100139246,0.030417008325457573
66,16.03.2015,4,2015,True,0.0242247988845232,0.03268032521009445
66,17.03.2015,4,2015,True,0.024377315101947,0.03234435245394707
66,18.03.2015,4,2015,True,0.0237844899939393,0.02672167867422104
66,19.03.2015,4,2015,True,0.0235848656804479,0.028514185920357704
66,20.03.2015,4,2015,True,0.0236198291508383,0.030539363622665405
66,23.03.2015,4,2015,True,0.0236084766117174,0.027958370745182037
66,24.03.2015,4,2015,True,0.0235192651310626,0.024645620957016945
66,25.03.2015,4,2015,True,0.0235033499156651,0.025590157136321068
66,26.03.2015,4,2015,True,0.0230041530419984,0.025590157136321068
66,27.03.2015,4,2015,True,0.0224151182432306,0.025882313027977943
66,30.03.2015,4,2015,True,0.0224107847036956,0.031799282878637314
66,31.03.2015,4,2015,True,0.0251271765150925,0.02968251146376133
66,01.04.2015,4,2015,True,0.0247512540132378,0.031799282878637314
66,02.04.2015,4,2015,True,0.0242863861266635,0.031799282878637314
66,06.04.2015,4,2015,True,0.0235147154238435,0.027574747800827026
66,07.04.2015,4,2015,True,0.0234246020993827,0.03568356856703758
66,08.04.2015,4,2015,True,0.022199232470776,0.03368748724460602
66,09.04.2015,4,2015,True,0.0221316754728289,0.0339711494743824
66,10.04.2015,4,2015,True,0.0221790615386108,0.03368210792541504
66,13.04.2015,4,2015,True,0.0222018373256452,0.024710344150662422
66,14.04.2015,4,2015,True,0.0221752266573191,0.031384486705064774
66,15.04.2015,4,2015,True,0.0218829175015158,0.029773078858852386
66,16.04.2015,4,2015,True,0.0219023755742543,0.02857476845383644
66,17.04.2015,4,2015,True,0.0210622411266926,0.02266891673207283
66,20.04.2015,4,2015,True,0.0211269433866214,0.02305041439831257
66,21.04.2015,4,2015,True,0.0210188134327168,0.022550927475094795
66,22.04.2015,4,2015,True,0.021094118646448,0.023111527785658836
66,23.04.2015,4,2015,True,0.0206179824422517,0.022470317780971527
66,24.04.2015,4,2015,True,0.0205910323609752,0.022470317780971527
66,27.04.2015,4,2015,True,0.0205863920587295,0.021625272929668427
66,28.04.2015,4,2015,True,0.0207037720866295,0.019054114818572998
66,29.04.2015,4,2015,True,0.0214057588007392,0.018244637176394463
66,30.04.2015,4,2015,True,0.0213507448028477,0.01840643770992756
66,01.05.2015,4,2015,True,0.0213554150009354,0.017955182120203972
66,04.05.2015,4,2015,True,0.0213520829449783,0.018056664615869522
66,05.05.2015,4,2015,True,0.0212665827839009,0.018314668908715248
66,06.05.2015,4,2015,True,0.021843812496646,0.018314668908715248
66,07.05.2015,4,2015,True,0.0216911775849848,0.01632150448858738
66,08.05.2015,4,2015,True,0.0217589355138203,0.018654800951480865
66,11.05.2015,4,2015,True,0.0217632171116433,0.016399649903178215
66,12.05.2015,4,2015,True,0.0213497285335557,0.01763041503727436
66,13.05.2015,4,2015,True,0.0213520572926,0.017837010324001312
66,14.05.2015,4,2015,True,0.0213513667185925,0.01753653585910797
66,15.05.2015,4,2015,True,0.0216533194312699,0.017468614503741264
66,18.05.2015,4,2015,True,0.0216669455521317,0.016534844413399696
66,19.05.2015,4,2015,True,0.0215030206498972,0.01661095954477787
66,20.05.2015,4,2015,True,0.0224821380947402,0.01656145043671131
66,21.05.2015,4,2015,True,0.0223033513332353,0.016399649903178215
66,22.05.2015,4,2015,True,0.0222670616953153,0.016355279833078384
66,26.05.2015,4,2015,True,0.0255433334469231,0.01651708036661148
66,27.05.2015,4,2015,True,0.0262862349488341,0.016305770725011826
66,28.05.2015,4,2015,True,0.0281277747253349,0.016348302364349365
66,29.05.2015,4,2015,True,0.0294144281186299,0.016305770725011826
66,01.06.2015,4,2015,True,0.0295394518602199,0.018284812569618225
66,02.06.2015,4,2015,True,0.0295083264616138,0.01844661310315132
66,03.06.2015,4,2015,True,0.0294584441374869,0.018284812569618225
66,04.06.2015,4,2015,True,0.0293018373499217,0.01916959509253502
66,05.06.2015,4,2015,True,0.0294882887363352,0.019590267911553383
66,08.06.2015,4,2015,True,0.0297325771605925,0.018284812569618225
66,09.06.2015,4,2015,True,0.0293804963240315,0.018327344208955765
66,10.06.2015,4,2015,True,0.0295775888442005,0.018672045320272446
66,11.06.2015,4,2015,True,0.0296038303314116,0.018284812569618225
66,12.06.2015,4,2015,True,0.0295557923098902,0.018378691747784615
66,15.06.2015,4,2015,True,0.0302947878967863,0.01851024478673935
66,16.06.2015,4,2015,True,0.0305090324886237,0.01851024478673935
66,17.06.2015,4,2015,True,0.0306617731283916,0.018765924498438835
66,18.06.2015,4,2015,True,0.0306493966479681,0.018378691747784615
66,19.06.2015,4,2015,True,0.0307268196045197,0.018421223387122154
66,22.06.2015,4,2015,True,0.0307473104353007,0.018378691747784615
66,23.06.2015,4,2015,True,0.0306735901434748,0.01854049228131771
66,24.06.2015,4,2015,True,0.0307653748899621,0.018464377149939537
66,25.06.2015,4,2015,True,0.0308961603636032,0.018464377149939537
66,26.06.2015,4,2015,True,0.0309019893756531,0.018464377149939537
66,29.06.2015,4,2015,True,0.0308643292192406,0.01571647822856903
66,30.06.2015,4,2015,True,0.0306944605149226,0.016641156747937202
66,01.07.2015,4,2015,True,0.0307614292484358,0.016820497810840607
66,02.07.2015,4,2015,True,0.0315289199658046,0.016467571258544922
66,06.07.2015,4,2015,True,0.0294511968538792,0.016467571258544922
66,07.07.2015,4,2015,True,0.0297437148122515,0.021505082026124
66,08.07.2015,4,2015,True,0.0297488507777173,0.021867915987968445
66,09.07.2015,4,2015,True,0.0302458763394339,0.022119740024209023
66,10.07.2015,4,2015,True,0.0302656681172266,0.022018302232027054
66,13.07.2015,4,2015,True,0.0302258947268612,0.02157697081565857
66,14.07.2015,4,2015,True,0.030186542465245,0.01925344206392765
66,15.07.2015,4,2015,True,0.0300573947584119,0.018244637176394463
66,16.07.2015,4,2015,True,0.030029173498255,0.018491899594664574
66,17.07.2015,4,2015,True,0.0300326887077478,0.01840643770992756
66,20.07.2015,4,2015,True,0.0300511173791195,0.018585778772830963
66,21.07.2015,4,2015,True,0.0300422318694615,0.01840643770992756
66,22.07.2015,4,2015,True,0.0299949247230807,0.018585778772830963
66,23.07.2015,4,2015,True,0.0299637207077345,0.019346248358488083
66,24.07.2015,4,2015,True,0.0299849364265338,0.019126538187265396
66,27.07.2015,4,2015,True,0.0304886734511991,0.01906542479991913
66,28.07.2015,4,2015,True,0.030491418294622,0.01942542940378189
66,29.07.2015,4,2015,True,0.0305596883182614,0.01910037361085415
66,30.07.2015,4,2015,True,0.0306120186293663,0.019323473796248436
66,31.07.2015,4,2015,True,0.0308398495493165,0.018314668908715248
66,03.08.2015,4,2015,True,0.0305332168982639,0.01950085535645485
66,04.08.2015,4,2015,True,0.0305446174764228,0.018411166965961456
66,05.08.2015,4,2015,True,0.030561856701699,0.017756478860974312
66,06.08.2015,4,2015,True,0.0305660815919879,0.017816847190260887
66,07.08.2015,4,2015,True,0.0304930408564782,0.017572566866874695
66,10.08.2015,4,2015,True,0.0304351233292904,0.018072053790092468
66,11.08.2015,4,2015,True,0.0306523415131945,0.018133167177438736
66,12.08.2015,4,2015,True,0.0306368908269984,0.018072053790092468
66,13.08.2015,4,2015,True,0.0306249808313081,0.018072053790092468
66,14.08.2015,4,2015,True,0.0306245563784565,0.018072053790092468
66,17.08.2015,4,2015,True,0.0306779806639137,0.01801389828324318
66,18.08.2015,4,2015,True,0.0306773177519033,0.01747089810669422
66,19.08.2015,4,2015,True,0.0304355711487405,0.017415650188922882
66,20.08.2015,4,2015,True,0.0304111798416576,0.01769055612385273
66,21.08.2015,4,2015,True,0.0304592018175053,0.018131887540221214
66,24.08.2015,4,2015,True,0.0294209411946621,0.022714141756296158
66,25.08.2015,4,2015,True,0.0296173412268171,0.024546360597014427
66,26.08.2015,4,2015,True,0.0296258768692199,0.025991570204496384
66,27.08.2015,4,2015,True,0.0270320356172518,0.025891488417983055
66,28.08.2015,4,2015,True,0.02676688383301,0.03599346801638603
66,31.08.2015,4,2015,True,0.0251395175423719,0.03826937824487686
66,01.09.2015,4,2015,True,0.0228638489225899,0.03808537498116493
66,02.09.2015,4,2015,True,0.0235902676106554,0.0369914174079895
66,03.09.2015,4,2015,True,0.0235967115266828,0.03792617470026016
66,04.09.2015,4,2015,True,0.0234910787471952,0.036558847874403
66,08.09.2015,4,2015,True,0.0235031251836198,0.034526240080595016
66,09.09.2015,4,2015,True,0.0236691839373764,0.03419553115963936
66,10.09.2015,4,2015,True,0.0233625567185314,0.029051151126623154
66,11.09.2015,4,2015,True,0.0234173235577883,0.029051151126623154
66,14.09.2015,4,2015,True,0.0233300418181617,0.029051151126623154
66,15.09.2015,4,2015,True,0.0233066563988663,0.030478471890091896
66,16.09.2015,4,2015,True,0.0233105849432703,0.031249117106199265
66,17.09.2015,4,2015,True,0.0223013667569457,0.030368180945515633
66,18.09.2015,4,2015,True,0.022011047037274,0.03571630269289017
66,21.09.2015,4,2015,True,0.022110502926661,0.03722261264920235
66,22.09.2015,4,2015,True,0.0222057608691584,0.03297840431332588
66,23.09.2015,4,2015,True,0.0223283959705844,0.029051151126623154
66,24.09.2015,4,2015,True,0.0226998229906942,0.035983480513095856
66,25.09.2015,4,2015,True,0.0229845766706655,0.029361048713326454
66,28.09.2015,4,2015,True,0.0230485765192542,0.029982468113303185
66,29.09.2015,4,2015,True,0.0228820976418893,0.02909608744084835
66,30.09.2015,4,2015,True,0.0229697186645861,0.02893153205513954
66,01.10.2015,4,2015,True,0.0240172307049415,0.024164700880646706
66,02.10.2015,4,2015,True,0.0239764086018126,0.02386859990656376
66,05.10.2015,4,2015,True,0.0237125594662125,0.019856227561831474
66,06.10.2015,4,2015,True,0.0235378929501561,0.020085737109184265
66,07.10.2015,4,2015,True,0.0236016492542852,0.02465183474123478
66,08.10.2015,4,2015,True,0.0230783765108105,0.019539469853043556
66,09.10.2015,4,2015,True,0.0234112472920454,0.019858885556459427
66,12.10.2015,4,2015,True,0.0226951987883015,0.019978154450654984
66,13.10.2015,4,2015,True,0.0241893621322175,0.030458103865385056
66,14.10.2015,4,2015,True,0.0243392658351754,0.025052625685930252
66,15.10.2015,4,2015,True,0.0253151669630607,0.019917041063308716
66,16.10.2015,4,2015,True,0.0283118356561609,0.019702021032571793
66,19.10.2015,4,2015,True,0.0288996697449345,0.01975458674132824
66,20.10.2015,4,2015,True,0.0294989007200457,0.020166175439953804
66,21.10.2015,4,2015,True,0.030012110287781,0.020046906545758247
66,22.10.2015,4,2015,True,0.0302006339068375,0.020046906545758247
66,23.10.2015,4,2015,True,0.0304243990724586,0.01966787315905094
66,26.10.2015,4,2015,True,0.0304219945780875,0.019821474328637123
66,27.10.2015,4,2015,True,0.0311071378319609,0.01994074322283268
66,28.10.2015,4,2015,True,0.0317766982514578,0.024570174515247345
66,29.10.2015,4,2015,True,0.0318087348114456,0.02504713647067547
66,30.10.2015,4,2015,True,0.0317119309730632,0.021902408450841904
66,02.11.2015,4,2015,True,0.0318980222278706,0.020276527851819992
66,03.11.2015,4,2015,True,0.0327858061650808,0.020276527851819992
66,04.11.2015,4,2015,True,0.0326805195149032,0.01999294012784958
66,05.11.2015,4,2015,True,0.0327551768611326,0.020276527851819992
66,06.11.2015,4,2015,True,0.035494153288445,0.019470999017357826
66,09.11.2015,4,2015,True,0.0356943971463081,0.01976725086569786
66,10.11.2015,4,2015,True,0.0368610000064003,0.019202131778001785
66,11.11.2015,4,2015,True,0.0366688940574101,0.017705105245113373
66,12.11.2015,4,2015,True,0.0366518102671827,0.019545137882232666
66,13.11.2015,4,2015,True,0.037240737562452,0.022188086062669754
66,16.11.2015,4,2015,True,0.0375361227385768,0.025178898125886917
66,17.11.2015,4,2015,True,0.0378209366587701,0.02387392893433571
66,18.11.2015,4,2015,True,0.0379334710267679,0.023935001343488693
66,19.11.2015,4,2015,True,0.037930423670695,0.0197309497743845
66,20.11.2015,4,2015,True,0.0380469023968982,0.02072800137102604
66,23.11.2015,4,2015,True,0.03803854194365,0.023597344756126404
66,24.11.2015,4,2015,True,0.0380166775817104,0.023763535544276237
66,25.11.2015,4,2015,True,0.0380229932989299,0.024292701855301857
66,27.11.2015,4,2015,True,0.0383191998288883,0.02353593148291111
66,30.11.2015,4,2015,True,0.0389208011866134,0.023974010720849037
66,01.12.2015,4,2015,True,0.0390748359372964,0.02545948699116707
66,02.12.2015,4,2015,True,0.0389573841709593,0.023605914786458015
66,03.12.2015,4,2015,True,0.0388679961632487,0.025681890547275543
66,04.12.2015,4,2015,True,0.0388207930789977,0.024340718984603882
66,07.12.2015,4,2015,True,0.0383357880893447,0.02376881055533886
66,08.12.2015,4,2015,True,0.0383887082680249,0.027247022837400436
66,09.12.2015,4,2015,True,0.0387131425245688,0.027240272611379623
66,10.12.2015,4,2015,True,0.0388626007173883,0.026540152728557587
66,11.12.2015,4,2015,True,0.0384335541099739,0.027286380529403687
66,14.12.2015,4,2015,True,0.0384425854236689,0.026762140914797783
66,15.12.2015,4,2015,True,0.0384153978737625,0.02787661924958229
66,16.12.2015,4,2015,True,0.0383987554563883,0.02580094151198864
66,17.12.2015,4,2015,True,0.0383990930370038,0.024464167654514313
66,18.12.2015,4,2015,True,0.0383874676771475,0.024464167654514313
66,21.12.2015,4,2015,True,0.0385144725731599,0.02580094151198864
66,22.12.2015,4,2015,True,0.0385029594027512,0.02456424944102764
66,23.12.2015,4,2015,True,0.0382968038109472,0.025730958208441734
66,24.12.2015,4,2015,True,0.0382613656691165,0.025891488417983055
66,28.12.2015,4,2015,True,0.0385522670262739,0.025470267981290817
66,29.12.2015,4,2015,True,0.0383614628772369,0.024464167654514313
66,30.12.2015,4,2015,True,0.0385951621975186,0.02511078119277954
66,31.12.2015,4,2015,True,0.0385320878290971,0.027556907385587692
126,02.01.2015,4,2015,True,0.0291371161061665,0.0247963797301054
126,05.01.2015,4,2015,True,0.0286299703062783,0.025734005495905876
126,06.01.2015,4,2015,True,0.0284146057529057,0.027526527643203735
126,07.01.2015,4,2015,True,0.0285096089007595,0.029167499393224716
126,08.01.2015,4,2015,True,0.0285064669760889,0.026976630091667175
126,09.01.2015,4,2015,True,0.0284982004051666,0.0262612197548151
126,12.01.2015,4,2015,True,0.0280627611895377,0.02668519876897335
126,13.01.2015,4,2015,True,0.0281116770296067,0.029940906912088394
126,14.01.2015,4,2015,True,0.0278581647562869,0.028780853375792503
126,15.01.2015,4,2015,True,0.0277850961330543,0.03072347305715084
126,16.01.2015,4,2015,True,0.0278249230082424,0.030755234882235527
126,20.01.2015,4,2015,True,0.02782580427796,0.030695322901010513
126,21.01.2015,4,2015,True,0.0278100883096263,0.028346572071313858
126,22.01.2015,4,2015,True,0.0278301554586465,0.02872466668486595
126,23.01.2015,4,2015,True,0.0278506571310297,0.028997832909226418
126,26.01.2015,4,2015,True,0.0278934517608945,0.02941855788230896
126,27.01.2015,4,2015,True,0.0277767461112141,0.02786097303032875
126,28.01.2015,4,2015,True,0.0276957447338525,0.030052008107304573
126,29.01.2015,4,2015,True,0.0276725949217813,0.030651453882455826
126,30.01.2015,4,2015,True,0.0269053222183667,0.02829534001648426
126,02.02.2015,4,2015,True,0.0271498544032722,0.033987149596214294
126,03.02.2015,4,2015,True,0.0266815693841088,0.03300708532333374
126,04.02.2015,4,2015,True,0.026027805216937,0.033987149596214294
126,05.02.2015,4,2015,True,0.0257229076484048,0.03433710336685181
126,06.02.2015,4,2015,True,0.0256892908482205,0.03598182275891304
126,09.02.2015,4,2015,True,0.025891561568421,0.033898111432790756
126,10.02.2015,4,2015,True,0.0258175337477786,0.03364963456988335
126,11.02.2015,4,2015,True,0.0256863995928541,0.03415582701563835
126,12.02.2015,4,2015,True,0.0253963271265366,0.03200513869524002
126,13.02.2015,4,2015,True,0.0253893804710132,0.03249489888548851
126,17.02.2015,4,2015,True,0.0241573585328665,0.029717450961470604
126,18.02.2015,4,2015,True,0.0240021084919089,0.0342063382267952
126,19.02.2015,4,2015,True,0.0241762014286123,0.03398189693689346
126,20.02.2015,4,2015,True,0.0241904620138804,0.03364963456988335
126,23.02.2015,4,2015,True,0.0242121573539883,0.03364963456988335
126,24.02.2015,4,2015,True,0.0248105131022793,0.033898111432790756
126,25.02.2015,4,2015,True,0.0244054477212744,0.02941873110830784
126,26.02.2015,4,2015,True,0.0243168898968968,0.030138477683067322
126,27.02.2015,4,2015,True,0.0256117856459226,0.030014216899871826
126,02.03.2015,4,2015,True,0.0256870905991803,0.031796153634786606
126,03.03.2015,4,2015,True,0.0265632480456785,0.0339973084628582
126,04.03.2015,4,2015,True,0.0276812111562334,0.033898111432790756
126,05.03.2015,4,2015,True,0.027740675232572,0.03310905024409294
126,06.03.2015,4,2015,True,0.0277263697274759,0.030978627502918243
126,09.03.2015,4,2015,True,0.0277322454323636,0.031495075672864914
126,10.03.2015,4,2015,True,0.0275439463363619,0.030162068083882332
126,11.03.2015,4,2015,True,0.0276941023851064,0.0314817912876606
126,12.03.2015,4,2015,True,0.0278050357445051,0.03167540580034256
126,13.03.2015,4,2015,True,0.0275797043832853,0.031743474304676056
126,16.03.2015,4,2015,True,0.0277032988411242,0.031654104590415955
126,17.03.2015,4,2015,True,0.0277096483389736,0.03235982358455658
126,18.03.2015,4,2015,True,0.0273940336267545,0.028104858472943306
126,19.03.2015,4,2015,True,0.0277024850585731,0.031078612431883812
126,20.03.2015,4,2015,True,0.0278103514936168,0.03235093504190445
126,23.03.2015,4,2015,True,0.0279298864150095,0.031538188457489014
126,24.03.2015,4,2015,True,0.0279059797609978,0.0297868475317955
126,25.03.2015,4,2015,True,0.0279109380780449,0.0302118007093668
126,26.03.2015,4,2015,True,0.027589089647661,0.029100529849529266
126,27.03.2015,4,2015,True,0.0272866425188829,0.03226102888584137
126,30.03.2015,4,2015,True,0.027377925784696,0.033987149596214294
126,31.03.2015,4,2015,True,0.0273771843362902,0.03129561245441437
126,01.04.2015,4,2015,True,0.0271825654343442,0.03154408931732178
126,02.04.2015,4,2015,True,0.0270034097437298,0.03376270830631256
126,06.04.2015,4,2015,True,0.0265275338910459,0.032767366617918015
126,07.04.2015,4,2015,True,0.0265679243925836,0.03480326756834984
126,08.04.2015,4,2015,True,0.0264437812295859,0.03085886314511299
126,09.04.2015,4,2015,True,0.0264075743674314,0.03329291567206383
126,10.04.2015,4,2015,True,0.0264960490461604,0.03246566280722618
126,13.04.2015,4,2015,True,0.0265026520541169,0.024388812482357025
126,14.04.2015,4,2015,True,0.0269165056906118,0.02757136896252632
126,15.04.2015,4,2015,True,0.0267698601289287,0.02652653679251671
126,16.04.2015,4,2015,True,0.0267685672482668,0.027307672426104546
126,17.04.2015,4,2015,True,0.0263827238363713,0.021932680159807205
126,20.04.2015,4,2015,True,0.0263830103636497,0.023419560864567757
126,21.04.2015,4,2015,True,0.0263234738181493,0.021850423887372017
126,22.04.2015,4,2015,True,0.0263026046321323,0.02292618155479431
126,23.04.2015,4,2015,True,0.0261480897070268,0.023053623735904694
126,24.04.2015,4,2015,True,0.0261435827745301,0.02321759983897209
126,27.04.2015,4,2015,True,0.0261405139680324,0.019556714221835136
126,28.04.2015,4,2015,True,0.0261479870302737,0.02226393111050129
126,29.04.2015,4,2015,True,0.0261061657432325,0.022473754361271858
126,30.04.2015,4,2015,True,0.0264338245303068,0.020410867407917976
126,01.05.2015,4,2015,True,0.0264340570355912,0.018312623724341393
126,04.05.2015,4,2015,True,0.0264814333396592,0.018368106335401535
126,05.05.2015,4,2015,True,0.0264564730301915,0.018321141600608826
126,06.05.2015,4,2015,True,0.0266647451504263,0.018321141600608826
126,07.05.2015,4,2015,True,0.0267271189118591,0.017156589776277542
126,08.05.2015,4,2015,True,0.0267421111050859,0.020212948322296143
126,11.05.2015,4,2015,True,0.0267513701246011,0.0167436171323061
126,12.05.2015,4,2015,True,0.0265963674263215,0.016865814104676247
126,13.05.2015,4,2015,True,0.0266054541396511,0.018253222107887268
126,14.05.2015,4,2015,True,0.0267600864780657,0.01674829237163067
126,15.05.2015,4,2015,True,0.0269500967128638,0.016993049532175064
126,18.05.2015,4,2015,True,0.0269570810654808,0.016900116577744484
126,19.05.2015,4,2015,True,0.0268117331868524,0.016900116577744484
126,20.05.2015,4,2015,True,0.0267603733692701,0.017193952575325966
126,21.05.2015,4,2015,True,0.0266972116163644,0.01695338822901249
126,22.05.2015,4,2015,True,0.0266679542490905,0.017037449404597282
126,26.05.2015,4,2015,True,0.0266197467579781,0.017029045149683952
126,27.05.2015,4,2015,True,0.0265416089106483,0.01690508984029293
126,28.05.2015,4,2015,True,0.0266672080539254,0.016819274052977562
126,29.05.2015,4,2015,True,0.0263048388366941,0.01683936081826687
126,01.06.2015,4,2015,True,0.0263981838057048,0.017905771732330322
126,02.06.2015,4,2015,True,0.0263761037374972,0.01795819401741028
126,03.06.2015,4,2015,True,0.0262945649087558,0.017996368929743767
126,04.06.2015,4,2015,True,0.0264649306586065,0.019879421219229698
126,05.06.2015,4,2015,True,0.0265592810262101,0.02066684328019619
126,08.06.2015,4,2015,True,0.0265925851509776,0.018259262666106224
126,09.06.2015,4,2015,True,0.0267680107914932,0.018068142235279083
126,10.06.2015,4,2015,True,0.0267371721460161,0.018578611314296722
126,11.06.2015,4,2015,True,0.026733199100359,0.017774667590856552
126,12.06.2015,4,2015,True,0.0267024774198494,0.017838554456830025
126,15.06.2015,4,2015,True,0.0269333467361088,0.018529850989580154
126,16.06.2015,4,2015,True,0.0269326525530773,0.018465964123606682
126,17.06.2015,4,2015,True,0.0268973456144983,0.018232539296150208
126,18.06.2015,4,2015,True,0.0270076620807768,0.018123280256986618
126,19.06.2015,4,2015,True,0.0269756940733292,0.017993664368987083
126,22.06.2015,4,2015,True,0.0269650639533587,0.01835888996720314
126,23.06.2015,4,2015,True,0.0269095668579953,0.018328581005334854
126,24.06.2015,4,2015,True,0.0268938519729164,0.01848924346268177
126,25.06.2015,4,2015,True,0.0271117755177298,0.018328581005334854
126,26.06.2015,4,2015,True,0.0271568533612156,0.0181595366448164
126,29.06.2015,4,2015,True,0.0272520465036888,0.016757609322667122
126,30.06.2015,4,2015,True,0.0273119126797005,0.01725064218044281
126,01.07.2015,4,2015,True,0.0273940418481402,0.0169301088899374
126,02.07.2015,4,2015,True,0.0274916237942312,0.01692698523402214
126,06.07.2015,4,2015,True,0.026297380296878,0.017007140442728996
126,07.07.2015,4,2015,True,0.0263362698184807,0.022861573845148087
126,08.07.2015,4,2015,True,0.0268382185835217,0.023916486650705338
126,09.07.2015,4,2015,True,0.0267074898656284,0.02378201112151146
126,10.07.2015,4,2015,True,0.0267015954077753,0.024104025214910507
126,13.07.2015,4,2015,True,0.0271650608406429,0.022616757079958916
126,14.07.2015,4,2015,True,0.0271693930896844,0.020278455689549446
126,15.07.2015,4,2015,True,0.0271338020891251,0.018491344526410103
126,16.07.2015,4,2015,True,0.0272279618621001,0.01851312257349491
126,17.07.2015,4,2015,True,0.0272268398128832,0.01805686391890049
126,20.07.2015,4,2015,True,0.0279265012566438,0.018131420016288757
126,21.07.2015,4,2015,True,0.0279978846219842,0.018131420016288757
126,22.07.2015,4,2015,True,0.0283863225346091,0.018131420016288757
126,23.07.2015,4,2015,True,0.029752040535644,0.0197594054043293
126,24.07.2015,4,2015,True,0.03006796897525,0.020115695893764496
126,27.07.2015,4,2015,True,0.0303118534196582,0.02120134048163891
126,28.07.2015,4,2015,True,0.0305664117063589,0.020333103835582733
126,29.07.2015,4,2015,True,0.0306601269733903,0.020558325573801994
126,30.07.2015,4,2015,True,0.0307636210294579,0.02010875567793846
126,31.07.2015,4,2015,True,0.0307241072590291,0.020699668675661087
126,03.08.2015,4,2015,True,0.0307999971797804,0.021809013560414314
126,04.08.2015,4,2015,True,0.0314381021271934,0.019887160509824753
126,05.08.2015,4,2015,True,0.0314590412815834,0.01867826096713543
126,06.08.2015,4,2015,True,0.0314684731504042,0.019653793424367905
126,07.08.2015,4,2015,True,0.0315697079987849,0.01858859695494175
126,10.08.2015,4,2015,True,0.0321236233400914,0.01964705064892769
126,11.08.2015,4,2015,True,0.0321238363953034,0.02007134072482586
126,12.08.2015,4,2015,True,0.0321599623487808,0.01984046772122383
126,13.08.2015,4,2015,True,0.0335681902091257,0.019689831882715225
126,14.08.2015,4,2015,True,0.0336960779805077,0.019736096262931824
126,17.08.2015,4,2015,True,0.0343163140703485,0.019653793424367905
126,18.08.2015,4,2015,True,0.0343174880185895,0.018610894680023193
126,19.08.2015,4,2015,True,0.0343435425137062,0.019704807549715042
126,20.08.2015,4,2015,True,0.0346506074104268,0.01909754052758217
126,21.08.2015,4,2015,True,0.0347695247448498,0.019839704036712646
126,24.08.2015,4,2015,True,0.0344908268489735,0.021175263449549675
126,25.08.2015,4,2015,True,0.0345527840250335,0.026417288929224014
126,26.08.2015,4,2015,True,0.034554435163204,0.02840879186987877
126,27.08.2015,4,2015,True,0.0334729413997534,0.026467163115739822
126,28.08.2015,4,2015,True,0.0331303288045523,0.03540884330868721
126,31.08.2015,4,2015,True,0.0324242445040567,0.03533463552594185
126,01.09.2015,4,2015,True,0.0315060400478785,0.03584734722971916
126,02.09.2015,4,2015,True,0.0317151685948143,0.03413178399205208
126,03.09.2015,4,2015,True,0.0320936666830039,0.03524795547127724
126,04.09.2015,4,2015,True,0.0321422812022273,0.03546464443206787
126,08.09.2015,4,2015,True,0.0323105384023398,0.033857427537441254
126,09.09.2015,4,2015,True,0.0321961455734772,0.03375173360109329
126,10.09.2015,4,2015,True,0.0321065500271139,0.030134959146380424
126,11.09.2015,4,2015,True,0.0321321477839319,0.030316298827528954
126,14.09.2015,4,2015,True,0.0320144016969052,0.030030805617570877
126,15.09.2015,4,2015,True,0.032223118240724,0.03188058361411095
126,16.09.2015,4,2015,True,0.0323390545157287,0.030651379376649857
126,17.09.2015,4,2015,True,0.0319987719512152,0.031378716230392456
126,18.09.2015,4,2015,True,0.0318806552553293,0.029595807194709778
126,21.09.2015,4,2015,True,0.031764394225564,0.031425368040800095
126,22.09.2015,4,2015,True,0.0318801814134761,0.029324036091566086
126,23.09.2015,4,2015,True,0.0317949965096624,0.02957739494740963
126,24.09.2015,4,2015,True,0.0317831072124192,0.035545602440834045
126,25.09.2015,4,2015,True,0.0318602658128379,0.02991616353392601
126,28.09.2015,4,2015,True,0.0317865240269461,0.030319372192025185
126,29.09.2015,4,2015,True,0.0317483633300582,0.030115116387605667
126,30.09.2015,4,2015,True,0.0317470458064504,0.03032105788588524
126,01.10.2015,4,2015,True,0.0320316051323708,0.025130094960331917
126,02.10.2015,4,2015,True,0.0320218245989711,0.024491550400853157
126,05.10.2015,4,2015,True,0.0322882726651027,0.02036203257739544
126,06.10.2015,4,2015,True,0.0319239288994945,0.021941041573882103
126,07.10.2015,4,2015,True,0.0324156822316775,0.024968191981315613
126,08.10.2015,4,2015,True,0.032331061429943,0.021171024069190025
126,09.10.2015,4,2015,True,0.0325652929750476,0.021764511242508888
126,12.10.2015,4,2015,True,0.0322275253189149,0.0214593093842268
126,13.10.2015,4,2015,True,0.0322166164930165,0.029588185250759125
126,14.10.2015,4,2015,True,0.0322484615142595,0.02575679123401642
126,15.10.2015,4,2015,True,0.032242014052719,0.021160105243325233
126,16.10.2015,4,2015,True,0.0323299353590463,0.02113155648112297
126,19.10.2015,4,2015,True,0.032527389976455,0.021662116050720215
126,20.10.2015,4,2015,True,0.0326195898956657,0.021406980231404305
126,21.10.2015,4,2015,True,0.032605662340804,0.0213631559163332
126,22.10.2015,4,2015,True,0.032624590456565,0.02093108929693699
126,23.10.2015,4,2015,True,0.032723329088,0.020801475271582603
126,26.10.2015,4,2015,True,0.0328319260635097,0.020801475271582603
126,27.10.2015,4,2015,True,0.032851476814968,0.021092567592859268
126,28.10.2015,4,2015,True,0.0325847735873086,0.023502908647060394
126,29.10.2015,4,2015,True,0.0325817618123866,0.02622152492403984
126,30.10.2015,4,2015,True,0.0326487510712896,0.02182355523109436
126,02.11.2015,4,2015,True,0.0328798618789417,0.021521760150790215
126,03.11.2015,4,2015,True,0.0327324104474444,0.021460043266415596
126,04.11.2015,4,2015,True,0.0325570063596613,0.02095826156437397
126,05.11.2015,4,2015,True,0.0327212556553573,0.021401992067694664
126,06.11.2015,4,2015,True,0.0329307138875738,0.020433476194739342
126,09.11.2015,4,2015,True,0.0331710009144396,0.020768718793988228
126,10.11.2015,4,2015,True,0.0331796728784682,0.019696135073900223
126,11.11.2015,4,2015,True,0.0330336471407466,0.019883528351783752
126,12.11.2015,4,2015,True,0.0329079483240938,0.021504655480384827
126,13.11.2015,4,2015,True,0.0328963323773073,0.022554630413651466
126,16.11.2015,4,2015,True,0.032903930350447,0.02517598122358322
126,17.11.2015,4,2015,True,0.0329051494586459,0.025197556242346764
126,18.11.2015,4,2015,True,0.0328880629660637,0.025197556242346764
126,19.11.2015,4,2015,True,0.0328965859173635,0.02035863697528839
126,20.11.2015,4,2015,True,0.0328868022414174,0.02051735669374466
126,23.11.2015,4,2015,True,0.0329457312787996,0.022097337990999222
126,24.11.2015,4,2015,True,0.0328543370053044,0.023340841755270958
126,25.11.2015,4,2015,True,0.0328586986127799,0.026189394295215607
126,27.11.2015,4,2015,True,0.0327585963000535,0.02544943057000637
126,30.11.2015,4,2015,True,0.0327535800696662,0.025990920141339302
126,01.12.2015,4,2015,True,0.0327548511081314,0.0270994883030653
126,02.12.2015,4,2015,True,0.0325061030147777,0.02630423568189144
126,03.12.2015,4,2015,True,0.0324300533875956,0.02682979218661785
126,04.12.2015,4,2015,True,0.0324098667017851,0.026278501376509666
126,07.12.2015,4,2015,True,0.0320655630479015,0.022829392924904823
126,08.12.2015,4,2015,True,0.0320626530352546,0.02848157100379467
126,09.12.2015,4,2015,True,0.0321666530228221,0.02825094573199749
126,10.12.2015,4,2015,True,0.0321544896241692,0.027440350502729416
126,11.12.2015,4,2015,True,0.0318812114862425,0.027338918298482895
126,14.12.2015,4,2015,True,0.0319282198026606,0.028470048680901527
126,15.12.2015,4,2015,True,0.0320986896310835,0.028867926448583603
126,16.12.2015,4,2015,True,0.0321352177274813,0.02983693778514862
126,17.12.2015,4,2015,True,0.0322271519173984,0.027231968939304352
126,18.12.2015,4,2015,True,0.0322144170533095,0.026778817176818848
126,21.12.2015,4,2015,True,0.0322154851301602,0.029237322509288788
126,22.12.2015,4,2015,True,0.0322442952977124,0.027168095111846924
126,23.12.2015,4,2015,True,0.0324644685794078,0.027865659445524216
126,24.12.2015,4,2015,True,0.0325430567095848,0.028447680175304413
126,28.12.2015,4,2015,True,0.0324771073874598,0.026532979682087898
126,29.12.2015,4,2015,True,0.0325562641572612,0.0271625779569149
126,30.12.2015,4,2015,True,0.0324304266174764,0.026142653077840805
126,31.12.2015,4,2015,True,0.0323818220148291,0.028571125119924545
5,04.01.2016,5,2016,True,0.0267746502757364,0.01721610128879547
5,05.01.2016,5,2016,True,0.0267345156748962,0.026847997680306435
5,06.01.2016,5,2016,True,0.0216005891989593,0.02884521521627903
5,07.01.2016,5,2016,True,0.0306778320498717,0.035390470176935196
5,08.01.2016,5,2016,True,0.0312333427813533,0.027233509346842766
5,11.01.2016,5,2016,True,0.0364800301715442,0.026543399319052696
5,12.01.2016,5,2016,True,0.0369184592066055,0.037216052412986755
5,13.01.2016,5,2016,True,0.0480590956673348,0.031442880630493164
5,14.01.2016,5,2016,True,0.0666892247833084,0.0295090489089489
5,15.01.2016,5,2016,True,0.0722395173646008,0.02719806134700775
5,19.01.2016,5,2016,True,0.0611930826884183,0.031082622706890106
5,20.01.2016,5,2016,True,0.0541903045578414,0.04171659052371979
5,21.01.2016,5,2016,True,0.0537507175091648,0.04380209371447563
5,22.01.2016,5,2016,True,0.0394353735529616,0.04445637762546539
5,25.01.2016,5,2016,True,0.0173608465028443,0.033823054283857346
5,26.01.2016,5,2016,True,0.0388357916609145,0.033335890620946884
5,27.01.2016,5,2016,True,0.0464600248205398,0.04125446826219559
5,28.01.2016,5,2016,True,0.0473010993341695,0.03810254484415054
5,29.01.2016,5,2016,True,0.0459612140496511,0.034786008298397064
5,01.02.2016,5,2016,True,0.0479445231194083,0.04516671225428581
5,02.02.2016,5,2016,True,0.054222861952547,0.03645913675427437
5,03.02.2016,5,2016,True,0.0362533077971315,0.05271003767848015
5,04.02.2016,5,2016,True,0.0359272057299129,0.04547513648867607
5,05.02.2016,5,2016,True,0.0698612638822414,0.04287287965416908
5,08.02.2016,5,2016,True,0.0699458806617528,0.03865524381399155
5,09.02.2016,5,2016,True,0.0604197267930389,0.0433480404317379
5,10.02.2016,5,2016,True,0.0621557982025135,0.05349075794219971
5,11.02.2016,5,2016,True,0.0646261292501251,0.04949023947119713
5,12.02.2016,5,2016,True,0.0494158145645849,0.047961510717868805
5,16.02.2016,5,2016,True,0.0507478690181976,0.04506561532616615
5,17.02.2016,5,2016,True,0.0412640947149153,0.0484493188560009
5,18.02.2016,5,2016,True,0.0425452444399025,0.04479358345270157
5,19.02.2016,5,2016,True,0.0362602777181423,0.04312962293624878
5,22.02.2016,5,2016,True,0.0311675630764184,0.04967232421040535
5,23.02.2016,5,2016,True,0.0172657847635108,0.051195330917835236
5,24.02.2016,5,2016,True,0.0156189277975034,0.03752430900931358
5,25.02.2016,5,2016,True,0.0147240486932872,0.04427028447389603
5,26.02.2016,5,2016,True,0.0179715209193839,0.038346659392118454
5,29.02.2016,5,2016,True,0.0236442178435875,0.04333816096186638
5,01.03.2016,5,2016,True,0.0332669323700429,0.04450785368680954
5,02.03.2016,5,2016,True,0.0339369414266054,0.02989072911441326
5,03.03.2016,5,2016,True,0.0396462647389161,0.029283659532666206
5,04.03.2016,5,2016,True,0.0364053758155326,0.03297717869281769
5,07.03.2016,5,2016,True,0.0276909079134308,0.029171211645007133
5,08.03.2016,5,2016,True,0.0260047302577693,0.02846362814307213
5,09.03.2016,5,2016,True,0.0279573264106427,0.03917510807514191
5,10.03.2016,5,2016,True,0.0281384249384527,0.026601193472743034
5,11.03.2016,5,2016,True,0.0289446671426293,0.03605318069458008
5,14.03.2016,5,2016,True,0.0252110480837873,0.028935179114341736
5,15.03.2016,5,2016,True,0.0194562807640199,0.02739853970706463
5,16.03.2016,5,2016,True,0.0227635398718204,0.024092020466923714
5,17.03.2016,5,2016,True,0.0162615567601995,0.022013477981090546
5,18.03.2016,5,2016,True,0.0161844722394399,0.02227902039885521
5,21.03.2016,5,2016,True,0.0172206441552455,0.024171164259314537
5,22.03.2016,5,2016,True,0.016491505463908,0.020972901955246925
5,23.03.2016,5,2016,True,0.0142972276368089,0.022040678188204765
5,24.03.2016,5,2016,True,0.0144739037490671,0.02690473385155201
5,28.03.2016,5,2016,True,0.0255686457422327,0.02148868888616562
5,29.03.2016,5,2016,True,0.0249341164502594,0.021573767066001892
5,30.03.2016,5,2016,True,0.0361379192023122,0.021561764180660248
5,31.03.2016,5,2016,True,0.0363859952885607,0.023400986567139626
5,01.04.2016,5,2016,True,0.0460455720083842,0.023282013833522797
5,04.04.2016,5,2016,True,0.0303400194827724,0.022018738090991974
5,05.04.2016,5,2016,True,0.0285101762549663,0.029115652665495872
5,06.04.2016,5,2016,True,0.0322374970850391,0.026470910757780075
5,07.04.2016,5,2016,True,0.0316228148299344,0.02131670154631138
5,08.04.2016,5,2016,True,0.0253992097764424,0.021459059789776802
5,11.04.2016,5,2016,True,0.0240167807500363,0.01957761123776436
5,12.04.2016,5,2016,True,0.0167359708485721,0.025593256577849388
5,13.04.2016,5,2016,True,0.0241190577650028,0.02186545357108116
5,14.04.2016,5,2016,True,0.0285859120220384,0.021176854148507118
5,15.04.2016,5,2016,True,0.0263606094998888,0.018371686339378357
5,18.04.2016,5,2016,True,0.0279064386506247,0.026475150138139725
5,19.04.2016,5,2016,True,0.0282814807769204,0.019738681614398956
5,20.04.2016,5,2016,True,0.0260811212664975,0.021607402712106705
5,21.04.2016,5,2016,True,0.018006006449757,0.018604401499032974
5,22.04.2016,5,2016,True,0.0193961312320202,0.02389664575457573
5,25.04.2016,5,2016,True,0.0151896213183112,0.018110448494553566
5,26.04.2016,5,2016,True,0.022814500523207,0.021988000720739365
5,27.04.2016,5,2016,True,0.0263092208578849,0.02307034842669964
5,28.04.2016,5,2016,True,0.0232228139124387,0.023894071578979492
5,29.04.2016,5,2016,True,0.0246326437407366,0.0201492328196764
5,02.05.2016,5,2016,True,0.0262238204456773,0.017682526260614395
5,03.05.2016,5,2016,True,0.0370782657578431,0.02445504441857338
5,04.05.2016,5,2016,True,0.0340119940332663,0.025147002190351486
5,05.05.2016,5,2016,True,0.0339758205699538,0.02324322983622551
5,06.05.2016,5,2016,True,0.0349794406153422,0.021151293069124222
5,09.05.2016,5,2016,True,0.0212783052789102,0.020455511286854744
5,10.05.2016,5,2016,True,0.019098938467121,0.019909385591745377
5,11.05.2016,5,2016,True,0.0124640925349033,0.020523909479379654
5,12.05.2016,5,2016,True,0.0125821770748845,0.02007248066365719
5,13.05.2016,5,2016,True,0.0121130739682847,0.022670738399028778
5,16.05.2016,5,2016,True,0.0056059368947114,0.022393591701984406
5,17.05.2016,5,2016,True,0.0052354576877483,0.015773041173815727
5,18.05.2016,5,2016,True,0.0119424595259943,0.02260126918554306
5,19.05.2016,5,2016,True,0.0120127799153505,0.024151118472218513
5,20.05.2016,5,2016,True,0.0124893336196484,0.020275093615055084
5,23.05.2016,5,2016,True,0.0112046135236193,0.019753241911530495
5,24.05.2016,5,2016,True,0.0114334583663594,0.014955890364944935
5,25.05.2016,5,2016,True,0.0057336473550977,0.01344111654907465
5,26.05.2016,5,2016,True,0.0069609314107968,0.01800922304391861
5,27.05.2016,5,2016,True,0.0096547698302737,0.018211795017123222
5,31.05.2016,5,2016,True,0.0112179012530027,0.015587940812110901
5,01.06.2016,5,2016,True,0.0118964325325115,0.0168143380433321
5,02.06.2016,5,2016,True,0.0154692975603232,0.021046971902251244
5,03.06.2016,5,2016,True,0.0215986838436499,0.015715692192316055
5,06.06.2016,5,2016,True,0.0200725201389499,0.01555569563060999
5,07.06.2016,5,2016,True,0.0174334118071743,0.017609965056180954
5,08.06.2016,5,2016,True,0.0089844163089972,0.01955021359026432
5,09.06.2016,5,2016,True,0.0132862182454655,0.023005671799182892
5,10.06.2016,5,2016,True,0.0288715422749231,0.019851859658956528
5,13.06.2016,5,2016,True,0.0329526957954396,0.021364860236644745
5,14.06.2016,5,2016,True,0.032379293110913,0.023580500856041908
5,15.06.2016,5,2016,True,0.0319732011740285,0.023121103644371033
5,16.06.2016,5,2016,True,0.0226512277859097,0.028698746114969254
5,17.06.2016,5,2016,True,0.0316280409968722,0.026861365884542465
5,20.06.2016,5,2016,True,0.026624104323119,0.02032114379107952
5,21.06.2016,5,2016,True,0.0331514296824757,0.015167364850640297
5,22.06.2016,5,2016,True,0.0392149498432743,0.01492736954241991
5,23.06.2016,5,2016,True,0.0387300267764958,0.019512848928570747
5,24.06.2016,5,2016,True,0.0292622217978056,0.020449066534638405
5,27.06.2016,5,2016,True,0.0329093397899679,0.015820646658539772
5,28.06.2016,5,2016,True,0.0308464530034091,0.020066294819116592
5,29.06.2016,5,2016,True,0.0281466351309615,0.020892420783638954
5,30.06.2016,5,2016,True,0.0302465107559133,0.015768641605973244
5,01.07.2016,5,2016,True,0.0290924375567463,0.01766287349164486
5,05.07.2016,5,2016,True,0.0360570141390272,0.018329234793782234
5,06.07.2016,5,2016,True,0.0403972498648439,0.016634501516819
5,07.07.2016,5,2016,True,0.0354702159448866,0.021771017462015152
5,08.07.2016,5,2016,True,0.0354226607597834,0.021537210792303085
5,11.07.2016,5,2016,True,0.0357290170587429,0.02116302028298378
5,12.07.2016,5,2016,True,0.026009571888305,0.01954425871372223
5,13.07.2016,5,2016,True,0.0146636975976767,0.01541152223944664
5,14.07.2016,5,2016,True,0.0130422602728339,0.02756561152637005
5,15.07.2016,5,2016,True,0.0118773743678266,0.024071326479315758
5,18.07.2016,5,2016,True,0.0131995583380295,0.022660531103610992
5,19.07.2016,5,2016,True,0.014480760147443,0.014999683946371078
5,20.07.2016,5,2016,True,0.0131991282592172,0.011058331467211246
5,21.07.2016,5,2016,True,0.0130174224942737,0.018567752093076706
5,22.07.2016,5,2016,True,0.0137165389082783,0.01690092124044895
5,25.07.2016,5,2016,True,0.014356878457294,0.015701645985245705
5,26.07.2016,5,2016,True,0.0121400956287649,0.021472886204719543
5,27.07.2016,5,2016,True,0.0194468481485801,0.020498283207416534
5,28.07.2016,5,2016,True,0.0205084869921998,0.026012714952230453
5,29.07.2016,5,2016,True,0.0198092572361505,0.019565274938941002
5,01.08.2016,5,2016,True,0.0202821718346055,0.022454379126429558
5,02.08.2016,5,2016,True,0.0181062441046985,0.023639492690563202
5,03.08.2016,5,2016,True,0.0211541788887004,0.02372475527226925
5,04.08.2016,5,2016,True,0.026435142589229,0.021228138357400894
5,05.08.2016,5,2016,True,0.0264309004066197,0.02281239442527294
5,08.08.2016,5,2016,True,0.0269788140852389,0.02131919376552105
5,09.08.2016,5,2016,True,0.0240953272226752,0.018866470083594322
5,10.08.2016,5,2016,True,0.0123769719751172,0.02152176946401596
5,11.08.2016,5,2016,True,0.0059270230398693,0.01624184101819992
5,12.08.2016,5,2016,True,0.010817897421445,0.01500497292727232
5,15.08.2016,5,2016,True,0.0225598393237097,0.018306229263544083
5,16.08.2016,5,2016,True,0.0222648928877704,0.019210292026400566
5,17.08.2016,5,2016,True,0.0232119092059167,0.017372198402881622
5,18.08.2016,5,2016,True,0.0213377332592176,0.014487816952168941
5,19.08.2016,5,2016,True,0.0217460187973184,0.01649451069533825
5,22.08.2016,5,2016,True,0.0154740773360306,0.020536601543426514
5,23.08.2016,5,2016,True,0.0143287504288681,0.01944444514811039
5,24.08.2016,5,2016,True,0.0167315241045496,0.016756217926740646
5,25.08.2016,5,2016,True,0.0134617566681937,0.017229583114385605
5,26.08.2016,5,2016,True,0.0110947098768588,0.015736062079668045
5,29.08.2016,5,2016,True,0.0147628488554911,0.02252127043902874
5,30.08.2016,5,2016,True,0.0165713305804916,0.01835990697145462
5,31.08.2016,5,2016,True,0.0178775046131668,0.020829828456044197
5,01.09.2016,5,2016,True,0.0298746487602733,0.01920277625322342
5,02.09.2016,5,2016,True,0.0294738286839319,0.023165279999375343
5,06.09.2016,5,2016,True,0.0325543670475664,0.02057325281202793
5,07.09.2016,5,2016,True,0.0328782888334298,0.02051864191889763
5,08.09.2016,5,2016,True,0.0240635177774308,0.018949100747704506
5,09.09.2016,5,2016,True,0.0195827613306468,0.016376838088035583
5,12.09.2016,5,2016,True,0.0190962134063728,0.014507004991173744
5,13.09.2016,5,2016,True,0.0171401117693844,0.01667259819805622
5,14.09.2016,5,2016,True,0.0151654809589342,0.019455311819911003
5,15.09.2016,5,2016,True,0.0154367925235263,0.021782387048006058
5,16.09.2016,5,2016,True,0.0232063635446691,0.01759524457156658
5,19.09.2016,5,2016,True,0.0271148818388114,0.016158688813447952
5,20.09.2016,5,2016,True,0.0315941979196376,0.018454939126968384
5,21.09.2016,5,2016,True,0.040541869581639,0.021095916628837585
5,22.09.2016,5,2016,True,0.0402720759838803,0.0231188777834177
5,23.09.2016,5,2016,True,0.0331943541168417,0.023543786257505417
5,26.09.2016,5,2016,True,0.0318439475443177,0.019213933497667313
5,27.09.2016,5,2016,True,0.0257254870396991,0.021560100838541985
5,28.09.2016,5,2016,True,0.0155744959561165,0.01968100108206272
5,29.09.2016,5,2016,True,0.0155569557207076,0.02081304043531418
5,30.09.2016,5,2016,True,0.0177370459227042,0.019804324954748154
5,03.10.2016,5,2016,True,0.0168644183646981,0.019052382558584213
5,04.10.2016,5,2016,True,0.0141438669672837,0.01413059700280428
5,05.10.2016,5,2016,True,0.0113087770901166,0.014767852611839771
5,06.10.2016,5,2016,True,0.0091913649170717,0.017683329060673714
5,07.10.2016,5,2016,True,0.0085742312065985,0.01605083979666233
5,11.10.2016,5,2016,True,0.0069326791105972,0.020101385191082954
5,12.10.2016,5,2016,True,0.0100607041703595,0.016775496304035187
5,13.10.2016,5,2016,True,0.0160031547104317,0.018750008195638657
5,14.10.2016,5,2016,True,0.0166705931184769,0.0180997084826231
5,17.10.2016,5,2016,True,0.0164534046990147,0.01795809715986252
5,18.10.2016,5,2016,True,0.0172112649615208,0.016513323411345482
5,19.10.2016,5,2016,True,0.0121863494218961,0.0176706500351429
5,20.10.2016,5,2016,True,0.0118331193902346,0.0166364423930645
5,21.10.2016,5,2016,True,0.010737156211865,0.019334282726049423
5,24.10.2016,5,2016,True,0.0139673806645771,0.017459234222769737
5,25.10.2016,5,2016,True,0.0151596263782026,0.020096175372600555
5,26.10.2016,5,2016,True,0.0178665848970242,0.018641768023371696
5,27.10.2016,5,2016,True,0.0130579059427838,0.01953401230275631
5,28.10.2016,5,2016,True,0.0130207595449392,0.01661437563598156
5,31.10.2016,5,2016,True,0.0165425415076643,0.01536512840539217
5,01.11.2016,5,2016,True,0.0161504444720868,0.02350033074617386
5,02.11.2016,5,2016,True,0.0120985288888198,0.019507287070155144
5,03.11.2016,5,2016,True,0.0121605296121625,0.019249597564339638
5,04.11.2016,5,2016,True,0.0171816060967912,0.021028289571404457
5,07.11.2016,5,2016,True,0.0321770397632077,0.026050666347146034
5,08.11.2016,5,2016,True,0.0324390603628761,0.019649822264909744
5,09.11.2016,5,2016,True,0.0324079336439146,0.019693633541464806
5,10.11.2016,5,2016,True,0.0317860139777216,0.020575659349560738
5,14.11.2016,5,2016,True,0.0280184663282444,0.021902943029999733
5,15.11.2016,5,2016,True,0.0196619483229848,0.02225765772163868
5,16.11.2016,5,2016,True,0.0190288853295149,0.021580493077635765
5,17.11.2016,5,2016,True,0.0279465916215297,0.022441022098064423
5,18.11.2016,5,2016,True,0.0290807152903126,0.026890356093645096
5,21.11.2016,5,2016,True,0.0260843470134392,0.017675869166851044
5,22.11.2016,5,2016,True,0.0506368090667362,0.01915939338505268
5,23.11.2016,5,2016,True,0.0505143039998032,0.022293727844953537
5,25.11.2016,5,2016,True,0.0522035906432718,0.02072395384311676
5,28.11.2016,5,2016,True,0.0529195576614353,0.02601153776049614
5,29.11.2016,5,2016,True,0.046993692573425,0.02478811703622341
5,30.11.2016,5,2016,True,0.0389387335488529,0.02634895220398903
5,01.12.2016,5,2016,True,0.038586574111263,0.028180724009871483
5,02.12.2016,5,2016,True,0.0163261508913489,0.02395322546362877
5,05.12.2016,5,2016,True,0.0197788871745955,0.022601842880249023
5,06.12.2016,5,2016,True,0.0161583112024288,0.023326359689235687
5,07.12.2016,5,2016,True,0.0223669383995497,0.020269319415092468
5,08.12.2016,5,2016,True,0.0211204235557757,0.027506915852427483
5,09.12.2016,5,2016,True,0.0231434943895285,0.02071594074368477
5,12.12.2016,5,2016,True,0.0198230248709879,0.020579688251018524
5,13.12.2016,5,2016,True,0.0203852711871399,0.018159132450819016
5,14.12.2016,5,2016,True,0.0142276359637094,0.016012202948331833
5,15.12.2016,5,2016,True,0.0147553781353746,0.020879898220300674
5,16.12.2016,5,2016,True,0.0108542713596657,0.014191240072250366
5,19.12.2016,5,2016,True,0.012593221632381,0.017325615510344505
5,20.12.2016,5,2016,True,0.0124410322110157,0.02137783169746399
5,21.12.2016,5,2016,True,0.0074566773902331,0.018047107383608818
5,22.12.2016,5,2016,True,0.0073391291982956,0.01824924908578396
5,23.12.2016,5,2016,True,0.0102540559082689,0.014478316530585289
5,27.12.2016,5,2016,True,0.0106256162198168,0.013856078498065472
5,28.12.2016,5,2016,True,0.0110044996573347,0.01085317600518465
5,29.12.2016,5,2016,True,0.0107994917886183,0.011488624848425388
5,30.12.2016,5,2016,True,0.0219043664313131,0.01767866685986519
22,04.01.2016,5,2016,True,0.0453887710115541,0.020737633109092712
22,05.01.2016,5,2016,True,0.0452469256209915,0.023336922749876976
22,06.01.2016,5,2016,True,0.0439267020447098,0.023545362055301666
22,07.01.2016,5,2016,True,0.047027335064697,0.02782120183110237
22,08.01.2016,5,2016,True,0.0472563771477525,0.027124159038066864
22,11.01.2016,5,2016,True,0.0457691063406767,0.028961552307009697
22,12.01.2016,5,2016,True,0.0507948263300371,0.03292465582489967
22,13.01.2016,5,2016,True,0.0513015372915975,0.02989547699689865
22,14.01.2016,5,2016,True,0.0531018403971242,0.02816975675523281
22,15.01.2016,5,2016,True,0.0531441684431293,0.02928820811212063
22,19.01.2016,5,2016,True,0.051015964497703,0.03196189925074577
22,20.01.2016,5,2016,True,0.0511050336746343,0.031287781894207
22,21.01.2016,5,2016,True,0.051505470374825,0.03280426934361458
22,22.01.2016,5,2016,True,0.0479484992697544,0.03905453905463219
22,25.01.2016,5,2016,True,0.0464347009123579,0.03452076390385628
22,26.01.2016,5,2016,True,0.0458210128911029,0.034023467451334
22,27.01.2016,5,2016,True,0.0453629887255363,0.038710836321115494
22,28.01.2016,5,2016,True,0.0451516346334207,0.036446403712034225
22,29.01.2016,5,2016,True,0.0451962891976754,0.03468269482254982
22,01.02.2016,5,2016,True,0.0451867891268727,0.03633088618516922
22,02.02.2016,5,2016,True,0.043789898247054,0.03234110027551651
22,03.02.2016,5,2016,True,0.0428949555142668,0.044918060302734375
22,04.02.2016,5,2016,True,0.0433189621601335,0.04513009265065193
22,05.02.2016,5,2016,True,0.0435406156306964,0.04283973202109337
22,08.02.2016,5,2016,True,0.0431079016934331,0.04150506108999252
22,09.02.2016,5,2016,True,0.0381450495923135,0.0369466096162796
22,10.02.2016,5,2016,True,0.038832324066771,0.04987110570073128
22,11.02.2016,5,2016,True,0.0386031905378517,0.044324345886707306
22,12.02.2016,5,2016,True,0.0333460645567372,0.04558457061648369
22,16.02.2016,5,2016,True,0.0320725398098674,0.05294978246092796
22,17.02.2016,5,2016,True,0.0295636237813683,0.048447974026203156
22,18.02.2016,5,2016,True,0.0293867934081814,0.044958680868148804
22,19.02.2016,5,2016,True,0.0275119225396993,0.04204699024558067
22,22.02.2016,5,2016,True,0.0275246850811408,0.03835803270339966
22,23.02.2016,5,2016,True,0.02536561752837,0.04318554699420929
22,24.02.2016,5,2016,True,0.0248821487355791,0.038978323340415955
22,25.02.2016,5,2016,True,0.0256447417288952,0.03820057958364487
22,26.02.2016,5,2016,True,0.0255492502418524,0.04175584018230438
22,29.02.2016,5,2016,True,0.0251973119081397,0.040751222521066666
22,01.03.2016,5,2016,True,0.0251844624006521,0.039806727319955826
22,02.03.2016,5,2016,True,0.027276171263274,0.03304002806544304
22,03.03.2016,5,2016,True,0.0272818648074297,0.0338234044611454
22,04.03.2016,5,2016,True,0.0278510847509935,0.028222309425473213
22,07.03.2016,5,2016,True,0.0253881290543044,0.0324651375412941
22,08.03.2016,5,2016,True,0.0279306629643323,0.03476846218109131
22,09.03.2016,5,2016,True,0.0272978841194591,0.037559106945991516
22,10.03.2016,5,2016,True,0.0279090105110974,0.030805831775069237
22,11.03.2016,5,2016,True,0.0281137220670677,0.030325310304760933
22,14.03.2016,5,2016,True,0.0276658067756603,0.02977694757282734
22,15.03.2016,5,2016,True,0.0275382009817567,0.02826353907585144
22,16.03.2016,5,2016,True,0.0264298437175687,0.0256057009100914
22,17.03.2016,5,2016,True,0.0262588268105411,0.022921374067664146
22,18.03.2016,5,2016,True,0.0272647296572766,0.0231805220246315
22,21.03.2016,5,2016,True,0.028135358276229,0.02199826017022133
22,22.03.2016,5,2016,True,0.028207550100883,0.024467535316944122
22,23.03.2016,5,2016,True,0.0273744175481648,0.02215542457997799
22,24.03.2016,5,2016,True,0.0278025369946568,0.022884003818035126
22,28.03.2016,5,2016,True,0.0282211618236802,0.023747002705931664
22,29.03.2016,5,2016,True,0.0271798718988655,0.023772386834025383
22,30.03.2016,5,2016,True,0.0272251164636021,0.02332279644906521
22,31.03.2016,5,2016,True,0.0273066551837635,0.022314056754112244
22,01.04.2016,5,2016,True,0.0284152855096827,0.02304709516465664
22,04.04.2016,5,2016,True,0.0280046186404341,0.0233616940677166
22,05.04.2016,5,2016,True,0.027997732771857,0.027353063225746155
22,06.04.2016,5,2016,True,0.026314237852019,0.027500426396727562
22,07.04.2016,5,2016,True,0.027830911153934,0.023219559341669083
22,08.04.2016,5,2016,True,0.0262009591985189,0.023250741884112358
22,11.04.2016,5,2016,True,0.0274034126326359,0.02556852623820305
22,12.04.2016,5,2016,True,0.0261198737561876,0.02376425452530384
22,13.04.2016,5,2016,True,0.0259846344940405,0.022209251299500465
22,14.04.2016,5,2016,True,0.0261899303641428,0.022913681343197823
22,15.04.2016,5,2016,True,0.0257225898715583,0.020862646400928497
22,18.04.2016,5,2016,True,0.0257817204886533,0.02772168442606926
22,19.04.2016,5,2016,True,0.0254496631686366,0.023676501587033272
22,20.04.2016,5,2016,True,0.0242610970102033,0.02292506955564022
22,21.04.2016,5,2016,True,0.0233948284683647,0.02305901050567627
22,22.04.2016,5,2016,True,0.0233085536466108,0.021327964961528778
22,25.04.2016,5,2016,True,0.0233251526518134,0.020902354270219803
22,26.04.2016,5,2016,True,0.0228088552618494,0.022538430988788605
22,27.04.2016,5,2016,True,0.0220406036544729,0.020362693816423416
22,28.04.2016,5,2016,True,0.0217074208756056,0.022635072469711304
22,29.04.2016,5,2016,True,0.0217056045590747,0.020153585821390152
22,02.05.2016,5,2016,True,0.0217272557787058,0.02093729004263878
22,03.05.2016,5,2016,True,0.0207881178657302,0.02432899922132492
22,04.05.2016,5,2016,True,0.0178436564477524,0.024815890938043594
22,05.05.2016,5,2016,True,0.0180111745114008,0.02376457303762436
22,06.05.2016,5,2016,True,0.0182735594411297,0.02389240637421608
22,09.05.2016,5,2016,True,0.0157121529135249,0.02268916741013527
22,10.05.2016,5,2016,True,0.0154771224682701,0.023123757913708687
22,11.05.2016,5,2016,True,0.0127283524457268,0.01979520358145237
22,12.05.2016,5,2016,True,0.0129000249532985,0.019107840955257416
22,13.05.2016,5,2016,True,0.0134578862700495,0.019682297483086586
22,16.05.2016,5,2016,True,0.0147719227205359,0.02022872120141983
22,17.05.2016,5,2016,True,0.0173122817413331,0.020368795841932297
22,18.05.2016,5,2016,True,0.0183467170766574,0.021167397499084473
22,19.05.2016,5,2016,True,0.0183315438020092,0.022243648767471313
22,20.05.2016,5,2016,True,0.0186515897539958,0.022103019058704376
22,23.05.2016,5,2016,True,0.0189853785087129,0.02245134860277176
22,24.05.2016,5,2016,True,0.0220348377422997,0.021509265527129173
22,25.05.2016,5,2016,True,0.0220651716962918,0.02152378112077713
22,26.05.2016,5,2016,True,0.0230991221887511,0.019116751849651337
22,27.05.2016,5,2016,True,0.0247270369587548,0.019558651372790337
22,31.05.2016,5,2016,True,0.0250317656569273,0.01924716867506504
22,01.06.2016,5,2016,True,0.0250411508728276,0.02109508030116558
22,02.06.2016,5,2016,True,0.0262961980413961,0.02213692106306553
22,03.06.2016,5,2016,True,0.0265715938884086,0.01866200380027294
22,06.06.2016,5,2016,True,0.0282168378743224,0.017009226605296135
22,07.06.2016,5,2016,True,0.0279413328229895,0.018512748181819916
22,08.06.2016,5,2016,True,0.0274057832865144,0.017958391457796097
22,09.06.2016,5,2016,True,0.0295761109679581,0.01821236126124859
22,10.06.2016,5,2016,True,0.0305917633710592,0.01664844900369644
22,13.06.2016,5,2016,True,0.0311583854988638,0.017599718645215034
22,14.06.2016,5,2016,True,0.0311526896401325,0.020072905346751213
22,15.06.2016,5,2016,True,0.0310765124322959,0.020601047202944756
22,16.06.2016,5,2016,True,0.0300989987331698,0.0189397931098938
22,17.06.2016,5,2016,True,0.0287693531916514,0.0233785267919302
22,20.06.2016,5,2016,True,0.028138654690032,0.019747013226151466
22,21.06.2016,5,2016,True,0.0281640306925337,0.01828242465853691
22,22.06.2016,5,2016,True,0.0283148060321684,0.019216271117329597
22,23.06.2016,5,2016,True,0.0278146966186039,0.019701050594449043
22,24.06.2016,5,2016,True,0.0266498648268279,0.019563045352697372
22,27.06.2016,5,2016,True,0.0263922331535399,0.019400089979171753
22,28.06.2016,5,2016,True,0.0252641010837267,0.021255789324641228
22,29.06.2016,5,2016,True,0.0230392261283405,0.019444594159722328
22,30.06.2016,5,2016,True,0.0229807507134388,0.01860189065337181
22,01.07.2016,5,2016,True,0.0243137065853095,0.01941612921655178
22,05.07.2016,5,2016,True,0.0242498313184268,0.017271738499403
22,06.07.2016,5,2016,True,0.0238092807942745,0.017695443704724312
22,07.07.2016,5,2016,True,0.0222484727560442,0.01953473500907421
22,08.07.2016,5,2016,True,0.0222229390687008,0.020197732374072075
22,11.07.2016,5,2016,True,0.0225174788726048,0.018786441534757614
22,12.07.2016,5,2016,True,0.0222429794305969,0.01959052123129368
22,13.07.2016,5,2016,True,0.0203791994992687,0.018563998863101006
22,14.07.2016,5,2016,True,0.0206896691311734,0.025306619703769684
22,15.07.2016,5,2016,True,0.0209957732371139,0.02125442586839199
22,18.07.2016,5,2016,True,0.0208323225384256,0.021502496674656868
22,19.07.2016,5,2016,True,0.0210654168146588,0.019474783912301064
22,20.07.2016,5,2016,True,0.0210242426914509,0.019094660878181458
22,21.07.2016,5,2016,True,0.0219507806297226,0.019690020009875298
22,22.07.2016,5,2016,True,0.0218962882233384,0.020480873063206673
22,25.07.2016,5,2016,True,0.0217347953004754,0.02068745717406273
22,26.07.2016,5,2016,True,0.0218062180736554,0.022653795778751373
22,27.07.2016,5,2016,True,0.0202433013916556,0.021185249090194702
22,28.07.2016,5,2016,True,0.0200059598964576,0.02415033057332039
22,29.07.2016,5,2016,True,0.0205427574023666,0.02265797182917595
22,01.08.2016,5,2016,True,0.0217476909402626,0.022888023406267166
22,02.08.2016,5,2016,True,0.0213106415879437,0.025059005245566368
22,03.08.2016,5,2016,True,0.0206376103371129,0.024188615381717682
22,04.08.2016,5,2016,True,0.0200089657545066,0.02349315956234932
22,05.08.2016,5,2016,True,0.0201577604788578,0.020971814170479774
22,08.08.2016,5,2016,True,0.0212287149762159,0.022695576772093773
22,09.08.2016,5,2016,True,0.0231405024383836,0.021485866978764534
22,10.08.2016,5,2016,True,0.0225242218369939,0.02027510106563568
22,11.08.2016,5,2016,True,0.021515564754658,0.019620807841420174
22,12.08.2016,5,2016,True,0.0218674984098136,0.018955698236823082
22,15.08.2016,5,2016,True,0.0211837174412497,0.01915135234594345
22,16.08.2016,5,2016,True,0.0209703093526827,0.019071903079748154
22,17.08.2016,5,2016,True,0.0207402764641838,0.021815987303853035
22,18.08.2016,5,2016,True,0.0200270925098661,0.0187828429043293
22,19.08.2016,5,2016,True,0.0207229484685656,0.018771851435303688
22,22.08.2016,5,2016,True,0.0200064423404284,0.01948443241417408
22,23.08.2016,5,2016,True,0.0210184542478326,0.019118955358862877
22,24.08.2016,5,2016,True,0.0220302255441665,0.020581059157848358
22,25.08.2016,5,2016,True,0.0225654362218376,0.02064414694905281
22,26.08.2016,5,2016,True,0.0260188133683462,0.018950745463371277
22,29.08.2016,5,2016,True,0.0259980497819852,0.018810737878084183
22,30.08.2016,5,2016,True,0.0256957873493749,0.01959991082549095
22,31.08.2016,5,2016,True,0.0248946831895742,0.021055417135357857
22,01.09.2016,5,2016,True,0.0258892266271529,0.020414341241121292
22,02.09.2016,5,2016,True,0.0260299199074918,0.022719886153936386
22,06.09.2016,5,2016,True,0.0260668041246962,0.021029559895396233
22,07.09.2016,5,2016,True,0.0261713076298587,0.02073483169078827
22,08.09.2016,5,2016,True,0.0248491276368442,0.020595626905560493
22,09.09.2016,5,2016,True,0.0232011962519832,0.01989019103348255
22,12.09.2016,5,2016,True,0.0231925096909594,0.017691373825073242
22,13.09.2016,5,2016,True,0.022314068016317,0.017631277441978455
22,14.09.2016,5,2016,True,0.0214037815452338,0.018477221950888634
22,15.09.2016,5,2016,True,0.0212727116958157,0.01925976574420929
22,16.09.2016,5,2016,True,0.0208626711313067,0.023170171305537224
22,19.09.2016,5,2016,True,0.0218968368794904,0.019558917731046677
22,20.09.2016,5,2016,True,0.0218529464681309,0.019983086735010147
22,21.09.2016,5,2016,True,0.0217213453829197,0.021236376836895943
22,22.09.2016,5,2016,True,0.0218190638397913,0.020129119977355003
22,23.09.2016,5,2016,True,0.0203462074212698,0.02227056957781315
22,26.09.2016,5,2016,True,0.0194615938831769,0.023791315034031868
22,27.09.2016,5,2016,True,0.0185372320424719,0.02316203899681568
22,28.09.2016,5,2016,True,0.0154532330481106,0.020191840827465057
22,29.09.2016,5,2016,True,0.0152380883512721,0.023314574733376503
22,30.09.2016,5,2016,True,0.0165284526713345,0.02074297145009041
22,03.10.2016,5,2016,True,0.0166200510173935,0.018257159739732742
22,04.10.2016,5,2016,True,0.0145244776883602,0.017332319170236588
22,05.10.2016,5,2016,True,0.0140452402811097,0.019856171682476997
22,06.10.2016,5,2016,True,0.0134974125609571,0.01854991354048252
22,07.10.2016,5,2016,True,0.0137168331545374,0.019388893619179726
22,11.10.2016,5,2016,True,0.0133870062264495,0.0201120562851429
22,12.10.2016,5,2016,True,0.0143908701486802,0.020036393776535988
22,13.10.2016,5,2016,True,0.0194791927232645,0.021109426394104958
22,14.10.2016,5,2016,True,0.0194713981910215,0.019960053265094757
22,17.10.2016,5,2016,True,0.0194601209215271,0.020159544423222542
22,18.10.2016,5,2016,True,0.0195787352061631,0.018439054489135742
22,19.10.2016,5,2016,True,0.0214816287450911,0.01860852912068367
22,20.10.2016,5,2016,True,0.0209928232293824,0.01966402865946293
22,21.10.2016,5,2016,True,0.0208794013996186,0.019820110872387886
22,24.10.2016,5,2016,True,0.0220299726114404,0.018832020461559296
22,25.10.2016,5,2016,True,0.0225419579890417,0.019242815673351288
22,26.10.2016,5,2016,True,0.0237297865089338,0.018335208296775818
22,27.10.2016,5,2016,True,0.0301788761082167,0.017338020727038383
22,28.10.2016,5,2016,True,0.0299886339715769,0.01865561492741108
22,31.10.2016,5,2016,True,0.033261200964617,0.019415248185396194
22,01.11.2016,5,2016,True,0.0332501860736743,0.022006485611200333
22,02.11.2016,5,2016,True,0.0327011256665089,0.020550034940242767
22,03.11.2016,5,2016,True,0.0328923186204133,0.021190635859966278
22,04.11.2016,5,2016,True,0.0325567709127804,0.020379185676574707
22,07.11.2016,5,2016,True,0.0325393918749284,0.02145296335220337
22,08.11.2016,5,2016,True,0.0326635488698531,0.021421393379569054
22,09.11.2016,5,2016,True,0.0327079570154689,0.020436668768525124
22,10.11.2016,5,2016,True,0.0336553627289369,0.020851824432611465
22,14.11.2016,5,2016,True,0.0325660762093095,0.020650891587138176
22,15.11.2016,5,2016,True,0.0310492610989465,0.023257190361618996
22,16.11.2016,5,2016,True,0.0310167938970936,0.023098554462194443
22,17.11.2016,5,2016,True,0.0309289521482866,0.023670706897974014
22,18.11.2016,5,2016,True,0.0313542140145673,0.023423688486218452
22,21.11.2016,5,2016,True,0.0303424997533701,0.02115616947412491
22,22.11.2016,5,2016,True,0.0303506572303556,0.023301182314753532
22,23.11.2016,5,2016,True,0.0303790244199785,0.024568721652030945
22,25.11.2016,5,2016,True,0.0289396358647869,0.02343909442424774
22,28.11.2016,5,2016,True,0.028852641330092,0.026731176301836967
22,29.11.2016,5,2016,True,0.0270155334894129,0.02538215182721615
22,30.11.2016,5,2016,True,0.0213515268091141,0.028839251026511192
22,01.12.2016,5,2016,True,0.0215123206451553,0.026105113327503204
22,02.12.2016,5,2016,True,0.0145464896950601,0.020939597859978676
22,05.12.2016,5,2016,True,0.0144736272488128,0.024541988968849182
22,06.12.2016,5,2016,True,0.0163210807517228,0.02357749082148075
22,07.12.2016,5,2016,True,0.0167244977850561,0.020289283245801926
22,08.12.2016,5,2016,True,0.0173230810840808,0.023785140365362167
22,09.12.2016,5,2016,True,0.0175720629517593,0.019832797348499298
22,12.12.2016,5,2016,True,0.0169246651301603,0.021906154230237007
22,13.12.2016,5,2016,True,0.0169243396663158,0.02008962631225586
22,14.12.2016,5,2016,True,0.0164987794217601,0.018718494102358818
22,15.12.2016,5,2016,True,0.0165196630359819,0.019665133208036423
22,16.12.2016,5,2016,True,0.016681601715058,0.018755555152893066
22,19.12.2016,5,2016,True,0.0166730994685328,0.016353726387023926
22,20.12.2016,5,2016,True,0.0166085663839101,0.01906397007405758
22,21.12.2016,5,2016,True,0.0162813069821972,0.015000846236944199
22,22.12.2016,5,2016,True,0.0167189617017083,0.01651681400835514
22,23.12.2016,5,2016,True,0.0169746321616414,0.01838935725390911
22,27.12.2016,5,2016,True,0.0166044424386522,0.0186263807117939
22,28.12.2016,5,2016,True,0.0167093243576307,0.020014287903904915
22,29.12.2016,5,2016,True,0.0167079873084891,0.01809111423790455
22,30.12.2016,5,2016,True,0.0170716376847419,0.019802022725343704
66,04.01.2016,5,2016,True,0.039251550191823,0.025678854435682297
66,05.01.2016,5,2016,True,0.0392097043750951,0.024801865220069885
66,06.01.2016,5,2016,True,0.0386728384930454,0.024832474067807198
66,07.01.2016,5,2016,True,0.0386550974813686,0.02743951603770256
66,08.01.2016,5,2016,True,0.038662828130272,0.02716219425201416
66,11.01.2016,5,2016,True,0.0378833907339834,0.02726556919515133
66,12.01.2016,5,2016,True,0.0377529154174112,0.029636939987540245
66,13.01.2016,5,2016,True,0.0377273322714051,0.02880827523767948
66,14.01.2016,5,2016,True,0.0378937592410505,0.028057001531124115
66,15.01.2016,5,2016,True,0.0381170263824514,0.027633611112833023
66,19.01.2016,5,2016,True,0.0367626151104466,0.029836880043148994
66,20.01.2016,5,2016,True,0.0365518613464334,0.03195112198591232
66,21.01.2016,5,2016,True,0.0362892676768417,0.0318165086209774
66,22.01.2016,5,2016,True,0.034697995586761,0.03516348451375961
66,25.01.2016,5,2016,True,0.0339343121914222,0.032547593116760254
66,26.01.2016,5,2016,True,0.0336637804679298,0.03336147218942642
66,27.01.2016,5,2016,True,0.0334070974954303,0.03595232218503952
66,28.01.2016,5,2016,True,0.033591392654795,0.03543055057525635
66,29.01.2016,5,2016,True,0.0340868874282121,0.03539177402853966
66,01.02.2016,5,2016,True,0.0340857975677509,0.03493402153253555
66,02.02.2016,5,2016,True,0.0331833810802896,0.029168933629989624
66,03.02.2016,5,2016,True,0.0326522075206951,0.03768857941031456
66,04.02.2016,5,2016,True,0.0329042917948635,0.03914681822061539
66,05.02.2016,5,2016,True,0.0332152864288569,0.040100861340761185
66,08.02.2016,5,2016,True,0.0328349220625455,0.039409104734659195
66,09.02.2016,5,2016,True,0.0310272848139585,0.03731675446033478
66,10.02.2016,5,2016,True,0.0310705249549908,0.04330703988671303
66,11.02.2016,5,2016,True,0.030802174250808,0.040246378630399704
66,12.02.2016,5,2016,True,0.0283795008212723,0.040026601403951645
66,16.02.2016,5,2016,True,0.0279156195407014,0.04365640506148338
66,17.02.2016,5,2016,True,0.0267855655087087,0.042257219552993774
66,18.02.2016,5,2016,True,0.0267941776744929,0.04005051776766777
66,19.02.2016,5,2016,True,0.0262506915203871,0.0376507043838501
66,22.02.2016,5,2016,True,0.0257673595375073,0.03693157806992531
66,23.02.2016,5,2016,True,0.0251069297735968,0.040139731019735336
66,24.02.2016,5,2016,True,0.0249054462375496,0.03768131136894226
66,25.02.2016,5,2016,True,0.0247838670316241,0.037608738988637924
66,26.02.2016,5,2016,True,0.0247560268804105,0.040633928030729294
66,29.02.2016,5,2016,True,0.024640132074218,0.038628868758678436
66,01.03.2016,5,2016,True,0.0246840907137276,0.03564469516277313
66,02.03.2016,5,2016,True,0.0245913670861854,0.03256220370531082
66,03.03.2016,5,2016,True,0.0246405605969067,0.03140358626842499
66,04.03.2016,5,2016,True,0.024246353838059,0.02802293375134468
66,07.03.2016,5,2016,True,0.0235388388543151,0.03014393337070942
66,08.03.2016,5,2016,True,0.0234955565116109,0.03268472105264664
66,09.03.2016,5,2016,True,0.0231789715265938,0.033176127821207047
66,10.03.2016,5,2016,True,0.0229725660634477,0.030411897227168083
66,11.03.2016,5,2016,True,0.0231036942627101,0.03147054836153984
66,14.03.2016,5,2016,True,0.0234324906970947,0.029707331210374832
66,15.03.2016,5,2016,True,0.0237247874004921,0.026985643431544304
66,16.03.2016,5,2016,True,0.0235085850520266,0.0249374620616436
66,17.03.2016,5,2016,True,0.0232853155649617,0.02381271682679653
66,18.03.2016,5,2016,True,0.0233472310379498,0.025587793439626694
66,21.03.2016,5,2016,True,0.0234383686066493,0.025512566789984703
66,22.03.2016,5,2016,True,0.024339540328837,0.02515805885195732
66,23.03.2016,5,2016,True,0.024221439376069,0.02398591674864292
66,24.03.2016,5,2016,True,0.0244504576600171,0.024704094976186752
66,28.03.2016,5,2016,True,0.0248796886230259,0.02585824951529503
66,29.03.2016,5,2016,True,0.0247133342684305,0.025958750396966934
66,30.03.2016,5,2016,True,0.0247132885805896,0.02616705745458603
66,31.03.2016,5,2016,True,0.0252402060616035,0.02480536326766014
66,01.04.2016,5,2016,True,0.0253021145148707,0.02480536326766014
66,04.04.2016,5,2016,True,0.0252851675251977,0.024983061477541924
66,05.04.2016,5,2016,True,0.0252907109648141,0.026015324518084526
66,06.04.2016,5,2016,True,0.0246390330569344,0.026532648131251335
66,07.04.2016,5,2016,True,0.0251894502839593,0.026410534977912903
66,08.04.2016,5,2016,True,0.0248417620570406,0.027892451733350754
66,11.04.2016,5,2016,True,0.0248767628983447,0.028869573026895523
66,12.04.2016,5,2016,True,0.0243490421348084,0.02625434659421444
66,13.04.2016,5,2016,True,0.024368467068487,0.026048123836517334
66,14.04.2016,5,2016,True,0.0243618146222836,0.025022534653544426
66,15.04.2016,5,2016,True,0.0242871456861072,0.02461855299770832
66,18.04.2016,5,2016,True,0.0244301673237056,0.02654651738703251
66,19.04.2016,5,2016,True,0.0242789571109383,0.02586609497666359
66,20.04.2016,5,2016,True,0.023934083444988,0.02405635453760624
66,21.04.2016,5,2016,True,0.0236847231869507,0.023627931252121925
66,22.04.2016,5,2016,True,0.0239487311647227,0.02357647567987442
66,25.04.2016,5,2016,True,0.0239863189220033,0.021925432607531548
66,26.04.2016,5,2016,True,0.0237260619155297,0.02377155050635338
66,27.04.2016,5,2016,True,0.0233844908028181,0.021892106160521507
66,28.04.2016,5,2016,True,0.0232853631041385,0.023516716435551643
66,29.04.2016,5,2016,True,0.023631472153815,0.021775951609015465
66,02.05.2016,5,2016,True,0.0238978141585299,0.021995481103658676
66,03.05.2016,5,2016,True,0.0236545035081404,0.024893073365092278
66,04.05.2016,5,2016,True,0.0231583397194522,0.025896703824400902
66,05.05.2016,5,2016,True,0.0231620033455816,0.02527935616672039
66,06.05.2016,5,2016,True,0.02328120106148,0.024893073365092278
66,09.05.2016,5,2016,True,0.023410515286628,0.022170407697558403
66,10.05.2016,5,2016,True,0.0229561122264549,0.023903777822852135
66,11.05.2016,5,2016,True,0.0225686037838237,0.02352430298924446
66,12.05.2016,5,2016,True,0.0226434300120298,0.021881502121686935
66,13.05.2016,5,2016,True,0.0226814441114262,0.022076252847909927
66,16.05.2016,5,2016,True,0.022639019973003,0.022076252847909927
66,17.05.2016,5,2016,True,0.0226278585096624,0.02211715094745159
66,18.05.2016,5,2016,True,0.0230144703647591,0.02196851745247841
66,19.05.2016,5,2016,True,0.0230967675846984,0.021902019158005714
66,20.05.2016,5,2016,True,0.0232104021761401,0.021778324618935585
66,23.05.2016,5,2016,True,0.0232399979578756,0.021746961399912834
66,24.05.2016,5,2016,True,0.0232389127274705,0.021538227796554565
66,25.05.2016,5,2016,True,0.0231255430218379,0.021538227796554565
66,26.05.2016,5,2016,True,0.0232301949076346,0.02075546234846115
66,27.05.2016,5,2016,True,0.023468392276824,0.02072485350072384
66,31.05.2016,5,2016,True,0.0234464115030404,0.02076762542128563
66,01.06.2016,5,2016,True,0.023450673661264,0.02153792604804039
66,02.06.2016,5,2016,True,0.02346517781637,0.021534673869609833
66,03.06.2016,5,2016,True,0.0235293996695718,0.017794858664274216
66,06.06.2016,5,2016,True,0.0239730451088494,0.01802964136004448
66,07.06.2016,5,2016,True,0.0243734836727554,0.0179628636687994
66,08.06.2016,5,2016,True,0.0242421401302901,0.01775224693119526
66,09.06.2016,5,2016,True,0.0243997232660823,0.017672499641776085
66,10.06.2016,5,2016,True,0.0243896832272308,0.017794504761695862
66,13.06.2016,5,2016,True,0.0244824208493345,0.018775491043925285
66,14.06.2016,5,2016,True,0.0245418482135053,0.019107500091195107
66,15.06.2016,5,2016,True,0.0244666236095682,0.019107500091195107
66,16.06.2016,5,2016,True,0.0240482871024402,0.01847108080983162
66,17.06.2016,5,2016,True,0.0236309708379069,0.021668842062354088
66,20.06.2016,5,2016,True,0.0234353071861385,0.01900523528456688
66,21.06.2016,5,2016,True,0.0238668208346121,0.019859040156006813
66,22.06.2016,5,2016,True,0.0241452126232272,0.01989433355629444
66,23.06.2016,5,2016,True,0.0242533790029677,0.020080000162124634
66,24.06.2016,5,2016,True,0.0245454442894021,0.019960038363933563
66,27.06.2016,5,2016,True,0.0243611337702648,0.02224111370742321
66,28.06.2016,5,2016,True,0.0240944683804483,0.021842101588845253
66,29.06.2016,5,2016,True,0.0235495195128631,0.02171008475124836
66,30.06.2016,5,2016,True,0.0238467209118882,0.023376623168587685
66,01.07.2016,5,2016,True,0.0239579873822711,0.023673836141824722
66,05.07.2016,5,2016,True,0.0234963773876901,0.02110975794494152
66,06.07.2016,5,2016,True,0.023459617591221,0.021869275718927383
66,07.07.2016,5,2016,True,0.0225825535443896,0.02210686169564724
66,08.07.2016,5,2016,True,0.0226295992112274,0.022068750113248825
66,11.07.2016,5,2016,True,0.0225775090912584,0.02166418544948101
66,12.07.2016,5,2016,True,0.0218649406885129,0.021985191851854324
66,13.07.2016,5,2016,True,0.0210725004412618,0.02152390219271183
66,14.07.2016,5,2016,True,0.0208922044433374,0.023908471688628197
66,15.07.2016,5,2016,True,0.0210004820513698,0.021953850984573364
66,18.07.2016,5,2016,True,0.0211675393304085,0.021320538595318794
66,19.07.2016,5,2016,True,0.0211593311089339,0.021791992709040642
66,20.07.2016,5,2016,True,0.0211483118613921,0.021169306710362434
66,21.07.2016,5,2016,True,0.0210458118069826,0.0211526807397604
66,22.07.2016,5,2016,True,0.0211002546854274,0.02156445011496544
66,25.07.2016,5,2016,True,0.0209300705140545,0.021533841267228127
66,26.07.2016,5,2016,True,0.0210333469803121,0.021932628005743027
66,27.07.2016,5,2016,True,0.0209652076846742,0.02212931402027607
66,28.07.2016,5,2016,True,0.0208241141979067,0.02201649360358715
66,29.07.2016,5,2016,True,0.0211929803990656,0.02201649360358715
66,01.08.2016,5,2016,True,0.021247338941143,0.02221023663878441
66,02.08.2016,5,2016,True,0.0212639954458399,0.02410961128771305
66,03.08.2016,5,2016,True,0.0209942939907619,0.025541339069604874
66,04.08.2016,5,2016,True,0.0207406704470851,0.02534806728363037
66,05.08.2016,5,2016,True,0.0207548638299785,0.02190067432820797
66,08.08.2016,5,2016,True,0.0205813437729521,0.02212326042354107
66,09.08.2016,5,2016,True,0.0209124105412983,0.02215386927127838
66,10.08.2016,5,2016,True,0.0218294512533878,0.021634157747030258
66,11.08.2016,5,2016,True,0.0211688056503974,0.01878686249256134
66,12.08.2016,5,2016,True,0.0210265948834692,0.021115927025675774
66,15.08.2016,5,2016,True,0.0207359708768601,0.02149583026766777
66,16.08.2016,5,2016,True,0.0212868413043521,0.021546082571148872
66,17.08.2016,5,2016,True,0.0212365179670241,0.02166476659476757
66,18.08.2016,5,2016,True,0.0210787606788912,0.020469320937991142
66,19.08.2016,5,2016,True,0.0215135673973021,0.020654957741498947
66,22.08.2016,5,2016,True,0.0212741847217899,0.020469320937991142
66,23.08.2016,5,2016,True,0.0217062756896567,0.021023284643888474
66,24.08.2016,5,2016,True,0.024019586856678,0.02166476659476757
66,25.08.2016,5,2016,True,0.0239717674214771,0.021850328892469406
66,26.08.2016,5,2016,True,0.0257309203647134,0.021217016503214836
66,29.08.2016,5,2016,True,0.025681313219147,0.02061038464307785
66,30.08.2016,5,2016,True,0.0256851812516076,0.02124762535095215
66,31.08.2016,5,2016,True,0.0255316769249476,0.021624937653541565
66,01.09.2016,5,2016,True,0.0255959957138236,0.021748632192611694
66,02.09.2016,5,2016,True,0.0255926729377136,0.0219581201672554
66,06.09.2016,5,2016,True,0.0257287387411063,0.021202245727181435
66,07.09.2016,5,2016,True,0.0256811511618886,0.021634157747030258
66,08.09.2016,5,2016,True,0.0255825948248463,0.02166476659476757
66,09.09.2016,5,2016,True,0.0250498964557102,0.02154240943491459
66,12.09.2016,5,2016,True,0.0251647633800065,0.021448254585266113
66,13.09.2016,5,2016,True,0.0249454032738868,0.02158684842288494
66,14.09.2016,5,2016,True,0.0246842661562676,0.021520741283893585
66,15.09.2016,5,2016,True,0.0247386012134778,0.02189457416534424
66,16.09.2016,5,2016,True,0.0246306268605641,0.02178683876991272
66,19.09.2016,5,2016,True,0.0246304123574338,0.021624937653541565
66,20.09.2016,5,2016,True,0.0246838147210455,0.021720832213759422
66,21.09.2016,5,2016,True,0.0245873340323075,0.02007301151752472
66,22.09.2016,5,2016,True,0.0245244873988484,0.021454066038131714
66,23.09.2016,5,2016,True,0.0240097784357906,0.0217311829328537
66,26.09.2016,5,2016,True,0.0238148812786124,0.0233940277248621
66,27.09.2016,5,2016,True,0.0235477231258782,0.02481948398053646
66,28.09.2016,5,2016,True,0.022555348788726,0.02384144812822342
66,29.09.2016,5,2016,True,0.0225287797666268,0.027139348909258842
66,30.09.2016,5,2016,True,0.0230725625421857,0.02395419217646122
66,03.10.2016,5,2016,True,0.0232877412698777,0.02171246148645878
66,04.10.2016,5,2016,True,0.0231182756888981,0.02158876694738865
66,05.10.2016,5,2016,True,0.0230862091901621,0.021963728591799736
66,06.10.2016,5,2016,True,0.023083093475368,0.021175462752580643
66,07.10.2016,5,2016,True,0.0230350036821104,0.021243741735816002
66,11.10.2016,5,2016,True,0.0232914517904755,0.021069573238492012
66,12.10.2016,5,2016,True,0.0232483313253275,0.02180766686797142
66,13.10.2016,5,2016,True,0.0234255395262196,0.02184644527733326
66,14.10.2016,5,2016,True,0.0234339771950011,0.020723236724734306
66,17.10.2016,5,2016,True,0.0234079113871858,0.020643489435315132
66,18.10.2016,5,2016,True,0.023425253339455,0.02054460160434246
66,19.10.2016,5,2016,True,0.0234484445963607,0.020624348893761635
66,20.10.2016,5,2016,True,0.0232922004984512,0.02044804021716118
66,21.10.2016,5,2016,True,0.0232906282478235,0.020881569012999535
66,24.10.2016,5,2016,True,0.0232911021396535,0.020727265626192093
66,25.10.2016,5,2016,True,0.0232238693771326,0.02072564885020256
66,26.10.2016,5,2016,True,0.0231887641211888,0.019054191187024117
66,27.10.2016,5,2016,True,0.0231701368942371,0.0179628636687994
66,28.10.2016,5,2016,True,0.0232231601488762,0.017845332622528076
66,31.10.2016,5,2016,True,0.0229755597006773,0.018397722393274307
66,01.11.2016,5,2016,True,0.0229751067476388,0.019110824912786484
66,02.11.2016,5,2016,True,0.0226196861080501,0.01882215589284897
66,03.11.2016,5,2016,True,0.0226447161314291,0.019110824912786484
66,04.11.2016,5,2016,True,0.0226883423939135,0.018688132986426353
66,07.11.2016,5,2016,True,0.0226629890921739,0.02026687189936638
66,08.11.2016,5,2016,True,0.0226693874182483,0.020811859518289566
66,09.11.2016,5,2016,True,0.0226709728426835,0.019023634493350983
66,10.11.2016,5,2016,True,0.0226028914069809,0.018688132986426353
66,14.11.2016,5,2016,True,0.0222403942546572,0.018688132986426353
66,15.11.2016,5,2016,True,0.0213975079792596,0.02234852872788906
66,16.11.2016,5,2016,True,0.0214030316480168,0.02639712020754814
66,17.11.2016,5,2016,True,0.0214546544773057,0.02610251121222973
66,18.11.2016,5,2016,True,0.0214502758578171,0.024025779217481613
66,21.11.2016,5,2016,True,0.0208857580239052,0.022734522819519043
66,22.11.2016,5,2016,True,0.020884411663389,0.02455039508640766
66,23.11.2016,5,2016,True,0.0209204794231531,0.025871334597468376
66,25.11.2016,5,2016,True,0.0204502938094076,0.025747640058398247
66,28.11.2016,5,2016,True,0.0203206484237941,0.029498858377337456
66,29.11.2016,5,2016,True,0.0196526215548284,0.028949640691280365
66,30.11.2016,5,2016,True,0.018021971726188,0.02901802398264408
66,01.12.2016,5,2016,True,0.0181612137331028,0.02617049776017666
66,02.12.2016,5,2016,True,0.0156085590334577,0.02347595989704132
66,05.12.2016,5,2016,True,0.0155619930176506,0.02336091920733452
66,06.12.2016,5,2016,True,0.0154357565769668,0.023067522794008255
66,07.12.2016,5,2016,True,0.0154555861621749,0.023013215512037277
66,08.12.2016,5,2016,True,0.0153091665637168,0.02306433394551277
66,09.12.2016,5,2016,True,0.0152707101815799,0.022860892117023468
66,12.12.2016,5,2016,True,0.0149368020095709,0.020949238911271095
66,13.12.2016,5,2016,True,0.0150044957619415,0.02087748423218727
66,14.12.2016,5,2016,True,0.014482073009429,0.020933549851179123
66,15.12.2016,5,2016,True,0.0144768355411512,0.021001463755965233
66,16.12.2016,5,2016,True,0.0142135570760663,0.02084687538444996
66,19.12.2016,5,2016,True,0.0142047637650645,0.02059152163565159
66,20.12.2016,5,2016,True,0.0142462102828316,0.02062102220952511
66,21.12.2016,5,2016,True,0.0143767260268329,0.018692446872591972
66,22.12.2016,5,2016,True,0.0143704721541457,0.019144561141729355
66,23.12.2016,5,2016,True,0.0143686150435114,0.020747987553477287
66,27.12.2016,5,2016,True,0.0142253912266675,0.020438257604837418
66,28.12.2016,5,2016,True,0.0144409808852709,0.020382191985845566
66,29.12.2016,5,2016,True,0.0144491861784991,0.020252695307135582
66,30.12.2016,5,2016,True,0.0145035326492715,0.020230356603860855
126,04.01.2016,5,2016,True,0.0325831455425556,0.02792068012058735
126,05.01.2016,5,2016,True,0.0325413694771395,0.026752468198537827
126,06.01.2016,5,2016,True,0.032374070119308,0.026779133826494217
126,07.01.2016,5,2016,True,0.0323432906559643,0.026779133826494217
126,08.01.2016,5,2016,True,0.0323569829524189,0.026374829933047295
126,11.01.2016,5,2016,True,0.0320807567679372,0.026613419875502586
126,12.01.2016,5,2016,True,0.0323107802488133,0.028195353224873543
126,13.01.2016,5,2016,True,0.0323054720732478,0.02657574601471424
126,14.01.2016,5,2016,True,0.0322561869040482,0.02659756690263748
126,15.01.2016,5,2016,True,0.0322904221775026,0.026604190468788147
126,19.01.2016,5,2016,True,0.0315226414292687,0.028642917051911354
126,20.01.2016,5,2016,True,0.0313720787665138,0.02934315800666809
126,21.01.2016,5,2016,True,0.0312016469012069,0.029385924339294434
126,22.01.2016,5,2016,True,0.0301178292225402,0.03353733941912651
126,25.01.2016,5,2016,True,0.0297702989632848,0.030798353254795074
126,26.01.2016,5,2016,True,0.0295667877109083,0.030531641095876694
126,27.01.2016,5,2016,True,0.0295330486118247,0.03344258293509483
126,28.01.2016,5,2016,True,0.0295234020712672,0.03522505611181259
126,29.01.2016,5,2016,True,0.0294586125297134,0.034849684685468674
126,01.02.2016,5,2016,True,0.0294578156545121,0.034172698855400085
126,02.02.2016,5,2016,True,0.0290017557351758,0.02807326428592205
126,03.02.2016,5,2016,True,0.0284982549684931,0.03534017503261566
126,04.02.2016,5,2016,True,0.0285408275025556,0.03623443841934204
126,05.02.2016,5,2016,True,0.0285153336430241,0.036205142736434937
126,08.02.2016,5,2016,True,0.0283890172430472,0.03586869314312935
126,09.02.2016,5,2016,True,0.0273999417620847,0.03310608118772507
126,10.02.2016,5,2016,True,0.0274543680134777,0.03690747916698456
126,11.02.2016,5,2016,True,0.0275797332754741,0.03262611851096153
126,12.02.2016,5,2016,True,0.0260988415768635,0.033328548073768616
126,16.02.2016,5,2016,True,0.0259690521462538,0.03685504570603371
126,17.02.2016,5,2016,True,0.0253125028472876,0.036492615938186646
126,18.02.2016,5,2016,True,0.0253134722343841,0.033200837671756744
126,19.02.2016,5,2016,True,0.0250955713377954,0.03394715487957001
126,22.02.2016,5,2016,True,0.0247518866458515,0.03310608118772507
126,23.02.2016,5,2016,True,0.0246531665225618,0.03653091564774513
126,24.02.2016,5,2016,True,0.0245282077732499,0.03418850526213646
126,25.02.2016,5,2016,True,0.0245189724482846,0.033796872943639755
126,26.02.2016,5,2016,True,0.0245242274404094,0.03584872931241989
126,29.02.2016,5,2016,True,0.02444744666493,0.035195909440517426
126,01.03.2016,5,2016,True,0.0244872554257768,0.03292139247059822
126,02.03.2016,5,2016,True,0.0244598027613882,0.029369639232754707
126,03.03.2016,5,2016,True,0.0246050367806878,0.03197614103555679
126,04.03.2016,5,2016,True,0.0243192944836216,0.026688111945986748
126,07.03.2016,5,2016,True,0.0238766251719111,0.032176826149225235
126,08.03.2016,5,2016,True,0.0237275808814959,0.03320762887597084
126,09.03.2016,5,2016,True,0.0235657351933164,0.03276582062244415
126,10.03.2016,5,2016,True,0.0237101725541663,0.03054029308259487
126,11.03.2016,5,2016,True,0.0239977251931647,0.029729412868618965
126,14.03.2016,5,2016,True,0.0239134543777399,0.03235996887087822
126,15.03.2016,5,2016,True,0.0239574676598052,0.03003467060625553
126,16.03.2016,5,2016,True,0.0238366211701518,0.027607562020421028
126,17.03.2016,5,2016,True,0.0237371739358831,0.025374744087457657
126,18.03.2016,5,2016,True,0.0237816896398344,0.02921922318637371
126,21.03.2016,5,2016,True,0.0237740999743976,0.027538524940609932
126,22.03.2016,5,2016,True,0.0237703852305619,0.026710214093327522
126,23.03.2016,5,2016,True,0.023650603467116,0.025324346497654915
126,24.03.2016,5,2016,True,0.0236939005521536,0.02567005343735218
126,28.03.2016,5,2016,True,0.0239419247163981,0.026432517915964127
126,29.03.2016,5,2016,True,0.0239450169117702,0.02786398120224476
126,30.03.2016,5,2016,True,0.0241041325058732,0.027947917580604553
126,31.03.2016,5,2016,True,0.0246113719532385,0.025657357648015022
126,01.04.2016,5,2016,True,0.0246261986110362,0.025597291067242622
126,04.04.2016,5,2016,True,0.0241733312751896,0.025786247104406357
126,05.04.2016,5,2016,True,0.0241723994423918,0.027361305430531502
126,06.04.2016,5,2016,True,0.0239635992734597,0.028596511110663414
126,07.04.2016,5,2016,True,0.023987395265786,0.028268732130527496
126,08.04.2016,5,2016,True,0.0234035945216472,0.030354661867022514
126,11.04.2016,5,2016,True,0.023367465307106,0.03285829722881317
126,12.04.2016,5,2016,True,0.023086851676663,0.030271096155047417
126,13.04.2016,5,2016,True,0.0230870138429585,0.03036641515791416
126,14.04.2016,5,2016,True,0.0230743423448382,0.02833811193704605
126,15.04.2016,5,2016,True,0.0230168147563234,0.025906819850206375
126,18.04.2016,5,2016,True,0.0230274108247387,0.027621997520327568
126,19.04.2016,5,2016,True,0.0229242458861618,0.028101462870836258
126,20.04.2016,5,2016,True,0.0227236382024638,0.024573855102062225
126,21.04.2016,5,2016,True,0.0226913385635803,0.025201784446835518
126,22.04.2016,5,2016,True,0.0226744514335215,0.025076206773519516
126,25.04.2016,5,2016,True,0.0226431907485979,0.023214012384414673
126,26.04.2016,5,2016,True,0.0225499109751569,0.026524480432271957
126,27.04.2016,5,2016,True,0.0224357976213036,0.02498088777065277
126,28.04.2016,5,2016,True,0.0223819044006714,0.025106465443968773
126,29.04.2016,5,2016,True,0.0224246887693784,0.021860016509890556
126,02.05.2016,5,2016,True,0.0225732697196155,0.023331375792622566
126,03.05.2016,5,2016,True,0.0224277322322026,0.025197960436344147
126,04.05.2016,5,2016,True,0.0222071419922827,0.028230976313352585
126,05.05.2016,5,2016,True,0.0222172682133694,0.027641061693429947
126,06.05.2016,5,2016,True,0.0222575307248278,0.025694740936160088
126,09.05.2016,5,2016,True,0.0220045493410784,0.021945727989077568
126,10.05.2016,5,2016,True,0.0216806611174792,0.025588324293494225
126,11.05.2016,5,2016,True,0.0213173108309287,0.02356572262942791
126,12.05.2016,5,2016,True,0.0213199430935269,0.022250846028327942
126,13.05.2016,5,2016,True,0.0214925666219085,0.022238153964281082
126,16.05.2016,5,2016,True,0.0219561536419523,0.022238153964281082
126,17.05.2016,5,2016,True,0.0219555683380012,0.022426143288612366
126,18.05.2016,5,2016,True,0.0219485930361938,0.021296171471476555
126,19.05.2016,5,2016,True,0.0219603237705206,0.021921763196587563
126,20.05.2016,5,2016,True,0.0222903606246144,0.021921763196587563
126,23.05.2016,5,2016,True,0.0222832100495465,0.021680671721696854
126,24.05.2016,5,2016,True,0.0222804907393631,0.021977117285132408
126,25.05.2016,5,2016,True,0.0224085914183478,0.021821599453687668
126,26.05.2016,5,2016,True,0.0224878383201795,0.02020566537976265
126,27.05.2016,5,2016,True,0.0227517382377708,0.02028535306453705
126,31.05.2016,5,2016,True,0.0239698916622215,0.020065415650606155
126,01.06.2016,5,2016,True,0.0239698954948225,0.021273763850331306
126,02.06.2016,5,2016,True,0.0249062416821737,0.021351322531700134
126,03.06.2016,5,2016,True,0.0249042787125134,0.01796380802989006
126,06.06.2016,5,2016,True,0.024914347676608,0.019325409084558487
126,07.06.2016,5,2016,True,0.0249182227784541,0.018439818173646927
126,08.06.2016,5,2016,True,0.0248949709007205,0.018338875845074654
126,09.06.2016,5,2016,True,0.0248854219871767,0.01788412034511566
126,10.06.2016,5,2016,True,0.0248524985702641,0.01663167215883732
126,13.06.2016,5,2016,True,0.0248491707591692,0.01962277665734291
126,14.06.2016,5,2016,True,0.0250140421522212,0.019303349778056145
126,15.06.2016,5,2016,True,0.0249619103256769,0.019303349778056145
126,16.06.2016,5,2016,True,0.024798695494443,0.018807966262102127
126,17.06.2016,5,2016,True,0.0245452663621206,0.021895917132496834
126,20.06.2016,5,2016,True,0.0244171594778278,0.019538691267371178
126,21.06.2016,5,2016,True,0.0244633914184239,0.02135992795228958
126,22.06.2016,5,2016,True,0.0244412219600469,0.021092120558023453
126,23.06.2016,5,2016,True,0.0243777047221089,0.02104768343269825
126,24.06.2016,5,2016,True,0.0239845143028718,0.02066645957529545
126,27.06.2016,5,2016,True,0.0238587713167137,0.021508805453777313
126,28.06.2016,5,2016,True,0.0237244400733584,0.021410994231700897
126,29.06.2016,5,2016,True,0.0234540032379133,0.021453551948070526
126,30.06.2016,5,2016,True,0.0234172256004718,0.02309844270348549
126,01.07.2016,5,2016,True,0.023464256161436,0.023793231695890427
126,05.07.2016,5,2016,True,0.0232021682280144,0.020759813487529755
126,06.07.2016,5,2016,True,0.0231586298852779,0.022378403693437576
126,07.07.2016,5,2016,True,0.022970129115111,0.022378403693437576
126,08.07.2016,5,2016,True,0.0230727615539779,0.02193477749824524
126,11.07.2016,5,2016,True,0.0231605157214719,0.021850505843758583
126,12.07.2016,5,2016,True,0.0228383578808612,0.023156406357884407
126,13.07.2016,5,2016,True,0.0224548011065866,0.021685047075152397
126,14.07.2016,5,2016,True,0.0223656867861931,0.025243660435080528
126,15.07.2016,5,2016,True,0.0225176346730012,0.0232966560870409
126,18.07.2016,5,2016,True,0.022480690515792,0.02176593244075775
126,19.07.2016,5,2016,True,0.022564265302319,0.02208191156387329
126,20.07.2016,5,2016,True,0.0225544754537252,0.021822355687618256
126,21.07.2016,5,2016,True,0.0224685362040368,0.02209526300430298
126,22.07.2016,5,2016,True,0.0224517569020455,0.021908503025770187
126,25.07.2016,5,2016,True,0.0224221993993155,0.021957825869321823
126,26.07.2016,5,2016,True,0.0224599478104245,0.022078290581703186
126,27.07.2016,5,2016,True,0.0222681457613241,0.02234780788421631
126,28.07.2016,5,2016,True,0.0222046021437829,0.022078290581703186
126,29.07.2016,5,2016,True,0.0221951977333022,0.021820921450853348
126,01.08.2016,5,2016,True,0.0222285490936905,0.022236211225390434
126,02.08.2016,5,2016,True,0.0221723059223665,0.025324346497654915
126,03.08.2016,5,2016,True,0.0221110627991661,0.026387548074126244
126,04.08.2016,5,2016,True,0.0220299787584352,0.026754848659038544
126,05.08.2016,5,2016,True,0.0220291510005507,0.021565627306699753
126,08.08.2016,5,2016,True,0.0219406373086781,0.021670754998922348
126,09.08.2016,5,2016,True,0.021974071353521,0.022276297211647034
126,10.08.2016,5,2016,True,0.0219650141923867,0.021789925172924995
126,11.08.2016,5,2016,True,0.0216386223745114,0.019954752177000046
126,12.08.2016,5,2016,True,0.0215803571570164,0.020890051499009132
126,15.08.2016,5,2016,True,0.0214391853004271,0.020855102688074112
126,16.08.2016,5,2016,True,0.0213859332723093,0.02045254409313202
126,17.08.2016,5,2016,True,0.0213983886620817,0.02166735753417015
126,18.08.2016,5,2016,True,0.0213699434415408,0.019175071269273758
126,19.08.2016,5,2016,True,0.0213984090343191,0.02014492079615593
126,22.08.2016,5,2016,True,0.0211884668092787,0.019297316670417786
126,23.08.2016,5,2016,True,0.0211457152938164,0.020274758338928223
126,24.08.2016,5,2016,True,0.0210843477248656,0.021416952833533287
126,25.08.2016,5,2016,True,0.021058841670508,0.02218492329120636
126,26.08.2016,5,2016,True,0.0210754071776817,0.021457448601722717
126,29.08.2016,5,2016,True,0.0210737231693712,0.020199356600642204
126,30.08.2016,5,2016,True,0.0210029299509356,0.021359829232096672
126,31.08.2016,5,2016,True,0.020842064704826,0.02168908342719078
126,01.09.2016,5,2016,True,0.0213687332959664,0.021630244329571724
126,02.09.2016,5,2016,True,0.0214260638773058,0.021548833698034286
126,06.09.2016,5,2016,True,0.0214643503446315,0.02141016162931919
126,07.09.2016,5,2016,True,0.0214252092416808,0.021541370078921318
126,08.09.2016,5,2016,True,0.0211282475244532,0.021866485476493835
126,09.09.2016,5,2016,True,0.0208660436457202,0.021568330004811287
126,12.09.2016,5,2016,True,0.0208601649260109,0.021697619929909706
126,13.09.2016,5,2016,True,0.0207279475725671,0.021329501643776894
126,14.09.2016,5,2016,True,0.0205813414400075,0.02094859816133976
126,15.09.2016,5,2016,True,0.0205729752747098,0.021696366369724274
126,16.09.2016,5,2016,True,0.0205159320258015,0.021179579198360443
126,19.09.2016,5,2016,True,0.0205150917293295,0.021627169102430344
126,20.09.2016,5,2016,True,0.0205170979820305,0.02183173969388008
126,21.09.2016,5,2016,True,0.0204413146407446,0.021698102355003357
126,22.09.2016,5,2016,True,0.0204090366207583,0.021879836916923523
126,23.09.2016,5,2016,True,0.0201979510473105,0.021810537204146385
126,26.09.2016,5,2016,True,0.0200319239470838,0.023273803293704987
126,27.09.2016,5,2016,True,0.0198467943727104,0.024717964231967926
126,28.09.2016,5,2016,True,0.0191949476478684,0.023561906069517136
126,29.09.2016,5,2016,True,0.0192459093055243,0.027844903990626335
126,30.09.2016,5,2016,True,0.0192433298845381,0.02376331202685833
126,03.10.2016,5,2016,True,0.019259614746124,0.022181911394000053
126,04.10.2016,5,2016,True,0.0190152644269929,0.021934011951088905
126,05.10.2016,5,2016,True,0.0189759075780704,0.021655278280377388
126,06.10.2016,5,2016,True,0.0189493095012068,0.02083839289844036
126,07.10.2016,5,2016,True,0.0189313931966491,0.020480027422308922
126,11.10.2016,5,2016,True,0.0189155549304702,0.020638050511479378
126,12.10.2016,5,2016,True,0.0189062799956515,0.021995119750499725
126,13.10.2016,5,2016,True,0.018920423406757,0.02213604748249054
126,14.10.2016,5,2016,True,0.0192015628759575,0.02012019418179989
126,17.10.2016,5,2016,True,0.0191867022062218,0.01953480765223503
126,18.10.2016,5,2016,True,0.019266121201285,0.019664492458105087
126,19.10.2016,5,2016,True,0.0192006455595507,0.019996339455246925
126,20.10.2016,5,2016,True,0.0190919893811398,0.01969205215573311
126,21.10.2016,5,2016,True,0.0190857934745485,0.020471792668104172
126,24.10.2016,5,2016,True,0.019089093075288,0.01943555846810341
126,25.10.2016,5,2016,True,0.0190591443341472,0.019495889544487
126,26.10.2016,5,2016,True,0.019007329735261,0.019163616001605988
126,27.10.2016,5,2016,True,0.0190796514827418,0.018257342278957367
126,28.10.2016,5,2016,True,0.0190394837606953,0.017743870615959167
126,31.10.2016,5,2016,True,0.0193600896009623,0.019487343728542328
126,01.11.2016,5,2016,True,0.0194046412918744,0.0196517463773489
126,02.11.2016,5,2016,True,0.0192079341014132,0.019354479387402534
126,03.11.2016,5,2016,True,0.0192154742111173,0.019713660702109337
126,04.11.2016,5,2016,True,0.01933413702553,0.01937282457947731
126,07.11.2016,5,2016,True,0.019327211711509,0.020214475691318512
126,08.11.2016,5,2016,True,0.0193252227983991,0.02168905921280384
126,09.11.2016,5,2016,True,0.019386440516442,0.02075536921620369
126,10.11.2016,5,2016,True,0.0193593769763964,0.019197048619389534
126,14.11.2016,5,2016,True,0.0191613738743267,0.01950005441904068
126,15.11.2016,5,2016,True,0.0185453594879901,0.023359160870313644
126,16.11.2016,5,2016,True,0.0186159770853591,0.027445022016763687
126,17.11.2016,5,2016,True,0.0186152266469445,0.027147535234689713
126,18.11.2016,5,2016,True,0.0186088633977701,0.02556394785642624
126,21.11.2016,5,2016,True,0.0182365997467193,0.02366725355386734
126,22.11.2016,5,2016,True,0.018732152231377,0.024127786979079247
126,23.11.2016,5,2016,True,0.0187643155280735,0.02658160775899887
126,25.11.2016,5,2016,True,0.0184925697483842,0.026489686220884323
126,28.11.2016,5,2016,True,0.0186032468926001,0.028423849493265152
126,29.11.2016,5,2016,True,0.0182592812027521,0.028771953657269478
126,30.11.2016,5,2016,True,0.0166475714002091,0.02905259281396866
126,01.12.2016,5,2016,True,0.0166694066813486,0.029818132519721985
126,02.12.2016,5,2016,True,0.015240192582656,0.02412942610681057
126,05.12.2016,5,2016,True,0.0156537712459361,0.023724351078271866
126,06.12.2016,5,2016,True,0.0155774419177731,0.02385697141289711
126,07.12.2016,5,2016,True,0.015519292755166,0.024087892845273018
126,08.12.2016,5,2016,True,0.0154440193853193,0.02316889353096485
126,09.12.2016,5,2016,True,0.0154475775100937,0.022884752601385117
126,12.12.2016,5,2016,True,0.0155884196574488,0.02126750722527504
126,13.12.2016,5,2016,True,0.0155875303185997,0.02150924690067768
126,14.12.2016,5,2016,True,0.0153523490911855,0.021034926176071167
126,15.12.2016,5,2016,True,0.0153691650284178,0.0216671209782362
126,16.12.2016,5,2016,True,0.0153136525907615,0.021459316834807396
126,19.12.2016,5,2016,True,0.0154710494360852,0.02040936052799225
126,20.12.2016,5,2016,True,0.0154766360870263,0.02103235572576523
126,21.12.2016,5,2016,True,0.0154397098502526,0.01947091519832611
126,22.12.2016,5,2016,True,0.0154167545058207,0.021212339401245117
126,23.12.2016,5,2016,True,0.0155084171269929,0.020664719864726067
126,27.12.2016,5,2016,True,0.0154853585440453,0.02120876871049404
126,28.12.2016,5,2016,True,0.0154853723503503,0.021221429109573364
126,29.12.2016,5,2016,True,0.0155212489268484,0.020350271835923195
126,30.12.2016,5,2016,True,0.0158733199676313,0.019484248012304306
5,03.01.2017,6,2017,True,0.0235557616158962,0.014163684099912643
5,04.01.2017,6,2017,True,0.0261434049980928,0.013658168725669384
5,05.01.2017,6,2017,True,0.0274543483931414,0.014521290548145771
5,06.01.2017,6,2017,True,0.0272901392304209,0.015319781377911568
5,09.01.2017,6,2017,True,0.0202830040342611,0.014771665446460247
5,10.01.2017,6,2017,True,0.0217277603864057,0.016639545559883118
5,11.01.2017,6,2017,True,0.0168310680348452,0.014360367320477962
5,12.01.2017,6,2017,True,0.0193338633077202,0.012983480468392372
5,13.01.2017,6,2017,True,0.0189110939790537,0.0157683864235878
5,17.01.2017,6,2017,True,0.0190255919050815,0.013328495435416698
5,18.01.2017,6,2017,True,0.0122124006809293,0.013173401355743408
5,19.01.2017,6,2017,True,0.0142985024591347,0.015382510609924793
5,20.01.2017,6,2017,True,0.0130310709978567,0.01564870774745941
5,23.01.2017,6,2017,True,0.0130830280643518,0.013806872069835663
5,24.01.2017,6,2017,True,0.0135802107021798,0.015617989003658295
5,25.01.2017,6,2017,True,0.0130211103516648,0.01640520803630352
5,26.01.2017,6,2017,True,0.0113646841332172,0.01625197008252144
5,27.01.2017,6,2017,True,0.0082306749554569,0.016300832852721214
5,30.01.2017,6,2017,True,0.0133114856850154,0.014831341803073883
5,31.01.2017,6,2017,True,0.0138867516194371,0.012006031349301338
5,01.02.2017,6,2017,True,0.0139733193977156,0.01685953140258789
5,02.02.2017,6,2017,True,0.0119643454704039,0.014871766790747643
5,03.02.2017,6,2017,True,0.015574962786203,0.015372756868600845
5,06.02.2017,6,2017,True,0.0156966913030433,0.016454137861728668
5,07.02.2017,6,2017,True,0.0144201374061853,0.01605488918721676
5,08.02.2017,6,2017,True,0.0147882195590947,0.01611117646098137
5,09.02.2017,6,2017,True,0.0143088260893701,0.011559102684259415
5,10.02.2017,6,2017,True,0.0101761241814115,0.013608868233859539
5,13.02.2017,6,2017,True,0.0075691281989297,0.011514084413647652
5,14.02.2017,6,2017,True,0.0108038174406918,0.01104672346264124
5,15.02.2017,6,2017,True,0.0120633939888563,0.01345045305788517
5,16.02.2017,6,2017,True,0.0134630948361532,0.012645327486097813
5,17.02.2017,6,2017,True,0.0134575656031998,0.011957362294197083
5,21.02.2017,6,2017,True,0.0107395993826113,0.008164816536009312
5,22.02.2017,6,2017,True,0.0089142423838605,0.010434548370540142
5,23.02.2017,6,2017,True,0.0047997579360412,0.010800301097333431
5,24.02.2017,6,2017,True,0.0092806104963882,0.010432332754135132
5,27.02.2017,6,2017,True,0.0093185660679438,0.012058977037668228
5,28.02.2017,6,2017,True,0.008748580319827,0.008985516615211964
5,01.03.2017,6,2017,True,0.0252555621446521,0.013544547371566296
5,02.03.2017,6,2017,True,0.0255310498756816,0.008618545718491077
5,03.03.2017,6,2017,True,0.0211678724517608,0.011859912425279617
5,06.03.2017,6,2017,True,0.020663234182458,0.011057003401219845
5,07.03.2017,6,2017,True,0.0195604523355581,0.009531968273222446
5,08.03.2017,6,2017,True,0.0141812117407518,0.009467057883739471
5,09.03.2017,6,2017,True,0.0123362614590232,0.011372048407793045
5,10.03.2017,6,2017,True,0.0095084633042243,0.010889599099755287
5,13.03.2017,6,2017,True,0.0096794594132094,0.015257644467055798
5,14.03.2017,6,2017,True,0.0108974862028751,0.013378544710576534
5,15.03.2017,6,2017,True,0.0052496885967401,0.01345811691135168
5,16.03.2017,6,2017,True,0.0052155026143254,0.01494791079312563
5,17.03.2017,6,2017,True,0.0064698112065869,0.010634556412696838
5,20.03.2017,6,2017,True,0.0065837243789815,0.01164714153856039
5,21.03.2017,6,2017,True,0.0067868159002689,0.009792233817279339
5,22.03.2017,6,2017,True,0.009458799575754,0.013155289925634861
5,23.03.2017,6,2017,True,0.0081999144305436,0.016289329156279564
5,24.03.2017,6,2017,True,0.0096909454288953,0.013323786668479443
5,27.03.2017,6,2017,True,0.008588936679904,0.0147709921002388
5,28.03.2017,6,2017,True,0.0098197136663599,0.015511292964220047
5,29.03.2017,6,2017,True,0.0082508935581126,0.013980933465063572
5,30.03.2017,6,2017,True,0.0082050562376209,0.01094941608607769
5,31.03.2017,6,2017,True,0.0063624322890995,0.01148571353405714
5,03.04.2017,6,2017,True,0.0062649719135452,0.00805622898042202
5,04.04.2017,6,2017,True,0.0040351957315502,0.00981127843260765
5,05.04.2017,6,2017,True,0.0075311804176024,0.01427401602268219
5,06.04.2017,6,2017,True,0.0073487577607962,0.01097143068909645
5,07.04.2017,6,2017,True,0.0090919061727864,0.009899254888296127
5,10.04.2017,6,2017,True,0.006121265346168,0.008620533160865307
5,11.04.2017,6,2017,True,0.0141235425503096,0.008898465894162655
5,12.04.2017,6,2017,True,0.0152541166482327,0.01223897933959961
5,13.04.2017,6,2017,True,0.0142211746128228,0.008978447876870632
5,17.04.2017,6,2017,True,0.0144940427162336,0.008802350610494614
5,18.04.2017,6,2017,True,0.0180676826242919,0.007900930009782314
5,19.04.2017,6,2017,True,0.0108064225635199,0.009016688913106918
5,20.04.2017,6,2017,True,0.0104112324880823,0.015013030730187893
5,21.04.2017,6,2017,True,0.0079405469352936,0.012578467838466167
5,24.04.2017,6,2017,True,0.0074811932380262,0.01644301787018776
5,25.04.2017,6,2017,True,0.0094730659827286,0.015158100984990597
5,26.04.2017,6,2017,True,0.0111399036842247,0.012752493843436241
5,27.04.2017,6,2017,True,0.0230964946416353,0.012533794157207012
5,28.04.2017,6,2017,True,0.025140349361886,0.013167484663426876
5,01.05.2017,6,2017,True,0.0260098660775432,0.010457932949066162
5,02.05.2017,6,2017,True,0.0252936173728573,0.013114063069224358
5,03.05.2017,6,2017,True,0.0301729792473231,0.01598322205245495
5,04.05.2017,6,2017,True,0.0154718569788468,0.014611334539949894
5,05.05.2017,6,2017,True,0.0155213873584114,0.017777347937226295
5,08.05.2017,6,2017,True,0.016324465909967,0.017643433064222336
5,09.05.2017,6,2017,True,0.0134689880994682,0.01837873086333275
5,10.05.2017,6,2017,True,0.008805246541736,0.017892638221383095
5,11.05.2017,6,2017,True,0.0086492145017199,0.01636100374162197
5,12.05.2017,6,2017,True,0.0098913877798646,0.025349874049425125
5,15.05.2017,6,2017,True,0.0088330369216513,0.019698545336723328
5,16.05.2017,6,2017,True,0.0067522393606891,0.01659436896443367
5,17.05.2017,6,2017,True,0.0087734455488654,0.01798122748732567
5,18.05.2017,6,2017,True,0.0257936189461425,0.015329080633819103
5,19.05.2017,6,2017,True,0.0241761926431435,0.0164013784378767
5,22.05.2017,6,2017,True,0.0234919151228415,0.015904955565929413
5,23.05.2017,6,2017,True,0.0239329520579325,0.01643959991633892
5,24.05.2017,6,2017,True,0.0244489107682064,0.01190275140106678
5,25.05.2017,6,2017,True,0.0157372637041261,0.01253870315849781
5,26.05.2017,6,2017,True,0.0114804074429899,0.015081450343132019
5,30.05.2017,6,2017,True,0.0157402525760111,0.014767671003937721
5,31.05.2017,6,2017,True,0.0203962236745805,0.018135512247681618
5,01.06.2017,6,2017,True,0.0199592657137636,0.017179520800709724
5,02.06.2017,6,2017,True,0.0212696557532869,0.015828639268875122
5,05.06.2017,6,2017,True,0.021665721885747,0.014826802536845207
5,06.06.2017,6,2017,True,0.0208677388912254,0.03260638564825058
5,07.06.2017,6,2017,True,0.0182568742349993,0.016697246581315994
5,08.06.2017,6,2017,True,0.0182999543772069,0.02662850171327591
5,09.06.2017,6,2017,True,0.0188382242560388,0.015121177770197392
5,12.06.2017,6,2017,True,0.018651603762676,0.013466348871588707
5,13.06.2017,6,2017,True,0.0173050674339076,0.012522872537374496
5,14.06.2017,6,2017,True,0.0141697106058815,0.014516246505081654
5,15.06.2017,6,2017,True,0.0162626540329067,0.015344364568591118
5,16.06.2017,6,2017,True,0.0156401647912258,0.016596714034676552
5,19.06.2017,6,2017,True,0.0167740070134479,0.01540442556142807
5,20.06.2017,6,2017,True,0.0169158744499562,0.014819063246250153
5,21.06.2017,6,2017,True,0.0049034032991421,0.017032193019986153
5,22.06.2017,6,2017,True,0.0062437985523846,0.024882184341549873
5,23.06.2017,6,2017,True,0.0060941362054205,0.01796194352209568
5,26.06.2017,6,2017,True,0.0125196189989945,0.013918764889240265
5,27.06.2017,6,2017,True,0.027393253823266,0.013453657738864422
5,28.06.2017,6,2017,True,0.0269679307752564,0.016964850947260857
5,29.06.2017,6,2017,True,0.0307673987325636,0.015148822218179703
5,30.06.2017,6,2017,True,0.030161817856412,0.012199954129755497
5,03.07.2017,6,2017,True,0.0235737509448897,0.012844592332839966
5,05.07.2017,6,2017,True,0.0168436911914424,0.016385244205594063
5,06.07.2017,6,2017,True,0.0179046265070579,0.017153402790427208
5,07.07.2017,6,2017,True,0.0049034283045851,0.011026826687157154
5,10.07.2017,6,2017,True,0.0099881917259502,0.01833520084619522
5,11.07.2017,6,2017,True,0.0093352426539737,0.019557034596800804
5,12.07.2017,6,2017,True,0.0107040228630733,0.016635669395327568
5,13.07.2017,6,2017,True,0.0120671950546309,0.020820826292037964
5,14.07.2017,6,2017,True,0.0168330666696108,0.01575242541730404
5,17.07.2017,6,2017,True,0.0174326111676533,0.014990477822721004
5,18.07.2017,6,2017,True,0.0225947264685209,0.01529903057962656
5,19.07.2017,6,2017,True,0.0223195575471599,0.016627728939056396
5,20.07.2017,6,2017,True,0.0210944170934578,0.014992578886449337
5,21.07.2017,6,2017,True,0.0090277493521334,0.013703831471502781
5,24.07.2017,6,2017,True,0.0111914586285807,0.01729823835194111
5,25.07.2017,6,2017,True,0.0084614054740388,0.017707278952002525
5,26.07.2017,6,2017,True,0.0097884056504861,0.0169370174407959
5,27.07.2017,6,2017,True,0.0106041748875416,0.01479515340179205
5,28.07.2017,6,2017,True,0.0058869412036019,0.013866233639419079
5,31.07.2017,6,2017,True,0.0056670706980389,0.01674564741551876
5,01.08.2017,6,2017,True,0.0058283617906903,0.017436295747756958
5,02.08.2017,6,2017,True,0.0076268196672991,0.015972286462783813
5,03.08.2017,6,2017,True,0.0103580851426379,0.015487401746213436
5,04.08.2017,6,2017,True,0.0096914007711532,0.013489613309502602
5,07.08.2017,6,2017,True,0.0149156961294157,0.012243874371051788
5,08.08.2017,6,2017,True,0.0153241817136072,0.010120411403477192
5,09.08.2017,6,2017,True,0.0125006458340878,0.014705740846693516
5,10.08.2017,6,2017,True,0.0158490983295944,0.013076027855277061
5,11.08.2017,6,2017,True,0.0228072772788493,0.015039009042084217
5,14.08.2017,6,2017,True,0.0208873649691793,0.012159097008407116
5,15.08.2017,6,2017,True,0.0208494065912072,0.01500197034329176
5,16.08.2017,6,2017,True,0.0193332967023267,0.014694975689053535
5,17.08.2017,6,2017,True,0.0205917712724213,0.01346192229539156
5,18.08.2017,6,2017,True,0.0137350683203444,0.013375217095017433
5,21.08.2017,6,2017,True,0.0105416217614003,0.010674962773919106
5,22.08.2017,6,2017,True,0.0104310078916245,0.006931471172720194
5,23.08.2017,6,2017,True,0.0115048429883322,0.030880264937877655
5,24.08.2017,6,2017,True,0.0193919245688938,0.008363332599401474
5,25.08.2017,6,2017,True,0.0191258858473145,0.009670206345617771
5,28.08.2017,6,2017,True,0.0200397798007789,0.012418467551469803
5,29.08.2017,6,2017,True,0.0203173149863943,0.01567492075264454
5,30.08.2017,6,2017,True,0.0120532863132566,0.0134888906031847
5,31.08.2017,6,2017,True,0.013203849177006,0.016262944787740707
5,01.09.2017,6,2017,True,0.0129654940090904,0.013206422328948975
5,05.09.2017,6,2017,True,0.0105206659722428,0.009680812247097492
5,06.09.2017,6,2017,True,0.0108162616122833,0.012952355667948723
5,07.09.2017,6,2017,True,0.0108282229929867,0.0108253238722682
5,08.09.2017,6,2017,True,0.0059471874612764,0.013283243402838707
5,11.09.2017,6,2017,True,0.0069436969545154,0.014849109575152397
5,12.09.2017,6,2017,True,0.0086146932272102,0.014120516367256641
5,13.09.2017,6,2017,True,0.0103279514151038,0.009587755426764488
5,14.09.2017,6,2017,True,0.0103052357541987,0.008221006020903587
5,15.09.2017,6,2017,True,0.0104495712081088,0.00800706259906292
5,18.09.2017,6,2017,True,0.016974941416163,0.009389680810272694
5,19.09.2017,6,2017,True,0.0180402985352611,0.011265465058386326
5,20.09.2017,6,2017,True,0.0192260726064505,0.010465629398822784
5,21.09.2017,6,2017,True,0.0202755594989638,0.01127272006124258
5,22.09.2017,6,2017,True,0.0201426542669929,0.009013724513351917
5,25.09.2017,6,2017,True,0.009717906743561,0.009643805213272572
5,26.09.2017,6,2017,True,0.0103528757778329,0.009228803217411041
5,27.09.2017,6,2017,True,0.0105613936663007,0.010862166993319988
5,28.09.2017,6,2017,True,0.016502729749455,0.008574645034968853
5,29.09.2017,6,2017,True,0.0191365507432158,0.008026305586099625
5,02.10.2017,6,2017,True,0.0163793469234844,0.00912043359130621
5,03.10.2017,6,2017,True,0.0177829180482494,0.01178581453859806
5,04.10.2017,6,2017,True,0.0175184408430682,0.011448024772107601
5,05.10.2017,6,2017,True,0.0155741496140334,0.010721695609390736
5,06.10.2017,6,2017,True,0.0113658713090912,0.008777191862463951
5,09.10.2017,6,2017,True,0.0115202260310497,0.009189617820084095
5,10.10.2017,6,2017,True,0.0109094617189368,0.011820505373179913
5,11.10.2017,6,2017,True,0.0108852305930899,0.009083726443350315
5,12.10.2017,6,2017,True,0.0123329283615762,0.011407463811337948
5,13.10.2017,6,2017,True,0.0107971480515108,0.008997727185487747
5,16.10.2017,6,2017,True,0.009877411658219,0.009066172875463963
5,17.10.2017,6,2017,True,0.0128917327524994,0.00861417967826128
5,18.10.2017,6,2017,True,0.0127840078032777,0.007859558798372746
5,19.10.2017,6,2017,True,0.009555994782949,0.009131744503974915
5,20.10.2017,6,2017,True,0.010999781009783,0.008995533920824528
5,23.10.2017,6,2017,True,0.0070594332640597,0.0094488225877285
5,24.10.2017,6,2017,True,0.00670684715498,0.009741540998220444
5,25.10.2017,6,2017,True,0.0077595047485873,0.010382164269685745
5,26.10.2017,6,2017,True,0.0112335231381648,0.009754929691553116
5,27.10.2017,6,2017,True,0.0128084876072951,0.009939509443938732
5,30.10.2017,6,2017,True,0.0185293143266471,0.009292833507061005
5,31.10.2017,6,2017,True,0.0206228936788675,0.01065396424382925
5,01.11.2017,6,2017,True,0.0208329580023607,0.0116574140265584
5,02.11.2017,6,2017,True,0.0183465197053881,0.010806003585457802
5,03.11.2017,6,2017,True,0.0179419499986094,0.01078319177031517
5,06.11.2017,6,2017,True,0.0061799113169255,0.008005744777619839
5,07.11.2017,6,2017,True,0.0079122400553665,0.008144741877913475
5,08.11.2017,6,2017,True,0.0078661254254413,0.010703506879508495
5,09.11.2017,6,2017,True,0.0040383038157823,0.00928044319152832
5,10.11.2017,6,2017,True,0.014221407930901,0.010155334137380123
5,13.11.2017,6,2017,True,0.0143867332608778,0.012633846141397953
5,14.11.2017,6,2017,True,0.0129228432112432,0.015236848033964634
5,15.11.2017,6,2017,True,0.0130313807563756,0.014289386570453644
5,16.11.2017,6,2017,True,0.0108540138275086,0.015276366844773293
5,17.11.2017,6,2017,True,0.0078590539991025,0.01616114191710949
5,20.11.2017,6,2017,True,0.0063452289654336,0.009835537523031235
5,21.11.2017,6,2017,True,0.0082873226671082,0.011782143265008926
5,22.11.2017,6,2017,True,0.0070205167885886,0.010012706741690636
5,24.11.2017,6,2017,True,0.0055447083785619,0.011746320873498917
5,27.11.2017,6,2017,True,0.00873919227444,0.011770176701247692
5,28.11.2017,6,2017,True,0.0100507963627971,0.011377066373825073
5,29.11.2017,6,2017,True,0.0148652647967863,0.01208654884248972
5,30.11.2017,6,2017,True,0.0171269858731004,0.011905254796147346
5,01.12.2017,6,2017,True,0.0201954643047896,0.010496368631720543
5,04.12.2017,6,2017,True,0.0194704857757051,0.008400226943194866
5,05.12.2017,6,2017,True,0.0232118204213185,0.010144452564418316
5,06.12.2017,6,2017,True,0.0199674331259553,0.007371867075562477
5,07.12.2017,6,2017,True,0.0196808974420829,0.010466291569173336
5,08.12.2017,6,2017,True,0.0176559766198737,0.010078128427267075
5,11.12.2017,6,2017,True,0.0138820427990253,0.008937990292906761
5,12.12.2017,6,2017,True,0.010405253579069,0.009330306202173233
5,13.12.2017,6,2017,True,0.0062452020510276,0.010805221274495125
5,14.12.2017,6,2017,True,0.0047969857429247,0.008211701177060604
5,15.12.2017,6,2017,True,0.0033406043934169,0.008537416346371174
5,18.12.2017,6,2017,True,0.0091862902738117,0.007564671337604523
5,19.12.2017,6,2017,True,0.0128438545883557,0.008456637151539326
5,20.12.2017,6,2017,True,0.012742673662225,0.012336674146354198
5,21.12.2017,6,2017,True,0.0133045875931049,0.01017681509256363
5,22.12.2017,6,2017,True,0.0135352870868838,0.010415131226181984
5,26.12.2017,6,2017,True,0.0102984123567844,0.013286947272717953
5,27.12.2017,6,2017,True,0.0082496626060419,0.01207495667040348
5,28.12.2017,6,2017,True,0.0097482971329499,0.009218012914061546
5,29.12.2017,6,2017,True,0.0094429822747195,0.009082495234906673
22,03.01.2017,6,2017,True,0.0168700252175636,0.018733959645032883
22,04.01.2017,6,2017,True,0.0169830779504372,0.017732985317707062
22,05.01.2017,6,2017,True,0.0170496220995756,0.018575767055153847
22,06.01.2017,6,2017,True,0.0170224525733452,0.017422916367650032
22,09.01.2017,6,2017,True,0.0150116424502628,0.016257992014288902
22,10.01.2017,6,2017,True,0.0144568893140066,0.017122255638241768
22,11.01.2017,6,2017,True,0.0141338740714894,0.0171629898250103
22,12.01.2017,6,2017,True,0.013761095869387,0.01740359142422676
22,13.01.2017,6,2017,True,0.0136101538233257,0.01711844839155674
22,17.01.2017,6,2017,True,0.0136170434926965,0.01671033352613449
22,18.01.2017,6,2017,True,0.0120425086093882,0.017397699877619743
22,19.01.2017,6,2017,True,0.0123743266335038,0.016987904906272888
22,20.01.2017,6,2017,True,0.011812679841218,0.016529034823179245
22,23.01.2017,6,2017,True,0.0120650594666416,0.014576064422726631
22,24.01.2017,6,2017,True,0.0122948643126641,0.0172426775097847
22,25.01.2017,6,2017,True,0.0122024904425093,0.015726348385214806
22,26.01.2017,6,2017,True,0.0114106116494393,0.017909571528434753
22,27.01.2017,6,2017,True,0.0110718476493058,0.016438037157058716
22,30.01.2017,6,2017,True,0.0112014603100666,0.015433602035045624
22,31.01.2017,6,2017,True,0.0115082846202371,0.017940044403076172
22,01.02.2017,6,2017,True,0.0115127239769705,0.0170743465423584
22,02.02.2017,6,2017,True,0.0109644311885695,0.01730690896511078
22,03.02.2017,6,2017,True,0.0153730893984807,0.015575865283608437
22,06.02.2017,6,2017,True,0.0152822072754621,0.014007453806698322
22,07.02.2017,6,2017,True,0.0154087652060937,0.016490763053297997
22,08.02.2017,6,2017,True,0.0153901643913338,0.015785308554768562
22,09.02.2017,6,2017,True,0.0151693597205255,0.016721023246645927
22,10.02.2017,6,2017,True,0.0150484554509332,0.01366634014993906
22,13.02.2017,6,2017,True,0.014641940948929,0.012806182727217674
22,14.02.2017,6,2017,True,0.014494741596571,0.014561432413756847
22,15.02.2017,6,2017,True,0.0144955621396656,0.014728080481290817
22,16.02.2017,6,2017,True,0.0146252609770918,0.013034024275839329
22,17.02.2017,6,2017,True,0.0145505404605788,0.013031083159148693
22,21.02.2017,6,2017,True,0.0139042354114638,0.012331925332546234
22,22.02.2017,6,2017,True,0.0138921550146282,0.011775684542953968
22,23.02.2017,6,2017,True,0.0133625243001262,0.013811854645609856
22,24.02.2017,6,2017,True,0.0137377242776043,0.012358141131699085
22,27.02.2017,6,2017,True,0.014729156203927,0.012468698434531689
22,28.02.2017,6,2017,True,0.0149728849009037,0.01247823890298605
22,01.03.2017,6,2017,True,0.0149634531503634,0.01214681938290596
22,02.03.2017,6,2017,True,0.014964580433348,0.011531831696629524
22,03.03.2017,6,2017,True,0.015247505295224,0.011845658533275127
22,06.03.2017,6,2017,True,0.015267287537625,0.011813703924417496
22,07.03.2017,6,2017,True,0.0154478790752908,0.012596942484378815
22,08.03.2017,6,2017,True,0.0105539403106059,0.012028594501316547
22,09.03.2017,6,2017,True,0.0098988233018347,0.01709703356027603
22,10.03.2017,6,2017,True,0.0089409091111474,0.0170900896191597
22,13.03.2017,6,2017,True,0.0091845315215403,0.017272941768169403
22,14.03.2017,6,2017,True,0.0088073010302871,0.017756056040525436
22,15.03.2017,6,2017,True,0.0087670096320352,0.017256079241633415
22,16.03.2017,6,2017,True,0.0090654266915516,0.018395069986581802
22,17.03.2017,6,2017,True,0.0123130560567035,0.014576263725757599
22,20.03.2017,6,2017,True,0.0122849298971085,0.015271814540028572
22,21.03.2017,6,2017,True,0.012729870946465,0.014836126938462257
22,22.03.2017,6,2017,True,0.0127481727634677,0.018130352720618248
22,23.03.2017,6,2017,True,0.0128701167973962,0.017669199034571648
22,24.03.2017,6,2017,True,0.0129247041347575,0.016604861244559288
22,27.03.2017,6,2017,True,0.0130400182503265,0.01815810613334179
22,28.03.2017,6,2017,True,0.0128709774845157,0.017709976062178612
22,29.03.2017,6,2017,True,0.0120376806027867,0.017068151384592056
22,30.03.2017,6,2017,True,0.0124928930802468,0.014833387918770313
22,31.03.2017,6,2017,True,0.0126298377261252,0.014100139029324055
22,03.04.2017,6,2017,True,0.0159708335491368,0.01506234984844923
22,04.04.2017,6,2017,True,0.0156595765201841,0.014258699491620064
22,05.04.2017,6,2017,True,0.0156955878020537,0.014516930095851421
22,06.04.2017,6,2017,True,0.0154560353421422,0.012644648551940918
22,07.04.2017,6,2017,True,0.0170641259976158,0.01087839063256979
22,10.04.2017,6,2017,True,0.0169526700811006,0.011134417727589607
22,11.04.2017,6,2017,True,0.0168883300692763,0.01027890108525753
22,12.04.2017,6,2017,True,0.0176147206595185,0.011263989843428135
22,13.04.2017,6,2017,True,0.0175927487997334,0.010998432524502277
22,17.04.2017,6,2017,True,0.0177978541272404,0.01035640761256218
22,18.04.2017,6,2017,True,0.0178336939457466,0.010231236927211285
22,19.04.2017,6,2017,True,0.0167167797890019,0.01090260036289692
22,20.04.2017,6,2017,True,0.0167412592808871,0.014884131960570812
22,21.04.2017,6,2017,True,0.0161276180727972,0.01337746623903513
22,24.04.2017,6,2017,True,0.0160544910179153,0.016468053683638573
22,25.04.2017,6,2017,True,0.0190913065189898,0.01596284657716751
22,26.04.2017,6,2017,True,0.0192817685285287,0.013988086953759193
22,27.04.2017,6,2017,True,0.0192576502491575,0.015146419405937195
22,28.04.2017,6,2017,True,0.0202618547122617,0.01637878827750683
22,01.05.2017,6,2017,True,0.0202548070693405,0.012808499857783318
22,02.05.2017,6,2017,True,0.0198335727657978,0.01388740073889494
22,03.05.2017,6,2017,True,0.0198622658407114,0.01604575850069523
22,04.05.2017,6,2017,True,0.0169967077530258,0.016369888558983803
22,05.05.2017,6,2017,True,0.0190810385679048,0.018142830580472946
22,08.05.2017,6,2017,True,0.0190464275091088,0.018480779603123665
22,09.05.2017,6,2017,True,0.0189428607701934,0.01830032654106617
22,10.05.2017,6,2017,True,0.0176924576373899,0.018747402355074883
22,11.05.2017,6,2017,True,0.017628473601702,0.016531962901353836
22,12.05.2017,6,2017,True,0.019039826908527,0.01887385919690132
22,15.05.2017,6,2017,True,0.0183654035726959,0.018214991316199303
22,16.05.2017,6,2017,True,0.0186084264282161,0.01803804747760296
22,17.05.2017,6,2017,True,0.0183484252395907,0.018013546243309975
22,18.05.2017,6,2017,True,0.0184309975796289,0.018061917275190353
22,19.05.2017,6,2017,True,0.0179090568009495,0.017982279881834984
22,22.05.2017,6,2017,True,0.0180687807277807,0.016212839633226395
22,23.05.2017,6,2017,True,0.0181377008613371,0.016703149303793907
22,24.05.2017,6,2017,True,0.0183708929979836,0.016667097806930542
22,25.05.2017,6,2017,True,0.0167983351652021,0.01675616204738617
22,26.05.2017,6,2017,True,0.0168357729535033,0.018809247761964798
22,30.05.2017,6,2017,True,0.0168923646667573,0.01872052066028118
22,31.05.2017,6,2017,True,0.0161219192388105,0.017886923626065254
22,01.06.2017,6,2017,True,0.018072723279461,0.020184215158224106
22,02.06.2017,6,2017,True,0.019790401800215,0.019557397812604904
22,05.06.2017,6,2017,True,0.0197961777133963,0.01780572161078453
22,06.06.2017,6,2017,True,0.0204019584116051,0.01786327175796032
22,07.06.2017,6,2017,True,0.0185039945537291,0.01709996908903122
22,08.06.2017,6,2017,True,0.018749734841329,0.017891086637973785
22,09.06.2017,6,2017,True,0.0187291857430206,0.017189251258969307
22,12.06.2017,6,2017,True,0.0189749561369077,0.017887834459543228
22,13.06.2017,6,2017,True,0.0190030842952327,0.017613321542739868
22,14.06.2017,6,2017,True,0.0173938025713973,0.0181668009608984
22,15.06.2017,6,2017,True,0.0174469020037417,0.0182231105864048
22,16.06.2017,6,2017,True,0.0176933885746713,0.01872406154870987
22,19.06.2017,6,2017,True,0.0176430265142407,0.014819936826825142
22,20.06.2017,6,2017,True,0.0180548702522855,0.017706552520394325
22,21.06.2017,6,2017,True,0.016987108403427,0.01788393035531044
22,22.06.2017,6,2017,True,0.018036898290722,0.018465716391801834
22,23.06.2017,6,2017,True,0.0181701969027365,0.017569197341799736
22,26.06.2017,6,2017,True,0.0182004906586426,0.01780124381184578
22,27.06.2017,6,2017,True,0.0182731645976381,0.0165791567414999
22,28.06.2017,6,2017,True,0.0181783036364015,0.017663920298218727
22,29.06.2017,6,2017,True,0.0182053845326678,0.017645983025431633
22,30.06.2017,6,2017,True,0.0182751805992958,0.017617661505937576
22,03.07.2017,6,2017,True,0.0169298408000391,0.014403409324586391
22,05.07.2017,6,2017,True,0.0142813831210238,0.017060695216059685
22,06.07.2017,6,2017,True,0.0143111155955798,0.017861852422356606
22,07.07.2017,6,2017,True,0.0123936920181751,0.01801060512661934
22,10.07.2017,6,2017,True,0.0124477217257463,0.01785372942686081
22,11.07.2017,6,2017,True,0.0130441151540848,0.01804395578801632
22,12.07.2017,6,2017,True,0.0130434310502898,0.017962565645575523
22,13.07.2017,6,2017,True,0.0143614257239297,0.01897384412586689
22,14.07.2017,6,2017,True,0.0142514230023973,0.01703490875661373
22,17.07.2017,6,2017,True,0.0142681984273646,0.018233317881822586
22,18.07.2017,6,2017,True,0.0144785916903471,0.017432035878300667
22,19.07.2017,6,2017,True,0.0155660733166445,0.017391718924045563
22,20.07.2017,6,2017,True,0.0161752089539502,0.015522756613790989
22,21.07.2017,6,2017,True,0.0149551038349203,0.01517969835549593
22,24.07.2017,6,2017,True,0.0150173020044447,0.016012338921427727
22,25.07.2017,6,2017,True,0.0138198092869784,0.015151914209127426
22,26.07.2017,6,2017,True,0.0135450354458962,0.016499122604727745
22,27.07.2017,6,2017,True,0.0135958393836093,0.014778167940676212
22,28.07.2017,6,2017,True,0.0128955433798328,0.016044028103351593
22,31.07.2017,6,2017,True,0.013675794771469,0.01919659785926342
22,01.08.2017,6,2017,True,0.0151939413292453,0.018843961879611015
22,02.08.2017,6,2017,True,0.0151560711456776,0.01705818995833397
22,03.08.2017,6,2017,True,0.0156607690632587,0.01760599948465824
22,04.08.2017,6,2017,True,0.0158883630423348,0.016239842399954796
22,07.08.2017,6,2017,True,0.0158983559482489,0.012811767868697643
22,08.08.2017,6,2017,True,0.0161666075998033,0.01288764551281929
22,09.08.2017,6,2017,True,0.0160333505816184,0.0141072329133749
22,10.08.2017,6,2017,True,0.01567211089314,0.013930127024650574
22,11.08.2017,6,2017,True,0.0159616963416847,0.01459892001003027
22,14.08.2017,6,2017,True,0.0145683820771757,0.01327343750745058
22,15.08.2017,6,2017,True,0.014559521353078,0.016296368092298508
22,16.08.2017,6,2017,True,0.0142751633738245,0.016102338209748268
22,17.08.2017,6,2017,True,0.0142449831024171,0.0161911454051733
22,18.08.2017,6,2017,True,0.01327985374376,0.01567704975605011
22,21.08.2017,6,2017,True,0.01222346270031,0.014895783737301826
22,22.08.2017,6,2017,True,0.0122472493981616,0.013883854262530804
22,23.08.2017,6,2017,True,0.0140322835411022,0.013973010703921318
22,24.08.2017,6,2017,True,0.0140189526141669,0.014300774782896042
22,25.08.2017,6,2017,True,0.0143486290754639,0.013488560914993286
22,28.08.2017,6,2017,True,0.0142810514644201,0.013528942130506039
22,29.08.2017,6,2017,True,0.0142798930041604,0.01598375476896763
22,30.08.2017,6,2017,True,0.0145419889943834,0.016746962442994118
22,31.08.2017,6,2017,True,0.0134792840125605,0.016447357833385468
22,01.09.2017,6,2017,True,0.013525116563016,0.014674785546958447
22,05.09.2017,6,2017,True,0.013600982869995,0.015748247504234314
22,06.09.2017,6,2017,True,0.0145049711286143,0.014811040833592415
22,07.09.2017,6,2017,True,0.0144819250233679,0.016379602253437042
22,08.09.2017,6,2017,True,0.014393860551934,0.016054639592766762
22,11.09.2017,6,2017,True,0.0144097940573561,0.015532971359789371
22,12.09.2017,6,2017,True,0.014687105243278,0.014258485287427902
22,13.09.2017,6,2017,True,0.014685055813809,0.014328028075397015
22,14.09.2017,6,2017,True,0.0148083730314203,0.014102299697697163
22,15.09.2017,6,2017,True,0.014808262763867,0.013239333406090736
22,18.09.2017,6,2017,True,0.0147873326833718,0.013644090853631496
22,19.09.2017,6,2017,True,0.0151908833073519,0.013133355416357517
22,20.09.2017,6,2017,True,0.0146951090031645,0.011616960167884827
22,21.09.2017,6,2017,True,0.0147836509690831,0.013404358178377151
22,22.09.2017,6,2017,True,0.0151032096785036,0.012417946010828018
22,25.09.2017,6,2017,True,0.0127780679442151,0.012324273586273193
22,26.09.2017,6,2017,True,0.0129825437583332,0.013891229405999184
22,27.09.2017,6,2017,True,0.0133484501051211,0.013979380950331688
22,28.09.2017,6,2017,True,0.013188271223479,0.014060172252357006
22,29.09.2017,6,2017,True,0.0132306992145532,0.012895851396024227
22,02.10.2017,6,2017,True,0.0117293530426329,0.01216532289981842
22,03.10.2017,6,2017,True,0.012096281779741,0.014911206439137459
22,04.10.2017,6,2017,True,0.0127033340052343,0.013523313216865063
22,05.10.2017,6,2017,True,0.0138180836696093,0.013378607109189034
22,06.10.2017,6,2017,True,0.0125582010865635,0.014004182070493698
22,09.10.2017,6,2017,True,0.0126998978225828,0.0145639693364501
22,10.10.2017,6,2017,True,0.0125536420551921,0.014315861277282238
22,11.10.2017,6,2017,True,0.0128093116082779,0.013840926811099052
22,12.10.2017,6,2017,True,0.0124645737642857,0.013251043856143951
22,13.10.2017,6,2017,True,0.0129374584776164,0.013441333547234535
22,16.10.2017,6,2017,True,0.0129711630817494,0.012912256643176079
22,17.10.2017,6,2017,True,0.0131910723569915,0.013898864388465881
22,18.10.2017,6,2017,True,0.0138147702836939,0.013013096526265144
22,19.10.2017,6,2017,True,0.0133809316766573,0.014547609724104404
22,20.10.2017,6,2017,True,0.0133367761913851,0.01360995415598154
22,23.10.2017,6,2017,True,0.0132433668732876,0.012891128659248352
22,24.10.2017,6,2017,True,0.0130010011165931,0.011800672858953476
22,25.10.2017,6,2017,True,0.0130273858394958,0.011996540240943432
22,26.10.2017,6,2017,True,0.0129004729388089,0.011835702694952488
22,27.10.2017,6,2017,True,0.0125988781198617,0.011488868854939938
22,30.10.2017,6,2017,True,0.0125922737937016,0.013309655711054802
22,31.10.2017,6,2017,True,0.012542530181131,0.012226597405970097
22,01.11.2017,6,2017,True,0.0131133268671333,0.01175637450069189
22,02.11.2017,6,2017,True,0.0128901579914679,0.011912588030099869
22,03.11.2017,6,2017,True,0.013238829633116,0.012349996715784073
22,06.11.2017,6,2017,True,0.0112960049821316,0.012260754592716694
22,07.11.2017,6,2017,True,0.011972851518972,0.01251528412103653
22,08.11.2017,6,2017,True,0.0127076713112066,0.012127872556447983
22,09.11.2017,6,2017,True,0.0134523623891552,0.012669281102716923
22,10.11.2017,6,2017,True,0.0137221335556335,0.012360984459519386
22,13.11.2017,6,2017,True,0.0140178677997726,0.01441552396863699
22,14.11.2017,6,2017,True,0.0136043723559789,0.01637657918035984
22,15.11.2017,6,2017,True,0.0135387459705786,0.015910709276795387
22,16.11.2017,6,2017,True,0.0134105365354326,0.015075517818331718
22,17.11.2017,6,2017,True,0.012849778292929,0.012726147659122944
22,20.11.2017,6,2017,True,0.0127019814431522,0.01420245599001646
22,21.11.2017,6,2017,True,0.0126988785775964,0.013978715986013412
22,22.11.2017,6,2017,True,0.0136176366302032,0.012804528698325157
22,24.11.2017,6,2017,True,0.0137545931400918,0.01355831976979971
22,27.11.2017,6,2017,True,0.0137552678581542,0.013334136456251144
22,28.11.2017,6,2017,True,0.0137254784444326,0.013340349309146404
22,29.11.2017,6,2017,True,0.0135585209808501,0.012707351706922054
22,30.11.2017,6,2017,True,0.0139766466407702,0.012826158665120602
22,01.12.2017,6,2017,True,0.0139450012981638,0.011482887901365757
22,04.12.2017,6,2017,True,0.01343043632082,0.01134763564914465
22,05.12.2017,6,2017,True,0.0134165967209594,0.011577514931559563
22,06.12.2017,6,2017,True,0.0118498271542356,0.00994892604649067
22,07.12.2017,6,2017,True,0.0116135684456913,0.011781400069594383
22,08.12.2017,6,2017,True,0.0111903640503504,0.011511025950312614
22,11.12.2017,6,2017,True,0.0106601142337251,0.011637439951300621
22,12.12.2017,6,2017,True,0.009681939220148,0.011236879974603653
22,13.12.2017,6,2017,True,0.0087829964387317,0.012893890030682087
22,14.12.2017,6,2017,True,0.0086237217445595,0.012300402857363224
22,15.12.2017,6,2017,True,0.0090835790444314,0.012194988317787647
22,18.12.2017,6,2017,True,0.009095311186515,0.012509292922914028
22,19.12.2017,6,2017,True,0.0093103782156504,0.011354099027812481
22,20.12.2017,6,2017,True,0.0091977294828641,0.011336974799633026
22,21.12.2017,6,2017,True,0.0092686901129771,0.01181461289525032
22,22.12.2017,6,2017,True,0.009273199640706,0.010803758166730404
22,26.12.2017,6,2017,True,0.0085494020155456,0.011318585835397243
22,27.12.2017,6,2017,True,0.00842877592542,0.013685584999620914
22,28.12.2017,6,2017,True,0.0084144035469009,0.013039147481322289
22,29.12.2017,6,2017,True,0.0083853434901944,0.013180212117731571
66,03.01.2017,6,2017,True,0.0144545478082383,0.02462848089635372
66,04.01.2017,6,2017,True,0.0143816151139491,0.01761566288769245
66,05.01.2017,6,2017,True,0.014360917664402,0.01788078248500824
66,06.01.2017,6,2017,True,0.0143741783638172,0.017505628988146782
66,09.01.2017,6,2017,True,0.0135568221128489,0.017324816435575485
66,10.01.2017,6,2017,True,0.0132739696997448,0.018301114439964294
66,11.01.2017,6,2017,True,0.0129015704499715,0.016990074887871742
66,12.01.2017,6,2017,True,0.0134877873780326,0.01769948936998844
66,13.01.2017,6,2017,True,0.0134407005246176,0.017346369102597237
66,17.01.2017,6,2017,True,0.0136404580152174,0.01733933761715889
66,18.01.2017,6,2017,True,0.0132285250856099,0.018025945872068405
66,19.01.2017,6,2017,True,0.0132748422689815,0.01739875040948391
66,20.01.2017,6,2017,True,0.0129179149588763,0.016900550574064255
66,23.01.2017,6,2017,True,0.0129336753478191,0.01626202091574669
66,24.01.2017,6,2017,True,0.0129462108884435,0.01787903532385826
66,25.01.2017,6,2017,True,0.0129338173081367,0.01727086678147316
66,26.01.2017,6,2017,True,0.0128665955612979,0.017650943249464035
66,27.01.2017,6,2017,True,0.0128273950425471,0.017285656183958054
66,30.01.2017,6,2017,True,0.0140797074653057,0.016613159328699112
66,31.01.2017,6,2017,True,0.0141728740208892,0.018163464963436127
66,01.02.2017,6,2017,True,0.0141968256577653,0.018350135535001755
66,02.02.2017,6,2017,True,0.014077751051308,0.0187534186989069
66,03.02.2017,6,2017,True,0.014610661416301,0.01699814386665821
66,06.02.2017,6,2017,True,0.0145275153198159,0.015340927056968212
66,07.02.2017,6,2017,True,0.0144695737177799,0.017072560265660286
66,08.02.2017,6,2017,True,0.0146812426464209,0.017635403200984
66,09.02.2017,6,2017,True,0.0146288738919355,0.018293628469109535
66,10.02.2017,6,2017,True,0.0144881653337493,0.015575292520225048
66,13.02.2017,6,2017,True,0.0143257643972561,0.0171790961176157
66,14.02.2017,6,2017,True,0.014541348439367,0.01668461225926876
66,15.02.2017,6,2017,True,0.014550965617574,0.01678800955414772
66,16.02.2017,6,2017,True,0.014566906612912,0.015616809949278831
66,17.02.2017,6,2017,True,0.014565959805931,0.015889400616288185
66,21.02.2017,6,2017,True,0.015536354401376,0.015319494530558586
66,22.02.2017,6,2017,True,0.0155534142976012,0.015461309812963009
66,23.02.2017,6,2017,True,0.0154626708787183,0.01588350534439087
66,24.02.2017,6,2017,True,0.0158217710552001,0.014337307773530483
66,27.02.2017,6,2017,True,0.0158235890729463,0.015395473688840866
66,28.02.2017,6,2017,True,0.0158311171817839,0.015423337928950787
66,01.03.2017,6,2017,True,0.0158601739562465,0.01475861668586731
66,02.03.2017,6,2017,True,0.0159346607287408,0.014500811696052551
66,03.03.2017,6,2017,True,0.0165652056784239,0.014992287382483482
66,06.03.2017,6,2017,True,0.0165581725127948,0.014766833744943142
66,07.03.2017,6,2017,True,0.0165904150544185,0.015529229305684566
66,08.03.2017,6,2017,True,0.0154137775664177,0.015225056558847427
66,09.03.2017,6,2017,True,0.0153330505547726,0.01704680174589157
66,10.03.2017,6,2017,True,0.015823376292249,0.017101945355534554
66,13.03.2017,6,2017,True,0.0158229795295618,0.017151787877082825
66,14.03.2017,6,2017,True,0.0158543522297613,0.018461555242538452
66,15.03.2017,6,2017,True,0.0157201402725235,0.017823440954089165
66,16.03.2017,6,2017,True,0.0158694964483004,0.018578482791781425
66,17.03.2017,6,2017,True,0.0161538522954195,0.016001297160983086
66,20.03.2017,6,2017,True,0.0162109648380878,0.01678611896932125
66,21.03.2017,6,2017,True,0.0161910348973023,0.016601694747805595
66,22.03.2017,6,2017,True,0.0162106385533372,0.018341613933444023
66,23.03.2017,6,2017,True,0.0163828101761354,0.01777690090239048
66,24.03.2017,6,2017,True,0.0164747422108718,0.018243951722979546
66,27.03.2017,6,2017,True,0.0164800597319818,0.018550923094153404
66,28.03.2017,6,2017,True,0.0164702873092039,0.01792510226368904
66,29.03.2017,6,2017,True,0.0168796549125901,0.017556993290781975
66,30.03.2017,6,2017,True,0.0174545982065818,0.01572636142373085
66,31.03.2017,6,2017,True,0.0174835097186549,0.01473498996347189
66,03.04.2017,6,2017,True,0.0177993377393088,0.016266314312815666
66,04.04.2017,6,2017,True,0.0176099473426248,0.015434566885232925
66,05.04.2017,6,2017,True,0.0177032319272958,0.015740269795060158
66,06.04.2017,6,2017,True,0.0176623783919338,0.014850428327918053
66,07.04.2017,6,2017,True,0.0177456469710431,0.013872583396732807
66,10.04.2017,6,2017,True,0.0177071190754099,0.013260736130177975
66,11.04.2017,6,2017,True,0.0177153304663209,0.012290338054299355
66,12.04.2017,6,2017,True,0.0177572017528449,0.01320811826735735
66,13.04.2017,6,2017,True,0.0179163004416814,0.013305110856890678
66,17.04.2017,6,2017,True,0.0179075530910348,0.012895295396447182
66,18.04.2017,6,2017,True,0.0181262912173083,0.012448013760149479
66,19.04.2017,6,2017,True,0.017679391099092,0.012490009889006615
66,20.04.2017,6,2017,True,0.0181576105899456,0.01795758493244648
66,21.04.2017,6,2017,True,0.0181088834077821,0.016822893172502518
66,24.04.2017,6,2017,True,0.0181344502764942,0.017895804718136787
66,25.04.2017,6,2017,True,0.0182605847167706,0.018342776224017143
66,26.04.2017,6,2017,True,0.0182497234127796,0.016931725665926933
66,27.04.2017,6,2017,True,0.0182252065741357,0.017467128112912178
66,28.04.2017,6,2017,True,0.018225440455189,0.017544088885188103
66,01.05.2017,6,2017,True,0.018237802428793,0.01533872913569212
66,02.05.2017,6,2017,True,0.0180720592018376,0.01665729284286499
66,03.05.2017,6,2017,True,0.0180576674976592,0.017033059149980545
66,04.05.2017,6,2017,True,0.0169980323171779,0.01690623350441456
66,05.05.2017,6,2017,True,0.0169549517529417,0.017871586605906487
66,08.05.2017,6,2017,True,0.0170667800175643,0.017378661781549454
66,09.05.2017,6,2017,True,0.016990460082127,0.01723744347691536
66,10.05.2017,6,2017,True,0.016931122732087,0.017689814791083336
66,11.05.2017,6,2017,True,0.0168787035579773,0.01658014953136444
66,12.05.2017,6,2017,True,0.016927023020536,0.017829006537795067
66,15.05.2017,6,2017,True,0.0168628133999032,0.017503434792160988
66,16.05.2017,6,2017,True,0.0173342641365966,0.017456935718655586
66,17.05.2017,6,2017,True,0.0174672920277113,0.017346536740660667
66,18.05.2017,6,2017,True,0.017459826082801,0.01725928485393524
66,19.05.2017,6,2017,True,0.0173477114402137,0.017124399542808533
66,22.05.2017,6,2017,True,0.0173773889525062,0.0167557243257761
66,23.05.2017,6,2017,True,0.0173885636097034,0.01705271750688553
66,24.05.2017,6,2017,True,0.0174239402596308,0.017112310975790024
66,25.05.2017,6,2017,True,0.0164125758829062,0.017690911889076233
66,26.05.2017,6,2017,True,0.0165554239312888,0.022156596183776855
66,30.05.2017,6,2017,True,0.0169410085697803,0.02512354962527752
66,31.05.2017,6,2017,True,0.0165190108902206,0.02090655080974102
66,01.06.2017,6,2017,True,0.0166917762799813,0.023361844941973686
66,02.06.2017,6,2017,True,0.0167499163491126,0.021655403077602386
66,05.06.2017,6,2017,True,0.0167015027444266,0.017100267112255096
66,06.06.2017,6,2017,True,0.0167327418361946,0.01910603977739811
66,07.06.2017,6,2017,True,0.0158447421343167,0.019654398784041405
66,08.06.2017,6,2017,True,0.0158456817333304,0.023636607453227043
66,09.06.2017,6,2017,True,0.015936478653605,0.019634434953331947
66,12.06.2017,6,2017,True,0.0159421462387736,0.01755562424659729
66,13.06.2017,6,2017,True,0.0159199453296873,0.01864095963537693
66,14.06.2017,6,2017,True,0.0152099932032584,0.017547665163874626
66,15.06.2017,6,2017,True,0.0152387538630102,0.01973772794008255
66,16.06.2017,6,2017,True,0.0153788520233782,0.018560202792286873
66,19.06.2017,6,2017,True,0.0153009620320705,0.01623453013598919
66,20.06.2017,6,2017,True,0.0150628899572931,0.019396083429455757
66,21.06.2017,6,2017,True,0.015175935686794,0.019906088709831238
66,22.06.2017,6,2017,True,0.0152617209114135,0.01827055774629116
66,23.06.2017,6,2017,True,0.0153418299974063,0.02148568257689476
66,26.06.2017,6,2017,True,0.015410183092323,0.01749027520418167
66,27.06.2017,6,2017,True,0.0153063133058348,0.016900550574064255
66,28.06.2017,6,2017,True,0.0156306153652945,0.0176579300314188
66,29.06.2017,6,2017,True,0.0156414295031857,0.017767801880836487
66,30.06.2017,6,2017,True,0.0156270022297226,0.017543146386742592
66,03.07.2017,6,2017,True,0.0152365206250185,0.015020313672721386
66,05.07.2017,6,2017,True,0.0147406313887608,0.01744820363819599
66,06.07.2017,6,2017,True,0.0147308329776421,0.02462908811867237
66,07.07.2017,6,2017,True,0.01426026303117,0.018448714166879654
66,10.07.2017,6,2017,True,0.0142644797685435,0.018499761819839478
66,11.07.2017,6,2017,True,0.0143217652531557,0.018722470849752426
66,12.07.2017,6,2017,True,0.0144183927667337,0.01912921480834484
66,13.07.2017,6,2017,True,0.0143880369391776,0.019464535638689995
66,14.07.2017,6,2017,True,0.0143596812275742,0.017238549888134003
66,17.07.2017,6,2017,True,0.0142747184192155,0.017735576257109642
66,18.07.2017,6,2017,True,0.014439202345626,0.01706467568874359
66,19.07.2017,6,2017,True,0.0143410886094302,0.017874279990792274
66,20.07.2017,6,2017,True,0.0143258055912973,0.016897542402148247
66,21.07.2017,6,2017,True,0.0140034467485291,0.01630192995071411
66,24.07.2017,6,2017,True,0.0139659972467632,0.01701032929122448
66,25.07.2017,6,2017,True,0.0135515866855499,0.016861410811543465
66,26.07.2017,6,2017,True,0.0136146580249997,0.017478162422776222
66,27.07.2017,6,2017,True,0.0135963511810612,0.017692122608423233
66,28.07.2017,6,2017,True,0.0134405654714363,0.018205150961875916
66,31.07.2017,6,2017,True,0.0134481152681795,0.019523736089468002
66,01.08.2017,6,2017,True,0.0135437756261661,0.021151075139641762
66,02.08.2017,6,2017,True,0.0137671163912977,0.018367063254117966
66,03.08.2017,6,2017,True,0.014276155681814,0.018163109198212624
66,04.08.2017,6,2017,True,0.0143431862742034,0.01802224852144718
66,07.08.2017,6,2017,True,0.014354892665103,0.014904661104083061
66,08.08.2017,6,2017,True,0.0143336607921616,0.015991007909178734
66,09.08.2017,6,2017,True,0.0143489836732744,0.017100797966122627
66,10.08.2017,6,2017,True,0.0142102806010023,0.01703876629471779
66,11.08.2017,6,2017,True,0.0143837888403604,0.01861128769814968
66,14.08.2017,6,2017,True,0.0139490664877872,0.01566477119922638
66,15.08.2017,6,2017,True,0.0140168888715929,0.01960204914212227
66,16.08.2017,6,2017,True,0.014109431819497,0.019873131066560745
66,17.08.2017,6,2017,True,0.0141013420341758,0.01759619265794754
66,18.08.2017,6,2017,True,0.0136133766947842,0.017471730709075928
66,21.08.2017,6,2017,True,0.0133546206149091,0.01758342981338501
66,22.08.2017,6,2017,True,0.0133707420466262,0.01714770682156086
66,23.08.2017,6,2017,True,0.0133153970745819,0.01813831739127636
66,24.08.2017,6,2017,True,0.013240842843687,0.017252035439014435
66,25.08.2017,6,2017,True,0.0132986909897504,0.015663055703043938
66,28.08.2017,6,2017,True,0.0132126864107509,0.017351336777210236
66,29.08.2017,6,2017,True,0.0132229888199055,0.017324816435575485
66,30.08.2017,6,2017,True,0.0130748291711107,0.018008509650826454
66,31.08.2017,6,2017,True,0.0126624783150046,0.017935695126652718
66,01.09.2017,6,2017,True,0.0131556531442491,0.0165092870593071
66,05.09.2017,6,2017,True,0.0130791391008306,0.018111461773514748
66,06.09.2017,6,2017,True,0.0131463749821133,0.01767360046505928
66,07.09.2017,6,2017,True,0.0133228286742883,0.019343828782439232
66,08.09.2017,6,2017,True,0.0135024823166276,0.017416059970855713
66,11.09.2017,6,2017,True,0.0136590599928867,0.01693238504230976
66,12.09.2017,6,2017,True,0.013715961561881,0.01494329422712326
66,13.09.2017,6,2017,True,0.0136113571699787,0.015996592119336128
66,14.09.2017,6,2017,True,0.0136045645312305,0.015469360165297985
66,15.09.2017,6,2017,True,0.0136137303772757,0.015076130628585815
66,18.09.2017,6,2017,True,0.013653809417455,0.015062144957482815
66,19.09.2017,6,2017,True,0.0136174074017237,0.015561721287667751
66,20.09.2017,6,2017,True,0.0134323941155245,0.014594046398997307
66,21.09.2017,6,2017,True,0.013767563684267,0.01567101664841175
66,22.09.2017,6,2017,True,0.0138226368498315,0.015185955911874771
66,25.09.2017,6,2017,True,0.0131185797427891,0.014909593388438225
66,26.09.2017,6,2017,True,0.0130449080732506,0.015361218713223934
66,27.09.2017,6,2017,True,0.0129726850034181,0.016916070133447647
66,28.09.2017,6,2017,True,0.0130658504823238,0.016820207238197327
66,29.09.2017,6,2017,True,0.013066227861425,0.01681792549788952
66,02.10.2017,6,2017,True,0.0126601827082175,0.014826301485300064
66,03.10.2017,6,2017,True,0.0126451383880312,0.016559986397624016
66,04.10.2017,6,2017,True,0.0127088012361168,0.015575292520225048
66,05.10.2017,6,2017,True,0.0125099572883106,0.015251963399350643
66,06.10.2017,6,2017,True,0.0120343304586047,0.014941367320716381
66,09.10.2017,6,2017,True,0.0120529086189408,0.016930654644966125
66,10.10.2017,6,2017,True,0.01208802741393,0.015835439786314964
66,11.10.2017,6,2017,True,0.0120830991345176,0.01583326794207096
66,12.10.2017,6,2017,True,0.0119444885388521,0.015194582752883434
66,13.10.2017,6,2017,True,0.0119420220086421,0.01564984768629074
66,16.10.2017,6,2017,True,0.0119018754594957,0.014316562563180923
66,17.10.2017,6,2017,True,0.0119723811198238,0.014383320696651936
66,18.10.2017,6,2017,True,0.0119878727309937,0.01508417073637247
66,19.10.2017,6,2017,True,0.0117682207659837,0.015631798654794693
66,20.10.2017,6,2017,True,0.0117467921616401,0.01475365087389946
66,23.10.2017,6,2017,True,0.0119005958551307,0.01208716630935669
66,24.10.2017,6,2017,True,0.0118292783500682,0.014559229835867882
66,25.10.2017,6,2017,True,0.0118318781307267,0.014619538560509682
66,26.10.2017,6,2017,True,0.0117374841429223,0.014718335121870041
66,27.10.2017,6,2017,True,0.011606589236423,0.014054886065423489
66,30.10.2017,6,2017,True,0.0117496085834754,0.014659269712865353
66,31.10.2017,6,2017,True,0.0118301368142651,0.015143703669309616
66,01.11.2017,6,2017,True,0.01212455762667,0.014414613135159016
66,02.11.2017,6,2017,True,0.0121208056613046,0.014545619487762451
66,03.11.2017,6,2017,True,0.0124399669211997,0.016356615349650383
66,06.11.2017,6,2017,True,0.0116667547773061,0.014382468536496162
66,07.11.2017,6,2017,True,0.0116199704969561,0.016062024980783463
66,08.11.2017,6,2017,True,0.0120471305313912,0.01547542866319418
66,09.11.2017,6,2017,True,0.0120181948138859,0.016387002542614937
66,10.11.2017,6,2017,True,0.0120278811590036,0.015400080010294914
66,13.11.2017,6,2017,True,0.0120264619072392,0.017369698733091354
66,14.11.2017,6,2017,True,0.011868583776432,0.017264459282159805
66,15.11.2017,6,2017,True,0.0119651638101566,0.01696457713842392
66,16.11.2017,6,2017,True,0.0120078003107523,0.016596755012869835
66,17.11.2017,6,2017,True,0.0117326509679151,0.015436611138284206
66,20.11.2017,6,2017,True,0.0118077519701564,0.01510570477694273
66,21.11.2017,6,2017,True,0.0119157279122767,0.015287297777831554
66,22.11.2017,6,2017,True,0.0118355929938987,0.014981606975197792
66,24.11.2017,6,2017,True,0.0120750903005001,0.015802782028913498
66,27.11.2017,6,2017,True,0.0122740306066952,0.015044957399368286
66,28.11.2017,6,2017,True,0.0122707263482436,0.01656867377460003
66,29.11.2017,6,2017,True,0.0125471818124613,0.014997709542512894
66,30.11.2017,6,2017,True,0.0125980262013768,0.014902439899742603
66,01.12.2017,6,2017,True,0.013096317179605,0.014352717436850071
66,04.12.2017,6,2017,True,0.0129706055409009,0.012489321641623974
66,05.12.2017,6,2017,True,0.012965621690308,0.01179542113095522
66,06.12.2017,6,2017,True,0.0125290239991496,0.010428995825350285
66,07.12.2017,6,2017,True,0.0123930794606099,0.011948524042963982
66,08.12.2017,6,2017,True,0.0123394564551951,0.012651690281927586
66,11.12.2017,6,2017,True,0.0121015584588056,0.012805613689124584
66,12.12.2017,6,2017,True,0.0120532853234331,0.013927358202636242
66,13.12.2017,6,2017,True,0.0124172886412222,0.013296839781105518
66,14.12.2017,6,2017,True,0.0123786056573757,0.012864984571933746
66,15.12.2017,6,2017,True,0.012636057908302,0.012710087932646275
66,18.12.2017,6,2017,True,0.0126590478336537,0.012268167920410633
66,19.12.2017,6,2017,True,0.0126474678106849,0.011804857291281223
66,20.12.2017,6,2017,True,0.012635427905823,0.011679135262966156
66,21.12.2017,6,2017,True,0.0126792259601712,0.01170737948268652
66,22.12.2017,6,2017,True,0.0135600499310041,0.011990195140242577
66,26.12.2017,6,2017,True,0.0131857170615426,0.012019047513604164
66,27.12.2017,6,2017,True,0.0131402861913005,0.012977682054042816
66,28.12.2017,6,2017,True,0.0131418936353873,0.012437551282346249
66,29.12.2017,6,2017,True,0.0133331120542675,0.012592379935085773
126,03.01.2017,6,2017,True,0.0161991940046424,0.021197548136115074
126,04.01.2017,6,2017,True,0.0161260814648273,0.01799679547548294
126,05.01.2017,6,2017,True,0.0163010786126295,0.017676249146461487
126,06.01.2017,6,2017,True,0.0163009463075051,0.017634345218539238
126,09.01.2017,6,2017,True,0.016013370674951,0.01776888035237789
126,10.01.2017,6,2017,True,0.0158897982800888,0.01963118650019169
126,11.01.2017,6,2017,True,0.0157517688334053,0.01789381541311741
126,12.01.2017,6,2017,True,0.0157059418875373,0.018901757895946503
126,13.01.2017,6,2017,True,0.0157060355438066,0.018294136971235275
126,17.01.2017,6,2017,True,0.0157293796207617,0.01822589337825775
126,18.01.2017,6,2017,True,0.0156215336700907,0.018001124262809753
126,19.01.2017,6,2017,True,0.0156287357874299,0.01814407855272293
126,20.01.2017,6,2017,True,0.0156201606076572,0.018038244917988777
126,23.01.2017,6,2017,True,0.01565520318902,0.017653057351708412
126,24.01.2017,6,2017,True,0.0159303585346849,0.018034301698207855
126,25.01.2017,6,2017,True,0.0159854489756784,0.017460428178310394
126,26.01.2017,6,2017,True,0.0158987834810405,0.01785505935549736
126,27.01.2017,6,2017,True,0.0159649600047278,0.01784685254096985
126,30.01.2017,6,2017,True,0.0159612040807409,0.017619391903281212
126,31.01.2017,6,2017,True,0.0159413918233877,0.019771842285990715
126,01.02.2017,6,2017,True,0.0159468610937605,0.019742989912629128
126,02.02.2017,6,2017,True,0.0158869292740427,0.019597573205828667
126,03.02.2017,6,2017,True,0.0158986813828355,0.019389165565371513
126,06.02.2017,6,2017,True,0.015809470161925,0.018605221062898636
126,07.02.2017,6,2017,True,0.0157791129180066,0.017798177897930145
126,08.02.2017,6,2017,True,0.0158094843965158,0.019560623914003372
126,09.02.2017,6,2017,True,0.0158415671221456,0.017631109803915024
126,10.02.2017,6,2017,True,0.0157486887833009,0.015742547810077667
126,13.02.2017,6,2017,True,0.0158271258420905,0.017826171591877937
126,14.02.2017,6,2017,True,0.015813818044315,0.017325500026345253
126,15.02.2017,6,2017,True,0.0158350681151763,0.018776679411530495
126,16.02.2017,6,2017,True,0.0158974105059599,0.01624608412384987
126,17.02.2017,6,2017,True,0.0161686409888709,0.016380658373236656
126,21.02.2017,6,2017,True,0.0162037516158127,0.01522742211818695
126,22.02.2017,6,2017,True,0.01616136252979,0.016877105459570885
126,23.02.2017,6,2017,True,0.016163009505164,0.015500056557357311
126,24.02.2017,6,2017,True,0.0161613268659172,0.014783366583287716
126,27.02.2017,6,2017,True,0.0161756728582897,0.015333876013755798
126,28.02.2017,6,2017,True,0.0161900413575835,0.01473337784409523
126,01.03.2017,6,2017,True,0.0161916572857308,0.014836027286946774
126,02.03.2017,6,2017,True,0.0162872802600928,0.01575685851275921
126,03.03.2017,6,2017,True,0.0164499483603814,0.015711789950728416
126,06.03.2017,6,2017,True,0.0164485281612154,0.014783366583287716
126,07.03.2017,6,2017,True,0.0165502114349988,0.01583721861243248
126,08.03.2017,6,2017,True,0.0159566560581563,0.016402816399931908
126,09.03.2017,6,2017,True,0.0158842050838902,0.018258346244692802
126,10.03.2017,6,2017,True,0.0158638702767263,0.01822589337825775
126,13.03.2017,6,2017,True,0.0158638649536232,0.01792336441576481
126,14.03.2017,6,2017,True,0.0158583525236221,0.018001124262809753
126,15.03.2017,6,2017,True,0.0158496280194657,0.01744823344051838
126,16.03.2017,6,2017,True,0.0158552493890635,0.017684686928987503
126,17.03.2017,6,2017,True,0.0158563956799618,0.01610371097922325
126,20.03.2017,6,2017,True,0.0158560931635773,0.01610371097922325
126,21.03.2017,6,2017,True,0.0158217843448005,0.01757066324353218
126,22.03.2017,6,2017,True,0.0159092494443135,0.017831947654485703
126,23.03.2017,6,2017,True,0.0159084234026467,0.01997622847557068
126,24.03.2017,6,2017,True,0.0159160042416849,0.018388450145721436
126,27.03.2017,6,2017,True,0.0162416663533556,0.019688809290528297
126,28.03.2017,6,2017,True,0.0162455352750616,0.01785372570157051
126,29.03.2017,6,2017,True,0.0161714358049812,0.017524655908346176
126,30.03.2017,6,2017,True,0.0161699501060156,0.01616363227367401
126,31.03.2017,6,2017,True,0.016168182570549,0.015966029837727547
126,03.04.2017,6,2017,True,0.0163229004648334,0.016293291002511978
126,04.04.2017,6,2017,True,0.0162336144099124,0.015742668882012367
126,05.04.2017,6,2017,True,0.0162345696477483,0.01859600469470024
126,06.04.2017,6,2017,True,0.0163212445419337,0.015519105829298496
126,07.04.2017,6,2017,True,0.0164606341220783,0.014627301134169102
126,10.04.2017,6,2017,True,0.0164198842914472,0.016721386462450027
126,11.04.2017,6,2017,True,0.0164667783462373,0.015602136962115765
126,12.04.2017,6,2017,True,0.0164637779333342,0.014796987175941467
126,13.04.2017,6,2017,True,0.0165004092469134,0.016885066404938698
126,17.04.2017,6,2017,True,0.0165402437586686,0.016730984672904015
126,18.04.2017,6,2017,True,0.0165503662382586,0.014297932386398315
126,19.04.2017,6,2017,True,0.0162176001983793,0.014644166454672813
126,20.04.2017,6,2017,True,0.0162213687506367,0.019199460744857788
126,21.04.2017,6,2017,True,0.0161876720702678,0.01841551624238491
126,24.04.2017,6,2017,True,0.0161893805913828,0.01787533424794674
126,25.04.2017,6,2017,True,0.0161838284782708,0.018769938498735428
126,26.04.2017,6,2017,True,0.0162353778172601,0.01676596887409687
126,27.04.2017,6,2017,True,0.0162184517667504,0.017163492739200592
126,28.04.2017,6,2017,True,0.0162585956303345,0.017163492739200592
126,01.05.2017,6,2017,True,0.016330205154251,0.01627420447766781
126,02.05.2017,6,2017,True,0.016218865562128,0.01738826185464859
126,03.05.2017,6,2017,True,0.0162220986874094,0.017635632306337357
126,04.05.2017,6,2017,True,0.0155879917547742,0.017497815191745758
126,05.05.2017,6,2017,True,0.0155864667804664,0.017969148233532906
126,08.05.2017,6,2017,True,0.0157064718066481,0.01792336441576481
126,09.05.2017,6,2017,True,0.0159260995338104,0.01786344312131405
126,10.05.2017,6,2017,True,0.0157582002396269,0.017747409641742706
126,11.05.2017,6,2017,True,0.0157436310667102,0.01816088892519474
126,12.05.2017,6,2017,True,0.0157502193575305,0.018092080950737
126,15.05.2017,6,2017,True,0.0156903022263632,0.018092080950737
126,16.05.2017,6,2017,True,0.0156977467410159,0.018014321103692055
126,17.05.2017,6,2017,True,0.0157463129982326,0.017774416133761406
126,18.05.2017,6,2017,True,0.0157532694530893,0.01785505935549736
126,19.05.2017,6,2017,True,0.0156788352864348,0.01785505935549736
126,22.05.2017,6,2017,True,0.0157851778846064,0.01752992905676365
126,23.05.2017,6,2017,True,0.0158023103350003,0.01920701377093792
126,24.05.2017,6,2017,True,0.0158018875622546,0.018793923780322075
126,25.05.2017,6,2017,True,0.015214890709524,0.019710756838321686
126,26.05.2017,6,2017,True,0.0151913201475658,0.02100515365600586
126,30.05.2017,6,2017,True,0.0151771301980762,0.021529752761125565
126,31.05.2017,6,2017,True,0.0149173994837909,0.020439388230443
126,01.06.2017,6,2017,True,0.0149421644241587,0.021556319668889046
126,02.06.2017,6,2017,True,0.0149261609111743,0.02053818665444851
126,05.06.2017,6,2017,True,0.0148927993648417,0.01778724417090416
126,06.06.2017,6,2017,True,0.0149497811813485,0.01952335238456726
126,07.06.2017,6,2017,True,0.0144306055856096,0.019742989912629128
126,08.06.2017,6,2017,True,0.0146431472026343,0.02111833728849888
126,09.06.2017,6,2017,True,0.0146912795656568,0.01981453038752079
126,12.06.2017,6,2017,True,0.0147696953299118,0.018178272992372513
126,13.06.2017,6,2017,True,0.0148446315136786,0.01981591060757637
126,14.06.2017,6,2017,True,0.0145958176096481,0.018118947744369507
126,15.06.2017,6,2017,True,0.0146669929434738,0.0197441466152668
126,16.06.2017,6,2017,True,0.0146889973771711,0.01865658350288868
126,19.06.2017,6,2017,True,0.0146526525004083,0.01768137328326702
126,20.06.2017,6,2017,True,0.0145246329932366,0.019627125933766365
126,21.06.2017,6,2017,True,0.0142929555411646,0.019740309566259384
126,22.06.2017,6,2017,True,0.0143054438665991,0.019740309566259384
126,23.06.2017,6,2017,True,0.0143020900172622,0.02018405869603157
126,26.06.2017,6,2017,True,0.0143004330450214,0.017961513251066208
126,27.06.2017,6,2017,True,0.0143981600493227,0.018038244917988777
126,28.06.2017,6,2017,True,0.0143995091272998,0.018021434545516968
126,29.06.2017,6,2017,True,0.0144000964171245,0.018010759726166725
126,30.06.2017,6,2017,True,0.0143886010120954,0.01785505935549736
126,03.07.2017,6,2017,True,0.0140736355897646,0.016264481469988823
126,05.07.2017,6,2017,True,0.0136577636858671,0.0186268612742424
126,06.07.2017,6,2017,True,0.0136534056841569,0.021435312926769257
126,07.07.2017,6,2017,True,0.0133696659582127,0.01981591060757637
126,10.07.2017,6,2017,True,0.0133696150027462,0.01981857232749462
126,11.07.2017,6,2017,True,0.0133810470777991,0.019745783880352974
126,12.07.2017,6,2017,True,0.0133821718112139,0.01981857232749462
126,13.07.2017,6,2017,True,0.013345521637328,0.01950995624065399
126,14.07.2017,6,2017,True,0.0133403900275066,0.01764802448451519
126,17.07.2017,6,2017,True,0.0133426532356316,0.018090317025780678
126,18.07.2017,6,2017,True,0.0133325404591674,0.01799733005464077
126,19.07.2017,6,2017,True,0.0132713509136385,0.018543872982263565
126,20.07.2017,6,2017,True,0.0132860008097283,0.01741734705865383
126,21.07.2017,6,2017,True,0.0130474471403679,0.017619391903281212
126,24.07.2017,6,2017,True,0.0130601676602247,0.017650917172431946
126,25.07.2017,6,2017,True,0.0127979173019443,0.017340732738375664
126,26.07.2017,6,2017,True,0.0127537923629165,0.018357587978243828
126,27.07.2017,6,2017,True,0.0127359583327194,0.018608588725328445
126,28.07.2017,6,2017,True,0.0127365474826215,0.018531857058405876
126,31.07.2017,6,2017,True,0.012759397161585,0.01899956353008747
126,01.08.2017,6,2017,True,0.0127583120182976,0.020715920254588127
126,02.08.2017,6,2017,True,0.0127424524940169,0.019710756838321686
126,03.08.2017,6,2017,True,0.0127456651891952,0.019775761291384697
126,04.08.2017,6,2017,True,0.0128175199546294,0.01837962307035923
126,07.08.2017,6,2017,True,0.0128697855783766,0.015941554680466652
126,08.08.2017,6,2017,True,0.0130109559943117,0.016378892585635185
126,09.08.2017,6,2017,True,0.0130340770272929,0.019271915778517723
126,10.08.2017,6,2017,True,0.0132834125435087,0.018250394612550735
126,11.08.2017,6,2017,True,0.0132883100518147,0.01909300684928894
126,14.08.2017,6,2017,True,0.0130465122400952,0.018309062346816063
126,15.08.2017,6,2017,True,0.0132223355561967,0.019560623914003372
126,16.08.2017,6,2017,True,0.0131774227344863,0.019634844735264778
126,17.08.2017,6,2017,True,0.0131362656992426,0.019454170018434525
126,18.08.2017,6,2017,True,0.0128507746140642,0.017535332590341568
126,21.08.2017,6,2017,True,0.0126981291179042,0.01764409989118576
126,22.08.2017,6,2017,True,0.012748213960772,0.018634293228387833
126,23.08.2017,6,2017,True,0.0127508199326214,0.018778059631586075
126,24.08.2017,6,2017,True,0.0127046610171793,0.01870245859026909
126,25.08.2017,6,2017,True,0.0127667598701595,0.016609856858849525
126,28.08.2017,6,2017,True,0.012790635919766,0.015849001705646515
126,29.08.2017,6,2017,True,0.0127933095172791,0.01756608672440052
126,30.08.2017,6,2017,True,0.012770558202055,0.01741086319088936
126,31.08.2017,6,2017,True,0.0126126574927122,0.019024647772312164
126,01.09.2017,6,2017,True,0.0126111870678085,0.017855878919363022
126,05.09.2017,6,2017,True,0.012685230170075,0.018399124965071678
126,06.09.2017,6,2017,True,0.0126761380616324,0.01949561946094036
126,07.09.2017,6,2017,True,0.0129121659167716,0.019744370132684708
126,08.09.2017,6,2017,True,0.012875632273697,0.01946338638663292
126,11.09.2017,6,2017,True,0.0128877553199647,0.01831461861729622
126,12.09.2017,6,2017,True,0.0128763811623268,0.0156827662140131
126,13.09.2017,6,2017,True,0.0128087135851531,0.016635367646813393
126,14.09.2017,6,2017,True,0.0128754356200906,0.01723826862871647
126,15.09.2017,6,2017,True,0.0128793918673561,0.015561637468636036
126,18.09.2017,6,2017,True,0.0129870262654634,0.01615990325808525
126,19.09.2017,6,2017,True,0.0132121866034794,0.018309062346816063
126,20.09.2017,6,2017,True,0.0131327034192957,0.015892328694462776
126,21.09.2017,6,2017,True,0.0132588879257559,0.017932429909706116
126,22.09.2017,6,2017,True,0.0132608473159328,0.016877105459570885
126,25.09.2017,6,2017,True,0.0128699881007641,0.015551718883216381
126,26.09.2017,6,2017,True,0.0128597804972496,0.015463697724044323
126,27.09.2017,6,2017,True,0.0128498119888629,0.017627911642193794
126,28.09.2017,6,2017,True,0.0132986286086856,0.017627911642193794
126,29.09.2017,6,2017,True,0.0133083061578778,0.018342675641179085
126,02.10.2017,6,2017,True,0.0130993818556309,0.01532332506030798
126,03.10.2017,6,2017,True,0.013097954413495,0.01859600469470024
126,04.10.2017,6,2017,True,0.0132061417233883,0.015742547810077667
126,05.10.2017,6,2017,True,0.013223659039338,0.015529978089034557
126,06.10.2017,6,2017,True,0.0133350311890665,0.01566809043288231
126,09.10.2017,6,2017,True,0.0133797716652039,0.01870245859026909
126,10.10.2017,6,2017,True,0.013333986729537,0.015959901735186577
126,11.10.2017,6,2017,True,0.0133396231669872,0.01575496233999729
126,12.10.2017,6,2017,True,0.0133773258021798,0.016161669045686722
126,13.10.2017,6,2017,True,0.0133153666608608,0.01569504104554653
126,16.10.2017,6,2017,True,0.013465801741681,0.015510828234255314
126,17.10.2017,6,2017,True,0.0134669592316898,0.015751216560602188
126,18.10.2017,6,2017,True,0.0134657768012531,0.015982426702976227
126,19.10.2017,6,2017,True,0.0133830701469842,0.01577816717326641
126,20.10.2017,6,2017,True,0.013422603090221,0.016120243817567825
126,23.10.2017,6,2017,True,0.0134006070050388,0.013610360212624073
126,24.10.2017,6,2017,True,0.0133557905184558,0.015200470574200153
126,25.10.2017,6,2017,True,0.0133590373168516,0.015621264465153217
126,26.10.2017,6,2017,True,0.0133186908381465,0.01569405198097229
126,27.10.2017,6,2017,True,0.0132301621279724,0.015321739949285984
126,30.10.2017,6,2017,True,0.013421995085197,0.015682905912399292
126,31.10.2017,6,2017,True,0.0134117209506907,0.01522742211818695
126,01.11.2017,6,2017,True,0.0134791787648789,0.014836027286946774
126,02.11.2017,6,2017,True,0.0135027779220591,0.01508974190801382
126,03.11.2017,6,2017,True,0.0134679169584769,0.017442669719457626
126,06.11.2017,6,2017,True,0.0133969434846391,0.014185463078320026
126,07.11.2017,6,2017,True,0.0133645720039854,0.016905706375837326
126,08.11.2017,6,2017,True,0.0133690297416507,0.016438273712992668
126,09.11.2017,6,2017,True,0.0134088522536363,0.01841689646244049
126,10.11.2017,6,2017,True,0.0133896530194719,0.016242841258645058
126,13.11.2017,6,2017,True,0.0133976092432581,0.01726994663476944
126,14.11.2017,6,2017,True,0.01331161599077,0.01715714856982231
126,15.11.2017,6,2017,True,0.0133378845098557,0.017570603638887405
126,16.11.2017,6,2017,True,0.013321330498796,0.01677209697663784
126,17.11.2017,6,2017,True,0.0132029287786025,0.01640964299440384
126,20.11.2017,6,2017,True,0.0131732639372481,0.015356249175965786
126,21.11.2017,6,2017,True,0.0132340273812436,0.015959901735186577
126,22.11.2017,6,2017,True,0.0135078011182203,0.017793938517570496
126,24.11.2017,6,2017,True,0.0135615789362048,0.017444277182221413
126,27.11.2017,6,2017,True,0.0137612971329311,0.014990109950304031
126,28.11.2017,6,2017,True,0.0137535803841266,0.018309062346816063
126,29.11.2017,6,2017,True,0.0137280638104922,0.016124283894896507
126,30.11.2017,6,2017,True,0.0140061703608104,0.015950050204992294
126,01.12.2017,6,2017,True,0.0140042291329384,0.01569405198097229
126,04.12.2017,6,2017,True,0.013912789634026,0.014023554511368275
126,05.12.2017,6,2017,True,0.0140718669543016,0.012942822650074959
126,06.12.2017,6,2017,True,0.0138928611043695,0.013823703862726688
126,07.12.2017,6,2017,True,0.0138356857187802,0.013270222581923008
126,08.12.2017,6,2017,True,0.0137704021446198,0.013302990235388279
126,11.12.2017,6,2017,True,0.0136964110107105,0.01367589645087719
126,12.12.2017,6,2017,True,0.0135895091417311,0.01569424942135811
126,13.12.2017,6,2017,True,0.0138715180902314,0.014175205491483212
126,14.12.2017,6,2017,True,0.0139948805659861,0.013914413750171661
126,15.12.2017,6,2017,True,0.0139995579392743,0.014269688166677952
126,18.12.2017,6,2017,True,0.0140087592402666,0.01394881121814251
126,19.12.2017,6,2017,True,0.0141662041983333,0.013243069872260094
126,20.12.2017,6,2017,True,0.014429596135233,0.013386878184974194
126,21.12.2017,6,2017,True,0.0144655240801146,0.013386878184974194
126,22.12.2017,6,2017,True,0.0145680538164756,0.013864390552043915
126,26.12.2017,6,2017,True,0.0144569275258651,0.013344977982342243
126,27.12.2017,6,2017,True,0.0144306123110593,0.01394610945135355
126,28.12.2017,6,2017,True,0.0145269661153699,0.014352817088365555
126,29.12.2017,6,2017,True,0.0147477645267919,0.014481546357274055
5,02.01.2018,7,2018,True,0.0103567633034399,0.00789615884423256
5,03.01.2018,7,2018,True,0.0078171049051645,0.008720272220671177
5,04.01.2018,7,2018,True,0.0079442895181173,0.009953103959560394
5,05.01.2018,7,2018,True,0.0057257001464664,0.01059379056096077
5,08.01.2018,7,2018,True,0.0095791592616795,0.01419556699693203
5,09.01.2018,7,2018,True,0.0072998254759595,0.009951001033186913
5,10.01.2018,7,2018,True,0.0070085511108855,0.012396618723869324
5,11.01.2018,7,2018,True,0.0083888336155907,0.01188068836927414
5,12.01.2018,7,2018,True,0.0075889030155016,0.010432555340230465
5,16.01.2018,7,2018,True,0.0087220439436849,0.01021699607372284
5,17.01.2018,7,2018,True,0.0091130065468865,0.011128260754048824
5,18.01.2018,7,2018,True,0.0091810940067844,0.010132848285138607
5,19.01.2018,7,2018,True,0.0058275601446377,0.007519464008510113
5,22.01.2018,7,2018,True,0.0108518676131495,0.010364771820604801
5,23.01.2018,7,2018,True,0.008710043126821,0.009565376676619053
5,24.01.2018,7,2018,True,0.0067906564137504,0.00938464142382145
5,25.01.2018,7,2018,True,0.0070415442624073,0.009626547805964947
5,26.01.2018,7,2018,True,0.0064668422421573,0.007697714492678642
5,29.01.2018,7,2018,True,0.0060849326500959,0.008775295689702034
5,30.01.2018,7,2018,True,0.0066604124402399,0.008645495399832726
5,31.01.2018,7,2018,True,0.0077714568910179,0.008780362084507942
5,01.02.2018,7,2018,True,0.0049122781938023,0.009076403453946114
5,02.02.2018,7,2018,True,0.0087258193073388,0.008686700835824013
5,05.02.2018,7,2018,True,0.0109205290391384,0.008855734951794147
5,06.02.2018,7,2018,True,0.0135223910896454,0.009292555041611195
5,07.02.2018,7,2018,True,0.0208328417888116,0.009754477068781853
5,08.02.2018,7,2018,True,0.0204482002463763,0.010309597477316856
5,09.02.2018,7,2018,True,0.0115853947211594,0.013800437562167645
5,12.02.2018,7,2018,True,0.010324884627056,0.014293292537331581
5,13.02.2018,7,2018,True,0.0102475311555842,0.01366015151143074
5,14.02.2018,7,2018,True,0.0057627371342729,0.015534010715782642
5,15.02.2018,7,2018,True,0.0051183209259622,0.010482794605195522
5,16.02.2018,7,2018,True,0.0058565275655605,0.010312827304005623
5,20.02.2018,7,2018,True,0.0111964108717066,0.011970997788012028
5,21.02.2018,7,2018,True,0.0136114830698425,0.012614649720489979
5,22.02.2018,7,2018,True,0.0112961890333619,0.01260019838809967
5,23.02.2018,7,2018,True,0.0095889195613596,0.012907592579722404
5,26.02.2018,7,2018,True,0.0150795482496108,0.010304264724254608
5,27.02.2018,7,2018,True,0.0149770047366125,0.011254464276134968
5,28.02.2018,7,2018,True,0.017053525395244,0.012314303778111935
5,01.03.2018,7,2018,True,0.0171708578336521,0.011784784495830536
5,02.03.2018,7,2018,True,0.0209446017789249,0.011220627464354038
5,05.03.2018,7,2018,True,0.0196338298887995,0.013212654739618301
5,06.03.2018,7,2018,True,0.0193939675459911,0.011326299980282784
5,07.03.2018,7,2018,True,0.0163586719034612,0.011123387143015862
5,08.03.2018,7,2018,True,0.0146385187511849,0.012207560241222382
5,09.03.2018,7,2018,True,0.0096242317329905,0.012454075738787651
5,12.03.2018,7,2018,True,0.0082961363898649,0.00974244810640812
5,13.03.2018,7,2018,True,0.0096910733010739,0.008487280458211899
5,14.03.2018,7,2018,True,0.0130604564215226,0.012506923638284206
5,15.03.2018,7,2018,True,0.0160121477461898,0.012286659330129623
5,16.03.2018,7,2018,True,0.016642868017257,0.011716902256011963
5,19.03.2018,7,2018,True,0.0171726301154259,0.010930841788649559
5,20.03.2018,7,2018,True,0.0170816541159765,0.011754591949284077
5,21.03.2018,7,2018,True,0.0126976624537122,0.012563129886984825
5,22.03.2018,7,2018,True,0.0124021226518374,0.013371997512876987
5,23.03.2018,7,2018,True,0.0182130678332631,0.011826538480818272
5,26.03.2018,7,2018,True,0.0194853113552009,0.009660232812166214
5,27.03.2018,7,2018,True,0.0193980758070303,0.01177759189158678
5,28.03.2018,7,2018,True,0.019870650805551,0.01050315611064434
5,29.03.2018,7,2018,True,0.0189014881461261,0.010174289345741272
5,02.04.2018,7,2018,True,0.0147328211779122,0.010217111557722092
5,03.04.2018,7,2018,True,0.0204997855082855,0.013725456781685352
5,04.04.2018,7,2018,True,0.0198026229599519,0.012326713651418686
5,05.04.2018,7,2018,True,0.0203762065970534,0.014094614423811436
5,06.04.2018,7,2018,True,0.0134302178498239,0.00911438837647438
5,09.04.2018,7,2018,True,0.0185829955724968,0.009945625439286232
5,10.04.2018,7,2018,True,0.0113650223691768,0.012733944691717625
5,11.04.2018,7,2018,True,0.0152892390775228,0.010455123148858547
5,12.04.2018,7,2018,True,0.0150906538692649,0.012772784568369389
5,13.04.2018,7,2018,True,0.0150029505140445,0.019515087828040123
5,16.04.2018,7,2018,True,0.009911862676862,0.013455125503242016
5,17.04.2018,7,2018,True,0.0134899633345894,0.012319504283368587
5,18.04.2018,7,2018,True,0.0076137997462061,0.013047374784946442
5,19.04.2018,7,2018,True,0.008526549219486,0.01873805932700634
5,20.04.2018,7,2018,True,0.0086531322655324,0.01479712687432766
5,23.04.2018,7,2018,True,0.0083343781356547,0.015229113399982452
5,24.04.2018,7,2018,True,0.0048123547595054,0.013405677862465382
5,25.04.2018,7,2018,True,0.0135077380039526,0.013406956568360329
5,26.04.2018,7,2018,True,0.0123778113495141,0.013102885335683823
5,27.04.2018,7,2018,True,0.0153151731289204,0.012049073353409767
5,30.04.2018,7,2018,True,0.0169665164493759,0.011212793178856373
5,01.05.2018,7,2018,True,0.0192895425758504,0.013508407399058342
5,02.05.2018,7,2018,True,0.0182915176583594,0.014084996655583382
5,03.05.2018,7,2018,True,0.0183077886375225,0.01254791859537363
5,04.05.2018,7,2018,True,0.0188551176847415,0.011444009840488434
5,07.05.2018,7,2018,True,0.0184585152856392,0.012354603968560696
5,08.05.2018,7,2018,True,0.0138712435812734,0.01407481450587511
5,09.05.2018,7,2018,True,0.00739502973758,0.00962287187576294
5,10.05.2018,7,2018,True,0.007721418375563,0.02315392717719078
5,11.05.2018,7,2018,True,0.0095317977359252,0.009388607926666737
5,14.05.2018,7,2018,True,0.0082528986441952,0.012153172865509987
5,15.05.2018,7,2018,True,0.0082966242592935,0.011117083951830864
5,16.05.2018,7,2018,True,0.0070811886099257,0.01229772623628378
5,17.05.2018,7,2018,True,0.0095259406586259,0.013031327165663242
5,18.05.2018,7,2018,True,0.0161643270559947,0.01240049209445715
5,21.05.2018,7,2018,True,0.0142044886084027,0.012231295928359032
5,22.05.2018,7,2018,True,0.0218044769449254,0.011676687747240067
5,23.05.2018,7,2018,True,0.0216562001377728,0.01199418492615223
5,24.05.2018,7,2018,True,0.0213562967365563,0.01254410482943058
5,25.05.2018,7,2018,True,0.0212962485281252,0.012604239396750927
5,29.05.2018,7,2018,True,0.0204339876421315,0.013037094846367836
5,30.05.2018,7,2018,True,0.0137068265229948,0.011793868616223335
5,31.05.2018,7,2018,True,0.0197724767420777,0.01298195868730545
5,01.06.2018,7,2018,True,0.0202995684800998,0.00909225270152092
5,04.06.2018,7,2018,True,0.0135858401996257,0.008392374031245708
5,05.06.2018,7,2018,True,0.014436685050309,0.011924969032406807
5,06.06.2018,7,2018,True,0.0150291035934968,0.010596873238682747
5,07.06.2018,7,2018,True,0.0094213951505021,0.013134816661477089
5,08.06.2018,7,2018,True,0.0165119285559523,0.011498156003654003
5,11.06.2018,7,2018,True,0.0224957642985386,0.008829551748931408
5,12.06.2018,7,2018,True,0.0223567086443454,0.010572240687906742
5,13.06.2018,7,2018,True,0.0210705560736236,0.011364534497261047
5,14.06.2018,7,2018,True,0.0225141103550685,0.012898415327072144
5,15.06.2018,7,2018,True,0.0233449368182363,0.01332128420472145
5,18.06.2018,7,2018,True,0.0211771138261607,0.01109294779598713
5,19.06.2018,7,2018,True,0.0233456625141843,0.012913256883621216
5,20.06.2018,7,2018,True,0.0235377096317901,0.012385586276650429
5,21.06.2018,7,2018,True,0.0171585986979754,0.012679393403232098
5,22.06.2018,7,2018,True,0.0137834345952553,0.012188750319182873
5,25.06.2018,7,2018,True,0.0203842305056634,0.0123634934425354
5,26.06.2018,7,2018,True,0.0188236531761752,0.009308062493801117
5,27.06.2018,7,2018,True,0.0174603057919855,0.01022256352007389
5,28.06.2018,7,2018,True,0.0173734719491762,0.012142619118094444
5,29.06.2018,7,2018,True,0.0150779812455918,0.011611634865403175
5,02.07.2018,7,2018,True,0.0078375179861248,0.014867282472550869
5,03.07.2018,7,2018,True,0.0345416448169171,0.015861619263887405
5,05.07.2018,7,2018,True,0.0364603580020695,0.012090194970369339
5,06.07.2018,7,2018,True,0.0375276147834894,0.016790075227618217
5,09.07.2018,7,2018,True,0.0401755504144089,0.014672246761620045
5,10.07.2018,7,2018,True,0.039310559065492,0.01497455220669508
5,11.07.2018,7,2018,True,0.0260029453505923,0.013432923704385757
5,12.07.2018,7,2018,True,0.0245058258134242,0.017115004360675812
5,13.07.2018,7,2018,True,0.0237338639581005,0.013484320603311062
5,16.07.2018,7,2018,True,0.0057397602501491,0.014200062490999699
5,17.07.2018,7,2018,True,0.0057840664521719,0.015015932731330395
5,18.07.2018,7,2018,True,0.0049094383347608,0.016452761366963387
5,19.07.2018,7,2018,True,0.0032380920818476,0.008295832201838493
5,20.07.2018,7,2018,True,0.0048766194492834,0.012867293320596218
5,23.07.2018,7,2018,True,0.0049941342948825,0.007807527668774128
5,24.07.2018,7,2018,True,0.008293328400326,0.014874313026666641
5,25.07.2018,7,2018,True,0.0079250961619225,0.012605229392647743
5,26.07.2018,7,2018,True,0.0080837553303423,0.012535415589809418
5,27.07.2018,7,2018,True,0.0080827400827847,0.01245257630944252
5,30.07.2018,7,2018,True,0.0074390970490876,0.011906127445399761
5,31.07.2018,7,2018,True,0.0089919941497497,0.014218653552234173
5,01.08.2018,7,2018,True,0.0175034749378986,0.015643222257494926
5,02.08.2018,7,2018,True,0.0172428876929766,0.017113693058490753
5,03.08.2018,7,2018,True,0.0183634000283936,0.01474407035857439
5,06.08.2018,7,2018,True,0.017747412231765,0.01551502849906683
5,07.08.2018,7,2018,True,0.0157182184640563,0.014588858000934124
5,08.08.2018,7,2018,True,0.0122264506579395,0.014833173714578152
5,09.08.2018,7,2018,True,0.0137178825313651,0.01085619442164898
5,10.08.2018,7,2018,True,0.0128329433128711,0.00964681152254343
5,13.08.2018,7,2018,True,0.0133194777438723,0.010748645290732384
5,14.08.2018,7,2018,True,0.0136381492184184,0.009619079530239105
5,15.08.2018,7,2018,True,0.0102694182261798,0.011274373158812523
5,16.08.2018,7,2018,True,0.0115778183059935,0.011661550961434841
5,17.08.2018,7,2018,True,0.0115989310748529,0.013808762654662132
5,20.08.2018,7,2018,True,0.011616486968066,0.012021916918456554
5,21.08.2018,7,2018,True,0.0132249374557488,0.011862346902489662
5,22.08.2018,7,2018,True,0.0086131669564767,0.011248419992625713
5,23.08.2018,7,2018,True,0.0077064425349382,0.015390303917229176
5,24.08.2018,7,2018,True,0.0083514526936505,0.010434385389089584
5,27.08.2018,7,2018,True,0.0087158760886763,0.010820643976330757
5,28.08.2018,7,2018,True,0.0111340955530937,0.009866812266409397
5,29.08.2018,7,2018,True,0.0099995933310917,0.009824538603425026
5,30.08.2018,7,2018,True,0.0091739314506205,0.01224341057240963
5,31.08.2018,7,2018,True,0.0099353636337721,0.011742553673684597
5,04.09.2018,7,2018,True,0.0136313186565631,0.01276067178696394
5,05.09.2018,7,2018,True,0.0112928610682005,0.011445640586316586
5,06.09.2018,7,2018,True,0.0150317099539236,0.011416607536375523
5,07.09.2018,7,2018,True,0.0152320797978545,0.013534643687307835
5,10.09.2018,7,2018,True,0.0151400083585927,0.012339268811047077
5,11.09.2018,7,2018,True,0.012459539848257,0.014015215449035168
5,12.09.2018,7,2018,True,0.0118933574414993,0.010248402133584023
5,13.09.2018,7,2018,True,0.0078855714001612,0.011566652916371822
5,14.09.2018,7,2018,True,0.0077688442523647,0.012156677432358265
5,17.09.2018,7,2018,True,0.0145308812851923,0.011781004257500172
5,18.09.2018,7,2018,True,0.0143196702610763,0.012021711096167564
5,19.09.2018,7,2018,True,0.0155990790120936,0.012096128426492214
5,20.09.2018,7,2018,True,0.0136892879533571,0.013075287453830242
5,21.09.2018,7,2018,True,0.0133051135743986,0.01131342351436615
5,24.09.2018,7,2018,True,0.0121639503830595,0.012179024517536163
5,25.09.2018,7,2018,True,0.0131870589281991,0.013751211576163769
5,26.09.2018,7,2018,True,0.0112483113176829,0.011928468942642212
5,27.09.2018,7,2018,True,0.0183462631899235,0.011716103181242943
5,28.09.2018,7,2018,True,0.0187101690197586,0.013269149698317051
5,01.10.2018,7,2018,True,0.0133233166437905,0.0110443364828825
5,02.10.2018,7,2018,True,0.0150260130691336,0.01222486887127161
5,03.10.2018,7,2018,True,0.0144200225798621,0.014645062386989594
5,04.10.2018,7,2018,True,0.0184921550605586,0.012247399426996708
5,05.10.2018,7,2018,True,0.0192758511329682,0.012797283008694649
5,08.10.2018,7,2018,True,0.0201134957520741,0.01192218903452158
5,09.10.2018,7,2018,True,0.0188983189154423,0.012625991366803646
5,10.10.2018,7,2018,True,0.0179615401817022,0.01308078970760107
5,11.10.2018,7,2018,True,0.0103552717606669,0.012922907248139381
5,12.10.2018,7,2018,True,0.010940824260291,0.012050573714077473
5,15.10.2018,7,2018,True,0.0105537176588298,0.009768825024366379
5,16.10.2018,7,2018,True,0.0193812729865765,0.011904504150152206
5,17.10.2018,7,2018,True,0.0195649397378313,0.011120010167360306
5,18.10.2018,7,2018,True,0.0214091879818078,0.011907919310033321
5,19.10.2018,7,2018,True,0.0219261022654579,0.01463324949145317
5,22.10.2018,7,2018,True,0.0217113492287855,0.01140760537236929
5,23.10.2018,7,2018,True,0.0116404653201047,0.01211661659181118
5,24.10.2018,7,2018,True,0.0117888595801983,0.008551627397537231
5,25.10.2018,7,2018,True,0.0102229910597486,0.013211298733949661
5,26.10.2018,7,2018,True,0.0148339234576508,0.012020116671919823
5,29.10.2018,7,2018,True,0.0164763163143062,0.01292763277888298
5,30.10.2018,7,2018,True,0.016086570201347,0.013000029139220715
5,31.10.2018,7,2018,True,0.0165742124033437,0.013165625743567944
5,01.11.2018,7,2018,True,0.0161090547917428,0.012544756755232811
5,02.11.2018,7,2018,True,0.0099135266708248,0.0138392960652709
5,05.11.2018,7,2018,True,0.0084312180211671,0.017022592946887016
5,06.11.2018,7,2018,True,0.0286053800153147,0.017371434718370438
5,07.11.2018,7,2018,True,0.0306680284621504,0.01634921506047249
5,08.11.2018,7,2018,True,0.0324726145052237,0.014465844258666039
5,09.11.2018,7,2018,True,0.0330472054891635,0.016767088323831558
5,12.11.2018,7,2018,True,0.0331423837680336,0.01964389905333519
5,13.11.2018,7,2018,True,0.0319393593918523,0.02518870308995247
5,14.11.2018,7,2018,True,0.0327887044347665,0.03396924212574959
5,15.11.2018,7,2018,True,0.0427858152343519,0.02836569957435131
5,16.11.2018,7,2018,True,0.0481609349774716,0.023064322769641876
5,19.11.2018,7,2018,True,0.047692532028664,0.021784448996186256
5,20.11.2018,7,2018,True,0.0410084972240634,0.02605748362839222
5,21.11.2018,7,2018,True,0.0406188192031494,0.03459268435835838
5,23.11.2018,7,2018,True,0.0209250324625134,0.022922199219465256
5,26.11.2018,7,2018,True,0.0288584197108822,0.04301988333463669
5,27.11.2018,7,2018,True,0.0284706710731875,0.04025892913341522
5,28.11.2018,7,2018,True,0.0309583203387277,0.04095928370952606
5,29.11.2018,7,2018,True,0.0324581978329623,0.031766586005687714
5,30.11.2018,7,2018,True,0.0352717591738449,0.03825390711426735
5,03.12.2018,7,2018,True,0.0250512007280614,0.033109743148088455
5,04.12.2018,7,2018,True,0.0244504082822263,0.026041550561785698
5,06.12.2018,7,2018,True,0.0215000868384004,0.030522942543029785
5,07.12.2018,7,2018,True,0.0194905464570974,0.029322830960154533
5,10.12.2018,7,2018,True,0.0154900514480439,0.019145268946886063
5,11.12.2018,7,2018,True,0.02907504435584,0.021503761410713196
5,12.12.2018,7,2018,True,0.0320293366086722,0.0223980825394392
5,13.12.2018,7,2018,True,0.0308515462861325,0.018661821261048317
5,14.12.2018,7,2018,True,0.0315389703143346,0.014003489166498184
5,17.12.2018,7,2018,True,0.0354018590788141,0.017437327653169632
5,18.12.2018,7,2018,True,0.0566053361673304,0.023457100614905357
5,19.12.2018,7,2018,True,0.056740454787024,0.03379218280315399
5,20.12.2018,7,2018,True,0.0538424430243164,0.02545284479856491
5,21.12.2018,7,2018,True,0.0564298024492554,0.03247169032692909
5,24.12.2018,7,2018,True,0.0435958913478007,0.024709394201636314
5,26.12.2018,7,2018,True,0.0292203026738823,0.04061248525977135
5,27.12.2018,7,2018,True,0.010662485868922,0.03955400735139847
5,28.12.2018,7,2018,True,0.0091010013368134,0.03674156591296196
5,31.12.2018,7,2018,True,0.0074116197833863,0.045092903077602386
22,02.01.2018,7,2018,True,0.008590408457095,0.011330041103065014
22,03.01.2018,7,2018,True,0.0082549776573681,0.01281045563519001
22,04.01.2018,7,2018,True,0.0085445496511134,0.011387026868760586
22,05.01.2018,7,2018,True,0.0094471607173841,0.011741237714886665
22,08.01.2018,7,2018,True,0.0096077169285818,0.013736430555582047
22,09.01.2018,7,2018,True,0.0107310480493186,0.012343092821538448
22,10.01.2018,7,2018,True,0.0105157133062292,0.0126796904951334
22,11.01.2018,7,2018,True,0.010548524107635,0.011471293866634369
22,12.01.2018,7,2018,True,0.0120841037521532,0.01045510359108448
22,16.01.2018,7,2018,True,0.0120096826681441,0.01030814927071333
22,17.01.2018,7,2018,True,0.0121681010345927,0.012144265696406364
22,18.01.2018,7,2018,True,0.0123261061602863,0.011083508841693401
22,19.01.2018,7,2018,True,0.0122608752373373,0.009605363011360168
22,22.01.2018,7,2018,True,0.0126683214434018,0.010237457230687141
22,23.01.2018,7,2018,True,0.0126902018335815,0.009934806264936924
22,24.01.2018,7,2018,True,0.0125434510729992,0.010151474736630917
22,25.01.2018,7,2018,True,0.0127587173972345,0.0101912347599864
22,26.01.2018,7,2018,True,0.0129106107495484,0.008934412151575089
22,29.01.2018,7,2018,True,0.0126343638744652,0.00970684178173542
22,30.01.2018,7,2018,True,0.0131930128758862,0.010093936696648598
22,31.01.2018,7,2018,True,0.0139332741075668,0.01035909540951252
22,01.02.2018,7,2018,True,0.0139840799669022,0.01063576154410839
22,02.02.2018,7,2018,True,0.0145955969654398,0.010413096286356449
22,05.02.2018,7,2018,True,0.0145084449416197,0.011209110729396343
22,06.02.2018,7,2018,True,0.0158736021755159,0.010823662392795086
22,07.02.2018,7,2018,True,0.0153684937324743,0.011077695526182652
22,08.02.2018,7,2018,True,0.0152292286051959,0.012027179822325706
22,09.02.2018,7,2018,True,0.013511770699127,0.01281416043639183
22,12.02.2018,7,2018,True,0.0134767647844511,0.01812886819243431
22,13.02.2018,7,2018,True,0.01384165417454,0.014200367033481598
22,14.02.2018,7,2018,True,0.0128466543998478,0.017585380002856255
22,15.02.2018,7,2018,True,0.013482799742021,0.011192462407052517
22,16.02.2018,7,2018,True,0.0146972039279528,0.01170325931161642
22,20.02.2018,7,2018,True,0.0148689344776943,0.01277843862771988
22,21.02.2018,7,2018,True,0.0154464975558796,0.01408003643155098
22,22.02.2018,7,2018,True,0.0153211543776161,0.01520709041506052
22,23.02.2018,7,2018,True,0.0151192405733703,0.010425817221403122
22,26.02.2018,7,2018,True,0.015270699991833,0.010331202298402786
22,27.02.2018,7,2018,True,0.0150430717328737,0.010791267268359661
22,28.02.2018,7,2018,True,0.0170931098328578,0.011432986706495285
22,01.03.2018,7,2018,True,0.0171282283600693,0.013928926549851894
22,02.03.2018,7,2018,True,0.0164161105289427,0.013744053430855274
22,05.03.2018,7,2018,True,0.0160575585621426,0.014065274968743324
22,06.03.2018,7,2018,True,0.0165987432796503,0.014519117772579193
22,07.03.2018,7,2018,True,0.0163747591466025,0.013836121186614037
22,08.03.2018,7,2018,True,0.0173316244901709,0.01435861736536026
22,09.03.2018,7,2018,True,0.0166222026927381,0.01368118915706873
22,12.03.2018,7,2018,True,0.0164232101471232,0.010862024500966072
22,13.03.2018,7,2018,True,0.016295530083978,0.010069613344967365
22,14.03.2018,7,2018,True,0.0169218494914822,0.011839769780635834
22,15.03.2018,7,2018,True,0.0169271212447674,0.01348482258617878
22,16.03.2018,7,2018,True,0.0173769459938153,0.012416469864547253
22,19.03.2018,7,2018,True,0.0173046240341449,0.011450937949120998
22,20.03.2018,7,2018,True,0.0169551774272031,0.012271626852452755
22,21.03.2018,7,2018,True,0.0160013418652628,0.0130739975720644
22,22.03.2018,7,2018,True,0.0161303538044559,0.015852689743041992
22,23.03.2018,7,2018,True,0.015565418445006,0.01370314508676529
22,26.03.2018,7,2018,True,0.0155681119241827,0.013546393252909184
22,27.03.2018,7,2018,True,0.0155813290675928,0.012641267850995064
22,28.03.2018,7,2018,True,0.0154011078659267,0.013183807954192162
22,29.03.2018,7,2018,True,0.0153358722849477,0.014529738575220108
22,02.04.2018,7,2018,True,0.01377530867074,0.012381438165903091
22,03.04.2018,7,2018,True,0.0137545894763593,0.012048237025737762
22,04.04.2018,7,2018,True,0.0139894988723261,0.012422661297023296
22,05.04.2018,7,2018,True,0.0142556538630682,0.011443843133747578
22,06.04.2018,7,2018,True,0.0142150861996396,0.009004874154925346
22,09.04.2018,7,2018,True,0.0148103503530352,0.011946487240493298
22,10.04.2018,7,2018,True,0.013332401058691,0.012693128548562527
22,11.04.2018,7,2018,True,0.0132413627740427,0.013448466546833515
22,12.04.2018,7,2018,True,0.0134240564106155,0.012054420076310635
22,13.04.2018,7,2018,True,0.0133962534232998,0.013283307664096355
22,16.04.2018,7,2018,True,0.0127295987744888,0.013426784425973892
22,17.04.2018,7,2018,True,0.0127552395794094,0.012059585191309452
22,18.04.2018,7,2018,True,0.0121657299580506,0.01316853892058134
22,19.04.2018,7,2018,True,0.0122314667783682,0.015383774414658546
22,20.04.2018,7,2018,True,0.0122335205621583,0.014943258836865425
22,23.04.2018,7,2018,True,0.0121722396246449,0.012876270338892937
22,24.04.2018,7,2018,True,0.0122482761935983,0.013412289321422577
22,25.04.2018,7,2018,True,0.0141516492276115,0.014474228024482727
22,26.04.2018,7,2018,True,0.0143798539395801,0.013805203139781952
22,27.04.2018,7,2018,True,0.0154945087138923,0.013109607622027397
22,30.04.2018,7,2018,True,0.0154482040640395,0.012736580334603786
22,01.05.2018,7,2018,True,0.0154482040640395,0.014096485450863838
22,02.05.2018,7,2018,True,0.0159433368546365,0.015084857121109962
22,03.05.2018,7,2018,True,0.0159346618147229,0.014616145752370358
22,04.05.2018,7,2018,True,0.0155413727552181,0.014681544154882431
22,07.05.2018,7,2018,True,0.0160755224955532,0.013989959843456745
22,08.05.2018,7,2018,True,0.0157902749837493,0.013613828457891941
22,09.05.2018,7,2018,True,0.0142904959640223,0.012282898649573326
22,10.05.2018,7,2018,True,0.0143428221356713,0.015110127627849579
22,11.05.2018,7,2018,True,0.0145487591675857,0.014036569744348526
22,14.05.2018,7,2018,True,0.0143287612312894,0.012853015214204788
22,15.05.2018,7,2018,True,0.0158404493119577,0.012102734297513962
22,16.05.2018,7,2018,True,0.0167386836492094,0.013821194879710674
22,17.05.2018,7,2018,True,0.0167302501431838,0.014110160991549492
22,18.05.2018,7,2018,True,0.0166535173227922,0.013599115423858166
22,21.05.2018,7,2018,True,0.0170117618527532,0.01316223107278347
22,22.05.2018,7,2018,True,0.0187299258006372,0.012369181029498577
22,23.05.2018,7,2018,True,0.0187769923827191,0.012862293981015682
22,24.05.2018,7,2018,True,0.0193082117580938,0.013518216088414192
22,25.05.2018,7,2018,True,0.0185647139375583,0.012605174444615841
22,29.05.2018,7,2018,True,0.0182820063342302,0.014782640151679516
22,30.05.2018,7,2018,True,0.0178416009340725,0.01493658497929573
22,31.05.2018,7,2018,True,0.0188430969711094,0.012848387472331524
22,01.06.2018,7,2018,True,0.018888054601108,0.013334155082702637
22,04.06.2018,7,2018,True,0.0176945225666223,0.013095277361571789
22,05.06.2018,7,2018,True,0.0177250509013766,0.012357312254607677
22,06.06.2018,7,2018,True,0.0178851004233954,0.01196479331701994
22,07.06.2018,7,2018,True,0.0171805276398247,0.016535606235265732
22,08.06.2018,7,2018,True,0.0230562642876927,0.013399288058280945
22,11.06.2018,7,2018,True,0.0233082183192157,0.01305538509041071
22,12.06.2018,7,2018,True,0.0234202652591954,0.01627165451645851
22,13.06.2018,7,2018,True,0.0253043085302602,0.014652065001428127
22,14.06.2018,7,2018,True,0.0252942669563738,0.015455689281225204
22,15.06.2018,7,2018,True,0.024431976336002,0.0144507372751832
22,18.06.2018,7,2018,True,0.0237461302940447,0.013178105466067791
22,19.06.2018,7,2018,True,0.0238093787616919,0.011356256902217865
22,20.06.2018,7,2018,True,0.0237987725662249,0.012249545194208622
22,21.06.2018,7,2018,True,0.0233197631338249,0.011702789925038815
22,22.06.2018,7,2018,True,0.0221594141180401,0.013837400823831558
22,25.06.2018,7,2018,True,0.0221266075076886,0.011210874654352665
22,26.06.2018,7,2018,True,0.0216271941152873,0.011367789469659328
22,27.06.2018,7,2018,True,0.0213737862855988,0.012231012806296349
22,28.06.2018,7,2018,True,0.0214153287920336,0.01374004129320383
22,29.06.2018,7,2018,True,0.0208355973452085,0.012574560008943081
22,02.07.2018,7,2018,True,0.0202096660210303,0.016057422384619713
22,03.07.2018,7,2018,True,0.0201257261342132,0.0123765729367733
22,05.07.2018,7,2018,True,0.0202331074411824,0.013111772015690804
22,06.07.2018,7,2018,True,0.0204574546104301,0.01335053239017725
22,09.07.2018,7,2018,True,0.0212180843962409,0.0154833123087883
22,10.07.2018,7,2018,True,0.021002125736861,0.01612979918718338
22,11.07.2018,7,2018,True,0.0147755577177538,0.014197384007275105
22,12.07.2018,7,2018,True,0.014417206825054,0.016025520861148834
22,13.07.2018,7,2018,True,0.0141270616380332,0.01890585385262966
22,16.07.2018,7,2018,True,0.0110465470938053,0.01708834059536457
22,17.07.2018,7,2018,True,0.0112065858945675,0.015932980924844742
22,18.07.2018,7,2018,True,0.0110392994111659,0.01646478660404682
22,19.07.2018,7,2018,True,0.0110764131080766,0.016127711161971092
22,20.07.2018,7,2018,True,0.0110503537055152,0.018034102395176888
22,23.07.2018,7,2018,True,0.0127099036520393,0.013427014462649822
22,24.07.2018,7,2018,True,0.0126805789717273,0.018322715535759926
22,25.07.2018,7,2018,True,0.0129596768811537,0.01615888439118862
22,26.07.2018,7,2018,True,0.0128960465752171,0.016169168055057526
22,27.07.2018,7,2018,True,0.0128969867820014,0.015381048433482647
22,30.07.2018,7,2018,True,0.0131599070509503,0.014879106543958187
22,31.07.2018,7,2018,True,0.013000675771987,0.015234214253723621
22,01.08.2018,7,2018,True,0.0130708370822177,0.016420168802142143
22,02.08.2018,7,2018,True,0.0128480278551123,0.01589987985789776
22,03.08.2018,7,2018,True,0.0131543868118281,0.015518209896981716
22,06.08.2018,7,2018,True,0.0133658829030475,0.0148243959993124
22,07.08.2018,7,2018,True,0.0131769020303213,0.014766775071620941
22,08.08.2018,7,2018,True,0.0108705666042425,0.015207121148705482
22,09.08.2018,7,2018,True,0.0114662813235978,0.012605964206159115
22,10.08.2018,7,2018,True,0.0114304336462968,0.012367986142635345
22,13.08.2018,7,2018,True,0.012447913107819,0.012818797491490841
22,14.08.2018,7,2018,True,0.0124304123041159,0.010040354914963245
22,15.08.2018,7,2018,True,0.0109085358568002,0.011017778888344765
22,16.08.2018,7,2018,True,0.0109938443426052,0.013740956783294678
22,17.08.2018,7,2018,True,0.0109916584139166,0.013895094394683838
22,20.08.2018,7,2018,True,0.0113543942536874,0.01355539821088314
22,21.08.2018,7,2018,True,0.0113596052374152,0.014072841964662075
22,22.08.2018,7,2018,True,0.0114492074373817,0.01333534810692072
22,23.08.2018,7,2018,True,0.011442867760746,0.014770906418561935
22,24.08.2018,7,2018,True,0.0114147476610841,0.011174841783940792
22,27.08.2018,7,2018,True,0.0114113928721601,0.010869242250919342
22,28.08.2018,7,2018,True,0.0114662298103943,0.010898726992309093
22,29.08.2018,7,2018,True,0.0122500573122583,0.011212960816919804
22,30.08.2018,7,2018,True,0.0122962083461984,0.011685828678309917
22,31.08.2018,7,2018,True,0.0124667199415681,0.011817337945103645
22,04.09.2018,7,2018,True,0.0134941809739749,0.010380619205534458
22,05.09.2018,7,2018,True,0.0132113735724905,0.011812635697424412
22,06.09.2018,7,2018,True,0.0129412228424896,0.013607027009129524
22,07.09.2018,7,2018,True,0.0130737202048146,0.013614245690405369
22,10.09.2018,7,2018,True,0.0142924901890746,0.013549664057791233
22,11.09.2018,7,2018,True,0.0158032997779125,0.012555799447000027
22,12.09.2018,7,2018,True,0.0157097190289965,0.014311382547020912
22,13.09.2018,7,2018,True,0.0150648157228016,0.015288503840565681
22,14.09.2018,7,2018,True,0.0151103881899236,0.013827377930283546
22,17.09.2018,7,2018,True,0.0156266689276438,0.013134005479514599
22,18.09.2018,7,2018,True,0.0155715890854749,0.014021963812410831
22,19.09.2018,7,2018,True,0.0155954125439844,0.014497422613203526
22,20.09.2018,7,2018,True,0.0154632119551502,0.015031486749649048
22,21.09.2018,7,2018,True,0.0180869624128197,0.012868599966168404
22,24.09.2018,7,2018,True,0.0166739637290149,0.01238790899515152
22,25.09.2018,7,2018,True,0.0167136771867749,0.016395505517721176
22,26.09.2018,7,2018,True,0.0168929450248314,0.014193393290042877
22,27.09.2018,7,2018,True,0.0168265831301637,0.013928300701081753
22,28.09.2018,7,2018,True,0.0168305522507754,0.01370320562273264
22,01.10.2018,7,2018,True,0.0153547453473904,0.014751308597624302
22,02.10.2018,7,2018,True,0.0153896549146363,0.013148603029549122
22,03.10.2018,7,2018,True,0.0158455781185628,0.016267741098999977
22,04.10.2018,7,2018,True,0.0158061187453581,0.01480525266379118
22,05.10.2018,7,2018,True,0.0158860226597985,0.01266907062381506
22,08.10.2018,7,2018,True,0.0159184849570657,0.01325966790318489
22,09.10.2018,7,2018,True,0.0155045687347198,0.013182428665459156
22,10.10.2018,7,2018,True,0.0151726454142275,0.014535273425281048
22,11.10.2018,7,2018,True,0.0139748152009666,0.014615635387599468
22,12.10.2018,7,2018,True,0.0191597315535015,0.01371329091489315
22,15.10.2018,7,2018,True,0.0193832842212258,0.011766711249947548
22,16.10.2018,7,2018,True,0.0193735978237024,0.012508238665759563
22,17.10.2018,7,2018,True,0.0194344609222471,0.013359097763895988
22,18.10.2018,7,2018,True,0.0195194479397132,0.012482047080993652
22,19.10.2018,7,2018,True,0.022831569071266,0.013320446014404297
22,22.10.2018,7,2018,True,0.0233854290494302,0.013831830583512783
22,23.10.2018,7,2018,True,0.0264798975979157,0.01606658846139908
22,24.10.2018,7,2018,True,0.0277888022814572,0.010740794241428375
22,25.10.2018,7,2018,True,0.0274713858867077,0.01174912042915821
22,26.10.2018,7,2018,True,0.0272109714765545,0.012860138900578022
22,29.10.2018,7,2018,True,0.0276864326234472,0.013767721131443977
22,30.10.2018,7,2018,True,0.0276484516276439,0.013623095117509365
22,31.10.2018,7,2018,True,0.0305691639163961,0.015402372926473618
22,01.11.2018,7,2018,True,0.0306828218562074,0.016224348917603493
22,02.11.2018,7,2018,True,0.0305658804358772,0.017050834372639656
22,05.11.2018,7,2018,True,0.0313643916824218,0.014344598166644573
22,06.11.2018,7,2018,True,0.0316334870472231,0.015860045328736305
22,07.11.2018,7,2018,True,0.0317020472766309,0.017043519765138626
22,08.11.2018,7,2018,True,0.0316269582924096,0.015495020896196365
22,09.11.2018,7,2018,True,0.0322141769060554,0.016773957759141922
22,12.11.2018,7,2018,True,0.0323113365365025,0.017629997804760933
22,13.11.2018,7,2018,True,0.0292614116300879,0.02590719424188137
22,14.11.2018,7,2018,True,0.0312005340724428,0.03218769282102585
22,15.11.2018,7,2018,True,0.0314892488820438,0.02663908340036869
22,16.11.2018,7,2018,True,0.032824895888384,0.020363416522741318
22,19.11.2018,7,2018,True,0.0327518735177898,0.019389184191823006
22,20.11.2018,7,2018,True,0.0326196471473604,0.02069699950516224
22,21.11.2018,7,2018,True,0.0371333033956539,0.029786664992570877
22,23.11.2018,7,2018,True,0.0347657839049887,0.026011362671852112
22,26.11.2018,7,2018,True,0.0339861211607999,0.04424138367176056
22,27.11.2018,7,2018,True,0.0348855381290665,0.03925622999668121
22,28.11.2018,7,2018,True,0.0350149925214151,0.03195587173104286
22,29.11.2018,7,2018,True,0.0351689861961529,0.029133206233382225
22,30.11.2018,7,2018,True,0.0353975914254454,0.03004206158220768
22,03.12.2018,7,2018,True,0.0335774723768593,0.034545425325632095
22,04.12.2018,7,2018,True,0.034026628142545,0.023392044007778168
22,06.12.2018,7,2018,True,0.0347695698106965,0.027401719242334366
22,07.12.2018,7,2018,True,0.0343138540279964,0.027600159868597984
22,10.12.2018,7,2018,True,0.0340361312378059,0.018335388973355293
22,11.12.2018,7,2018,True,0.0344478425781551,0.022318698465824127
22,12.12.2018,7,2018,True,0.0349801424351134,0.021569987758994102
22,13.12.2018,7,2018,True,0.0347547540610975,0.020883604884147644
22,14.12.2018,7,2018,True,0.0344975180666625,0.019251061603426933
22,17.12.2018,7,2018,True,0.0347527886689912,0.01932089775800705
22,18.12.2018,7,2018,True,0.0324745403902505,0.024561487138271332
22,19.12.2018,7,2018,True,0.0324005805899076,0.03229065611958504
22,20.12.2018,7,2018,True,0.0300306090833726,0.02562551759183407
22,21.12.2018,7,2018,True,0.0298468241782774,0.034148816019296646
22,24.12.2018,7,2018,True,0.0266046086491146,0.03492631018161774
22,26.12.2018,7,2018,True,0.0221210298890402,0.03821110352873802
22,27.12.2018,7,2018,True,0.0192660954928765,0.037836953997612
22,28.12.2018,7,2018,True,0.0192248652335239,0.041145797818899155
22,31.12.2018,7,2018,True,0.018619166617591,0.03547114133834839
66,02.01.2018,7,2018,True,0.0136191364872658,0.012363413348793983
66,03.01.2018,7,2018,True,0.0140616352406624,0.013531968928873539
66,04.01.2018,7,2018,True,0.0141569363022125,0.012467985041439533
66,05.01.2018,7,2018,True,0.0141271641018891,0.012233766727149487
66,08.01.2018,7,2018,True,0.0141509327374727,0.01226129475980997
66,09.01.2018,7,2018,True,0.014193165910548,0.012248307466506958
66,10.01.2018,7,2018,True,0.0141813450757277,0.012679118663072586
66,11.01.2018,7,2018,True,0.0145295820172461,0.012177369557321072
66,12.01.2018,7,2018,True,0.0145019133219418,0.010557984933257103
66,16.01.2018,7,2018,True,0.0144384827329928,0.011047376319766045
66,17.01.2018,7,2018,True,0.0144670249515871,0.012715988792479038
66,18.01.2018,7,2018,True,0.0145474428434055,0.012487293221056461
66,19.01.2018,7,2018,True,0.0144812704235979,0.010259595699608326
66,22.01.2018,7,2018,True,0.0145092487873848,0.010009575635194778
66,23.01.2018,7,2018,True,0.0144321018393526,0.0102908406406641
66,24.01.2018,7,2018,True,0.0144247668334193,0.009978165850043297
66,25.01.2018,7,2018,True,0.0144218406263383,0.010550668463110924
66,26.01.2018,7,2018,True,0.0147555997081757,0.010172211565077305
66,29.01.2018,7,2018,True,0.0146275805791179,0.009937598370015621
66,30.01.2018,7,2018,True,0.0147292788883204,0.010143217630684376
66,31.01.2018,7,2018,True,0.0148595312131457,0.010293170809745789
66,01.02.2018,7,2018,True,0.0150415837943177,0.01036598440259695
66,02.02.2018,7,2018,True,0.0154430641031501,0.0102471262216568
66,05.02.2018,7,2018,True,0.0153156434358311,0.010087700560688972
66,06.02.2018,7,2018,True,0.0152472516317735,0.012927276082336903
66,07.02.2018,7,2018,True,0.0150542379030039,0.012664557434618473
66,08.02.2018,7,2018,True,0.0149604025337216,0.012750430963933468
66,09.02.2018,7,2018,True,0.0143520807728342,0.014058452099561691
66,12.02.2018,7,2018,True,0.0143335130149958,0.015964588150382042
66,13.02.2018,7,2018,True,0.0144300008027481,0.015598408877849579
66,14.02.2018,7,2018,True,0.0141744674950663,0.016815150156617165
66,15.02.2018,7,2018,True,0.0141680463125428,0.015411235392093658
66,16.02.2018,7,2018,True,0.0141560287453631,0.015267944894731045
66,20.02.2018,7,2018,True,0.0142841256080552,0.015154809691011906
66,21.02.2018,7,2018,True,0.0148551798517785,0.015414939261972904
66,22.02.2018,7,2018,True,0.0149053306975011,0.015615946613252163
66,23.02.2018,7,2018,True,0.0151694503684744,0.014552365057170391
66,26.02.2018,7,2018,True,0.0151696751172475,0.01229555532336235
66,27.02.2018,7,2018,True,0.0150548391444408,0.012089172378182411
66,28.02.2018,7,2018,True,0.0154660281099046,0.014664511196315289
66,01.03.2018,7,2018,True,0.0154615368570949,0.015305777080357075
66,02.03.2018,7,2018,True,0.015203002671245,0.01574505679309368
66,05.03.2018,7,2018,True,0.0153526907599293,0.015156722627580166
66,06.03.2018,7,2018,True,0.0154437580848097,0.01550693903118372
66,07.03.2018,7,2018,True,0.0151390552921402,0.01568090356886387
66,08.03.2018,7,2018,True,0.0150920863444618,0.01586373895406723
66,09.03.2018,7,2018,True,0.0147671032029669,0.015152824111282825
66,12.03.2018,7,2018,True,0.0147940404159879,0.013399227522313595
66,13.03.2018,7,2018,True,0.0154159002218668,0.01256292499601841
66,14.03.2018,7,2018,True,0.0156862392997729,0.014949508011341095
66,15.03.2018,7,2018,True,0.0157011111669667,0.01494832057505846
66,16.03.2018,7,2018,True,0.0156173297022907,0.015403719618916512
66,19.03.2018,7,2018,True,0.0159033472305285,0.012287095189094543
66,20.03.2018,7,2018,True,0.0162233470014588,0.014925136230885983
66,21.03.2018,7,2018,True,0.0159061601814111,0.015160664916038513
66,22.03.2018,7,2018,True,0.0160483352257855,0.015180441550910473
66,23.03.2018,7,2018,True,0.0159601582533104,0.015972895547747612
66,26.03.2018,7,2018,True,0.0159424809223094,0.014808759093284607
66,27.03.2018,7,2018,True,0.0161047176679229,0.01479595061391592
66,28.03.2018,7,2018,True,0.0164558678300618,0.014587256126105785
66,29.03.2018,7,2018,True,0.0164267368998367,0.015482550486922264
66,02.04.2018,7,2018,True,0.0156833147924307,0.015153100714087486
66,03.04.2018,7,2018,True,0.015685789139657,0.015145141631364822
66,04.04.2018,7,2018,True,0.0157328117009168,0.014861703850328922
66,05.04.2018,7,2018,True,0.0157607421896868,0.014030626974999905
66,06.04.2018,7,2018,True,0.0180423483632683,0.011599050834774971
66,09.04.2018,7,2018,True,0.0179178264336548,0.014028329402208328
66,10.04.2018,7,2018,True,0.0174896317688357,0.01431457418948412
66,11.04.2018,7,2018,True,0.0183896573962518,0.01542895007878542
66,12.04.2018,7,2018,True,0.0183978249959521,0.014790535904467106
66,13.04.2018,7,2018,True,0.0184161562961539,0.015728481113910675
66,16.04.2018,7,2018,True,0.0183140112383439,0.014504721388220787
66,17.04.2018,7,2018,True,0.0183298670888185,0.015040366910398006
66,18.04.2018,7,2018,True,0.0180420878691085,0.01438070461153984
66,19.04.2018,7,2018,True,0.0180465586207753,0.01656171679496765
66,20.04.2018,7,2018,True,0.0180594054376463,0.01643195189535618
66,23.04.2018,7,2018,True,0.0180556273264548,0.015132335014641285
66,24.04.2018,7,2018,True,0.0180043979006309,0.015095348469913006
66,25.04.2018,7,2018,True,0.0180374269178473,0.015410671941936016
66,26.04.2018,7,2018,True,0.0180357352118557,0.014340071938931942
66,27.04.2018,7,2018,True,0.0180350729207044,0.014052323997020721
66,30.04.2018,7,2018,True,0.0180604692084229,0.01403851993381977
66,01.05.2018,7,2018,True,0.0180639842199002,0.015244835987687111
66,02.05.2018,7,2018,True,0.0178369049292253,0.015287546440958977
66,03.05.2018,7,2018,True,0.0178937877940712,0.015780245885252953
66,04.05.2018,7,2018,True,0.0182097944568968,0.014984754845499992
66,07.05.2018,7,2018,True,0.0180760388749378,0.015500173904001713
66,08.05.2018,7,2018,True,0.0180050725638837,0.015427789650857449
66,09.05.2018,7,2018,True,0.0175719079390978,0.014616761356592178
66,10.05.2018,7,2018,True,0.0175642108667835,0.016152968630194664
66,11.05.2018,7,2018,True,0.0177812354764487,0.01632317528128624
66,14.05.2018,7,2018,True,0.0177255760448367,0.01565977931022644
66,15.05.2018,7,2018,True,0.0177398383755745,0.014748292043805122
66,16.05.2018,7,2018,True,0.0176949136658667,0.014803853817284107
66,17.05.2018,7,2018,True,0.0177161177238527,0.015736259520053864
66,18.05.2018,7,2018,True,0.0180736968672505,0.015228117816150188
66,21.05.2018,7,2018,True,0.018032670363931,0.015152547508478165
66,22.05.2018,7,2018,True,0.0181205532714794,0.014510508626699448
66,23.05.2018,7,2018,True,0.0181295497515355,0.014782951213419437
66,24.05.2018,7,2018,True,0.0180705276849332,0.015080936253070831
66,25.05.2018,7,2018,True,0.0177890827033593,0.014753252267837524
66,29.05.2018,7,2018,True,0.0177290784672051,0.01566200703382492
66,30.05.2018,7,2018,True,0.0174108004593638,0.016382815316319466
66,31.05.2018,7,2018,True,0.017450859389039,0.014461132697761059
66,01.06.2018,7,2018,True,0.0175101264006008,0.015775665640830994
66,04.06.2018,7,2018,True,0.017151148559872,0.015533722937107086
66,05.06.2018,7,2018,True,0.0171580775608642,0.015163462609052658
66,06.06.2018,7,2018,True,0.0171777864770569,0.015572288073599339
66,07.06.2018,7,2018,True,0.0170927784322846,0.016576522961258888
66,08.06.2018,7,2018,True,0.0170608035570429,0.015149138867855072
66,11.06.2018,7,2018,True,0.0172444892156011,0.015237738378345966
66,12.06.2018,7,2018,True,0.0172169691222613,0.01564989984035492
66,13.06.2018,7,2018,True,0.0171638973286433,0.0159230325371027
66,14.06.2018,7,2018,True,0.0171755976859346,0.016056273132562637
66,15.06.2018,7,2018,True,0.0166447864780138,0.015272564254701138
66,18.06.2018,7,2018,True,0.0164071230728528,0.014671004377305508
66,19.06.2018,7,2018,True,0.0163991856469791,0.014877808280289173
66,20.06.2018,7,2018,True,0.0167752102758097,0.01407141424715519
66,21.06.2018,7,2018,True,0.0165218693301089,0.014171707443892956
66,22.06.2018,7,2018,True,0.0160610684493979,0.014191961847245693
66,25.06.2018,7,2018,True,0.0159958502168498,0.016538627445697784
66,26.06.2018,7,2018,True,0.0158668156653478,0.014806420542299747
66,27.06.2018,7,2018,True,0.0160648599643502,0.014649076387286186
66,28.06.2018,7,2018,True,0.0160693097007501,0.014599040150642395
66,29.06.2018,7,2018,True,0.0160222108611352,0.015135911293327808
66,02.07.2018,7,2018,True,0.0158464036352267,0.015820464119315147
66,03.07.2018,7,2018,True,0.0158549127161772,0.014254349283874035
66,05.07.2018,7,2018,True,0.0158460563418323,0.01616646721959114
66,06.07.2018,7,2018,True,0.0158987737588037,0.014940062537789345
66,09.07.2018,7,2018,True,0.0161142516111095,0.014555588364601135
66,10.07.2018,7,2018,True,0.0166558361132822,0.015762005001306534
66,11.07.2018,7,2018,True,0.0140145127446768,0.01439603976905346
66,12.07.2018,7,2018,True,0.0139280532573219,0.018378525972366333
66,13.07.2018,7,2018,True,0.0138903801355769,0.019339637830853462
66,16.07.2018,7,2018,True,0.0127029211956121,0.019037948921322823
66,17.07.2018,7,2018,True,0.0127718515132963,0.019318269565701485
66,18.07.2018,7,2018,True,0.0127387752554614,0.02020427957177162
66,19.07.2018,7,2018,True,0.0127187853381897,0.018364638090133667
66,20.07.2018,7,2018,True,0.0138448181986708,0.019031530246138573
66,23.07.2018,7,2018,True,0.0138542461776547,0.018309980630874634
66,24.07.2018,7,2018,True,0.0138853038209791,0.01898054964840412
66,25.07.2018,7,2018,True,0.0139080295090558,0.019240424036979675
66,26.07.2018,7,2018,True,0.0138863756564834,0.01868939772248268
66,27.07.2018,7,2018,True,0.0140792302572469,0.01888066530227661
66,30.07.2018,7,2018,True,0.014055800539979,0.018704170361161232
66,31.07.2018,7,2018,True,0.0140028766367048,0.01865832880139351
66,01.08.2018,7,2018,True,0.0146970148634784,0.01836209185421467
66,02.08.2018,7,2018,True,0.0146497123254027,0.0183918084949255
66,03.08.2018,7,2018,True,0.014749711894332,0.018340786918997765
66,06.08.2018,7,2018,True,0.0147194253505089,0.018690314143896103
66,07.08.2018,7,2018,True,0.0148292647043047,0.019360864534974098
66,08.08.2018,7,2018,True,0.0143207158830141,0.019537972286343575
66,09.08.2018,7,2018,True,0.0143175126928372,0.014935338869690895
66,10.08.2018,7,2018,True,0.0165336729435042,0.01576106622815132
66,13.08.2018,7,2018,True,0.0165932507887658,0.01528614480048418
66,14.08.2018,7,2018,True,0.0166295205041626,0.01476406678557396
66,15.08.2018,7,2018,True,0.0163949455781651,0.014680866152048111
66,16.08.2018,7,2018,True,0.0163452974897539,0.01535878423601389
66,17.08.2018,7,2018,True,0.0181682593497799,0.015413375571370125
66,20.08.2018,7,2018,True,0.0182692755941275,0.015081042423844337
66,21.08.2018,7,2018,True,0.0204193120734101,0.015390305779874325
66,22.08.2018,7,2018,True,0.0203952413412489,0.0157302413135767
66,23.08.2018,7,2018,True,0.0203933093124347,0.014798092655837536
66,24.08.2018,7,2018,True,0.0204337394237542,0.012569366954267025
66,27.08.2018,7,2018,True,0.0205058940587397,0.011865451000630856
66,28.08.2018,7,2018,True,0.0205411696531466,0.01198817789554596
66,29.08.2018,7,2018,True,0.0214416222458643,0.012142131105065346
66,30.08.2018,7,2018,True,0.021427662754549,0.01231455523520708
66,31.08.2018,7,2018,True,0.0217364962333228,0.014625049196183681
66,04.09.2018,7,2018,True,0.0219939877042237,0.014621177688241005
66,05.09.2018,7,2018,True,0.0221770462126487,0.014385201036930084
66,06.09.2018,7,2018,True,0.0221832096337474,0.015102666802704334
66,07.09.2018,7,2018,True,0.022163946785473,0.014982516877353191
66,10.09.2018,7,2018,True,0.0223408199820463,0.015067587606608868
66,11.09.2018,7,2018,True,0.0222000104889759,0.014850890263915062
66,12.09.2018,7,2018,True,0.0221595828302761,0.015911974012851715
66,13.09.2018,7,2018,True,0.0230435687900711,0.015727976337075233
66,14.09.2018,7,2018,True,0.0232017310611609,0.015281806699931622
66,17.09.2018,7,2018,True,0.0239075081392723,0.015248938463628292
66,18.09.2018,7,2018,True,0.0238070720769473,0.015539254061877728
66,19.09.2018,7,2018,True,0.0248299532823826,0.015081042423844337
66,20.09.2018,7,2018,True,0.0268534884042794,0.015219461172819138
66,21.09.2018,7,2018,True,0.0272370904608753,0.014271487481892109
66,24.09.2018,7,2018,True,0.026873726787048,0.014488205313682556
66,25.09.2018,7,2018,True,0.0271954941606688,0.015675224363803864
66,26.09.2018,7,2018,True,0.0273945617286167,0.015268008224666119
66,27.09.2018,7,2018,True,0.0275332694664084,0.015191443264484406
66,28.09.2018,7,2018,True,0.0276233741073848,0.015500044450163841
66,01.10.2018,7,2018,True,0.0273541856325773,0.015066227875649929
66,02.10.2018,7,2018,True,0.0275977897529563,0.015607298351824284
66,03.10.2018,7,2018,True,0.0281621551364563,0.014966852962970734
66,04.10.2018,7,2018,True,0.0281217117177013,0.015002482570707798
66,05.10.2018,7,2018,True,0.0281811741005661,0.015527604147791862
66,08.10.2018,7,2018,True,0.0282863695405103,0.015422218479216099
66,09.10.2018,7,2018,True,0.0284890430486514,0.014866413548588753
66,10.10.2018,7,2018,True,0.0284720630342155,0.015250214375555515
66,11.10.2018,7,2018,True,0.0282241884528499,0.01598476804792881
66,12.10.2018,7,2018,True,0.0284345262362906,0.015560883097350597
66,15.10.2018,7,2018,True,0.0284798020735335,0.014219744130969048
66,16.10.2018,7,2018,True,0.0284415806213165,0.014095142483711243
66,17.10.2018,7,2018,True,0.0284015355476309,0.015089495107531548
66,18.10.2018,7,2018,True,0.0284382639311588,0.014182710088789463
66,19.10.2018,7,2018,True,0.0285662039806337,0.014431689865887165
66,22.10.2018,7,2018,True,0.0287570657419748,0.014299849048256874
66,23.10.2018,7,2018,True,0.0283528756938711,0.015706272795796394
66,24.10.2018,7,2018,True,0.0283664688978768,0.014617801643908024
66,25.10.2018,7,2018,True,0.0283254738642315,0.014967082068324089
66,26.10.2018,7,2018,True,0.0283314886150514,0.015096680261194706
66,29.10.2018,7,2018,True,0.0283387980083839,0.015119659714400768
66,30.10.2018,7,2018,True,0.0283304853720596,0.015597780235111713
66,31.10.2018,7,2018,True,0.0283820080042474,0.015313279815018177
66,01.11.2018,7,2018,True,0.0284093613190702,0.017347807064652443
66,02.11.2018,7,2018,True,0.0281211145086946,0.017910880967974663
66,05.11.2018,7,2018,True,0.0281877245986224,0.015853621065616608
66,06.11.2018,7,2018,True,0.0282680799766074,0.016030747443437576
66,07.11.2018,7,2018,True,0.0283442044386745,0.017134593799710274
66,08.11.2018,7,2018,True,0.028448243141055,0.017044132575392723
66,09.11.2018,7,2018,True,0.0284433731001949,0.0177041944116354
66,12.11.2018,7,2018,True,0.0284714145030702,0.01772550493478775
66,13.11.2018,7,2018,True,0.0271755501444132,0.02051197737455368
66,14.11.2018,7,2018,True,0.0271496021898932,0.028442133218050003
66,15.11.2018,7,2018,True,0.0274918939428553,0.025727078318595886
66,16.11.2018,7,2018,True,0.0275051343140104,0.02390296943485737
66,19.11.2018,7,2018,True,0.0275970550738818,0.021987294778227806
66,20.11.2018,7,2018,True,0.0263541779089828,0.024474119767546654
66,21.11.2018,7,2018,True,0.0263608324653788,0.030160604044795036
66,23.11.2018,7,2018,True,0.0245612664574128,0.02926018089056015
66,26.11.2018,7,2018,True,0.0243377982462376,0.03322240710258484
66,27.11.2018,7,2018,True,0.0243272372047185,0.03378184139728546
66,28.11.2018,7,2018,True,0.0241157888589695,0.03099091164767742
66,29.11.2018,7,2018,True,0.0241099628508546,0.03117089718580246
66,30.11.2018,7,2018,True,0.02407435089393,0.0313987210392952
66,03.12.2018,7,2018,True,0.0233274968547633,0.030103087425231934
66,04.12.2018,7,2018,True,0.0233655556363667,0.027278762310743332
66,06.12.2018,7,2018,True,0.0229817023842906,0.024235425516963005
66,07.12.2018,7,2018,True,0.0227745200901817,0.02430504560470581
66,10.12.2018,7,2018,True,0.0224844077299826,0.019944708794355392
66,11.12.2018,7,2018,True,0.0224831623024769,0.021029528230428696
66,12.12.2018,7,2018,True,0.0225236627459492,0.0188825074583292
66,13.12.2018,7,2018,True,0.0224339268256262,0.01991446688771248
66,14.12.2018,7,2018,True,0.0223516147959692,0.02053762413561344
66,17.12.2018,7,2018,True,0.0222946824232396,0.020228218287229538
66,18.12.2018,7,2018,True,0.021036938920232,0.024139340966939926
66,19.12.2018,7,2018,True,0.0209677621502291,0.03075087070465088
66,20.12.2018,7,2018,True,0.0198404363510962,0.026150250807404518
66,21.12.2018,7,2018,True,0.0197810721108267,0.03129563480615616
66,24.12.2018,7,2018,True,0.0178763909707675,0.03176223114132881
66,26.12.2018,7,2018,True,0.015481415511417,0.03250826150178909
66,27.12.2018,7,2018,True,0.0143383333129637,0.034189023077487946
66,28.12.2018,7,2018,True,0.0143364644990323,0.037350770086050034
66,31.12.2018,7,2018,True,0.0140161653179602,0.029587097465991974
126,02.01.2018,7,2018,True,0.0147530740480115,0.013965876772999763
126,03.01.2018,7,2018,True,0.0146768365737847,0.015520299784839153
126,04.01.2018,7,2018,True,0.0146811815862165,0.014939568936824799
126,05.01.2018,7,2018,True,0.0146998630098374,0.015380398370325565
126,08.01.2018,7,2018,True,0.014721001463368,0.013426829129457474
126,09.01.2018,7,2018,True,0.0160383779892954,0.013529813848435879
126,10.01.2018,7,2018,True,0.016078713177954,0.013689381070435047
126,11.01.2018,7,2018,True,0.0161094711864138,0.012684225104749203
126,12.01.2018,7,2018,True,0.0166523628509297,0.012552562169730663
126,16.01.2018,7,2018,True,0.0166293319798404,0.014154139906167984
126,17.01.2018,7,2018,True,0.0166504954189933,0.014447752386331558
126,18.01.2018,7,2018,True,0.0166555169641479,0.014875900000333786
126,19.01.2018,7,2018,True,0.0166381249596297,0.012453303672373295
126,22.01.2018,7,2018,True,0.0166305989624489,0.012453303672373295
126,23.01.2018,7,2018,True,0.0165956073821011,0.01305722538381815
126,24.01.2018,7,2018,True,0.0165906626736693,0.013029334135353565
126,25.01.2018,7,2018,True,0.0166044045050761,0.01359464880079031
126,26.01.2018,7,2018,True,0.0166076333105496,0.012552562169730663
126,29.01.2018,7,2018,True,0.0165663771900687,0.01235031895339489
126,30.01.2018,7,2018,True,0.0165800502606919,0.012411271221935749
126,31.01.2018,7,2018,True,0.0165801258959641,0.012552562169730663
126,01.02.2018,7,2018,True,0.0166112523604796,0.012552562169730663
126,02.02.2018,7,2018,True,0.0166001546563861,0.01235031895339489
126,05.02.2018,7,2018,True,0.0165589927784874,0.012249519117176533
126,06.02.2018,7,2018,True,0.0165548217736941,0.014579112641513348
126,07.02.2018,7,2018,True,0.0167098129544011,0.014548552222549915
126,08.02.2018,7,2018,True,0.0166811439654598,0.014710304327309132
126,09.02.2018,7,2018,True,0.0164437981244631,0.01574794575572014
126,12.02.2018,7,2018,True,0.0164429109247201,0.015757979825139046
126,13.02.2018,7,2018,True,0.0164452462078024,0.01605476811528206
126,14.02.2018,7,2018,True,0.0164431597343548,0.01611151173710823
126,15.02.2018,7,2018,True,0.016460892833836,0.0160953588783741
126,16.02.2018,7,2018,True,0.0164542403634879,0.016339635476469994
126,20.02.2018,7,2018,True,0.0164517525595933,0.015788044780492783
126,21.02.2018,7,2018,True,0.0164570128572858,0.015991829335689545
126,22.02.2018,7,2018,True,0.016604315701817,0.016091087833046913
126,23.02.2018,7,2018,True,0.0165649182418895,0.015634523704648018
126,26.02.2018,7,2018,True,0.0166086400991796,0.013768977485597134
126,27.02.2018,7,2018,True,0.0165657226297118,0.013855365104973316
126,28.02.2018,7,2018,True,0.0165236651870512,0.015594672411680222
126,01.03.2018,7,2018,True,0.0165721238879002,0.016086464747786522
126,02.03.2018,7,2018,True,0.0164660532423212,0.015891028568148613
126,05.03.2018,7,2018,True,0.0164075169060327,0.016867585480213165
126,06.03.2018,7,2018,True,0.0164228088387138,0.016330918297171593
126,07.03.2018,7,2018,True,0.0163268583098328,0.01630319654941559
126,08.03.2018,7,2018,True,0.0163185317544238,0.017177391797304153
126,09.03.2018,7,2018,True,0.016130662410761,0.01629953272640705
126,12.03.2018,7,2018,True,0.0161157534405734,0.016493381932377815
126,13.03.2018,7,2018,True,0.0162061390361558,0.01504513993859291
126,14.03.2018,7,2018,True,0.0162168066583674,0.016353942453861237
126,15.03.2018,7,2018,True,0.0163273598354675,0.01629953272640705
126,16.03.2018,7,2018,True,0.0162720896314551,0.017120754346251488
126,19.03.2018,7,2018,True,0.0162694798383222,0.015021017752587795
126,20.03.2018,7,2018,True,0.0162091453962012,0.01579691655933857
126,21.03.2018,7,2018,True,0.0160063370201077,0.016705820336937904
126,22.03.2018,7,2018,True,0.0160099649109134,0.01719646528363228
126,23.03.2018,7,2018,True,0.0158980440416333,0.017580825835466385
126,26.03.2018,7,2018,True,0.01609976840638,0.0165568757802248
126,27.03.2018,7,2018,True,0.0161115613658325,0.016597367823123932
126,28.03.2018,7,2018,True,0.0161037853856257,0.016502387821674347
126,29.03.2018,7,2018,True,0.0160849278219153,0.016256988048553467
126,02.04.2018,7,2018,True,0.0157207739560924,0.017272233963012695
126,03.04.2018,7,2018,True,0.0158751952254163,0.017257707193493843
126,04.04.2018,7,2018,True,0.0158763593218321,0.016335129737854004
126,05.04.2018,7,2018,True,0.0159357964757891,0.016103137284517288
126,06.04.2018,7,2018,True,0.0159567269224516,0.014136895537376404
126,09.04.2018,7,2018,True,0.015857541250362,0.01619972661137581
126,10.04.2018,7,2018,True,0.0155896627240641,0.01619972661137581
126,11.04.2018,7,2018,True,0.0155811664313018,0.017739184200763702
126,12.04.2018,7,2018,True,0.0157269246416119,0.017238987609744072
126,13.04.2018,7,2018,True,0.0160349139484544,0.01781495288014412
126,16.04.2018,7,2018,True,0.01596319936167,0.01656534895300865
126,17.04.2018,7,2018,True,0.0159656655498178,0.017720291391015053
126,18.04.2018,7,2018,True,0.0158163269282284,0.01756640523672104
126,19.04.2018,7,2018,True,0.0158914554111445,0.0183973778039217
126,20.04.2018,7,2018,True,0.0159147207980665,0.018397578969597816
126,23.04.2018,7,2018,True,0.0159057542471031,0.01655036397278309
126,24.04.2018,7,2018,True,0.0158694307475205,0.01647222228348255
126,25.04.2018,7,2018,True,0.0163459692197355,0.018237637355923653
126,26.04.2018,7,2018,True,0.0163261392805531,0.01756640523672104
126,27.04.2018,7,2018,True,0.0163463572169469,0.01735815964639187
126,30.04.2018,7,2018,True,0.0163556683453587,0.016030816361308098
126,01.05.2018,7,2018,True,0.0163592866564596,0.01667960174381733
126,02.05.2018,7,2018,True,0.0162983882184267,0.017417920753359795
126,03.05.2018,7,2018,True,0.0163046832284933,0.0175852719694376
126,04.05.2018,7,2018,True,0.0162360972638022,0.016360504552721977
126,07.05.2018,7,2018,True,0.0164768831131178,0.016634656116366386
126,08.05.2018,7,2018,True,0.0164107072079956,0.01637950912117958
126,09.05.2018,7,2018,True,0.0162166615149494,0.016200534999370575
126,10.05.2018,7,2018,True,0.0162128922044056,0.017176177352666855
126,11.05.2018,7,2018,True,0.0163004847492377,0.01725194603204727
126,14.05.2018,7,2018,True,0.016253223476869,0.0174496341496706
126,15.05.2018,7,2018,True,0.0162503302589385,0.01606934331357479
126,16.05.2018,7,2018,True,0.0172996991181905,0.016156254336237907
126,17.05.2018,7,2018,True,0.0173288190678004,0.016943354159593582
126,18.05.2018,7,2018,True,0.0173299018639567,0.016943354159593582
126,21.05.2018,7,2018,True,0.0173079567145584,0.01579691655933857
126,22.05.2018,7,2018,True,0.0173009967113374,0.01590043306350708
126,23.05.2018,7,2018,True,0.0182257429107465,0.015701936557888985
126,24.05.2018,7,2018,True,0.0182622818387725,0.016943354159593582
126,25.05.2018,7,2018,True,0.0192792408539762,0.016943354159593582
126,29.05.2018,7,2018,True,0.0194369435084382,0.017257707193493843
126,30.05.2018,7,2018,True,0.0192586719714574,0.017232730984687805
126,31.05.2018,7,2018,True,0.019359224703572,0.017399892210960388
126,01.06.2018,7,2018,True,0.0194037092475353,0.01656925678253174
126,04.06.2018,7,2018,True,0.0192682610758603,0.01781495288014412
126,05.06.2018,7,2018,True,0.0198051431041522,0.018347691744565964
126,06.06.2018,7,2018,True,0.0198172970747682,0.01846872642636299
126,07.06.2018,7,2018,True,0.0198630275053544,0.017087535932660103
126,08.06.2018,7,2018,True,0.0200063670261096,0.016493897885084152
126,11.06.2018,7,2018,True,0.0201418236386121,0.016719261184334755
126,12.06.2018,7,2018,True,0.0201417745803103,0.01694013737142086
126,13.06.2018,7,2018,True,0.0201075985264891,0.017580825835466385
126,14.06.2018,7,2018,True,0.0201993979321718,0.017266197130084038
126,15.06.2018,7,2018,True,0.0200593561461273,0.01740342564880848
126,18.06.2018,7,2018,True,0.0199286605127918,0.01665613427758217
126,19.06.2018,7,2018,True,0.0205429849518793,0.016424238681793213
126,20.06.2018,7,2018,True,0.0206156290801662,0.01666485145688057
126,21.06.2018,7,2018,True,0.0210061634437016,0.016772031784057617
126,22.06.2018,7,2018,True,0.0207657622708524,0.016640612855553627
126,25.06.2018,7,2018,True,0.0214668727283265,0.017825203016400337
126,26.06.2018,7,2018,True,0.0225039320054109,0.016449911519885063
126,27.06.2018,7,2018,True,0.0227226035774122,0.017396962270140648
126,28.06.2018,7,2018,True,0.0227187241044963,0.017128635197877884
126,29.06.2018,7,2018,True,0.0228180199478984,0.016672935336828232
126,02.07.2018,7,2018,True,0.0228089928229027,0.017537221312522888
126,03.07.2018,7,2018,True,0.0228764431064633,0.016839109361171722
126,05.07.2018,7,2018,True,0.0229612652341293,0.017774106934666634
126,06.07.2018,7,2018,True,0.0229697934957478,0.017106743529438972
126,09.07.2018,7,2018,True,0.0230522325733087,0.016776451840996742
126,10.07.2018,7,2018,True,0.0234135007784804,0.017819372937083244
126,11.07.2018,7,2018,True,0.0225646492082504,0.016599051654338837
126,12.07.2018,7,2018,True,0.0225791257155334,0.019096868112683296
126,13.07.2018,7,2018,True,0.0226414738805782,0.020029190927743912
126,16.07.2018,7,2018,True,0.0224208470247296,0.01990940235555172
126,17.07.2018,7,2018,True,0.0224426525122627,0.020923227071762085
126,18.07.2018,7,2018,True,0.0224190463032028,0.02000306360423565
126,19.07.2018,7,2018,True,0.0225359239817612,0.019073432311415672
126,20.07.2018,7,2018,True,0.0225824251876952,0.01922997273504734
126,23.07.2018,7,2018,True,0.0225857014986833,0.0187271386384964
126,24.07.2018,7,2018,True,0.0225779943965862,0.01912090927362442
126,25.07.2018,7,2018,True,0.0225855806104667,0.019039025530219078
126,26.07.2018,7,2018,True,0.0226931096857126,0.0184808187186718
126,27.07.2018,7,2018,True,0.0227986220075691,0.01796696148812771
126,30.07.2018,7,2018,True,0.0227870866003225,0.018116965889930725
126,31.07.2018,7,2018,True,0.022780510383416,0.018228158354759216
126,01.08.2018,7,2018,True,0.0227803645571639,0.018087638542056084
126,02.08.2018,7,2018,True,0.022788470733651,0.01852032169699669
126,03.08.2018,7,2018,True,0.0227969212543347,0.01810053363442421
126,06.08.2018,7,2018,True,0.0228120552196516,0.018709179013967514
126,07.08.2018,7,2018,True,0.0228228647620052,0.018754445016384125
126,08.08.2018,7,2018,True,0.0226690731021199,0.018754445016384125
126,09.08.2018,7,2018,True,0.0226807730623911,0.016529414802789688
126,10.08.2018,7,2018,True,0.0227023506889478,0.0174496341496706
126,13.08.2018,7,2018,True,0.0227724094032981,0.0164067130535841
126,14.08.2018,7,2018,True,0.0228169112726861,0.01611926779150963
126,15.08.2018,7,2018,True,0.0228462007919328,0.015849536284804344
126,16.08.2018,7,2018,True,0.0228310065844761,0.015393567271530628
126,17.08.2018,7,2018,True,0.0228418942527149,0.01612626016139984
126,20.08.2018,7,2018,True,0.0228359495916695,0.015793252736330032
126,21.08.2018,7,2018,True,0.0228290812317095,0.01579691655933857
126,22.08.2018,7,2018,True,0.0228842633639287,0.01703798957169056
126,23.08.2018,7,2018,True,0.0228955147599219,0.015839172527194023
126,24.08.2018,7,2018,True,0.0229163488253274,0.013962546363472939
126,27.08.2018,7,2018,True,0.0229128708407079,0.013485596515238285
126,28.08.2018,7,2018,True,0.0229436203859699,0.014001092873513699
126,29.08.2018,7,2018,True,0.0229133687769631,0.014538861811161041
126,30.08.2018,7,2018,True,0.0229008956720867,0.01461068820208311
126,31.08.2018,7,2018,True,0.0229009504096603,0.015701936557888985
126,04.09.2018,7,2018,True,0.0228863200687629,0.015493872575461864
126,05.09.2018,7,2018,True,0.0228768579227179,0.015625065192580223
126,06.09.2018,7,2018,True,0.0228969688936158,0.015728048980236053
126,07.09.2018,7,2018,True,0.022892900811566,0.015793252736330032
126,10.09.2018,7,2018,True,0.0229167133466862,0.014962158165872097
126,11.09.2018,7,2018,True,0.0228281088829185,0.014709272421896458
126,12.09.2018,7,2018,True,0.0228109816882123,0.016044430434703827
126,13.09.2018,7,2018,True,0.0227592950263376,0.015891028568148613
126,14.09.2018,7,2018,True,0.0227601365993894,0.015379675664007664
126,17.09.2018,7,2018,True,0.0227953266758197,0.016156254336237907
126,18.09.2018,7,2018,True,0.0227748445212653,0.016101844608783722
126,19.09.2018,7,2018,True,0.0227899933178278,0.015924444422125816
126,20.09.2018,7,2018,True,0.0227827493118561,0.015725865960121155
126,21.09.2018,7,2018,True,0.0228088982578738,0.014891684986650944
126,24.09.2018,7,2018,True,0.0226365093209817,0.014854777604341507
126,25.09.2018,7,2018,True,0.0226202557651671,0.017131280153989792
126,26.09.2018,7,2018,True,0.022632725042596,0.016010528430342674
126,27.09.2018,7,2018,True,0.0226453729925181,0.016156254336237907
126,28.09.2018,7,2018,True,0.0226206450984681,0.01602274365723133
126,01.10.2018,7,2018,True,0.0224770166387467,0.01583312824368477
126,02.10.2018,7,2018,True,0.0224784676940734,0.016257034614682198
126,03.10.2018,7,2018,True,0.0224544093564397,0.015788044780492783
126,04.10.2018,7,2018,True,0.022420027393709,0.01607893407344818
126,05.10.2018,7,2018,True,0.0224231805194033,0.016280250623822212
126,08.10.2018,7,2018,True,0.0224745284587407,0.016320742666721344
126,09.10.2018,7,2018,True,0.0224610183879148,0.015840299427509308
126,10.10.2018,7,2018,True,0.0224025803925882,0.01626482419669628
126,11.10.2018,7,2018,True,0.0222033432619936,0.016708388924598694
126,12.10.2018,7,2018,True,0.0222146501943187,0.01763569377362728
126,15.10.2018,7,2018,True,0.0222096786854982,0.016502387821674347
126,16.10.2018,7,2018,True,0.0222020801516009,0.016772031784057617
126,17.10.2018,7,2018,True,0.0223085667908244,0.017185881733894348
126,18.10.2018,7,2018,True,0.022302595109122,0.016639623790979385
126,19.10.2018,7,2018,True,0.0222949137203035,0.01643216796219349
126,22.10.2018,7,2018,True,0.0222957024936178,0.01641630381345749
126,23.10.2018,7,2018,True,0.0221215123682601,0.01641630381345749
126,24.10.2018,7,2018,True,0.022119997083376,0.017238987609744072
126,25.10.2018,7,2018,True,0.0221240784701199,0.017354657873511314
126,26.10.2018,7,2018,True,0.0221178712314479,0.017337344586849213
126,29.10.2018,7,2018,True,0.0221840198125232,0.018391549587249756
126,30.10.2018,7,2018,True,0.0221260422898071,0.01732228882610798
126,31.10.2018,7,2018,True,0.0221274348235901,0.017024680972099304
126,01.11.2018,7,2018,True,0.0221906657162015,0.01719716563820839
126,02.11.2018,7,2018,True,0.0219715841833127,0.01719716563820839
126,05.11.2018,7,2018,True,0.0219671874120909,0.017457392066717148
126,06.11.2018,7,2018,True,0.0219333043557931,0.017520291730761528
126,07.11.2018,7,2018,True,0.0219384500629956,0.017425328493118286
126,08.11.2018,7,2018,True,0.0219042632190187,0.018138375133275986
126,09.11.2018,7,2018,True,0.0219055327447973,0.017324527725577354
126,12.11.2018,7,2018,True,0.0219296478284777,0.01782616414129734
126,13.11.2018,7,2018,True,0.0210468266714424,0.020638693124055862
126,14.11.2018,7,2018,True,0.0210340212526604,0.026396213099360466
126,15.11.2018,7,2018,True,0.0210259912500019,0.02572324126958847
126,16.11.2018,7,2018,True,0.0210816564301708,0.022867226973176003
126,19.11.2018,7,2018,True,0.0214943917019974,0.02225353755056858
126,20.11.2018,7,2018,True,0.0206929531421704,0.022802790626883507
126,21.11.2018,7,2018,True,0.0207283100135833,0.028503423556685448
126,23.11.2018,7,2018,True,0.0195531581398411,0.028147142380475998
126,26.11.2018,7,2018,True,0.0197119523502502,0.029506830498576164
126,27.11.2018,7,2018,True,0.0199812132587307,0.030278002843260765
126,28.11.2018,7,2018,True,0.0203847156232341,0.029530581086874008
126,29.11.2018,7,2018,True,0.020377941772588,0.029282286763191223
126,30.11.2018,7,2018,True,0.0204366484854513,0.029474901035428047
126,03.12.2018,7,2018,True,0.020010625270385,0.02822953462600708
126,04.12.2018,7,2018,True,0.020136101294573,0.028737496584653854
126,06.12.2018,7,2018,True,0.019966894161973,0.02787955105304718
126,07.12.2018,7,2018,True,0.0198281770741694,0.027923831716179848
126,10.12.2018,7,2018,True,0.0199608991039183,0.023571539670228958
126,11.12.2018,7,2018,True,0.0200550700430874,0.025885222479701042
126,12.12.2018,7,2018,True,0.0200796832976185,0.023580800741910934
126,13.12.2018,7,2018,True,0.0200502924246091,0.023482272401452065
126,14.12.2018,7,2018,True,0.0200510773384953,0.023074468597769737
126,17.12.2018,7,2018,True,0.0200308273687705,0.023464223369956017
126,18.12.2018,7,2018,True,0.0196791361881184,0.026791678741574287
126,19.12.2018,7,2018,True,0.0196481491609373,0.028880169615149498
126,20.12.2018,7,2018,True,0.019075839298848,0.02870839647948742
126,21.12.2018,7,2018,True,0.0190497225131718,0.028214888647198677
126,24.12.2018,7,2018,True,0.0181972902874308,0.028226599097251892
126,26.12.2018,7,2018,True,0.0169377529248813,0.02889135479927063
126,27.12.2018,7,2018,True,0.016451237091611,0.031517550349235535
126,28.12.2018,7,2018,True,0.016596080098768,0.03134577348828316
126,31.12.2018,7,2018,True,0.0168452356170953,0.02947203442454338
5,02.01.2019,8,2019,True,0.0146568743436294,0.031664274632930756
5,03.01.2019,8,2019,True,0.0169289054475661,0.029110431671142578
5,04.01.2019,8,2019,True,0.0243416709332874,0.04013349115848541
5,07.01.2019,8,2019,True,0.0295158377413385,0.03332436829805374
5,08.01.2019,8,2019,True,0.030115510898713,0.031060675159096718
5,09.01.2019,8,2019,True,0.0218406880192739,0.023685522377490997
5,10.01.2019,8,2019,True,0.0217117591099722,0.026248488575220108
5,11.01.2019,8,2019,True,0.0215360801042874,0.025312766432762146
5,14.01.2019,8,2019,True,0.0194874043530277,0.02276972122490406
5,15.01.2019,8,2019,True,0.0167798376616638,0.024084949865937233
5,16.01.2019,8,2019,True,0.0159156442482855,0.025398628786206245
5,17.01.2019,8,2019,True,0.0164312262229927,0.01918361894786358
5,18.01.2019,8,2019,True,0.0147655249557022,0.016870884224772453
5,22.01.2019,8,2019,True,0.0189142205268864,0.017252787947654724
5,23.01.2019,8,2019,True,0.018796595261729,0.0183725506067276
5,24.01.2019,8,2019,True,0.0187591411197631,0.014050173573195934
5,25.01.2019,8,2019,True,0.0184287408086276,0.01808122918009758
5,28.01.2019,8,2019,True,0.0089489263422891,0.016303664073348045
5,29.01.2019,8,2019,True,0.0070621088502857,0.021616315469145775
5,30.01.2019,8,2019,True,0.0081758104856016,0.01889677904546261
5,31.01.2019,8,2019,True,0.0122015810748262,0.015380263328552246
5,01.02.2019,8,2019,True,0.0127859090900586,0.018289856612682343
5,04.02.2019,8,2019,True,0.012143724381162,0.0148240327835083
5,05.02.2019,8,2019,True,0.0139199767348959,0.014896174892783165
5,06.02.2019,8,2019,True,0.0155686233686225,0.017187263816595078
5,07.02.2019,8,2019,True,0.0113049986467258,0.014836514368653297
5,08.02.2019,8,2019,True,0.0133288176648389,0.016552260145545006
5,11.02.2019,8,2019,True,0.0082464929959191,0.016298865899443626
5,12.02.2019,8,2019,True,0.0086903448748632,0.015293537639081478
5,13.02.2019,8,2019,True,0.0102614880194912,0.0153742004185915
5,14.02.2019,8,2019,True,0.0107053409628715,0.017045600339770317
5,15.02.2019,8,2019,True,0.0178635390592765,0.014861413277685642
5,19.02.2019,8,2019,True,0.018356273791111,0.013285089284181595
5,20.02.2019,8,2019,True,0.0201864319681324,0.01319885440170765
5,21.02.2019,8,2019,True,0.0201992951051953,0.016717124730348587
5,22.02.2019,8,2019,True,0.0206300660286713,0.014146685600280762
5,25.02.2019,8,2019,True,0.0128347653671285,0.012861110270023346
5,26.02.2019,8,2019,True,0.0126351554159464,0.01551593467593193
5,27.02.2019,8,2019,True,0.0091273411662313,0.013749347999691963
5,28.02.2019,8,2019,True,0.009077567036896,0.013763252645730972
5,01.03.2019,8,2019,True,0.0065078939403902,0.014451790601015091
5,04.03.2019,8,2019,True,0.007574300337263,0.014005813747644424
5,05.03.2019,8,2019,True,0.0075985638282831,0.016178442165255547
5,06.03.2019,8,2019,True,0.0089403129562344,0.01220071129500866
5,07.03.2019,8,2019,True,0.0098827614835812,0.011342302896082401
5,08.03.2019,8,2019,True,0.0081743305150077,0.01525935810059309
5,11.03.2019,8,2019,True,0.0068603173397963,0.013238415122032166
5,12.03.2019,8,2019,True,0.0068790926091644,0.013125884346663952
5,13.03.2019,8,2019,True,0.0068658958701584,0.015954697504639626
5,14.03.2019,8,2019,True,0.0083026807161802,0.014170840382575989
5,15.03.2019,8,2019,True,0.0105208262382089,0.014763138256967068
5,18.03.2019,8,2019,True,0.0101742576028712,0.014460122212767601
5,19.03.2019,8,2019,True,0.0116037024376697,0.01296501886099577
5,20.03.2019,8,2019,True,0.009462069505892,0.015004027634859085
5,21.03.2019,8,2019,True,0.0085041508470107,0.014650327153503895
5,22.03.2019,8,2019,True,0.0056404259055281,0.01225031167268753
5,25.03.2019,8,2019,True,0.0059687304201601,0.013717261143028736
5,26.03.2019,8,2019,True,0.0049926489165951,0.010969179682433605
5,27.03.2019,8,2019,True,0.0046411211698451,0.010518648661673069
5,28.03.2019,8,2019,True,0.0043280211003669,0.010018905624747276
5,29.03.2019,8,2019,True,0.0057852294855622,0.009715510532259941
5,01.04.2019,8,2019,True,0.006082010433902,0.010668573901057243
5,02.04.2019,8,2019,True,0.0084257257517019,0.01184909325093031
5,03.04.2019,8,2019,True,0.0094616915221287,0.010922224260866642
5,04.04.2019,8,2019,True,0.0129248978840377,0.011429201811552048
5,05.04.2019,8,2019,True,0.0123947287926467,0.010497389361262321
5,08.04.2019,8,2019,True,0.0120813269048199,0.009266886860132217
5,09.04.2019,8,2019,True,0.0116696563406467,0.009526715613901615
5,10.04.2019,8,2019,True,0.0093165765611569,0.010683353058993816
5,11.04.2019,8,2019,True,0.0063446120445208,0.00876827072352171
5,12.04.2019,8,2019,True,0.0130358344643279,0.010934395715594292
5,15.04.2019,8,2019,True,0.0112788820183447,0.010289326310157776
5,16.04.2019,8,2019,True,0.0119033703086689,0.012601414695382118
5,17.04.2019,8,2019,True,0.0122205165640559,0.010622832924127579
5,18.04.2019,8,2019,True,0.0209429177820023,0.01089311670511961
5,22.04.2019,8,2019,True,0.0141770359638853,0.010635631158947945
5,23.04.2019,8,2019,True,0.0151344987740408,0.010397026315331459
5,24.04.2019,8,2019,True,0.0148685713659195,0.009674668312072754
5,25.04.2019,8,2019,True,0.015776301832351,0.011697866953909397
5,26.04.2019,8,2019,True,0.0114226692270953,0.010039642453193665
5,29.04.2019,8,2019,True,0.0121541633658147,0.011670461855828762
5,30.04.2019,8,2019,True,0.0116411610431414,0.012905854731798172
5,01.05.2019,8,2019,True,0.0134527821335908,0.015738721936941147
5,02.05.2019,8,2019,True,0.0105754105808305,0.014140457846224308
5,03.05.2019,8,2019,True,0.0107132481709064,0.016361882910132408
5,06.05.2019,8,2019,True,0.0102587188848214,0.012917476706206799
5,07.05.2019,8,2019,True,0.0074127698494249,0.013483556918799877
5,08.05.2019,8,2019,True,0.0074598943571671,0.022067569196224213
5,09.05.2019,8,2019,True,0.0078135158373697,0.020284073427319527
5,10.05.2019,8,2019,True,0.0095003314449814,0.017630303278565407
5,13.05.2019,8,2019,True,0.008955374570181,0.016581498086452484
5,14.05.2019,8,2019,True,0.0072599203801261,0.025185471400618553
5,15.05.2019,8,2019,True,0.0105205668621385,0.031105026602745056
5,16.05.2019,8,2019,True,0.0196013011296534,0.015252547338604927
5,17.05.2019,8,2019,True,0.023187981191523,0.014700323343276978
5,20.05.2019,8,2019,True,0.0270217917035728,0.013581473380327225
5,21.05.2019,8,2019,True,0.0266528068777183,0.013551181182265282
5,22.05.2019,8,2019,True,0.0299191758134275,0.012745087035000324
5,23.05.2019,8,2019,True,0.0271622431590274,0.013972889631986618
5,24.05.2019,8,2019,True,0.0285278579557985,0.01185988076031208
5,28.05.2019,8,2019,True,0.025108956796353,0.015575499273836613
5,29.05.2019,8,2019,True,0.0238078466000291,0.015492081642150879
5,30.05.2019,8,2019,True,0.0295887871672948,0.013972040265798569
5,31.05.2019,8,2019,True,0.0320198916324987,0.01672465167939663
5,03.06.2019,8,2019,True,0.0210064065021398,0.02164066955447197
5,04.06.2019,8,2019,True,0.0205417116202196,0.02535741776227951
5,05.06.2019,8,2019,True,0.0256515135608072,0.024143720045685768
5,06.06.2019,8,2019,True,0.0266842085154147,0.02375461347401142
5,07.06.2019,8,2019,True,0.0236012743315815,0.021008580923080444
5,10.06.2019,8,2019,True,0.0237952996756332,0.017919987440109253
5,11.06.2019,8,2019,True,0.0261723992848263,0.013290505856275558
5,12.06.2019,8,2019,True,0.0169003342306018,0.015919508412480354
5,13.06.2019,8,2019,True,0.0227794287203917,0.02067892998456955
5,14.06.2019,8,2019,True,0.022782883450143,0.019652830436825752
5,17.06.2019,8,2019,True,0.0195358749318943,0.020584836602211
5,18.06.2019,8,2019,True,0.019450447450313,0.02542850188910961
5,19.06.2019,8,2019,True,0.0181951511477143,0.0234685018658638
5,20.06.2019,8,2019,True,0.0105397886814365,0.021515468135476112
5,21.06.2019,8,2019,True,0.0103935840145205,0.01814313232898712
5,24.06.2019,8,2019,True,0.0158083443545587,0.020636383444070816
5,25.06.2019,8,2019,True,0.024441783536261,0.01870950497686863
5,26.06.2019,8,2019,True,0.0246298502103221,0.016811223700642586
5,27.06.2019,8,2019,True,0.0252529960327119,0.02094181440770626
5,28.06.2019,8,2019,True,0.0251351870342236,0.01784108206629753
5,01.07.2019,8,2019,True,0.0237446064063463,0.02063198946416378
5,02.07.2019,8,2019,True,0.0188698644341893,0.01971840113401413
5,03.07.2019,8,2019,True,0.0202763743981155,0.017407817766070366
5,05.07.2019,8,2019,True,0.0204119792690014,0.01602306216955185
5,08.07.2019,8,2019,True,0.0206267796382954,0.016294492408633232
5,09.07.2019,8,2019,True,0.0274931027131479,0.019900323823094368
5,10.07.2019,8,2019,True,0.0134766094439919,0.01903463341295719
5,11.07.2019,8,2019,True,0.0152918072396323,0.011870992369949818
5,12.07.2019,8,2019,True,0.0170124691158972,0.016629718244075775
5,15.07.2019,8,2019,True,0.0204698469065174,0.018277853727340698
5,16.07.2019,8,2019,True,0.0171457558909283,0.017767753452062607
5,17.07.2019,8,2019,True,0.0170745722454702,0.016128115355968475
5,18.07.2019,8,2019,True,0.0089574681274463,0.020392216742038727
5,19.07.2019,8,2019,True,0.0087455251675615,0.019502626731991768
5,22.07.2019,8,2019,True,0.0071215939907792,0.01657021790742874
5,23.07.2019,8,2019,True,0.0092398655196769,0.014249816536903381
5,24.07.2019,8,2019,True,0.0057173096221521,0.020400438457727432
5,25.07.2019,8,2019,True,0.0367606804779521,0.017282584682106972
5,26.07.2019,8,2019,True,0.0394655698047253,0.016142968088388443
5,29.07.2019,8,2019,True,0.0409596939496368,0.02200770191848278
5,30.07.2019,8,2019,True,0.0378345825158935,0.017377858981490135
5,31.07.2019,8,2019,True,0.0363646729211064,0.014426514506340027
5,01.08.2019,8,2019,True,0.0314804852774762,0.013614477589726448
5,02.08.2019,8,2019,True,0.0307384201909447,0.023277094587683678
5,05.08.2019,8,2019,True,0.0280471886648138,0.01783350668847561
5,06.08.2019,8,2019,True,0.0345935169849484,0.01492603961378336
5,07.08.2019,8,2019,True,0.0280914476045217,0.020429788157343864
5,08.08.2019,8,2019,True,0.030765095800668,0.014475179836153984
5,09.08.2019,8,2019,True,0.029512569955925,0.015988299623131752
5,12.08.2019,8,2019,True,0.0306241591143409,0.018268965184688568
5,13.08.2019,8,2019,True,0.0205543935865663,0.02061142772436142
5,14.08.2019,8,2019,True,0.0145930920797547,0.01338320504873991
5,15.08.2019,8,2019,True,0.0088667425769444,0.01774682104587555
5,16.08.2019,8,2019,True,0.0111287316953794,0.017501123249530792
5,19.08.2019,8,2019,True,0.0076496310359353,0.01806461252272129
5,20.08.2019,8,2019,True,0.0105472754211265,0.014734175056219101
5,21.08.2019,8,2019,True,0.0132739513596735,0.014247428625822067
5,22.08.2019,8,2019,True,0.0131100177684739,0.01677340641617775
5,23.08.2019,8,2019,True,0.0133661309738835,0.01572156511247158
5,26.08.2019,8,2019,True,0.0223009327402245,0.014896254986524582
5,27.08.2019,8,2019,True,0.0292306574147807,0.014760307036340237
5,28.08.2019,8,2019,True,0.0284374392850045,0.015288305468857288
5,29.08.2019,8,2019,True,0.0284322075743836,0.010614190250635147
5,30.08.2019,8,2019,True,0.0281509233270529,0.015576265752315521
5,03.09.2019,8,2019,True,0.0170054519406337,0.012979121878743172
5,04.09.2019,8,2019,True,0.016250570313768,0.01567608304321766
5,05.09.2019,8,2019,True,0.0163767180790026,0.016500994563102722
5,06.09.2019,8,2019,True,0.0150884975390755,0.017555847764015198
5,09.09.2019,8,2019,True,0.0659707389590596,0.01644660159945488
5,10.09.2019,8,2019,True,0.0767449004681863,0.01885485090315342
5,11.09.2019,8,2019,True,0.0757637506495887,0.018365226686000824
5,12.09.2019,8,2019,True,0.0752297186792784,0.019018754363059998
5,13.09.2019,8,2019,True,0.0751898147717525,0.019351666793227196
5,16.09.2019,8,2019,True,0.0320645322856537,0.015961315482854843
5,17.09.2019,8,2019,True,0.0159400789931638,0.03349260985851288
5,18.09.2019,8,2019,True,0.0154434498056437,0.03213769569993019
5,19.09.2019,8,2019,True,0.0138423354152751,0.016638241708278656
5,20.09.2019,8,2019,True,0.0140930668194394,0.01957019418478012
5,23.09.2019,8,2019,True,0.0117244119930179,0.015371844172477722
5,24.09.2019,8,2019,True,0.0134197510344881,0.019126348197460175
5,25.09.2019,8,2019,True,0.0136279185016697,0.018961932510137558
5,26.09.2019,8,2019,True,0.0116382823431354,0.01865405961871147
5,27.09.2019,8,2019,True,0.0172998567063652,0.01943882554769516
5,30.09.2019,8,2019,True,0.0174523500807843,0.01674789935350418
5,01.10.2019,8,2019,True,0.0115360055013652,0.017614908516407013
5,02.10.2019,8,2019,True,0.005277352286438,0.01983078382909298
5,03.10.2019,8,2019,True,0.0070373235174042,0.016893189400434494
5,04.10.2019,8,2019,True,0.0109394799259963,0.020119978114962578
5,07.10.2019,8,2019,True,0.0162387657683772,0.017016027122735977
5,08.10.2019,8,2019,True,0.0173284267231663,0.016843777149915695
5,09.10.2019,8,2019,True,0.0178638931689887,0.019654659554362297
5,10.10.2019,8,2019,True,0.0173218055612113,0.014765987172722816
5,11.10.2019,8,2019,True,0.0130641859288332,0.022922353819012642
5,14.10.2019,8,2019,True,0.0103175583380513,0.01717340387403965
5,15.10.2019,8,2019,True,0.0103776162891288,0.02386811003088951
5,16.10.2019,8,2019,True,0.0139109367998558,0.017777686938643456
5,17.10.2019,8,2019,True,0.0139078638268493,0.01651133969426155
5,18.10.2019,8,2019,True,0.0116098018639713,0.01601533032953739
5,21.10.2019,8,2019,True,0.0114384274904814,0.015516725368797779
5,22.10.2019,8,2019,True,0.0117137662890093,0.017489470541477203
5,23.10.2019,8,2019,True,0.0098968167008682,0.01793038472533226
5,24.10.2019,8,2019,True,0.0082210439332529,0.016145460307598114
5,25.10.2019,8,2019,True,0.0151486894781646,0.01678740233182907
5,28.10.2019,8,2019,True,0.015039194046301,0.014999372884631157
5,29.10.2019,8,2019,True,0.0158138252276729,0.01726638711988926
5,30.10.2019,8,2019,True,0.0169888517750514,0.019883688539266586
5,31.10.2019,8,2019,True,0.0160905959845041,0.021498745307326317
5,01.11.2019,8,2019,True,0.0129008082612136,0.020798301324248314
5,04.11.2019,8,2019,True,0.0130189482499677,0.02305116131901741
5,05.11.2019,8,2019,True,0.0107733937509023,0.022728407755494118
5,06.11.2019,8,2019,True,0.0056357902461286,0.02368082106113434
5,07.11.2019,8,2019,True,0.0042156189682767,0.015260124579071999
5,08.11.2019,8,2019,True,0.0085295963152964,0.01693105697631836
5,11.11.2019,8,2019,True,0.0109337005763876,0.013607325963675976
5,12.11.2019,8,2019,True,0.0159955910507039,0.022481560707092285
5,13.11.2019,8,2019,True,0.0203262254408818,0.019847741350531578
5,14.11.2019,8,2019,True,0.0230471484084728,0.020393939688801765
5,15.11.2019,8,2019,True,0.0228402460028174,0.022768059745430946
5,18.11.2019,8,2019,True,0.0214654816850295,0.01728011481463909
5,19.11.2019,8,2019,True,0.0143055460064997,0.021724453195929527
5,20.11.2019,8,2019,True,0.0130766580889384,0.016115300357341766
5,21.11.2019,8,2019,True,0.0136924615972009,0.015450571663677692
5,22.11.2019,8,2019,True,0.0163500734161195,0.015830054879188538
5,25.11.2019,8,2019,True,0.0154715255404578,0.015841271728277206
5,26.11.2019,8,2019,True,0.024686585239586,0.018041037023067474
5,27.11.2019,8,2019,True,0.0251129533115537,0.016202563419938087
5,29.11.2019,8,2019,True,0.0219904486745185,0.013698049820959568
5,02.12.2019,8,2019,True,0.0155258343889469,0.018489094451069832
5,03.12.2019,8,2019,True,0.0149736834227063,0.017134899273514748
5,04.12.2019,8,2019,True,0.0094565791410001,0.016219962388277054
5,05.12.2019,8,2019,True,0.0096115235428199,0.014892620965838432
5,06.12.2019,8,2019,True,0.0096493688736199,0.01463703066110611
5,09.12.2019,8,2019,True,0.0093178669736796,0.013667822815477848
5,10.12.2019,8,2019,True,0.0098742564973966,0.014049360528588295
5,11.12.2019,8,2019,True,0.0062915907181347,0.016977109014987946
5,12.12.2019,8,2019,True,0.0063535476577686,0.015264936722815037
5,13.12.2019,8,2019,True,0.0064505981364874,0.015228814445436
5,16.12.2019,8,2019,True,0.0064363735631864,0.014950240030884743
5,17.12.2019,8,2019,True,0.006621590452959,0.015414444729685783
5,18.12.2019,8,2019,True,0.0071770886715892,0.01260256115347147
5,19.12.2019,8,2019,True,0.007210126877446,0.013025106862187386
5,20.12.2019,8,2019,True,0.0041956261058787,0.01085523422807455
5,23.12.2019,8,2019,True,0.0200052027758013,0.013691806234419346
5,24.12.2019,8,2019,True,0.0189371834944917,0.01161304209381342
5,26.12.2019,8,2019,True,0.0252814036333982,0.01335822232067585
5,27.12.2019,8,2019,True,0.0253001040079775,0.009985942393541336
5,30.12.2019,8,2019,True,0.0257553704792599,0.013403605669736862
5,31.12.2019,8,2019,True,0.0279041890765627,0.014570982195436954
22,02.01.2019,8,2019,True,0.018378355605612,0.03124980628490448
22,03.01.2019,8,2019,True,0.0183888321712958,0.03193283453583717
22,04.01.2019,8,2019,True,0.01815102928158,0.03628955036401749
22,07.01.2019,8,2019,True,0.018710697440277,0.03215598687529564
22,08.01.2019,8,2019,True,0.0181673465514491,0.03226820006966591
22,09.01.2019,8,2019,True,0.0156055629813103,0.022630764171481133
22,10.01.2019,8,2019,True,0.0158989033076076,0.02115638181567192
22,11.01.2019,8,2019,True,0.0156899314835488,0.01967705972492695
22,14.01.2019,8,2019,True,0.014664831137727,0.021617988124489784
22,15.01.2019,8,2019,True,0.0145248199268212,0.021194325760006905
22,16.01.2019,8,2019,True,0.0144379700830991,0.018385078758001328
22,17.01.2019,8,2019,True,0.0144246980769025,0.020344888791441917
22,18.01.2019,8,2019,True,0.0137081902151916,0.01707593724131584
22,22.01.2019,8,2019,True,0.0127840979086089,0.018177509307861328
22,23.01.2019,8,2019,True,0.0152378141137124,0.017638646066188812
22,24.01.2019,8,2019,True,0.015244168445671,0.018124712631106377
22,25.01.2019,8,2019,True,0.0155295074310064,0.021304497495293617
22,28.01.2019,8,2019,True,0.0140169037160408,0.019091198220849037
22,29.01.2019,8,2019,True,0.0139414379162867,0.02173364721238613
22,30.01.2019,8,2019,True,0.0139997444316343,0.018714798614382744
22,31.01.2019,8,2019,True,0.0139979193345814,0.018369628116488457
22,01.02.2019,8,2019,True,0.0139818743724955,0.018681911751627922
22,04.02.2019,8,2019,True,0.0138921446972868,0.016959356144070625
22,05.02.2019,8,2019,True,0.0138909049117274,0.016405321657657623
22,06.02.2019,8,2019,True,0.013932660511426,0.019558649510145187
22,07.02.2019,8,2019,True,0.0132222672056349,0.017482643947005272
22,08.02.2019,8,2019,True,0.0133538490585703,0.01807747408747673
22,11.02.2019,8,2019,True,0.0131629199649897,0.018809014931321144
22,12.02.2019,8,2019,True,0.012983162039092,0.018157167360186577
22,13.02.2019,8,2019,True,0.0125264434063898,0.018647531047463417
22,14.02.2019,8,2019,True,0.0122260400975592,0.020179197192192078
22,15.02.2019,8,2019,True,0.0113300773481023,0.016993720084428787
22,19.02.2019,8,2019,True,0.0115582900798393,0.016540149226784706
22,20.02.2019,8,2019,True,0.0117268469360672,0.01670721545815468
22,21.02.2019,8,2019,True,0.0117410452499077,0.01680920459330082
22,22.02.2019,8,2019,True,0.0119796965363581,0.016189638525247574
22,25.02.2019,8,2019,True,0.0088546718158794,0.0152964536100626
22,26.02.2019,8,2019,True,0.0087995799301478,0.017249349504709244
22,27.02.2019,8,2019,True,0.0081780252932215,0.01696930080652237
22,28.02.2019,8,2019,True,0.0081877883494997,0.015475516207516193
22,01.03.2019,8,2019,True,0.0073122800067427,0.01619439385831356
22,04.03.2019,8,2019,True,0.0072150793214381,0.015600976534187794
22,05.03.2019,8,2019,True,0.0072184662457676,0.019225964322686195
22,06.03.2019,8,2019,True,0.0075929276787342,0.016459058970212936
22,07.03.2019,8,2019,True,0.0077686566365135,0.016180336475372314
22,08.03.2019,8,2019,True,0.0076631394501808,0.017859145998954773
22,11.03.2019,8,2019,True,0.0078663851120522,0.0149286650121212
22,12.03.2019,8,2019,True,0.0085714726576124,0.01446088682860136
22,13.03.2019,8,2019,True,0.0084213601129301,0.0137125039473176
22,14.03.2019,8,2019,True,0.0084400140993278,0.014613306149840355
22,15.03.2019,8,2019,True,0.0084626651003274,0.013870629481971264
22,18.03.2019,8,2019,True,0.0084904422648142,0.013507760129868984
22,19.03.2019,8,2019,True,0.0084947920832314,0.013904154300689697
22,20.03.2019,8,2019,True,0.0098826961588997,0.01426361408084631
22,21.03.2019,8,2019,True,0.0094632527398976,0.015373650938272476
22,22.03.2019,8,2019,True,0.0087574972110454,0.0168934129178524
22,25.03.2019,8,2019,True,0.0089050107816146,0.015449384227395058
22,26.03.2019,8,2019,True,0.011427739851181,0.011520211584866047
22,27.03.2019,8,2019,True,0.0114176413637232,0.012052259407937527
22,28.03.2019,8,2019,True,0.0115146298387829,0.01070447824895382
22,29.03.2019,8,2019,True,0.0117177504999847,0.010673207230865955
22,01.04.2019,8,2019,True,0.0125478869905457,0.012266181409358978
22,02.04.2019,8,2019,True,0.0125153041082776,0.012027108110487461
22,03.04.2019,8,2019,True,0.0125444802786175,0.011868452653288841
22,04.04.2019,8,2019,True,0.0132855333851044,0.012283368967473507
22,05.04.2019,8,2019,True,0.0130504329548585,0.011944378726184368
22,08.04.2019,8,2019,True,0.0128296680463817,0.011042118072509766
22,09.04.2019,8,2019,True,0.0127690158185314,0.01029886119067669
22,10.04.2019,8,2019,True,0.0123186011609623,0.011536475270986557
22,11.04.2019,8,2019,True,0.0124402393733659,0.011510315351188183
22,12.04.2019,8,2019,True,0.0123513733661443,0.011616578325629234
22,15.04.2019,8,2019,True,0.0125311484532772,0.011463748291134834
22,16.04.2019,8,2019,True,0.0125141567489697,0.012108221650123596
22,17.04.2019,8,2019,True,0.0125334789861669,0.011838983744382858
22,18.04.2019,8,2019,True,0.0125057475192078,0.011412219144403934
22,22.04.2019,8,2019,True,0.01128949449958,0.011234031058847904
22,23.04.2019,8,2019,True,0.0145985721153259,0.01130652241408825
22,24.04.2019,8,2019,True,0.0150616336714833,0.013170648366212845
22,25.04.2019,8,2019,True,0.0159221094150543,0.010811143554747105
22,26.04.2019,8,2019,True,0.0148029310977614,0.012889832258224487
22,29.04.2019,8,2019,True,0.0166854458524931,0.013857073150575161
22,30.04.2019,8,2019,True,0.01777375831628,0.014444560743868351
22,01.05.2019,8,2019,True,0.0202569336503353,0.016257189214229584
22,02.05.2019,8,2019,True,0.0204268076459996,0.015619051642715931
22,03.05.2019,8,2019,True,0.0206250842116443,0.015286154113709927
22,06.05.2019,8,2019,True,0.0211000878526112,0.01619897410273552
22,07.05.2019,8,2019,True,0.0219851240462602,0.0160111952573061
22,08.05.2019,8,2019,True,0.021957624264914,0.017439719289541245
22,09.05.2019,8,2019,True,0.021954116455309,0.017557254061102867
22,10.05.2019,8,2019,True,0.0229039207681401,0.018702872097492218
22,13.05.2019,8,2019,True,0.0237547395533535,0.017324361950159073
22,14.05.2019,8,2019,True,0.0236426937135979,0.019816206768155098
22,15.05.2019,8,2019,True,0.0235488150383417,0.01649140939116478
22,16.05.2019,8,2019,True,0.0239038673285146,0.014482005499303341
22,17.05.2019,8,2019,True,0.0239055174811881,0.014412134885787964
22,20.05.2019,8,2019,True,0.0260668126294439,0.014687661081552505
22,21.05.2019,8,2019,True,0.0262568460396797,0.014729190617799759
22,22.05.2019,8,2019,True,0.0261208710988791,0.014283997006714344
22,23.05.2019,8,2019,True,0.0243617170031403,0.014779792167246342
22,24.05.2019,8,2019,True,0.024673583447862,0.016233913600444794
22,28.05.2019,8,2019,True,0.0241930296976426,0.017685288563370705
22,29.05.2019,8,2019,True,0.0241450349377847,0.01737757958471775
22,30.05.2019,8,2019,True,0.0232693603039489,0.0189397893846035
22,31.05.2019,8,2019,True,0.0236893244171332,0.01693899929523468
22,03.06.2019,8,2019,True,0.0214462295967118,0.022810930386185646
22,04.06.2019,8,2019,True,0.021370926535752,0.024437500163912773
22,05.06.2019,8,2019,True,0.0207403423785823,0.02254626899957657
22,06.06.2019,8,2019,True,0.0204882181500688,0.02437567710876465
22,07.06.2019,8,2019,True,0.0217722298927689,0.020711002871394157
22,10.06.2019,8,2019,True,0.02149961832745,0.018752945587038994
22,11.06.2019,8,2019,True,0.0214892853590134,0.017812451347708702
22,12.06.2019,8,2019,True,0.0195200348878086,0.018680144101381302
22,13.06.2019,8,2019,True,0.0206444511400737,0.019978227093815804
22,14.06.2019,8,2019,True,0.0207163421001156,0.021963296458125114
22,17.06.2019,8,2019,True,0.0212560101794129,0.02079225331544876
22,18.06.2019,8,2019,True,0.0209236974550287,0.025846045464277267
22,19.06.2019,8,2019,True,0.0210467333979372,0.022709598764777184
22,20.06.2019,8,2019,True,0.0191072119323889,0.02082669548690319
22,21.06.2019,8,2019,True,0.0190199516825753,0.019244622439146042
22,24.06.2019,8,2019,True,0.0190259695897141,0.020983999595046043
22,25.06.2019,8,2019,True,0.0190118416359866,0.02183479256927967
22,26.06.2019,8,2019,True,0.018350331856282,0.02177196368575096
22,27.06.2019,8,2019,True,0.0187281103830239,0.02025236375629902
22,28.06.2019,8,2019,True,0.0188085288435424,0.02649407461285591
22,01.07.2019,8,2019,True,0.0241276068638128,0.023546967655420303
22,02.07.2019,8,2019,True,0.0231303752458811,0.01899384893476963
22,03.07.2019,8,2019,True,0.023613249405091,0.018370263278484344
22,05.07.2019,8,2019,True,0.0236427974088696,0.018628031015396118
22,08.07.2019,8,2019,True,0.0253589715651013,0.018338419497013092
22,09.07.2019,8,2019,True,0.0259383487226522,0.017654389142990112
22,10.07.2019,8,2019,True,0.0242687687222322,0.018986303359270096
22,11.07.2019,8,2019,True,0.0243102861700946,0.01891132816672325
22,12.07.2019,8,2019,True,0.0266255539237806,0.016925148665905
22,15.07.2019,8,2019,True,0.0272084924331109,0.017508791759610176
22,16.07.2019,8,2019,True,0.0267668425877826,0.022996781393885612
22,17.07.2019,8,2019,True,0.0268381758014288,0.015680905431509018
22,18.07.2019,8,2019,True,0.0266905524440899,0.018526822328567505
22,19.07.2019,8,2019,True,0.0266323646553737,0.019753945991396904
22,22.07.2019,8,2019,True,0.0264799358496472,0.01898479089140892
22,23.07.2019,8,2019,True,0.0263738513446103,0.016759268939495087
22,24.07.2019,8,2019,True,0.0263673098055065,0.019321301952004433
22,25.07.2019,8,2019,True,0.0263824143143768,0.017858771607279778
22,26.07.2019,8,2019,True,0.026622673344635,0.01949986256659031
22,29.07.2019,8,2019,True,0.0269045042144759,0.018927359953522682
22,30.07.2019,8,2019,True,0.0267418671115611,0.016748148947954178
22,31.07.2019,8,2019,True,0.0267058438074856,0.01754480041563511
22,01.08.2019,8,2019,True,0.0228663921806607,0.017839962616562843
22,02.08.2019,8,2019,True,0.0240982005399455,0.020731987431645393
22,05.08.2019,8,2019,True,0.0229329753878588,0.016584645956754684
22,06.08.2019,8,2019,True,0.0227344373387302,0.016347436234354973
22,07.08.2019,8,2019,True,0.0201037920522426,0.01932353712618351
22,08.08.2019,8,2019,True,0.0198727582015167,0.017445817589759827
22,09.08.2019,8,2019,True,0.0204710750127963,0.01749417372047901
22,12.08.2019,8,2019,True,0.0205571561024952,0.016437971964478493
22,13.08.2019,8,2019,True,0.0180394458561265,0.018742304295301437
22,14.08.2019,8,2019,True,0.0334782657619046,0.012540394440293312
22,15.08.2019,8,2019,True,0.0365747278929496,0.01958252303302288
22,16.08.2019,8,2019,True,0.0368041464468161,0.0188536886125803
22,19.08.2019,8,2019,True,0.0367096330186114,0.017650701105594635
22,20.08.2019,8,2019,True,0.0367250569013877,0.015494348481297493
22,21.08.2019,8,2019,True,0.0367365781752338,0.018115682527422905
22,22.08.2019,8,2019,True,0.0372215876554215,0.01947777345776558
22,23.08.2019,8,2019,True,0.0372476725353273,0.018871037289500237
22,26.08.2019,8,2019,True,0.0371366169238753,0.0221498291939497
22,27.08.2019,8,2019,True,0.0372133816636474,0.018555641174316406
22,28.08.2019,8,2019,True,0.0373044783005081,0.018165629357099533
22,29.08.2019,8,2019,True,0.0378394011386336,0.018997473642230034
22,30.08.2019,8,2019,True,0.038010233870419,0.01888154074549675
22,03.09.2019,8,2019,True,0.0372231841682419,0.018755897879600525
22,04.09.2019,8,2019,True,0.0361724319235115,0.017744742333889008
22,05.09.2019,8,2019,True,0.0361503602376157,0.018285434693098068
22,06.09.2019,8,2019,True,0.0360574181398215,0.019042737782001495
22,09.09.2019,8,2019,True,0.035810128701943,0.017985478043556213
22,10.09.2019,8,2019,True,0.0359822880950648,0.017756447196006775
22,11.09.2019,8,2019,True,0.0360071904059839,0.01759817637503147
22,12.09.2019,8,2019,True,0.0362128924926831,0.01955021545290947
22,13.09.2019,8,2019,True,0.0362687379920925,0.019423624500632286
22,16.09.2019,8,2019,True,0.0197149171482064,0.01684090681374073
22,17.09.2019,8,2019,True,0.0146598826451485,0.02890763059258461
22,18.09.2019,8,2019,True,0.0144809165254845,0.027254793792963028
22,19.09.2019,8,2019,True,0.0140810822064652,0.01638726331293583
22,20.09.2019,8,2019,True,0.0145104185290833,0.01640339568257332
22,23.09.2019,8,2019,True,0.0155154724754435,0.0177171528339386
22,24.09.2019,8,2019,True,0.0147422521854018,0.02155938185751438
22,25.09.2019,8,2019,True,0.014622671791748,0.01877058483660221
22,26.09.2019,8,2019,True,0.0146344485270958,0.018444694578647614
22,27.09.2019,8,2019,True,0.014367862142307,0.019286667928099632
22,30.09.2019,8,2019,True,0.0142326699819119,0.019204651936888695
22,01.10.2019,8,2019,True,0.0124841882472798,0.020776178687810898
22,02.10.2019,8,2019,True,0.0124240671467985,0.02158544398844242
22,03.10.2019,8,2019,True,0.0124376909547153,0.019751112908124924
22,04.10.2019,8,2019,True,0.012502401568489,0.026526352390646935
22,07.10.2019,8,2019,True,0.0134177920994218,0.017691027373075485
22,08.10.2019,8,2019,True,0.0134437082692521,0.022240174934267998
22,09.10.2019,8,2019,True,0.0134387074015018,0.019698048010468483
22,10.10.2019,8,2019,True,0.0133551755468653,0.02340143546462059
22,11.10.2019,8,2019,True,0.0125007281879386,0.021042047068476677
22,14.10.2019,8,2019,True,0.0116473842820173,0.019648265093564987
22,15.10.2019,8,2019,True,0.0113401031943577,0.021458769217133522
22,16.10.2019,8,2019,True,0.0115588954757002,0.020068662241101265
22,17.10.2019,8,2019,True,0.0120110011559921,0.019491594284772873
22,18.10.2019,8,2019,True,0.0131429111131125,0.02058251202106476
22,21.10.2019,8,2019,True,0.0138578978532596,0.02032458409667015
22,22.10.2019,8,2019,True,0.0145143684969379,0.02157638967037201
22,23.10.2019,8,2019,True,0.0139291142044223,0.020833689719438553
22,24.10.2019,8,2019,True,0.013865477193288,0.02053483948111534
22,25.10.2019,8,2019,True,0.0139504015049045,0.019246935844421387
22,28.10.2019,8,2019,True,0.0138544286985189,0.019705884158611298
22,29.10.2019,8,2019,True,0.0150525331370444,0.02250126376748085
22,30.10.2019,8,2019,True,0.0155953752123728,0.023141836747527122
22,31.10.2019,8,2019,True,0.0155341971826202,0.019570162519812584
22,01.11.2019,8,2019,True,0.016501505515491,0.020107492804527283
22,04.11.2019,8,2019,True,0.0164860913990641,0.018936967477202415
22,05.11.2019,8,2019,True,0.0165786633750559,0.01988588273525238
22,06.11.2019,8,2019,True,0.0159530380984494,0.01866329461336136
22,07.11.2019,8,2019,True,0.0158749772478194,0.016842473298311234
22,08.11.2019,8,2019,True,0.0160424947528066,0.018864920362830162
22,11.11.2019,8,2019,True,0.0160403469142644,0.01688532344996929
22,12.11.2019,8,2019,True,0.0163040014283317,0.019748030230402946
22,13.11.2019,8,2019,True,0.0162927522415059,0.019552716985344887
22,14.11.2019,8,2019,True,0.0163931943234422,0.019243018701672554
22,15.11.2019,8,2019,True,0.0161132823420251,0.01683560572564602
22,18.11.2019,8,2019,True,0.0157387808500318,0.01842140033841133
22,19.11.2019,8,2019,True,0.0146355322720192,0.01766248792409897
22,20.11.2019,8,2019,True,0.0139081108481313,0.018452752381563187
22,21.11.2019,8,2019,True,0.013194629227228,0.012945006601512432
22,22.11.2019,8,2019,True,0.0130574081525504,0.017499923706054688
22,25.11.2019,8,2019,True,0.0130559931155055,0.017588762566447258
22,26.11.2019,8,2019,True,0.0129759324201012,0.020702222362160683
22,27.11.2019,8,2019,True,0.0154028818363653,0.018063809722661972
22,29.11.2019,8,2019,True,0.0141629058302357,0.01855018362402916
22,02.12.2019,8,2019,True,0.0143881902540877,0.02055409364402294
22,03.12.2019,8,2019,True,0.0143043977071671,0.019139187410473824
22,04.12.2019,8,2019,True,0.0130189752612926,0.01760846935212612
22,05.12.2019,8,2019,True,0.0162729460569224,0.01722106710076332
22,06.12.2019,8,2019,True,0.0159654564840718,0.017771011218428612
22,09.12.2019,8,2019,True,0.016018516802522,0.019246360287070274
22,10.12.2019,8,2019,True,0.0162391609493349,0.01646784506738186
22,11.12.2019,8,2019,True,0.01612175098929,0.015507567673921585
22,12.12.2019,8,2019,True,0.016133513918163,0.015379116870462894
22,13.12.2019,8,2019,True,0.0158971843876774,0.015558112412691116
22,16.12.2019,8,2019,True,0.0159129792952334,0.01541613508015871
22,17.12.2019,8,2019,True,0.0157031794165358,0.014512443915009499
22,18.12.2019,8,2019,True,0.0162901850810411,0.014397747814655304
22,19.12.2019,8,2019,True,0.0165659723181171,0.016545528545975685
22,20.12.2019,8,2019,True,0.0170398161977378,0.011966614052653313
22,23.12.2019,8,2019,True,0.0174087851350005,0.012321712449193
22,24.12.2019,8,2019,True,0.0170887398341578,0.011941262520849705
22,26.12.2019,8,2019,True,0.0168757456262941,0.013597537763416767
22,27.12.2019,8,2019,True,0.0172565206128428,0.010312722064554691
22,30.12.2019,8,2019,True,0.0171128529006658,0.011923516169190407
22,31.12.2019,8,2019,True,0.020352521233539,0.014163857325911522
66,02.01.2019,8,2019,True,0.013892470311563,0.029872270300984383
66,03.01.2019,8,2019,True,0.0138296762482788,0.0296944510191679
66,04.01.2019,8,2019,True,0.0137678341606737,0.030920566990971565
66,07.01.2019,8,2019,True,0.0139083932198507,0.028528552502393723
66,08.01.2019,8,2019,True,0.0136933465399901,0.026698682457208633
66,09.01.2019,8,2019,True,0.0126662260458912,0.024254996329545975
66,10.01.2019,8,2019,True,0.0126816430135304,0.021881232038140297
66,11.01.2019,8,2019,True,0.0123917146422495,0.020516514778137207
66,14.01.2019,8,2019,True,0.0119075483698114,0.019817832857370377
66,15.01.2019,8,2019,True,0.0119323253328585,0.019875379279255867
66,16.01.2019,8,2019,True,0.0118965054623702,0.018856052309274673
66,17.01.2019,8,2019,True,0.0118816451334252,0.01982180029153824
66,18.01.2019,8,2019,True,0.0115932285505375,0.019058547914028168
66,22.01.2019,8,2019,True,0.0119733855554211,0.018175939098000526
66,23.01.2019,8,2019,True,0.0119389945321347,0.020563436672091484
66,24.01.2019,8,2019,True,0.0119719928283068,0.02117983251810074
66,25.01.2019,8,2019,True,0.012024088032112,0.022033754736185074
66,28.01.2019,8,2019,True,0.0117451576701185,0.020417317748069763
66,29.01.2019,8,2019,True,0.0114650871891092,0.0211535282433033
66,30.01.2019,8,2019,True,0.0114656185785852,0.02073565125465393
66,31.01.2019,8,2019,True,0.0117635025358951,0.020549951121211052
66,01.02.2019,8,2019,True,0.0117772352025941,0.02040913514792919
66,04.02.2019,8,2019,True,0.0117325356953848,0.017003953456878662
66,05.02.2019,8,2019,True,0.0116626125794775,0.017461806535720825
66,06.02.2019,8,2019,True,0.0116385350531076,0.01744997873902321
66,07.02.2019,8,2019,True,0.0114991472506276,0.01650652103126049
66,08.02.2019,8,2019,True,0.0114978320936677,0.017095496878027916
66,11.02.2019,8,2019,True,0.0114623916349598,0.01685280166566372
66,12.02.2019,8,2019,True,0.0114035110435034,0.016930457204580307
66,13.02.2019,8,2019,True,0.0112302076078472,0.017568953335285187
66,14.02.2019,8,2019,True,0.0111111138344052,0.01733463816344738
66,15.02.2019,8,2019,True,0.0109242326543313,0.017064930871129036
66,19.02.2019,8,2019,True,0.0123929232436354,0.017028670758008957
66,20.02.2019,8,2019,True,0.0124511504623384,0.016882779076695442
66,21.02.2019,8,2019,True,0.0126942973081101,0.016946565359830856
66,22.02.2019,8,2019,True,0.0127553743061095,0.01670547015964985
66,25.02.2019,8,2019,True,0.0128478988111603,0.016480831429362297
66,26.02.2019,8,2019,True,0.013592176402476,0.01742137409746647
66,27.02.2019,8,2019,True,0.0147796168342536,0.01695922389626503
66,28.02.2019,8,2019,True,0.014848152692679,0.017171189188957214
66,01.03.2019,8,2019,True,0.0149764563452362,0.017171189188957214
66,04.03.2019,8,2019,True,0.0150894669844205,0.017230451107025146
66,05.03.2019,8,2019,True,0.0154421116871993,0.017512070015072823
66,06.03.2019,8,2019,True,0.0155529584393816,0.016174228861927986
66,07.03.2019,8,2019,True,0.0155378693557431,0.01630891114473343
66,08.03.2019,8,2019,True,0.0161685858519286,0.01711159013211727
66,11.03.2019,8,2019,True,0.0163351799719026,0.015864746645092964
66,12.03.2019,8,2019,True,0.0164059145352709,0.015688778832554817
66,13.03.2019,8,2019,True,0.0164292893441097,0.015393379144370556
66,14.03.2019,8,2019,True,0.0166268403528675,0.015655426308512688
66,15.03.2019,8,2019,True,0.0166340011937202,0.01519565936177969
66,18.03.2019,8,2019,True,0.017435408916528,0.015542267821729183
66,19.03.2019,8,2019,True,0.0174997273249219,0.0156839732080698
66,20.03.2019,8,2019,True,0.017425323229794,0.016267310827970505
66,21.03.2019,8,2019,True,0.0173981604229415,0.015915021300315857
66,22.03.2019,8,2019,True,0.0175540041907893,0.016036774963140488
66,25.03.2019,8,2019,True,0.0175509967758002,0.015998443588614464
66,26.03.2019,8,2019,True,0.0174931729598207,0.013660479336977005
66,27.03.2019,8,2019,True,0.0177068528494189,0.013445505872368813
66,28.03.2019,8,2019,True,0.0184154767865588,0.013401531614363194
66,29.03.2019,8,2019,True,0.0186103114450396,0.013216136954724789
66,01.04.2019,8,2019,True,0.0185912734005169,0.01339078601449728
66,02.04.2019,8,2019,True,0.018574832308317,0.01332320086658001
66,03.04.2019,8,2019,True,0.0185763847213386,0.01364662405103445
66,04.04.2019,8,2019,True,0.0193705956622401,0.013148678466677666
66,05.04.2019,8,2019,True,0.0193086388609295,0.013174506835639477
66,08.04.2019,8,2019,True,0.019260576447215,0.011236097663640976
66,09.04.2019,8,2019,True,0.0192491412914236,0.011569405905902386
66,10.04.2019,8,2019,True,0.0195226167487621,0.01271393895149231
66,11.04.2019,8,2019,True,0.0195079589756425,0.012657641433179379
66,12.04.2019,8,2019,True,0.0197093983454094,0.013137818314135075
66,15.04.2019,8,2019,True,0.0197508231938422,0.013137818314135075
66,16.04.2019,8,2019,True,0.0197975952600303,0.012842009775340557
66,17.04.2019,8,2019,True,0.0198427372370741,0.0130992466583848
66,18.04.2019,8,2019,True,0.0198523544273471,0.012790660373866558
66,22.04.2019,8,2019,True,0.0194999604045137,0.011378677561879158
66,23.04.2019,8,2019,True,0.0194747674346812,0.013462411239743233
66,24.04.2019,8,2019,True,0.0194865632432494,0.01439491007477045
66,25.04.2019,8,2019,True,0.0196134519443691,0.013187711127102375
66,26.04.2019,8,2019,True,0.0193292097727786,0.013128566555678844
66,29.04.2019,8,2019,True,0.0213060968724697,0.01696016825735569
66,30.04.2019,8,2019,True,0.0214744825820396,0.016462845727801323
66,01.05.2019,8,2019,True,0.0218154547527133,0.016623586416244507
66,02.05.2019,8,2019,True,0.0217605109266602,0.01662588305771351
66,03.05.2019,8,2019,True,0.0224254003441217,0.017530573531985283
66,06.05.2019,8,2019,True,0.0225893759275885,0.01611272245645523
66,07.05.2019,8,2019,True,0.0226762244860814,0.017357496544718742
66,08.05.2019,8,2019,True,0.0226481115606835,0.017654940485954285
66,09.05.2019,8,2019,True,0.02341499613721,0.017329875379800797
66,10.05.2019,8,2019,True,0.0236571450576002,0.01736469753086567
66,13.05.2019,8,2019,True,0.0237658322222658,0.017241492867469788
66,14.05.2019,8,2019,True,0.0237020837453528,0.017985070124268532
66,15.05.2019,8,2019,True,0.0238168435084226,0.018147027119994164
66,16.05.2019,8,2019,True,0.0237669115580825,0.015988698229193687
66,17.05.2019,8,2019,True,0.0237814975561354,0.016407525166869164
66,20.05.2019,8,2019,True,0.0237855081596268,0.016529282554984093
66,21.05.2019,8,2019,True,0.0237898771326651,0.01617623120546341
66,22.05.2019,8,2019,True,0.0237494361349871,0.01615135185420513
66,23.05.2019,8,2019,True,0.0231960936011516,0.016118181869387627
66,24.05.2019,8,2019,True,0.0232264143107858,0.01729600876569748
66,28.05.2019,8,2019,True,0.0231043304347352,0.01728338561952114
66,29.05.2019,8,2019,True,0.0231109207742991,0.01647854782640934
66,30.05.2019,8,2019,True,0.0230808262046337,0.017860829830169678
66,31.05.2019,8,2019,True,0.0232806632841186,0.017789985984563828
66,03.06.2019,8,2019,True,0.022427508967794,0.02117069810628891
66,04.06.2019,8,2019,True,0.0224162359687292,0.026430567726492882
66,05.06.2019,8,2019,True,0.0223453428093032,0.023001108318567276
66,06.06.2019,8,2019,True,0.0222540631758214,0.025806410238146782
66,07.06.2019,8,2019,True,0.022238567014214,0.0219284500926733
66,10.06.2019,8,2019,True,0.0221714376538144,0.021865103393793106
66,11.06.2019,8,2019,True,0.0221729744938234,0.022944161668419838
66,12.06.2019,8,2019,True,0.0274104563910271,0.021926237270236015
66,13.06.2019,8,2019,True,0.0285793260242579,0.022924810647964478
66,14.06.2019,8,2019,True,0.0286119878152896,0.022660888731479645
66,17.06.2019,8,2019,True,0.0285626908924927,0.024520402774214745
66,18.06.2019,8,2019,True,0.0284688320351761,0.026363767683506012
66,19.06.2019,8,2019,True,0.0284730083483953,0.023789023980498314
66,20.06.2019,8,2019,True,0.028194104197776,0.022794218733906746
66,21.06.2019,8,2019,True,0.0281863467626297,0.022309301421046257
66,24.06.2019,8,2019,True,0.0281908858155209,0.022353457286953926
66,25.06.2019,8,2019,True,0.0282313623795551,0.02408876083791256
66,26.06.2019,8,2019,True,0.0281699502012123,0.021324727684259415
66,27.06.2019,8,2019,True,0.0284126664518087,0.021887578070163727
66,28.06.2019,8,2019,True,0.0285048739018006,0.023343807086348534
66,01.07.2019,8,2019,True,0.0283910109463806,0.022897994145751
66,02.07.2019,8,2019,True,0.0279917923886973,0.019995324313640594
66,03.07.2019,8,2019,True,0.0278373887121292,0.02183120884001255
66,05.07.2019,8,2019,True,0.0278205267846382,0.021111657842993736
66,08.07.2019,8,2019,True,0.0278226965289243,0.019760387018322945
66,09.07.2019,8,2019,True,0.0278805324922263,0.020110417157411575
66,10.07.2019,8,2019,True,0.0274947688988495,0.01928606629371643
66,11.07.2019,8,2019,True,0.027573402965484,0.019093545153737068
66,12.07.2019,8,2019,True,0.0275870540196539,0.018013576045632362
66,15.07.2019,8,2019,True,0.027635632310811,0.018596770241856575
66,16.07.2019,8,2019,True,0.0273897454252999,0.02059517800807953
66,17.07.2019,8,2019,True,0.0273775795749812,0.019013669341802597
66,18.07.2019,8,2019,True,0.0271905692221613,0.02156849391758442
66,19.07.2019,8,2019,True,0.0272147824040889,0.020055165514349937
66,22.07.2019,8,2019,True,0.0273410718822445,0.019355151802301407
66,23.07.2019,8,2019,True,0.0273368381583132,0.01880711130797863
66,24.07.2019,8,2019,True,0.0273199540534664,0.019209064543247223
66,25.07.2019,8,2019,True,0.0273296279561498,0.018497047945857048
66,26.07.2019,8,2019,True,0.0273291186881703,0.018117327243089676
66,29.07.2019,8,2019,True,0.027390316433048,0.0189953800290823
66,30.07.2019,8,2019,True,0.0273204481600764,0.018380222842097282
66,31.07.2019,8,2019,True,0.0274772068651877,0.01756015233695507
66,01.08.2019,8,2019,True,0.0259085487001791,0.016573220491409302
66,02.08.2019,8,2019,True,0.0258093073251935,0.023234011605381966
66,05.08.2019,8,2019,True,0.0255707818508733,0.019899865612387657
66,06.08.2019,8,2019,True,0.0255204730299841,0.023235607892274857
66,07.08.2019,8,2019,True,0.0248092699010238,0.02239338867366314
66,08.08.2019,8,2019,True,0.0247130257741506,0.021153148263692856
66,09.08.2019,8,2019,True,0.0246056520307801,0.02142089232802391
66,12.08.2019,8,2019,True,0.0246107942867736,0.01950724422931671
66,13.08.2019,8,2019,True,0.0239719754234861,0.020557207986712456
66,14.08.2019,8,2019,True,0.0237464876658724,0.020261235535144806
66,15.08.2019,8,2019,True,0.023655898874946,0.020113997161388397
66,16.08.2019,8,2019,True,0.0238560805497587,0.020341666415333748
66,19.08.2019,8,2019,True,0.0239307058152547,0.01935642398893833
66,20.08.2019,8,2019,True,0.0241105335097595,0.01833334006369114
66,21.08.2019,8,2019,True,0.0241380221111664,0.018939388915896416
66,22.08.2019,8,2019,True,0.0241250719410128,0.01903289183974266
66,23.08.2019,8,2019,True,0.0241117095626365,0.01918688602745533
66,26.08.2019,8,2019,True,0.0240714601658914,0.019853509962558746
66,27.08.2019,8,2019,True,0.0242489334529297,0.019642790779471397
66,28.08.2019,8,2019,True,0.0243649819034753,0.019331002607941628
66,29.08.2019,8,2019,True,0.0243362253163437,0.019207976758480072
66,30.08.2019,8,2019,True,0.0246813755267212,0.019770905375480652
66,03.09.2019,8,2019,True,0.024247179460969,0.020041147246956825
66,04.09.2019,8,2019,True,0.0238043318799981,0.019962335005402565
66,05.09.2019,8,2019,True,0.0238038433239245,0.019699526950716972
66,06.09.2019,8,2019,True,0.0237783921577759,0.018738778308033943
66,09.09.2019,8,2019,True,0.0237242028037466,0.019262537360191345
66,10.09.2019,8,2019,True,0.0237363083588288,0.019201835617423058
66,11.09.2019,8,2019,True,0.0235857762449915,0.01936599612236023
66,12.09.2019,8,2019,True,0.0235638676993729,0.017892662435770035
66,13.09.2019,8,2019,True,0.0235931049171671,0.01821146532893181
66,16.09.2019,8,2019,True,0.0164943962700786,0.017741454765200615
66,17.09.2019,8,2019,True,0.0142748728887595,0.026925982907414436
66,18.09.2019,8,2019,True,0.0141706290571725,0.026516608893871307
66,19.09.2019,8,2019,True,0.0140983458817673,0.019874248653650284
66,20.09.2019,8,2019,True,0.0141678554348922,0.021058648824691772
66,23.09.2019,8,2019,True,0.0141958673921497,0.019591348245739937
66,24.09.2019,8,2019,True,0.0137969252862691,0.019704759120941162
66,25.09.2019,8,2019,True,0.0137125496200703,0.019808689132332802
66,26.09.2019,8,2019,True,0.0144646591129063,0.020065154880285263
66,27.09.2019,8,2019,True,0.0143612596857731,0.02048603445291519
66,30.09.2019,8,2019,True,0.0147435839989267,0.020052030682563782
66,01.10.2019,8,2019,True,0.0141418951265388,0.01974920555949211
66,02.10.2019,8,2019,True,0.0139268769474327,0.01992739550769329
66,03.10.2019,8,2019,True,0.0149819010389052,0.020415082573890686
66,04.10.2019,8,2019,True,0.0149391631014451,0.020980115979909897
66,07.10.2019,8,2019,True,0.0149672347423484,0.019673043861985207
66,08.10.2019,8,2019,True,0.0150563629081074,0.020698606967926025
66,09.10.2019,8,2019,True,0.0150609735370205,0.019793493673205376
66,10.10.2019,8,2019,True,0.0150296645526207,0.01969444751739502
66,11.10.2019,8,2019,True,0.0148067750234664,0.02025943249464035
66,14.10.2019,8,2019,True,0.0145892547349147,0.020771512761712074
66,15.10.2019,8,2019,True,0.0145321178703452,0.022052638232707977
66,16.10.2019,8,2019,True,0.0147488998757506,0.019637838006019592
66,17.10.2019,8,2019,True,0.0149154026317968,0.0204787440598011
66,18.10.2019,8,2019,True,0.0151346719171022,0.0194026380777359
66,21.10.2019,8,2019,True,0.0153702634502566,0.01871524192392826
66,22.10.2019,8,2019,True,0.0152975552140348,0.018877483904361725
66,23.10.2019,8,2019,True,0.0150061895679785,0.018166810274124146
66,24.10.2019,8,2019,True,0.0152885013608433,0.018260452896356583
66,25.10.2019,8,2019,True,0.0152676230606584,0.018752802163362503
66,28.10.2019,8,2019,True,0.01722119121145,0.018583249300718307
66,29.10.2019,8,2019,True,0.0172414632231851,0.018309611827135086
66,30.10.2019,8,2019,True,0.0174470195946159,0.0189058817923069
66,31.10.2019,8,2019,True,0.0174472895480884,0.018289513885974884
66,01.11.2019,8,2019,True,0.0171766290229914,0.018611745908856392
66,04.11.2019,8,2019,True,0.0173201558479402,0.018228404223918915
66,05.11.2019,8,2019,True,0.0173275539225087,0.018735716119408607
66,06.11.2019,8,2019,True,0.0177091941328322,0.017475146800279617
66,07.11.2019,8,2019,True,0.0177180783553128,0.017588511109352112
66,08.11.2019,8,2019,True,0.0178581204314884,0.017390703782439232
66,11.11.2019,8,2019,True,0.0178834748520937,0.01736060343682766
66,12.11.2019,8,2019,True,0.0181367765479399,0.018094675615429878
66,13.11.2019,8,2019,True,0.0181294850924761,0.017511533573269844
66,14.11.2019,8,2019,True,0.0181997627237547,0.01856258139014244
66,15.11.2019,8,2019,True,0.0186410687127508,0.01697845384478569
66,18.11.2019,8,2019,True,0.0187901169512584,0.01737089827656746
66,19.11.2019,8,2019,True,0.0188549688911756,0.017175870016217232
66,20.11.2019,8,2019,True,0.0187533948569602,0.017565004527568817
66,21.11.2019,8,2019,True,0.0187813896515569,0.016478577628731728
66,22.11.2019,8,2019,True,0.0191390352627069,0.01744731329381466
66,25.11.2019,8,2019,True,0.0191205392815223,0.01708925887942314
66,26.11.2019,8,2019,True,0.0191004922347447,0.01765940524637699
66,27.11.2019,8,2019,True,0.0192443254175037,0.017550736665725708
66,29.11.2019,8,2019,True,0.0223988816552239,0.01748831383883953
66,02.12.2019,8,2019,True,0.0401241784354601,0.01902366615831852
66,03.12.2019,8,2019,True,0.0415750750698231,0.01780148409307003
66,04.12.2019,8,2019,True,0.0414089294469029,0.018174484372138977
66,05.12.2019,8,2019,True,0.0421515244438962,0.017047861590981483
66,06.12.2019,8,2019,True,0.04218238712395,0.01658662036061287
66,09.12.2019,8,2019,True,0.0442627699982039,0.015777770429849625
66,10.12.2019,8,2019,True,0.0444218031365557,0.015984341502189636
66,11.12.2019,8,2019,True,0.0472830853309683,0.015238012187182903
66,12.12.2019,8,2019,True,0.0506591623348271,0.01527420524507761
66,13.12.2019,8,2019,True,0.0507888104187526,0.015416346490383148
66,16.12.2019,8,2019,True,0.0507888721491509,0.01514748577028513
66,17.12.2019,8,2019,True,0.050742548015644,0.015166938304901123
66,18.12.2019,8,2019,True,0.050785611714088,0.015188074670732021
66,19.12.2019,8,2019,True,0.0508269148170131,0.015811070799827576
66,20.12.2019,8,2019,True,0.0510652452648957,0.014583097770810127
66,23.12.2019,8,2019,True,0.0518632046568396,0.01449547614902258
66,24.12.2019,8,2019,True,0.0517784794849497,0.014441950246691704
66,26.12.2019,8,2019,True,0.0531461950061344,0.014676308259367943
66,27.12.2019,8,2019,True,0.0588577291522032,0.01274639181792736
66,30.12.2019,8,2019,True,0.0614025776139869,0.014986827969551086
66,31.12.2019,8,2019,True,0.0613747934509396,0.015709003433585167
126,02.01.2019,8,2019,True,0.016865246360979,0.030568411573767662
126,03.01.2019,8,2019,True,0.0167980508080535,0.02956486865878105
126,04.01.2019,8,2019,True,0.0167171400734202,0.028681935742497444
126,07.01.2019,8,2019,True,0.0167136671411858,0.027810731902718544
126,08.01.2019,8,2019,True,0.0170165788083586,0.02832244336605072
126,09.01.2019,8,2019,True,0.0165619681885923,0.0263612512499094
126,10.01.2019,8,2019,True,0.016560745465286,0.023881180211901665
126,11.01.2019,8,2019,True,0.0164650471390834,0.024022363126277924
126,14.01.2019,8,2019,True,0.0165738090916502,0.023487817496061325
126,15.01.2019,8,2019,True,0.016427504837841,0.023582858964800835
126,16.01.2019,8,2019,True,0.0165856752723467,0.023029319941997528
126,17.01.2019,8,2019,True,0.0166019392468415,0.023573551326990128
126,18.01.2019,8,2019,True,0.0164952193576408,0.02120429277420044
126,22.01.2019,8,2019,True,0.0164215031877503,0.020443223416805267
126,23.01.2019,8,2019,True,0.0164392079802365,0.023468168452382088
126,24.01.2019,8,2019,True,0.0164411668616704,0.023106250911951065
126,25.01.2019,8,2019,True,0.0164229113826575,0.021447032690048218
126,28.01.2019,8,2019,True,0.0162271329349644,0.01991758495569229
126,29.01.2019,8,2019,True,0.0161600055000157,0.021664073690772057
126,30.01.2019,8,2019,True,0.0161644222129085,0.02060895971953869
126,31.01.2019,8,2019,True,0.0174803062782358,0.01992148905992508
126,01.02.2019,8,2019,True,0.0175988886956035,0.019233891740441322
126,04.02.2019,8,2019,True,0.0178353344418164,0.017425954341888428
126,05.02.2019,8,2019,True,0.0178661692976055,0.017750322818756104
126,06.02.2019,8,2019,True,0.0183110929006283,0.017557332292199135
126,07.02.2019,8,2019,True,0.0183487169658662,0.0171899925917387
126,08.02.2019,8,2019,True,0.0184245872877697,0.01722021773457527
126,11.02.2019,8,2019,True,0.0184068022972013,0.016781911253929138
126,12.02.2019,8,2019,True,0.0188101067472644,0.017084019258618355
126,13.02.2019,8,2019,True,0.0189200655001035,0.017267407849431038
126,14.02.2019,8,2019,True,0.0189576037800997,0.01710510440170765
126,15.02.2019,8,2019,True,0.0188212500347477,0.016869142651557922
126,19.02.2019,8,2019,True,0.0188985656952048,0.016923028975725174
126,20.02.2019,8,2019,True,0.0188829981176363,0.016869142651557922
126,21.02.2019,8,2019,True,0.0188889536466782,0.017260534688830376
126,22.02.2019,8,2019,True,0.0188946867464054,0.016700204461812973
126,25.02.2019,8,2019,True,0.0186507069210778,0.016023268923163414
126,26.02.2019,8,2019,True,0.0186598156673283,0.017498712986707687
126,27.02.2019,8,2019,True,0.0186295656579612,0.017146332189440727
126,28.02.2019,8,2019,True,0.01868772039841,0.017665434628725052
126,01.03.2019,8,2019,True,0.0186682083405282,0.017665434628725052
126,04.03.2019,8,2019,True,0.018669733391073,0.017796065658330917
126,05.03.2019,8,2019,True,0.0189387310059044,0.016894590109586716
126,06.03.2019,8,2019,True,0.0193034207941268,0.016291165724396706
126,07.03.2019,8,2019,True,0.0193022106631377,0.016244780272245407
126,08.03.2019,8,2019,True,0.0193110040129075,0.016869142651557922
126,11.03.2019,8,2019,True,0.0193377679099839,0.01577373407781124
126,12.03.2019,8,2019,True,0.0193387343640404,0.015753064304590225
126,13.03.2019,8,2019,True,0.0194264891647512,0.015886234119534492
126,14.03.2019,8,2019,True,0.0194313991040954,0.015886234119534492
126,15.03.2019,8,2019,True,0.0194320548595738,0.015584125183522701
126,18.03.2019,8,2019,True,0.0229542423325098,0.01541101187467575
126,19.03.2019,8,2019,True,0.0237201865191683,0.015728600323200226
126,20.03.2019,8,2019,True,0.0237239142443463,0.015728600323200226
126,21.03.2019,8,2019,True,0.0237391047226086,0.015584125183522701
126,22.03.2019,8,2019,True,0.0237154757051132,0.015886234119534492
126,25.03.2019,8,2019,True,0.0237245062610255,0.015843216329813004
126,26.03.2019,8,2019,True,0.0238125040408925,0.014953240752220154
126,27.03.2019,8,2019,True,0.0238313429695261,0.014750470407307148
126,28.03.2019,8,2019,True,0.0238378261815173,0.014750470407307148
126,29.03.2019,8,2019,True,0.023850705372405,0.014908106066286564
126,01.04.2019,8,2019,True,0.0238856537651834,0.014908106066286564
126,02.04.2019,8,2019,True,0.0240335553576121,0.014590517617762089
126,03.04.2019,8,2019,True,0.0240948473234417,0.014674600213766098
126,04.04.2019,8,2019,True,0.0240941265814274,0.014777792617678642
126,05.04.2019,8,2019,True,0.0240845257856604,0.014448815956711769
126,08.04.2019,8,2019,True,0.0240597359486857,0.01293044351041317
126,09.04.2019,8,2019,True,0.0240549656354486,0.012983016669750214
126,10.04.2019,8,2019,True,0.0240064724051278,0.01427978090941906
126,11.04.2019,8,2019,True,0.024022609664325,0.013548674061894417
126,12.04.2019,8,2019,True,0.0241042061130941,0.014693710021674633
126,15.04.2019,8,2019,True,0.0241553464353252,0.014693710021674633
126,16.04.2019,8,2019,True,0.0241545949086663,0.014432881958782673
126,17.04.2019,8,2019,True,0.0241827479971597,0.014853138476610184
126,18.04.2019,8,2019,True,0.0241915933761079,0.014115197584033012
126,22.04.2019,8,2019,True,0.0240500234950578,0.012680907733738422
126,23.04.2019,8,2019,True,0.0240449581092207,0.014734990894794464
126,24.04.2019,8,2019,True,0.0240777399864813,0.015545358881354332
126,25.04.2019,8,2019,True,0.0241893462969879,0.014577355235815048
126,26.04.2019,8,2019,True,0.0240684565412743,0.014734990894794464
126,29.04.2019,8,2019,True,0.024076298017084,0.016977393999695778
126,30.04.2019,8,2019,True,0.0240593674557792,0.016069622710347176
126,01.05.2019,8,2019,True,0.024051042556729,0.016009695827960968
126,02.05.2019,8,2019,True,0.0240288671107404,0.016167329624295235
126,03.05.2019,8,2019,True,0.0240318931183478,0.017496496438980103
126,06.05.2019,8,2019,True,0.0241296329037579,0.016023268923163414
126,07.05.2019,8,2019,True,0.0240854536445594,0.01697707735002041
126,08.05.2019,8,2019,True,0.0241084759751512,0.016886873170733452
126,09.05.2019,8,2019,True,0.0241655864458409,0.016875937581062317
126,10.05.2019,8,2019,True,0.0241787311612871,0.017260534688830376
126,13.05.2019,8,2019,True,0.0241785933987517,0.01697707735002041
126,14.05.2019,8,2019,True,0.0241429845778933,0.017344417050480843
126,15.05.2019,8,2019,True,0.0241310403902985,0.017260534688830376
126,16.05.2019,8,2019,True,0.0241095094353387,0.016551926732063293
126,17.05.2019,8,2019,True,0.024106203299094,0.016551926732063293
126,20.05.2019,8,2019,True,0.0241552263171202,0.01632794924080372
126,21.05.2019,8,2019,True,0.0241788351812288,0.015467572957277298
126,22.05.2019,8,2019,True,0.0242316750345193,0.015534467063844204
126,23.05.2019,8,2019,True,0.0239907657961173,0.015801988542079926
126,24.05.2019,8,2019,True,0.0240649005023604,0.017246605828404427
126,28.05.2019,8,2019,True,0.02400230819022,0.01772530935704708
126,29.05.2019,8,2019,True,0.023993558981236,0.017279863357543945
126,30.05.2019,8,2019,True,0.0237773139849452,0.018520040437579155
126,31.05.2019,8,2019,True,0.0235592119465047,0.020556876435875893
126,03.06.2019,8,2019,True,0.0232266567903451,0.024185018613934517
126,04.06.2019,8,2019,True,0.0233082373019011,0.0259992852807045
126,05.06.2019,8,2019,True,0.0232269317343753,0.023797716945409775
126,06.06.2019,8,2019,True,0.023389513317289,0.02514924667775631
126,07.06.2019,8,2019,True,0.0232814075059479,0.02290700376033783
126,10.06.2019,8,2019,True,0.0232784237901664,0.023246124386787415
126,11.06.2019,8,2019,True,0.0232794282334691,0.02342863194644451
126,12.06.2019,8,2019,True,0.0230253933476295,0.023565487936139107
126,13.06.2019,8,2019,True,0.022961528450952,0.02380344830453396
126,14.06.2019,8,2019,True,0.0229492741924129,0.02356891892850399
126,17.06.2019,8,2019,True,0.0229350651492032,0.02381303906440735
126,18.06.2019,8,2019,True,0.0228721364557857,0.026435555890202522
126,19.06.2019,8,2019,True,0.0228881372845607,0.024017419666051865
126,20.06.2019,8,2019,True,0.0225882711016209,0.02366742305457592
126,21.06.2019,8,2019,True,0.0225704592330597,0.024087365716695786
126,24.06.2019,8,2019,True,0.0225721027930522,0.02366742305457592
126,25.06.2019,8,2019,True,0.0225730612040327,0.02381303906440735
126,26.06.2019,8,2019,True,0.0225145190815595,0.023844532668590546
126,27.06.2019,8,2019,True,0.0225341182731795,0.023393308743834496
126,28.06.2019,8,2019,True,0.0225361068193984,0.022713622078299522
126,01.07.2019,8,2019,True,0.0224450901782146,0.02285904437303543
126,02.07.2019,8,2019,True,0.0223684470819528,0.02007322572171688
126,03.07.2019,8,2019,True,0.0222827823059665,0.022270608693361282
126,05.07.2019,8,2019,True,0.0224883971297818,0.020632527768611908
126,08.07.2019,8,2019,True,0.0224901481694807,0.019851118326187134
126,09.07.2019,8,2019,True,0.022507435357702,0.01921865902841091
126,10.07.2019,8,2019,True,0.0224949193429866,0.01922631449997425
126,11.07.2019,8,2019,True,0.0224859070605752,0.01909853145480156
126,12.07.2019,8,2019,True,0.0224901165347547,0.01851770654320717
126,15.07.2019,8,2019,True,0.0225130003660408,0.01922631449997425
126,16.07.2019,8,2019,True,0.0223291569335561,0.019061025232076645
126,17.07.2019,8,2019,True,0.0223187224502892,0.01910257153213024
126,18.07.2019,8,2019,True,0.0221964680997692,0.020191028714179993
126,19.07.2019,8,2019,True,0.0221857436408359,0.01925615221261978
126,22.07.2019,8,2019,True,0.0221615484643832,0.019216561689972878
126,23.07.2019,8,2019,True,0.0222315860422308,0.0191725492477417
126,24.07.2019,8,2019,True,0.0222751603506435,0.01902693323791027
126,25.07.2019,8,2019,True,0.0223577188038895,0.018690580502152443
126,26.07.2019,8,2019,True,0.0224468197654893,0.018039172515273094
126,29.07.2019,8,2019,True,0.0224457464891179,0.018291279673576355
126,30.07.2019,8,2019,True,0.0224039001064484,0.018291279673576355
126,31.07.2019,8,2019,True,0.0225045973807333,0.017700230702757835
126,01.08.2019,8,2019,True,0.0215164583287161,0.017084019258618355
126,02.08.2019,8,2019,True,0.02219562321572,0.021938618272542953
126,05.08.2019,8,2019,True,0.0220072477309497,0.020951857790350914
126,06.08.2019,8,2019,True,0.0220836092753576,0.02280612848699093
126,07.08.2019,8,2019,True,0.0216912519005329,0.02190103568136692
126,08.08.2019,8,2019,True,0.0216254459120437,0.02300429716706276
126,09.08.2019,8,2019,True,0.0216353597296185,0.021087531000375748
126,12.08.2019,8,2019,True,0.0216737984746822,0.02028006874024868
126,13.08.2019,8,2019,True,0.0214805736724674,0.020116206258535385
126,14.08.2019,8,2019,True,0.0213376240220817,0.019627954810857773
126,15.08.2019,8,2019,True,0.0213127983103376,0.020578227937221527
126,16.08.2019,8,2019,True,0.0213140632821207,0.021262649446725845
126,19.08.2019,8,2019,True,0.0213525586899308,0.02028006874024868
126,20.08.2019,8,2019,True,0.021350039573628,0.01969066634774208
126,21.08.2019,8,2019,True,0.0213805231778585,0.020070385187864304
126,22.08.2019,8,2019,True,0.0216419428035955,0.019773181527853012
126,23.08.2019,8,2019,True,0.0217301837176858,0.019712787121534348
126,26.08.2019,8,2019,True,0.0218487626139111,0.020349819213151932
126,27.08.2019,8,2019,True,0.0219046580480567,0.020269718021154404
126,28.08.2019,8,2019,True,0.0220245069411103,0.019783543422818184
126,29.08.2019,8,2019,True,0.0221474803877526,0.01997671276330948
126,30.08.2019,8,2019,True,0.0221314027010438,0.019020190462470055
126,03.09.2019,8,2019,True,0.0219342405197062,0.018912944942712784
126,04.09.2019,8,2019,True,0.0216887400721731,0.01990695111453533
126,05.09.2019,8,2019,True,0.023360945128286,0.02017996646463871
126,06.09.2019,8,2019,True,0.0337246681138718,0.01910257153213024
126,09.09.2019,8,2019,True,0.034505306728194,0.01918681710958481
126,10.09.2019,8,2019,True,0.0346462058588445,0.01902918331325054
126,11.09.2019,8,2019,True,0.0351563888961954,0.01922631449997425
126,12.09.2019,8,2019,True,0.0352184186364884,0.018117224797606468
126,13.09.2019,8,2019,True,0.0366646662612253,0.018270814791321754
126,16.09.2019,8,2019,True,0.0345474611583297,0.01795867830514908
126,17.09.2019,8,2019,True,0.0362537109387926,0.029787816107273102
126,18.09.2019,8,2019,True,0.0384005720614201,0.027428673580288887
126,19.09.2019,8,2019,True,0.0385931297887378,0.024447286501526833
126,20.09.2019,8,2019,True,0.0385984326076301,0.024695217609405518
126,23.09.2019,8,2019,True,0.0385899714622324,0.024209020659327507
126,24.09.2019,8,2019,True,0.0385762246138793,0.023348163813352585
126,25.09.2019,8,2019,True,0.0386824541666925,0.0232137031853199
126,26.09.2019,8,2019,True,0.0389027825385979,0.02325493097305298
126,27.09.2019,8,2019,True,0.0396088094967065,0.023059774190187454
126,30.09.2019,8,2019,True,0.0396025103263228,0.023426661267876625
126,01.10.2019,8,2019,True,0.0403836203140781,0.02309907041490078
126,02.10.2019,8,2019,True,0.0440345783594204,0.023241359740495682
126,03.10.2019,8,2019,True,0.0456598732510126,0.023426661267876625
126,04.10.2019,8,2019,True,0.045703150964548,0.023666104301810265
126,07.10.2019,8,2019,True,0.0457893862003255,0.0232137031853199
126,08.10.2019,8,2019,True,0.0458935057068374,0.023622572422027588
126,09.10.2019,8,2019,True,0.0460131683353167,0.022977741435170174
126,10.10.2019,8,2019,True,0.0459993798826556,0.022985493764281273
126,11.10.2019,8,2019,True,0.0462876934361386,0.02316458523273468
126,14.10.2019,8,2019,True,0.0465908382520479,0.02316458523273468
126,15.10.2019,8,2019,True,0.0465990036628722,0.02308470755815506
126,16.10.2019,8,2019,True,0.0465928083777478,0.02081463485956192
126,17.10.2019,8,2019,True,0.0472243725718263,0.02131548523902893
126,18.10.2019,8,2019,True,0.0531196079977874,0.02020922861993313
126,21.10.2019,8,2019,True,0.0533997291390417,0.018382418900728226
126,22.10.2019,8,2019,True,0.0535883602388676,0.018382418900728226
126,23.10.2019,8,2019,True,0.0535225209652922,0.017342550680041313
126,24.10.2019,8,2019,True,0.0537825729563737,0.018044155091047287
126,25.10.2019,8,2019,True,0.0538435221922939,0.018618380650877953
126,28.10.2019,8,2019,True,0.0546595391118483,0.017643986269831657
126,29.10.2019,8,2019,True,0.0557310548878919,0.01780819334089756
126,30.10.2019,8,2019,True,0.0559193728167961,0.017592869699001312
126,31.10.2019,8,2019,True,0.0560058597489461,0.016920648515224457
126,01.11.2019,8,2019,True,0.057243596176357,0.017773879691958427
126,04.11.2019,8,2019,True,0.0573204042960387,0.01724085584282875
126,05.11.2019,8,2019,True,0.0572952110636509,0.01768435724079609
126,06.11.2019,8,2019,True,0.057498409885371,0.017020411789417267
126,07.11.2019,8,2019,True,0.0575869632095542,0.01703171618282795
126,08.11.2019,8,2019,True,0.0576023710389404,0.017044875770807266
126,11.11.2019,8,2019,True,0.0576323436215929,0.01678445003926754
126,12.11.2019,8,2019,True,0.0579712486312683,0.016845645383000374
126,13.11.2019,8,2019,True,0.0581253003150971,0.016482342034578323
126,14.11.2019,8,2019,True,0.0584956718114887,0.017892325296998024
126,15.11.2019,8,2019,True,0.0584656672836194,0.016784287989139557
126,18.11.2019,8,2019,True,0.0585479374517584,0.016731876879930496
126,19.11.2019,8,2019,True,0.0585305967023824,0.016700204461812973
126,20.11.2019,8,2019,True,0.058507358736457,0.01671830378472805
126,21.11.2019,8,2019,True,0.0585260186129619,0.0169361662119627
126,22.11.2019,8,2019,True,0.0586116492490775,0.017044875770807266
126,25.11.2019,8,2019,True,0.0586348337463248,0.01717550680041313
126,26.11.2019,8,2019,True,0.0586230028713464,0.016887241974473
126,27.11.2019,8,2019,True,0.0591213792910344,0.017267407849431038
126,29.11.2019,8,2019,True,0.0591762584798297,0.01695338822901249
126,02.12.2019,8,2019,True,0.0591520164751219,0.018618380650877953
126,03.12.2019,8,2019,True,0.0591565533341607,0.017927005887031555
126,04.12.2019,8,2019,True,0.0592949660675824,0.018011251464486122
126,05.12.2019,8,2019,True,0.059361308136978,0.017017873004078865
126,06.12.2019,8,2019,True,0.0593475599943627,0.01731998100876808
126,09.12.2019,8,2019,True,0.0593663601086512,0.017185643315315247
126,10.12.2019,8,2019,True,0.0597476185845296,0.017269888892769814
126,11.12.2019,8,2019,True,0.0597504913976667,0.016284946352243423
126,12.12.2019,8,2019,True,0.0597985670506117,0.016185803338885307
126,13.12.2019,8,2019,True,0.0598526519065456,0.016185803338885307
126,16.12.2019,8,2019,True,0.059850969291645,0.01610155776143074
126,17.12.2019,8,2019,True,0.059871268628506,0.01610155776143074
126,18.12.2019,8,2019,True,0.0598962003138823,0.016012689098715782
126,19.12.2019,8,2019,True,0.0599303922139217,0.01610155776143074
126,20.12.2019,8,2019,True,0.0599332551631505,0.014867648482322693
126,23.12.2019,8,2019,True,0.0601113484675199,0.01541101187467575
126,24.12.2019,8,2019,True,0.060126757802455,0.015093320049345493
126,26.12.2019,8,2019,True,0.0601132401422326,0.01541101187467575
126,27.12.2019,8,2019,True,0.0601378373513459,0.013659031130373478
126,30.12.2019,8,2019,True,0.0601395739047602,0.01539542805403471
126,31.12.2019,8,2019,True,0.0601108107717703,0.01583843119442463
5,02.01.2020,9,2020,True,0.0277497124968973,0.012786224484443665
5,03.01.2020,9,2020,True,0.0183639120767787,0.014476836659014225
5,06.01.2020,9,2020,True,0.0162770908007995,0.012776258401572704
5,07.01.2020,9,2020,True,0.0183480483447382,0.016115212813019753
5,08.01.2020,9,2020,True,0.0063690449800377,0.013815625570714474
5,09.01.2020,9,2020,True,0.0090339246369451,0.015041468665003777
5,10.01.2020,9,2020,True,0.009070458640898,0.01923380047082901
5,13.01.2020,9,2020,True,0.0069436706990947,0.013956768438220024
5,14.01.2020,9,2020,True,0.0118946626461309,0.020878368988633156
5,15.01.2020,9,2020,True,0.0136355528854091,0.017837896943092346
5,16.01.2020,9,2020,True,0.0116284598079368,0.01586092635989189
5,17.01.2020,9,2020,True,0.007875983230138,0.015242069028317928
5,21.01.2020,9,2020,True,0.0110570796812306,0.01573263667523861
5,22.01.2020,9,2020,True,0.0139510059825109,0.01461826078593731
5,23.01.2020,9,2020,True,0.0152154816139622,0.013974037021398544
5,24.01.2020,9,2020,True,0.0146786739780681,0.015723856166005135
5,27.01.2020,9,2020,True,0.0299177861131571,0.015347074717283249
5,28.01.2020,9,2020,True,0.0282953477530544,0.019055187702178955
5,29.01.2020,9,2020,True,0.0333075485191993,0.016638346016407013
5,30.01.2020,9,2020,True,0.0329808525022141,0.01628192327916622
5,31.01.2020,9,2020,True,0.0326433845920162,0.01765727996826172
5,03.02.2020,9,2020,True,0.0171546607854485,0.020749889314174652
5,04.02.2020,9,2020,True,0.0185847399843258,0.025614632293581963
5,05.02.2020,9,2020,True,0.0214020252376977,0.020779570564627647
5,06.02.2020,9,2020,True,0.0210741294010147,0.0204921904951334
5,07.02.2020,9,2020,True,0.0200712798054514,0.015929628163576126
5,10.02.2020,9,2020,True,0.0098374700457725,0.01592191495001316
5,11.02.2020,9,2020,True,0.0102000829065403,0.016533156856894493
5,12.02.2020,9,2020,True,0.0080747561562223,0.0176019798964262
5,13.02.2020,9,2020,True,0.0143113600759342,0.01596694625914097
5,14.02.2020,9,2020,True,0.0235044771396884,0.01469484530389309
5,18.02.2020,9,2020,True,0.0240495512940362,0.015946757048368454
5,19.02.2020,9,2020,True,0.0157839996273603,0.016962645575404167
5,20.02.2020,9,2020,True,0.0088598984734815,0.015295364893972874
5,21.02.2020,9,2020,True,0.0061088215438361,0.018091822043061256
5,24.02.2020,9,2020,True,0.0244103841254618,0.0174255408346653
5,25.02.2020,9,2020,True,0.0247460391250058,0.014517935924232006
5,26.02.2020,9,2020,True,0.023163908043327,0.02081558294594288
5,27.02.2020,9,2020,True,0.0229881681897431,0.024129526689648628
5,28.02.2020,9,2020,True,0.047076352222003,0.024500347673892975
5,02.03.2020,9,2020,True,0.1146366351543925,0.026579510420560837
5,03.03.2020,9,2020,True,0.1332028167517063,0.025800738483667374
5,04.03.2020,9,2020,True,0.1312094473903915,0.02365569956600666
5,05.03.2020,9,2020,True,0.1284065344170164,0.025421570986509323
5,06.03.2020,9,2020,True,0.1350647607407708,0.025525007396936417
5,09.03.2020,9,2020,True,0.0781335067286872,0.037640511989593506
5,10.03.2020,9,2020,True,0.0505748949609335,0.04745100066065788
5,11.03.2020,9,2020,True,0.0639566968117431,0.04678132385015488
5,12.03.2020,9,2020,True,0.1125349100159635,0.04358023405075073
5,13.03.2020,9,2020,True,0.1091596307692711,0.04028705507516861
5,16.03.2020,9,2020,True,0.1019013134840709,0.04190579056739807
5,17.03.2020,9,2020,True,0.1014161579055846,0.044146083295345306
5,18.03.2020,9,2020,True,0.0694801779061883,0.056863460689783096
5,19.03.2020,9,2020,True,0.0287606068756823,0.0573352612555027
5,20.03.2020,9,2020,True,0.0291820486063726,0.05283890664577484
5,23.03.2020,9,2020,True,0.041929357625014,0.055228158831596375
5,24.03.2020,9,2020,True,0.0407513053187065,0.04457329958677292
5,25.03.2020,9,2020,True,0.0668650804057273,0.0530632808804512
5,26.03.2020,9,2020,True,0.1135111624103916,0.04702546074986458
5,27.03.2020,9,2020,True,0.1108362200506252,0.053897421807050705
5,30.03.2020,9,2020,True,0.0917503352532335,0.06525777280330658
5,31.03.2020,9,2020,True,0.1000440260941304,0.049060795456171036
5,01.04.2020,9,2020,True,0.1007119440642178,0.06709606200456619
5,02.04.2020,9,2020,True,0.0733245287809705,0.0496046245098114
5,03.04.2020,9,2020,True,0.0317673665705126,0.04921548441052437
5,06.04.2020,9,2020,True,0.0403696839852427,0.04913702979683876
5,07.04.2020,9,2020,True,0.0450663831652034,0.04593806713819504
5,08.04.2020,9,2020,True,0.0377366197671217,0.041807208210229874
5,09.04.2020,9,2020,True,0.0414887472186739,0.03789287805557251
5,13.04.2020,9,2020,True,0.0470464079968862,0.038688722997903824
5,14.04.2020,9,2020,True,0.1175556351976704,0.05364729091525078
5,15.04.2020,9,2020,True,0.1332652334262758,0.06840608268976212
5,16.04.2020,9,2020,True,0.1395305272528271,0.05509234219789505
5,17.04.2020,9,2020,True,0.1390770144539133,0.0616455152630806
5,20.04.2020,9,2020,True,0.1377878359178443,0.05016052722930908
5,21.04.2020,9,2020,True,0.0492231055173554,0.053289610892534256
5,22.04.2020,9,2020,True,0.0610646679811303,0.048883747309446335
5,23.04.2020,9,2020,True,0.0744455027305507,0.05586842820048332
5,24.04.2020,9,2020,True,0.0727130463661653,0.0474182665348053
5,27.04.2020,9,2020,True,0.041428612158639,0.039838358759880066
5,28.04.2020,9,2020,True,0.0440875349937062,0.04957474395632744
5,29.04.2020,9,2020,True,0.0692357725505724,0.05119188502430916
5,30.04.2020,9,2020,True,0.0647445220510094,0.0562075637280941
5,01.05.2020,9,2020,True,0.0650443002525205,0.0490926168859005
5,04.05.2020,9,2020,True,0.0735078901443996,0.043034493923187256
5,05.05.2020,9,2020,True,0.0392311911595938,0.041445378214120865
5,06.05.2020,9,2020,True,0.0364639147916588,0.05484404042363167
5,07.05.2020,9,2020,True,0.0470062243047447,0.042156368494033813
5,08.05.2020,9,2020,True,0.0456553457772644,0.05020424351096153
5,11.05.2020,9,2020,True,0.0399040423111877,0.056340355426073074
5,12.05.2020,9,2020,True,0.0425819890766942,0.05157317966222763
5,13.05.2020,9,2020,True,0.0295322198273737,0.06371507048606873
5,14.05.2020,9,2020,True,0.028808262135334,0.043509867042303085
5,15.05.2020,9,2020,True,0.0362594387532142,0.04994897544384003
5,18.05.2020,9,2020,True,0.0240446825989578,0.04417175427079201
5,19.05.2020,9,2020,True,0.0324459216867486,0.05868396908044815
5,20.05.2020,9,2020,True,0.0293631209089166,0.04714111238718033
5,21.05.2020,9,2020,True,0.0288331318996803,0.04976002126932144
5,22.05.2020,9,2020,True,0.0442020705952252,0.05712221935391426
5,26.05.2020,9,2020,True,0.0444159591518459,0.056283678859472275
5,27.05.2020,9,2020,True,0.0324991495206402,0.04347800463438034
5,28.05.2020,9,2020,True,0.0337671525670354,0.05262181907892227
5,29.05.2020,9,2020,True,0.0329993829973498,0.0464346781373024
5,01.06.2020,9,2020,True,0.0344854316771205,0.04872891306877136
5,02.06.2020,9,2020,True,0.0327145427462115,0.037891510874032974
5,03.06.2020,9,2020,True,0.0327533178099638,0.04435628652572632
5,04.06.2020,9,2020,True,0.0518002117226817,0.04151896387338638
5,05.06.2020,9,2020,True,0.0397340486218412,0.03978825733065605
5,08.06.2020,9,2020,True,0.0420107891160099,0.03496376425027847
5,09.06.2020,9,2020,True,0.0448801067995189,0.04410848766565323
5,10.06.2020,9,2020,True,0.0441633604866178,0.04522707313299179
5,11.06.2020,9,2020,True,0.0152104583660033,0.04198769852519035
5,12.06.2020,9,2020,True,0.0141236721515789,0.034035824239254
5,15.06.2020,9,2020,True,0.0136217869928301,0.04434707388281822
5,16.06.2020,9,2020,True,0.0150572483344212,0.037974294275045395
5,17.06.2020,9,2020,True,0.0327897416160418,0.04343971610069275
5,18.06.2020,9,2020,True,0.0325865712790456,0.032199736684560776
5,19.06.2020,9,2020,True,0.0310269930359965,0.041003111749887466
5,22.06.2020,9,2020,True,0.0301763850485832,0.03814875707030296
5,23.06.2020,9,2020,True,0.0303071316847125,0.03390267863869667
5,24.06.2020,9,2020,True,0.0149245753857576,0.03839128464460373
5,25.06.2020,9,2020,True,0.0165491843407437,0.03844752162694931
5,26.06.2020,9,2020,True,0.0165810575601741,0.03890308737754822
5,29.06.2020,9,2020,True,0.016599037963366,0.044665735214948654
5,30.06.2020,9,2020,True,0.0126282498156642,0.04023677110671997
5,01.07.2020,9,2020,True,0.0171366056429799,0.04631969332695007
5,02.07.2020,9,2020,True,0.0153145337794932,0.03513278812170029
5,06.07.2020,9,2020,True,0.0163481480588302,0.025114530697464943
5,07.07.2020,9,2020,True,0.016573246332527,0.030386891216039658
5,08.07.2020,9,2020,True,0.0191950793210288,0.030485576018691063
5,09.07.2020,9,2020,True,0.0157942367368147,0.026135437190532684
5,10.07.2020,9,2020,True,0.0132832110350435,0.02530275471508503
5,13.07.2020,9,2020,True,0.0115870790480586,0.02695523202419281
5,14.07.2020,9,2020,True,0.0150419799598781,0.026925062760710716
5,15.07.2020,9,2020,True,0.0129438953238256,0.02862498350441456
5,16.07.2020,9,2020,True,0.0166083425069661,0.02308693714439869
5,17.07.2020,9,2020,True,0.0163680964029341,0.026625866070389748
5,20.07.2020,9,2020,True,0.0163267038795973,0.02176845073699951
5,21.07.2020,9,2020,True,0.0099638035377657,0.02566435933113098
5,22.07.2020,9,2020,True,0.0126633005594764,0.024951927363872528
5,23.07.2020,9,2020,True,0.0112404510444913,0.02896083891391754
5,24.07.2020,9,2020,True,0.0121363822115993,0.019396832212805748
5,27.07.2020,9,2020,True,0.0150625111470241,0.02010735124349594
5,28.07.2020,9,2020,True,0.0144300639628016,0.022631948813796043
5,29.07.2020,9,2020,True,0.0150468604274389,0.02298845537006855
5,30.07.2020,9,2020,True,0.0084586359376126,0.016345707699656487
5,31.07.2020,9,2020,True,0.0141935144893736,0.02089127153158188
5,03.08.2020,9,2020,True,0.0128158399827519,0.029522113502025604
5,04.08.2020,9,2020,True,0.014208191533272,0.021617192775011063
5,05.08.2020,9,2020,True,0.0154624913453838,0.022718802094459534
5,06.08.2020,9,2020,True,0.0163269965105309,0.020292621105909348
5,07.08.2020,9,2020,True,0.0143767696927511,0.02283809706568718
5,10.08.2020,9,2020,True,0.0142678712908808,0.02583419345319271
5,11.08.2020,9,2020,True,0.0124632239501106,0.025006555020809174
5,12.08.2020,9,2020,True,0.0084883535826891,0.023121150210499763
5,13.08.2020,9,2020,True,0.0084924562795072,0.01948850229382515
5,14.08.2020,9,2020,True,0.0100952963471557,0.021070903167128563
5,17.08.2020,9,2020,True,0.0119010229003448,0.026048537343740463
5,18.08.2020,9,2020,True,0.0142334363794184,0.015509202145040035
5,19.08.2020,9,2020,True,0.0144729752887634,0.012168938294053078
5,20.08.2020,9,2020,True,0.0148315472867288,0.014850679785013199
5,21.08.2020,9,2020,True,0.0130699530016985,0.016128774732351303
5,24.08.2020,9,2020,True,0.0106314455855669,0.017566559836268425
5,25.08.2020,9,2020,True,0.0076312486220193,0.01653522253036499
5,26.08.2020,9,2020,True,0.0134716352609708,0.014866950921714306
5,27.08.2020,9,2020,True,0.0130845497369607,0.021835992112755775
5,28.08.2020,9,2020,True,0.0176906795216621,0.018783364444971085
5,31.08.2020,9,2020,True,0.0289471441416324,0.012854890897870064
5,01.09.2020,9,2020,True,0.0347320732685499,0.015603279694914818
5,02.09.2020,9,2020,True,0.0347132111560699,0.015267626382410526
5,03.09.2020,9,2020,True,0.0349440089164813,0.023356737568974495
5,04.09.2020,9,2020,True,0.0346543880837693,0.026805372908711433
5,08.09.2020,9,2020,True,0.0192094398167883,0.02281161956489086
5,09.09.2020,9,2020,True,0.024230884553498,0.035273946821689606
5,10.09.2020,9,2020,True,0.0205433394211951,0.02189941704273224
5,11.09.2020,9,2020,True,0.0199673819217693,0.02724776230752468
5,14.09.2020,9,2020,True,0.0319107297140752,0.02459702454507351
5,15.09.2020,9,2020,True,0.0309508441185,0.025609999895095825
5,16.09.2020,9,2020,True,0.0240255835249037,0.02321508899331093
5,17.09.2020,9,2020,True,0.0194081115265197,0.017881829291582108
5,18.09.2020,9,2020,True,0.0195659192540635,0.019190216436982155
5,21.09.2020,9,2020,True,0.0049563461252023,0.017457980662584305
5,22.09.2020,9,2020,True,0.0175678336947625,0.018717505037784576
5,23.09.2020,9,2020,True,0.0174205100279541,0.030613601207733154
5,24.09.2020,9,2020,True,0.0170103833802477,0.020412258803844452
5,25.09.2020,9,2020,True,0.0231155608543598,0.022011976689100266
5,28.09.2020,9,2020,True,0.0360956315724055,0.019921600818634033
5,29.09.2020,9,2020,True,0.0353004412433084,0.02115042507648468
5,30.09.2020,9,2020,True,0.0367355842432106,0.02471768856048584
5,01.10.2020,9,2020,True,0.0383088951171676,0.022385122254490852
5,02.10.2020,9,2020,True,0.0292307263564261,0.029038671404123306
5,05.10.2020,9,2020,True,0.0279143878368944,0.028117181733250618
5,06.10.2020,9,2020,True,0.024416098718897,0.025964029133319855
5,07.10.2020,9,2020,True,0.024304740459389,0.02156597003340721
5,08.10.2020,9,2020,True,0.0197876964140615,0.02152719907462597
5,09.10.2020,9,2020,True,0.0191588400274081,0.02168082632124424
5,12.10.2020,9,2020,True,0.0133803629145164,0.02307766117155552
5,13.10.2020,9,2020,True,0.0123474901338673,0.02395334094762802
5,14.10.2020,9,2020,True,0.0166500648772249,0.021789737045764923
5,15.10.2020,9,2020,True,0.0201379329101197,0.018360842019319534
5,16.10.2020,9,2020,True,0.0210085567977049,0.02541676163673401
5,19.10.2020,9,2020,True,0.0241729820431713,0.02233007736504078
5,20.10.2020,9,2020,True,0.0255749363565713,0.023728424683213234
5,21.10.2020,9,2020,True,0.0306694242572155,0.023389389738440514
5,22.10.2020,9,2020,True,0.0267951294495262,0.02361764945089817
5,23.10.2020,9,2020,True,0.0280537511962274,0.02253507450222969
5,26.10.2020,9,2020,True,0.0380292090260585,0.021302353590726852
5,27.10.2020,9,2020,True,0.0381459151862041,0.03140959143638611
5,28.10.2020,9,2020,True,0.0326617796561471,0.02535247430205345
5,29.10.2020,9,2020,True,0.0224165807013664,0.0391576886177063
5,30.10.2020,9,2020,True,0.0324054105516275,0.03706342354416847
5,02.11.2020,9,2020,True,0.0416888522884129,0.047188643366098404
5,03.11.2020,9,2020,True,0.0420048268775454,0.03615565598011017
5,04.11.2020,9,2020,True,0.0408949399194969,0.03986998647451401
5,05.11.2020,9,2020,True,0.0407650695510085,0.03360242024064064
5,06.11.2020,9,2020,True,0.0354895395795364,0.02724006213247776
5,09.11.2020,9,2020,True,0.0194348191995986,0.03185172379016876
5,10.11.2020,9,2020,True,0.0153022197825163,0.0312538668513298
5,11.11.2020,9,2020,True,0.0163493117884701,0.023451348766684532
5,12.11.2020,9,2020,True,0.0160025989567923,0.030993333086371422
5,13.11.2020,9,2020,True,0.0118903494146356,0.033406440168619156
5,16.11.2020,9,2020,True,0.0119354791461219,0.02545050159096718
5,17.11.2020,9,2020,True,0.0151785535600522,0.024126650765538216
5,18.11.2020,9,2020,True,0.015046714752727,0.02128227986395359
5,19.11.2020,9,2020,True,0.0171645054891629,0.025797570124268532
5,20.11.2020,9,2020,True,0.0216796378722,0.0215306393802166
5,23.11.2020,9,2020,True,0.0211280684720198,0.02505955845117569
5,24.11.2020,9,2020,True,0.0139037670215996,0.014968333765864372
5,25.11.2020,9,2020,True,0.0125881067546155,0.022872863337397575
5,27.11.2020,9,2020,True,0.0120498360850156,0.024556966498494148
5,30.11.2020,9,2020,True,0.0110623669284003,0.023070015013217926
5,01.12.2020,9,2020,True,0.0103399647956127,0.019885146990418434
5,02.12.2020,9,2020,True,0.0082050564278907,0.02515861950814724
5,03.12.2020,9,2020,True,0.0141769514023949,0.026219608262181282
5,04.12.2020,9,2020,True,0.0147076063922804,0.017840683460235596
5,07.12.2020,9,2020,True,0.0130065919255669,0.011945732869207859
5,08.12.2020,9,2020,True,0.012729864785064,0.019477877765893936
5,09.12.2020,9,2020,True,0.0121450336768197,0.015088438056409359
5,10.12.2020,9,2020,True,0.0060063394301973,0.016643483191728592
5,11.12.2020,9,2020,True,0.0034234057882748,0.01822967268526554
5,14.12.2020,9,2020,True,0.0162989853051166,0.018840020522475243
5,15.12.2020,9,2020,True,0.0176063734716719,0.03424680978059769
5,16.12.2020,9,2020,True,0.0207660618998341,0.019720930606126785
5,17.12.2020,9,2020,True,0.020363622341642,0.01713683269917965
5,18.12.2020,9,2020,True,0.0185124921693322,0.021096158772706985
5,21.12.2020,9,2020,True,0.0145878618681269,0.02989174984395504
5,22.12.2020,9,2020,True,0.0109983943827489,0.019794100895524025
5,23.12.2020,9,2020,True,0.006530112750621,0.0161155853420496
5,24.12.2020,9,2020,True,0.0097731323928142,0.020482758060097694
5,28.12.2020,9,2020,True,0.0227142422971224,0.01959441602230072
5,29.12.2020,9,2020,True,0.0224710179594641,0.019712572917342186
5,30.12.2020,9,2020,True,0.0227974601982803,0.02266254834830761
5,31.12.2020,9,2020,True,0.023991795945337,0.02047721855342388
22,02.01.2020,9,2020,True,0.0201594484825342,0.012634066864848137
22,03.01.2020,9,2020,True,0.0191472655862914,0.015941735357046127
22,06.01.2020,9,2020,True,0.0188988326609054,0.014246519654989243
22,07.01.2020,9,2020,True,0.0189021181824596,0.01814536564052105
22,08.01.2020,9,2020,True,0.0177287431209665,0.014990517869591713
22,09.01.2020,9,2020,True,0.0183324944513361,0.014795647002756596
22,10.01.2020,9,2020,True,0.0203221564471006,0.017732160165905952
22,13.01.2020,9,2020,True,0.0205921996353541,0.01518942415714264
22,14.01.2020,9,2020,True,0.0210732734223961,0.018642716109752655
22,15.01.2020,9,2020,True,0.0212410863348049,0.01766318455338478
22,16.01.2020,9,2020,True,0.0218783680883313,0.01800582744181156
22,17.01.2020,9,2020,True,0.0218727996891886,0.01670856401324272
22,21.01.2020,9,2020,True,0.0219701486269142,0.017066966742277145
22,22.01.2020,9,2020,True,0.0228618698994837,0.01580153778195381
22,23.01.2020,9,2020,True,0.0230483488210118,0.020098261535167694
22,24.01.2020,9,2020,True,0.0232892690085738,0.017833201214671135
22,27.01.2020,9,2020,True,0.023319232640432,0.017693741247057915
22,28.01.2020,9,2020,True,0.0238875674823554,0.018721865490078926
22,29.01.2020,9,2020,True,0.0248696165462137,0.019796114414930344
22,30.01.2020,9,2020,True,0.0245143913905472,0.018576234579086304
22,31.01.2020,9,2020,True,0.0245751070890277,0.016741907224059105
22,03.02.2020,9,2020,True,0.021008733059868,0.022083373740315437
22,04.02.2020,9,2020,True,0.0292393565154729,0.019267404451966286
22,05.02.2020,9,2020,True,0.0634455238632774,0.023490194231271744
22,06.02.2020,9,2020,True,0.0670026585473258,0.018848909065127373
22,07.02.2020,9,2020,True,0.0671206989281014,0.017910674214363098
22,10.02.2020,9,2020,True,0.0681548768772577,0.019313395023345947
22,11.02.2020,9,2020,True,0.0682860149113869,0.025212852284312248
22,12.02.2020,9,2020,True,0.070228170732519,0.02093380130827427
22,13.02.2020,9,2020,True,0.0697884124720703,0.02029631845653057
22,14.02.2020,9,2020,True,0.0729114575490464,0.0189142357558012
22,18.02.2020,9,2020,True,0.0812614619739943,0.020345056429505348
22,19.02.2020,9,2020,True,0.0804088027404394,0.019733520224690437
22,20.02.2020,9,2020,True,0.0803780798644355,0.021419284865260124
22,21.02.2020,9,2020,True,0.0807074893615169,0.02224533073604107
22,24.02.2020,9,2020,True,0.0812357075456992,0.020638782531023026
22,25.02.2020,9,2020,True,0.0812234806912673,0.01760025881230831
22,26.02.2020,9,2020,True,0.0813419133114324,0.021476414054632187
22,27.02.2020,9,2020,True,0.0821736274857786,0.021988898515701294
22,28.02.2020,9,2020,True,0.0825444831201837,0.028621239587664604
22,02.03.2020,9,2020,True,0.0854893343102728,0.026733284816145897
22,03.03.2020,9,2020,True,0.0978591731123543,0.02767622470855713
22,04.03.2020,9,2020,True,0.103320292871182,0.02734273113310337
22,05.03.2020,9,2020,True,0.1033554369777209,0.02748456969857216
22,06.03.2020,9,2020,True,0.1018866234050266,0.028037922456860542
22,09.03.2020,9,2020,True,0.0840535435821956,0.03931974992156029
22,10.03.2020,9,2020,True,0.0823983277188791,0.05532243102788925
22,11.03.2020,9,2020,True,0.0821530474590281,0.05541238188743591
22,12.03.2020,9,2020,True,0.081970332051463,0.05650196596980095
22,13.03.2020,9,2020,True,0.0827990372560091,0.05561986193060875
22,16.03.2020,9,2020,True,0.0790948190052127,0.052679676562547684
22,17.03.2020,9,2020,True,0.0785859872467007,0.04959917441010475
22,18.03.2020,9,2020,True,0.0748802095918047,0.05146778002381325
22,19.03.2020,9,2020,True,0.0902553436882754,0.05555318295955658
22,20.03.2020,9,2020,True,0.0910645340726575,0.05468088015913963
22,23.03.2020,9,2020,True,0.0918864357389213,0.05790214613080025
22,24.03.2020,9,2020,True,0.0918921855803592,0.04745092615485191
22,25.03.2020,9,2020,True,0.0926281279749701,0.05176544934511185
22,26.03.2020,9,2020,True,0.0927873807205363,0.050996892154216766
22,27.03.2020,9,2020,True,0.0950152171231996,0.04403780400753021
22,30.03.2020,9,2020,True,0.0961960321188808,0.04535583406686783
22,31.03.2020,9,2020,True,0.0965695773953749,0.047539763152599335
22,01.04.2020,9,2020,True,0.0951593153950062,0.056650642305612564
22,02.04.2020,9,2020,True,0.0902302561677582,0.057063210755586624
22,03.04.2020,9,2020,True,0.0858723169050989,0.048759158700704575
22,06.04.2020,9,2020,True,0.0856897779210983,0.053940217941999435
22,07.04.2020,9,2020,True,0.0861720271995115,0.05526847392320633
22,08.04.2020,9,2020,True,0.0863414805394598,0.04943286255002022
22,09.04.2020,9,2020,True,0.0859882310024772,0.053700175136327744
22,13.04.2020,9,2020,True,0.0861085881792664,0.05821022391319275
22,14.04.2020,9,2020,True,0.0859622620871104,0.0481269545853138
22,15.04.2020,9,2020,True,0.0849466641518058,0.05305855721235275
22,16.04.2020,9,2020,True,0.0859429115578256,0.054616574198007584
22,17.04.2020,9,2020,True,0.0860008845248732,0.05068855360150337
22,20.04.2020,9,2020,True,0.082931956792749,0.050690390169620514
22,21.04.2020,9,2020,True,0.0505555030378954,0.05035123974084854
22,22.04.2020,9,2020,True,0.0515385865872432,0.051435310393571854
22,23.04.2020,9,2020,True,0.0513319659438573,0.05041109770536423
22,24.04.2020,9,2020,True,0.0530160271972805,0.05629592761397362
22,27.04.2020,9,2020,True,0.048927542162479,0.0493452250957489
22,28.04.2020,9,2020,True,0.0492095776104898,0.05518210679292679
22,29.04.2020,9,2020,True,0.048226493449899,0.04956129565834999
22,30.04.2020,9,2020,True,0.0438944268749371,0.052127592265605927
22,01.05.2020,9,2020,True,0.0436385863413856,0.05406817048788071
22,04.05.2020,9,2020,True,0.0436735055766186,0.057255446910858154
22,05.05.2020,9,2020,True,0.0369644575803636,0.04831431433558464
22,06.05.2020,9,2020,True,0.0366154248773252,0.05260603874921799
22,07.05.2020,9,2020,True,0.036271617464148,0.05660269781947136
22,08.05.2020,9,2020,True,0.0354309408040679,0.051433634012937546
22,11.05.2020,9,2020,True,0.0387806276301856,0.05607373267412186
22,12.05.2020,9,2020,True,0.0388119365853471,0.0532684326171875
22,13.05.2020,9,2020,True,0.0379383682531359,0.05138300359249115
22,14.05.2020,9,2020,True,0.0364626629144614,0.04655342549085617
22,15.05.2020,9,2020,True,0.0360025502664081,0.051784489303827286
22,18.05.2020,9,2020,True,0.0336517039038013,0.04229680076241493
22,19.05.2020,9,2020,True,0.0335732756309889,0.04016432166099548
22,20.05.2020,9,2020,True,0.0333169299399149,0.047520872205495834
22,21.05.2020,9,2020,True,0.0335615166240089,0.043855153024196625
22,22.05.2020,9,2020,True,0.035534008438189,0.05144168436527252
22,26.05.2020,9,2020,True,0.0352728152281083,0.04072459414601326
22,27.05.2020,9,2020,True,0.0337878252545693,0.037763774394989014
22,28.05.2020,9,2020,True,0.0337996460829025,0.04951464757323265
22,29.05.2020,9,2020,True,0.0340762481172458,0.04075046628713608
22,01.06.2020,9,2020,True,0.0300013458524025,0.038287948817014694
22,02.06.2020,9,2020,True,0.0297608268359092,0.038222022354602814
22,03.06.2020,9,2020,True,0.0297760548563926,0.040000416338443756
22,04.06.2020,9,2020,True,0.0297868525887349,0.03918607160449028
22,05.06.2020,9,2020,True,0.0273685927577875,0.038198113441467285
22,08.06.2020,9,2020,True,0.0266094744911702,0.04030817374587059
22,09.06.2020,9,2020,True,0.0268778823069317,0.04179689288139343
22,10.06.2020,9,2020,True,0.0269253833779353,0.04227003827691078
22,11.06.2020,9,2020,True,0.0200769538104773,0.03822601959109306
22,12.06.2020,9,2020,True,0.0203527679227376,0.040175117552280426
22,15.06.2020,9,2020,True,0.0201054199178402,0.04400165006518364
22,16.06.2020,9,2020,True,0.0192738746934107,0.03936703875660896
22,17.06.2020,9,2020,True,0.0191808746197163,0.042397089302539825
22,18.06.2020,9,2020,True,0.0193790211820398,0.032815419137477875
22,19.06.2020,9,2020,True,0.0191618112391574,0.03176552802324295
22,22.06.2020,9,2020,True,0.0193729101605313,0.0333515889942646
22,23.06.2020,9,2020,True,0.0192237523462262,0.028005070984363556
22,24.06.2020,9,2020,True,0.0144662588313296,0.03292502835392952
22,25.06.2020,9,2020,True,0.014162235479758,0.04218306764960289
22,26.06.2020,9,2020,True,0.0142959843726751,0.03758259490132332
22,29.06.2020,9,2020,True,0.014659897015872,0.03602056950330734
22,30.06.2020,9,2020,True,0.0143438337809187,0.03481373190879822
22,01.07.2020,9,2020,True,0.0142405836997366,0.03573547676205635
22,02.07.2020,9,2020,True,0.0132553076829205,0.03347013145685196
22,06.07.2020,9,2020,True,0.0136297858095206,0.023347625508904457
22,07.07.2020,9,2020,True,0.0136445028647248,0.026630809530615807
22,08.07.2020,9,2020,True,0.0141238887701333,0.02928602322936058
22,09.07.2020,9,2020,True,0.0133530764813423,0.027827590703964233
22,10.07.2020,9,2020,True,0.0130210480425253,0.029763655737042427
22,13.07.2020,9,2020,True,0.0132870816795932,0.028733396902680397
22,14.07.2020,9,2020,True,0.0135750314533766,0.026601633056998253
22,15.07.2020,9,2020,True,0.0129786339879405,0.027431845664978027
22,16.07.2020,9,2020,True,0.012975349878644,0.02486167661845684
22,17.07.2020,9,2020,True,0.0128709173993267,0.02636055275797844
22,20.07.2020,9,2020,True,0.0129024306810692,0.023975780233740807
22,21.07.2020,9,2020,True,0.0122161664872756,0.025784846395254135
22,22.07.2020,9,2020,True,0.0125223244539369,0.02026655524969101
22,23.07.2020,9,2020,True,0.0119907731507607,0.022478463128209114
22,24.07.2020,9,2020,True,0.0123600297110652,0.022904440760612488
22,27.07.2020,9,2020,True,0.0124591157750428,0.02318713068962097
22,28.07.2020,9,2020,True,0.0127617130899857,0.023839088156819344
22,29.07.2020,9,2020,True,0.0125639335291377,0.02413061074912548
22,30.07.2020,9,2020,True,0.01175664283759,0.02133246511220932
22,31.07.2020,9,2020,True,0.0117205082176177,0.026621906086802483
22,03.08.2020,9,2020,True,0.012493323858637,0.030483616515994072
22,04.08.2020,9,2020,True,0.0125409342995381,0.03081647865474224
22,05.08.2020,9,2020,True,0.0137004594735606,0.02699451521039009
22,06.08.2020,9,2020,True,0.0198317225718463,0.025645224377512932
22,07.08.2020,9,2020,True,0.0207442354601808,0.020410927012562752
22,10.08.2020,9,2020,True,0.0205903789630055,0.02200758084654808
22,11.08.2020,9,2020,True,0.0205519467135959,0.0210966095328331
22,12.08.2020,9,2020,True,0.0197331665837234,0.021681202575564384
22,13.08.2020,9,2020,True,0.0206577319461093,0.02162974327802658
22,14.08.2020,9,2020,True,0.0228315844665511,0.019684555009007454
22,17.08.2020,9,2020,True,0.0233868580027824,0.021897917613387108
22,18.08.2020,9,2020,True,0.0233701747453286,0.017038945108652115
22,19.08.2020,9,2020,True,0.0247377450943457,0.016093136742711067
22,20.08.2020,9,2020,True,0.0248000218692013,0.017605867236852646
22,21.08.2020,9,2020,True,0.024734187355445,0.017207305878400803
22,24.08.2020,9,2020,True,0.0243769218510581,0.016785958781838417
22,25.08.2020,9,2020,True,0.0240031231336252,0.017688017338514328
22,26.08.2020,9,2020,True,0.0242480200169169,0.01848820596933365
22,27.08.2020,9,2020,True,0.025036274530892,0.01881515420973301
22,28.08.2020,9,2020,True,0.0250304174222648,0.017956286668777466
22,31.08.2020,9,2020,True,0.0249584747478878,0.017092052847146988
22,01.09.2020,9,2020,True,0.0260095592006178,0.018393324688076973
22,02.09.2020,9,2020,True,0.0283132656831922,0.016030265018343925
22,03.09.2020,9,2020,True,0.0292883123633055,0.02082345262169838
22,04.09.2020,9,2020,True,0.0286498686282079,0.027742110192775726
22,08.09.2020,9,2020,True,0.0249096360460226,0.02791035920381546
22,09.09.2020,9,2020,True,0.024644644865245,0.02837999165058136
22,10.09.2020,9,2020,True,0.0250504641200112,0.025057706981897354
22,11.09.2020,9,2020,True,0.025200374312987,0.029343480244278908
22,14.09.2020,9,2020,True,0.0253895822670982,0.030917499214410782
22,15.09.2020,9,2020,True,0.0250793379566294,0.025324635207653046
22,16.09.2020,9,2020,True,0.0236393161960064,0.021628838032484055
22,17.09.2020,9,2020,True,0.0230433797590657,0.02204005979001522
22,18.09.2020,9,2020,True,0.0232059212985284,0.0191477220505476
22,21.09.2020,9,2020,True,0.0226850244390429,0.02010757476091385
22,22.09.2020,9,2020,True,0.0229392353716612,0.018742848187685013
22,23.09.2020,9,2020,True,0.0232291198048029,0.0249297097325325
22,24.09.2020,9,2020,True,0.0241735976079917,0.02406861074268818
22,25.09.2020,9,2020,True,0.0245385146638412,0.019441775977611542
22,28.09.2020,9,2020,True,0.0266334570415214,0.020250318571925163
22,29.09.2020,9,2020,True,0.0269048388024666,0.019683415070176125
22,30.09.2020,9,2020,True,0.0269022376258024,0.023768102750182152
22,01.10.2020,9,2020,True,0.0284613641117596,0.021196525543928146
22,02.10.2020,9,2020,True,0.0273900688834601,0.026345528662204742
22,05.10.2020,9,2020,True,0.0264170707411559,0.031008148565888405
22,06.10.2020,9,2020,True,0.0254308491287791,0.028744054958224297
22,07.10.2020,9,2020,True,0.0263624018151651,0.026401810348033905
22,08.10.2020,9,2020,True,0.0300386455566696,0.02675042860209942
22,09.10.2020,9,2020,True,0.0305653067688914,0.01834421418607235
22,12.10.2020,9,2020,True,0.0299444933623889,0.023096278309822083
22,13.10.2020,9,2020,True,0.0297980304881338,0.020700378343462944
22,14.10.2020,9,2020,True,0.0297276394578989,0.02729167975485325
22,15.10.2020,9,2020,True,0.030172770956109,0.022716399282217026
22,16.10.2020,9,2020,True,0.0301476685849904,0.022875752300024033
22,19.10.2020,9,2020,True,0.0302045112737609,0.021933184936642647
22,20.10.2020,9,2020,True,0.0301230969841301,0.022113746032118797
22,21.10.2020,9,2020,True,0.0292639219976414,0.022889269515872
22,22.10.2020,9,2020,True,0.0294545934455092,0.02580905891954899
22,23.10.2020,9,2020,True,0.0299835258060425,0.024460943415760994
22,26.10.2020,9,2020,True,0.028798846055828,0.022310510277748108
22,27.10.2020,9,2020,True,0.0289373259836218,0.03295763209462166
22,28.10.2020,9,2020,True,0.0262045451634434,0.029277514666318893
22,29.10.2020,9,2020,True,0.0241942954424764,0.038487836718559265
22,30.10.2020,9,2020,True,0.0239794116438117,0.041352953761816025
22,02.11.2020,9,2020,True,0.0231492151953477,0.04517354071140289
22,03.11.2020,9,2020,True,0.023069730664565,0.04034331813454628
22,04.11.2020,9,2020,True,0.0225433549724771,0.042375460267066956
22,05.11.2020,9,2020,True,0.022349364857263,0.03109402023255825
22,06.11.2020,9,2020,True,0.020085504103455,0.029939943924546242
22,09.11.2020,9,2020,True,0.0151611282475672,0.03237468749284744
22,10.11.2020,9,2020,True,0.01469632068663,0.030963551253080368
22,11.11.2020,9,2020,True,0.0146905868696061,0.027354463934898376
22,12.11.2020,9,2020,True,0.0144336883862283,0.03135686740279198
22,13.11.2020,9,2020,True,0.0133744321748284,0.028483642265200615
22,16.11.2020,9,2020,True,0.0128920462036583,0.026194913312792778
22,17.11.2020,9,2020,True,0.0128207642748103,0.02375785820186138
22,18.11.2020,9,2020,True,0.0146799349313773,0.022539878264069557
22,19.11.2020,9,2020,True,0.0153443722188269,0.025256073102355003
22,20.11.2020,9,2020,True,0.0155598178303611,0.02451147511601448
22,23.11.2020,9,2020,True,0.0150318405082056,0.021965112537145615
22,24.11.2020,9,2020,True,0.0132811120779733,0.01753098890185356
22,25.11.2020,9,2020,True,0.0129801911579029,0.02101949229836464
22,27.11.2020,9,2020,True,0.0127469566851751,0.02278308942914009
22,30.11.2020,9,2020,True,0.0123380046207246,0.02440066449344158
22,01.12.2020,9,2020,True,0.0128145226149662,0.023186804726719856
22,02.12.2020,9,2020,True,0.0157321940590263,0.025334114208817482
22,03.12.2020,9,2020,True,0.0157993082660899,0.02550719864666462
22,04.12.2020,9,2020,True,0.0157552648305419,0.019630594179034233
22,07.12.2020,9,2020,True,0.0162730810864969,0.01973360776901245
22,08.12.2020,9,2020,True,0.0164455435837981,0.019618498161435127
22,09.12.2020,9,2020,True,0.0165423111824849,0.021933868527412415
22,10.12.2020,9,2020,True,0.0161525658777745,0.022133465856313705
22,11.12.2020,9,2020,True,0.0159806198398432,0.01978621631860733
22,14.12.2020,9,2020,True,0.0171455322837324,0.021631652489304543
22,15.12.2020,9,2020,True,0.0172529700119986,0.031833332031965256
22,16.12.2020,9,2020,True,0.0172492835974105,0.021154433488845825
22,17.12.2020,9,2020,True,0.0172448331607481,0.02228822000324726
22,18.12.2020,9,2020,True,0.0174036336238393,0.01891014724969864
22,21.12.2020,9,2020,True,0.0161957089587381,0.02199309505522251
22,22.12.2020,9,2020,True,0.0155557067513527,0.024510342627763748
22,23.12.2020,9,2020,True,0.0151326684631604,0.02047869563102722
22,24.12.2020,9,2020,True,0.0152475706412007,0.023866359144449234
22,28.12.2020,9,2020,True,0.0150156570368784,0.020905420184135437
22,29.12.2020,9,2020,True,0.0150410893731853,0.023502983152866364
22,30.12.2020,9,2020,True,0.0153802540716252,0.022033967077732086
22,31.12.2020,9,2020,True,0.015579661377009,0.021280977874994278
66,02.01.2020,9,2020,True,0.0614301491885623,0.016575293615460396
66,03.01.2020,9,2020,True,0.0613769643515749,0.017316045239567757
66,06.01.2020,9,2020,True,0.0614634500978824,0.01707104779779911
66,07.01.2020,9,2020,True,0.0615125803418403,0.018664516508579254
66,08.01.2020,9,2020,True,0.0618158620631677,0.018619930371642113
66,09.01.2020,9,2020,True,0.0621639323726679,0.017059020698070526
66,10.01.2020,9,2020,True,0.0621963553174464,0.019006535410881042
66,13.01.2020,9,2020,True,0.06225610636954,0.01773672178387642
66,14.01.2020,9,2020,True,0.0630104819304353,0.018649965524673462
66,15.01.2020,9,2020,True,0.0709851922383865,0.01787882298231125
66,16.01.2020,9,2020,True,0.0714364080159666,0.017298180609941483
66,17.01.2020,9,2020,True,0.07181952851382,0.017221253365278244
66,21.01.2020,9,2020,True,0.0718535525265318,0.01688098907470703
66,22.01.2020,9,2020,True,0.0721509030210253,0.015894809737801552
66,23.01.2020,9,2020,True,0.0723241451292607,0.017229774966835976
66,24.01.2020,9,2020,True,0.0736594204968317,0.01750008389353752
66,27.01.2020,9,2020,True,0.075350679719208,0.017819717526435852
66,28.01.2020,9,2020,True,0.0756663962676665,0.018618056550621986
66,29.01.2020,9,2020,True,0.0758027669292677,0.018575331196188927
66,30.01.2020,9,2020,True,0.077759706312453,0.01837904565036297
66,31.01.2020,9,2020,True,0.0778509205637459,0.019552050158381462
66,03.02.2020,9,2020,True,0.0775385774917079,0.020045805722475052
66,04.02.2020,9,2020,True,0.0778813441407286,0.01981956511735916
66,05.02.2020,9,2020,True,0.0778962201401932,0.01991615630686283
66,06.02.2020,9,2020,True,0.0779391200627794,0.020105749368667603
66,07.02.2020,9,2020,True,0.0779688841534411,0.018184155225753784
66,10.02.2020,9,2020,True,0.0784770884365244,0.018424049019813538
66,11.02.2020,9,2020,True,0.0786854053132372,0.020138779655098915
66,12.02.2020,9,2020,True,0.0790950602658326,0.021148258820176125
66,13.02.2020,9,2020,True,0.0790674123841995,0.022505968809127808
66,14.02.2020,9,2020,True,0.0791532420491289,0.02192293480038643
66,18.02.2020,9,2020,True,0.0791566692832073,0.02207379974424839
66,19.02.2020,9,2020,True,0.0790972020383773,0.02063794992864132
66,20.02.2020,9,2020,True,0.0792177215686351,0.02042665332555771
66,21.02.2020,9,2020,True,0.0793175705432557,0.020063020288944244
66,24.02.2020,9,2020,True,0.0792774614706685,0.021766122430562973
66,25.02.2020,9,2020,True,0.0792543654885675,0.022419773042201996
66,26.02.2020,9,2020,True,0.0799400104759713,0.023245111107826233
66,27.02.2020,9,2020,True,0.0800346985745376,0.023457661271095276
66,28.02.2020,9,2020,True,0.0799655897365119,0.028715038672089577
66,02.03.2020,9,2020,True,0.0798821322028896,0.02932022139430046
66,03.03.2020,9,2020,True,0.0802236080348784,0.02798587456345558
66,04.03.2020,9,2020,True,0.0803155976846941,0.029185688123106956
66,05.03.2020,9,2020,True,0.0802945037602314,0.029430493712425232
66,06.03.2020,9,2020,True,0.0794090837491899,0.028588706627488136
66,09.03.2020,9,2020,True,0.0723262874739039,0.03494851291179657
66,10.03.2020,9,2020,True,0.0716644744455546,0.046722304075956345
66,11.03.2020,9,2020,True,0.0715529364539419,0.046160001307725906
66,12.03.2020,9,2020,True,0.0710016917538774,0.0449630543589592
66,13.03.2020,9,2020,True,0.0709836214664264,0.046642325818538666
66,16.03.2020,9,2020,True,0.0693539306018623,0.04537682607769966
66,17.03.2020,9,2020,True,0.0690861783479528,0.04688898101449013
66,18.03.2020,9,2020,True,0.0665228618920835,0.04719391465187073
66,19.03.2020,9,2020,True,0.0646510103080767,0.047078151255846024
66,20.03.2020,9,2020,True,0.0646829668735281,0.04719507321715355
66,23.03.2020,9,2020,True,0.0646977884241614,0.04673502966761589
66,24.03.2020,9,2020,True,0.0647032399948918,0.041022948920726776
66,25.03.2020,9,2020,True,0.0647152839933818,0.041263237595558167
66,26.03.2020,9,2020,True,0.0645151556790268,0.04459455981850624
66,27.03.2020,9,2020,True,0.0640728501761457,0.041377343237400055
66,30.03.2020,9,2020,True,0.0629005139198384,0.042120907455682755
66,31.03.2020,9,2020,True,0.0629006396244139,0.04237382486462593
66,01.04.2020,9,2020,True,0.0622154729406025,0.04642840847373009
66,02.04.2020,9,2020,True,0.0578897636726532,0.04675178974866867
66,03.04.2020,9,2020,True,0.0558375727561676,0.04558606445789337
66,06.04.2020,9,2020,True,0.0557066861542537,0.04683110862970352
66,07.04.2020,9,2020,True,0.0555155415123692,0.04539991915225983
66,08.04.2020,9,2020,True,0.0554236765534597,0.04207078367471695
66,09.04.2020,9,2020,True,0.0551543500781047,0.045262545347213745
66,13.04.2020,9,2020,True,0.0551821043506164,0.04772332310676575
66,14.04.2020,9,2020,True,0.0544075652841384,0.04252137988805771
66,15.04.2020,9,2020,True,0.0536513859829138,0.04452710226178169
66,16.04.2020,9,2020,True,0.0536912903608951,0.048215605318546295
66,17.04.2020,9,2020,True,0.0536989176066117,0.04502139985561371
66,20.04.2020,9,2020,True,0.0523455818116527,0.04528899863362312
66,21.04.2020,9,2020,True,0.0380622355889709,0.04888848960399628
66,22.04.2020,9,2020,True,0.0377497118481508,0.04636889696121216
66,23.04.2020,9,2020,True,0.0375487510188869,0.04313405975699425
66,24.04.2020,9,2020,True,0.0375427264380049,0.04426632821559906
66,27.04.2020,9,2020,True,0.0363552360444536,0.04445967450737953
66,28.04.2020,9,2020,True,0.0363279874541337,0.04643704369664192
66,29.04.2020,9,2020,True,0.0347414574063427,0.04590798541903496
66,30.04.2020,9,2020,True,0.0322122832238631,0.04697296768426895
66,01.05.2020,9,2020,True,0.0319011379062547,0.046564217656850815
66,04.05.2020,9,2020,True,0.03182267097372,0.04714328423142433
66,05.05.2020,9,2020,True,0.0280434752343,0.044241879135370255
66,06.05.2020,9,2020,True,0.0274441090490987,0.04941225424408913
66,07.05.2020,9,2020,True,0.0274636774506127,0.04663008078932762
66,08.05.2020,9,2020,True,0.0269783269051664,0.0446130596101284
66,11.05.2020,9,2020,True,0.0263265036654858,0.04724619537591934
66,12.05.2020,9,2020,True,0.0263453989012888,0.04907330498099327
66,13.05.2020,9,2020,True,0.0260353412751133,0.04480373114347458
66,14.05.2020,9,2020,True,0.0250223329918874,0.044110171496868134
66,15.05.2020,9,2020,True,0.0245992044513767,0.045945845544338226
66,18.05.2020,9,2020,True,0.0233472587102093,0.040603019297122955
66,19.05.2020,9,2020,True,0.0234095495850209,0.037187427282333374
66,20.05.2020,9,2020,True,0.0232207320265854,0.04055476561188698
66,21.05.2020,9,2020,True,0.0232636793247593,0.036086536943912506
66,22.05.2020,9,2020,True,0.0229903414730147,0.043723657727241516
66,26.05.2020,9,2020,True,0.0228552877477837,0.04121466726064682
66,27.05.2020,9,2020,True,0.0222019368004042,0.035020262002944946
66,28.05.2020,9,2020,True,0.022153755400467,0.041467636823654175
66,29.05.2020,9,2020,True,0.0221539455646089,0.03715140372514725
66,01.06.2020,9,2020,True,0.0202319484663571,0.028352411463856697
66,02.06.2020,9,2020,True,0.0199222476040863,0.03740580379962921
66,03.06.2020,9,2020,True,0.0203534792664721,0.03719962388277054
66,04.06.2020,9,2020,True,0.0221396819803117,0.027398334816098213
66,05.06.2020,9,2020,True,0.0212371677555492,0.03229745849967003
66,08.06.2020,9,2020,True,0.0208856263263956,0.027103886008262634
66,09.06.2020,9,2020,True,0.0208618389693214,0.02948431298136711
66,10.06.2020,9,2020,True,0.0207991703035758,0.02964523620903492
66,11.06.2020,9,2020,True,0.0185501063458089,0.02822449430823326
66,12.06.2020,9,2020,True,0.0191910619125721,0.03390137478709221
66,15.06.2020,9,2020,True,0.0191914104181737,0.035839736461639404
66,16.06.2020,9,2020,True,0.01884304585595,0.028057601302862167
66,17.06.2020,9,2020,True,0.0194986485315646,0.03138892725110054
66,18.06.2020,9,2020,True,0.0193684350892848,0.028362207114696503
66,19.06.2020,9,2020,True,0.019263411315683,0.027767766267061234
66,22.06.2020,9,2020,True,0.0190914626735767,0.02947048842906952
66,23.06.2020,9,2020,True,0.0190497504497602,0.02557973936200142
66,24.06.2020,9,2020,True,0.0177882309396747,0.02787363901734352
66,25.06.2020,9,2020,True,0.0181455682485604,0.029015127569437027
66,26.06.2020,9,2020,True,0.0181469391145638,0.031225789338350296
66,29.06.2020,9,2020,True,0.0180264184415729,0.029263988137245178
66,30.06.2020,9,2020,True,0.018657060471202,0.03069414384663105
66,01.07.2020,9,2020,True,0.0195023386174721,0.029081471264362335
66,02.07.2020,9,2020,True,0.0196491157815082,0.027435993775725365
66,06.07.2020,9,2020,True,0.0197405221742276,0.02847941592335701
66,07.07.2020,9,2020,True,0.0201305954824548,0.02671787515282631
66,08.07.2020,9,2020,True,0.0201705280592576,0.028230462223291397
66,09.07.2020,9,2020,True,0.0202582240265231,0.027846070006489754
66,10.07.2020,9,2020,True,0.0202075079979758,0.02880856953561306
66,13.07.2020,9,2020,True,0.0203090448628157,0.027912292629480362
66,14.07.2020,9,2020,True,0.0203084415772527,0.028128083795309067
66,15.07.2020,9,2020,True,0.0201569397288424,0.029028654098510742
66,16.07.2020,9,2020,True,0.0201420474137785,0.027548033744096756
66,17.07.2020,9,2020,True,0.0201934833600245,0.02752056159079075
66,20.07.2020,9,2020,True,0.0206099747329304,0.022269070148468018
66,21.07.2020,9,2020,True,0.0205086569713906,0.022033320739865303
66,22.07.2020,9,2020,True,0.0205999102714001,0.02233603224158287
66,23.07.2020,9,2020,True,0.0207844785003196,0.023387830704450607
66,24.07.2020,9,2020,True,0.0209170580418487,0.020965566858649254
66,27.07.2020,9,2020,True,0.0218367751911586,0.021208535879850388
66,28.07.2020,9,2020,True,0.0222980698230532,0.02115110494196415
66,29.07.2020,9,2020,True,0.0222291148155841,0.020450647920370102
66,30.07.2020,9,2020,True,0.0227202381958099,0.019634222611784935
66,31.07.2020,9,2020,True,0.0228260452731703,0.02025824785232544
66,03.08.2020,9,2020,True,0.0231856910024567,0.021877650171518326
66,04.08.2020,9,2020,True,0.023179817939022,0.02074769139289856
66,05.08.2020,9,2020,True,0.0234791347965604,0.02029111422598362
66,06.08.2020,9,2020,True,0.0251916688371314,0.019567031413316727
66,07.08.2020,9,2020,True,0.0253761556883761,0.018762193620204926
66,10.08.2020,9,2020,True,0.0253271934733163,0.019779441878199577
66,11.08.2020,9,2020,True,0.025303442989039,0.01869618333876133
66,12.08.2020,9,2020,True,0.0252507572451184,0.019492430612444878
66,13.08.2020,9,2020,True,0.025406716029938,0.01879468373954296
66,14.08.2020,9,2020,True,0.0254040872667225,0.01843664050102234
66,17.08.2020,9,2020,True,0.0254101819097744,0.01897863857448101
66,18.08.2020,9,2020,True,0.0254108154837159,0.01746516115963459
66,19.08.2020,9,2020,True,0.025500697515226,0.017343146726489067
66,20.08.2020,9,2020,True,0.0256412499735268,0.01702919416129589
66,21.08.2020,9,2020,True,0.0260104780735939,0.01771848276257515
66,24.08.2020,9,2020,True,0.0259933524265822,0.017204713076353073
66,25.08.2020,9,2020,True,0.0259543114588378,0.01724926009774208
66,26.08.2020,9,2020,True,0.0259954964553537,0.01789223589003086
66,27.08.2020,9,2020,True,0.0259522204771373,0.017640015110373497
66,28.08.2020,9,2020,True,0.0260313605409337,0.018323417752981186
66,31.08.2020,9,2020,True,0.0260475089416532,0.017902756109833717
66,01.09.2020,9,2020,True,0.026067542673,0.017885223031044006
66,02.09.2020,9,2020,True,0.025887843243083,0.01741984486579895
66,03.09.2020,9,2020,True,0.0258603745179025,0.018935613334178925
66,04.09.2020,9,2020,True,0.0255081099476174,0.020338859409093857
66,08.09.2020,9,2020,True,0.0240660099146181,0.020882638171315193
66,09.09.2020,9,2020,True,0.0239395562313489,0.02892746590077877
66,10.09.2020,9,2020,True,0.0237962151951121,0.026887178421020508
66,11.09.2020,9,2020,True,0.0237788019584822,0.02981938235461712
66,14.09.2020,9,2020,True,0.0237528496926212,0.028921598568558693
66,15.09.2020,9,2020,True,0.0236393584665932,0.027360815554857254
66,16.09.2020,9,2020,True,0.023220943276629,0.026232706382870674
66,17.09.2020,9,2020,True,0.0233330976529488,0.023333938792347908
66,18.09.2020,9,2020,True,0.0234381019801691,0.022270288318395615
66,21.09.2020,9,2020,True,0.0229447243238565,0.022559572011232376
66,22.09.2020,9,2020,True,0.0229411245159888,0.022134335711598396
66,23.09.2020,9,2020,True,0.0229840795385121,0.023265080526471138
66,24.09.2020,9,2020,True,0.0229844714947273,0.02668003924190998
66,25.09.2020,9,2020,True,0.0229814996765325,0.023239117115736008
66,28.09.2020,9,2020,True,0.0229656517957668,0.023677878081798553
66,29.09.2020,9,2020,True,0.022607612519526,0.02326979674398899
66,30.09.2020,9,2020,True,0.0232540272249896,0.02578083798289299
66,01.10.2020,9,2020,True,0.0232723922661007,0.024456247687339783
66,02.10.2020,9,2020,True,0.0225651837974329,0.02815653197467327
66,05.10.2020,9,2020,True,0.0220603410348388,0.028414014726877213
66,06.10.2020,9,2020,True,0.0218205740029284,0.025023024529218674
66,07.10.2020,9,2020,True,0.0217329512709225,0.026055382564663887
66,08.10.2020,9,2020,True,0.0215295320378597,0.028416229411959648
66,09.10.2020,9,2020,True,0.0214465930467598,0.023382363840937614
66,12.10.2020,9,2020,True,0.0213821711845794,0.02331366203725338
66,13.10.2020,9,2020,True,0.0213575037443446,0.024337975308299065
66,14.10.2020,9,2020,True,0.021262471288079,0.025397464632987976
66,15.10.2020,9,2020,True,0.0212459854134967,0.025138670578598976
66,16.10.2020,9,2020,True,0.0213109622924301,0.02523275464773178
66,19.10.2020,9,2020,True,0.0212725682718079,0.025910144671797752
66,20.10.2020,9,2020,True,0.0212503213724063,0.023730222135782242
66,21.10.2020,9,2020,True,0.0207381947559888,0.02503265254199505
66,22.10.2020,9,2020,True,0.0207062937669872,0.027192790061235428
66,23.10.2020,9,2020,True,0.0205492699712568,0.026979736983776093
66,26.10.2020,9,2020,True,0.0200472894247045,0.026771526783704758
66,27.10.2020,9,2020,True,0.0200619088454254,0.029478590935468674
66,28.10.2020,9,2020,True,0.0188135850683552,0.028599465265870094
66,29.10.2020,9,2020,True,0.0179770585464309,0.029696332290768623
66,30.10.2020,9,2020,True,0.0179171795257202,0.031067341566085815
66,02.11.2020,9,2020,True,0.0175327042446664,0.032247502356767654
66,03.11.2020,9,2020,True,0.0174691564362754,0.033902328461408615
66,04.11.2020,9,2020,True,0.0170330316743717,0.031431227922439575
66,05.11.2020,9,2020,True,0.0170115004704579,0.02870488166809082
66,06.11.2020,9,2020,True,0.0162375405310011,0.0302988700568676
66,09.11.2020,9,2020,True,0.0140880757760186,0.02947748824954033
66,10.11.2020,9,2020,True,0.0138679374351693,0.02889522723853588
66,11.11.2020,9,2020,True,0.0139491206958006,0.027221225202083588
66,12.11.2020,9,2020,True,0.0141312409268854,0.026217246428132057
66,13.11.2020,9,2020,True,0.0143349929048212,0.02879873290657997
66,16.11.2020,9,2020,True,0.0141738397297982,0.02493392303586006
66,17.11.2020,9,2020,True,0.0143345299675883,0.025121241807937622
66,18.11.2020,9,2020,True,0.0143488218560663,0.0235257800668478
66,19.11.2020,9,2020,True,0.0144648220774554,0.022907894104719162
66,20.11.2020,9,2020,True,0.0153646201838776,0.023738032206892967
66,23.11.2020,9,2020,True,0.0153933916500757,0.02213948592543602
66,24.11.2020,9,2020,True,0.0149624237512532,0.021625664085149765
66,25.11.2020,9,2020,True,0.015563197748196,0.020998390391469002
66,27.11.2020,9,2020,True,0.0160088308208904,0.025013549253344536
66,30.11.2020,9,2020,True,0.0160839359071546,0.02658122405409813
66,01.12.2020,9,2020,True,0.0161677554786164,0.027383146807551384
66,02.12.2020,9,2020,True,0.0160981594403125,0.027698950842022896
66,03.12.2020,9,2020,True,0.0162773106167343,0.026626331731677055
66,04.12.2020,9,2020,True,0.0163208714063688,0.023181764408946037
66,07.12.2020,9,2020,True,0.0162688887950943,0.02280924841761589
66,08.12.2020,9,2020,True,0.0163322256911529,0.022541271522641182
66,09.12.2020,9,2020,True,0.0163766701464354,0.020171361044049263
66,10.12.2020,9,2020,True,0.0186757849621394,0.020214112475514412
66,11.12.2020,9,2020,True,0.0187440827835339,0.019994929432868958
66,14.12.2020,9,2020,True,0.0187438696176152,0.020445436239242554
66,15.12.2020,9,2020,True,0.0203594297948577,0.02047375962138176
66,16.12.2020,9,2020,True,0.0214574005176649,0.01969306915998459
66,17.12.2020,9,2020,True,0.0220747614048219,0.019281139597296715
66,18.12.2020,9,2020,True,0.0225370247013168,0.018695294857025146
66,21.12.2020,9,2020,True,0.0222383610853404,0.018611494451761246
66,22.12.2020,9,2020,True,0.0221945919770243,0.020342465490102768
66,23.12.2020,9,2020,True,0.0221322605361087,0.020315760746598244
66,24.12.2020,9,2020,True,0.0222332684815111,0.019922342151403427
66,28.12.2020,9,2020,True,0.0229069458568117,0.01927761919796467
66,29.12.2020,9,2020,True,0.0229198896364863,0.020149070769548416
66,30.12.2020,9,2020,True,0.0229230754185998,0.019595714285969734
66,31.12.2020,9,2020,True,0.0229136191902946,0.0193005483597517
126,02.01.2020,9,2020,True,0.0601654111227235,0.018106888979673386
126,03.01.2020,9,2020,True,0.060067735261944,0.018027083948254585
126,06.01.2020,9,2020,True,0.060063939610465,0.017739033326506615
126,07.01.2020,9,2020,True,0.0600666574951492,0.018106888979673386
126,08.01.2020,9,2020,True,0.0599889367216574,0.018106888979673386
126,09.01.2020,9,2020,True,0.0600275081957901,0.018106888979673386
126,10.01.2020,9,2020,True,0.0600321833276722,0.018106888979673386
126,13.01.2020,9,2020,True,0.0600307256823087,0.018027083948254585
126,14.01.2020,9,2020,True,0.0600641547301579,0.018209777772426605
126,15.01.2020,9,2020,True,0.0600656414572276,0.018027083948254585
126,16.01.2020,9,2020,True,0.0600550629102772,0.017795586958527565
126,17.01.2020,9,2020,True,0.0600547876139236,0.017795586958527565
126,21.01.2020,9,2020,True,0.0601027109577142,0.01766076870262623
126,22.01.2020,9,2020,True,0.0600797868533381,0.0176051277667284
126,23.01.2020,9,2020,True,0.060088484098374,0.017527367919683456
126,24.01.2020,9,2020,True,0.0600646364616671,0.017659228295087814
126,27.01.2020,9,2020,True,0.0600384719676801,0.01745849847793579
126,28.01.2020,9,2020,True,0.0600365376570527,0.019868765026330948
126,29.01.2020,9,2020,True,0.060047144151272,0.01873030886054039
126,30.01.2020,9,2020,True,0.0600285682866787,0.017874278128147125
126,31.01.2020,9,2020,True,0.0600362416941848,0.02044086903333664
126,03.02.2020,9,2020,True,0.0597942373749183,0.02105039171874523
126,04.02.2020,9,2020,True,0.0597947394854565,0.0211971253156662
126,05.02.2020,9,2020,True,0.0597723045408413,0.021060746163129807
126,06.02.2020,9,2020,True,0.0597707863655234,0.02123532071709633
126,07.02.2020,9,2020,True,0.0597804710722858,0.018729254603385925
126,10.02.2020,9,2020,True,0.0597659580153842,0.020069656893610954
126,11.02.2020,9,2020,True,0.0597564790946027,0.02094220370054245
126,12.02.2020,9,2020,True,0.0597122300666349,0.02150721475481987
126,13.02.2020,9,2020,True,0.0597083964340035,0.019991744309663773
126,14.02.2020,9,2020,True,0.0596840973406928,0.02008400671184063
126,18.02.2020,9,2020,True,0.0596924069019545,0.02099379152059555
126,19.02.2020,9,2020,True,0.0596500654548041,0.019587159156799316
126,20.02.2020,9,2020,True,0.0596481724855963,0.019743843004107475
126,21.02.2020,9,2020,True,0.0596437093141127,0.01972712203860283
126,24.02.2020,9,2020,True,0.059562264169219,0.020255863666534424
126,25.02.2020,9,2020,True,0.0595527960496972,0.02345174178481102
126,26.02.2020,9,2020,True,0.0595254508255035,0.023336205631494522
126,27.02.2020,9,2020,True,0.0594922208906821,0.023221230134367943
126,28.02.2020,9,2020,True,0.0594344693007615,0.027616970241069794
126,02.03.2020,9,2020,True,0.0593818245563386,0.027616970241069794
126,03.03.2020,9,2020,True,0.0593844003325534,0.028110284358263016
126,04.03.2020,9,2020,True,0.0593765840068874,0.027525318786501884
126,05.03.2020,9,2020,True,0.0593859492197312,0.026608074083924294
126,06.03.2020,9,2020,True,0.0587313069986041,0.027460977435112
126,09.03.2020,9,2020,True,0.0533534258552843,0.030187180265784264
126,10.03.2020,9,2020,True,0.0532656052083726,0.035805247724056244
126,11.03.2020,9,2020,True,0.0531899414006425,0.03489747643470764
126,12.03.2020,9,2020,True,0.0527846314838682,0.03473621979355812
126,13.03.2020,9,2020,True,0.0527655596960374,0.03593996912240982
126,16.03.2020,9,2020,True,0.0516512579259068,0.03570934012532234
126,17.03.2020,9,2020,True,0.0515097415534538,0.03593996912240982
126,18.03.2020,9,2020,True,0.0499075115945311,0.035709138959646225
126,19.03.2020,9,2020,True,0.0485501556841431,0.03593996912240982
126,20.03.2020,9,2020,True,0.0482831147522444,0.03593996912240982
126,23.03.2020,9,2020,True,0.048442959203062,0.03593996912240982
126,24.03.2020,9,2020,True,0.0484437893792722,0.033506475389003754
126,25.03.2020,9,2020,True,0.0484417553441031,0.033506475389003754
126,26.03.2020,9,2020,True,0.0482916277409362,0.03570934012532234
126,27.03.2020,9,2020,True,0.0480047705427901,0.03364818915724754
126,30.03.2020,9,2020,True,0.0472419133643857,0.033777568489313126
126,31.03.2020,9,2020,True,0.0473636421140481,0.033717136830091476
126,01.04.2020,9,2020,True,0.0468240331240188,0.0353936068713665
126,02.04.2020,9,2020,True,0.0437178522390999,0.03569907695055008
126,03.04.2020,9,2020,True,0.0423543112493724,0.03593996912240982
126,06.04.2020,9,2020,True,0.0424753638907237,0.035805247724056244
126,07.04.2020,9,2020,True,0.0424233427279567,0.03547969087958336
126,08.04.2020,9,2020,True,0.0423798161870125,0.033626995980739594
126,09.04.2020,9,2020,True,0.0422740361312964,0.035574618726968765
126,13.04.2020,9,2020,True,0.0422889864358194,0.03570934012532234
126,14.04.2020,9,2020,True,0.041872813472749,0.03364818915724754
126,15.04.2020,9,2020,True,0.0414250379781865,0.03374650329351425
126,16.04.2020,9,2020,True,0.0414522483332587,0.03569907695055008
126,17.04.2020,9,2020,True,0.0414539097837072,0.0353936068713665
126,20.04.2020,9,2020,True,0.0405363565860483,0.035540301352739334
126,21.04.2020,9,2020,True,0.031541063508861,0.03593996912240982
126,22.04.2020,9,2020,True,0.0312735256013391,0.03593996912240982
126,23.04.2020,9,2020,True,0.0312625892660942,0.03407314792275429
126,24.04.2020,9,2020,True,0.0312809020264661,0.03419366851449013
126,27.04.2020,9,2020,True,0.0306035257341944,0.03570934012532234
126,28.04.2020,9,2020,True,0.0307464120977587,0.03593996912240982
126,29.04.2020,9,2020,True,0.0296546399841604,0.035614412277936935
126,30.04.2020,9,2020,True,0.02841258037658,0.03593996912240982
126,01.05.2020,9,2020,True,0.0284045127674609,0.03593996912240982
126,04.05.2020,9,2020,True,0.0283200378274347,0.03580406680703163
126,05.05.2020,9,2020,True,0.0261320032274214,0.0353936068713665
126,06.05.2020,9,2020,True,0.0258873345870945,0.03593996912240982
126,07.05.2020,9,2020,True,0.0260572897563127,0.03570934012532234
126,08.05.2020,9,2020,True,0.0257227024087858,0.03570934012532234
126,11.05.2020,9,2020,True,0.0256240407662803,0.03593996912240982
126,12.05.2020,9,2020,True,0.0263565217794068,0.03580406680703163
126,13.05.2020,9,2020,True,0.0263190133697726,0.0353936068713665
126,14.05.2020,9,2020,True,0.0257400224327318,0.03364818915724754
126,15.05.2020,9,2020,True,0.0254950440817442,0.035805247724056244
126,18.05.2020,9,2020,True,0.0248478914577701,0.03501607105135918
126,19.05.2020,9,2020,True,0.024921115461981,0.03293271362781525
126,20.05.2020,9,2020,True,0.0247826477395759,0.03475210443139076
126,21.05.2020,9,2020,True,0.0247970815973588,0.03186052292585373
126,22.05.2020,9,2020,True,0.0246754383064213,0.03364818915724754
126,26.05.2020,9,2020,True,0.0245914118515249,0.032553791999816895
126,27.05.2020,9,2020,True,0.0243792552345061,0.0321192592382431
126,28.05.2020,9,2020,True,0.0245619205529889,0.03295492008328438
126,29.05.2020,9,2020,True,0.0245894476322413,0.03295492008328438
126,01.06.2020,9,2020,True,0.0235713792484008,0.02920164354145527
126,02.06.2020,9,2020,True,0.0234467014038928,0.032884880900382996
126,03.06.2020,9,2020,True,0.0234480884106901,0.03265425190329552
126,04.06.2020,9,2020,True,0.0234890592742561,0.026595689356327057
126,05.06.2020,9,2020,True,0.0229826284236271,0.027645308524370193
126,08.06.2020,9,2020,True,0.0227543311113699,0.026618897914886475
126,09.06.2020,9,2020,True,0.0227640128880577,0.027690086513757706
126,10.06.2020,9,2020,True,0.0227388338693555,0.027690086513757706
126,11.06.2020,9,2020,True,0.0215591884937771,0.026692243292927742
126,12.06.2020,9,2020,True,0.0216836645440714,0.030027588829398155
126,15.06.2020,9,2020,True,0.0215938300210002,0.03063427098095417
126,16.06.2020,9,2020,True,0.0214413562034454,0.027634572237730026
126,17.06.2020,9,2020,True,0.0214407818381355,0.029185166582465172
126,18.06.2020,9,2020,True,0.0213857780178534,0.027548370882868767
126,19.06.2020,9,2020,True,0.0213537806846833,0.02644282579421997
126,22.06.2020,9,2020,True,0.0213159476769203,0.027492444962263107
126,23.06.2020,9,2020,True,0.0214321270248569,0.02644282579421997
126,24.06.2020,9,2020,True,0.020867599313176,0.027492444962263107
126,25.06.2020,9,2020,True,0.020895303852147,0.027207687497138977
126,26.06.2020,9,2020,True,0.0208941126596097,0.027645308524370193
126,29.06.2020,9,2020,True,0.0208704832155065,0.027645308524370193
126,30.06.2020,9,2020,True,0.0208279517191128,0.027848048135638237
126,01.07.2020,9,2020,True,0.0207567523436227,0.02789282612502575
126,02.07.2020,9,2020,True,0.0206509172467309,0.026645565405488014
126,06.07.2020,9,2020,True,0.020694585153248,0.02769518457353115
126,07.07.2020,9,2020,True,0.0211061834615145,0.027793608605861664
126,08.07.2020,9,2020,True,0.0211281658651707,0.0267957653850317
126,09.07.2020,9,2020,True,0.0210202817490388,0.027661748230457306
126,10.07.2020,9,2020,True,0.0210934029085374,0.027793608605861664
126,13.07.2020,9,2020,True,0.0210673845009169,0.026083625853061676
126,14.07.2020,9,2020,True,0.0211050785529054,0.026457715779542923
126,15.07.2020,9,2020,True,0.021064739352467,0.027083097025752068
126,16.07.2020,9,2020,True,0.0210425415176593,0.0249667689204216
126,17.07.2020,9,2020,True,0.0211574529156044,0.025252649560570717
126,20.07.2020,9,2020,True,0.0211863386889341,0.02217140980064869
126,21.07.2020,9,2020,True,0.0210967576133832,0.0220929104834795
126,22.07.2020,9,2020,True,0.0210959610799295,0.022226547822356224
126,23.07.2020,9,2020,True,0.0210226803333913,0.0220929104834795
126,24.07.2020,9,2020,True,0.0210303016129278,0.020921850576996803
126,27.07.2020,9,2020,True,0.0210306856911825,0.021184250712394714
126,28.07.2020,9,2020,True,0.021025641356458,0.02134719118475914
126,29.07.2020,9,2020,True,0.0210150347067914,0.02097960375249386
126,30.07.2020,9,2020,True,0.0209370003282711,0.020799528807401657
126,31.07.2020,9,2020,True,0.0209370645585909,0.020835867151618004
126,03.08.2020,9,2020,True,0.0209375061041464,0.022457553073763847
126,04.08.2020,9,2020,True,0.0209777879103466,0.020967727527022362
126,05.08.2020,9,2020,True,0.0209419210824678,0.0208847988396883
126,06.08.2020,9,2020,True,0.0209466340385442,0.01863935776054859
126,07.08.2020,9,2020,True,0.0209485946044869,0.019961725920438766
126,10.08.2020,9,2020,True,0.0209340040852933,0.019976699724793434
126,11.08.2020,9,2020,True,0.020902052056674,0.01765289530158043
126,12.08.2020,9,2020,True,0.0208502117815155,0.02005104348063469
126,13.08.2020,9,2020,True,0.0208832957361097,0.017827263101935387
126,14.08.2020,9,2020,True,0.0209031808608981,0.018078826367855072
126,17.08.2020,9,2020,True,0.0209155765239139,0.017692962661385536
126,18.08.2020,9,2020,True,0.0209314092196863,0.017456883564591408
126,19.08.2020,9,2020,True,0.0209942816571666,0.01741798408329487
126,20.08.2020,9,2020,True,0.0211752828254514,0.017041867598891258
126,21.08.2020,9,2020,True,0.0211309439377497,0.017657555639743805
126,24.08.2020,9,2020,True,0.0211846216944762,0.017900317907333374
126,25.08.2020,9,2020,True,0.0211584246472364,0.01732502318918705
126,26.08.2020,9,2020,True,0.0211853406779412,0.017549844458699226
126,27.08.2020,9,2020,True,0.0214501280842067,0.017884431406855583
126,28.08.2020,9,2020,True,0.021510447825274,0.018131814897060394
126,31.08.2020,9,2020,True,0.0215758790582085,0.017432712018489838
126,01.09.2020,9,2020,True,0.0218385514280316,0.01741674356162548
126,02.09.2020,9,2020,True,0.0219134042290661,0.017480159178376198
126,03.09.2020,9,2020,True,0.0219600621942513,0.017969442531466484
126,04.09.2020,9,2020,True,0.0217586359251065,0.02095532789826393
126,08.09.2020,9,2020,True,0.020732589409802,0.02207692340016365
126,09.09.2020,9,2020,True,0.0207332875064523,0.026926686987280846
126,10.09.2020,9,2020,True,0.0206568312305012,0.02722180262207985
126,11.09.2020,9,2020,True,0.0206537032874056,0.026318715885281563
126,14.09.2020,9,2020,True,0.0206603226412005,0.026318715885281563
126,15.09.2020,9,2020,True,0.0206113987880139,0.02719118259847164
126,16.09.2020,9,2020,True,0.0214355700543344,0.02528684213757515
126,17.09.2020,9,2020,True,0.0213946598203762,0.023432908579707146
126,18.09.2020,9,2020,True,0.0213869760621499,0.02316804975271225
126,21.09.2020,9,2020,True,0.0217995220778328,0.023183170706033707
126,22.09.2020,9,2020,True,0.0223376532059226,0.023329490795731544
126,23.09.2020,9,2020,True,0.0226539616683322,0.02307746745646
126,24.09.2020,9,2020,True,0.022909340848091,0.02634698525071144
126,25.09.2020,9,2020,True,0.0229080921035552,0.023582767695188522
126,28.09.2020,9,2020,True,0.0229417186375412,0.023508423939347267
126,29.09.2020,9,2020,True,0.0227314474145315,0.02317965216934681
126,30.09.2020,9,2020,True,0.022776915840527,0.025983985513448715
126,01.10.2020,9,2020,True,0.0231454032037641,0.025380291044712067
126,02.10.2020,9,2020,True,0.022800203840767,0.027793608605861664
126,05.10.2020,9,2020,True,0.022417513839762,0.027110813185572624
126,06.10.2020,9,2020,True,0.0222665070045878,0.027354873716831207
126,07.10.2020,9,2020,True,0.0222123317490734,0.026265406981110573
126,08.10.2020,9,2020,True,0.0220660220514221,0.027875691652297974
126,09.10.2020,9,2020,True,0.0220298837108447,0.023598724976181984
126,12.10.2020,9,2020,True,0.0221735212306471,0.023387733846902847
126,13.10.2020,9,2020,True,0.0221402569647922,0.025743290781974792
126,14.10.2020,9,2020,True,0.0220960949173032,0.025707460939884186
126,15.10.2020,9,2020,True,0.0220868928135393,0.023677602410316467
126,16.10.2020,9,2020,True,0.0220933966322006,0.023418443277478218
126,19.10.2020,9,2020,True,0.0221633950666308,0.0251810010522604
126,20.10.2020,9,2020,True,0.0221487690905847,0.023268377408385277
126,21.10.2020,9,2020,True,0.0219076411768709,0.023349149152636528
126,22.10.2020,9,2020,True,0.0218932038821131,0.027205828577280045
126,23.10.2020,9,2020,True,0.0218323338847756,0.02717667631804943
126,26.10.2020,9,2020,True,0.0216117954122628,0.026374906301498413
126,27.10.2020,9,2020,True,0.0216164738647109,0.02720573917031288
126,28.10.2020,9,2020,True,0.021133153758083,0.027110813185572624
126,29.10.2020,9,2020,True,0.0207840203756282,0.027354873716831207
126,30.10.2020,9,2020,True,0.0208066321940948,0.028205210343003273
126,02.11.2020,9,2020,True,0.0205744113342053,0.028032401576638222
126,03.11.2020,9,2020,True,0.0205909108554352,0.029647108167409897
126,04.11.2020,9,2020,True,0.0203731270712391,0.027799805626273155
126,05.11.2020,9,2020,True,0.0203502120993034,0.0268520750105381
126,06.11.2020,9,2020,True,0.0200163202456371,0.028328515589237213
126,09.11.2020,9,2020,True,0.019081079511366,0.027901694178581238
126,10.11.2020,9,2020,True,0.0192410281717181,0.02822228893637657
126,11.11.2020,9,2020,True,0.0193320124730787,0.02974015846848488
126,12.11.2020,9,2020,True,0.0193228102606551,0.02851744368672371
126,13.11.2020,9,2020,True,0.019274533855855,0.029638240113854408
126,16.11.2020,9,2020,True,0.01942452588727,0.027848048135638237
126,17.11.2020,9,2020,True,0.019566745558304,0.027562621980905533
126,18.11.2020,9,2020,True,0.019604734080012,0.025755655020475388
126,19.11.2020,9,2020,True,0.0197401031452333,0.025065982714295387
126,20.11.2020,9,2020,True,0.0197024924098208,0.025755655020475388
126,23.11.2020,9,2020,True,0.0196136473160117,0.024509694427251816
126,24.11.2020,9,2020,True,0.0193645737943464,0.023193761706352234
126,25.11.2020,9,2020,True,0.0193315603548621,0.023293424397706985
126,27.11.2020,9,2020,True,0.0193100055262916,0.023545922711491585
126,30.11.2020,9,2020,True,0.019292735135221,0.025992102921009064
126,01.12.2020,9,2020,True,0.0192861069606565,0.027785513550043106
126,02.12.2020,9,2020,True,0.0192495211045138,0.026972003281116486
126,03.12.2020,9,2020,True,0.0192567236782598,0.025302430614829063
126,04.12.2020,9,2020,True,0.0192540083725423,0.023367978632450104
126,07.12.2020,9,2020,True,0.0192236993259236,0.023034170269966125
126,08.12.2020,9,2020,True,0.019222997639507,0.022108009085059166
126,09.12.2020,9,2020,True,0.0192215746976213,0.019961725920438766
126,10.12.2020,9,2020,True,0.0190911683654965,0.020606931298971176
126,11.12.2020,9,2020,True,0.0191075937274062,0.020863771438598633
126,14.12.2020,9,2020,True,0.0191064408086537,0.020714865997433662
126,15.12.2020,9,2020,True,0.019188234008032,0.020752938464283943
126,16.12.2020,9,2020,True,0.0191876793247282,0.020731911063194275
126,17.12.2020,9,2020,True,0.0192339121474345,0.02065734937787056
126,18.12.2020,9,2020,True,0.0192087513912748,0.01868434064090252
126,21.12.2020,9,2020,True,0.0190319951851155,0.0187376756221056
126,22.12.2020,9,2020,True,0.0189515718735262,0.021184250712394714
126,23.12.2020,9,2020,True,0.0188811753899635,0.020997293293476105
126,24.12.2020,9,2020,True,0.0189921105024417,0.021088166162371635
126,28.12.2020,9,2020,True,0.0189653345896064,0.020794671028852463
126,29.12.2020,9,2020,True,0.0189656331015873,0.020714865997433662
126,30.12.2020,9,2020,True,0.0189733898428466,0.020838428288698196
126,31.12.2020,9,2020,True,0.0189665309293492,0.02044883370399475
5,04.01.2021,10,2021,True,0.0217310826718622,0.018156899139285088
5,05.01.2021,10,2021,True,0.0136014667427073,0.022976133972406387
5,06.01.2021,10,2021,True,0.0161159561590192,0.018909865990281105
5,07.01.2021,10,2021,True,0.0158898952143997,0.0166016835719347
5,08.01.2021,10,2021,True,0.0153218216912191,0.01701311394572258
5,11.01.2021,10,2021,True,0.0170258640068359,0.018814265727996826
5,12.01.2021,10,2021,True,0.0149084049406235,0.01539209857583046
5,13.01.2021,10,2021,True,0.0143141235419288,0.017731186002492905
5,14.01.2021,10,2021,True,0.0147190654340528,0.019048284739255905
5,15.01.2021,10,2021,True,0.0100402751403374,0.0172490943223238
5,19.01.2021,10,2021,True,0.0076688512081884,0.020248083397746086
5,20.01.2021,10,2021,True,0.0074743294980826,0.017516018822789192
5,21.01.2021,10,2021,True,0.0076228763198572,0.019831443205475807
5,22.01.2021,10,2021,True,0.0055978345047754,0.01606949418783188
5,25.01.2021,10,2021,True,0.00557651364242,0.01764986850321293
5,26.01.2021,10,2021,True,0.0096058589377971,0.017218420282006264
5,27.01.2021,10,2021,True,0.0097817967286899,0.017699051648378372
5,28.01.2021,10,2021,True,0.0063120602771798,0.018815578892827034
5,29.01.2021,10,2021,True,0.005917931711061,0.019167954102158546
5,01.02.2021,10,2021,True,0.0064737989768371,0.017616963014006615
5,02.02.2021,10,2021,True,0.0061405140997611,0.01554590743035078
5,03.02.2021,10,2021,True,0.0058733369121587,0.016963055357336998
5,04.02.2021,10,2021,True,0.0091523432587378,0.018333587795495987
5,05.02.2021,10,2021,True,0.0109329304569948,0.01733974926173687
5,08.02.2021,10,2021,True,0.0098437282602893,0.018996967002749443
5,09.02.2021,10,2021,True,0.0102531836460715,0.02091476507484913
5,10.02.2021,10,2021,True,0.0127702303842934,0.016651131212711334
5,11.02.2021,10,2021,True,0.0160240098745024,0.016190553084015846
5,12.02.2021,10,2021,True,0.0205483633651149,0.01617535576224327
5,16.02.2021,10,2021,True,0.0204298864782995,0.016859054565429688
5,17.02.2021,10,2021,True,0.0219345203107329,0.015807142481207848
5,18.02.2021,10,2021,True,0.0213325189201765,0.016759593039751053
5,19.02.2021,10,2021,True,0.0199841198324042,0.01830131933093071
5,22.02.2021,10,2021,True,0.0227538362206239,0.01778002455830574
5,23.02.2021,10,2021,True,0.0228047913916097,0.018333828076720238
5,24.02.2021,10,2021,True,0.021495555101191,0.018961932510137558
5,25.02.2021,10,2021,True,0.0313019493147776,0.021057894453406334
5,26.02.2021,10,2021,True,0.034716071898277,0.021552734076976776
5,01.03.2021,10,2021,True,0.0281735728280797,0.023584231734275818
5,02.03.2021,10,2021,True,0.0269134281014145,0.01926545612514019
5,03.03.2021,10,2021,True,0.0268537098173628,0.019805369898676872
5,04.03.2021,10,2021,True,0.0232665479889825,0.017372868955135345
5,05.03.2021,10,2021,True,0.0164018622766415,0.014467512257397175
5,08.03.2021,10,2021,True,0.0143064458154707,0.020609667524695396
5,09.03.2021,10,2021,True,0.0136180199459472,0.029556188732385635
5,10.03.2021,10,2021,True,0.0139226388641995,0.021931666880846024
5,11.03.2021,10,2021,True,0.0295341219838458,0.018646283075213432
5,12.03.2021,10,2021,True,0.0342096767443177,0.021982988342642784
5,15.03.2021,10,2021,True,0.0347427115484147,0.01672467589378357
5,16.03.2021,10,2021,True,0.0404661335542318,0.018592583015561104
5,17.03.2021,10,2021,True,0.0548868681725371,0.018730444833636284
5,18.03.2021,10,2021,True,0.0471425866566698,0.018219294026494026
5,19.03.2021,10,2021,True,0.0507765575358197,0.0443451963365078
5,22.03.2021,10,2021,True,0.0508553372090415,0.017299750819802284
5,23.03.2021,10,2021,True,0.0394080250126673,0.021884886547923088
5,24.03.2021,10,2021,True,0.0295505446375563,0.02653578855097294
5,25.03.2021,10,2021,True,0.0224435243624791,0.036032211035490036
5,26.03.2021,10,2021,True,0.0237183443971847,0.02774510718882084
5,29.03.2021,10,2021,True,0.0242133951315475,0.018037203699350357
5,30.03.2021,10,2021,True,0.0245920987931925,0.02324751950800419
5,31.03.2021,10,2021,True,0.0243557473382353,0.021825499832630157
5,01.04.2021,10,2021,True,0.021170830976517,0.023993611335754395
5,05.04.2021,10,2021,True,0.0052986339401212,0.019251015037298203
5,06.04.2021,10,2021,True,0.0045390536041263,0.0180519912391901
5,07.04.2021,10,2021,True,0.0195083986548605,0.021683188155293465
5,08.04.2021,10,2021,True,0.0190136012229933,0.020358003675937653
5,09.04.2021,10,2021,True,0.0187333317609769,0.02244631201028824
5,12.04.2021,10,2021,True,0.0188301843221343,0.012737025506794453
5,13.04.2021,10,2021,True,0.0206468626966526,0.015234768390655518
5,14.04.2021,10,2021,True,0.0098867310571015,0.01844499260187149
5,15.04.2021,10,2021,True,0.0090564489948124,0.013259034603834152
5,16.04.2021,10,2021,True,0.0114761277492282,0.015006635338068008
5,19.04.2021,10,2021,True,0.0110536488592637,0.012538169510662556
5,20.04.2021,10,2021,True,0.0128560817639739,0.01735329069197178
5,21.04.2021,10,2021,True,0.0085359756189675,0.015467306599020958
5,22.04.2021,10,2021,True,0.0097275289074543,0.022944388911128044
5,23.04.2021,10,2021,True,0.0159762169872383,0.020751113072037697
5,26.04.2021,10,2021,True,0.0148940096035356,0.01783059909939766
5,27.04.2021,10,2021,True,0.0160135900964834,0.020551685243844986
5,28.04.2021,10,2021,True,0.0158648875394427,0.01730475015938282
5,29.04.2021,10,2021,True,0.0151726234170118,0.01767553575336933
5,30.04.2021,10,2021,True,0.0113980922441099,0.018740739673376083
5,03.05.2021,10,2021,True,0.0114021657652119,0.01699959486722946
5,04.05.2021,10,2021,True,0.0066583555713298,0.022995417937636375
5,05.05.2021,10,2021,True,0.0086594857858582,0.01631748303771019
5,06.05.2021,10,2021,True,0.0173589766408704,0.015457410365343094
5,07.05.2021,10,2021,True,0.0214194388480604,0.01603713445365429
5,10.05.2021,10,2021,True,0.0218277200484082,0.014731784351170063
5,11.05.2021,10,2021,True,0.0227268811091886,0.016524353995919228
5,12.05.2021,10,2021,True,0.0252666648984108,0.01761636510491371
5,13.05.2021,10,2021,True,0.0230889001873392,0.019688904285430908
5,14.05.2021,10,2021,True,0.0217362731869463,0.02098335325717926
5,17.05.2021,10,2021,True,0.0267053159731781,0.015326918102800846
5,18.05.2021,10,2021,True,0.0263838178120694,0.015390973538160324
5,19.05.2021,10,2021,True,0.0203997400146152,0.015234867110848427
5,20.05.2021,10,2021,True,0.011833053835539,0.016335250809788704
5,21.05.2021,10,2021,True,0.0117668059103821,0.01857331395149231
5,24.05.2021,10,2021,True,0.0032406518569917,0.01616210862994194
5,25.05.2021,10,2021,True,0.0052758621634046,0.017008567228913307
5,26.05.2021,10,2021,True,0.0062572360458716,0.014753627590835094
5,27.05.2021,10,2021,True,0.0062332358850444,0.01332309190183878
5,28.05.2021,10,2021,True,0.008337551936402,0.01621490716934204
5,01.06.2021,10,2021,True,0.0084956134243612,0.015863537788391113
5,02.06.2021,10,2021,True,0.0065365201568301,0.017502479255199432
5,03.06.2021,10,2021,True,0.006335010075024,0.01522866915911436
5,04.06.2021,10,2021,True,0.0057558476159011,0.01862969435751438
5,07.06.2021,10,2021,True,0.0038494425081364,0.01637156680226326
5,08.06.2021,10,2021,True,0.0060771275414214,0.01340735424309969
5,09.06.2021,10,2021,True,0.0054489200782354,0.016011830419301987
5,10.06.2021,10,2021,True,0.0120487294132094,0.01580202765762806
5,11.06.2021,10,2021,True,0.0122095342645503,0.015643255785107613
5,14.06.2021,10,2021,True,0.0142688245788546,0.01619221642613411
5,15.06.2021,10,2021,True,0.0132966158067802,0.01955161616206169
5,16.06.2021,10,2021,True,0.013277929043682,0.014824356883764267
5,17.06.2021,10,2021,True,0.0073108515605781,0.016919609159231186
5,18.06.2021,10,2021,True,0.007319861333845,0.020503869280219078
5,21.06.2021,10,2021,True,0.0113108583290224,0.014283254742622375
5,22.06.2021,10,2021,True,0.0113256780150569,0.017140274867415428
5,23.06.2021,10,2021,True,0.0113109120367151,0.01674344763159752
5,24.06.2021,10,2021,True,0.0119740704907457,0.017422333359718323
5,25.06.2021,10,2021,True,0.0114925742851441,0.01435660757124424
5,28.06.2021,10,2021,True,0.0123064001175607,0.014746258035302162
5,29.06.2021,10,2021,True,0.0138030764437992,0.0123567720875144
5,30.06.2021,10,2021,True,0.0146031674363989,0.01233779825270176
5,01.07.2021,10,2021,True,0.0170543614732303,0.01594162918627262
5,02.07.2021,10,2021,True,0.0168718586375801,0.013762085698544979
5,06.07.2021,10,2021,True,0.0147769252136064,0.013911081477999687
5,07.07.2021,10,2021,True,0.0176494869094436,0.017300743609666824
5,08.07.2021,10,2021,True,0.0194321327234795,0.027402764186263084
5,09.07.2021,10,2021,True,0.0160098369238374,0.017892122268676758
5,12.07.2021,10,2021,True,0.0330480308409115,0.02241641655564308
5,13.07.2021,10,2021,True,0.0312646404439862,0.019954461604356766
5,14.07.2021,10,2021,True,0.0410051541859606,0.02136833220720291
5,15.07.2021,10,2021,True,0.0421680555600957,0.017490213736891747
5,16.07.2021,10,2021,True,0.0421951703399953,0.017246339470148087
5,19.07.2021,10,2021,True,0.0151565283359845,0.017922185361385345
5,20.07.2021,10,2021,True,0.0168838434001457,0.03192628547549248
5,21.07.2021,10,2021,True,0.0083960350138457,0.03423141688108444
5,22.07.2021,10,2021,True,0.0066833365986866,0.014076191931962967
5,23.07.2021,10,2021,True,0.0067228505770883,0.015869997441768646
5,26.07.2021,10,2021,True,0.0242833735626651,0.013458729721605778
5,27.07.2021,10,2021,True,0.0241809882372518,0.014904286712408066
5,28.07.2021,10,2021,True,0.0253557033119335,0.0170377679169178
5,29.07.2021,10,2021,True,0.0240925065284032,0.01752958446741104
5,30.07.2021,10,2021,True,0.0225762580379343,0.013486279174685478
5,02.08.2021,10,2021,True,0.0162933933039115,0.013893211260437965
5,03.08.2021,10,2021,True,0.0223702779404918,0.017193710431456566
5,04.08.2021,10,2021,True,0.0187241819364536,0.015696119517087936
5,05.08.2021,10,2021,True,0.0179257539197496,0.018987027928233147
5,06.08.2021,10,2021,True,0.0181575059255994,0.017548605799674988
5,09.08.2021,10,2021,True,0.015678444037859,0.014233420602977276
5,10.08.2021,10,2021,True,0.0102108771354403,0.019746121019124985
5,11.08.2021,10,2021,True,0.0051282007075968,0.01910417340695858
5,12.08.2021,10,2021,True,0.0075313031225608,0.015616584569215775
5,13.08.2021,10,2021,True,0.0074366601579938,0.016739845275878906
5,16.08.2021,10,2021,True,0.0319153095888423,0.016241516917943954
5,17.08.2021,10,2021,True,0.0352384881469415,0.021086618304252625
5,18.08.2021,10,2021,True,0.0339946656628634,0.019596446305513382
5,19.08.2021,10,2021,True,0.031411778901792,0.01893223449587822
5,20.08.2021,10,2021,True,0.0255332094423784,0.023198014125227928
5,23.08.2021,10,2021,True,0.0185941843243885,0.018741576001048088
5,24.08.2021,10,2021,True,0.0161873227051571,0.01473146490752697
5,25.08.2021,10,2021,True,0.0178254345367381,0.0193586815148592
5,26.08.2021,10,2021,True,0.0177851613266688,0.014737813733518124
5,27.08.2021,10,2021,True,0.0152645520753741,0.016880474984645844
5,30.08.2021,10,2021,True,0.0149000941480291,0.019195500761270523
5,31.08.2021,10,2021,True,0.0167400244927532,0.016792647540569305
5,01.09.2021,10,2021,True,0.0158567883101973,0.012813427485525608
5,02.09.2021,10,2021,True,0.0160015107877255,0.018110377714037895
5,03.09.2021,10,2021,True,0.0160153976657562,0.018947741016745567
5,07.09.2021,10,2021,True,0.0137563674109556,0.01885242573916912
5,08.09.2021,10,2021,True,0.0162821234940552,0.0213386919349432
5,09.09.2021,10,2021,True,0.0106442548973352,0.022072743624448776
5,10.09.2021,10,2021,True,0.0112134732891264,0.022916967049241066
5,13.09.2021,10,2021,True,0.0158672406158831,0.0186248030513525
5,14.09.2021,10,2021,True,0.0160146899064107,0.020443720743060112
5,15.09.2021,10,2021,True,0.0157848143860491,0.023141954094171524
5,16.09.2021,10,2021,True,0.0166804277912045,0.02286626398563385
5,17.09.2021,10,2021,True,0.0161180287374377,0.02383933588862419
5,20.09.2021,10,2021,True,0.0070326335587606,0.01910182274878025
5,21.09.2021,10,2021,True,0.0112138968399596,0.021893875673413277
5,22.09.2021,10,2021,True,0.0112331327162752,0.016177227720618248
5,23.09.2021,10,2021,True,0.0107625796371122,0.016885578632354736
5,24.09.2021,10,2021,True,0.0105662968551273,0.01563177816569805
5,27.09.2021,10,2021,True,0.0129841094596846,0.01731230691075325
5,28.09.2021,10,2021,True,0.0124432574904402,0.022415531799197197
5,29.09.2021,10,2021,True,0.0165530010211956,0.016253555193543434
5,30.09.2021,10,2021,True,0.0160367135186192,0.015585111454129219
5,01.10.2021,10,2021,True,0.0160786541648462,0.0188068225979805
5,04.10.2021,10,2021,True,0.0139999281117341,0.01743961311876774
5,05.10.2021,10,2021,True,0.013098196316943,0.016578029841184616
5,06.10.2021,10,2021,True,0.0080319521815469,0.024427171796560287
5,07.10.2021,10,2021,True,0.0078906547327857,0.018700292333960533
5,08.10.2021,10,2021,True,0.0082419042039125,0.025595922023057938
5,11.10.2021,10,2021,True,0.0077783870235882,0.021488651633262634
5,12.10.2021,10,2021,True,0.0078786389511308,0.019952397793531418
5,13.10.2021,10,2021,True,0.0070246881537845,0.018395688384771347
5,14.10.2021,10,2021,True,0.0110403934850578,0.02070569433271885
5,15.10.2021,10,2021,True,0.0111676420687038,0.02034570276737213
5,18.10.2021,10,2021,True,0.0103047937427557,0.01819557510316372
5,19.10.2021,10,2021,True,0.0099696378487521,0.019747905433177948
5,20.10.2021,10,2021,True,0.0139720757853104,0.019836682826280594
5,21.10.2021,10,2021,True,0.0125372752840074,0.018413998186588287
5,22.10.2021,10,2021,True,0.0109314884237654,0.018257662653923035
5,25.10.2021,10,2021,True,0.0106784811710107,0.01710587926208973
5,26.10.2021,10,2021,True,0.0100172003958942,0.018514150753617287
5,27.10.2021,10,2021,True,0.015038609552832,0.017997659742832184
5,28.10.2021,10,2021,True,0.0157024765797578,0.018843980506062508
5,29.10.2021,10,2021,True,0.0226699077295531,0.018997006118297577
5,01.11.2021,10,2021,True,0.0231306876164804,0.020616615191102028
5,02.11.2021,10,2021,True,0.0247185242052967,0.01817958988249302
5,03.11.2021,10,2021,True,0.0224299384004554,0.014026559889316559
5,04.11.2021,10,2021,True,0.0196948749535034,0.020794086158275604
5,05.11.2021,10,2021,True,0.0162046708189219,0.019365979358553886
5,08.11.2021,10,2021,True,0.0153089031230863,0.021947523579001427
5,09.11.2021,10,2021,True,0.0122346337030502,0.026582270860671997
5,10.11.2021,10,2021,True,0.0125873781829785,0.015754466876387596
5,11.11.2021,10,2021,True,0.0146314100916174,0.019066931679844856
5,12.11.2021,10,2021,True,0.0186615393499789,0.013277791440486908
5,15.11.2021,10,2021,True,0.0203606019170312,0.01577969454228878
5,16.11.2021,10,2021,True,0.0266629628109993,0.018030434846878052
5,17.11.2021,10,2021,True,0.0225198693135408,0.016331706196069717
5,18.11.2021,10,2021,True,0.0606527836327621,0.01694355346262455
5,19.11.2021,10,2021,True,0.0620091398520129,0.018234971910715103
5,22.11.2021,10,2021,True,0.0610936838478903,0.01599905453622341
5,23.11.2021,10,2021,True,0.0526552548670942,0.015566015616059303
5,24.11.2021,10,2021,True,0.0549284741982478,0.017128318548202515
5,26.11.2021,10,2021,True,0.0229446094077413,0.019916584715247154
5,29.11.2021,10,2021,True,0.0328867332401437,0.048204485327005386
5,30.11.2021,10,2021,True,0.0267459067108334,0.037482183426618576
5,01.12.2021,10,2021,True,0.0182622052253155,0.03934425488114357
5,02.12.2021,10,2021,True,0.0251327867716783,0.04111391305923462
5,03.12.2021,10,2021,True,0.0246252568200627,0.028993630781769753
5,06.12.2021,10,2021,True,0.0194822046103971,0.040906090289354324
5,07.12.2021,10,2021,True,0.0117168545967751,0.03556544706225395
5,08.12.2021,10,2021,True,0.011229188885444,0.017367372289299965
5,09.12.2021,10,2021,True,0.011324463496345,0.02263087034225464
5,10.12.2021,10,2021,True,0.0136229622872018,0.02485823445022106
5,13.12.2021,10,2021,True,0.0172211589540512,0.02325836382806301
5,14.12.2021,10,2021,True,0.0252477473254478,0.02156287245452404
5,15.12.2021,10,2021,True,0.0263786344353582,0.034217528998851776
5,16.12.2021,10,2021,True,0.0270404753253843,0.023933831602334976
5,17.12.2021,10,2021,True,0.0237020078869204,0.028201136738061905
5,20.12.2021,10,2021,True,0.0105966071758254,0.03119688481092453
5,21.12.2021,10,2021,True,0.0090502888233804,0.03202028572559357
5,22.12.2021,10,2021,True,0.0102121551713269,0.0387173593044281
5,23.12.2021,10,2021,True,0.0149649879037841,0.02167687565088272
5,27.12.2021,10,2021,True,0.0127231791383968,0.020863644778728485
5,28.12.2021,10,2021,True,0.0138077265827376,0.02262786589562893
5,29.12.2021,10,2021,True,0.0142017222923507,0.020105937495827675
5,30.12.2021,10,2021,True,0.014807167400085,0.0201076939702034
5,31.12.2021,10,2021,True,0.0074963697322761,0.020138941705226898
22,04.01.2021,10,2021,True,0.0149714832033058,0.020636288449168205
22,05.01.2021,10,2021,True,0.0117811139128342,0.02520287036895752
22,06.01.2021,10,2021,True,0.0121298670265875,0.016783349215984344
22,07.01.2021,10,2021,True,0.0121289789664028,0.018648983910679817
22,08.01.2021,10,2021,True,0.0109011971870848,0.018829679116606712
22,11.01.2021,10,2021,True,0.01087831332882,0.021428711712360382
22,12.01.2021,10,2021,True,0.0111549340707335,0.019481848925352097
22,13.01.2021,10,2021,True,0.0109164013017309,0.018532292917370796
22,14.01.2021,10,2021,True,0.0111206342171804,0.0184674933552742
22,15.01.2021,10,2021,True,0.0094049307755394,0.020344791933894157
22,19.01.2021,10,2021,True,0.0104157367481799,0.024244334548711777
22,20.01.2021,10,2021,True,0.0123143064358984,0.019115999341011047
22,21.01.2021,10,2021,True,0.0122779758016558,0.021536581218242645
22,22.01.2021,10,2021,True,0.0120749428458788,0.019108476117253304
22,25.01.2021,10,2021,True,0.0123029379741996,0.021394554525613785
22,26.01.2021,10,2021,True,0.012895459282921,0.019221067428588867
22,27.01.2021,10,2021,True,0.0160215548766951,0.02034393697977066
22,28.01.2021,10,2021,True,0.0165229842600311,0.01926366798579693
22,29.01.2021,10,2021,True,0.0168762536122032,0.018591945990920067
22,01.02.2021,10,2021,True,0.0184214990971156,0.019831622019410133
22,02.02.2021,10,2021,True,0.0194200266469693,0.019210126250982285
22,03.02.2021,10,2021,True,0.020011772155755,0.018365472555160522
22,04.02.2021,10,2021,True,0.0203626971105277,0.020823132246732712
22,05.02.2021,10,2021,True,0.0203570514903,0.01983712799847126
22,08.02.2021,10,2021,True,0.020542033352349,0.018967580050230026
22,09.02.2021,10,2021,True,0.0206975866784724,0.018484780564904213
22,10.02.2021,10,2021,True,0.0208197727159893,0.017678143456578255
22,11.02.2021,10,2021,True,0.0208654936967117,0.017950600013136864
22,12.02.2021,10,2021,True,0.0206769958269763,0.01697673462331295
22,16.02.2021,10,2021,True,0.0260689197723216,0.019713647663593292
22,17.02.2021,10,2021,True,0.0261981420009642,0.016227832064032555
22,18.02.2021,10,2021,True,0.0261583347609185,0.016565445810556412
22,19.02.2021,10,2021,True,0.029110315274667,0.01874224841594696
22,22.02.2021,10,2021,True,0.0307562345181345,0.02136574126780033
22,23.02.2021,10,2021,True,0.0318130922787738,0.02201116271317005
22,24.02.2021,10,2021,True,0.0326599951820505,0.02073918841779232
22,25.02.2021,10,2021,True,0.0327041836836326,0.02286357432603836
22,26.02.2021,10,2021,True,0.0327314264382883,0.021808726713061333
22,01.03.2021,10,2021,True,0.0317845489461955,0.021860308945178986
22,02.03.2021,10,2021,True,0.0318783892619205,0.018866736441850662
22,03.03.2021,10,2021,True,0.03288170611066,0.02180936560034752
22,04.03.2021,10,2021,True,0.0316198507180517,0.021637653931975365
22,05.03.2021,10,2021,True,0.0303417025932378,0.022160911932587624
22,08.03.2021,10,2021,True,0.0302366431345912,0.021143248304724693
22,09.03.2021,10,2021,True,0.0301953003319578,0.0303584486246109
22,10.03.2021,10,2021,True,0.030190086712134,0.029231414198875427
22,11.03.2021,10,2021,True,0.0296059632688658,0.022322887554764748
22,12.03.2021,10,2021,True,0.0313690700215178,0.0226207934319973
22,15.03.2021,10,2021,True,0.0313967346963162,0.02064627781510353
22,16.03.2021,10,2021,True,0.0313713010649393,0.02050940692424774
22,17.03.2021,10,2021,True,0.0313727675090217,0.02163820154964924
22,18.03.2021,10,2021,True,0.02711349511079,0.021549196913838387
22,19.03.2021,10,2021,True,0.0271895511338224,0.028968455269932747
22,22.03.2021,10,2021,True,0.0271893252579311,0.01890956610441208
22,23.03.2021,10,2021,True,0.0234973243769532,0.02089664153754711
22,24.03.2021,10,2021,True,0.0202377210466431,0.02954152226448059
22,25.03.2021,10,2021,True,0.0182786702912916,0.0417097732424736
22,26.03.2021,10,2021,True,0.0163394927333518,0.02610733173787594
22,29.03.2021,10,2021,True,0.0167230157579484,0.02146398462355137
22,30.03.2021,10,2021,True,0.0170497398778808,0.0219035055488348
22,31.03.2021,10,2021,True,0.0168582706141053,0.020342567935585976
22,01.04.2021,10,2021,True,0.0167993159873049,0.02377084270119667
22,05.04.2021,10,2021,True,0.0134151020275097,0.0175625067204237
22,06.04.2021,10,2021,True,0.0138670855864202,0.019735561683773994
22,07.04.2021,10,2021,True,0.0138524283645466,0.02602720819413662
22,08.04.2021,10,2021,True,0.0138529068035495,0.026138337329030037
22,09.04.2021,10,2021,True,0.013751609178771,0.020146550610661507
22,12.04.2021,10,2021,True,0.0138375561018776,0.015901125967502594
22,13.04.2021,10,2021,True,0.0159582571377154,0.017026184126734734
22,14.04.2021,10,2021,True,0.0138449863306095,0.019542718306183815
22,15.04.2021,10,2021,True,0.013967885579631,0.020746029913425446
22,16.04.2021,10,2021,True,0.0141981193400525,0.022387323901057243
22,19.04.2021,10,2021,True,0.015688949144093,0.023467078804969788
22,20.04.2021,10,2021,True,0.0164028143932218,0.02128307893872261
22,21.04.2021,10,2021,True,0.0164879301000512,0.021672025322914124
22,22.04.2021,10,2021,True,0.0176237174971624,0.02505640871822834
22,23.04.2021,10,2021,True,0.0175173802730402,0.02083297073841095
22,26.04.2021,10,2021,True,0.0174108671811311,0.02008173242211342
22,27.04.2021,10,2021,True,0.0173423270660785,0.02106240950524807
22,28.04.2021,10,2021,True,0.0171785465062932,0.01921505108475685
22,29.04.2021,10,2021,True,0.0168212166793185,0.01913987100124359
22,30.04.2021,10,2021,True,0.0164446930945611,0.025340016931295395
22,03.05.2021,10,2021,True,0.0164529628421176,0.022401371970772743
22,04.05.2021,10,2021,True,0.0160733416239737,0.021892491728067398
22,05.05.2021,10,2021,True,0.0161530283201884,0.02035624347627163
22,06.05.2021,10,2021,True,0.015920540422853,0.02042686939239502
22,07.05.2021,10,2021,True,0.0159307060198736,0.020122181624174118
22,10.05.2021,10,2021,True,0.0159278816121694,0.01946384459733963
22,11.05.2021,10,2021,True,0.0159273861495614,0.02170245721936226
22,12.05.2021,10,2021,True,0.0158137197164448,0.019734038040041924
22,13.05.2021,10,2021,True,0.0138901896624008,0.018231326714158058
22,14.05.2021,10,2021,True,0.0131598816254477,0.01957325078547001
22,17.05.2021,10,2021,True,0.0138083253765454,0.018614670261740685
22,18.05.2021,10,2021,True,0.0135060456773854,0.021007511764764786
22,19.05.2021,10,2021,True,0.0116577206607053,0.018436508253216743
22,20.05.2021,10,2021,True,0.0098625991137546,0.020305970683693886
22,21.05.2021,10,2021,True,0.0093613894750521,0.02183646522462368
22,24.05.2021,10,2021,True,0.0076237925345962,0.018186626955866814
22,25.05.2021,10,2021,True,0.0076528701357299,0.019983254373073578
22,26.05.2021,10,2021,True,0.0092821975554179,0.020334409549832344
22,27.05.2021,10,2021,True,0.0092327521175812,0.017800364643335342
22,28.05.2021,10,2021,True,0.0092365006678831,0.018669430166482925
22,01.06.2021,10,2021,True,0.0092522961716897,0.018125757575035095
22,02.06.2021,10,2021,True,0.0088570245722527,0.016346944496035576
22,03.06.2021,10,2021,True,0.0102965659425029,0.01802028715610504
22,04.06.2021,10,2021,True,0.0108014933275042,0.017570214346051216
22,07.06.2021,10,2021,True,0.0108398586215188,0.01739192008972168
22,08.06.2021,10,2021,True,0.0113315151165718,0.016781343147158623
22,09.06.2021,10,2021,True,0.0114293801299871,0.015895748510956764
22,10.06.2021,10,2021,True,0.0119063652058512,0.01698496751487255
22,11.06.2021,10,2021,True,0.0130715016304103,0.019492212682962418
22,14.06.2021,10,2021,True,0.0136596942979908,0.01853627897799015
22,15.06.2021,10,2021,True,0.0132484743352052,0.024718917906284332
22,16.06.2021,10,2021,True,0.0198223554527047,0.01668420620262623
22,17.06.2021,10,2021,True,0.0197837200368658,0.01756083220243454
22,18.06.2021,10,2021,True,0.0217685257703282,0.017576392740011215
22,21.06.2021,10,2021,True,0.0218880386132313,0.016055889427661896
22,22.06.2021,10,2021,True,0.021912097033969,0.017527276650071144
22,23.06.2021,10,2021,True,0.0219159883750249,0.016083933413028717
22,24.06.2021,10,2021,True,0.0218838280340129,0.01680418848991394
22,25.06.2021,10,2021,True,0.0218165182365255,0.014639115892350674
22,28.06.2021,10,2021,True,0.0217158462181044,0.015172427520155907
22,29.06.2021,10,2021,True,0.0217243385754094,0.015072750858962536
22,30.06.2021,10,2021,True,0.0238956650559042,0.014479724690318108
22,01.07.2021,10,2021,True,0.0237952804989911,0.01685008779168129
22,02.07.2021,10,2021,True,0.0243911583994444,0.0158219151198864
22,06.07.2021,10,2021,True,0.0242792291600729,0.016763493418693542
22,07.07.2021,10,2021,True,0.0241538906924619,0.021092863753437996
22,08.07.2021,10,2021,True,0.024460629095684,0.02100934088230133
22,09.07.2021,10,2021,True,0.0246316086667542,0.018882324919104576
22,12.07.2021,10,2021,True,0.0248167373988545,0.020374611020088196
22,13.07.2021,10,2021,True,0.0244194772342236,0.020272837951779366
22,14.07.2021,10,2021,True,0.0240791712049,0.01936258189380169
22,15.07.2021,10,2021,True,0.0240246644065503,0.021078677847981453
22,16.07.2021,10,2021,True,0.0240235736769938,0.021246857941150665
22,19.07.2021,10,2021,True,0.0189619475296541,0.01906486786901951
22,20.07.2021,10,2021,True,0.0195862103066193,0.03168581426143646
22,21.07.2021,10,2021,True,0.0174250145366931,0.022581322118639946
22,22.07.2021,10,2021,True,0.0207192979829178,0.018474197015166283
22,23.07.2021,10,2021,True,0.0220687044057686,0.021169817075133324
22,26.07.2021,10,2021,True,0.0223784157509738,0.019199229776859283
22,27.07.2021,10,2021,True,0.0226049586777077,0.02090565674006939
22,28.07.2021,10,2021,True,0.0231945704033615,0.023641377687454224
22,29.07.2021,10,2021,True,0.0229578961186953,0.027885839343070984
22,30.07.2021,10,2021,True,0.0229424966909744,0.02399497479200363
22,02.08.2021,10,2021,True,0.0211326028770243,0.026912830770015717
22,03.08.2021,10,2021,True,0.0215392165081146,0.024267401546239853
22,04.08.2021,10,2021,True,0.0206172203538999,0.019906409084796906
22,05.08.2021,10,2021,True,0.0206637748817748,0.020550357177853584
22,06.08.2021,10,2021,True,0.0207322121009799,0.02521980181336403
22,09.08.2021,10,2021,True,0.0203483993092631,0.018618274480104446
22,10.08.2021,10,2021,True,0.0202352281375695,0.02321154810488224
22,11.08.2021,10,2021,True,0.0201693519113434,0.022063229233026505
22,12.08.2021,10,2021,True,0.0201573678317407,0.020262377336621284
22,13.08.2021,10,2021,True,0.0205816798964264,0.01846606470644474
22,16.08.2021,10,2021,True,0.020166353314119,0.021505188196897507
22,17.08.2021,10,2021,True,0.0201084585970045,0.019009476527571678
22,18.08.2021,10,2021,True,0.0204400053601848,0.021931054070591927
22,19.08.2021,10,2021,True,0.0193055243295584,0.020482737571001053
22,20.08.2021,10,2021,True,0.018914781874537,0.02420450933277607
22,23.08.2021,10,2021,True,0.0159615784393774,0.019802892580628395
22,24.08.2021,10,2021,True,0.0147941873860136,0.018758833408355713
22,25.08.2021,10,2021,True,0.0148587021339439,0.019251780584454536
22,26.08.2021,10,2021,True,0.0143016853229462,0.021821334958076477
22,27.08.2021,10,2021,True,0.0138923024361215,0.021810181438922882
22,30.08.2021,10,2021,True,0.0138621443276208,0.022185860201716423
22,31.08.2021,10,2021,True,0.013784802023846,0.019706768915057182
22,01.09.2021,10,2021,True,0.0134603596351911,0.018517810851335526
22,02.09.2021,10,2021,True,0.0132843135198156,0.02493380755186081
22,03.09.2021,10,2021,True,0.0140244067791421,0.02072041667997837
22,07.09.2021,10,2021,True,0.0134903557026135,0.020064689218997955
22,08.09.2021,10,2021,True,0.0134114828050419,0.02078697644174099
22,09.09.2021,10,2021,True,0.0126309967308804,0.021354693919420242
22,10.09.2021,10,2021,True,0.0124408142197389,0.02294796146452427
22,13.09.2021,10,2021,True,0.0125773024425269,0.022494366392493248
22,14.09.2021,10,2021,True,0.0125676770582339,0.021776344627141953
22,15.09.2021,10,2021,True,0.0118829966359764,0.021709131076931953
22,16.09.2021,10,2021,True,0.0121295686706469,0.021307798102498055
22,17.09.2021,10,2021,True,0.0119736404607116,0.02298237383365631
22,20.09.2021,10,2021,True,0.01065206577471,0.02166557125747204
22,21.09.2021,10,2021,True,0.0115552462131107,0.02292335033416748
22,22.09.2021,10,2021,True,0.0108672726506443,0.019486263394355774
22,23.09.2021,10,2021,True,0.01069831451388,0.018959712237119675
22,24.09.2021,10,2021,True,0.0106157067155003,0.01992129161953926
22,27.09.2021,10,2021,True,0.0115025834271141,0.018991628661751747
22,28.09.2021,10,2021,True,0.0114290807177536,0.018954353407025337
22,29.09.2021,10,2021,True,0.0112796116446277,0.020190399140119553
22,30.09.2021,10,2021,True,0.0112304986078969,0.01819860003888607
22,01.10.2021,10,2021,True,0.0111640412135999,0.020878814160823822
22,04.10.2021,10,2021,True,0.0124943026139965,0.021035630255937576
22,05.10.2021,10,2021,True,0.0125745145528613,0.01949777454137802
22,06.10.2021,10,2021,True,0.0133251582378704,0.017961496487259865
22,07.10.2021,10,2021,True,0.0132519965613515,0.022214045748114586
22,08.10.2021,10,2021,True,0.0136177406273973,0.023542601615190506
22,11.10.2021,10,2021,True,0.0143891824757622,0.020272787660360336
22,12.10.2021,10,2021,True,0.0143972254847942,0.020537178963422775
22,13.10.2021,10,2021,True,0.0144942448039211,0.019717570394277573
22,14.10.2021,10,2021,True,0.0143084316446239,0.01952361688017845
22,15.10.2021,10,2021,True,0.0141482932413389,0.020279627293348312
22,18.10.2021,10,2021,True,0.015104646634297,0.01775694638490677
22,19.10.2021,10,2021,True,0.0152240659879875,0.017916614189743996
22,20.10.2021,10,2021,True,0.0160780062308979,0.018277300521731377
22,21.10.2021,10,2021,True,0.0161702999102101,0.01882893405854702
22,22.10.2021,10,2021,True,0.0176040227746642,0.020810620859265327
22,25.10.2021,10,2021,True,0.017534661921968,0.018514025956392288
22,26.10.2021,10,2021,True,0.0311208338293609,0.021007170900702477
22,27.10.2021,10,2021,True,0.0311878797517265,0.018894314765930176
22,28.10.2021,10,2021,True,0.0319763349651847,0.02095925807952881
22,29.10.2021,10,2021,True,0.0320947603932655,0.019503260031342506
22,01.11.2021,10,2021,True,0.0322846055615041,0.021216515451669693
22,02.11.2021,10,2021,True,0.0323288585416351,0.017336243763566017
22,03.11.2021,10,2021,True,0.0337810106960782,0.016196653246879578
22,04.11.2021,10,2021,True,0.0345468131988622,0.02325456216931343
22,05.11.2021,10,2021,True,0.0339536665459439,0.01998668909072876
22,08.11.2021,10,2021,True,0.0339757232504096,0.021364448592066765
22,09.11.2021,10,2021,True,0.0338144965286187,0.02399301528930664
22,10.11.2021,10,2021,True,0.0335371619368554,0.022627292200922966
22,11.11.2021,10,2021,True,0.0335064714903401,0.017033591866493225
22,12.11.2021,10,2021,True,0.0335384400937021,0.019632713869214058
22,15.11.2021,10,2021,True,0.0338083445300828,0.019384197890758514
22,16.11.2021,10,2021,True,0.0339183725457209,0.019706284627318382
22,17.11.2021,10,2021,True,0.0339535596402793,0.017919808626174927
22,18.11.2021,10,2021,True,0.0347922808634652,0.017461948096752167
22,19.11.2021,10,2021,True,0.0346177837615919,0.01963287964463234
22,22.11.2021,10,2021,True,0.0348611767033274,0.01734836958348751
22,23.11.2021,10,2021,True,0.0344712271196899,0.01668393239378929
22,24.11.2021,10,2021,True,0.0344975315490177,0.02262507937848568
22,26.11.2021,10,2021,True,0.0213614071887217,0.018287187442183495
22,29.11.2021,10,2021,True,0.0213265040564861,0.05185144022107124
22,30.11.2021,10,2021,True,0.0197435969515559,0.03421300649642944
22,01.12.2021,10,2021,True,0.0187758016898537,0.04118537902832031
22,02.12.2021,10,2021,True,0.0187951026521238,0.04490167275071144
22,03.12.2021,10,2021,True,0.0187957685843955,0.030631234869360924
22,06.12.2021,10,2021,True,0.01688127974424,0.04561125487089157
22,07.12.2021,10,2021,True,0.015873382755792,0.0253839660435915
22,08.12.2021,10,2021,True,0.0161649965856077,0.01895911432802677
22,09.12.2021,10,2021,True,0.0167593638210165,0.017306780442595482
22,10.12.2021,10,2021,True,0.0167815569805724,0.02229558303952217
22,13.12.2021,10,2021,True,0.0165168994569916,0.025171862915158272
22,14.12.2021,10,2021,True,0.0163754321506694,0.019013404846191406
22,15.12.2021,10,2021,True,0.0164665570368522,0.023927440866827965
22,16.12.2021,10,2021,True,0.0163929866194266,0.02190990373492241
22,17.12.2021,10,2021,True,0.0153165480553545,0.024100231006741524
22,20.12.2021,10,2021,True,0.0134628220439278,0.01726575754582882
22,21.12.2021,10,2021,True,0.013568170513229,0.02412363328039646
22,22.12.2021,10,2021,True,0.0137712466346766,0.029186340048909187
22,23.12.2021,10,2021,True,0.0137376073561072,0.01889673061668873
22,27.12.2021,10,2021,True,0.0136033469257113,0.016242045909166336
22,28.12.2021,10,2021,True,0.0136046068266282,0.03138412535190582
22,29.12.2021,10,2021,True,0.0136750337395648,0.023109806701540947
22,30.12.2021,10,2021,True,0.0149955862588874,0.023190626874566078
22,31.12.2021,10,2021,True,0.0139392099439945,0.018708601593971252
66,04.01.2021,10,2021,True,0.0228344116329679,0.021614134311676025
66,05.01.2021,10,2021,True,0.022139929509762,0.020972149446606636
66,06.01.2021,10,2021,True,0.0221062211759896,0.0267037246376276
66,07.01.2021,10,2021,True,0.0227098224152937,0.021038081496953964
66,08.01.2021,10,2021,True,0.0224766387000361,0.02095738612115383
66,11.01.2021,10,2021,True,0.0224605879428562,0.02285398356616497
66,12.01.2021,10,2021,True,0.022396736881737,0.02470732107758522
66,13.01.2021,10,2021,True,0.0223815398571435,0.025071606040000916
66,14.01.2021,10,2021,True,0.0225324737916103,0.02258419059216976
66,15.01.2021,10,2021,True,0.0222995134824328,0.023131342604756355
66,19.01.2021,10,2021,True,0.0222744530993828,0.023211359977722168
66,20.01.2021,10,2021,True,0.0223050573584523,0.01943771354854107
66,21.01.2021,10,2021,True,0.0223326071940947,0.023613091558218002
66,22.01.2021,10,2021,True,0.0222879939869093,0.024417124688625336
66,25.01.2021,10,2021,True,0.0223657824304878,0.021180657669901848
66,26.01.2021,10,2021,True,0.0225332778579194,0.02118760533630848
66,27.01.2021,10,2021,True,0.0225269864088958,0.02119724452495575
66,28.01.2021,10,2021,True,0.0225948226941866,0.020018955692648888
66,29.01.2021,10,2021,True,0.0225930909366658,0.021122222766280174
66,01.02.2021,10,2021,True,0.0226674011377575,0.021702364087104797
66,02.02.2021,10,2021,True,0.0225718067546452,0.02172144688665867
66,03.02.2021,10,2021,True,0.0224986172370338,0.0221494659781456
66,04.02.2021,10,2021,True,0.0224931107495055,0.020954430103302002
66,05.02.2021,10,2021,True,0.0225069643629683,0.019803686067461967
66,08.02.2021,10,2021,True,0.0228136612576402,0.019682494923472404
66,09.02.2021,10,2021,True,0.0229715401566842,0.01861727610230446
66,10.02.2021,10,2021,True,0.0229924580308948,0.018593668937683105
66,11.02.2021,10,2021,True,0.0230287948297251,0.017855728045105934
66,12.02.2021,10,2021,True,0.0232359065549335,0.016699478030204773
66,16.02.2021,10,2021,True,0.0233657321956823,0.019067469984292984
66,17.02.2021,10,2021,True,0.0234197232156115,0.01638158969581127
66,18.02.2021,10,2021,True,0.0236812788326565,0.01860632933676243
66,19.02.2021,10,2021,True,0.023585095959949,0.019689016044139862
66,22.02.2021,10,2021,True,0.0231767173850866,0.0209300946444273
66,23.02.2021,10,2021,True,0.0231957687922077,0.021614564582705498
66,24.02.2021,10,2021,True,0.0229971558647866,0.02106604352593422
66,25.02.2021,10,2021,True,0.0230165577108933,0.021325701847672462
66,26.02.2021,10,2021,True,0.0230377292435338,0.021314432844519615
66,01.03.2021,10,2021,True,0.0225247885378886,0.02112717367708683
66,02.03.2021,10,2021,True,0.022432477331522,0.026187114417552948
66,03.03.2021,10,2021,True,0.0223174592981137,0.023423435166478157
66,04.03.2021,10,2021,True,0.0218027329123794,0.024319758638739586
66,05.03.2021,10,2021,True,0.0212983404225377,0.024668153375387192
66,08.03.2021,10,2021,True,0.0211972739375478,0.025324074551463127
66,09.03.2021,10,2021,True,0.0211487954422779,0.025565341114997864
66,10.03.2021,10,2021,True,0.0211419278205481,0.024337686598300934
66,11.03.2021,10,2021,True,0.0210044163346863,0.02403246983885765
66,12.03.2021,10,2021,True,0.0209939644590931,0.024085475131869316
66,15.03.2021,10,2021,True,0.0211097756215201,0.0243160892277956
66,16.03.2021,10,2021,True,0.0210943048687865,0.02435060404241085
66,17.03.2021,10,2021,True,0.0211873246336012,0.024112867191433907
66,18.03.2021,10,2021,True,0.0191037711690993,0.023839525878429413
66,19.03.2021,10,2021,True,0.0189880089961009,0.026957456022500992
66,22.03.2021,10,2021,True,0.0189903103864165,0.023706763982772827
66,23.03.2021,10,2021,True,0.0172643668751119,0.023602141067385674
66,24.03.2021,10,2021,True,0.0161070486082355,0.028473632410168648
66,25.03.2021,10,2021,True,0.0152640797073052,0.03174610435962677
66,26.03.2021,10,2021,True,0.0144864357378186,0.027856359258294106
66,29.03.2021,10,2021,True,0.0145045542966933,0.022893812507390976
66,30.03.2021,10,2021,True,0.0143787020350813,0.02057160809636116
66,31.03.2021,10,2021,True,0.0146161601177288,0.01958179846405983
66,01.04.2021,10,2021,True,0.0145901275457608,0.02078457921743393
66,05.04.2021,10,2021,True,0.0135111571368268,0.019235048443078995
66,06.04.2021,10,2021,True,0.013637478606303,0.020413244143128395
66,07.04.2021,10,2021,True,0.0136638775960248,0.020047901198267937
66,08.04.2021,10,2021,True,0.0137837274377514,0.019713256508111954
66,09.04.2021,10,2021,True,0.0141209263720069,0.020443042740225792
66,12.04.2021,10,2021,True,0.0143295462127292,0.02026079036295414
66,13.04.2021,10,2021,True,0.014321502208805,0.01964367739856243
66,14.04.2021,10,2021,True,0.0159460421289874,0.019112251698970795
66,15.04.2021,10,2021,True,0.0159835028931597,0.02119968831539154
66,16.04.2021,10,2021,True,0.0167241001051261,0.016971837729215622
66,19.04.2021,10,2021,True,0.016904198221071,0.02053411677479744
66,20.04.2021,10,2021,True,0.0168727579876639,0.020623693242669106
66,21.04.2021,10,2021,True,0.0166809410258528,0.021649325266480446
66,22.04.2021,10,2021,True,0.016683010224796,0.025400986894965172
66,23.04.2021,10,2021,True,0.0166477239376571,0.024652555584907532
66,26.04.2021,10,2021,True,0.0167185489036342,0.02297794073820114
66,27.04.2021,10,2021,True,0.016678082218109,0.023481611162424088
66,28.04.2021,10,2021,True,0.0176463720912383,0.022847898304462433
66,29.04.2021,10,2021,True,0.017530545879682,0.024090737104415894
66,30.04.2021,10,2021,True,0.0177270127951066,0.02589442953467369
66,03.05.2021,10,2021,True,0.0177839801839508,0.023818127810955048
66,04.05.2021,10,2021,True,0.0176659824159993,0.020768897607922554
66,05.05.2021,10,2021,True,0.0179139398539619,0.020932016894221306
66,06.05.2021,10,2021,True,0.018058036020802,0.02134154550731182
66,07.05.2021,10,2021,True,0.0181055025512506,0.021622981876134872
66,10.05.2021,10,2021,True,0.0181081308969641,0.021445179358124733
66,11.05.2021,10,2021,True,0.0181532976885845,0.021736357361078262
66,12.05.2021,10,2021,True,0.0182065495719483,0.022147266194224358
66,13.05.2021,10,2021,True,0.0177473090469004,0.019331220537424088
66,14.05.2021,10,2021,True,0.0175511218953277,0.021270956844091415
66,17.05.2021,10,2021,True,0.0177913818570664,0.021043213084340096
66,18.05.2021,10,2021,True,0.0178957532094144,0.02167513221502304
66,19.05.2021,10,2021,True,0.0187167020644956,0.020873455330729485
66,20.05.2021,10,2021,True,0.0188919130792014,0.023331960663199425
66,21.05.2021,10,2021,True,0.0188432415595173,0.025281870737671852
66,24.05.2021,10,2021,True,0.018621253269325,0.023289311677217484
66,25.05.2021,10,2021,True,0.0188176555331459,0.020993081852793694
66,26.05.2021,10,2021,True,0.0188471674572413,0.024422476068139076
66,27.05.2021,10,2021,True,0.0188409110382269,0.02149278111755848
66,28.05.2021,10,2021,True,0.0190013601347977,0.02000902034342289
66,01.06.2021,10,2021,True,0.0191251883952314,0.021430181339383125
66,02.06.2021,10,2021,True,0.019048633833735,0.020786795765161514
66,03.06.2021,10,2021,True,0.0191157514631366,0.023334752768278122
66,04.06.2021,10,2021,True,0.0191529167421562,0.022178905084729195
66,07.06.2021,10,2021,True,0.0192431794815618,0.0241936594247818
66,08.06.2021,10,2021,True,0.0193667490132531,0.023477042093873024
66,09.06.2021,10,2021,True,0.0193912009148631,0.021076969802379608
66,10.06.2021,10,2021,True,0.0193855478957802,0.022711314260959625
66,11.06.2021,10,2021,True,0.0196220003363945,0.024859022349119186
66,14.06.2021,10,2021,True,0.0196226908209368,0.019631268456578255
66,15.06.2021,10,2021,True,0.0195437338876551,0.021487312391400337
66,16.06.2021,10,2021,True,0.0196760575205552,0.018938889726996422
66,17.06.2021,10,2021,True,0.0195645578167202,0.019644949585199356
66,18.06.2021,10,2021,True,0.0197764325630532,0.022052861750125885
66,21.06.2021,10,2021,True,0.0197160371229411,0.016301412135362625
66,22.06.2021,10,2021,True,0.0197558244525648,0.01698542758822441
66,23.06.2021,10,2021,True,0.0198677982896886,0.018003132194280624
66,24.06.2021,10,2021,True,0.0198766270584111,0.01769218221306801
66,25.06.2021,10,2021,True,0.0198696831596524,0.016116702929139137
66,28.06.2021,10,2021,True,0.019708001094024,0.015244608744978905
66,29.06.2021,10,2021,True,0.0197382349702604,0.015983309596776962
66,30.06.2021,10,2021,True,0.0199487829329441,0.015115969814360142
66,01.07.2021,10,2021,True,0.0200055510441384,0.016917111352086067
66,02.07.2021,10,2021,True,0.0201429036735862,0.015190019272267818
66,06.07.2021,10,2021,True,0.0199752468543047,0.016252731904387474
66,07.07.2021,10,2021,True,0.0198761176395219,0.02119693160057068
66,08.07.2021,10,2021,True,0.0199232934867915,0.022371843457221985
66,09.07.2021,10,2021,True,0.0198130700977662,0.022116128355264664
66,12.07.2021,10,2021,True,0.0198031851352268,0.02206849865615368
66,13.07.2021,10,2021,True,0.0197297903401472,0.019970906898379326
66,14.07.2021,10,2021,True,0.0195220591652273,0.018419263884425163
66,15.07.2021,10,2021,True,0.0194001704805205,0.02192339487373829
66,16.07.2021,10,2021,True,0.01941791525788,0.021149571985006332
66,19.07.2021,10,2021,True,0.0172113674398076,0.02091662958264351
66,20.07.2021,10,2021,True,0.0173219894084169,0.029378507286310196
66,21.07.2021,10,2021,True,0.0167015404984274,0.030128855258226395
66,22.07.2021,10,2021,True,0.0165396819550881,0.02632817067205906
66,23.07.2021,10,2021,True,0.0165408116993964,0.02568545565009117
66,26.07.2021,10,2021,True,0.0167889724618404,0.022117692977190018
66,27.07.2021,10,2021,True,0.0167981765224608,0.023731885477900505
66,28.07.2021,10,2021,True,0.0167975697243086,0.02257373183965683
66,29.07.2021,10,2021,True,0.0166873474882949,0.02332315593957901
66,30.07.2021,10,2021,True,0.0166863980903164,0.02390757016837597
66,02.08.2021,10,2021,True,0.0161720096123174,0.02179555594921112
66,03.08.2021,10,2021,True,0.016320152194125,0.0241384394466877
66,04.08.2021,10,2021,True,0.0161746243621717,0.024133851751685143
66,05.08.2021,10,2021,True,0.0161393369382355,0.0246008038520813
66,06.08.2021,10,2021,True,0.0161695775619425,0.024310331791639328
66,09.08.2021,10,2021,True,0.0162166020293804,0.024154258891940117
66,10.08.2021,10,2021,True,0.016021978928351,0.027555575594305992
66,11.08.2021,10,2021,True,0.0160374530465766,0.02417902834713459
66,12.08.2021,10,2021,True,0.0160361528556325,0.024001648649573326
66,13.08.2021,10,2021,True,0.0159651342757495,0.022903311997652054
66,16.08.2021,10,2021,True,0.0162093238865198,0.022887514904141426
66,17.08.2021,10,2021,True,0.0162120692615251,0.023318400606513023
66,18.08.2021,10,2021,True,0.0165911714301203,0.02315206453204155
66,19.08.2021,10,2021,True,0.0162273901243379,0.02331402525305748
66,20.08.2021,10,2021,True,0.0163886464884588,0.025419441983103752
66,23.08.2021,10,2021,True,0.0151673818184938,0.022591814398765564
66,24.08.2021,10,2021,True,0.0213088449613606,0.02752312645316124
66,25.08.2021,10,2021,True,0.0212440179435853,0.023913266137242317
66,26.08.2021,10,2021,True,0.0217171595344479,0.024151233956217766
66,27.08.2021,10,2021,True,0.0217301806122741,0.02383711002767086
66,30.08.2021,10,2021,True,0.021744999113219,0.0226315688341856
66,31.08.2021,10,2021,True,0.0217410499167651,0.02255086787045002
66,01.09.2021,10,2021,True,0.0223179142473516,0.024947188794612885
66,02.09.2021,10,2021,True,0.0225251347782377,0.023049216717481613
66,03.09.2021,10,2021,True,0.022518166013069,0.021256281062960625
66,07.09.2021,10,2021,True,0.0225836407329828,0.02359900437295437
66,08.09.2021,10,2021,True,0.022562952467149,0.021519871428608894
66,09.09.2021,10,2021,True,0.022508950941654,0.020710304379463196
66,10.09.2021,10,2021,True,0.022404484870655,0.021690521389245987
66,13.09.2021,10,2021,True,0.0223846804519867,0.02092103846371174
66,14.09.2021,10,2021,True,0.0224628348655505,0.020849062129855156
66,15.09.2021,10,2021,True,0.0223874723322876,0.021720364689826965
66,16.09.2021,10,2021,True,0.0226318209896635,0.02062557451426983
66,17.09.2021,10,2021,True,0.0230252938982971,0.02175220288336277
66,20.09.2021,10,2021,True,0.0230072308439669,0.02122596651315689
66,21.09.2021,10,2021,True,0.0231319483223709,0.020874639973044395
66,22.09.2021,10,2021,True,0.0231045463504834,0.01870332658290863
66,23.09.2021,10,2021,True,0.0230496564409748,0.018837513402104378
66,24.09.2021,10,2021,True,0.0230163914511791,0.01801636815071106
66,27.09.2021,10,2021,True,0.0229060002837283,0.018677080050110817
66,28.09.2021,10,2021,True,0.0230230687045199,0.019889889284968376
66,29.09.2021,10,2021,True,0.0230917251012327,0.021213511005043983
66,30.09.2021,10,2021,True,0.0231440738879662,0.01953103020787239
66,01.10.2021,10,2021,True,0.0231460821180984,0.021440740674734116
66,04.10.2021,10,2021,True,0.0230159359595003,0.020836519077420235
66,05.10.2021,10,2021,True,0.0229343871908978,0.021929524838924408
66,06.10.2021,10,2021,True,0.0228642795733689,0.02175041474401951
66,07.10.2021,10,2021,True,0.0232244053317678,0.021343668922781944
66,08.10.2021,10,2021,True,0.0232556081757827,0.022536220028996468
66,11.10.2021,10,2021,True,0.0231844122384461,0.021262193098664284
66,12.10.2021,10,2021,True,0.0232926243445241,0.021361850202083588
66,13.10.2021,10,2021,True,0.0233739080972071,0.019864322617650032
66,14.10.2021,10,2021,True,0.0233786265759731,0.020178664475679398
66,15.10.2021,10,2021,True,0.0233496125469702,0.020183229818940163
66,18.10.2021,10,2021,True,0.0233465752567997,0.01773839257657528
66,19.10.2021,10,2021,True,0.0234421593051946,0.0182354599237442
66,20.10.2021,10,2021,True,0.0235750425111355,0.018164725974202156
66,21.10.2021,10,2021,True,0.0236217004605079,0.018098097294569016
66,22.10.2021,10,2021,True,0.0236083616271139,0.01948382332921028
66,25.10.2021,10,2021,True,0.0236172429728493,0.019503233954310417
66,26.10.2021,10,2021,True,0.0236609781880431,0.02044588327407837
66,27.10.2021,10,2021,True,0.0236823675137349,0.018546035513281822
66,28.10.2021,10,2021,True,0.0236795906982925,0.021460795775055885
66,29.10.2021,10,2021,True,0.0237747307837208,0.021080872043967247
66,01.11.2021,10,2021,True,0.0239303616390318,0.020683960989117622
66,02.11.2021,10,2021,True,0.0239486210804729,0.020170805975794792
66,03.11.2021,10,2021,True,0.0237311502717783,0.01802409440279007
66,04.11.2021,10,2021,True,0.0236211247022,0.021841352805495262
66,05.11.2021,10,2021,True,0.0234165011856659,0.021223872900009155
66,08.11.2021,10,2021,True,0.0237142277274104,0.02168053761124611
66,09.11.2021,10,2021,True,0.0237721082024428,0.02232171781361103
66,10.11.2021,10,2021,True,0.0239381997235608,0.022746024653315544
66,11.11.2021,10,2021,True,0.0240038863669706,0.021272845566272736
66,12.11.2021,10,2021,True,0.0241175687183064,0.021197419613599777
66,15.11.2021,10,2021,True,0.024119486946003,0.02134186029434204
66,16.11.2021,10,2021,True,0.0244513404074656,0.021646419540047646
66,17.11.2021,10,2021,True,0.0241862392762439,0.019579440355300903
66,18.11.2021,10,2021,True,0.0242869737821513,0.019374167546629906
66,19.11.2021,10,2021,True,0.0240206038004075,0.02282843366265297
66,22.11.2021,10,2021,True,0.0242441462059936,0.025741474702954292
66,23.11.2021,10,2021,True,0.0243735648804847,0.026027431711554527
66,24.11.2021,10,2021,True,0.0258189392006165,0.021277813240885735
66,26.11.2021,10,2021,True,0.0205796185369011,0.0193583145737648
66,29.11.2021,10,2021,True,0.0218888553257592,0.032967280596494675
66,30.11.2021,10,2021,True,0.021503496348484,0.02941914089024067
66,01.12.2021,10,2021,True,0.0214088474993322,0.031529128551483154
66,02.12.2021,10,2021,True,0.0283049901398986,0.03118961863219738
66,03.12.2021,10,2021,True,0.0284486072764631,0.02683529071509838
66,06.12.2021,10,2021,True,0.0282032774109274,0.02618839032948017
66,07.12.2021,10,2021,True,0.0289441797239234,0.024892417713999748
66,08.12.2021,10,2021,True,0.030303564454015,0.023453490808606148
66,09.12.2021,10,2021,True,0.0303089563050105,0.02051609568297863
66,10.12.2021,10,2021,True,0.0318684712854048,0.02122756652534008
66,13.12.2021,10,2021,True,0.0318197929859867,0.021344829350709915
66,14.12.2021,10,2021,True,0.032696466669272,0.019872428849339485
66,15.12.2021,10,2021,True,0.0327070836182039,0.025020338594913483
66,16.12.2021,10,2021,True,0.0331556829453917,0.025368092581629753
66,17.12.2021,10,2021,True,0.0331708520899175,0.02323364093899727
66,20.12.2021,10,2021,True,0.0328905564861961,0.022104885429143906
66,21.12.2021,10,2021,True,0.0340977098833579,0.02549384906888008
66,22.12.2021,10,2021,True,0.0342233619147825,0.02428640052676201
66,23.12.2021,10,2021,True,0.0342933523593773,0.021107429638504982
66,27.12.2021,10,2021,True,0.0349105595139615,0.018936611711978912
66,28.12.2021,10,2021,True,0.035222028344407,0.027123646810650826
66,29.12.2021,10,2021,True,0.0353603761804563,0.024318676441907883
66,30.12.2021,10,2021,True,0.0353938315240907,0.024562522768974304
66,31.12.2021,10,2021,True,0.0359931993110115,0.0233710166066885
126,04.01.2021,10,2021,True,0.0190363196702613,0.02458963543176651
126,05.01.2021,10,2021,True,0.0186684438248515,0.024313079193234444
126,06.01.2021,10,2021,True,0.0186549650757609,0.024439513683319092
126,07.01.2021,10,2021,True,0.0187134995997197,0.02378441020846367
126,08.01.2021,10,2021,True,0.018573057907314,0.02326597087085247
126,11.01.2021,10,2021,True,0.0186072178326577,0.02410631813108921
126,12.01.2021,10,2021,True,0.0187016765605578,0.022754203528165817
126,13.01.2021,10,2021,True,0.018755781607228,0.022241398692131042
126,14.01.2021,10,2021,True,0.0187519386216753,0.02361794002354145
126,15.01.2021,10,2021,True,0.0196899009342231,0.023862389847636223
126,19.01.2021,10,2021,True,0.0196731194054126,0.024051154032349586
126,20.01.2021,10,2021,True,0.0199769571356545,0.021913761273026466
126,21.01.2021,10,2021,True,0.0200506152917596,0.02436934784054756
126,22.01.2021,10,2021,True,0.020008709040294,0.02239721640944481
126,25.01.2021,10,2021,True,0.0200030500385964,0.023747114464640617
126,26.01.2021,10,2021,True,0.0200037407882462,0.023817161098122597
126,27.01.2021,10,2021,True,0.0200006822328789,0.023195553570985794
126,28.01.2021,10,2021,True,0.0200344051485092,0.022762339562177658
126,29.01.2021,10,2021,True,0.0200318079124964,0.023713992908596992
126,01.02.2021,10,2021,True,0.0204864331514369,0.023717503994703293
126,02.02.2021,10,2021,True,0.0204403811371097,0.023639580234885216
126,03.02.2021,10,2021,True,0.0205695254036571,0.023921208456158638
126,04.02.2021,10,2021,True,0.0205897371041547,0.024322280660271645
126,05.02.2021,10,2021,True,0.0205987357129599,0.02307170070707798
126,08.02.2021,10,2021,True,0.0206486876840837,0.02262038178741932
126,09.02.2021,10,2021,True,0.0207282856790433,0.021095022559165955
126,10.02.2021,10,2021,True,0.0207435980840952,0.017981261014938354
126,11.02.2021,10,2021,True,0.0207369913055972,0.019767872989177704
126,12.02.2021,10,2021,True,0.0206858438682364,0.019406169652938843
126,16.02.2021,10,2021,True,0.0207003654734817,0.021344127133488655
126,17.02.2021,10,2021,True,0.0206687700847024,0.020441249012947083
126,18.02.2021,10,2021,True,0.0206882439362583,0.02222561463713646
126,19.02.2021,10,2021,True,0.0207750587967473,0.021944954991340637
126,22.02.2021,10,2021,True,0.0205959094010414,0.022544413805007935
126,23.02.2021,10,2021,True,0.021136369376838,0.024391701444983482
126,24.02.2021,10,2021,True,0.0212194589290053,0.02422802336513996
126,25.02.2021,10,2021,True,0.0212673317598878,0.02446993626654148
126,26.02.2021,10,2021,True,0.0212955497390725,0.023984534665942192
126,01.03.2021,10,2021,True,0.0211074636413339,0.024505507200956345
126,02.03.2021,10,2021,True,0.0210677440258376,0.02416202984750271
126,03.03.2021,10,2021,True,0.0209970443116563,0.024542681872844696
126,04.03.2021,10,2021,True,0.0207679387179548,0.024646729230880737
126,05.03.2021,10,2021,True,0.0205611806765641,0.02423926815390587
126,08.03.2021,10,2021,True,0.0205141967199089,0.024668648838996887
126,09.03.2021,10,2021,True,0.020524365384341,0.024278365075588226
126,10.03.2021,10,2021,True,0.0205478472511069,0.024386361241340637
126,11.03.2021,10,2021,True,0.0204800334274149,0.024278365075588226
126,12.03.2021,10,2021,True,0.0205509306522845,0.02431388944387436
126,15.03.2021,10,2021,True,0.0205565015508673,0.02430812641978264
126,16.03.2021,10,2021,True,0.0205450835934348,0.025212250649929047
126,17.03.2021,10,2021,True,0.0206512992332454,0.024863753467798233
126,18.03.2021,10,2021,True,0.0195906807866835,0.02490883693099022
126,19.03.2021,10,2021,True,0.0195293008557145,0.027063297107815742
126,22.03.2021,10,2021,True,0.0196124871844722,0.025386914610862732
126,23.03.2021,10,2021,True,0.0188052435781751,0.024948187172412872
126,24.03.2021,10,2021,True,0.0182314364169694,0.028147246688604355
126,25.03.2021,10,2021,True,0.0179019296313384,0.027724431827664375
126,26.03.2021,10,2021,True,0.0175637905434192,0.02814820036292076
126,29.03.2021,10,2021,True,0.0176221417207653,0.026767108589410782
126,30.03.2021,10,2021,True,0.0175851274370323,0.02571197971701622
126,31.03.2021,10,2021,True,0.0175696157603446,0.025135541334748268
126,01.04.2021,10,2021,True,0.0174898519505102,0.025245262309908867
126,05.04.2021,10,2021,True,0.0170476100218729,0.02461499162018299
126,06.04.2021,10,2021,True,0.0171548753061121,0.02461499162018299
126,07.04.2021,10,2021,True,0.0171942228129531,0.02474794164299965
126,08.04.2021,10,2021,True,0.0172878659248322,0.024948187172412872
126,09.04.2021,10,2021,True,0.0172967997995073,0.0244656540453434
126,12.04.2021,10,2021,True,0.0172969865429937,0.0244656540453434
126,13.04.2021,10,2021,True,0.017332589914505,0.02506072446703911
126,14.04.2021,10,2021,True,0.0169116103639001,0.02353706955909729
126,15.04.2021,10,2021,True,0.0169135712656956,0.02507716789841652
126,16.04.2021,10,2021,True,0.0169244386511162,0.02245181053876877
126,19.04.2021,10,2021,True,0.0169395790580426,0.021496061235666275
126,20.04.2021,10,2021,True,0.0169358449991656,0.02278643287718296
126,21.04.2021,10,2021,True,0.0168431362588157,0.024624623358249664
126,22.04.2021,10,2021,True,0.0168530755121312,0.025319132953882217
126,23.04.2021,10,2021,True,0.0168976129227,0.0247872956097126
126,26.04.2021,10,2021,True,0.0168966635785539,0.024706412106752396
126,27.04.2021,10,2021,True,0.0168774598437158,0.02389604039490223
126,28.04.2021,10,2021,True,0.0168520930255346,0.024207457900047302
126,29.04.2021,10,2021,True,0.0169088699648036,0.02389604039490223
126,30.04.2021,10,2021,True,0.0168094964359426,0.02400403656065464
126,03.05.2021,10,2021,True,0.016807876753754,0.023970386013388634
126,04.05.2021,10,2021,True,0.0167347605264188,0.024369800463318825
126,05.05.2021,10,2021,True,0.016735258112984,0.024589190259575844
126,06.05.2021,10,2021,True,0.016966462017355,0.024600978940725327
126,07.05.2021,10,2021,True,0.0170530174675148,0.024675630033016205
126,10.05.2021,10,2021,True,0.017205108424172,0.024325095117092133
126,11.05.2021,10,2021,True,0.0172149753283091,0.023989731445908546
126,12.05.2021,10,2021,True,0.017242250102799,0.024451030418276787
126,13.05.2021,10,2021,True,0.0171305091988503,0.022210966795682907
126,14.05.2021,10,2021,True,0.0170081438145613,0.024335792288184166
126,17.05.2021,10,2021,True,0.0170101784518455,0.024414027109742165
126,18.05.2021,10,2021,True,0.0169768756599472,0.02431197091937065
126,19.05.2021,10,2021,True,0.0167386221554386,0.02431197091937065
126,20.05.2021,10,2021,True,0.0167755462548847,0.023991625756025314
126,21.05.2021,10,2021,True,0.0167181180647197,0.024120965972542763
126,24.05.2021,10,2021,True,0.0167482352325847,0.024543561041355133
126,25.05.2021,10,2021,True,0.0167672049325544,0.02429153397679329
126,26.05.2021,10,2021,True,0.0169929488877497,0.024646729230880737
126,27.05.2021,10,2021,True,0.0169819493705805,0.021830415353178978
126,28.05.2021,10,2021,True,0.0202818656581982,0.021858224645256996
126,01.06.2021,10,2021,True,0.0202853747706719,0.021343622356653214
126,02.06.2021,10,2021,True,0.0205522668163539,0.02108355239033699
126,03.06.2021,10,2021,True,0.0206659299767016,0.021150317043066025
126,04.06.2021,10,2021,True,0.0206793916693462,0.021707138046622276
126,07.06.2021,10,2021,True,0.0206758355549353,0.02102956734597683
126,08.06.2021,10,2021,True,0.0210410819060306,0.020518101751804352
126,09.06.2021,10,2021,True,0.0212296124294819,0.02020084485411644
126,10.06.2021,10,2021,True,0.0212310154322663,0.021141115576028824
126,11.06.2021,10,2021,True,0.0212974548131794,0.021141115576028824
126,14.06.2021,10,2021,True,0.0213137170571907,0.02118397317826748
126,15.06.2021,10,2021,True,0.0212900259191363,0.02025236003100872
126,16.06.2021,10,2021,True,0.0213007909545029,0.020771881565451622
126,17.06.2021,10,2021,True,0.0212425051438811,0.021726233884692192
126,18.06.2021,10,2021,True,0.0212797028723716,0.02461649291217327
126,21.06.2021,10,2021,True,0.0212905202473641,0.019532404839992523
126,22.06.2021,10,2021,True,0.0214302035363145,0.02073553390800953
126,23.06.2021,10,2021,True,0.0216404501678482,0.02106264978647232
126,24.06.2021,10,2021,True,0.0216932463878585,0.020069221034646034
126,25.06.2021,10,2021,True,0.0217582926562966,0.018358644098043442
126,28.06.2021,10,2021,True,0.0217750776731789,0.01752341538667679
126,29.06.2021,10,2021,True,0.0217777899263641,0.01834944263100624
126,30.06.2021,10,2021,True,0.0217759820439108,0.017509929835796356
126,01.07.2021,10,2021,True,0.0217611442310434,0.01786237582564354
126,02.07.2021,10,2021,True,0.0218305236472739,0.017509929835796356
126,06.07.2021,10,2021,True,0.0217823602156058,0.018358644098043442
126,07.07.2021,10,2021,True,0.0217661902705143,0.022353118285536766
126,08.07.2021,10,2021,True,0.0217681598816385,0.022255560383200645
126,09.07.2021,10,2021,True,0.0217414210756708,0.022255560383200645
126,12.07.2021,10,2021,True,0.0217375302349916,0.023906299844384193
126,13.07.2021,10,2021,True,0.0217082357740825,0.02355385385453701
126,14.07.2021,10,2021,True,0.0218183552396963,0.022188998758792877
126,15.07.2021,10,2021,True,0.0217754634276272,0.02431727759540081
126,16.07.2021,10,2021,True,0.0217776316230784,0.024185335263609886
126,19.07.2021,10,2021,True,0.020877793089546,0.024522777646780014
126,20.07.2021,10,2021,True,0.0209055306821711,0.025920169427990913
126,21.07.2021,10,2021,True,0.0206281883837023,0.026824362576007843
126,22.07.2021,10,2021,True,0.0205525951724152,0.02506275847554207
126,23.07.2021,10,2021,True,0.0205604773745676,0.025354931131005287
126,26.07.2021,10,2021,True,0.0206337979662053,0.022377697750926018
126,27.07.2021,10,2021,True,0.0207176310666524,0.02433975785970688
126,28.07.2021,10,2021,True,0.0207817220967646,0.023068413138389587
126,29.07.2021,10,2021,True,0.0207456396859751,0.022132379934191704
126,30.07.2021,10,2021,True,0.020752441914354,0.021096697077155113
126,02.08.2021,10,2021,True,0.0203358357134002,0.02074425108730793
126,03.08.2021,10,2021,True,0.0204395091332137,0.024948187172412872
126,04.08.2021,10,2021,True,0.0202606422497786,0.024357657879590988
126,05.08.2021,10,2021,True,0.020289133210728,0.024603938683867455
126,06.08.2021,10,2021,True,0.0203576945006292,0.02474794164299965
126,09.08.2021,10,2021,True,0.0202384531815968,0.02475714311003685
126,10.08.2021,10,2021,True,0.0202589696301601,0.02469521388411522
126,11.08.2021,10,2021,True,0.0202496918292971,0.024702858179807663
126,12.08.2021,10,2021,True,0.0202492726419114,0.02475614659488201
126,13.08.2021,10,2021,True,0.0204022555214995,0.024034973233938217
126,16.08.2021,10,2021,True,0.0204097626612516,0.024034973233938217
126,17.08.2021,10,2021,True,0.0206481526134322,0.024804534390568733
126,18.08.2021,10,2021,True,0.0206460531662935,0.024839064106345177
126,19.08.2021,10,2021,True,0.0205779797430465,0.024593114852905273
126,20.08.2021,10,2021,True,0.0204853252630514,0.02417786978185177
126,23.08.2021,10,2021,True,0.0201829395659353,0.02403184212744236
126,24.08.2021,10,2021,True,0.0200012698067678,0.025076109915971756
126,25.08.2021,10,2021,True,0.0200436299401715,0.024948187172412872
126,26.08.2021,10,2021,True,0.0200118601786854,0.024317674338817596
126,27.08.2021,10,2021,True,0.0200898220490943,0.024629639461636543
126,30.08.2021,10,2021,True,0.0203356097157148,0.022387834265828133
126,31.08.2021,10,2021,True,0.0212612460196841,0.022640375420451164
126,01.09.2021,10,2021,True,0.0212862442950734,0.022788047790527344
126,02.09.2021,10,2021,True,0.0219788997796721,0.023955680429935455
126,03.09.2021,10,2021,True,0.0222266322268212,0.02114158682525158
126,07.09.2021,10,2021,True,0.0223762013660686,0.024654725566506386
126,08.09.2021,10,2021,True,0.0258547563081117,0.021165767684578896
126,09.09.2021,10,2021,True,0.0258574980490083,0.020791754126548767
126,10.09.2021,10,2021,True,0.0259230644931209,0.021903857588768005
126,13.09.2021,10,2021,True,0.0263952722716232,0.020582403987646103
126,14.09.2021,10,2021,True,0.0271340260790318,0.020779965445399284
126,15.09.2021,10,2021,True,0.0271252059923579,0.021903857588768005
126,16.09.2021,10,2021,True,0.0280966281131234,0.020582403987646103
126,17.09.2021,10,2021,True,0.0281014774416827,0.021573850885033607
126,20.09.2021,10,2021,True,0.0286390034550865,0.021376773715019226
126,21.09.2021,10,2021,True,0.0286413195332229,0.02221832424402237
126,22.09.2021,10,2021,True,0.028902505490595,0.02172611840069294
126,23.09.2021,10,2021,True,0.028973917697414,0.020062102004885674
126,24.09.2021,10,2021,True,0.0289804289719037,0.020230116322636604
126,27.09.2021,10,2021,True,0.0296801908850899,0.02188778668642044
126,28.09.2021,10,2021,True,0.0297416451692073,0.022132519632577896
126,29.09.2021,10,2021,True,0.0298229340364117,0.024388693273067474
126,30.09.2021,10,2021,True,0.0301918810153416,0.022563893347978592
126,01.10.2021,10,2021,True,0.0303515667337202,0.02434360980987549
126,04.10.2021,10,2021,True,0.0303842178536477,0.024180129170417786
126,05.10.2021,10,2021,True,0.030373691797646,0.024708500131964684
126,06.10.2021,10,2021,True,0.0307252557672217,0.024720540270209312
126,07.10.2021,10,2021,True,0.0307203248318093,0.024392664432525635
126,08.10.2021,10,2021,True,0.0307703425861807,0.024981103837490082
126,11.10.2021,10,2021,True,0.0309999387395732,0.024586794897913933
126,12.10.2021,10,2021,True,0.0314454242020138,0.024305490776896477
126,13.10.2021,10,2021,True,0.0316145993399873,0.02387227676808834
126,14.10.2021,10,2021,True,0.0316818635054321,0.023561671376228333
126,15.10.2021,10,2021,True,0.0316884475472426,0.023806121200323105
126,18.10.2021,10,2021,True,0.0320694675100769,0.02060782164335251
126,19.10.2021,10,2021,True,0.0320679411170315,0.020888246595859528
126,20.10.2021,10,2021,True,0.0320812855295531,0.02113482356071472
126,21.10.2021,10,2021,True,0.0320872609596943,0.02089749649167061
126,22.10.2021,10,2021,True,0.0323073150481491,0.022343916818499565
126,25.10.2021,10,2021,True,0.0323782395896187,0.022343916818499565
126,26.10.2021,10,2021,True,0.032377292037987,0.022430356591939926
126,27.10.2021,10,2021,True,0.0323591405190082,0.021357903257012367
126,28.10.2021,10,2021,True,0.0323807075085014,0.024578601121902466
126,29.10.2021,10,2021,True,0.0324214977394872,0.024235840886831284
126,01.11.2021,10,2021,True,0.032506672569372,0.023806121200323105
126,02.11.2021,10,2021,True,0.032767717982807,0.022647330537438393
126,03.11.2021,10,2021,True,0.0326205235202784,0.02227449044585228
126,04.11.2021,10,2021,True,0.0325840213962511,0.024522777646780014
126,05.11.2021,10,2021,True,0.0329700440375221,0.024713821709156036
126,08.11.2021,10,2021,True,0.0331148806108877,0.02446831203997135
126,09.11.2021,10,2021,True,0.0333489131836645,0.024060148745775223
126,10.11.2021,10,2021,True,0.0332585271756278,0.02445911057293415
126,11.11.2021,10,2021,True,0.033407397635659,0.02461538463830948
126,12.11.2021,10,2021,True,0.0334474994853716,0.024233736097812653
126,15.11.2021,10,2021,True,0.0335086147558526,0.024642296135425568
126,16.11.2021,10,2021,True,0.0336005393285598,0.024745464324951172
126,17.11.2021,10,2021,True,0.0335702781991626,0.02242623083293438
126,18.11.2021,10,2021,True,0.0335604774257003,0.02117164246737957
126,19.11.2021,10,2021,True,0.0334404853915232,0.024231813848018646
126,22.11.2021,10,2021,True,0.0334342995471841,0.024361278861761093
126,23.11.2021,10,2021,True,0.0333300947824586,0.024464447051286697
126,24.11.2021,10,2021,True,0.0334123465353917,0.022637974470853806
126,26.11.2021,10,2021,True,0.0314615049747094,0.021208960562944412
126,29.11.2021,10,2021,True,0.0315311910059997,0.028332561254501343
126,30.11.2021,10,2021,True,0.0317251445910638,0.02820117026567459
126,01.12.2021,10,2021,True,0.0316291618270367,0.02724193036556244
126,02.12.2021,10,2021,True,0.0316455417476621,0.02724193036556244
126,03.12.2021,10,2021,True,0.0316499394185301,0.02724193036556244
126,06.12.2021,10,2021,True,0.0314431420556725,0.026445187628269196
126,07.12.2021,10,2021,True,0.0313991071901523,0.0265483558177948
126,08.12.2021,10,2021,True,0.0314071255993504,0.026881370693445206
126,09.12.2021,10,2021,True,0.0313625045318781,0.02545805275440216
126,10.12.2021,10,2021,True,0.0313585096538933,0.02645704336464405
126,13.12.2021,10,2021,True,0.0313546355539242,0.025863543152809143
126,14.12.2021,10,2021,True,0.0314189031258031,0.0255780927836895
126,15.12.2021,10,2021,True,0.0314250949299126,0.0267120860517025
126,16.12.2021,10,2021,True,0.0318779454828838,0.027275485917925835
126,17.12.2021,10,2021,True,0.0318207186528334,0.026939118281006813
126,20.12.2021,10,2021,True,0.0318065195050482,0.027032645419239998
126,21.12.2021,10,2021,True,0.0317331120371123,0.027036108076572418
126,22.12.2021,10,2021,True,0.0317816507801293,0.02667221985757351
126,23.12.2021,10,2021,True,0.0317688578886934,0.025759495794773102
126,27.12.2021,10,2021,True,0.0317806169479979,0.02522420324385166
126,28.12.2021,10,2021,True,0.0318204511184493,0.025007229298353195
126,29.12.2021,10,2021,True,0.0318508119886884,0.024768780916929245
126,30.12.2021,10,2021,True,0.0319702675670838,0.024135809391736984
126,31.12.2021,10,2021,True,0.0328057486524351,0.024706412106752396
5,03.01.2022,11,2022,True,0.0110826419419415,0.021478690207004547
5,04.01.2022,11,2022,True,0.0174993242572004,0.017724139615893364
5,05.01.2022,11,2022,True,0.0175258391023664,0.018288005143404007
5,06.01.2022,11,2022,True,0.0178928544116613,0.021145718172192574
5,07.01.2022,11,2022,True,0.0178144662979354,0.01834709197282791
5,10.01.2022,11,2022,True,0.0133608896408376,0.01615370810031891
5,11.01.2022,11,2022,True,0.0082152385180666,0.01816704496741295
5,12.01.2022,11,2022,True,0.0097072076170294,0.014713292941451073
5,13.01.2022,11,2022,True,0.0106653354759561,0.015517651103436947
5,14.01.2022,11,2022,True,0.0138493631005747,0.013496984727680683
5,18.01.2022,11,2022,True,0.0155436347741646,0.01942608132958412
5,19.01.2022,11,2022,True,0.0173155382171445,0.018629398196935654
5,20.01.2022,11,2022,True,0.0178984175826789,0.021559564396739006
5,21.01.2022,11,2022,True,0.0174448615967377,0.02149941772222519
5,24.01.2022,11,2022,True,0.0115798923032594,0.01991184428334236
5,25.01.2022,11,2022,True,0.0170313927717903,0.018560931086540222
5,26.01.2022,11,2022,True,0.014136891245438,0.02417091466486454
5,27.01.2022,11,2022,True,0.0158942298237324,0.019409772008657455
5,28.01.2022,11,2022,True,0.0182160205194706,0.017123417928814888
5,31.01.2022,11,2022,True,0.0186737021221789,0.01813654974102974
5,01.02.2022,11,2022,True,0.0180180229910048,0.02136453054845333
5,02.02.2022,11,2022,True,0.018145955895746,0.01879013143479824
5,03.02.2022,11,2022,True,0.0165301210597757,0.018457850441336632
5,04.02.2022,11,2022,True,0.0198648706471812,0.014123497530817986
5,07.02.2022,11,2022,True,0.0206527261340124,0.018781647086143494
5,08.02.2022,11,2022,True,0.0254161074439357,0.014929604716598988
5,09.02.2022,11,2022,True,0.0258844135083811,0.019276216626167297
5,10.02.2022,11,2022,True,0.028501464558728,0.016070013865828514
5,11.02.2022,11,2022,True,0.0237814320252879,0.02156759984791279
5,14.02.2022,11,2022,True,0.0274915572178127,0.019546261057257652
5,15.02.2022,11,2022,True,0.0200476555819615,0.025896387174725533
5,16.02.2022,11,2022,True,0.020966100900494,0.02422703243792057
5,17.02.2022,11,2022,True,0.0184279229426542,0.02264603041112423
5,18.02.2022,11,2022,True,0.0202082669827789,0.030496807768940926
5,22.02.2022,11,2022,True,0.0212146726824251,0.0349925272166729
5,23.02.2022,11,2022,True,0.0304853364347083,0.02548643760383129
5,24.02.2022,11,2022,True,0.0388732934829285,0.03779793903231621
5,25.02.2022,11,2022,True,0.0378665998710317,0.02910706214606762
5,28.02.2022,11,2022,True,0.0377065922214826,0.026246460154652596
5,01.03.2022,11,2022,True,0.0377127526274331,0.03432489559054375
5,02.03.2022,11,2022,True,0.0837502258418787,0.049199990928173065
5,03.03.2022,11,2022,True,0.0834668514304346,0.04405846446752548
5,04.03.2022,11,2022,True,0.0772412370055497,0.04597814753651619
5,07.03.2022,11,2022,True,0.0728927065846978,0.05048789829015732
5,08.03.2022,11,2022,True,0.0635504696956808,0.047379396855831146
5,09.03.2022,11,2022,True,0.0378167051916109,0.04870810732245445
5,10.03.2022,11,2022,True,0.0624240335176172,0.04487425088882446
5,11.03.2022,11,2022,True,0.0603753573250531,0.045868031680583954
5,14.03.2022,11,2022,True,0.0626376606639749,0.042553652077913284
5,15.03.2022,11,2022,True,0.0451584677217003,0.037725165486335754
5,16.03.2022,11,2022,True,0.0366072425086014,0.03204408288002014
5,17.03.2022,11,2022,True,0.0373821243746706,0.04069046676158905
5,18.03.2022,11,2022,True,0.0372884687493235,0.04288289323449135
5,21.03.2022,11,2022,True,0.0449225163283047,0.044094424694776535
5,22.03.2022,11,2022,True,0.0452703021505844,0.049308959394693375
5,23.03.2022,11,2022,True,0.0381785277834209,0.043739572167396545
5,24.03.2022,11,2022,True,0.0415910717490782,0.05735981464385986
5,25.03.2022,11,2022,True,0.0373132932162686,0.05602806806564331
5,28.03.2022,11,2022,True,0.0364582745775526,0.0552755706012249
5,29.03.2022,11,2022,True,0.0359285519218882,0.05045371130108833
5,30.03.2022,11,2022,True,0.0345006432683027,0.04276441037654877
5,31.03.2022,11,2022,True,0.0314602094688058,0.041407905519008636
5,01.04.2022,11,2022,True,0.0326675046177057,0.03629390150308609
5,04.04.2022,11,2022,True,0.0304930534269965,0.03468732908368111
5,05.04.2022,11,2022,True,0.0469188983352585,0.03605649247765541
5,06.04.2022,11,2022,True,0.0400752403163335,0.027189940214157104
5,07.04.2022,11,2022,True,0.0386773991913512,0.0323822982609272
5,08.04.2022,11,2022,True,0.0388334238513853,0.027989588677883148
5,11.04.2022,11,2022,True,0.0432399216554747,0.029529796913266182
5,12.04.2022,11,2022,True,0.0360115904898857,0.02442179061472416
5,13.04.2022,11,2022,True,0.0314807837343938,0.030752625316381454
5,14.04.2022,11,2022,True,0.0277584653421532,0.03142007812857628
5,18.04.2022,11,2022,True,0.0275292715589878,0.03128176927566528
5,19.04.2022,11,2022,True,0.0262441892165806,0.02905997447669506
5,20.04.2022,11,2022,True,0.0264526459632415,0.01452160719782114
5,21.04.2022,11,2022,True,0.0277530156966606,0.025778619572520256
5,22.04.2022,11,2022,True,0.027305011427435,0.02497095800936222
5,25.04.2022,11,2022,True,0.0169500051472974,0.02700582705438137
5,26.04.2022,11,2022,True,0.0199463459244538,0.02421949990093708
5,27.04.2022,11,2022,True,0.0295489187830252,0.030986865982413292
5,28.04.2022,11,2022,True,0.0287314096377469,0.0226957518607378
5,29.04.2022,11,2022,True,0.0285132032284767,0.029686644673347473
5,02.05.2022,11,2022,True,0.0405768511243632,0.029059961438179016
5,03.05.2022,11,2022,True,0.0419176580834898,0.024037111550569534
5,04.05.2022,11,2022,True,0.0419283096752657,0.031576551496982574
5,05.05.2022,11,2022,True,0.0415392122292414,0.03302742913365364
5,06.05.2022,11,2022,True,0.0455925148525763,0.030916279181838036
5,09.05.2022,11,2022,True,0.0326451367043632,0.03525931015610695
5,10.05.2022,11,2022,True,0.0280154583940762,0.03544875234365463
5,11.05.2022,11,2022,True,0.0273641522450019,0.029900556430220604
5,12.05.2022,11,2022,True,0.0291152218485244,0.0323321558535099
5,13.05.2022,11,2022,True,0.0242029582299441,0.03231723606586456
5,16.05.2022,11,2022,True,0.0214486416190277,0.038144368678331375
5,17.05.2022,11,2022,True,0.0186613086661761,0.03606169670820236
5,18.05.2022,11,2022,True,0.0101447933739244,0.028206776827573776
5,19.05.2022,11,2022,True,0.0112919129579786,0.03927983343601227
5,20.05.2022,11,2022,True,0.0113576199488064,0.041259765625
5,23.05.2022,11,2022,True,0.0130402098623786,0.0517236702144146
5,24.05.2022,11,2022,True,0.0347903825392226,0.02876388095319271
5,25.05.2022,11,2022,True,0.0349054821596037,0.016712557524442673
5,26.05.2022,11,2022,True,0.0333766368333713,0.02458326891064644
5,27.05.2022,11,2022,True,0.0325640890972682,0.02844490297138691
5,31.05.2022,11,2022,True,0.0294007505904709,0.02408314310014248
5,01.06.2022,11,2022,True,0.0099159148065463,0.03079051896929741
5,02.06.2022,11,2022,True,0.0123543571075954,0.030526408925652504
5,03.06.2022,11,2022,True,0.0133155566302636,0.02333025075495243
5,06.06.2022,11,2022,True,0.0130212219952121,0.025902654975652695
5,07.06.2022,11,2022,True,0.0139752587293263,0.017723988741636276
5,08.06.2022,11,2022,True,0.0089424064599893,0.023169778287410736
5,09.06.2022,11,2022,True,0.0125361666920213,0.026175225153565407
5,10.06.2022,11,2022,True,0.026714460973302,0.024329451844096184
5,13.06.2022,11,2022,True,0.0289274409472449,0.02037443034350872
5,14.06.2022,11,2022,True,0.0293332922741978,0.024164849892258644
5,15.06.2022,11,2022,True,0.0291423173478624,0.026517972350120544
5,16.06.2022,11,2022,True,0.0334360830394592,0.02872566320002079
5,17.06.2022,11,2022,True,0.0227443762743642,0.02447434701025486
5,21.06.2022,11,2022,True,0.0244922382375819,0.025179928168654442
5,22.06.2022,11,2022,True,0.0212346777958523,0.024675041437149048
5,23.06.2022,11,2022,True,0.0205231735513048,0.03247048333287239
5,24.06.2022,11,2022,True,0.0225841495572113,0.03034498542547226
5,27.06.2022,11,2022,True,0.0388977580406377,0.02731873281300068
5,28.06.2022,11,2022,True,0.0291396532357269,0.022724274545907974
5,29.06.2022,11,2022,True,0.0432364334440317,0.0256790928542614
5,30.06.2022,11,2022,True,0.0475602189391013,0.030183222144842148
5,01.07.2022,11,2022,True,0.0471794844749617,0.043263211846351624
5,05.07.2022,11,2022,True,0.0436757743025276,0.04187878966331482
5,06.07.2022,11,2022,True,0.0430065739098696,0.04032085835933685
5,07.07.2022,11,2022,True,0.0366188781565745,0.030350003391504288
5,08.07.2022,11,2022,True,0.0362119473540045,0.023005330935120583
5,11.07.2022,11,2022,True,0.0455391121501524,0.035138510167598724
5,12.07.2022,11,2022,True,0.0213348433368344,0.0286495853215456
5,13.07.2022,11,2022,True,0.0222376134776356,0.025643240660429
5,14.07.2022,11,2022,True,0.0290390773439362,0.03305204585194588
5,15.07.2022,11,2022,True,0.0289434427512722,0.037913162261247635
5,18.07.2022,11,2022,True,0.0182352361284418,0.0336604006588459
5,19.07.2022,11,2022,True,0.0169281886590885,0.024691004306077957
5,20.07.2022,11,2022,True,0.0207761775958582,0.026426861062645912
5,21.07.2022,11,2022,True,0.0133730088559702,0.01805337704718113
5,22.07.2022,11,2022,True,0.0136944967218109,0.030357589945197105
5,25.07.2022,11,2022,True,0.0494022553840552,0.022305337712168694
5,26.07.2022,11,2022,True,0.0498784636758538,0.019392557442188263
5,27.07.2022,11,2022,True,0.0483996530282013,0.02138865366578102
5,28.07.2022,11,2022,True,0.0464783275897951,0.03035179153084755
5,29.07.2022,11,2022,True,0.0418861688475105,0.022874778136610985
5,01.08.2022,11,2022,True,0.0245810678391733,0.026023797690868378
5,02.08.2022,11,2022,True,0.0238236663264976,0.027400046586990356
5,03.08.2022,11,2022,True,0.0180658966084792,0.028284233063459396
5,04.08.2022,11,2022,True,0.0099412234045553,0.02108643390238285
5,05.08.2022,11,2022,True,0.0154540987472129,0.032078344374895096
5,08.08.2022,11,2022,True,0.0211972713433675,0.020443158224225044
5,09.08.2022,11,2022,True,0.0242392029183174,0.026343373581767082
5,10.08.2022,11,2022,True,0.024839699993191,0.017495455220341682
5,11.08.2022,11,2022,True,0.0275888664268584,0.02307981066405773
5,12.08.2022,11,2022,True,0.0272790198513842,0.02701408602297306
5,15.08.2022,11,2022,True,0.0222922890534748,0.023455457761883736
5,16.08.2022,11,2022,True,0.0177983633495112,0.024604342877864838
5,17.08.2022,11,2022,True,0.0180278637574978,0.032292649149894714
5,18.08.2022,11,2022,True,0.0208977537800072,0.034033555537462234
5,19.08.2022,11,2022,True,0.0212177509553953,0.02208206243813038
5,22.08.2022,11,2022,True,0.0239277474569451,0.024430766701698303
5,23.08.2022,11,2022,True,0.0370430345096706,0.0314948707818985
5,24.08.2022,11,2022,True,0.0380085095298807,0.02091315947473049
5,25.08.2022,11,2022,True,0.0410404135766191,0.025654694065451622
5,26.08.2022,11,2022,True,0.0394542405881542,0.02692515403032303
5,29.08.2022,11,2022,True,0.0270235740181712,0.021571824327111244
5,30.08.2022,11,2022,True,0.0261230280701952,0.0181925967335701
5,31.08.2022,11,2022,True,0.0305787547570415,0.0289327222853899
5,01.09.2022,11,2022,True,0.0343440615337863,0.03558296710252762
5,02.09.2022,11,2022,True,0.0346588775082219,0.033577024936676025
5,06.09.2022,11,2022,True,0.0349954443522493,0.03083326667547226
5,07.09.2022,11,2022,True,0.0176535127379473,0.027461601421236992
5,08.09.2022,11,2022,True,0.0280579809624851,0.03106413595378399
5,09.09.2022,11,2022,True,0.0197081153051014,0.029513131827116013
5,12.09.2022,11,2022,True,0.0187721489741461,0.02490868605673313
5,13.09.2022,11,2022,True,0.0193508268206692,0.02348693087697029
5,14.09.2022,11,2022,True,0.0173099656327135,0.024235384538769722
5,15.09.2022,11,2022,True,0.0103926968380768,0.01973099447786808
5,16.09.2022,11,2022,True,0.0229150146904457,0.02563493698835373
5,19.09.2022,11,2022,True,0.0206819087232873,0.022507118061184883
5,20.09.2022,11,2022,True,0.0287284858770683,0.025016164407134056
5,21.09.2022,11,2022,True,0.035033055197187,0.019316699355840683
5,22.09.2022,11,2022,True,0.0348464462339786,0.025889791548252106
5,23.09.2022,11,2022,True,0.0251023422719367,0.023666253313422203
5,26.09.2022,11,2022,True,0.0193048319572177,0.04114798083901405
5,27.09.2022,11,2022,True,0.0207453101968134,0.03791464492678642
5,28.09.2022,11,2022,True,0.0171804564979414,0.03648066893219948
5,29.09.2022,11,2022,True,0.0138781027025095,0.03423439711332321
5,30.09.2022,11,2022,True,0.0122399422805431,0.03942558169364929
5,03.10.2022,11,2022,True,0.0215531600978623,0.03126155957579613
5,04.10.2022,11,2022,True,0.0240308988269096,0.03314899653196335
5,05.10.2022,11,2022,True,0.0251713295263361,0.0390717014670372
5,06.10.2022,11,2022,True,0.0271222794569443,0.02972227707505226
5,07.10.2022,11,2022,True,0.0208205659535785,0.027104491367936134
5,10.10.2022,11,2022,True,0.0213539644904948,0.03552038222551346
5,11.10.2022,11,2022,True,0.021088035210841,0.03339599445462227
5,12.10.2022,11,2022,True,0.0249935020975634,0.03195932134985924
5,13.10.2022,11,2022,True,0.0216507256773397,0.028323598206043243
5,14.10.2022,11,2022,True,0.0162096049173378,0.03950813040137291
5,17.10.2022,11,2022,True,0.0164033179522224,0.033641982823610306
5,18.10.2022,11,2022,True,0.0117388620225948,0.029357949271798134
5,19.10.2022,11,2022,True,0.0105185640283109,0.03158074989914894
5,20.10.2022,11,2022,True,0.0098908292512911,0.03044658526778221
5,21.10.2022,11,2022,True,0.0137093328974761,0.019685033708810806
5,24.10.2022,11,2022,True,0.015015093573803,0.022825133055448532
5,25.10.2022,11,2022,True,0.015203304559265,0.020911652594804764
5,26.10.2022,11,2022,True,0.0129706212061072,0.023608624935150146
5,27.10.2022,11,2022,True,0.0125850038295,0.03244036063551903
5,28.10.2022,11,2022,True,0.0226876453511894,0.03253769874572754
5,31.10.2022,11,2022,True,0.0221689923949637,0.019194381311535835
5,01.11.2022,11,2022,True,0.0267325354091492,0.023549864068627357
5,02.11.2022,11,2022,True,0.0281683122428847,0.02367221936583519
5,03.11.2022,11,2022,True,0.0287393849180456,0.022047949954867363
5,04.11.2022,11,2022,True,0.0232084837580473,0.022628972306847572
5,07.11.2022,11,2022,True,0.0257824972119103,0.021052269265055656
5,08.11.2022,11,2022,True,0.024835003585886,0.022910352796316147
5,09.11.2022,11,2022,True,0.0212126716465812,0.020944861695170403
5,10.11.2022,11,2022,True,0.0247941565248746,0.02911439538002014
5,11.11.2022,11,2022,True,0.0169450771002525,0.02710249461233616
5,14.11.2022,11,2022,True,0.0166876499623457,0.022507570683956146
5,15.11.2022,11,2022,True,0.0175159481701444,0.022318415343761444
5,16.11.2022,11,2022,True,0.0199749986269314,0.021386118605732918
5,17.11.2022,11,2022,True,0.0179828105674462,0.024070562794804573
5,18.11.2022,11,2022,True,0.0172988444327937,0.025989500805735588
5,21.11.2022,11,2022,True,0.0173009111760676,0.022798335179686546
5,22.11.2022,11,2022,True,0.0235194988675586,0.026043172925710678
5,23.11.2022,11,2022,True,0.0194429155887255,0.024082936346530914
5,25.11.2022,11,2022,True,0.0176948704115357,0.025645963847637177
5,28.11.2022,11,2022,True,0.0250131364486002,0.02496749348938465
5,29.11.2022,11,2022,True,0.0307629405512638,0.02958415262401104
5,30.11.2022,11,2022,True,0.0228718861733588,0.023111790418624878
5,01.12.2022,11,2022,True,0.0120296861372627,0.022060023620724678
5,02.12.2022,11,2022,True,0.0163758712652026,0.0208311565220356
5,05.12.2022,11,2022,True,0.0253144598844368,0.023560207337141037
5,06.12.2022,11,2022,True,0.0257390484020682,0.025719229131937027
5,07.12.2022,11,2022,True,0.019891887924139,0.02182803675532341
5,08.12.2022,11,2022,True,0.021601396741394,0.03141194209456444
5,09.12.2022,11,2022,True,0.0280178249697552,0.024092059582471848
5,12.12.2022,11,2022,True,0.0265133343518885,0.024251194670796394
5,13.12.2022,11,2022,True,0.0209648935123383,0.023365525528788567
5,14.12.2022,11,2022,True,0.0217758627012899,0.021892711520195007
5,15.12.2022,11,2022,True,0.0211868847757172,0.02092706970870495
5,16.12.2022,11,2022,True,0.020109092276852,0.02216850407421589
5,19.12.2022,11,2022,True,0.0203580394638929,0.02356572262942791
5,20.12.2022,11,2022,True,0.022933900554235,0.021028153598308563
5,21.12.2022,11,2022,True,0.0213779069563614,0.01849202997982502
5,22.12.2022,11,2022,True,0.0264147005189759,0.026405973359942436
5,23.12.2022,11,2022,True,0.0323237219246353,0.020301956683397293
5,27.12.2022,11,2022,True,0.0381054098867075,0.019759224727749825
5,28.12.2022,11,2022,True,0.0400257792667213,0.023073503747582436
5,29.12.2022,11,2022,True,0.0402513157906767,0.02371591329574585
5,30.12.2022,11,2022,True,0.031853587257539,0.019576754420995712
22,03.01.2022,11,2022,True,0.0140393436894644,0.02234230376780033
22,04.01.2022,11,2022,True,0.0144432301570423,0.02050654962658882
22,05.01.2022,11,2022,True,0.0146946573407846,0.022218627855181694
22,06.01.2022,11,2022,True,0.0156442752243912,0.02099384181201458
22,07.01.2022,11,2022,True,0.0155703223141225,0.017669597640633583
22,10.01.2022,11,2022,True,0.0152390043196698,0.01912684179842472
22,11.01.2022,11,2022,True,0.0150601350350547,0.019716797396540642
22,12.01.2022,11,2022,True,0.0153951876769399,0.01606251485645771
22,13.01.2022,11,2022,True,0.0175077839839775,0.017802292481064796
22,14.01.2022,11,2022,True,0.0174234388992479,0.016617700457572937
22,18.01.2022,11,2022,True,0.0179147332394152,0.020384453237056732
22,19.01.2022,11,2022,True,0.0178471410912766,0.019699949771165848
22,20.01.2022,11,2022,True,0.0190907261579883,0.02167712152004242
22,21.01.2022,11,2022,True,0.0189925484718047,0.025855697691440582
22,24.01.2022,11,2022,True,0.0186548601275228,0.02137017995119095
22,25.01.2022,11,2022,True,0.0186806935547882,0.022763580083847046
22,26.01.2022,11,2022,True,0.0192408255722435,0.024321556091308594
22,27.01.2022,11,2022,True,0.0202920607521147,0.020986272022128105
22,28.01.2022,11,2022,True,0.024666948640495,0.021516868844628334
22,31.01.2022,11,2022,True,0.0256021722124493,0.020596357062458992
22,01.02.2022,11,2022,True,0.0274339741275797,0.023485315963625908
22,02.02.2022,11,2022,True,0.0280473938244474,0.01834372989833355
22,03.02.2022,11,2022,True,0.0284840911208605,0.01997534930706024
22,04.02.2022,11,2022,True,0.0437773524377274,0.016326207667589188
22,07.02.2022,11,2022,True,0.043988002409042,0.02137994021177292
22,08.02.2022,11,2022,True,0.0437654956756442,0.019622817635536194
22,09.02.2022,11,2022,True,0.0457451653051513,0.019461924210190773
22,10.02.2022,11,2022,True,0.0484269193419807,0.017468905076384544
22,11.02.2022,11,2022,True,0.0482287578548338,0.022532716393470764
22,14.02.2022,11,2022,True,0.0512236651489923,0.02141096442937851
22,15.02.2022,11,2022,True,0.0505193927598408,0.026966767385601997
22,16.02.2022,11,2022,True,0.0522111983674721,0.026661578565835953
22,17.02.2022,11,2022,True,0.051877389132175,0.028426140546798706
22,18.02.2022,11,2022,True,0.0526236492019078,0.02895352616906166
22,22.02.2022,11,2022,True,0.0528259061324389,0.032871589064598083
22,23.02.2022,11,2022,True,0.052790237418824,0.029461581259965897
22,24.02.2022,11,2022,True,0.0553697295898039,0.03261295706033707
22,25.02.2022,11,2022,True,0.0555273502057185,0.030954768881201744
22,28.02.2022,11,2022,True,0.0554859172541192,0.03118729591369629
22,01.03.2022,11,2022,True,0.0561653083558701,0.037856172770261765
22,02.03.2022,11,2022,True,0.0542288643551535,0.041781384497880936
22,03.03.2022,11,2022,True,0.0545080186540193,0.03951573744416237
22,04.03.2022,11,2022,True,0.0523437014940903,0.041751228272914886
22,07.03.2022,11,2022,True,0.0522443251947148,0.04561277851462364
22,08.03.2022,11,2022,True,0.0511974636932509,0.04217375069856644
22,09.03.2022,11,2022,True,0.0425210226289569,0.041965898126363754
22,10.03.2022,11,2022,True,0.043263903492709,0.04493233561515808
22,11.03.2022,11,2022,True,0.0448970845863225,0.04293292388319969
22,14.03.2022,11,2022,True,0.0443510954210412,0.04400700703263283
22,15.03.2022,11,2022,True,0.0419093811523317,0.04319280385971069
22,16.03.2022,11,2022,True,0.0415852920272297,0.03504865616559982
22,17.03.2022,11,2022,True,0.0396564170920436,0.0336310975253582
22,18.03.2022,11,2022,True,0.0395780125752038,0.04115268215537071
22,21.03.2022,11,2022,True,0.0366270359970322,0.0395667590200901
22,22.03.2022,11,2022,True,0.0367231216096002,0.04276301711797714
22,23.03.2022,11,2022,True,0.0353920617961995,0.044271018356084824
22,24.03.2022,11,2022,True,0.0359565928648162,0.045744698494672775
22,25.03.2022,11,2022,True,0.0357599001187218,0.0437849797308445
22,28.03.2022,11,2022,True,0.0331963121513791,0.043033067137002945
22,29.03.2022,11,2022,True,0.0331524184237349,0.043690335005521774
22,30.03.2022,11,2022,True,0.032652369250783,0.03439856693148613
22,31.03.2022,11,2022,True,0.0313050065447476,0.03450017049908638
22,01.04.2022,11,2022,True,0.0321423233482162,0.03446519374847412
22,04.04.2022,11,2022,True,0.0315866891219672,0.033062178641557693
22,05.04.2022,11,2022,True,0.0316070081559687,0.03488011285662651
22,06.04.2022,11,2022,True,0.0320854442798596,0.0324271023273468
22,07.04.2022,11,2022,True,0.0329473149927351,0.030492151156067848
22,08.04.2022,11,2022,True,0.0342025779959831,0.03298161178827286
22,11.04.2022,11,2022,True,0.0327229288461388,0.03232436254620552
22,12.04.2022,11,2022,True,0.0311427539832437,0.03085968643426895
22,13.04.2022,11,2022,True,0.0304774559401121,0.03326898068189621
22,14.04.2022,11,2022,True,0.0303399999425954,0.03018137253820896
22,18.04.2022,11,2022,True,0.0306696113230554,0.031008923426270485
22,19.04.2022,11,2022,True,0.0289101004321454,0.02760062739253044
22,20.04.2022,11,2022,True,0.0288810380402249,0.023283572867512703
22,21.04.2022,11,2022,True,0.0287870118953716,0.024724403396248817
22,22.04.2022,11,2022,True,0.028516037522337,0.030198367312550545
22,25.04.2022,11,2022,True,0.026744906124815,0.027683289721608162
22,26.04.2022,11,2022,True,0.026879037912628,0.027338841930031776
22,27.04.2022,11,2022,True,0.0269964961322875,0.026580747216939926
22,28.04.2022,11,2022,True,0.0272227912932122,0.025003142654895782
22,29.04.2022,11,2022,True,0.030024572463102,0.028668390586972237
22,02.05.2022,11,2022,True,0.0297661396810485,0.02769443951547146
22,03.05.2022,11,2022,True,0.0291913693007264,0.023533713072538376
22,04.05.2022,11,2022,True,0.0276622877476018,0.031324826180934906
22,05.05.2022,11,2022,True,0.0276760668552573,0.028154417872428894
22,06.05.2022,11,2022,True,0.0279654370181129,0.0320761613547802
22,09.05.2022,11,2022,True,0.0242367448790506,0.032058000564575195
22,10.05.2022,11,2022,True,0.0228139217701334,0.02968931384384632
22,11.05.2022,11,2022,True,0.020991708213787,0.02954770252108574
22,12.05.2022,11,2022,True,0.0211918021935921,0.02711513824760914
22,13.05.2022,11,2022,True,0.0207148795107177,0.03159115090966225
22,16.05.2022,11,2022,True,0.0202672041304916,0.025852806866168976
22,17.05.2022,11,2022,True,0.0235108857884414,0.02924487367272377
22,18.05.2022,11,2022,True,0.0229190624691167,0.030817868188023567
22,19.05.2022,11,2022,True,0.0229915857213102,0.029736550524830818
22,20.05.2022,11,2022,True,0.0231865032394889,0.03195919468998909
22,23.05.2022,11,2022,True,0.0239147878684706,0.035737283527851105
22,24.05.2022,11,2022,True,0.0242005516743563,0.029205482453107834
22,25.05.2022,11,2022,True,0.0247390657585245,0.023019962012767792
22,26.05.2022,11,2022,True,0.0241702553240327,0.02638206072151661
22,27.05.2022,11,2022,True,0.023969645389907,0.024906637147068977
22,31.05.2022,11,2022,True,0.0236203773070055,0.02532077766954899
22,01.06.2022,11,2022,True,0.0269694669602016,0.029713118448853493
22,02.06.2022,11,2022,True,0.0268707185852562,0.027419470250606537
22,03.06.2022,11,2022,True,0.0281226478097824,0.024385198950767517
22,06.06.2022,11,2022,True,0.0287649105813449,0.02473161555826664
22,07.06.2022,11,2022,True,0.028630918745083,0.022957628592848778
22,08.06.2022,11,2022,True,0.0312742771188482,0.025374814867973328
22,09.06.2022,11,2022,True,0.0313349690073999,0.03104475699365139
22,10.06.2022,11,2022,True,0.0313519461002504,0.02474585734307766
22,13.06.2022,11,2022,True,0.0319179532012756,0.026515064761042595
22,14.06.2022,11,2022,True,0.0342197913268623,0.023957591503858566
22,15.06.2022,11,2022,True,0.0341832223498623,0.02385459467768669
22,16.06.2022,11,2022,True,0.0340105940798977,0.027596401050686836
22,17.06.2022,11,2022,True,0.0324332630845897,0.022913822904229164
22,21.06.2022,11,2022,True,0.032203779132889,0.02856290712952614
22,22.06.2022,11,2022,True,0.0322220156314794,0.025518832728266716
22,23.06.2022,11,2022,True,0.0321189020002426,0.030587678775191307
22,24.06.2022,11,2022,True,0.03186047197659,0.030015164986252785
22,27.06.2022,11,2022,True,0.031599253427672,0.03182646632194519
22,28.06.2022,11,2022,True,0.0316701816489112,0.024348163977265358
22,29.06.2022,11,2022,True,0.0372164205199059,0.0297902412712574
22,30.06.2022,11,2022,True,0.0372773247611741,0.03446625918149948
22,01.07.2022,11,2022,True,0.0376195425178959,0.032032523304224014
22,05.07.2022,11,2022,True,0.0339696839614774,0.03247961029410362
22,06.07.2022,11,2022,True,0.0338620295984974,0.03450788930058479
22,07.07.2022,11,2022,True,0.0329417999730098,0.03101636841893196
22,08.07.2022,11,2022,True,0.032426774923203,0.029530193656682968
22,11.07.2022,11,2022,True,0.0325892218191675,0.02718321606516838
22,12.07.2022,11,2022,True,0.0290968595546232,0.0298183411359787
22,13.07.2022,11,2022,True,0.0292642081810631,0.02561863884329796
22,14.07.2022,11,2022,True,0.0299925723280321,0.029870392754673958
22,15.07.2022,11,2022,True,0.0301058634111942,0.030632533133029938
22,18.07.2022,11,2022,True,0.0279927194473471,0.02849934622645378
22,19.07.2022,11,2022,True,0.0288906335533849,0.019814835861325264
22,20.07.2022,11,2022,True,0.0289201611806779,0.02893967181444168
22,21.07.2022,11,2022,True,0.0283992644035801,0.02232738398015499
22,22.07.2022,11,2022,True,0.029721404707699,0.02917826734483242
22,25.07.2022,11,2022,True,0.0294972512871832,0.02220558375120163
22,26.07.2022,11,2022,True,0.0297015759030508,0.020221836864948273
22,27.07.2022,11,2022,True,0.0295464919541627,0.020606674253940582
22,28.07.2022,11,2022,True,0.0308681740216131,0.03021310456097126
22,29.07.2022,11,2022,True,0.0324053354349936,0.022708043456077576
22,01.08.2022,11,2022,True,0.0260537405220678,0.018900182098150253
22,02.08.2022,11,2022,True,0.0274939024574125,0.028008991852402687
22,03.08.2022,11,2022,True,0.0264827886992088,0.031069882214069366
22,04.08.2022,11,2022,True,0.0258367337639486,0.024686522781848907
22,05.08.2022,11,2022,True,0.0280729717504238,0.03196481615304947
22,08.08.2022,11,2022,True,0.0279081412920063,0.024301672354340553
22,09.08.2022,11,2022,True,0.0294586003970448,0.02466021478176117
22,10.08.2022,11,2022,True,0.0294839291710609,0.02504938840866089
22,11.08.2022,11,2022,True,0.0290238427252988,0.021221274510025978
22,12.08.2022,11,2022,True,0.0290281995684974,0.0267857126891613
22,15.08.2022,11,2022,True,0.0292177551864778,0.020443642511963844
22,16.08.2022,11,2022,True,0.0286034948976153,0.02480473741889
22,17.08.2022,11,2022,True,0.0284722955508275,0.03299892321228981
22,18.08.2022,11,2022,True,0.0277114323908375,0.03654872253537178
22,19.08.2022,11,2022,True,0.0277214263799524,0.023346934467554092
22,22.08.2022,11,2022,True,0.0278090954215743,0.026865612715482712
22,23.08.2022,11,2022,True,0.0278819422788389,0.024702778086066246
22,24.08.2022,11,2022,True,0.0278616267001414,0.017790524289011955
22,25.08.2022,11,2022,True,0.0286918711073359,0.025544453412294388
22,26.08.2022,11,2022,True,0.0296347369606192,0.026393169537186623
22,29.08.2022,11,2022,True,0.027849807291255,0.023572318255901337
22,30.08.2022,11,2022,True,0.0256327162439225,0.023231593891978264
22,31.08.2022,11,2022,True,0.0252912645049258,0.025975489988923073
22,01.09.2022,11,2022,True,0.0247706081508645,0.02736809477210045
22,02.09.2022,11,2022,True,0.024998237028828,0.028993085026741028
22,06.09.2022,11,2022,True,0.0251012747988376,0.02791786380112171
22,07.09.2022,11,2022,True,0.0230896569441748,0.026259971782565117
22,08.09.2022,11,2022,True,0.0235037683105099,0.02756037749350071
22,09.09.2022,11,2022,True,0.0224730120780501,0.025737455114722252
22,12.09.2022,11,2022,True,0.0227180436047872,0.02531249262392521
22,13.09.2022,11,2022,True,0.0231723681271821,0.022894348949193954
22,14.09.2022,11,2022,True,0.0240563127269761,0.02298402599990368
22,15.09.2022,11,2022,True,0.0228228453201669,0.021312318742275238
22,16.09.2022,11,2022,True,0.0231015978823032,0.023780936375260353
22,19.09.2022,11,2022,True,0.0237513179738027,0.020901519805192947
22,20.09.2022,11,2022,True,0.023505209070857,0.02253423072397709
22,21.09.2022,11,2022,True,0.0235178631584243,0.0261067021638155
22,22.09.2022,11,2022,True,0.0235061225999028,0.02870062366127968
22,23.09.2022,11,2022,True,0.0206603314754278,0.022706756368279457
22,26.09.2022,11,2022,True,0.0200355273049476,0.03217213228344917
22,27.09.2022,11,2022,True,0.0196071300612476,0.03348942846059799
22,28.09.2022,11,2022,True,0.0187945276685506,0.034177035093307495
22,29.09.2022,11,2022,True,0.018811576864917,0.03482276573777199
22,30.09.2022,11,2022,True,0.0187366462947901,0.03794724866747856
22,03.10.2022,11,2022,True,0.0188731309408654,0.036776214838027954
22,04.10.2022,11,2022,True,0.0181327192453257,0.03317290171980858
22,05.10.2022,11,2022,True,0.0197078961975704,0.036394115537405014
22,06.10.2022,11,2022,True,0.0196982458214081,0.028649741783738136
22,07.10.2022,11,2022,True,0.0189658262822808,0.03056933544576168
22,10.10.2022,11,2022,True,0.0195608751601326,0.031805314123630524
22,11.10.2022,11,2022,True,0.0192959176051001,0.03265908733010292
22,12.10.2022,11,2022,True,0.0194776945815034,0.04014137387275696
22,13.10.2022,11,2022,True,0.020017871899523,0.03149322420358658
22,14.10.2022,11,2022,True,0.0188492663847833,0.03059852309525013
22,17.10.2022,11,2022,True,0.0190162575261346,0.038454245775938034
22,18.10.2022,11,2022,True,0.0200393935208501,0.03453836590051651
22,19.10.2022,11,2022,True,0.0197808922898949,0.03429918363690376
22,20.10.2022,11,2022,True,0.0197757417309751,0.028042888268828392
22,21.10.2022,11,2022,True,0.0197194867044838,0.02423202432692051
22,24.10.2022,11,2022,True,0.0208238982471381,0.02196419984102249
22,25.10.2022,11,2022,True,0.0210732225989385,0.01993327960371971
22,26.10.2022,11,2022,True,0.020123994876345,0.021928979083895683
22,27.10.2022,11,2022,True,0.019677981343837,0.028071414679288864
22,28.10.2022,11,2022,True,0.0210342477195799,0.031248362734913826
22,31.10.2022,11,2022,True,0.0215164121385401,0.02130104973912239
22,01.11.2022,11,2022,True,0.0216415082245376,0.023412032052874565
22,02.11.2022,11,2022,True,0.0220289411474174,0.02201838046312332
22,03.11.2022,11,2022,True,0.0231530022250262,0.021879203617572784
22,04.11.2022,11,2022,True,0.0208133546744952,0.020831391215324402
22,07.11.2022,11,2022,True,0.0207931972791395,0.019183345139026642
22,08.11.2022,11,2022,True,0.0206309243156547,0.023836476728320122
22,09.11.2022,11,2022,True,0.0214631747153672,0.021991701796650887
22,10.11.2022,11,2022,True,0.0229280709607954,0.025519153103232384
22,11.11.2022,11,2022,True,0.0229451903982152,0.023584865033626556
22,14.11.2022,11,2022,True,0.0225026492573263,0.023485315963625908
22,15.11.2022,11,2022,True,0.0226984146001376,0.021681807935237885
22,16.11.2022,11,2022,True,0.0229850540387175,0.02911774255335331
22,17.11.2022,11,2022,True,0.0222547335210105,0.023372819647192955
22,18.11.2022,11,2022,True,0.0228567616531034,0.028514733538031578
22,21.11.2022,11,2022,True,0.0229986145151096,0.023274406790733337
22,22.11.2022,11,2022,True,0.0243192928241615,0.023180315271019936
22,23.11.2022,11,2022,True,0.0233035628746108,0.024665597826242447
22,25.11.2022,11,2022,True,0.0230218720456593,0.0292828269302845
22,28.11.2022,11,2022,True,0.0231387802886937,0.02328740805387497
22,29.11.2022,11,2022,True,0.0249547613210564,0.02764100395143032
22,30.11.2022,11,2022,True,0.0260989769497485,0.021242283284664154
22,01.12.2022,11,2022,True,0.0279311985658584,0.027444444596767426
22,02.12.2022,11,2022,True,0.0280303372985178,0.021830379962921143
22,05.12.2022,11,2022,True,0.0271878772096688,0.024851791560649872
22,06.12.2022,11,2022,True,0.025945659473457,0.02753213793039322
22,07.12.2022,11,2022,True,0.0251944220820281,0.02432432770729065
22,08.12.2022,11,2022,True,0.0257336219317719,0.029574517160654068
22,09.12.2022,11,2022,True,0.0258498949212437,0.023501776158809662
22,12.12.2022,11,2022,True,0.0255719640589573,0.02060287445783615
22,13.12.2022,11,2022,True,0.0247091748394369,0.028844719752669334
22,14.12.2022,11,2022,True,0.0243753119453574,0.02428053505718708
22,15.12.2022,11,2022,True,0.0241141887942768,0.022133156657218933
22,16.12.2022,11,2022,True,0.0233394464965294,0.025611484423279762
22,19.12.2022,11,2022,True,0.023317549644735,0.026351027190685272
22,20.12.2022,11,2022,True,0.0240797565306709,0.0247724000364542
22,21.12.2022,11,2022,True,0.0234863118673017,0.02041502110660076
22,22.12.2022,11,2022,True,0.0233305214427017,0.024480285122990608
22,23.12.2022,11,2022,True,0.0223272323184038,0.02162758633494377
22,27.12.2022,11,2022,True,0.0227938147885714,0.021532857790589333
22,28.12.2022,11,2022,True,0.0226393900950476,0.0249788761138916
22,29.12.2022,11,2022,True,0.0229013115158169,0.029222743585705757
22,30.12.2022,11,2022,True,0.0208248047750625,0.02185496687889099
66,03.01.2022,11,2022,True,0.0359810459985461,0.023076068609952927
66,04.01.2022,11,2022,True,0.0360318556638508,0.022824497893452644
66,05.01.2022,11,2022,True,0.0364743539932904,0.02270345948636532
66,06.01.2022,11,2022,True,0.0371346226301971,0.025880133733153343
66,07.01.2022,11,2022,True,0.0373745725322682,0.023314446210861206
66,10.01.2022,11,2022,True,0.0374240307086512,0.02092721499502659
66,11.01.2022,11,2022,True,0.0372538303212978,0.021234165877103806
66,12.01.2022,11,2022,True,0.0379248297439793,0.022231565788388252
66,13.01.2022,11,2022,True,0.0379299435722466,0.020765788853168488
66,14.01.2022,11,2022,True,0.0379067601181301,0.023109933361411095
66,18.01.2022,11,2022,True,0.0379422137632329,0.022375958040356636
66,19.01.2022,11,2022,True,0.038320847170036,0.020611878484487534
66,20.01.2022,11,2022,True,0.0384282355144986,0.022086672484874725
66,21.01.2022,11,2022,True,0.0384147014965996,0.021509462967514992
66,24.01.2022,11,2022,True,0.0383877703843282,0.022071335464715958
66,25.01.2022,11,2022,True,0.0383497492973685,0.025848546996712685
66,26.01.2022,11,2022,True,0.0383673201375149,0.02964482642710209
66,27.01.2022,11,2022,True,0.0384966781563014,0.028105134144425392
66,28.01.2022,11,2022,True,0.0389002440355693,0.02921140566468239
66,31.01.2022,11,2022,True,0.0388833719536807,0.025368481874465942
66,01.02.2022,11,2022,True,0.0387700392762436,0.021999582648277283
66,02.02.2022,11,2022,True,0.0395286178535673,0.022509893402457237
66,03.02.2022,11,2022,True,0.0397245608079109,0.02656538225710392
66,04.02.2022,11,2022,True,0.040046379479457,0.022337714210152626
66,07.02.2022,11,2022,True,0.0400341721580864,0.021183481439948082
66,08.02.2022,11,2022,True,0.0401600986029737,0.022645607590675354
66,09.02.2022,11,2022,True,0.0402360370845978,0.021871181204915047
66,10.02.2022,11,2022,True,0.0403384432364956,0.020455939695239067
66,11.02.2022,11,2022,True,0.0403180817963653,0.021126555278897285
66,14.02.2022,11,2022,True,0.0403605408229598,0.02538881078362465
66,15.02.2022,11,2022,True,0.0401095754308938,0.02655821479856968
66,16.02.2022,11,2022,True,0.0400793117976522,0.03296211361885071
66,17.02.2022,11,2022,True,0.0399827962040176,0.02943907119333744
66,18.02.2022,11,2022,True,0.0399811906732071,0.03331907093524933
66,22.02.2022,11,2022,True,0.0399193893825768,0.029540197923779488
66,23.02.2022,11,2022,True,0.039955874943997,0.03345589339733124
66,24.02.2022,11,2022,True,0.0400012116244846,0.032100602984428406
66,25.02.2022,11,2022,True,0.0405965641234071,0.03165431693196297
66,28.02.2022,11,2022,True,0.0404592199530943,0.03196844458580017
66,01.03.2022,11,2022,True,0.0402518095563431,0.03299560025334358
66,02.03.2022,11,2022,True,0.0392599386206486,0.03442580625414848
66,03.03.2022,11,2022,True,0.0391660336377213,0.033765509724617004
66,04.03.2022,11,2022,True,0.0384142860758949,0.03260909765958786
66,07.03.2022,11,2022,True,0.0380644778641463,0.034747496247291565
66,08.03.2022,11,2022,True,0.0377799886717801,0.03525739535689354
66,09.03.2022,11,2022,True,0.033460163989951,0.03434067592024803
66,10.03.2022,11,2022,True,0.033411824304156,0.040279679000377655
66,11.03.2022,11,2022,True,0.0333446835913015,0.03792891278862953
66,14.03.2022,11,2022,True,0.0326917161239285,0.038120366632938385
66,15.03.2022,11,2022,True,0.0323824155044069,0.03500649333000183
66,16.03.2022,11,2022,True,0.0323056659768031,0.035989899188280106
66,17.03.2022,11,2022,True,0.0308179073965322,0.03601624444127083
66,18.03.2022,11,2022,True,0.030846600201287,0.036199599504470825
66,21.03.2022,11,2022,True,0.0298372071238619,0.03617436811327934
66,22.03.2022,11,2022,True,0.029915397462017,0.0383249931037426
66,23.03.2022,11,2022,True,0.0293795537423045,0.037444956600666046
66,24.03.2022,11,2022,True,0.0293179101732609,0.03699623793363571
66,25.03.2022,11,2022,True,0.029303705575764,0.03585059195756912
66,28.03.2022,11,2022,True,0.0282093240288896,0.03606574237346649
66,29.03.2022,11,2022,True,0.0298925377625462,0.035729046911001205
66,30.03.2022,11,2022,True,0.0297500839612667,0.03560418635606766
66,31.03.2022,11,2022,True,0.0295380828134072,0.03561555594205856
66,01.04.2022,11,2022,True,0.0293831297153838,0.035775914788246155
66,04.04.2022,11,2022,True,0.0291548502458791,0.031910430639982224
66,05.04.2022,11,2022,True,0.0305188680409744,0.02919687144458294
66,06.04.2022,11,2022,True,0.0298028137061018,0.02966083399951458
66,07.04.2022,11,2022,True,0.0298025107687589,0.027206337079405785
66,08.04.2022,11,2022,True,0.0297907960752029,0.02978808432817459
66,11.04.2022,11,2022,True,0.0299242531017638,0.02629327028989792
66,12.04.2022,11,2022,True,0.0290103363645753,0.0267452634871006
66,13.04.2022,11,2022,True,0.0286141220393615,0.027994442731142044
66,14.04.2022,11,2022,True,0.0286317887794111,0.03040972724556923
66,18.04.2022,11,2022,True,0.0285843644735803,0.03060482256114483
66,19.04.2022,11,2022,True,0.027929886253378,0.026398807764053345
66,20.04.2022,11,2022,True,0.0279386043749966,0.026032274588942528
66,21.04.2022,11,2022,True,0.028005815630584,0.026271242648363113
66,22.04.2022,11,2022,True,0.0279461218360222,0.022281646728515625
66,25.04.2022,11,2022,True,0.0276421500625855,0.02954445406794548
66,26.04.2022,11,2022,True,0.0298948121274882,0.030190689489245415
66,27.04.2022,11,2022,True,0.0298996524015309,0.02605452388525009
66,28.04.2022,11,2022,True,0.0301203115384471,0.026836847886443138
66,29.04.2022,11,2022,True,0.0302085107926793,0.026356713846325874
66,02.05.2022,11,2022,True,0.030185895299905,0.027298226952552795
66,03.05.2022,11,2022,True,0.0301494855010043,0.024722199887037277
66,04.05.2022,11,2022,True,0.0295129518105993,0.027093322947621346
66,05.05.2022,11,2022,True,0.0295381907848479,0.025651982054114342
66,06.05.2022,11,2022,True,0.0296304726703325,0.02709323912858963
66,09.05.2022,11,2022,True,0.0288023772344992,0.02747814729809761
66,10.05.2022,11,2022,True,0.0287716843878298,0.026669815182685852
66,11.05.2022,11,2022,True,0.0283098153605087,0.026373345404863358
66,12.05.2022,11,2022,True,0.0283810217324477,0.02700505219399929
66,13.05.2022,11,2022,True,0.0282520657303408,0.02707345224916935
66,16.05.2022,11,2022,True,0.0280685676715035,0.026505976915359497
66,17.05.2022,11,2022,True,0.0279792267131122,0.02684892900288105
66,18.05.2022,11,2022,True,0.0282583081114523,0.02772950939834118
66,19.05.2022,11,2022,True,0.0280806804202679,0.028480645269155502
66,20.05.2022,11,2022,True,0.028149346436321,0.026553470641374588
66,23.05.2022,11,2022,True,0.0282159721514887,0.026256529614329338
66,24.05.2022,11,2022,True,0.0286744187933914,0.026400767266750336
66,25.05.2022,11,2022,True,0.0294642524405904,0.026941251009702682
66,26.05.2022,11,2022,True,0.0293827005185698,0.027330968528985977
66,27.05.2022,11,2022,True,0.0296956274737709,0.02607421949505806
66,31.05.2022,11,2022,True,0.0294583419058865,0.02663153037428856
66,01.06.2022,11,2022,True,0.0287724661506406,0.026742223650217056
66,02.06.2022,11,2022,True,0.0293605960465979,0.024974605068564415
66,03.06.2022,11,2022,True,0.0293107400343521,0.02524888888001442
66,06.06.2022,11,2022,True,0.0298291240727151,0.02356848120689392
66,07.06.2022,11,2022,True,0.0298557932242724,0.02530936896800995
66,08.06.2022,11,2022,True,0.0296491357879683,0.025258250534534454
66,09.06.2022,11,2022,True,0.0297007105260375,0.029103737324476242
66,10.06.2022,11,2022,True,0.0299434805971712,0.024699246510863304
66,13.06.2022,11,2022,True,0.029958286885703,0.02377769537270069
66,14.06.2022,11,2022,True,0.029985783501645,0.028082257136702538
66,15.06.2022,11,2022,True,0.0299329078558604,0.026622679084539413
66,16.06.2022,11,2022,True,0.0298793768584439,0.030103774741292
66,17.06.2022,11,2022,True,0.0291619977118783,0.02510882541537285
66,21.06.2022,11,2022,True,0.0296128097531949,0.029026376083493233
66,22.06.2022,11,2022,True,0.0296003712042859,0.026191338896751404
66,23.06.2022,11,2022,True,0.0298000053105317,0.029355674982070923
66,24.06.2022,11,2022,True,0.0299294641021887,0.0297547597438097
66,27.06.2022,11,2022,True,0.0298233688298359,0.027713175863027573
66,28.06.2022,11,2022,True,0.0296062438762756,0.02638341300189495
66,29.06.2022,11,2022,True,0.0296321728397637,0.028384070843458176
66,30.06.2022,11,2022,True,0.0299519542878922,0.030769191682338715
66,01.07.2022,11,2022,True,0.0298936395754209,0.03006960265338421
66,05.07.2022,11,2022,True,0.0282153539812095,0.02886343002319336
66,06.07.2022,11,2022,True,0.0284876883781293,0.030239751562476158
66,07.07.2022,11,2022,True,0.0281437215264751,0.02670433558523655
66,08.07.2022,11,2022,True,0.0280783703355719,0.028276193886995316
66,11.07.2022,11,2022,True,0.0281612522595563,0.02754223719239235
66,12.07.2022,11,2022,True,0.0268669063662217,0.02757490612566471
66,13.07.2022,11,2022,True,0.0271321780799561,0.025713980197906494
66,14.07.2022,11,2022,True,0.0271290426982418,0.026479290798306465
66,15.07.2022,11,2022,True,0.0270639359695228,0.026236435398459435
66,18.07.2022,11,2022,True,0.0265364683534384,0.025948993861675262
66,19.07.2022,11,2022,True,0.0264935368147666,0.022648116573691368
66,20.07.2022,11,2022,True,0.0265510549533524,0.02413211390376091
66,21.07.2022,11,2022,True,0.0263359111519029,0.022864703088998795
66,22.07.2022,11,2022,True,0.0263346601238024,0.02412615716457367
66,25.07.2022,11,2022,True,0.0263895454952513,0.02112649381160736
66,26.07.2022,11,2022,True,0.026440344538324,0.021059662103652954
66,27.07.2022,11,2022,True,0.0263289914129137,0.021762212738394737
66,28.07.2022,11,2022,True,0.0263355445001436,0.024249140173196793
66,29.07.2022,11,2022,True,0.0260972451384502,0.02136898785829544
66,01.08.2022,11,2022,True,0.0234667229662303,0.019920460879802704
66,02.08.2022,11,2022,True,0.023527863376581,0.024013414978981018
66,03.08.2022,11,2022,True,0.0236018618822443,0.026035934686660767
66,04.08.2022,11,2022,True,0.0233556171043362,0.02355068549513817
66,05.08.2022,11,2022,True,0.023569894610419,0.026847589761018753
66,08.08.2022,11,2022,True,0.0237254504609341,0.02365991473197937
66,09.08.2022,11,2022,True,0.0237652395091908,0.021553238853812218
66,10.08.2022,11,2022,True,0.0239202345738248,0.023866387084126472
66,11.08.2022,11,2022,True,0.0240308057585437,0.02078854851424694
66,12.08.2022,11,2022,True,0.0239930361426546,0.023526450619101524
66,15.08.2022,11,2022,True,0.0237156639685161,0.021223999559879303
66,16.08.2022,11,2022,True,0.023802109728616,0.02396736852824688
66,17.08.2022,11,2022,True,0.023911570456262,0.027350367978215218
66,18.08.2022,11,2022,True,0.0235764860040456,0.028080839663743973
66,19.08.2022,11,2022,True,0.0236192743877529,0.02345646172761917
66,22.08.2022,11,2022,True,0.0239573931093821,0.026186678558588028
66,23.08.2022,11,2022,True,0.0235447753223576,0.025967631489038467
66,24.08.2022,11,2022,True,0.0234932206854322,0.02245209738612175
66,25.08.2022,11,2022,True,0.0234105410877086,0.022714469581842422
66,26.08.2022,11,2022,True,0.023608094875647,0.024880848824977875
66,29.08.2022,11,2022,True,0.0231391710607828,0.02239270508289337
66,30.08.2022,11,2022,True,0.0222038134602856,0.02705850452184677
66,31.08.2022,11,2022,True,0.0223161419211775,0.025947891175746918
66,01.09.2022,11,2022,True,0.0222431369525173,0.02803502418100834
66,02.09.2022,11,2022,True,0.022431124816215,0.02889205329120159
66,06.09.2022,11,2022,True,0.0224678544741018,0.02869470790028572
66,07.09.2022,11,2022,True,0.021566423003555,0.025718150660395622
66,08.09.2022,11,2022,True,0.0217376940284165,0.02725180611014366
66,09.09.2022,11,2022,True,0.0215519698250332,0.025779584422707558
66,12.09.2022,11,2022,True,0.0217323183921606,0.02382700890302658
66,13.09.2022,11,2022,True,0.0218080891800468,0.020174706354737282
66,14.09.2022,11,2022,True,0.0219697584938601,0.022258291020989418
66,15.09.2022,11,2022,True,0.0216363150365228,0.024498051032423973
66,16.09.2022,11,2022,True,0.0216226258184203,0.023985719308257103
66,19.09.2022,11,2022,True,0.0218939529700427,0.024069640785455704
66,20.09.2022,11,2022,True,0.0218924488859795,0.022907810285687447
66,21.09.2022,11,2022,True,0.0223502673651535,0.023572774603962898
66,22.09.2022,11,2022,True,0.0223401056685316,0.02653750218451023
66,23.09.2022,11,2022,True,0.0215824241179509,0.02798396348953247
66,26.09.2022,11,2022,True,0.0214226555003463,0.027985326945781708
66,27.09.2022,11,2022,True,0.0218557242508089,0.028521034866571426
66,28.09.2022,11,2022,True,0.0221157687143806,0.02867162972688675
66,29.09.2022,11,2022,True,0.0230057977581531,0.029120177030563354
66,30.09.2022,11,2022,True,0.0230535966171241,0.028519200161099434
66,03.10.2022,11,2022,True,0.0230058712238432,0.031124327331781387
66,04.10.2022,11,2022,True,0.0226863324424107,0.02934790588915348
66,05.10.2022,11,2022,True,0.0225821718668623,0.028622956946492195
66,06.10.2022,11,2022,True,0.0229071009138023,0.030224697664380074
66,07.10.2022,11,2022,True,0.0225191388827867,0.030439306050539017
66,10.10.2022,11,2022,True,0.022531187755868,0.030882829800248146
66,11.10.2022,11,2022,True,0.0224444892946596,0.03157513588666916
66,12.10.2022,11,2022,True,0.0223607134951537,0.035522446036338806
66,13.10.2022,11,2022,True,0.0222407649997389,0.03211803734302521
66,14.10.2022,11,2022,True,0.0220287891521808,0.0300197284668684
66,17.10.2022,11,2022,True,0.0220457868101814,0.03193424642086029
66,18.10.2022,11,2022,True,0.0221309390771254,0.03192557767033577
66,19.10.2022,11,2022,True,0.0218770083695806,0.029690882191061974
66,20.10.2022,11,2022,True,0.0219724142541946,0.028235893696546555
66,21.10.2022,11,2022,True,0.0219370539827849,0.027836449444293976
66,24.10.2022,11,2022,True,0.0220657861359812,0.02826821617782116
66,25.10.2022,11,2022,True,0.0220633816951307,0.026402529329061508
66,26.10.2022,11,2022,True,0.0219599203344301,0.027276653796434402
66,27.10.2022,11,2022,True,0.0218869857174747,0.029649730771780014
66,28.10.2022,11,2022,True,0.0220707187789238,0.029237208887934685
66,31.10.2022,11,2022,True,0.0221370089710402,0.02737184800207615
66,01.11.2022,11,2022,True,0.0225567706623896,0.02577914670109749
66,02.11.2022,11,2022,True,0.0225661628704233,0.02491038292646408
66,03.11.2022,11,2022,True,0.0225100171789643,0.026933778077363968
66,04.11.2022,11,2022,True,0.0220932474957809,0.02568824216723442
66,07.11.2022,11,2022,True,0.022092562636284,0.025080682709813118
66,08.11.2022,11,2022,True,0.0219150268146097,0.024665532633662224
66,09.11.2022,11,2022,True,0.02165035726083,0.02752232924103737
66,10.11.2022,11,2022,True,0.0215973851708899,0.02574026957154274
66,11.11.2022,11,2022,True,0.0215500458762304,0.023839138448238373
66,14.11.2022,11,2022,True,0.0212672934051765,0.02235112525522709
66,15.11.2022,11,2022,True,0.0215136601441283,0.026825321838259697
66,16.11.2022,11,2022,True,0.0216573048812232,0.028926722705364227
66,17.11.2022,11,2022,True,0.0213461270440061,0.0254470556974411
66,18.11.2022,11,2022,True,0.0211700161378786,0.02770209312438965
66,21.11.2022,11,2022,True,0.0212881005983737,0.025682905688881874
66,22.11.2022,11,2022,True,0.0212557679472305,0.026344850659370422
66,23.11.2022,11,2022,True,0.0208562906701417,0.025174444541335106
66,25.11.2022,11,2022,True,0.020748121746444,0.02928869239985943
66,28.11.2022,11,2022,True,0.0207407271303949,0.027959730476140976
66,29.11.2022,11,2022,True,0.0211732991475003,0.028583962470293045
66,30.11.2022,11,2022,True,0.0208914441001236,0.02662995085120201
66,01.12.2022,11,2022,True,0.0208336151399846,0.02619182877242565
66,02.12.2022,11,2022,True,0.0208417299765884,0.02565036527812481
66,05.12.2022,11,2022,True,0.0206310965983567,0.025470923632383347
66,06.12.2022,11,2022,True,0.0206576032563187,0.02605477347970009
66,07.12.2022,11,2022,True,0.0212729730763332,0.02604398876428604
66,08.12.2022,11,2022,True,0.0212856007297338,0.02772536687552929
66,09.12.2022,11,2022,True,0.0214753794710335,0.02756013721227646
66,12.12.2022,11,2022,True,0.0212967357705413,0.026672055944800377
66,13.12.2022,11,2022,True,0.0210226666451283,0.02740948088467121
66,14.12.2022,11,2022,True,0.0209121520879315,0.02628273516893387
66,15.12.2022,11,2022,True,0.0208352010284609,0.02382376231253147
66,16.12.2022,11,2022,True,0.0206282424035588,0.024408437311649323
66,19.12.2022,11,2022,True,0.0212221497393957,0.024474043399095535
66,20.12.2022,11,2022,True,0.0212375844586086,0.025060927495360374
66,21.12.2022,11,2022,True,0.020963300152907,0.024092944338917732
66,22.12.2022,11,2022,True,0.0209499486497733,0.025426646694540977
66,23.12.2022,11,2022,True,0.0204804716325556,0.024706298485398293
66,27.12.2022,11,2022,True,0.0219115226542229,0.02382722869515419
66,28.12.2022,11,2022,True,0.021852348640961,0.026440240442752838
66,29.12.2022,11,2022,True,0.0217974490175892,0.02633470669388771
66,30.12.2022,11,2022,True,0.0211280626726101,0.023500902578234673
126,03.01.2022,11,2022,True,0.0328461622498707,0.02365533448755741
126,04.01.2022,11,2022,True,0.0329942627096103,0.022867681458592415
126,05.01.2022,11,2022,True,0.0330364503233883,0.023363888263702393
126,06.01.2022,11,2022,True,0.0330179401779777,0.023855481296777725
126,07.01.2022,11,2022,True,0.0336995413634938,0.022757450118660927
126,10.01.2022,11,2022,True,0.0336812804032398,0.022846955806016922
126,11.01.2022,11,2022,True,0.0335552168134612,0.022846955806016922
126,12.01.2022,11,2022,True,0.0335874370783618,0.022735241800546646
126,13.01.2022,11,2022,True,0.0338550244316469,0.022236434742808342
126,14.01.2022,11,2022,True,0.033829614497597,0.023880142718553543
126,18.01.2022,11,2022,True,0.0338066964786511,0.023612255230545998
126,19.01.2022,11,2022,True,0.0339065166209731,0.022906295955181122
126,20.01.2022,11,2022,True,0.0339129400960524,0.023670846596360207
126,21.01.2022,11,2022,True,0.0339430125371272,0.023743916302919388
126,24.01.2022,11,2022,True,0.0339042796949252,0.023909209296107292
126,25.01.2022,11,2022,True,0.0338991467432075,0.02521638758480549
126,26.01.2022,11,2022,True,0.0338609366539043,0.025248367339372635
126,27.01.2022,11,2022,True,0.033925802192561,0.02432478778064251
126,28.01.2022,11,2022,True,0.0349983733525793,0.025159893557429314
126,31.01.2022,11,2022,True,0.0349834058999987,0.025159893557429314
126,01.02.2022,11,2022,True,0.035092765457506,0.023802027106285095
126,02.02.2022,11,2022,True,0.035183570131687,0.023807020857930183
126,03.02.2022,11,2022,True,0.035154994418948,0.023831535130739212
126,04.02.2022,11,2022,True,0.0351300086421561,0.023831535130739212
126,07.02.2022,11,2022,True,0.0351268108309671,0.023215072229504585
126,08.02.2022,11,2022,True,0.0350886930778386,0.023775041103363037
126,09.02.2022,11,2022,True,0.0351354580412287,0.023219037801027298
126,10.02.2022,11,2022,True,0.0351615107140696,0.02350715361535549
126,11.02.2022,11,2022,True,0.0351584300101813,0.02350715361535549
126,14.02.2022,11,2022,True,0.035203430867733,0.02463587000966072
126,15.02.2022,11,2022,True,0.0350982693264962,0.024833939969539642
126,16.02.2022,11,2022,True,0.0351766093129213,0.02575528435409069
126,17.02.2022,11,2022,True,0.0351320132030049,0.025723304599523544
126,18.02.2022,11,2022,True,0.035129009753637,0.025515424087643623
126,22.02.2022,11,2022,True,0.0351566250548576,0.025551948696374893
126,23.02.2022,11,2022,True,0.0351671350598068,0.02604673057794571
126,24.02.2022,11,2022,True,0.0351493917040409,0.025495044887065887
126,25.02.2022,11,2022,True,0.0351639106487345,0.025527024641633034
126,28.02.2022,11,2022,True,0.0352357214869483,0.025786491110920906
126,01.03.2022,11,2022,True,0.0354275475345878,0.025818470865488052
126,02.03.2022,11,2022,True,0.0348945836598397,0.0263461172580719
126,03.03.2022,11,2022,True,0.035050918558814,0.026379616931080818
126,04.03.2022,11,2022,True,0.0345182984121376,0.026425618678331375
126,07.03.2022,11,2022,True,0.034289665324616,0.02828768640756607
126,08.03.2022,11,2022,True,0.0343985831120525,0.028311090543866158
126,09.03.2022,11,2022,True,0.0321122305483058,0.026425618678331375
126,10.03.2022,11,2022,True,0.0323045905297404,0.03146691992878914
126,11.03.2022,11,2022,True,0.0322054172106455,0.03148781135678291
126,14.03.2022,11,2022,True,0.0318840709928499,0.03140445426106453
126,15.03.2022,11,2022,True,0.031333226185301,0.03146691992878914
126,16.03.2022,11,2022,True,0.0314429449479754,0.03160921484231949
126,17.03.2022,11,2022,True,0.0305110090021669,0.030698416754603386
126,18.03.2022,11,2022,True,0.0304970275934656,0.03160921484231949
126,21.03.2022,11,2022,True,0.0298638621121033,0.031089045107364655
126,22.03.2022,11,2022,True,0.0298699653798466,0.03160921484231949
126,23.03.2022,11,2022,True,0.0294910436464554,0.031033528968691826
126,24.03.2022,11,2022,True,0.0297331010708738,0.030677523463964462
126,25.03.2022,11,2022,True,0.0297618104983222,0.030698416754603386
126,28.03.2022,11,2022,True,0.0292513718077733,0.030698416754603386
126,29.03.2022,11,2022,True,0.0293886498606125,0.031012635678052902
126,30.03.2022,11,2022,True,0.0292685316818862,0.031033528968691826
126,31.03.2022,11,2022,True,0.0289508341019002,0.030615057796239853
126,01.04.2022,11,2022,True,0.0288303140874426,0.03075103834271431
126,04.04.2022,11,2022,True,0.0288564703600989,0.030512463301420212
126,05.04.2022,11,2022,True,0.0288948223087713,0.030489865690469742
126,06.04.2022,11,2022,True,0.0285257031898755,0.030675819143652916
126,07.04.2022,11,2022,True,0.0287119095737146,0.030512630939483643
126,08.04.2022,11,2022,True,0.0286868807167811,0.030533524230122566
126,11.04.2022,11,2022,True,0.0284897916383113,0.030450165271759033
126,12.04.2022,11,2022,True,0.0280084298381889,0.030450165271759033
126,13.04.2022,11,2022,True,0.0278616173636607,0.03092585690319538
126,14.04.2022,11,2022,True,0.0278816982433876,0.03081662394106388
126,18.04.2022,11,2022,True,0.0278513886053008,0.030472762882709503
126,19.04.2022,11,2022,True,0.0274958085434394,0.030764002352952957
126,20.04.2022,11,2022,True,0.0276032531546807,0.030793219804763794
126,21.04.2022,11,2022,True,0.0275688410383833,0.030741404742002487
126,22.04.2022,11,2022,True,0.027563738814054,0.02607954479753971
126,25.04.2022,11,2022,True,0.0273244063318994,0.026347432285547256
126,26.04.2022,11,2022,True,0.0272226481915866,0.027539502829313278
126,27.04.2022,11,2022,True,0.0273032816671641,0.02606893703341484
126,28.04.2022,11,2022,True,0.0272602043086221,0.026139551773667336
126,29.04.2022,11,2022,True,0.0272365260631908,0.026347432285547256
126,02.05.2022,11,2022,True,0.0272140504575492,0.026017671450972557
126,03.05.2022,11,2022,True,0.0271318667975298,0.02636025846004486
126,04.05.2022,11,2022,True,0.0268171727712527,0.026099929586052895
126,05.05.2022,11,2022,True,0.0268386585271802,0.02606893703341484
126,06.05.2022,11,2022,True,0.027063315529413,0.026017671450972557
126,09.05.2022,11,2022,True,0.0265617846593607,0.026124853640794754
126,10.05.2022,11,2022,True,0.0265006443772661,0.026096928864717484
126,11.05.2022,11,2022,True,0.0262552553004382,0.02612033300101757
126,12.05.2022,11,2022,True,0.0262774416124957,0.026418006047606468
126,13.05.2022,11,2022,True,0.0261502822733319,0.026491312310099602
126,16.05.2022,11,2022,True,0.0261791497500867,0.026825018227100372
126,17.05.2022,11,2022,True,0.0261373878475612,0.02636471390724182
126,18.05.2022,11,2022,True,0.0260612552338165,0.02657892182469368
126,19.05.2022,11,2022,True,0.0260999938347386,0.026508307084441185
126,20.05.2022,11,2022,True,0.0261710427046353,0.02636471390724182
126,23.05.2022,11,2022,True,0.0261565829739671,0.026311034336686134
126,24.05.2022,11,2022,True,0.0261783846386198,0.026312241330742836
126,25.05.2022,11,2022,True,0.0263266008135532,0.026291968300938606
126,26.05.2022,11,2022,True,0.026226903491181,0.025856105610728264
126,27.05.2022,11,2022,True,0.0261672386219336,0.025331296026706696
126,31.05.2022,11,2022,True,0.0260187453610275,0.026170574128627777
126,01.06.2022,11,2022,True,0.0257517520756101,0.026610491797327995
126,02.06.2022,11,2022,True,0.0257801246196223,0.026341309770941734
126,03.06.2022,11,2022,True,0.0257409176001181,0.026080984622240067
126,06.06.2022,11,2022,True,0.0258950899151605,0.025375019758939743
126,07.06.2022,11,2022,True,0.0260951519596806,0.026348872110247612
126,08.06.2022,11,2022,True,0.0260640766635484,0.025375019758939743
126,09.06.2022,11,2022,True,0.0260779972024879,0.024901477620005608
126,10.06.2022,11,2022,True,0.0260758505548554,0.024016479030251503
126,13.06.2022,11,2022,True,0.0261923558440211,0.023938458412885666
126,14.06.2022,11,2022,True,0.0263992506553393,0.026138685643672943
126,15.06.2022,11,2022,True,0.0264604333874061,0.025446971878409386
126,16.06.2022,11,2022,True,0.0264662806257415,0.026119034737348557
126,17.06.2022,11,2022,True,0.0261029209098568,0.024499207735061646
126,21.06.2022,11,2022,True,0.0260859007703074,0.0263777207583189
126,22.06.2022,11,2022,True,0.0260091145537961,0.025411786511540413
126,23.06.2022,11,2022,True,0.0261198621045042,0.02634301409125328
126,24.06.2022,11,2022,True,0.026005607495094,0.026369145140051842
126,27.06.2022,11,2022,True,0.0261694538732079,0.02617107518017292
126,28.06.2022,11,2022,True,0.0260631019538887,0.026080984622240067
126,29.06.2022,11,2022,True,0.0260565883141399,0.025711653754115105
126,30.06.2022,11,2022,True,0.0260552012267548,0.026522018015384674
126,01.07.2022,11,2022,True,0.0262743854789421,0.026522018015384674
126,05.07.2022,11,2022,True,0.0255587324080871,0.02634301409125328
126,06.07.2022,11,2022,True,0.0259154724140479,0.027187706902623177
126,07.07.2022,11,2022,True,0.0256845584776685,0.026103153824806213
126,08.07.2022,11,2022,True,0.0255890762307542,0.026979826390743256
126,11.07.2022,11,2022,True,0.0256277823228612,0.02675624005496502
126,12.07.2022,11,2022,True,0.0248225792077436,0.026516379788517952
126,13.07.2022,11,2022,True,0.0249984237754594,0.026096928864717484
126,14.07.2022,11,2022,True,0.0250467784026951,0.026506010442972183
126,15.07.2022,11,2022,True,0.0250115029586098,0.026162149384617805
126,18.07.2022,11,2022,True,0.0246084799964745,0.026347432285547256
126,19.07.2022,11,2022,True,0.0245993757365832,0.026469234377145767
126,20.07.2022,11,2022,True,0.0246379772070649,0.026183346286416054
126,21.07.2022,11,2022,True,0.0245703059874566,0.02601020038127899
126,22.07.2022,11,2022,True,0.024575681906732,0.026111524552106857
126,25.07.2022,11,2022,True,0.0245900565552553,0.025849495083093643
126,26.07.2022,11,2022,True,0.0245852872184625,0.025792591273784637
126,27.07.2022,11,2022,True,0.0245498234843748,0.025957884266972542
126,28.07.2022,11,2022,True,0.0245525549839626,0.026080751791596413
126,29.07.2022,11,2022,True,0.0244785763154744,0.025849085301160812
126,01.08.2022,11,2022,True,0.0230105788239709,0.025240734219551086
126,02.08.2022,11,2022,True,0.0230612359803982,0.030838090926408768
126,03.08.2022,11,2022,True,0.0228343249288321,0.026760658249258995
126,04.08.2022,11,2022,True,0.0228310336797828,0.02679263800382614
126,05.08.2022,11,2022,True,0.022850361632584,0.02652924135327339
126,08.08.2022,11,2022,True,0.0229872968455093,0.026403415948152542
126,09.08.2022,11,2022,True,0.023040406404869,0.025238407775759697
126,10.08.2022,11,2022,True,0.0230201408538348,0.02564290724694729
126,11.08.2022,11,2022,True,0.0230183912982525,0.025732561945915222
126,12.08.2022,11,2022,True,0.0229884682544504,0.02505856193602085
126,15.08.2022,11,2022,True,0.022845773925653,0.02484532818198204
126,16.08.2022,11,2022,True,0.0227013322154002,0.02619919367134571
126,17.08.2022,11,2022,True,0.0226636267399143,0.026800615713000298
126,18.08.2022,11,2022,True,0.0225897491217888,0.02647632732987404
126,19.08.2022,11,2022,True,0.0225891756552733,0.026112964376807213
126,22.08.2022,11,2022,True,0.0227335771280167,0.026311034336686134
126,23.08.2022,11,2022,True,0.0225374244854415,0.026311034336686134
126,24.08.2022,11,2022,True,0.0225442249467869,0.02597057819366455
126,25.08.2022,11,2022,True,0.0225003476737344,0.026110537350177765
126,26.08.2022,11,2022,True,0.0225058410396157,0.026168648153543472
126,29.08.2022,11,2022,True,0.0222068940819413,0.025880487635731697
126,30.08.2022,11,2022,True,0.0216621054122705,0.026112964376807213
126,31.08.2022,11,2022,True,0.0215549666079725,0.02640031836926937
126,01.09.2022,11,2022,True,0.021213332639367,0.0268151443451643
126,02.09.2022,11,2022,True,0.021411143816937,0.02645900472998619
126,06.09.2022,11,2022,True,0.0214192677255438,0.026605743914842606
126,07.09.2022,11,2022,True,0.0209235285557448,0.026311034336686134
126,08.09.2022,11,2022,True,0.0209317226817899,0.02616984024643898
126,09.09.2022,11,2022,True,0.0207106037645868,0.026311034336686134
126,12.09.2022,11,2022,True,0.0209914210004688,0.026199420914053917
126,13.09.2022,11,2022,True,0.0214175469013234,0.024554211646318436
126,14.09.2022,11,2022,True,0.021436263097162,0.025245878845453262
126,15.09.2022,11,2022,True,0.0213142757216949,0.025456862524151802
126,16.09.2022,11,2022,True,0.0213354105400921,0.026089204475283623
126,19.09.2022,11,2022,True,0.021413070738843,0.02602408081293106
126,20.09.2022,11,2022,True,0.0214490957339325,0.025709612295031548
126,21.09.2022,11,2022,True,0.0214535592612728,0.02625413052737713
126,22.09.2022,11,2022,True,0.0214620705130511,0.026522018015384674
126,23.09.2022,11,2022,True,0.0213672059873734,0.026273168623447418
126,26.09.2022,11,2022,True,0.0212702814190392,0.026610901579260826
126,27.09.2022,11,2022,True,0.0211399227065261,0.0263461172580719
126,28.09.2022,11,2022,True,0.0209331808521474,0.026403021067380905
126,29.09.2022,11,2022,True,0.0209293667585018,0.026403021067380905
126,30.09.2022,11,2022,True,0.0216745286021369,0.026268446817994118
126,03.10.2022,11,2022,True,0.0216542150847256,0.02637104131281376
126,04.10.2022,11,2022,True,0.0214518924254235,0.026046250015497208
126,05.10.2022,11,2022,True,0.0213947589575058,0.0263461172580719
126,06.10.2022,11,2022,True,0.021387576732684,0.026314137503504753
126,07.10.2022,11,2022,True,0.0211846792641429,0.026370631530880928
126,10.10.2022,11,2022,True,0.0212124337392789,0.026220135390758514
126,11.10.2022,11,2022,True,0.021177503307816,0.026419423520565033
126,12.10.2022,11,2022,True,0.0211106008764467,0.02657892182469368
126,13.10.2022,11,2022,True,0.0210644411947212,0.02657892182469368
126,14.10.2022,11,2022,True,0.0208832146740866,0.02634301409125328
126,17.10.2022,11,2022,True,0.0209518996939296,0.026344221085309982
126,18.10.2022,11,2022,True,0.0210067023050376,0.026419423520565033
126,19.10.2022,11,2022,True,0.0208790718920236,0.02625413052737713
126,20.10.2022,11,2022,True,0.0209162324785699,0.026278257369995117
126,21.10.2022,11,2022,True,0.0209842536212052,0.026189373806118965
126,24.10.2022,11,2022,True,0.0212513567055234,0.02634846232831478
126,25.10.2022,11,2022,True,0.0212673705956396,0.025704946368932724
126,26.10.2022,11,2022,True,0.021205235285525,0.025686146691441536
126,27.10.2022,11,2022,True,0.021164699830965,0.025430435314774513
126,28.10.2022,11,2022,True,0.0216088034507285,0.025767691433429718
126,31.10.2022,11,2022,True,0.0218699360122511,0.025612935423851013
126,01.11.2022,11,2022,True,0.0218735971171897,0.02570130117237568
126,02.11.2022,11,2022,True,0.0221055118943229,0.024952253326773643
126,03.11.2022,11,2022,True,0.0221771665536244,0.025214307010173798
126,04.11.2022,11,2022,True,0.0218643013074062,0.024576997384428978
126,07.11.2022,11,2022,True,0.0218842717916262,0.02498464286327362
126,08.11.2022,11,2022,True,0.0218265416431699,0.024218905717134476
126,09.11.2022,11,2022,True,0.0217076112394107,0.02469012886285782
126,10.11.2022,11,2022,True,0.0217247137576215,0.024713687598705292
126,11.11.2022,11,2022,True,0.0215978629785814,0.023248910903930664
126,14.11.2022,11,2022,True,0.0216014651349424,0.023340554907917976
126,15.11.2022,11,2022,True,0.0216157464262414,0.02473214454948902
126,16.11.2022,11,2022,True,0.0216013546783169,0.025470232591032982
126,17.11.2022,11,2022,True,0.021416737912839,0.024327294901013374
126,18.11.2022,11,2022,True,0.0213446330004719,0.025124017149209976
126,21.11.2022,11,2022,True,0.0214234054087854,0.025096595287322998
126,22.11.2022,11,2022,True,0.0215266396251325,0.025704946368932724
126,23.11.2022,11,2022,True,0.0213426183387463,0.025354882702231407
126,25.11.2022,11,2022,True,0.0216341366397449,0.026286110281944275
126,28.11.2022,11,2022,True,0.0216531594647254,0.026185505092144012
126,29.11.2022,11,2022,True,0.0217507482689717,0.025990718975663185
126,30.11.2022,11,2022,True,0.0217113948111339,0.02616254799067974
126,01.12.2022,11,2022,True,0.0216665341610931,0.02523045614361763
126,02.12.2022,11,2022,True,0.0216328597060199,0.025153858587145805
126,05.12.2022,11,2022,True,0.0214392193951431,0.025164801627397537
126,06.12.2022,11,2022,True,0.0211581711492066,0.025003530085086823
126,07.12.2022,11,2022,True,0.0210581614605448,0.02544376626610756
126,08.12.2022,11,2022,True,0.0213268022451138,0.026112964376807213
126,09.12.2022,11,2022,True,0.0215407648741624,0.026005281135439873
126,12.12.2022,11,2022,True,0.0214643747973542,0.02602408081293106
126,13.12.2022,11,2022,True,0.021455186692047,0.025443151593208313
126,14.12.2022,11,2022,True,0.0213668371261351,0.024289455264806747
126,15.12.2022,11,2022,True,0.0213230390546186,0.023913944140076637
126,16.12.2022,11,2022,True,0.021238871000821,0.023735562339425087
126,19.12.2022,11,2022,True,0.0215052413619191,0.023901449516415596
126,20.12.2022,11,2022,True,0.0215056201723879,0.0242574755102396
126,21.12.2022,11,2022,True,0.0213645608800274,0.02388196438550949
126,22.12.2022,11,2022,True,0.0214476627222567,0.02423255145549774
126,23.12.2022,11,2022,True,0.0213152293194556,0.024200571700930595
126,27.12.2022,11,2022,True,0.0213137882311634,0.023724962025880814
126,28.12.2022,11,2022,True,0.0213007557531426,0.0240933895111084
126,29.12.2022,11,2022,True,0.0212780676170751,0.024989331141114235
126,30.12.2022,11,2022,True,0.021048555763095,0.02388196438550949
5,03.01.2023,12,2023,True,0.0276396268580522,0.017123546451330185
5,04.01.2023,12,2023,True,0.0123583764420852,0.019529061391949654
5,05.01.2023,12,2023,True,0.0124685946508967,0.02065143547952175
5,06.01.2023,12,2023,True,0.0094419124605225,0.023208457976579666
5,09.01.2023,12,2023,True,0.010258205954111,0.01957482472062111
5,10.01.2023,12,2023,True,0.0154842101420287,0.019838841632008553
5,11.01.2023,12,2023,True,0.01128509296825,0.02062021940946579
5,12.01.2023,12,2023,True,0.0113947494506046,0.026425685733556747
5,13.01.2023,12,2023,True,0.0108245852837568,0.018671559169888496
5,17.01.2023,12,2023,True,0.0172874050690672,0.020620286464691162
5,18.01.2023,12,2023,True,0.0161252426649728,0.021616337820887566
5,19.01.2023,12,2023,True,0.0164456236930298,0.015861138701438904
5,20.01.2023,12,2023,True,0.0150245972301693,0.017608582973480225
5,23.01.2023,12,2023,True,0.0159613586049091,0.018486931920051575
5,24.01.2023,12,2023,True,0.0132194976243082,0.015765421092510223
5,25.01.2023,12,2023,True,0.0146656316315692,0.015235140919685364
5,26.01.2023,12,2023,True,0.0071503587875558,0.01673809252679348
5,27.01.2023,12,2023,True,0.0093987177220375,0.016526570543646812
5,30.01.2023,12,2023,True,0.0155003745133301,0.024257631972432137
5,31.01.2023,12,2023,True,0.0246958616701561,0.01771785132586956
5,01.02.2023,12,2023,True,0.0234535448587186,0.021459370851516724
5,02.02.2023,12,2023,True,0.0232916649981737,0.022221369668841362
5,03.02.2023,12,2023,True,0.0146155613974019,0.017428677529096603
5,06.02.2023,12,2023,True,0.0157690636079108,0.01960480399429798
5,07.02.2023,12,2023,True,0.0146867643145916,0.018393289297819138
5,08.02.2023,12,2023,True,0.0131385087620229,0.02067631296813488
5,09.02.2023,12,2023,True,0.0126582076545148,0.019720865413546562
5,10.02.2023,12,2023,True,0.0110738469537601,0.017290450632572174
5,13.02.2023,12,2023,True,0.0106369498542801,0.01893998309969902
5,14.02.2023,12,2023,True,0.0144876812153629,0.022216351702809334
5,15.02.2023,12,2023,True,0.0203583820136955,0.016803860664367676
5,16.02.2023,12,2023,True,0.0221218283033382,0.01690870150923729
5,17.02.2023,12,2023,True,0.0192671560344488,0.0160549096763134
5,21.02.2023,12,2023,True,0.0210529371949741,0.025000497698783875
5,22.02.2023,12,2023,True,0.0113623241007806,0.015441188588738441
5,23.02.2023,12,2023,True,0.0096459006616742,0.02109144814312458
5,24.02.2023,12,2023,True,0.009822875111543,0.01911415345966816
5,27.02.2023,12,2023,True,0.0058563917540962,0.019556928426027298
5,28.02.2023,12,2023,True,0.0185883517042271,0.018725983798503876
5,01.03.2023,12,2023,True,0.0183506930939391,0.018890272825956345
5,02.03.2023,12,2023,True,0.0178815429443334,0.01745850406587124
5,03.03.2023,12,2023,True,0.0184070062397683,0.016326311975717545
5,06.03.2023,12,2023,True,0.0184669198736468,0.017623741179704666
5,07.03.2023,12,2023,True,0.0208931153203159,0.016849491745233536
5,08.03.2023,12,2023,True,0.0254116674969614,0.019008047878742218
5,09.03.2023,12,2023,True,0.0303345527700721,0.01704358495771885
5,10.03.2023,12,2023,True,0.0244680509572848,0.018579578027129173
5,13.03.2023,12,2023,True,0.0294268858237242,0.017786545678973198
5,14.03.2023,12,2023,True,0.0300060834587361,0.019766386598348618
5,15.03.2023,12,2023,True,0.0179363884642936,0.020696891471743584
5,16.03.2023,12,2023,True,0.019189074788504,0.02242307923734188
5,17.03.2023,12,2023,True,0.015612812376288,0.030885091051459312
5,20.03.2023,12,2023,True,0.0224781796048341,0.05394279584288597
5,21.03.2023,12,2023,True,0.0219181645559732,0.04258592426776886
5,22.03.2023,12,2023,True,0.021846249801113,0.02279692143201828
5,23.03.2023,12,2023,True,0.0204421087200323,0.02535504847764969
5,24.03.2023,12,2023,True,0.0171309120280819,0.02535897307097912
5,27.03.2023,12,2023,True,0.0264435419838134,0.0336294025182724
5,28.03.2023,12,2023,True,0.0272242019289282,0.02114499732851982
5,29.03.2023,12,2023,True,0.0263338350328724,0.021718047559261322
5,30.03.2023,12,2023,True,0.0271893909742498,0.02337213233113289
5,31.03.2023,12,2023,True,0.0294774657620381,0.019467724487185478
5,03.04.2023,12,2023,True,0.009962887856394,0.018920106813311577
5,04.04.2023,12,2023,True,0.0127615787985088,0.029767971485853195
5,05.04.2023,12,2023,True,0.0156247079312825,0.018684998154640198
5,06.04.2023,12,2023,True,0.0156143202597452,0.017160557210445404
5,10.04.2023,12,2023,True,0.0173884248332747,0.013545365072786808
5,11.04.2023,12,2023,True,0.0151301170011371,0.016877632588148117
5,12.04.2023,12,2023,True,0.0104590059851031,0.017600810155272484
5,13.04.2023,12,2023,True,0.0123845583382961,0.01608864590525627
5,14.04.2023,12,2023,True,0.0137295194963794,0.019091852009296417
5,17.04.2023,12,2023,True,0.0165148117991857,0.01783701591193676
5,18.04.2023,12,2023,True,0.0181389158631814,0.016816556453704834
5,19.04.2023,12,2023,True,0.0223367664261638,0.018505744636058807
5,20.04.2023,12,2023,True,0.0231556106456433,0.019427262246608734
5,21.04.2023,12,2023,True,0.0245616004122448,0.020303575322031975
5,24.04.2023,12,2023,True,0.0225494744729541,0.02220959961414337
5,25.04.2023,12,2023,True,0.0295968444844796,0.019702479243278503
5,26.04.2023,12,2023,True,0.0299461806828967,0.019604399800300598
5,27.04.2023,12,2023,True,0.0288378455161623,0.022542346268892288
5,28.04.2023,12,2023,True,0.0358988756557641,0.022830769419670105
5,01.05.2023,12,2023,True,0.0389798645885172,0.018613329157233238
5,02.05.2023,12,2023,True,0.0294251930468851,0.019542749971151352
5,03.05.2023,12,2023,True,0.019708613692762,0.021565988659858704
5,04.05.2023,12,2023,True,0.0238804544295554,0.02136010304093361
5,05.05.2023,12,2023,True,0.016909251891812,0.02748841792345047
5,08.05.2023,12,2023,True,0.0139389543937526,0.018547073006629944
5,09.05.2023,12,2023,True,0.012777482549368,0.017403632402420044
5,10.05.2023,12,2023,True,0.0187952932607222,0.01716388389468193
5,11.05.2023,12,2023,True,0.0176525443600319,0.015528992749750614
5,12.05.2023,12,2023,True,0.0165714075051547,0.016460789367556572
5,15.05.2023,12,2023,True,0.0156290491112849,0.017477592453360558
5,16.05.2023,12,2023,True,0.0155998554833694,0.018097952008247375
5,17.05.2023,12,2023,True,0.0131589256689395,0.015989895910024643
5,18.05.2023,12,2023,True,0.0179079896331291,0.01745871640741825
5,19.05.2023,12,2023,True,0.0179668483003192,0.016660373657941818
5,22.05.2023,12,2023,True,0.0281343948680254,0.017298471182584763
5,23.05.2023,12,2023,True,0.026345981588688,0.013773322105407715
5,24.05.2023,12,2023,True,0.0270779003574679,0.015622776001691818
5,25.05.2023,12,2023,True,0.0290317526191771,0.01704721339046955
5,26.05.2023,12,2023,True,0.0289243602455673,0.025654245167970657
5,30.05.2023,12,2023,True,0.0162367779321265,0.013792733661830425
5,31.05.2023,12,2023,True,0.0121986233191978,0.017387380823493004
5,01.06.2023,12,2023,True,0.0144462170758328,0.01671515218913555
5,02.06.2023,12,2023,True,0.0112639220403105,0.019539427012205124
5,05.06.2023,12,2023,True,0.0178327506549398,0.021959399804472923
5,06.06.2023,12,2023,True,0.027774826960707,0.020263662561774254
5,07.06.2023,12,2023,True,0.0267954184806313,0.01888558454811573
5,08.06.2023,12,2023,True,0.0327945157527153,0.017387257888913155
5,09.06.2023,12,2023,True,0.032018342768278,0.01884026825428009
5,12.06.2023,12,2023,True,0.0227983836053225,0.01978754624724388
5,13.06.2023,12,2023,True,0.0195809461383429,0.01773659884929657
5,14.06.2023,12,2023,True,0.027906593609946,0.017425984144210815
5,15.06.2023,12,2023,True,0.022040619531132,0.017929119989275932
5,16.06.2023,12,2023,True,0.0207446595030496,0.014851375482976437
5,20.06.2023,12,2023,True,0.0226223791771807,0.016405928879976273
5,21.06.2023,12,2023,True,0.0251349641590446,0.01764855906367302
5,22.06.2023,12,2023,True,0.0181972590339107,0.015406529419124126
5,23.06.2023,12,2023,True,0.0182147677712753,0.01490191649645567
5,26.06.2023,12,2023,True,0.018373180250702,0.016681445762515068
5,27.06.2023,12,2023,True,0.0129798699188765,0.014235013164579868
5,28.06.2023,12,2023,True,0.0119162548056661,0.017614059150218964
5,29.06.2023,12,2023,True,0.0143003006453645,0.017447419464588165
5,30.06.2023,12,2023,True,0.0171654538673396,0.019416188821196556
5,03.07.2023,12,2023,True,0.0169401796408376,0.019414780661463737
5,05.07.2023,12,2023,True,0.0149943275504006,0.023520678281784058
5,06.07.2023,12,2023,True,0.0139078396085534,0.0217096209526062
5,07.07.2023,12,2023,True,0.0171163413401828,0.017278343439102173
5,10.07.2023,12,2023,True,0.0187913421669,0.024845685809850693
5,11.07.2023,12,2023,True,0.0170481485063298,0.019074173644185066
5,12.07.2023,12,2023,True,0.0164032952635319,0.016295500099658966
5,13.07.2023,12,2023,True,0.0138169238820353,0.013534367084503174
5,14.07.2023,12,2023,True,0.0140137742280526,0.014997308142483234
5,17.07.2023,12,2023,True,0.0099118979617441,0.015137292444705963
5,18.07.2023,12,2023,True,0.0097009726820288,0.015273948200047016
5,19.07.2023,12,2023,True,0.0118958980881184,0.016815118491649628
5,20.07.2023,12,2023,True,0.0116518498711319,0.011745802126824856
5,21.07.2023,12,2023,True,0.0110634062828966,0.01697298139333725
5,24.07.2023,12,2023,True,0.0092171923939887,0.013112110085785389
5,25.07.2023,12,2023,True,0.0107257001805028,0.01486285962164402
5,26.07.2023,12,2023,True,0.0145126456739033,0.013608722947537899
5,27.07.2023,12,2023,True,0.0166132639574499,0.011594541370868683
5,28.07.2023,12,2023,True,0.0171039497857322,0.014502977952361107
5,31.07.2023,12,2023,True,0.0178666442963039,0.01327514834702015
5,01.08.2023,12,2023,True,0.0178207955040386,0.014522266574203968
5,02.08.2023,12,2023,True,0.0125777968740463,0.013476727530360222
5,03.08.2023,12,2023,True,0.0137170261956302,0.014073582366108894
5,04.08.2023,12,2023,True,0.0126957772134105,0.012014851905405521
5,07.08.2023,12,2023,True,0.0119465456119987,0.014228773303329945
5,08.08.2023,12,2023,True,0.0131440292132512,0.012603878043591976
5,09.08.2023,12,2023,True,0.0088889618809297,0.013896085321903229
5,10.08.2023,12,2023,True,0.0114259574075461,0.01399698480963707
5,11.08.2023,12,2023,True,0.0122260322398602,0.013868356123566628
5,14.08.2023,12,2023,True,0.0121612296236772,0.01476815901696682
5,15.08.2023,12,2023,True,0.0105229970105364,0.013917852193117142
5,16.08.2023,12,2023,True,0.0081466044629395,0.013518460094928741
5,17.08.2023,12,2023,True,0.0068911015095584,0.013810429722070694
5,18.08.2023,12,2023,True,0.0089003605104022,0.014147518202662468
5,21.08.2023,12,2023,True,0.0087184258046507,0.011753348633646965
5,22.08.2023,12,2023,True,0.009712466850442,0.013507603667676449
5,23.08.2023,12,2023,True,0.0063754823678332,0.013298502191901207
5,24.08.2023,12,2023,True,0.0061579465074129,0.014259540475904942
5,25.08.2023,12,2023,True,0.0077526358958294,0.0129623394459486
5,28.08.2023,12,2023,True,0.0057093661503291,0.012656674720346928
5,29.08.2023,12,2023,True,0.0064589975787512,0.01423483993858099
5,30.08.2023,12,2023,True,0.0106316032623419,0.013001267798244953
5,31.08.2023,12,2023,True,0.010553964805798,0.014424024149775505
5,01.09.2023,12,2023,True,0.0090855939740271,0.01321947481483221
5,05.09.2023,12,2023,True,0.0087147227069122,0.013098024763166904
5,06.09.2023,12,2023,True,0.0090589535778943,0.015636883676052094
5,07.09.2023,12,2023,True,0.0094403655658136,0.015494056977331638
5,08.09.2023,12,2023,True,0.0097924035247802,0.01089734397828579
5,11.09.2023,12,2023,True,0.0090666194176305,0.0102536017075181
5,12.09.2023,12,2023,True,0.0087173975250952,0.010349108837544918
5,13.09.2023,12,2023,True,0.0103783725912345,0.012128273956477642
5,14.09.2023,12,2023,True,0.0052882737646455,0.009215625934302807
5,15.09.2023,12,2023,True,0.0049917960742639,0.011353710666298866
5,18.09.2023,12,2023,True,0.0036045958097589,0.011188366450369358
5,19.09.2023,12,2023,True,0.0056683580237689,0.011228867806494236
5,20.09.2023,12,2023,True,0.0121947029179839,0.011383285745978355
5,21.09.2023,12,2023,True,0.0145101610735249,0.010091922245919704
5,22.09.2023,12,2023,True,0.0145449194582467,0.01203848049044609
5,25.09.2023,12,2023,True,0.0284142813321385,0.013872499577701092
5,26.09.2023,12,2023,True,0.0279490153772324,0.015688765794038773
5,27.09.2023,12,2023,True,0.0281346143672981,0.01250483002513647
5,28.09.2023,12,2023,True,0.0275330537871046,0.016277818009257317
5,29.09.2023,12,2023,True,0.0291613449116335,0.015106284990906715
5,02.10.2023,12,2023,True,0.0365815232470808,0.015367701649665833
5,03.10.2023,12,2023,True,0.0363160517257226,0.01741287298500538
5,04.10.2023,12,2023,True,0.025704847824488,0.015216002240777016
5,05.10.2023,12,2023,True,0.0230469547843731,0.023851919919252396
5,06.10.2023,12,2023,True,0.0324579330803447,0.01880819723010063
5,09.10.2023,12,2023,True,0.0302988503954193,0.017361490055918694
5,10.10.2023,12,2023,True,0.0298995556083549,0.01797058805823326
5,11.10.2023,12,2023,True,0.0262154972060289,0.015872972086071968
5,12.10.2023,12,2023,True,0.0256583379880025,0.013881833292543888
5,13.10.2023,12,2023,True,0.0119000723436411,0.015484126284718513
5,16.10.2023,12,2023,True,0.0163644702134202,0.022385193035006523
5,17.10.2023,12,2023,True,0.0185146512801715,0.020993437618017197
5,18.10.2023,12,2023,True,0.0202090567374044,0.0194032471626997
5,19.10.2023,12,2023,True,0.0206805579071839,0.019974688068032265
5,20.10.2023,12,2023,True,0.0271205472902357,0.021150849759578705
5,23.10.2023,12,2023,True,0.0290260848461242,0.019963867962360382
5,24.10.2023,12,2023,True,0.0278909630287332,0.020766733214259148
5,25.10.2023,12,2023,True,0.0266462918560428,0.01951732113957405
5,26.10.2023,12,2023,True,0.0302582754125347,0.021224983036518097
5,27.10.2023,12,2023,True,0.0254125092455742,0.02547115460038185
5,30.10.2023,12,2023,True,0.0229655101278537,0.022577473893761635
5,31.10.2023,12,2023,True,0.0280094739291827,0.021509308367967606
5,01.11.2023,12,2023,True,0.0270500205154968,0.021142873913049698
5,02.11.2023,12,2023,True,0.0207047311267345,0.020307794213294983
5,03.11.2023,12,2023,True,0.0250134049843958,0.0178866907954216
5,06.11.2023,12,2023,True,0.0265182523289876,0.01611412689089775
5,07.11.2023,12,2023,True,0.0170253957533898,0.014793984591960907
5,08.11.2023,12,2023,True,0.0131017206448079,0.01573987863957882
5,09.11.2023,12,2023,True,0.0263042864319339,0.022787634283304214
5,10.11.2023,12,2023,True,0.0327284700421104,0.019858844578266144
5,13.11.2023,12,2023,True,0.0337925686744847,0.017326300963759422
5,14.11.2023,12,2023,True,0.0338047304991651,0.019124193117022514
5,15.11.2023,12,2023,True,0.0329383364987479,0.01885063946247101
5,16.11.2023,12,2023,True,0.0227885361714671,0.019099146127700806
5,17.11.2023,12,2023,True,0.0142350941495137,0.020188989117741585
5,20.11.2023,12,2023,True,0.0142514061693856,0.019873494282364845
5,21.11.2023,12,2023,True,0.0166345541355314,0.01713842898607254
5,22.11.2023,12,2023,True,0.0163701610128103,0.02167026326060295
5,24.11.2023,12,2023,True,0.0278500738815136,0.018381040543317795
5,27.11.2023,12,2023,True,0.0279870955808391,0.02109072171151638
5,28.11.2023,12,2023,True,0.0239298124409514,0.0230405256152153
5,29.11.2023,12,2023,True,0.0199378188382239,0.02240338735282421
5,30.11.2023,12,2023,True,0.019910023164775,0.018537849187850952
5,01.12.2023,12,2023,True,0.0221961860933049,0.018007691949605942
5,04.12.2023,12,2023,True,0.0225479947932704,0.014440800994634628
5,05.12.2023,12,2023,True,0.0269132669078279,0.014388332143425941
5,06.12.2023,12,2023,True,0.0233296602092097,0.014696985483169556
5,07.12.2023,12,2023,True,0.0269509270852575,0.01772928610444069
5,08.12.2023,12,2023,True,0.0252446878928931,0.013858988881111145
5,11.12.2023,12,2023,True,0.0262885122004951,0.015399686992168427
5,12.12.2023,12,2023,True,0.0114047741106841,0.014620375819504261
5,13.12.2023,12,2023,True,0.0122511546625801,0.016105007380247116
5,14.12.2023,12,2023,True,0.0098794318787481,0.015532104298472404
5,15.12.2023,12,2023,True,0.0106114002283347,0.017059292644262314
5,18.12.2023,12,2023,True,0.0127249370221294,0.016746345907449722
5,19.12.2023,12,2023,True,0.0157886423957642,0.015868250280618668
5,20.12.2023,12,2023,True,0.0170811685563439,0.018400439992547035
5,21.12.2023,12,2023,True,0.0182209461690754,0.016038287431001663
5,22.12.2023,12,2023,True,0.0185840705790135,0.019511161372065544
5,26.12.2023,12,2023,True,0.0211046756454291,0.01936277560889721
5,27.12.2023,12,2023,True,0.0203376487091512,0.016794171184301376
5,28.12.2023,12,2023,True,0.0209589444237759,0.016279710456728935
5,29.12.2023,12,2023,True,0.0254623309935811,0.018770841881632805
22,03.01.2023,12,2023,True,0.0193515590231717,0.020079292356967926
22,04.01.2023,12,2023,True,0.015669449869361,0.021807808429002762
22,05.01.2023,12,2023,True,0.016920937984416,0.022433416917920113
22,06.01.2023,12,2023,True,0.0171397678512204,0.020792601630091667
22,09.01.2023,12,2023,True,0.017128777185531,0.020302705466747284
22,10.01.2023,12,2023,True,0.0176175237987587,0.023498693481087685
22,11.01.2023,12,2023,True,0.0164581209322758,0.021307600662112236
22,12.01.2023,12,2023,True,0.0164004821876756,0.024122070521116257
22,13.01.2023,12,2023,True,0.016111298030538,0.021111471578478813
22,17.01.2023,12,2023,True,0.0160347206739082,0.02446283958852291
22,18.01.2023,12,2023,True,0.016768573191207,0.021483968943357468
22,19.01.2023,12,2023,True,0.0164445852099527,0.020153380930423737
22,20.01.2023,12,2023,True,0.0169494204714395,0.024174373596906662
22,23.01.2023,12,2023,True,0.0175625432150422,0.020310183987021446
22,24.01.2023,12,2023,True,0.0172085162465789,0.02247943915426731
22,25.01.2023,12,2023,True,0.0172682845664583,0.02269105799496174
22,26.01.2023,12,2023,True,0.0173572412098978,0.021133925765752792
22,27.01.2023,12,2023,True,0.017334471432915,0.019984906539320946
22,30.01.2023,12,2023,True,0.0168331691770253,0.021447494626045227
22,31.01.2023,12,2023,True,0.0170101764179538,0.02572806179523468
22,01.02.2023,12,2023,True,0.0163941076297617,0.021788215264678
22,02.02.2023,12,2023,True,0.018000409209883,0.02176695317029953
22,03.02.2023,12,2023,True,0.0169907369903069,0.019263772293925285
22,06.02.2023,12,2023,True,0.0170577113550186,0.019818680360913277
22,07.02.2023,12,2023,True,0.0157986535020339,0.019444165751338005
22,08.02.2023,12,2023,True,0.0161135454751052,0.021751923486590385
22,09.02.2023,12,2023,True,0.0181846480464576,0.022082017734646797
22,10.02.2023,12,2023,True,0.0196727684919191,0.02144535630941391
22,13.02.2023,12,2023,True,0.0200720810678781,0.020758766680955887
22,14.02.2023,12,2023,True,0.0203614514953121,0.01974458061158657
22,15.02.2023,12,2023,True,0.0207172640731752,0.019181521609425545
22,16.02.2023,12,2023,True,0.0215044975783279,0.018553538247942924
22,17.02.2023,12,2023,True,0.0215878098044962,0.016775310039520264
22,21.02.2023,12,2023,True,0.0216109647915393,0.02459045872092247
22,22.02.2023,12,2023,True,0.0209198908057939,0.0189730953425169
22,23.02.2023,12,2023,True,0.0224558959113802,0.0189522597938776
22,24.02.2023,12,2023,True,0.0223397679901299,0.020485499873757362
22,27.02.2023,12,2023,True,0.0223052078946839,0.020705873146653175
22,28.02.2023,12,2023,True,0.022128093993961,0.024839220568537712
22,01.03.2023,12,2023,True,0.022150873173151,0.02127724699676037
22,02.03.2023,12,2023,True,0.0261357542311379,0.019144654273986816
22,03.03.2023,12,2023,True,0.0259849427467869,0.017617110162973404
22,06.03.2023,12,2023,True,0.0259665517811534,0.017645500600337982
22,07.03.2023,12,2023,True,0.0248669651588038,0.018485425040125847
22,08.03.2023,12,2023,True,0.0249358503016512,0.016871046274900436
22,09.03.2023,12,2023,True,0.0249586919713104,0.017839986830949783
22,10.03.2023,12,2023,True,0.0251118380030454,0.019392305985093117
22,13.03.2023,12,2023,True,0.0246771311810124,0.023712925612926483
22,14.03.2023,12,2023,True,0.0225564313182902,0.021006563678383827
22,15.03.2023,12,2023,True,0.0197355699422465,0.02304595336318016
22,16.03.2023,12,2023,True,0.0197091627953175,0.027141468599438667
22,17.03.2023,12,2023,True,0.0194578296907085,0.030139528214931488
22,20.03.2023,12,2023,True,0.02046665545334,0.04943804815411568
22,21.03.2023,12,2023,True,0.0201558531469177,0.03274863213300705
22,22.03.2023,12,2023,True,0.020013832184029,0.02684575505554676
22,23.03.2023,12,2023,True,0.0206653529311021,0.024038543924689293
22,24.03.2023,12,2023,True,0.0223065862245417,0.023540517315268517
22,27.03.2023,12,2023,True,0.0205976253007821,0.02398037724196911
22,28.03.2023,12,2023,True,0.0207915889079086,0.022037621587514877
22,29.03.2023,12,2023,True,0.0207734164786863,0.024036893621087074
22,30.03.2023,12,2023,True,0.0233582524845152,0.022962721064686775
22,31.03.2023,12,2023,True,0.0246325857155883,0.02068793959915638
22,03.04.2023,12,2023,True,0.0196593938881014,0.022016819566488266
22,04.04.2023,12,2023,True,0.0218553693166903,0.028222424909472466
22,05.04.2023,12,2023,True,0.0226278625734761,0.020995307713747025
22,06.04.2023,12,2023,True,0.0226952475433795,0.020278707146644592
22,10.04.2023,12,2023,True,0.0227330808461533,0.01819082349538803
22,11.04.2023,12,2023,True,0.0224171947054902,0.022105097770690918
22,12.04.2023,12,2023,True,0.0216704449737911,0.026103360578417778
22,13.04.2023,12,2023,True,0.0220872531612796,0.020850319415330887
22,14.04.2023,12,2023,True,0.0220073441575912,0.02184840850532055
22,17.04.2023,12,2023,True,0.022949034134982,0.01842946745455265
22,18.04.2023,12,2023,True,0.0230218377698363,0.0194851141422987
22,19.04.2023,12,2023,True,0.02278987303652,0.018515711650252342
22,20.04.2023,12,2023,True,0.0224132652295278,0.018776562064886093
22,21.04.2023,12,2023,True,0.0225199430764156,0.02062413841485977
22,24.04.2023,12,2023,True,0.0227812736856685,0.01977519877254963
22,25.04.2023,12,2023,True,0.0229342503426524,0.01956424117088318
22,26.04.2023,12,2023,True,0.0215594714572664,0.020478159189224243
22,27.04.2023,12,2023,True,0.0234620179769151,0.021104630082845688
22,28.04.2023,12,2023,True,0.0231938199585666,0.022647926583886147
22,01.05.2023,12,2023,True,0.0238564631335598,0.02459736540913582
22,02.05.2023,12,2023,True,0.0219115265520043,0.02429605834186077
22,03.05.2023,12,2023,True,0.0199371724734708,0.02472386136651039
22,04.05.2023,12,2023,True,0.0200131361145073,0.021442942321300507
22,05.05.2023,12,2023,True,0.0184468039806321,0.02917337976396084
22,08.05.2023,12,2023,True,0.0180240678572491,0.025830497965216637
22,09.05.2023,12,2023,True,0.0182386494669992,0.02276628464460373
22,10.05.2023,12,2023,True,0.0198902170101001,0.022133314982056618
22,11.05.2023,12,2023,True,0.020981530213953,0.020061997696757317
22,12.05.2023,12,2023,True,0.0210907620184259,0.024605724960565567
22,15.05.2023,12,2023,True,0.0220902097591133,0.021970348432660103
22,16.05.2023,12,2023,True,0.0222115706408367,0.025536485016345978
22,17.05.2023,12,2023,True,0.0215277886636179,0.021332629024982452
22,18.05.2023,12,2023,True,0.0215757692531831,0.024767031893134117
22,19.05.2023,12,2023,True,0.0232077384845356,0.028806716203689575
22,22.05.2023,12,2023,True,0.0231726469204681,0.0208630058914423
22,23.05.2023,12,2023,True,0.0230457317642019,0.020642535760998726
22,24.05.2023,12,2023,True,0.0231095559960712,0.019990939646959305
22,25.05.2023,12,2023,True,0.0232187059881258,0.023854820057749748
22,26.05.2023,12,2023,True,0.0231388341866983,0.025753013789653778
22,30.05.2023,12,2023,True,0.0210263151722418,0.023757223039865494
22,31.05.2023,12,2023,True,0.0208538657453961,0.02204408124089241
22,01.06.2023,12,2023,True,0.0210822622601066,0.019830996170639992
22,02.06.2023,12,2023,True,0.0204415999912974,0.020384125411510468
22,05.06.2023,12,2023,True,0.0210763629642878,0.023935668170452118
22,06.06.2023,12,2023,True,0.0211643094430391,0.026251170784235
22,07.06.2023,12,2023,True,0.0215767489306453,0.020024670287966728
22,08.06.2023,12,2023,True,0.0213856750613018,0.019473951309919357
22,09.06.2023,12,2023,True,0.0211676136211213,0.020010309293866158
22,12.06.2023,12,2023,True,0.0194489535815982,0.01971183717250824
22,13.06.2023,12,2023,True,0.0188862152061694,0.02142906002700329
22,14.06.2023,12,2023,True,0.0186345205848223,0.024853000417351723
22,15.06.2023,12,2023,True,0.0174697551197225,0.022012146189808846
22,16.06.2023,12,2023,True,0.0173231414404854,0.02114260569214821
22,20.06.2023,12,2023,True,0.0174614538385304,0.022408558055758476
22,21.06.2023,12,2023,True,0.0176431737114109,0.021457862108945847
22,22.06.2023,12,2023,True,0.0149047202265153,0.02158375270664692
22,23.06.2023,12,2023,True,0.015079692264944,0.019143298268318176
22,26.06.2023,12,2023,True,0.015243561400451,0.01915852352976799
22,27.06.2023,12,2023,True,0.0134676771204709,0.018862584605813026
22,28.06.2023,12,2023,True,0.0129328463336767,0.02676170878112316
22,29.06.2023,12,2023,True,0.0132774851167217,0.022391773760318756
22,30.06.2023,12,2023,True,0.0144106945743932,0.024917367845773697
22,03.07.2023,12,2023,True,0.0147959418403921,0.019747722893953323
22,05.07.2023,12,2023,True,0.0141711701681135,0.0207795612514019
22,06.07.2023,12,2023,True,0.0144998538332231,0.022130155935883522
22,07.07.2023,12,2023,True,0.0138328008545123,0.01762782782316208
22,10.07.2023,12,2023,True,0.013663049385961,0.028391363099217415
22,11.07.2023,12,2023,True,0.0137070125860064,0.021938389167189598
22,12.07.2023,12,2023,True,0.0136624481961559,0.022224396467208862
22,13.07.2023,12,2023,True,0.0135736861477523,0.017962725833058357
22,14.07.2023,12,2023,True,0.0133614431662723,0.017848685383796692
22,17.07.2023,12,2023,True,0.0133476898903733,0.017618799582123756
22,18.07.2023,12,2023,True,0.0131552133214876,0.01808127574622631
22,19.07.2023,12,2023,True,0.0131637716422082,0.017396656796336174
22,20.07.2023,12,2023,True,0.0132473627396547,0.01562387403100729
22,21.07.2023,12,2023,True,0.0128973573627162,0.019081465899944305
22,24.07.2023,12,2023,True,0.012403110879553,0.015371094457805157
22,25.07.2023,12,2023,True,0.0121845462694473,0.018300462514162064
22,26.07.2023,12,2023,True,0.012355495143586,0.015872657299041748
22,27.07.2023,12,2023,True,0.011897328533569,0.016023006290197372
22,28.07.2023,12,2023,True,0.0120538236488698,0.01509111002087593
22,31.07.2023,12,2023,True,0.0120042978774648,0.015235839411616325
22,01.08.2023,12,2023,True,0.0121090691454845,0.0152255455031991
22,02.08.2023,12,2023,True,0.0117179951113208,0.014097030274569988
22,03.08.2023,12,2023,True,0.0112650031059135,0.013727405108511448
22,04.08.2023,12,2023,True,0.0110632735084573,0.015948645770549774
22,07.08.2023,12,2023,True,0.0109182274017995,0.013962902128696442
22,08.08.2023,12,2023,True,0.0108726718744491,0.013552334159612656
22,09.08.2023,12,2023,True,0.0104475519981917,0.014687283895909786
22,10.08.2023,12,2023,True,0.0103064107787143,0.015253925696015358
22,11.08.2023,12,2023,True,0.0103478683215413,0.014468992128968239
22,14.08.2023,12,2023,True,0.0107265530165851,0.017004312947392464
22,15.08.2023,12,2023,True,0.0098420906274665,0.014503571204841137
22,16.08.2023,12,2023,True,0.0085651772566612,0.014319273643195629
22,17.08.2023,12,2023,True,0.0086588950075788,0.014459175057709217
22,18.08.2023,12,2023,True,0.0091162068622506,0.014995040372014046
22,21.08.2023,12,2023,True,0.0090531900731698,0.015202597714960575
22,22.08.2023,12,2023,True,0.0088664648381192,0.016241800040006638
22,23.08.2023,12,2023,True,0.0083243122615552,0.013964665122330189
22,24.08.2023,12,2023,True,0.0082985217738731,0.014570439234375954
22,25.08.2023,12,2023,True,0.0093810110357388,0.01336950995028019
22,28.08.2023,12,2023,True,0.0100702665634395,0.014870871789753437
22,29.08.2023,12,2023,True,0.010026998612041,0.014445386826992035
22,30.08.2023,12,2023,True,0.0153372834777247,0.014687616378068924
22,31.08.2023,12,2023,True,0.0152026440030065,0.015585530549287796
22,01.09.2023,12,2023,True,0.0193687722845591,0.014483346603810787
22,05.09.2023,12,2023,True,0.0193345629275546,0.014396857470273972
22,06.09.2023,12,2023,True,0.0193310990708583,0.014615044929087162
22,07.09.2023,12,2023,True,0.0214884751820163,0.013910525478422642
22,08.09.2023,12,2023,True,0.0214146239718779,0.013336239382624626
22,11.09.2023,12,2023,True,0.0218122360366209,0.013420968316495419
22,12.09.2023,12,2023,True,0.0214686453796243,0.012653244659304619
22,13.09.2023,12,2023,True,0.0248221649210404,0.012764829210937023
22,14.09.2023,12,2023,True,0.0245526533148331,0.012198889628052711
22,15.09.2023,12,2023,True,0.0245556369409957,0.012044883333146572
22,18.09.2023,12,2023,True,0.024869023276908,0.013331756927073002
22,19.09.2023,12,2023,True,0.0249796705122023,0.01317729614675045
22,20.09.2023,12,2023,True,0.0249238164937335,0.015768129378557205
22,21.09.2023,12,2023,True,0.0254851956084777,0.015316297300159931
22,22.09.2023,12,2023,True,0.025770536572527,0.014280031435191631
22,25.09.2023,12,2023,True,0.0263463029481849,0.01602366380393505
22,26.09.2023,12,2023,True,0.0267173525954776,0.016100352630019188
22,27.09.2023,12,2023,True,0.0267940548140453,0.015539737418293953
22,28.09.2023,12,2023,True,0.0275482827927616,0.01903199590742588
22,29.09.2023,12,2023,True,0.0275498821303965,0.01707647740840912
22,02.10.2023,12,2023,True,0.0264197539661282,0.018708758056163788
22,03.10.2023,12,2023,True,0.0271211238889912,0.015945369377732277
22,04.10.2023,12,2023,True,0.0246033014827405,0.020665228366851807
22,05.10.2023,12,2023,True,0.0242027126612306,0.021304288879036903
22,06.10.2023,12,2023,True,0.0258636256846257,0.021418076008558273
22,09.10.2023,12,2023,True,0.0244718321558384,0.020951800048351288
22,10.10.2023,12,2023,True,0.0245732522558827,0.01877788081765175
22,11.10.2023,12,2023,True,0.0246863870054366,0.021467916667461395
22,12.10.2023,12,2023,True,0.0248978451168117,0.019291438162326813
22,13.10.2023,12,2023,True,0.0213897065568391,0.021759426221251488
22,16.10.2023,12,2023,True,0.0214361183562219,0.025975052267313004
22,17.10.2023,12,2023,True,0.0232208176904787,0.027674878016114235
22,18.10.2023,12,2023,True,0.0248115702520002,0.021187802776694298
22,19.10.2023,12,2023,True,0.0252629442295056,0.02656828984618187
22,20.10.2023,12,2023,True,0.0252983760204304,0.02713504061102867
22,23.10.2023,12,2023,True,0.0248818809372874,0.024004625156521797
22,24.10.2023,12,2023,True,0.0248050693412323,0.020957645028829575
22,25.10.2023,12,2023,True,0.0240561202846233,0.019600950181484222
22,26.10.2023,12,2023,True,0.0242860506686515,0.02347889356315136
22,27.10.2023,12,2023,True,0.0236883587309733,0.02711453102529049
22,30.10.2023,12,2023,True,0.0227087651937275,0.024458061903715134
22,31.10.2023,12,2023,True,0.0247573480248378,0.024634506553411484
22,01.11.2023,12,2023,True,0.0240275408938579,0.020895324647426605
22,02.11.2023,12,2023,True,0.0231318560560717,0.020815575495362282
22,03.11.2023,12,2023,True,0.0239098275167502,0.022361231967806816
22,06.11.2023,12,2023,True,0.0238255353970281,0.021259399130940437
22,07.11.2023,12,2023,True,0.0232020283910743,0.025948207825422287
22,08.11.2023,12,2023,True,0.0226810388071064,0.020497741177678108
22,09.11.2023,12,2023,True,0.023808104887314,0.021481506526470184
22,10.11.2023,12,2023,True,0.0236585610272213,0.020838644355535507
22,13.11.2023,12,2023,True,0.0245756901377228,0.0203274954110384
22,14.11.2023,12,2023,True,0.0245747663368332,0.02409329079091549
22,15.11.2023,12,2023,True,0.0248226962977263,0.021171269938349724
22,16.11.2023,12,2023,True,0.0228935553042145,0.021641472354531288
22,17.11.2023,12,2023,True,0.0211901372130333,0.02548995241522789
22,20.11.2023,12,2023,True,0.0206445732357432,0.021857285872101784
22,21.11.2023,12,2023,True,0.0206375172444499,0.020828189328312874
22,22.11.2023,12,2023,True,0.021388376736611,0.020920617505908012
22,24.11.2023,12,2023,True,0.02141419502368,0.024443931877613068
22,27.11.2023,12,2023,True,0.0216202358493343,0.02496976964175701
22,28.11.2023,12,2023,True,0.0213121753783969,0.023403020575642586
22,29.11.2023,12,2023,True,0.0209859018057342,0.022745275869965553
22,30.11.2023,12,2023,True,0.0222573249556524,0.022281983867287636
22,01.12.2023,12,2023,True,0.0197870270231866,0.021132227033376694
22,04.12.2023,12,2023,True,0.0199249715498713,0.019421618431806564
22,05.12.2023,12,2023,True,0.0211345669069602,0.023328768089413643
22,06.12.2023,12,2023,True,0.0197648251281914,0.0232437402009964
22,07.12.2023,12,2023,True,0.0199067814975298,0.030599156394600868
22,08.12.2023,12,2023,True,0.019340702003589,0.019963989034295082
22,11.12.2023,12,2023,True,0.0194653756529334,0.021779462695121765
22,12.12.2023,12,2023,True,0.0174521025769769,0.016891494393348694
22,13.12.2023,12,2023,True,0.0173637398610036,0.01817677728831768
22,14.12.2023,12,2023,True,0.0164156206353523,0.02565241977572441
22,15.12.2023,12,2023,True,0.0165057046167272,0.020256048068404198
22,18.12.2023,12,2023,True,0.016545152834068,0.018144719302654266
22,19.12.2023,12,2023,True,0.0162653982630203,0.022561341524124146
22,20.12.2023,12,2023,True,0.0162692653760275,0.01958048716187477
22,21.12.2023,12,2023,True,0.0173831204712133,0.021738428622484207
22,22.12.2023,12,2023,True,0.0175086095834143,0.02202528342604637
22,26.12.2023,12,2023,True,0.0170876248399675,0.02321791462600231
22,27.12.2023,12,2023,True,0.0166081705586605,0.02382330596446991
22,28.12.2023,12,2023,True,0.0165185246225759,0.02488468959927559
22,29.12.2023,12,2023,True,0.0181194711180249,0.01986340619623661
66,03.01.2023,12,2023,True,0.0204085439916315,0.02460314892232418
66,04.01.2023,12,2023,True,0.0193709106616889,0.025798235088586807
66,05.01.2023,12,2023,True,0.0194701157775218,0.024594351649284363
66,06.01.2023,12,2023,True,0.0195647219835738,0.023261215537786484
66,09.01.2023,12,2023,True,0.0195052670698106,0.022671958431601524
66,10.01.2023,12,2023,True,0.0196412112543058,0.022678380832076073
66,11.01.2023,12,2023,True,0.0192621954616806,0.022731205448508263
66,12.01.2023,12,2023,True,0.0193131883040984,0.022953657433390617
66,13.01.2023,12,2023,True,0.0194523958010689,0.022726528346538544
66,17.01.2023,12,2023,True,0.0194486549787576,0.02342979982495308
66,18.01.2023,12,2023,True,0.0194789778289605,0.02320908196270466
66,19.01.2023,12,2023,True,0.0196098032804617,0.02367696911096573
66,20.01.2023,12,2023,True,0.0200247421158367,0.02368595264852047
66,23.01.2023,12,2023,True,0.0200415740024958,0.024145210161805153
66,24.01.2023,12,2023,True,0.0199554536725892,0.023816872388124466
66,25.01.2023,12,2023,True,0.0199560513013634,0.024211827665567398
66,26.01.2023,12,2023,True,0.0207817769685072,0.023117855191230774
66,27.01.2023,12,2023,True,0.0212929836798847,0.0229360181838274
66,30.01.2023,12,2023,True,0.0211849934799745,0.023374181240797043
66,31.01.2023,12,2023,True,0.0217544123692444,0.025913743302226067
66,01.02.2023,12,2023,True,0.0218375233333682,0.024214904755353928
66,02.02.2023,12,2023,True,0.0218348778418864,0.023500489071011543
66,03.02.2023,12,2023,True,0.021638338604485,0.022317852824926376
66,06.02.2023,12,2023,True,0.021683601820214,0.02340669371187687
66,07.02.2023,12,2023,True,0.021294011848489,0.02163127064704895
66,08.02.2023,12,2023,True,0.0212641062695281,0.02392001636326313
66,09.02.2023,12,2023,True,0.0212567637948914,0.02344578504562378
66,10.02.2023,12,2023,True,0.0213495797533254,0.026888413354754448
66,13.02.2023,12,2023,True,0.0213989211813461,0.025358056649565697
66,14.02.2023,12,2023,True,0.0213639176101084,0.02361026592552662
66,15.02.2023,12,2023,True,0.021382655953251,0.024589724838733673
66,16.02.2023,12,2023,True,0.0214408833456166,0.024065516889095306
66,17.02.2023,12,2023,True,0.021385181429329,0.020923474803566933
66,21.02.2023,12,2023,True,0.0216275028781129,0.026314403861761093
66,22.02.2023,12,2023,True,0.0213634622419033,0.028694307431578636
66,23.02.2023,12,2023,True,0.0218995904493751,0.025431780144572258
66,24.02.2023,12,2023,True,0.0218732542049083,0.0223936066031456
66,27.02.2023,12,2023,True,0.0220566792132978,0.022166909649968147
66,28.02.2023,12,2023,True,0.0221706495622346,0.02259647659957409
66,01.03.2023,12,2023,True,0.0221845914168928,0.022136712446808815
66,02.03.2023,12,2023,True,0.0221744282300619,0.02263909950852394
66,03.03.2023,12,2023,True,0.0221399543442809,0.022622454911470413
66,06.03.2023,12,2023,True,0.0221713419597615,0.022899826988577843
66,07.03.2023,12,2023,True,0.0218721097369705,0.019222132861614227
66,08.03.2023,12,2023,True,0.0223725375623151,0.021655555814504623
66,09.03.2023,12,2023,True,0.0227543480002493,0.01969609409570694
66,10.03.2023,12,2023,True,0.0227248265231359,0.021688995882868767
66,13.03.2023,12,2023,True,0.0229477685398536,0.0213191919028759
66,14.03.2023,12,2023,True,0.0224233204757398,0.02316591516137123
66,15.03.2023,12,2023,True,0.0215838314228159,0.026535242795944214
66,16.03.2023,12,2023,True,0.0216076222099061,0.028645483776926994
66,17.03.2023,12,2023,True,0.0219661571675395,0.028189053758978844
66,20.03.2023,12,2023,True,0.0219291134956414,0.030794259160757065
66,21.03.2023,12,2023,True,0.0217866523764819,0.029558464884757996
66,22.03.2023,12,2023,True,0.0218967619534767,0.028481870889663696
66,23.03.2023,12,2023,True,0.0220805030032677,0.028146155178546906
66,24.03.2023,12,2023,True,0.0220376653105049,0.027502721175551414
66,27.03.2023,12,2023,True,0.0214570533544544,0.028337953612208366
66,28.03.2023,12,2023,True,0.0214394883823142,0.026621045544743538
66,29.03.2023,12,2023,True,0.0216932172542623,0.025149749591946602
66,30.03.2023,12,2023,True,0.0216338328529756,0.02414800226688385
66,31.03.2023,12,2023,True,0.0218491263761715,0.024034200236201286
66,03.04.2023,12,2023,True,0.0204129695337048,0.023890245705842972
66,04.04.2023,12,2023,True,0.0206099922725894,0.023599350824952126
66,05.04.2023,12,2023,True,0.0206453629234411,0.021698815748095512
66,06.04.2023,12,2023,True,0.0207418044735283,0.021698815748095512
66,10.04.2023,12,2023,True,0.0208185771693255,0.024476226419210434
66,11.04.2023,12,2023,True,0.0207977107389198,0.02303377166390419
66,12.04.2023,12,2023,True,0.0207211525886006,0.02143174223601818
66,13.04.2023,12,2023,True,0.0206586300509846,0.021320292726159096
66,14.04.2023,12,2023,True,0.0206578487843292,0.020825836807489395
66,17.04.2023,12,2023,True,0.0206788077771228,0.02085546776652336
66,18.04.2023,12,2023,True,0.0208406822420299,0.019932158291339874
66,19.04.2023,12,2023,True,0.0207441187255364,0.019831640645861626
66,20.04.2023,12,2023,True,0.0205438716395053,0.023591386154294014
66,21.04.2023,12,2023,True,0.0206167144600132,0.023709580302238464
66,24.04.2023,12,2023,True,0.0205841354779547,0.022818569093942642
66,25.04.2023,12,2023,True,0.0203702046745597,0.023293517529964447
66,26.04.2023,12,2023,True,0.0197868091662774,0.024820899590849876
66,27.04.2023,12,2023,True,0.0199430244584686,0.02374354377388954
66,28.04.2023,12,2023,True,0.0200567732964197,0.023233402520418167
66,01.05.2023,12,2023,True,0.020102827386875,0.023054052144289017
66,02.05.2023,12,2023,True,0.019047954536782,0.0235140360891819
66,03.05.2023,12,2023,True,0.0183170301143339,0.024118313565850258
66,04.05.2023,12,2023,True,0.0183892461403756,0.025026971474289894
66,05.05.2023,12,2023,True,0.0179624282372,0.02529175952076912
66,08.05.2023,12,2023,True,0.0177847973053158,0.024180645123124123
66,09.05.2023,12,2023,True,0.0178107802246835,0.02389807067811489
66,10.05.2023,12,2023,True,0.0178389871512292,0.02225390076637268
66,11.05.2023,12,2023,True,0.0178088015760729,0.021201588213443756
66,12.05.2023,12,2023,True,0.0177566422780814,0.024316934868693352
66,15.05.2023,12,2023,True,0.0177073191181258,0.024771085008978844
66,16.05.2023,12,2023,True,0.0177060504206892,0.023344893008470535
66,17.05.2023,12,2023,True,0.0174426658796867,0.023727942258119583
66,18.05.2023,12,2023,True,0.0173880584444897,0.024664683267474174
66,19.05.2023,12,2023,True,0.0173764205353298,0.024659940972924232
66,22.05.2023,12,2023,True,0.0174313763240749,0.024689210578799248
66,23.05.2023,12,2023,True,0.0173927783048183,0.022500036284327507
66,24.05.2023,12,2023,True,0.0173014884221336,0.023449953645467758
66,25.05.2023,12,2023,True,0.0169341746165433,0.02426953800022602
66,26.05.2023,12,2023,True,0.0169539742803409,0.023644350469112396
66,30.05.2023,12,2023,True,0.0160287800168674,0.023050779476761818
66,31.05.2023,12,2023,True,0.0160092559315346,0.023310445249080658
66,01.06.2023,12,2023,True,0.0158408783811517,0.02645091898739338
66,02.06.2023,12,2023,True,0.0156598442534788,0.027063582092523575
66,05.06.2023,12,2023,True,0.0156624316707656,0.023931674659252167
66,06.06.2023,12,2023,True,0.0156340236883173,0.023418843746185303
66,07.06.2023,12,2023,True,0.0156981097008371,0.022600224241614342
66,08.06.2023,12,2023,True,0.0155872728580356,0.020586606115102768
66,09.06.2023,12,2023,True,0.0155489694617207,0.02057725563645363
66,12.06.2023,12,2023,True,0.0145614623828578,0.019875118508934975
66,13.06.2023,12,2023,True,0.0140893809473874,0.02368330955505371
66,14.06.2023,12,2023,True,0.0139130341611278,0.02207743003964424
66,15.06.2023,12,2023,True,0.0135022432588846,0.020976126194000244
66,16.06.2023,12,2023,True,0.0134711038525915,0.022623702883720398
66,20.06.2023,12,2023,True,0.0133900589363864,0.02129163034260273
66,21.06.2023,12,2023,True,0.0132979772299089,0.023644378408789635
66,22.06.2023,12,2023,True,0.0122104457588206,0.021853400394320488
66,23.06.2023,12,2023,True,0.0125128823420357,0.023647809401154518
66,26.06.2023,12,2023,True,0.01267159173738,0.022600755095481873
66,27.06.2023,12,2023,True,0.012118543602733,0.02562057413160801
66,28.06.2023,12,2023,True,0.0135550392556619,0.024497458711266518
66,29.06.2023,12,2023,True,0.0135546559690195,0.023723000660538673
66,30.06.2023,12,2023,True,0.0154750475803946,0.022483088076114655
66,03.07.2023,12,2023,True,0.0157092251918051,0.02120836265385151
66,05.07.2023,12,2023,True,0.0154149629158588,0.021541692316532135
66,06.07.2023,12,2023,True,0.0161698626372455,0.02186872996389866
66,07.07.2023,12,2023,True,0.0159384213030929,0.02359115518629551
66,10.07.2023,12,2023,True,0.0161211440629618,0.022481247782707214
66,11.07.2023,12,2023,True,0.0159213397471587,0.024091850966215134
66,12.07.2023,12,2023,True,0.0172363791670631,0.022231999784708023
66,13.07.2023,12,2023,True,0.0172577091889868,0.02223115973174572
66,14.07.2023,12,2023,True,0.0170770131015848,0.018699830397963524
66,17.07.2023,12,2023,True,0.0170174925521633,0.019324185326695442
66,18.07.2023,12,2023,True,0.0169762764719308,0.0182942021638155
66,19.07.2023,12,2023,True,0.0169772862011169,0.019160371273756027
66,20.07.2023,12,2023,True,0.0173200194548818,0.019785000011324883
66,21.07.2023,12,2023,True,0.0174044363687648,0.01851198449730873
66,24.07.2023,12,2023,True,0.0174538053696786,0.017948932945728302
66,25.07.2023,12,2023,True,0.0177017671954627,0.01888568326830864
66,26.07.2023,12,2023,True,0.0179884547474534,0.0176068264991045
66,27.07.2023,12,2023,True,0.0184131699123343,0.017917953431606293
66,28.07.2023,12,2023,True,0.0183842758727514,0.018757043406367302
66,31.07.2023,12,2023,True,0.0188021693217147,0.018594728782773018
66,01.08.2023,12,2023,True,0.0190486454134901,0.01877942867577076
66,02.08.2023,12,2023,True,0.0190925056287442,0.017957845702767372
66,03.08.2023,12,2023,True,0.0188844719582193,0.018144527450203896
66,04.08.2023,12,2023,True,0.0195340724414503,0.01764359511435032
66,07.08.2023,12,2023,True,0.0197382050046233,0.017589734867215157
66,08.08.2023,12,2023,True,0.0197119738083904,0.0174203272908926
66,09.08.2023,12,2023,True,0.019735701012405,0.01733996719121933
66,10.08.2023,12,2023,True,0.019755006331512,0.0179020743817091
66,11.08.2023,12,2023,True,0.0197433556955323,0.0177875105291605
66,14.08.2023,12,2023,True,0.0198155166664033,0.018374081701040268
66,15.08.2023,12,2023,True,0.0205537557816967,0.01747993752360344
66,16.08.2023,12,2023,True,0.0210887239544052,0.017807524651288986
66,17.08.2023,12,2023,True,0.021229693746385,0.01794763095676899
66,18.08.2023,12,2023,True,0.0212053271554885,0.018533481284976006
66,21.08.2023,12,2023,True,0.0212117386762282,0.01827576756477356
66,22.08.2023,12,2023,True,0.0213019699689304,0.01781989447772503
66,23.08.2023,12,2023,True,0.0212884512102123,0.017323799431324005
66,24.08.2023,12,2023,True,0.0214528005411466,0.017657116055488586
66,25.08.2023,12,2023,True,0.0214961829268835,0.01736198551952839
66,28.08.2023,12,2023,True,0.0214993024872729,0.018406104296445847
66,29.08.2023,12,2023,True,0.0222505265601882,0.017260806635022163
66,30.08.2023,12,2023,True,0.0222706730061161,0.01787833869457245
66,31.08.2023,12,2023,True,0.0222389477311511,0.018189549446105957
66,01.09.2023,12,2023,True,0.0225272309239913,0.01681847684085369
66,05.09.2023,12,2023,True,0.0223971595308981,0.016419898718595505
66,06.09.2023,12,2023,True,0.0226132126256437,0.01795254461467266
66,07.09.2023,12,2023,True,0.0226139125445471,0.016476400196552277
66,08.09.2023,12,2023,True,0.0229749395166142,0.016925744712352753
66,11.09.2023,12,2023,True,0.0230679728011863,0.016275862231850624
66,12.09.2023,12,2023,True,0.0233396768314045,0.01403901819139719
66,13.09.2023,12,2023,True,0.0233407632734044,0.014889118261635303
66,14.09.2023,12,2023,True,0.0233194746007914,0.01602192223072052
66,15.09.2023,12,2023,True,0.0234292364450926,0.015393417328596115
66,18.09.2023,12,2023,True,0.0234324908634435,0.015541387721896172
66,19.09.2023,12,2023,True,0.0234321691372478,0.01589343324303627
66,20.09.2023,12,2023,True,0.0234208751920197,0.018658209592103958
66,21.09.2023,12,2023,True,0.0236646738902784,0.017171353101730347
66,22.09.2023,12,2023,True,0.0237405266008856,0.017817089334130287
66,25.09.2023,12,2023,True,0.0237965023500537,0.01659202203154564
66,26.09.2023,12,2023,True,0.0238327129266656,0.016313569620251656
66,27.09.2023,12,2023,True,0.0235749448896768,0.016146527603268623
66,28.09.2023,12,2023,True,0.0239227499555097,0.017083989456295967
66,29.09.2023,12,2023,True,0.0239304314781653,0.016365598887205124
66,02.10.2023,12,2023,True,0.0233168790247372,0.01748639903962612
66,03.10.2023,12,2023,True,0.0236383441349974,0.019535474479198456
66,04.10.2023,12,2023,True,0.0227578065181109,0.019999386742711067
66,05.10.2023,12,2023,True,0.0226611868741436,0.021703781560063362
66,06.10.2023,12,2023,True,0.0226717291432126,0.02277533896267414
66,09.10.2023,12,2023,True,0.0220958689762346,0.025552986189723015
66,10.10.2023,12,2023,True,0.022091551655897,0.02568518929183483
66,11.10.2023,12,2023,True,0.0219633237315478,0.029118042439222336
66,12.10.2023,12,2023,True,0.0220590934196978,0.02882232330739498
66,13.10.2023,12,2023,True,0.020903339529312,0.026306603103876114
66,16.10.2023,12,2023,True,0.0210123934556579,0.02954012341797352
66,17.10.2023,12,2023,True,0.0210125223658691,0.02819747105240822
66,18.10.2023,12,2023,True,0.0208957377102703,0.029294954612851143
66,19.10.2023,12,2023,True,0.0212058376728025,0.029421450570225716
66,20.10.2023,12,2023,True,0.0212881920200228,0.030395781621336937
66,23.10.2023,12,2023,True,0.0211319488769239,0.028959758579730988
66,24.10.2023,12,2023,True,0.0210215960220957,0.027793632820248604
66,25.10.2023,12,2023,True,0.0208653177532833,0.027145525440573692
66,26.10.2023,12,2023,True,0.0211427252746017,0.02745579369366169
66,27.10.2023,12,2023,True,0.0208878835687455,0.02547183632850647
66,30.10.2023,12,2023,True,0.0205489526834414,0.028415706008672714
66,31.10.2023,12,2023,True,0.0205810089659891,0.025455830618739128
66,01.11.2023,12,2023,True,0.0202502484023989,0.02417711541056633
66,02.11.2023,12,2023,True,0.020342473711209,0.02784029021859169
66,03.11.2023,12,2023,True,0.0201784917582811,0.024172523990273476
66,06.11.2023,12,2023,True,0.0201737725666915,0.024433789774775505
66,07.11.2023,12,2023,True,0.0195042124506729,0.024885939434170723
66,08.11.2023,12,2023,True,0.019320236684158,0.023281073197722435
66,09.11.2023,12,2023,True,0.0193963058856672,0.023087691515684128
66,10.11.2023,12,2023,True,0.0192983408239608,0.024822155013680458
66,13.11.2023,12,2023,True,0.0193055871082811,0.025075718760490417
66,14.11.2023,12,2023,True,0.0193329213843551,0.023972956463694572
66,15.11.2023,12,2023,True,0.0192520876085133,0.024392064660787582
66,16.11.2023,12,2023,True,0.0185761038454473,0.023659681901335716
66,17.11.2023,12,2023,True,0.0179555560979457,0.027251483872532845
66,20.11.2023,12,2023,True,0.0178462212640099,0.02349708043038845
66,21.11.2023,12,2023,True,0.0178454490130886,0.024931034073233604
66,22.11.2023,12,2023,True,0.01782915431231,0.022843051701784134
66,24.11.2023,12,2023,True,0.0176986371357018,0.025811566039919853
66,27.11.2023,12,2023,True,0.0177104150434034,0.025084417313337326
66,28.11.2023,12,2023,True,0.0175623653889845,0.02704365737736225
66,29.11.2023,12,2023,True,0.0174866673350996,0.02623005583882332
66,30.11.2023,12,2023,True,0.0174820104383919,0.02365138940513134
66,01.12.2023,12,2023,True,0.016439907338104,0.02483135461807251
66,04.12.2023,12,2023,True,0.0163779442801575,0.023492416366934776
66,05.12.2023,12,2023,True,0.0163243268504219,0.02574451081454754
66,06.12.2023,12,2023,True,0.0158483449375197,0.024261869490146637
66,07.12.2023,12,2023,True,0.0159345704579031,0.024220531806349754
66,08.12.2023,12,2023,True,0.0157052982811751,0.026358040049672127
66,11.12.2023,12,2023,True,0.0158314835596371,0.025025393813848495
66,12.12.2023,12,2023,True,0.0150502638182405,0.023130150511860847
66,13.12.2023,12,2023,True,0.0151670045534554,0.026065051555633545
66,14.12.2023,12,2023,True,0.0147366128267572,0.024261368438601494
66,15.12.2023,12,2023,True,0.0147508353004302,0.021905014291405678
66,18.12.2023,12,2023,True,0.0147068652643649,0.02485162392258644
66,19.12.2023,12,2023,True,0.0146188773572344,0.025005454197525978
66,20.12.2023,12,2023,True,0.0146123216265731,0.02377612516283989
66,21.12.2023,12,2023,True,0.0147113790281443,0.02309221588075161
66,22.12.2023,12,2023,True,0.0146978454478442,0.022558901458978653
66,26.12.2023,12,2023,True,0.014534032202728,0.023109396919608116
66,27.12.2023,12,2023,True,0.0143424154863403,0.022762417793273926
66,28.12.2023,12,2023,True,0.0142534083138144,0.02292998507618904
66,29.12.2023,12,2023,True,0.0140474823799801,0.02366580255329609
126,03.01.2023,12,2023,True,0.0206667410437392,0.024008437991142273
126,04.01.2023,12,2023,True,0.0202429804395313,0.0256709773093462
126,05.01.2023,12,2023,True,0.0202392373151631,0.025761891156435013
126,06.01.2023,12,2023,True,0.0203323279649401,0.024581843987107277
126,09.01.2023,12,2023,True,0.0203113621875484,0.024205351248383522
126,10.01.2023,12,2023,True,0.0203519521927018,0.023941926658153534
126,11.01.2023,12,2023,True,0.0202211844265255,0.02396216429769993
126,12.01.2023,12,2023,True,0.0202223207374922,0.024680830538272858
126,13.01.2023,12,2023,True,0.0202194954116529,0.02409493550658226
126,17.01.2023,12,2023,True,0.0202071219252996,0.024175012484192848
126,18.01.2023,12,2023,True,0.0201871518509467,0.02469656802713871
126,19.01.2023,12,2023,True,0.0202130029324882,0.024070894345641136
126,20.01.2023,12,2023,True,0.0202392708529053,0.024175012484192848
126,23.01.2023,12,2023,True,0.0202551471269099,0.02469656802713871
126,24.01.2023,12,2023,True,0.0201615052363508,0.023757601156830788
126,25.01.2023,12,2023,True,0.0202124304384591,0.024068277329206467
126,26.01.2023,12,2023,True,0.0201795395104967,0.023936085402965546
126,27.01.2023,12,2023,True,0.0201722825776812,0.023544752970337868
126,30.01.2023,12,2023,True,0.0201004617848679,0.023834228515625
126,31.01.2023,12,2023,True,0.02017764306014,0.025121068581938744
126,01.02.2023,12,2023,True,0.0202050307666478,0.024400761350989342
126,02.02.2023,12,2023,True,0.0202220983375812,0.02407095395028591
126,03.02.2023,12,2023,True,0.0200906625127008,0.02471374161541462
126,06.02.2023,12,2023,True,0.0200760838889342,0.023675084114074707
126,07.02.2023,12,2023,True,0.0199143171146471,0.023544929921627045
126,08.02.2023,12,2023,True,0.0198970132940854,0.024222351610660553
126,09.02.2023,12,2023,True,0.019890997078162,0.02436017617583275
126,10.02.2023,12,2023,True,0.0198032321433656,0.024611899629235268
126,13.02.2023,12,2023,True,0.019849323199747,0.024636832997202873
126,14.02.2023,12,2023,True,0.0198790711113203,0.023649075999855995
126,15.02.2023,12,2023,True,0.0198914945813407,0.024027829989790916
126,16.02.2023,12,2023,True,0.0199032600180172,0.024406854063272476
126,17.02.2023,12,2023,True,0.0197753986334379,0.02343047223985195
126,21.02.2023,12,2023,True,0.019780861414107,0.024686923250555992
126,22.02.2023,12,2023,True,0.0196169004978324,0.025172514840960503
126,23.02.2023,12,2023,True,0.0195389742785095,0.02450759895145893
126,24.02.2023,12,2023,True,0.0195483228043541,0.02377854473888874
126,27.02.2023,12,2023,True,0.0195328731876842,0.02388027124106884
126,28.02.2023,12,2023,True,0.0195042726067608,0.023942282423377037
126,01.03.2023,12,2023,True,0.0195030235033753,0.023709801957011223
126,02.03.2023,12,2023,True,0.0195245110037242,0.023849304765462875
126,03.03.2023,12,2023,True,0.0195670879489332,0.023961763828992844
126,06.03.2023,12,2023,True,0.0196190187833633,0.023639705032110214
126,07.03.2023,12,2023,True,0.0193798413818887,0.020593663677573204
126,08.03.2023,12,2023,True,0.0193796415175688,0.021856265142560005
126,09.03.2023,12,2023,True,0.0193515222747106,0.021082496270537376
126,10.03.2023,12,2023,True,0.0193128394215688,0.023054368793964386
126,13.03.2023,12,2023,True,0.0192229220062369,0.02357969991862774
126,14.03.2023,12,2023,True,0.0188332417608086,0.024043867364525795
126,15.03.2023,12,2023,True,0.0183342661625395,0.025915034115314484
126,16.03.2023,12,2023,True,0.0183041929652558,0.02649892121553421
126,17.03.2023,12,2023,True,0.0181655765332947,0.026277657598257065
126,20.03.2023,12,2023,True,0.0181489435156316,0.026558760553598404
126,21.03.2023,12,2023,True,0.018095993114955,0.026277657598257065
126,22.03.2023,12,2023,True,0.0180402539580654,0.026514962315559387
126,23.03.2023,12,2023,True,0.0180100754278741,0.02644176594913006
126,24.03.2023,12,2023,True,0.0179677324300151,0.02625073492527008
126,27.03.2023,12,2023,True,0.0176276884681429,0.026554835960268974
126,28.03.2023,12,2023,True,0.0177701821220427,0.0256640762090683
126,29.03.2023,12,2023,True,0.0178039828191126,0.024730520322918892
126,30.03.2023,12,2023,True,0.0177776561809762,0.023740120232105255
126,31.03.2023,12,2023,True,0.018341538388136,0.024024175480008125
126,03.04.2023,12,2023,True,0.0174865213238842,0.024022003635764122
126,04.04.2023,12,2023,True,0.0182437518145343,0.02398820035159588
126,05.04.2023,12,2023,True,0.0183354330952946,0.024187913164496422
126,06.04.2023,12,2023,True,0.0183430368162616,0.024187913164496422
126,10.04.2023,12,2023,True,0.0186821187701611,0.02380528301000595
126,11.04.2023,12,2023,True,0.018630890321852,0.022881345823407173
126,12.04.2023,12,2023,True,0.018641941364035,0.021603189408779144
126,13.04.2023,12,2023,True,0.0185994685241064,0.021664969623088837
126,14.04.2023,12,2023,True,0.019240206430114,0.02123069018125534
126,17.04.2023,12,2023,True,0.0192103607303609,0.02123069018125534
126,18.04.2023,12,2023,True,0.0192114663795395,0.020575059577822685
126,19.04.2023,12,2023,True,0.0191862587234657,0.02090642787516117
126,20.04.2023,12,2023,True,0.019065996297026,0.023335162550210953
126,21.04.2023,12,2023,True,0.019061128945519,0.023803874850273132
126,24.04.2023,12,2023,True,0.0191759040488888,0.02408440038561821
126,25.04.2023,12,2023,True,0.0191364447557939,0.022881345823407173
126,26.04.2023,12,2023,True,0.018906673514733,0.024363923817873
126,27.04.2023,12,2023,True,0.0190341720185735,0.023928361013531685
126,28.04.2023,12,2023,True,0.0191537921002299,0.023705260828137398
126,01.05.2023,12,2023,True,0.0194043963313762,0.02407333254814148
126,02.05.2023,12,2023,True,0.018825928689615,0.02409139834344387
126,03.05.2023,12,2023,True,0.0186945824492899,0.023583147674798965
126,04.05.2023,12,2023,True,0.0188229225671923,0.02411591447889805
126,05.05.2023,12,2023,True,0.0186585548814006,0.02424057014286518
126,08.05.2023,12,2023,True,0.0185598418093311,0.024088555946946144
126,09.05.2023,12,2023,True,0.0189566730746504,0.02369028888642788
126,10.05.2023,12,2023,True,0.0190597482953456,0.023353800177574158
126,11.05.2023,12,2023,True,0.0189876547955118,0.021780047565698624
126,12.05.2023,12,2023,True,0.0190204381191343,0.024735040962696075
126,15.05.2023,12,2023,True,0.019015549666522,0.024605806916952133
126,16.05.2023,12,2023,True,0.0190106524748547,0.02408440038561821
126,17.05.2023,12,2023,True,0.0189200443016973,0.024366257712244987
126,18.05.2023,12,2023,True,0.0193508867745727,0.024232015013694763
126,19.05.2023,12,2023,True,0.0196762029040964,0.024612953886389732
126,22.05.2023,12,2023,True,0.0197560375444055,0.024612953886389732
126,23.05.2023,12,2023,True,0.0197337849825915,0.023542607203125954
126,24.05.2023,12,2023,True,0.0196678434484359,0.024803170934319496
126,25.05.2023,12,2023,True,0.0195745413472768,0.024763790890574455
126,26.05.2023,12,2023,True,0.0195718820708434,0.02417217567563057
126,30.05.2023,12,2023,True,0.0192238567774869,0.02376432716846466
126,31.05.2023,12,2023,True,0.0192439374941907,0.02417217567563057
126,01.06.2023,12,2023,True,0.019155019039559,0.026475440710783005
126,02.06.2023,12,2023,True,0.0195409156567846,0.025186752900481224
126,05.06.2023,12,2023,True,0.0195547202758209,0.024467982351779938
126,06.06.2023,12,2023,True,0.0195721839502491,0.024021843448281288
126,07.06.2023,12,2023,True,0.019852852753731,0.023961776867508888
126,08.06.2023,12,2023,True,0.0198222611865582,0.021499646827578545
126,09.06.2023,12,2023,True,0.0198893760468509,0.022992730140686035
126,12.06.2023,12,2023,True,0.0195573465423918,0.02108377031981945
126,13.06.2023,12,2023,True,0.0196180038598805,0.023691382259130478
126,14.06.2023,12,2023,True,0.0196124532278659,0.021263504400849342
126,15.06.2023,12,2023,True,0.0195858680786038,0.020951703190803528
126,16.06.2023,12,2023,True,0.0195550866468767,0.02176501788198948
126,20.06.2023,12,2023,True,0.0196033280314245,0.021137112751603127
126,21.06.2023,12,2023,True,0.0196055444617857,0.023328281939029694
126,22.06.2023,12,2023,True,0.0192859496343296,0.021472670137882233
126,23.06.2023,12,2023,True,0.0192859086159809,0.02331254445016384
126,26.06.2023,12,2023,True,0.019287073619016,0.02304139733314514
126,27.06.2023,12,2023,True,0.0192587625836138,0.02508280798792839
126,28.06.2023,12,2023,True,0.0192149265406241,0.024467982351779938
126,29.06.2023,12,2023,True,0.0192683446400432,0.02374936267733574
126,30.06.2023,12,2023,True,0.0193225511856253,0.023955432698130608
126,03.07.2023,12,2023,True,0.019367867582838,0.02095111459493637
126,05.07.2023,12,2023,True,0.0194168694985184,0.021081510931253433
126,06.07.2023,12,2023,True,0.0194314331624049,0.02162899449467659
126,07.07.2023,12,2023,True,0.019347301429212,0.024206487461924553
126,10.07.2023,12,2023,True,0.01956510716566,0.022540966048836708
126,11.07.2023,12,2023,True,0.019542796476234,0.02448371984064579
126,12.07.2023,12,2023,True,0.0195459829415575,0.020921729505062103
126,13.07.2023,12,2023,True,0.0195085660879774,0.021949460729956627
126,14.07.2023,12,2023,True,0.0194680556539224,0.02014237828552723
126,17.07.2023,12,2023,True,0.019407093696409,0.02080625854432583
126,18.07.2023,12,2023,True,0.0193698426638074,0.020065627992153168
126,19.07.2023,12,2023,True,0.0194195047587209,0.020605947822332382
126,20.07.2023,12,2023,True,0.019427842966135,0.021025944501161575
126,21.07.2023,12,2023,True,0.0194363329130336,0.020388364791870117
126,24.07.2023,12,2023,True,0.0193567432326003,0.01918395608663559
126,25.07.2023,12,2023,True,0.0193397019620063,0.020235972478985786
126,26.07.2023,12,2023,True,0.0195057026473885,0.01923205330967903
126,27.07.2023,12,2023,True,0.0194918438363586,0.019799012690782547
126,28.07.2023,12,2023,True,0.019513679643094,0.019827598705887794
126,31.07.2023,12,2023,True,0.0195110500951192,0.01970551162958145
126,01.08.2023,12,2023,True,0.0195391064095938,0.01970551162958145
126,02.08.2023,12,2023,True,0.0197391189353931,0.019347693771123886
126,03.08.2023,12,2023,True,0.0196839582029877,0.01939396746456623
126,04.08.2023,12,2023,True,0.0196637605859579,0.018736474215984344
126,07.08.2023,12,2023,True,0.0196586819765362,0.019245967268943787
126,08.08.2023,12,2023,True,0.0196516940297895,0.01918395608663559
126,09.08.2023,12,2023,True,0.0197877254265659,0.01918395608663559
126,10.08.2023,12,2023,True,0.0197656812414369,0.019103879109025
126,11.08.2023,12,2023,True,0.0197610183922584,0.019409704953432083
126,14.08.2023,12,2023,True,0.0197715171073418,0.01965813711285591
126,15.08.2023,12,2023,True,0.0197645065743192,0.019014494493603706
126,16.08.2023,12,2023,True,0.019755213779053,0.019178232178092003
126,17.08.2023,12,2023,True,0.0197531430813059,0.01918395608663559
126,18.08.2023,12,2023,True,0.0197763285452484,0.019643500447273254
126,21.08.2023,12,2023,True,0.0197880688440754,0.019163718447089195
126,22.08.2023,12,2023,True,0.0197951576254512,0.01893441751599312
126,23.08.2023,12,2023,True,0.0198992268794075,0.018455330282449722
126,24.08.2023,12,2023,True,0.0199237048265385,0.019076505675911903
126,25.08.2023,12,2023,True,0.0199244270742012,0.01847987435758114
126,28.08.2023,12,2023,True,0.019924383343799,0.018337244167923927
126,29.08.2023,12,2023,True,0.0198919568265811,0.018246904015541077
126,30.08.2023,12,2023,True,0.0198879405682672,0.01947403885424137
126,31.08.2023,12,2023,True,0.0198748509901715,0.019639166072010994
126,01.09.2023,12,2023,True,0.0198114770577724,0.017324887216091156
126,05.09.2023,12,2023,True,0.0197789364234755,0.016790980473160744
126,06.09.2023,12,2023,True,0.0197694681316114,0.018711185082793236
126,07.09.2023,12,2023,True,0.0197800898323901,0.017089886590838432
126,08.09.2023,12,2023,True,0.0197653979757211,0.017056377604603767
126,11.09.2023,12,2023,True,0.0197668290906163,0.01667771115899086
126,12.09.2023,12,2023,True,0.0198516732401415,0.014391152188181877
126,13.09.2023,12,2023,True,0.0199098732558821,0.015329353511333466
126,14.09.2023,12,2023,True,0.019827129755991,0.01772308722138405
126,15.09.2023,12,2023,True,0.0198954283562402,0.01714145578444004
126,18.09.2023,12,2023,True,0.0198961975257224,0.017079444602131844
126,19.09.2023,12,2023,True,0.019946454633661,0.01753898896276951
126,20.09.2023,12,2023,True,0.0199342250454668,0.019878890365362167
126,21.09.2023,12,2023,True,0.0199359105578622,0.01893707551062107
126,22.09.2023,12,2023,True,0.0199869995359058,0.01946934498846531
126,25.09.2023,12,2023,True,0.0199922393807692,0.01875392720103264
126,26.09.2023,12,2023,True,0.0199803044695484,0.01869191601872444
126,27.09.2023,12,2023,True,0.0198800823441343,0.01841702125966549
126,28.09.2023,12,2023,True,0.0198536641992953,0.019132807850837708
126,29.09.2023,12,2023,True,0.0199162145043328,0.01823696866631508
126,02.10.2023,12,2023,True,0.0194308287444779,0.0184819083660841
126,03.10.2023,12,2023,True,0.0194729930385042,0.020433908328413963
126,04.10.2023,12,2023,True,0.018773886595153,0.021385470405220985
126,05.10.2023,12,2023,True,0.0186978058968354,0.023221364244818687
126,06.10.2023,12,2023,True,0.0187180002777024,0.02378172241151333
126,09.10.2023,12,2023,True,0.0183835412321141,0.025212042033672333
126,10.10.2023,12,2023,True,0.0183913899848252,0.025352967903017998
126,11.10.2023,12,2023,True,0.0183040564996638,0.026475440710783005
126,12.10.2023,12,2023,True,0.0183074083438163,0.02555151842534542
126,13.10.2023,12,2023,True,0.0176304357128845,0.025202490389347076
126,16.10.2023,12,2023,True,0.0178008558120678,0.027079256251454353
126,17.10.2023,12,2023,True,0.0177995673645468,0.026475440710783005
126,18.10.2023,12,2023,True,0.017728262154004,0.026475440710783005
126,19.10.2023,12,2023,True,0.0177076041294154,0.027094993740320206
126,20.10.2023,12,2023,True,0.0177688020888074,0.027822647243738174
126,23.10.2023,12,2023,True,0.0176275812665895,0.02681571990251541
126,24.10.2023,12,2023,True,0.0175675647582065,0.026513701304793358
126,25.10.2023,12,2023,True,0.0174524438078117,0.02533838339149952
126,26.10.2023,12,2023,True,0.0173472511574217,0.026382846757769585
126,27.10.2023,12,2023,True,0.0171649745681349,0.02473527379333973
126,30.10.2023,12,2023,True,0.0175095414370971,0.02688244916498661
126,31.10.2023,12,2023,True,0.0175117521271814,0.025454044342041016
126,01.11.2023,12,2023,True,0.0172910811530705,0.02448371984064579
126,02.11.2023,12,2023,True,0.0171374613627497,0.025322645902633667
126,03.11.2023,12,2023,True,0.0170187965717627,0.02484564483165741
126,06.11.2023,12,2023,True,0.0170221476753812,0.023928361013531685
126,07.11.2023,12,2023,True,0.0165881389004346,0.024307595565915108
126,08.11.2023,12,2023,True,0.0164681647245645,0.023928361013531685
126,09.11.2023,12,2023,True,0.0164710166471378,0.024008437991142273
126,10.11.2023,12,2023,True,0.0164327608544007,0.02472548931837082
126,13.11.2023,12,2023,True,0.0163948126544592,0.024603402242064476
126,14.11.2023,12,2023,True,0.0164041290136011,0.023705260828137398
126,15.11.2023,12,2023,True,0.016358991383958,0.02448371984064579
126,16.11.2023,12,2023,True,0.0157921825661046,0.024400761350989342
126,17.11.2023,12,2023,True,0.0154104843934935,0.024467982351779938
126,20.11.2023,12,2023,True,0.0153341811774433,0.024008437991142273
126,21.11.2023,12,2023,True,0.0153446310501887,0.025186752900481224
126,22.11.2023,12,2023,True,0.0153582573434472,0.0236432496458292
126,24.11.2023,12,2023,True,0.0154449478985528,0.025202490389347076
126,27.11.2023,12,2023,True,0.0154446055727046,0.024139465764164925
126,28.11.2023,12,2023,True,0.0154486282584494,0.025085946545004845
126,29.11.2023,12,2023,True,0.0153731058652128,0.02481902576982975
126,30.11.2023,12,2023,True,0.0157912720243028,0.023544752970337868
126,01.12.2023,12,2023,True,0.0152108272032784,0.024537717923521996
126,04.12.2023,12,2023,True,0.0152148097566034,0.023818757385015488
126,05.12.2023,12,2023,True,0.0152717558383722,0.024603402242064476
126,06.12.2023,12,2023,True,0.0148777311896073,0.023941926658153534
126,07.12.2023,12,2023,True,0.0150309426851331,0.024008437991142273
126,08.12.2023,12,2023,True,0.0148892999813665,0.025202490389347076
126,11.12.2023,12,2023,True,0.0149040025524189,0.02417217567563057
126,12.12.2023,12,2023,True,0.0145073638919081,0.02365962602198124
126,13.12.2023,12,2023,True,0.0144629449865454,0.02459006942808628
126,14.12.2023,12,2023,True,0.0143043325321793,0.02472548931837082
126,15.12.2023,12,2023,True,0.0143433662849891,0.021642832085490227
126,18.12.2023,12,2023,True,0.0142632109460586,0.024554520845413208
126,19.12.2023,12,2023,True,0.0142053237330959,0.023705260828137398
126,20.12.2023,12,2023,True,0.0142172133557571,0.024204082787036896
126,21.12.2023,12,2023,True,0.0142538893250926,0.023544779047369957
126,22.12.2023,12,2023,True,0.014249347113902,0.02348276786506176
126,26.12.2023,12,2023,True,0.0141268138161365,0.021228689700365067
126,27.12.2023,12,2023,True,0.0140322616453145,0.022779803723096848
126,28.12.2023,12,2023,True,0.0139535039561815,0.02378859370946884
126,29.12.2023,12,2023,True,0.0138653100329523,0.023944098502397537
5,02.01.2024,13,2024,True,0.0258054822145162,0.01828882284462452
5,03.01.2024,13,2024,True,0.0215568202641957,0.01976112462580204
5,04.01.2024,13,2024,True,0.0219004517498587,0.020447419956326485
5,05.01.2024,13,2024,True,0.0213084852353616,0.021170472726225853
5,08.01.2024,13,2024,True,0.0112131109021047,0.019494744017720222
5,09.01.2024,13,2024,True,0.0089426625374633,0.02115553244948387
5,10.01.2024,13,2024,True,0.0084468579849992,0.01803835667669773
5,11.01.2024,13,2024,True,0.0100048471580564,0.02086600288748741
5,12.01.2024,13,2024,True,0.011977776310578,0.017857074737548828
5,16.01.2024,13,2024,True,0.012881065315661,0.019673602655529976
5,17.01.2024,13,2024,True,0.0119908544281166,0.016126085072755814
5,18.01.2024,13,2024,True,0.0158809486267291,0.01667429506778717
5,19.01.2024,13,2024,True,0.0134688238577828,0.017150238156318665
5,22.01.2024,13,2024,True,0.0169742142336101,0.0156038673594594
5,23.01.2024,13,2024,True,0.0156176569428138,0.016357045620679855
5,24.01.2024,13,2024,True,0.0186126764915043,0.016877898946404457
5,25.01.2024,13,2024,True,0.0199072353614607,0.01619439199566841
5,26.01.2024,13,2024,True,0.015356486944979,0.019757475703954697
5,29.01.2024,13,2024,True,0.0188104107046998,0.016807254403829575
5,30.01.2024,13,2024,True,0.0192640116592454,0.018575288355350494
5,31.01.2024,13,2024,True,0.0207167348230667,0.018382597714662552
5,01.02.2024,13,2024,True,0.0168784882809725,0.01783941127359867
5,02.02.2024,13,2024,True,0.0100261747940156,0.01962379179894924
5,05.02.2024,13,2024,True,0.0119944928616919,0.018018266186118126
5,06.02.2024,13,2024,True,0.0119350475725745,0.016760172322392464
5,07.02.2024,13,2024,True,0.0163635157922588,0.015438810922205448
5,08.02.2024,13,2024,True,0.0115346801132796,0.01367095485329628
5,09.02.2024,13,2024,True,0.0115782564425437,0.01705010049045086
5,12.02.2024,13,2024,True,0.0137930433755538,0.015718810260295868
5,13.02.2024,13,2024,True,0.0136448990256748,0.015007173642516136
5,14.02.2024,13,2024,True,0.0109255665660342,0.015380977652966976
5,15.02.2024,13,2024,True,0.0153138617588775,0.017022443935275078
5,16.02.2024,13,2024,True,0.0160234686214918,0.01494179293513298
5,20.02.2024,13,2024,True,0.0158014485752921,0.014586666598916054
5,21.02.2024,13,2024,True,0.0155475133539858,0.015380370430648327
5,22.02.2024,13,2024,True,0.0151702525331849,0.013658560812473297
5,23.02.2024,13,2024,True,0.007013133406958,0.012735404074192047
5,26.02.2024,13,2024,True,0.0080966040078043,0.018189821392297745
5,27.02.2024,13,2024,True,0.0047995792032772,0.015521694906055927
5,28.02.2024,13,2024,True,0.008321338287503,0.01582210324704647
5,29.02.2024,13,2024,True,0.008349260004213,0.014996334910392761
5,01.03.2024,13,2024,True,0.0092385483213127,0.016395868733525276
5,04.03.2024,13,2024,True,0.0088795935307197,0.01537675503641367
5,05.03.2024,13,2024,True,0.0079474218359359,0.015027645975351334
5,06.03.2024,13,2024,True,0.0136252664053409,0.018936237320303917
5,07.03.2024,13,2024,True,0.0147802727682528,0.01322513073682785
5,08.03.2024,13,2024,True,0.0125335441745528,0.011425232514739037
5,11.03.2024,13,2024,True,0.0126507647621997,0.013356680981814861
5,12.03.2024,13,2024,True,0.0104848904481924,0.013666937127709389
5,13.03.2024,13,2024,True,0.0141054491333633,0.013756012544035912
5,14.03.2024,13,2024,True,0.0125413907110362,0.015808383002877235
5,15.03.2024,13,2024,True,0.0127308608781814,0.01599218137562275
5,18.03.2024,13,2024,True,0.011822811828639,0.013410773128271103
5,19.03.2024,13,2024,True,0.0114841193509543,0.013380765914916992
5,20.03.2024,13,2024,True,0.0085450294153654,0.01450630184262991
5,21.03.2024,13,2024,True,0.0108189853099513,0.013013824820518494
5,22.03.2024,13,2024,True,0.010282673881252,0.012003104202449322
5,25.03.2024,13,2024,True,0.0107381857211561,0.01303828228265047
5,26.03.2024,13,2024,True,0.008997255110273,0.01256350427865982
5,27.03.2024,13,2024,True,0.0078359043253663,0.012625339441001415
5,28.03.2024,13,2024,True,0.0072999442239828,0.011459525674581528
5,01.04.2024,13,2024,True,0.0101002406980024,0.012825061567127705
5,02.04.2024,13,2024,True,0.0105844859147706,0.013099577277898788
5,03.04.2024,13,2024,True,0.0116020143723166,0.01386171206831932
5,04.04.2024,13,2024,True,0.0101050545811301,0.014889712445437908
5,05.04.2024,13,2024,True,0.010554870282056,0.015697337687015533
5,08.04.2024,13,2024,True,0.0099443369885481,0.01567203179001808
5,09.04.2024,13,2024,True,0.0082960305619001,0.014582272619009018
5,10.04.2024,13,2024,True,0.0144576405445757,0.013631842099130154
5,11.04.2024,13,2024,True,0.0146084044949107,0.013553011231124401
5,12.04.2024,13,2024,True,0.0134146379529365,0.014504888094961643
5,15.04.2024,13,2024,True,0.0134499547265859,0.017007313668727875
5,16.04.2024,13,2024,True,0.0170717521907732,0.015458525158464909
5,17.04.2024,13,2024,True,0.0084911864860151,0.01726382039487362
5,18.04.2024,13,2024,True,0.0090828910836417,0.015081087127327919
5,19.04.2024,13,2024,True,0.0089994466090762,0.015257574617862701
5,22.04.2024,13,2024,True,0.0116176341084687,0.012347723357379436
5,23.04.2024,13,2024,True,0.0094630846340109,0.013898240402340889
5,24.04.2024,13,2024,True,0.0246927334635698,0.014632375910878181
5,25.04.2024,13,2024,True,0.0230594428660824,0.014204422943294048
5,26.04.2024,13,2024,True,0.0211152527956203,0.014047565869987011
5,29.04.2024,13,2024,True,0.0229354897382448,0.013053876347839832
5,30.04.2024,13,2024,True,0.0232591336763714,0.014378155581653118
5,01.05.2024,13,2024,True,0.0056787054236997,0.013548529706895351
5,02.05.2024,13,2024,True,0.0057783285934369,0.013420228846371174
5,03.05.2024,13,2024,True,0.0076228562521582,0.010499393567442894
5,06.05.2024,13,2024,True,0.008070336871057,0.011878234334290028
5,07.05.2024,13,2024,True,0.009727123514694,0.017892908304929733
5,08.05.2024,13,2024,True,0.0096308334903322,0.010979201644659042
5,09.05.2024,13,2024,True,0.0100831838229605,0.01268712431192398
5,10.05.2024,13,2024,True,0.0083307600836815,0.014279632829129696
5,13.05.2024,13,2024,True,0.0083385079751383,0.014599870890378952
5,14.05.2024,13,2024,True,0.0076444929767489,0.014293617568910122
5,15.05.2024,13,2024,True,0.0092352213158502,0.013356296345591545
5,16.05.2024,13,2024,True,0.008051529586961,0.014435099437832832
5,17.05.2024,13,2024,True,0.0083820626722115,0.012902281247079372
5,20.05.2024,13,2024,True,0.0158210018236568,0.014220173470675945
5,21.05.2024,13,2024,True,0.0154023763842773,0.01361276675015688
5,22.05.2024,13,2024,True,0.0177816762864278,0.013420050963759422
5,23.05.2024,13,2024,True,0.0175187258545602,0.013248804025352001
5,24.05.2024,13,2024,True,0.0243173093052012,0.013719487935304642
5,28.05.2024,13,2024,True,0.0150734611864313,0.012312525883316994
5,29.05.2024,13,2024,True,0.0196046307331696,0.01702057756483555
5,30.05.2024,13,2024,True,0.0231071539287254,0.01333114504814148
5,31.05.2024,13,2024,True,0.0231030516163072,0.012658175081014633
5,03.06.2024,13,2024,True,0.0148656631994437,0.015817545354366302
5,04.06.2024,13,2024,True,0.0112371029768833,0.013312733732163906
5,05.06.2024,13,2024,True,0.011298968950862,0.016245003789663315
5,06.06.2024,13,2024,True,0.0107777802422255,0.012389044277369976
5,07.06.2024,13,2024,True,0.0104241707959972,0.012148302979767323
5,10.06.2024,13,2024,True,0.0081968352485315,0.013397770933806896
5,11.06.2024,13,2024,True,0.0084465774372864,0.01609414629638195
5,12.06.2024,13,2024,True,0.0086056852894052,0.013297769241034985
5,13.06.2024,13,2024,True,0.0102542053198127,0.012719768099486828
5,14.06.2024,13,2024,True,0.0093725996858029,0.010212165303528309
5,17.06.2024,13,2024,True,0.0101701912636657,0.010710712522268295
5,18.06.2024,13,2024,True,0.0082973994401333,0.01055174134671688
5,20.06.2024,13,2024,True,0.0102443825873264,0.01232337485998869
5,21.06.2024,13,2024,True,0.0095515313268888,0.011860019527375698
5,24.06.2024,13,2024,True,0.0088980824269128,0.011438376270234585
5,25.06.2024,13,2024,True,0.0064297452386895,0.013050829991698265
5,26.06.2024,13,2024,True,0.0077782672447863,0.013942434452474117
5,27.06.2024,13,2024,True,0.0081691832869895,0.013230523094534874
5,28.06.2024,13,2024,True,0.009217291228172,0.011489993892610073
5,01.07.2024,13,2024,True,0.0100965334321605,0.0122646763920784
5,02.07.2024,13,2024,True,0.0109645196857126,0.013447996228933334
5,03.07.2024,13,2024,True,0.0082173723497057,0.012294527143239975
5,05.07.2024,13,2024,True,0.0077977988749311,0.009548349305987358
5,08.07.2024,13,2024,True,0.0071294765661503,0.009618210606276989
5,09.07.2024,13,2024,True,0.0073158195713405,0.00881884153932333
5,10.07.2024,13,2024,True,0.0108377310505852,0.010207325220108032
5,11.07.2024,13,2024,True,0.0106482683758035,0.008346346206963062
5,12.07.2024,13,2024,True,0.0169376970324585,0.009783344343304634
5,15.07.2024,13,2024,True,0.0169047265176553,0.009195997379720211
5,16.07.2024,13,2024,True,0.0173890818859488,0.009954147040843964
5,17.07.2024,13,2024,True,0.015158817599137,0.009331360459327698
5,18.07.2024,13,2024,True,0.016555049610957,0.011413652449846268
5,19.07.2024,13,2024,True,0.0122363348944198,0.01084168627858162
5,22.07.2024,13,2024,True,0.013518618770242,0.013927092775702477
5,23.07.2024,13,2024,True,0.0130707298839295,0.013007388450205326
5,24.07.2024,13,2024,True,0.0190108365166652,0.015322175808250904
5,25.07.2024,13,2024,True,0.0186211838235645,0.011822079308331013
5,26.07.2024,13,2024,True,0.0224073226997793,0.013176556676626205
5,29.07.2024,13,2024,True,0.0222044350091091,0.012405102141201496
5,30.07.2024,13,2024,True,0.0224220216724915,0.015126350335776806
5,31.07.2024,13,2024,True,0.0216052209993511,0.015513155609369278
5,01.08.2024,13,2024,True,0.021968492749457,0.018418924883008003
5,02.08.2024,13,2024,True,0.0112526138103219,0.017023617401719093
5,05.08.2024,13,2024,True,0.0126937228946928,0.01850445754826069
5,06.08.2024,13,2024,True,0.0200065740793384,0.020876802504062653
5,07.08.2024,13,2024,True,0.0204510445883571,0.018415354192256927
5,08.08.2024,13,2024,True,0.0210393953055911,0.0185503289103508
5,09.08.2024,13,2024,True,0.0230628554732755,0.016970474272966385
5,12.08.2024,13,2024,True,0.0162054188096779,0.015535186044871807
5,13.08.2024,13,2024,True,0.0156361417703887,0.021065566688776016
5,14.08.2024,13,2024,True,0.0158593309505223,0.016089659184217453
5,15.08.2024,13,2024,True,0.0155978158009035,0.01453060656785965
5,16.08.2024,13,2024,True,0.0204336128353989,0.014434139244258404
5,19.08.2024,13,2024,True,0.0192207516705093,0.01646384410560131
5,20.08.2024,13,2024,True,0.0237572542293139,0.02113558165729046
5,21.08.2024,13,2024,True,0.0229981595451223,0.01638741046190262
5,22.08.2024,13,2024,True,0.0230953116702069,0.0182383693754673
5,23.08.2024,13,2024,True,0.0226221716789139,0.016894469037652016
5,26.08.2024,13,2024,True,0.0298748689676557,0.017477497458457947
5,27.08.2024,13,2024,True,0.0298795409461254,0.017939744517207146
5,28.08.2024,13,2024,True,0.0309083229065782,0.01753893680870533
5,29.08.2024,13,2024,True,0.0251986388110254,0.018480218946933746
5,30.08.2024,13,2024,True,0.0296464737032885,0.018535122275352478
5,03.09.2024,13,2024,True,0.0189544689618427,0.016990572214126587
5,04.09.2024,13,2024,True,0.0239202918112198,0.023985199630260468
5,05.09.2024,13,2024,True,0.0264717373394413,0.019261768087744713
5,06.09.2024,13,2024,True,0.0240922000955978,0.018024565652012825
5,09.09.2024,13,2024,True,0.0246587483138208,0.01661451905965805
5,10.09.2024,13,2024,True,0.0102725443959187,0.018971314653754234
5,11.09.2024,13,2024,True,0.0106298381640568,0.019906023517251015
5,12.09.2024,13,2024,True,0.0100434009913556,0.01838582567870617
5,13.09.2024,13,2024,True,0.0101103853008132,0.01648779772222042
5,16.09.2024,13,2024,True,0.0110046351052229,0.01810648664832115
5,17.09.2024,13,2024,True,0.0120168165459135,0.014916034415364265
5,18.09.2024,13,2024,True,0.0171998702811602,0.017090586945414543
5,19.09.2024,13,2024,True,0.0170793142208766,0.017930710688233376
5,20.09.2024,13,2024,True,0.0182609315583074,0.016035858541727066
5,23.09.2024,13,2024,True,0.0183238597630375,0.013129377737641335
5,24.09.2024,13,2024,True,0.0208381264826438,0.015432290732860565
5,25.09.2024,13,2024,True,0.0181334037061057,0.01963120326399803
5,26.09.2024,13,2024,True,0.0210549695587609,0.018903344869613647
5,27.09.2024,13,2024,True,0.0210254062716337,0.020820418372750282
5,30.09.2024,13,2024,True,0.0193518676174676,0.021756207570433617
5,01.10.2024,13,2024,True,0.0373034153395419,0.023587897419929504
5,02.10.2024,13,2024,True,0.0381233837254078,0.02059326134622097
5,03.10.2024,13,2024,True,0.0348577718886663,0.0229453444480896
5,04.10.2024,13,2024,True,0.0350764468699775,0.02265564538538456
5,07.10.2024,13,2024,True,0.0302649875492052,0.02549312449991703
5,08.10.2024,13,2024,True,0.0286737953994168,0.022397877648472786
5,09.10.2024,13,2024,True,0.0288600596540762,0.02786296047270298
5,10.10.2024,13,2024,True,0.0187130636868414,0.027155451476573944
5,11.10.2024,13,2024,True,0.018207755115068,0.02293829433619976
5,14.10.2024,13,2024,True,0.0228351718472672,0.031683892011642456
5,15.10.2024,13,2024,True,0.0163728575140547,0.03086165152490139
5,16.10.2024,13,2024,True,0.0185105303641143,0.026512721553444862
5,17.10.2024,13,2024,True,0.0189791274696222,0.023190094158053398
5,18.10.2024,13,2024,True,0.017727529658969,0.02610800787806511
5,21.10.2024,13,2024,True,0.0351252489228331,0.02645873837172985
5,22.10.2024,13,2024,True,0.0309286027332552,0.02494136616587639
5,23.10.2024,13,2024,True,0.0342756768367731,0.023988429456949234
5,24.10.2024,13,2024,True,0.0348852888260083,0.025365257635712624
5,25.10.2024,13,2024,True,0.0320828982796816,0.025431770831346512
5,28.10.2024,13,2024,True,0.0132244750146413,0.029276316985487938
5,29.10.2024,13,2024,True,0.0111039192699589,0.02384861558675766
5,30.10.2024,13,2024,True,0.0130370494055871,0.020423268899321556
5,31.10.2024,13,2024,True,0.0130850541921041,0.021039670333266258
5,01.11.2024,13,2024,True,0.0189549873479954,0.024951599538326263
5,04.11.2024,13,2024,True,0.0168631387264669,0.024848083034157753
5,05.11.2024,13,2024,True,0.0158600857697305,0.02776038460433483
5,06.11.2024,13,2024,True,0.0173221830157605,0.02239384688436985
5,07.11.2024,13,2024,True,0.0161257069167078,0.02325012907385826
5,08.11.2024,13,2024,True,0.0155898661011414,0.022094590589404106
5,11.11.2024,13,2024,True,0.0186535601040035,0.022069182246923447
5,12.11.2024,13,2024,True,0.0186862647934543,0.019279396161437035
5,13.11.2024,13,2024,True,0.0192361223049969,0.022837890312075615
5,14.11.2024,13,2024,True,0.0208887552717721,0.020744727924466133
5,15.11.2024,13,2024,True,0.0151691652343193,0.018160229548811913
5,18.11.2024,13,2024,True,0.0188758818005118,0.02077324315905571
5,19.11.2024,13,2024,True,0.0188843701899054,0.02084476500749588
5,20.11.2024,13,2024,True,0.0186351076677361,0.020596010610461235
5,21.11.2024,13,2024,True,0.0154662383270448,0.018135759979486465
5,22.11.2024,13,2024,True,0.0130571587777859,0.01633181795477867
5,25.11.2024,13,2024,True,0.0144660725275627,0.020884552970528603
5,26.11.2024,13,2024,True,0.0170018529377082,0.019681455567479134
5,27.11.2024,13,2024,True,0.0169860121681976,0.015475958585739136
5,29.11.2024,13,2024,True,0.0175249257898276,0.01706986129283905
5,02.12.2024,13,2024,True,0.0181665935526134,0.015985608100891113
5,03.12.2024,13,2024,True,0.0126635665352143,0.016067976132035255
5,04.12.2024,13,2024,True,0.0129831931544724,0.018695402890443802
5,05.12.2024,13,2024,True,0.0128105555670943,0.017105627804994583
5,06.12.2024,13,2024,True,0.0089917256249083,0.01573648862540722
5,09.12.2024,13,2024,True,0.0111004904868422,0.015537324361503124
5,10.12.2024,13,2024,True,0.012921815537479,0.011504260823130608
5,11.12.2024,13,2024,True,0.0097376752631711,0.01344183087348938
5,12.12.2024,13,2024,True,0.0101956155735922,0.014407537877559662
5,13.12.2024,13,2024,True,0.0055958154413272,0.01564689353108406
5,16.12.2024,13,2024,True,0.0052365061456049,0.016402414068579674
5,17.12.2024,13,2024,True,0.0077155980519003,0.01550247985869646
5,18.12.2024,13,2024,True,0.0079795310584347,0.015601991675794125
5,19.12.2024,13,2024,True,0.0086243802365775,0.01413231622427702
5,20.12.2024,13,2024,True,0.0085101305373277,0.015817709267139435
5,23.12.2024,13,2024,True,0.0072673442546261,0.012979814782738686
5,24.12.2024,13,2024,True,0.0084759161373568,0.015943601727485657
5,26.12.2024,13,2024,True,0.0060647180784431,0.0163134653121233
5,27.12.2024,13,2024,True,0.0073956071815334,0.014408236369490623
5,30.12.2024,13,2024,True,0.0074018453547897,0.015385307371616364
5,31.12.2024,13,2024,True,0.0112744980645349,0.015619774349033833
22,02.01.2024,13,2024,True,0.0182331624257302,0.021626384928822517
22,03.01.2024,13,2024,True,0.017087131376673,0.021305648609995842
22,04.01.2024,13,2024,True,0.0170592923001595,0.02131335623562336
22,05.01.2024,13,2024,True,0.016839767321392,0.02128649316728115
22,08.01.2024,13,2024,True,0.016150863084851,0.02085558883845806
22,09.01.2024,13,2024,True,0.0157811836346703,0.022226324304938316
22,10.01.2024,13,2024,True,0.0155628833361531,0.020957689732313156
22,11.01.2024,13,2024,True,0.0155875335123138,0.020771069452166557
22,12.01.2024,13,2024,True,0.0158911307497111,0.020708490163087845
22,16.01.2024,13,2024,True,0.0161385851113936,0.024031171575188637
22,17.01.2024,13,2024,True,0.0160707544126414,0.01852717064321041
22,18.01.2024,13,2024,True,0.0162025690820137,0.01857665739953518
22,19.01.2024,13,2024,True,0.0161389088941382,0.019239788874983788
22,22.01.2024,13,2024,True,0.0157688186272712,0.019712503999471664
22,23.01.2024,13,2024,True,0.0166971539071154,0.018438436090946198
22,24.01.2024,13,2024,True,0.0168003020564435,0.017401810735464096
22,25.01.2024,13,2024,True,0.0158506307176211,0.017632553353905678
22,26.01.2024,13,2024,True,0.0155896561599503,0.018506815657019615
22,29.01.2024,13,2024,True,0.015279141627168,0.018494950607419014
22,30.01.2024,13,2024,True,0.0152403444636836,0.01847154088318348
22,31.01.2024,13,2024,True,0.0150479780451031,0.019073177129030228
22,01.02.2024,13,2024,True,0.0126510215374736,0.02083621919155121
22,02.02.2024,13,2024,True,0.0120139113104586,0.01814214698970318
22,05.02.2024,13,2024,True,0.0119717962259463,0.01837359368801117
22,06.02.2024,13,2024,True,0.012252222569154,0.01727944239974022
22,07.02.2024,13,2024,True,0.0121815802702951,0.016136733815073967
22,08.02.2024,13,2024,True,0.0104318088518199,0.01566987857222557
22,09.02.2024,13,2024,True,0.0116772974611738,0.015216191299259663
22,12.02.2024,13,2024,True,0.0120983016943355,0.01832488551735878
22,13.02.2024,13,2024,True,0.0119933757924729,0.018041005358099937
22,14.02.2024,13,2024,True,0.0119625065057502,0.01778884418308735
22,15.02.2024,13,2024,True,0.0116559156023233,0.018009746447205544
22,16.02.2024,13,2024,True,0.012268440470372,0.017036838456988335
22,20.02.2024,13,2024,True,0.0118357038541254,0.016833780333399773
22,21.02.2024,13,2024,True,0.0118081378660591,0.01631641574203968
22,22.02.2024,13,2024,True,0.0121139950372158,0.01701052114367485
22,23.02.2024,13,2024,True,0.0107367130435762,0.017071811482310295
22,26.02.2024,13,2024,True,0.0105979442488166,0.015921223908662796
22,27.02.2024,13,2024,True,0.0107425628365395,0.016232730820775032
22,28.02.2024,13,2024,True,0.0107526305570219,0.017262959852814674
22,29.02.2024,13,2024,True,0.0111955830796837,0.01637406088411808
22,01.03.2024,13,2024,True,0.0111731964925588,0.018513135612010956
22,04.03.2024,13,2024,True,0.0110858434986444,0.017273275181651115
22,05.03.2024,13,2024,True,0.0106800328602567,0.017559826374053955
22,06.03.2024,13,2024,True,0.0109528121844719,0.017579151317477226
22,07.03.2024,13,2024,True,0.0113625477313129,0.014985177665948868
22,08.03.2024,13,2024,True,0.0110420656958601,0.014093251898884773
22,11.03.2024,13,2024,True,0.0113553163926945,0.015663905069231987
22,12.03.2024,13,2024,True,0.0112558134968294,0.015723753720521927
22,13.03.2024,13,2024,True,0.0103595838898385,0.016096938401460648
22,14.03.2024,13,2024,True,0.0099556704120135,0.015176893211901188
22,15.03.2024,13,2024,True,0.0122100364788518,0.01789258047938347
22,18.03.2024,13,2024,True,0.011616832981996,0.015803107991814613
22,19.03.2024,13,2024,True,0.0115611155066932,0.015409564599394798
22,20.03.2024,13,2024,True,0.010995659410846,0.015224488452076912
22,21.03.2024,13,2024,True,0.0114686518611005,0.014178561978042126
22,22.03.2024,13,2024,True,0.0114791545373582,0.015394696965813637
22,25.03.2024,13,2024,True,0.0112708356151674,0.01468005869537592
22,26.03.2024,13,2024,True,0.0111958089356493,0.01477936189621687
22,27.03.2024,13,2024,True,0.0115718753747905,0.015638496726751328
22,28.03.2024,13,2024,True,0.0111784000262616,0.014714929275214672
22,01.04.2024,13,2024,True,0.0157208924154886,0.01392225082963705
22,02.04.2024,13,2024,True,0.0151791831680394,0.015492770820856094
22,03.04.2024,13,2024,True,0.015127990287511,0.015173294581472874
22,04.04.2024,13,2024,True,0.0147117861896321,0.015771422535181046
22,05.04.2024,13,2024,True,0.0145642595198065,0.018285274505615234
22,08.04.2024,13,2024,True,0.0146554045849629,0.01925288513302803
22,09.04.2024,13,2024,True,0.0146407264886888,0.017583779990673065
22,10.04.2024,13,2024,True,0.0144104892026149,0.015393543988466263
22,11.04.2024,13,2024,True,0.0145601027412762,0.016609780490398407
22,12.04.2024,13,2024,True,0.01444184606915,0.017427945509552956
22,15.04.2024,13,2024,True,0.0145615159140922,0.0180409774184227
22,16.04.2024,13,2024,True,0.0147103009058658,0.023878121748566628
22,17.04.2024,13,2024,True,0.0135860044361891,0.020445065572857857
22,18.04.2024,13,2024,True,0.0135894839734689,0.02105674333870411
22,19.04.2024,13,2024,True,0.0136679591103426,0.018414238467812538
22,22.04.2024,13,2024,True,0.0138181632989988,0.0185888409614563
22,23.04.2024,13,2024,True,0.013170199835224,0.016435816884040833
22,24.04.2024,13,2024,True,0.0134595887916105,0.0150184640660882
22,25.04.2024,13,2024,True,0.0144693516814315,0.016228890046477318
22,26.04.2024,13,2024,True,0.0143904049251947,0.015215962193906307
22,29.04.2024,13,2024,True,0.014769775271896,0.016098514199256897
22,30.04.2024,13,2024,True,0.0147583446177617,0.015293710865080357
22,01.05.2024,13,2024,True,0.0131628586275841,0.015927128493785858
22,02.05.2024,13,2024,True,0.013204390611883,0.014906072989106178
22,03.05.2024,13,2024,True,0.0135215409106726,0.015285307541489601
22,06.05.2024,13,2024,True,0.0141806477991554,0.015568512491881847
22,07.05.2024,13,2024,True,0.0141829819184601,0.017849264666438103
22,08.05.2024,13,2024,True,0.0152458868364363,0.01707133837044239
22,09.05.2024,13,2024,True,0.0152453571013082,0.01490270346403122
22,10.05.2024,13,2024,True,0.0151237156205243,0.016340799629688263
22,13.05.2024,13,2024,True,0.0150511268452194,0.015257308259606361
22,14.05.2024,13,2024,True,0.0148355288697292,0.015246433205902576
22,15.05.2024,13,2024,True,0.0153828426362777,0.015502582304179668
22,16.05.2024,13,2024,True,0.0155529757343877,0.015381094068288803
22,17.05.2024,13,2024,True,0.0154853219425094,0.014589651487767696
22,20.05.2024,13,2024,True,0.0155219542027669,0.014846757985651493
22,21.05.2024,13,2024,True,0.0154204212142047,0.01527812797576189
22,22.05.2024,13,2024,True,0.0154120882811916,0.01467430591583252
22,23.05.2024,13,2024,True,0.0153007262502782,0.015154475346207619
22,24.05.2024,13,2024,True,0.0154129197360001,0.014428694732487202
22,28.05.2024,13,2024,True,0.0145373267479743,0.013446545228362083
22,29.05.2024,13,2024,True,0.0144117893483619,0.01634419709444046
22,30.05.2024,13,2024,True,0.013574598880175,0.01567167043685913
22,31.05.2024,13,2024,True,0.0136915636567781,0.013313373550772667
22,03.06.2024,13,2024,True,0.0100481440696783,0.0153059596195817
22,04.06.2024,13,2024,True,0.0099369164901794,0.016744131222367287
22,05.06.2024,13,2024,True,0.0104707019708945,0.01646324060857296
22,06.06.2024,13,2024,True,0.0099338679682777,0.01383835170418024
22,07.06.2024,13,2024,True,0.0098436550728211,0.016262179240584373
22,10.06.2024,13,2024,True,0.0086730915637395,0.015076836571097374
22,11.06.2024,13,2024,True,0.0087045301318858,0.014149605296552181
22,12.06.2024,13,2024,True,0.0091211750396269,0.01449299044907093
22,13.06.2024,13,2024,True,0.0096928860505059,0.013449815101921558
22,14.06.2024,13,2024,True,0.0096747540784296,0.01292571984231472
22,17.06.2024,13,2024,True,0.0108701493612635,0.013293356634676456
22,18.06.2024,13,2024,True,0.0104392327247216,0.012224189005792141
22,20.06.2024,13,2024,True,0.0108433475853765,0.012063818983733654
22,21.06.2024,13,2024,True,0.0110759151394408,0.013375929556787014
22,24.06.2024,13,2024,True,0.0110331944072497,0.014150057919323444
22,25.06.2024,13,2024,True,0.0112026227023383,0.015500078909099102
22,26.06.2024,13,2024,True,0.0115643049881287,0.014896456152200699
22,27.06.2024,13,2024,True,0.0112122373583429,0.015542515553534031
22,28.06.2024,13,2024,True,0.012946533667273,0.01410316675901413
22,01.07.2024,13,2024,True,0.013128708022165,0.014738893136382103
22,02.07.2024,13,2024,True,0.0146802067147718,0.013494742102921009
22,03.07.2024,13,2024,True,0.0141233765047889,0.013021808117628098
22,05.07.2024,13,2024,True,0.0142188078874483,0.011525093577802181
22,08.07.2024,13,2024,True,0.0155144553198311,0.010325158014893532
22,09.07.2024,13,2024,True,0.0156894622807295,0.012560546398162842
22,10.07.2024,13,2024,True,0.0157247856354849,0.01366964541375637
22,11.07.2024,13,2024,True,0.0174251425124863,0.011080211959779263
22,12.07.2024,13,2024,True,0.0178421630788625,0.01164594478905201
22,15.07.2024,13,2024,True,0.017949527701373,0.011483157984912395
22,16.07.2024,13,2024,True,0.0182160205253612,0.01008566003292799
22,17.07.2024,13,2024,True,0.0180632668447531,0.01059283409267664
22,18.07.2024,13,2024,True,0.0186766809138357,0.01322637777775526
22,19.07.2024,13,2024,True,0.0178050271190988,0.013382455334067345
22,22.07.2024,13,2024,True,0.0179848786156412,0.015217514708638191
22,23.07.2024,13,2024,True,0.0181583032345602,0.014647542499005795
22,24.07.2024,13,2024,True,0.0188155825571843,0.014779230579733849
22,25.07.2024,13,2024,True,0.0199013608738821,0.015033522620797157
22,26.07.2024,13,2024,True,0.0202616968929956,0.013678201474249363
22,29.07.2024,13,2024,True,0.0200920392783353,0.015617921017110348
22,30.07.2024,13,2024,True,0.0201520235289104,0.018302766606211662
22,31.07.2024,13,2024,True,0.0195574633946778,0.0182130578905344
22,01.08.2024,13,2024,True,0.023867841192386,0.016660692170262337
22,02.08.2024,13,2024,True,0.0229771755652971,0.016746902838349342
22,05.08.2024,13,2024,True,0.0229629976059289,0.02030724473297596
22,06.08.2024,13,2024,True,0.0233434793232938,0.03168744221329689
22,07.08.2024,13,2024,True,0.0227792195185713,0.021154727786779404
22,08.08.2024,13,2024,True,0.023618606453021,0.019838718697428703
22,09.08.2024,13,2024,True,0.0241525972126583,0.017746640369296074
22,12.08.2024,13,2024,True,0.023293845448274,0.01768307201564312
22,13.08.2024,13,2024,True,0.0230933549371986,0.0221870020031929
22,14.08.2024,13,2024,True,0.0234800429962866,0.01812061294913292
22,15.08.2024,13,2024,True,0.0233680417698259,0.016420332714915276
22,16.08.2024,13,2024,True,0.0232067534945966,0.016832148656249046
22,19.08.2024,13,2024,True,0.0230379178613176,0.01788226328790188
22,20.08.2024,13,2024,True,0.0230320602917889,0.01753116585314274
22,21.08.2024,13,2024,True,0.0228854657809796,0.017599446699023247
22,22.08.2024,13,2024,True,0.0229495891231459,0.018705615773797035
22,23.08.2024,13,2024,True,0.0227301579755006,0.016766728833317757
22,26.08.2024,13,2024,True,0.0219248426851458,0.018362153321504593
22,27.08.2024,13,2024,True,0.0216848316980793,0.017234396189451218
22,28.08.2024,13,2024,True,0.0216328327982984,0.017766892910003662
22,29.08.2024,13,2024,True,0.0220780147701043,0.018603917211294174
22,30.08.2024,13,2024,True,0.0220154528316957,0.0189483854919672
22,03.09.2024,13,2024,True,0.0198471195708663,0.020927036181092262
22,04.09.2024,13,2024,True,0.0195017366739664,0.020090654492378235
22,05.09.2024,13,2024,True,0.0207073631226051,0.022116608917713165
22,06.09.2024,13,2024,True,0.0228402022908103,0.01974058896303177
22,09.09.2024,13,2024,True,0.0229093226395804,0.02354910783469677
22,10.09.2024,13,2024,True,0.0220832677807712,0.02065129205584526
22,11.09.2024,13,2024,True,0.0219653368619007,0.021697454154491425
22,12.09.2024,13,2024,True,0.0223695272316873,0.023034632205963135
22,13.09.2024,13,2024,True,0.0243589610762019,0.021758606657385826
22,16.09.2024,13,2024,True,0.0241548882920754,0.02218492142856121
22,17.09.2024,13,2024,True,0.0240113209496501,0.023334741592407227
22,18.09.2024,13,2024,True,0.0243622191361222,0.022669313475489616
22,19.09.2024,13,2024,True,0.0243666275146597,0.02202722243964672
22,20.09.2024,13,2024,True,0.0248488627570082,0.024479931220412254
22,23.09.2024,13,2024,True,0.024993562059168,0.026206189766526222
22,24.09.2024,13,2024,True,0.0247774693992974,0.021594785153865814
22,25.09.2024,13,2024,True,0.0246946948172621,0.022272475063800812
22,26.09.2024,13,2024,True,0.0277303749923369,0.017932074144482613
22,27.09.2024,13,2024,True,0.027716135717486,0.02087099850177765
22,30.09.2024,13,2024,True,0.028048334736306,0.022169802337884903
22,01.10.2024,13,2024,True,0.0275923378294705,0.021036749705672264
22,02.10.2024,13,2024,True,0.0275710795544624,0.022867411375045776
22,03.10.2024,13,2024,True,0.0260226786879414,0.02561706118285656
22,04.10.2024,13,2024,True,0.0260286651256768,0.0386383943259716
22,07.10.2024,13,2024,True,0.0246484055172192,0.025534875690937042
22,08.10.2024,13,2024,True,0.0227285971152738,0.025310881435871124
22,09.10.2024,13,2024,True,0.0231985104121863,0.03038199432194233
22,10.10.2024,13,2024,True,0.0222333931670077,0.02858046256005764
22,11.10.2024,13,2024,True,0.0222630681802727,0.027940532192587852
22,14.10.2024,13,2024,True,0.022061557765702,0.030384611338377
22,15.10.2024,13,2024,True,0.0202816541623702,0.02657756581902504
22,16.10.2024,13,2024,True,0.0207286555894198,0.029546527191996574
22,17.10.2024,13,2024,True,0.0218986677254509,0.028495769947767258
22,18.10.2024,13,2024,True,0.0215206309783285,0.02717946469783783
22,21.10.2024,13,2024,True,0.0212424929583164,0.026704413816332817
22,22.10.2024,13,2024,True,0.0210431623700208,0.026648899540305138
22,23.10.2024,13,2024,True,0.0210202333444137,0.025716688483953476
22,24.10.2024,13,2024,True,0.0218797827435018,0.030010342597961426
22,25.10.2024,13,2024,True,0.0212662022622113,0.024588918313384056
22,28.10.2024,13,2024,True,0.0163600137348805,0.030391082167625427
22,29.10.2024,13,2024,True,0.0163205405121638,0.021849175915122032
22,30.10.2024,13,2024,True,0.0161199659310954,0.022010089829564095
22,31.10.2024,13,2024,True,0.0168966400676919,0.02065570466220379
22,01.11.2024,13,2024,True,0.0173390975269486,0.0284451674669981
22,04.11.2024,13,2024,True,0.016240513018894,0.025128953158855438
22,05.11.2024,13,2024,True,0.0163258409970066,0.026528146117925644
22,06.11.2024,13,2024,True,0.0166672543268843,0.022505151107907295
22,07.11.2024,13,2024,True,0.0164920573736783,0.024403074756264687
22,08.11.2024,13,2024,True,0.0163125399721513,0.023370793089270592
22,11.11.2024,13,2024,True,0.0150958361006008,0.022872837260365486
22,12.11.2024,13,2024,True,0.015372073071668,0.020693566650152206
22,13.11.2024,13,2024,True,0.0154748803562021,0.021677834913134575
22,14.11.2024,13,2024,True,0.015628121467238,0.018842874094843864
22,15.11.2024,13,2024,True,0.0148700810688922,0.017949901521205902
22,18.11.2024,13,2024,True,0.0133772881810164,0.020484764128923416
22,19.11.2024,13,2024,True,0.0133790608415546,0.020545681938529015
22,20.11.2024,13,2024,True,0.0133294770850245,0.020341603085398674
22,21.11.2024,13,2024,True,0.0129536500393912,0.019541623070836067
22,22.11.2024,13,2024,True,0.0126449495319101,0.018926814198493958
22,25.11.2024,13,2024,True,0.0112946365885678,0.022108860313892365
22,26.11.2024,13,2024,True,0.0112768991953784,0.02199207991361618
22,27.11.2024,13,2024,True,0.0112868978230719,0.01880555786192417
22,29.11.2024,13,2024,True,0.011793148322839,0.019597243517637253
22,02.12.2024,13,2024,True,0.0112030205560252,0.018609298393130302
22,03.12.2024,13,2024,True,0.0101426004965039,0.017737897112965584
22,04.12.2024,13,2024,True,0.009280073285598,0.018001006916165352
22,05.12.2024,13,2024,True,0.009710928631746,0.016961080953478813
22,06.12.2024,13,2024,True,0.0128536441777658,0.015677398070693016
22,09.12.2024,13,2024,True,0.0129004270877763,0.014599998481571674
22,10.12.2024,13,2024,True,0.0134850314465886,0.015007760375738144
22,11.12.2024,13,2024,True,0.0139550807622982,0.016847632825374603
22,12.12.2024,13,2024,True,0.014213055409172,0.017050527036190033
22,13.12.2024,13,2024,True,0.0142092344655273,0.017898771911859512
22,16.12.2024,13,2024,True,0.0148087602306923,0.018580785021185875
22,17.12.2024,13,2024,True,0.0146092779554251,0.019030237570405006
22,18.12.2024,13,2024,True,0.0148507981071064,0.01634572260081768
22,19.12.2024,13,2024,True,0.01468570566618,0.01772560551762581
22,20.12.2024,13,2024,True,0.0153900380425454,0.016381971538066864
22,23.12.2024,13,2024,True,0.0153246803685952,0.014466949738562107
22,24.12.2024,13,2024,True,0.0154619847741126,0.017884600907564163
22,26.12.2024,13,2024,True,0.0154044613755214,0.01751728355884552
22,27.12.2024,13,2024,True,0.0152510977740918,0.016832774505019188
22,30.12.2024,13,2024,True,0.0154599817257405,0.017343362793326378
22,31.12.2024,13,2024,True,0.0154585551823588,0.01829233393073082
66,02.01.2024,13,2024,True,0.0139466903219893,0.025834491476416588
66,03.01.2024,13,2024,True,0.0135942430085815,0.02278902195394039
66,04.01.2024,13,2024,True,0.013582361741074,0.02319645695388317
66,05.01.2024,13,2024,True,0.0135501826356433,0.02371148206293583
66,08.01.2024,13,2024,True,0.0127951148158405,0.02230030484497547
66,09.01.2024,13,2024,True,0.012650854713436,0.02279776893556118
66,10.01.2024,13,2024,True,0.0125607875436218,0.025314560160040855
66,11.01.2024,13,2024,True,0.0131877938126398,0.022173363715410233
66,12.01.2024,13,2024,True,0.0131424734181758,0.022227009758353233
66,16.01.2024,13,2024,True,0.0131410211440862,0.02308046817779541
66,17.01.2024,13,2024,True,0.0131276135492903,0.02400585450232029
66,18.01.2024,13,2024,True,0.0131383530938573,0.02358318492770195
66,19.01.2024,13,2024,True,0.0131182756168184,0.02567272260785103
66,22.01.2024,13,2024,True,0.0129963843966237,0.026120999827980995
66,23.01.2024,13,2024,True,0.0129661692585261,0.023023592308163643
66,24.01.2024,13,2024,True,0.0130702429074578,0.022132238373160362
66,25.01.2024,13,2024,True,0.0126270410956006,0.021289147436618805
66,26.01.2024,13,2024,True,0.0140917518244726,0.02172146737575531
66,29.01.2024,13,2024,True,0.0139887312967168,0.022230524569749832
66,30.01.2024,13,2024,True,0.0140127958380673,0.02260294184088707
66,31.01.2024,13,2024,True,0.0139110148344476,0.0219776201993227
66,01.02.2024,13,2024,True,0.0130877432922774,0.021576328203082085
66,02.02.2024,13,2024,True,0.0128932216329761,0.022142956033349037
66,05.02.2024,13,2024,True,0.0128644461053916,0.021015578880906105
66,06.02.2024,13,2024,True,0.0129547755108436,0.020110931247472763
66,07.02.2024,13,2024,True,0.0129469856294881,0.018226394429802895
66,08.02.2024,13,2024,True,0.0125072409935312,0.01764194294810295
66,09.02.2024,13,2024,True,0.0124911837639358,0.018176419660449028
66,12.02.2024,13,2024,True,0.0125102623127686,0.019734181463718414
66,13.02.2024,13,2024,True,0.0125011093767275,0.019888846203684807
66,14.02.2024,13,2024,True,0.0123780604022943,0.019632045179605484
66,15.02.2024,13,2024,True,0.0122997393022932,0.021628398448228836
66,16.02.2024,13,2024,True,0.0123510545770485,0.023795271292328835
66,20.02.2024,13,2024,True,0.0122643462258448,0.021599221974611282
66,21.02.2024,13,2024,True,0.0122750939045658,0.022232219576835632
66,22.02.2024,13,2024,True,0.0126332280862766,0.020848926156759262
66,23.02.2024,13,2024,True,0.0122820059059456,0.026415517553687096
66,26.02.2024,13,2024,True,0.0124852234718429,0.01943238638341427
66,27.02.2024,13,2024,True,0.0123730698540345,0.018929284065961838
66,28.02.2024,13,2024,True,0.0133336573746878,0.020824702456593513
66,29.02.2024,13,2024,True,0.0133878258862676,0.018801655620336533
66,01.03.2024,13,2024,True,0.0134768559952024,0.019276129081845284
66,04.03.2024,13,2024,True,0.0136472779616329,0.019012028351426125
66,05.03.2024,13,2024,True,0.0136082636502864,0.018313728272914886
66,06.03.2024,13,2024,True,0.013891812418067,0.018085751682519913
66,07.03.2024,13,2024,True,0.01389963039016,0.018067743629217148
66,08.03.2024,13,2024,True,0.0138754905745322,0.01764516346156597
66,11.03.2024,13,2024,True,0.0138759020751831,0.017198218032717705
66,12.03.2024,13,2024,True,0.0138701003238692,0.017788108438253403
66,13.03.2024,13,2024,True,0.0137228813703272,0.018483323976397514
66,14.03.2024,13,2024,True,0.0136628627619517,0.01831584796309471
66,15.03.2024,13,2024,True,0.0136733300876823,0.018500151112675667
66,18.03.2024,13,2024,True,0.0135040493897426,0.018254606053233147
66,19.03.2024,13,2024,True,0.0135330880741058,0.01816537417471409
66,20.03.2024,13,2024,True,0.0134569596654135,0.01779484562575817
66,21.03.2024,13,2024,True,0.0134599765714976,0.018008487299084663
66,22.03.2024,13,2024,True,0.0135502179272489,0.018347853794693947
66,25.03.2024,13,2024,True,0.0134170699183515,0.01747526414692402
66,26.03.2024,13,2024,True,0.0134006608551876,0.01707381010055542
66,27.03.2024,13,2024,True,0.0134087566970589,0.017768368124961853
66,28.03.2024,13,2024,True,0.0133536295331093,0.017398511990904808
66,01.04.2024,13,2024,True,0.0134011778746087,0.01732397824525833
66,02.04.2024,13,2024,True,0.0132721197672903,0.018187813460826874
66,03.04.2024,13,2024,True,0.0133393561604841,0.01766311749815941
66,04.04.2024,13,2024,True,0.0132229146504745,0.01726331003010273
66,05.04.2024,13,2024,True,0.0132098421100741,0.018321825191378593
66,08.04.2024,13,2024,True,0.0131815485838039,0.01908390037715435
66,09.04.2024,13,2024,True,0.0131260950730654,0.017075657844543457
66,10.04.2024,13,2024,True,0.0131192392692792,0.01766311749815941
66,11.04.2024,13,2024,True,0.0132571138805099,0.017727458849549294
66,12.04.2024,13,2024,True,0.0132135225672155,0.017850156873464584
66,15.04.2024,13,2024,True,0.0136724820476675,0.01786119118332863
66,16.04.2024,13,2024,True,0.0136735762829844,0.02322365902364254
66,17.04.2024,13,2024,True,0.0133173950781393,0.0271449014544487
66,18.04.2024,13,2024,True,0.0133705310329303,0.021713171154260635
66,19.04.2024,13,2024,True,0.0134116125212663,0.018776731565594673
66,22.04.2024,13,2024,True,0.0135236021555741,0.02153812162578106
66,23.04.2024,13,2024,True,0.0134855449174812,0.019604641944169998
66,24.04.2024,13,2024,True,0.0135751637401367,0.01812463067471981
66,25.04.2024,13,2024,True,0.0139171283871995,0.018354441970586777
66,26.04.2024,13,2024,True,0.0139872661313218,0.01771087385714054
66,29.04.2024,13,2024,True,0.0145066073763068,0.01854613609611988
66,30.04.2024,13,2024,True,0.0145090225782324,0.017739929258823395
66,01.05.2024,13,2024,True,0.0131331128154065,0.017899826169013977
66,02.05.2024,13,2024,True,0.0134872324992029,0.019968485459685326
66,03.05.2024,13,2024,True,0.0135277050350854,0.0173189640045166
66,06.05.2024,13,2024,True,0.0135404442254786,0.0177951380610466
66,07.05.2024,13,2024,True,0.014144994023818,0.019182492047548294
66,08.05.2024,13,2024,True,0.0143328935264683,0.018976561725139618
66,09.05.2024,13,2024,True,0.0143874664347492,0.018703622743487358
66,10.05.2024,13,2024,True,0.0144482373206221,0.019086632877588272
66,13.05.2024,13,2024,True,0.0145624562683692,0.01798882707953453
66,14.05.2024,13,2024,True,0.014823003669969,0.01800004579126835
66,15.05.2024,13,2024,True,0.0148203734178692,0.018333202227950096
66,16.05.2024,13,2024,True,0.0148899685766899,0.018559088930487633
66,17.05.2024,13,2024,True,0.0149821245324987,0.018261436372995377
66,20.05.2024,13,2024,True,0.0152754623940716,0.018742002546787262
66,21.05.2024,13,2024,True,0.0156971379652042,0.01847582869231701
66,22.05.2024,13,2024,True,0.0158900050229844,0.018655218183994293
66,23.05.2024,13,2024,True,0.0159292434886983,0.018533146008849144
66,24.05.2024,13,2024,True,0.0160181593939687,0.018467243760824203
66,28.05.2024,13,2024,True,0.0157823759685365,0.01830543763935566
66,29.05.2024,13,2024,True,0.0176946026446074,0.01853165216743946
66,30.05.2024,13,2024,True,0.0176021932832481,0.018521199002861977
66,31.05.2024,13,2024,True,0.0176027803627475,0.01673724129796028
66,03.06.2024,13,2024,True,0.0171204813820263,0.01756398379802704
66,04.06.2024,13,2024,True,0.0171474969089771,0.019547833129763603
66,05.06.2024,13,2024,True,0.0176484161018247,0.01845920830965042
66,06.06.2024,13,2024,True,0.0176829808672,0.017935344949364662
66,07.06.2024,13,2024,True,0.0178688834724459,0.017766380682587624
66,10.06.2024,13,2024,True,0.0175642201152714,0.017641831189393997
66,11.06.2024,13,2024,True,0.0176878190964068,0.018374016508460045
66,12.06.2024,13,2024,True,0.017738448122543,0.018236534669995308
66,13.06.2024,13,2024,True,0.0177334439153405,0.017374703660607338
66,14.06.2024,13,2024,True,0.0178763980934607,0.015598336234688759
66,17.06.2024,13,2024,True,0.0176871361308514,0.018033329397439957
66,18.06.2024,13,2024,True,0.0176075034370926,0.01595381647348404
66,20.06.2024,13,2024,True,0.0177480902931381,0.015698198229074478
66,21.06.2024,13,2024,True,0.0179313445692556,0.017570557072758675
66,24.06.2024,13,2024,True,0.0181032096121404,0.01888209395110607
66,25.06.2024,13,2024,True,0.018095252103724,0.018719147890806198
66,26.06.2024,13,2024,True,0.0180829814664758,0.018764376640319824
66,27.06.2024,13,2024,True,0.0182892542251945,0.018427692353725433
66,28.06.2024,13,2024,True,0.0183070197551474,0.0180218406021595
66,01.07.2024,13,2024,True,0.0193671960153813,0.018308071419596672
66,02.07.2024,13,2024,True,0.0193846208976425,0.017556950449943542
66,03.07.2024,13,2024,True,0.0198609734190244,0.015790533274412155
66,05.07.2024,13,2024,True,0.020641846070229,0.0156985092908144
66,08.07.2024,13,2024,True,0.0206349576334677,0.011489835567772388
66,09.07.2024,13,2024,True,0.0211050964432844,0.012487931177020073
66,10.07.2024,13,2024,True,0.0210964722730192,0.014281630516052246
66,11.07.2024,13,2024,True,0.0212170070179351,0.011693318374454975
66,12.07.2024,13,2024,True,0.0218028840899415,0.01222072634845972
66,15.07.2024,13,2024,True,0.0218038272979446,0.01295961532741785
66,16.07.2024,13,2024,True,0.0217668908567391,0.013181756250560284
66,17.07.2024,13,2024,True,0.0217516732274475,0.01318842638283968
66,18.07.2024,13,2024,True,0.0218750959388837,0.015697352588176727
66,19.07.2024,13,2024,True,0.021819840037755,0.016022605821490288
66,22.07.2024,13,2024,True,0.0218782278345716,0.017056625336408615
66,23.07.2024,13,2024,True,0.0218064249750443,0.017062628641724586
66,24.07.2024,13,2024,True,0.0219650743024018,0.017120342701673508
66,25.07.2024,13,2024,True,0.0232083371109282,0.017071867361664772
66,26.07.2024,13,2024,True,0.0231529809575982,0.017125898972153664
66,29.07.2024,13,2024,True,0.0232328272123346,0.01731209270656109
66,30.07.2024,13,2024,True,0.0232054117662217,0.018498212099075317
66,31.07.2024,13,2024,True,0.0229528678778207,0.018184803426265717
66,01.08.2024,13,2024,True,0.0231493862280976,0.01912429742515087
66,02.08.2024,13,2024,True,0.0227739034187746,0.018932148814201355
66,05.08.2024,13,2024,True,0.0227808631362685,0.022202543914318085
66,06.08.2024,13,2024,True,0.0228100754057013,0.024645470082759857
66,07.08.2024,13,2024,True,0.0227874582250837,0.021598629653453827
66,08.08.2024,13,2024,True,0.0229831397261079,0.022107401862740517
66,09.08.2024,13,2024,True,0.0229645628292779,0.02047796919941902
66,12.08.2024,13,2024,True,0.0225830537591798,0.02246077172458172
66,13.08.2024,13,2024,True,0.0224837511972345,0.02077985182404518
66,14.08.2024,13,2024,True,0.0225798872719823,0.019913628697395325
66,15.08.2024,13,2024,True,0.0228433061298488,0.01917680911719799
66,16.08.2024,13,2024,True,0.0227627076261193,0.018810700625181198
66,19.08.2024,13,2024,True,0.0225691417588288,0.01867557503283024
66,20.08.2024,13,2024,True,0.022697431283232,0.019043095409870148
66,21.08.2024,13,2024,True,0.0226819607154547,0.020320704206824303
66,22.08.2024,13,2024,True,0.0228749212998105,0.019472599029541016
66,23.08.2024,13,2024,True,0.0226799547691992,0.019429510459303856
66,26.08.2024,13,2024,True,0.0223417405412458,0.019633756950497627
66,27.08.2024,13,2024,True,0.0221798214503912,0.019664587453007698
66,28.08.2024,13,2024,True,0.0222127654946626,0.02009861171245575
66,29.08.2024,13,2024,True,0.0223381492089506,0.02058115229010582
66,30.08.2024,13,2024,True,0.0223749293134568,0.020508795976638794
66,03.09.2024,13,2024,True,0.0208541145323047,0.020042138174176216
66,04.09.2024,13,2024,True,0.0208461543675951,0.02209845557808876
66,05.09.2024,13,2024,True,0.0209232078510354,0.02327919937670231
66,06.09.2024,13,2024,True,0.0207323503368807,0.0228735338896513
66,09.09.2024,13,2024,True,0.0208100374195619,0.024089526385068893
66,10.09.2024,13,2024,True,0.0202649171468338,0.02297859452664852
66,11.09.2024,13,2024,True,0.0201927928812814,0.02341354638338089
66,12.09.2024,13,2024,True,0.0200895915394468,0.02417212538421154
66,13.09.2024,13,2024,True,0.0201179780370816,0.02223210409283638
66,16.09.2024,13,2024,True,0.0200275551042805,0.021927764639258385
66,17.09.2024,13,2024,True,0.0199812476037402,0.021229909732937813
66,18.09.2024,13,2024,True,0.0199815139259535,0.02142350748181343
66,19.09.2024,13,2024,True,0.0198777406894402,0.022853348404169083
66,20.09.2024,13,2024,True,0.0199370235485368,0.020282799378037453
66,23.09.2024,13,2024,True,0.0199203891639961,0.021153129637241364
66,24.09.2024,13,2024,True,0.019866442917845,0.02211478352546692
66,25.09.2024,13,2024,True,0.0196639025433609,0.02085305191576481
66,26.09.2024,13,2024,True,0.0193999326051131,0.022494740784168243
66,27.09.2024,13,2024,True,0.0194982381688211,0.027117488905787468
66,30.09.2024,13,2024,True,0.0195103220254177,0.023120151832699776
66,01.10.2024,13,2024,True,0.0192892197849695,0.02337534725666046
66,02.10.2024,13,2024,True,0.0193164297001939,0.02283313311636448
66,03.10.2024,13,2024,True,0.0183960650091933,0.026239817962050438
66,04.10.2024,13,2024,True,0.01925454388068,0.03187829256057739
66,07.10.2024,13,2024,True,0.018824650781501,0.025832749903202057
66,08.10.2024,13,2024,True,0.0179520792210765,0.027518276125192642
66,09.10.2024,13,2024,True,0.0181925596954897,0.028874825686216354
66,10.10.2024,13,2024,True,0.0176942523792621,0.028161415830254555
66,11.10.2024,13,2024,True,0.0177023081126235,0.0291906651109457
66,14.10.2024,13,2024,True,0.0176773061728084,0.029459454119205475
66,15.10.2024,13,2024,True,0.0168631504555199,0.02964917942881584
66,16.10.2024,13,2024,True,0.0169070757903539,0.02729661390185356
66,17.10.2024,13,2024,True,0.0169062894611325,0.026261156424880028
66,18.10.2024,13,2024,True,0.0168958583535566,0.02590959705412388
66,21.10.2024,13,2024,True,0.0167889530867325,0.02590421959757805
66,22.10.2024,13,2024,True,0.0166156130699683,0.02600404992699623
66,23.10.2024,13,2024,True,0.0165231453856751,0.026734622195363045
66,24.10.2024,13,2024,True,0.0164934524942003,0.027092566713690758
66,25.10.2024,13,2024,True,0.016320805012089,0.026148810982704163
66,28.10.2024,13,2024,True,0.0143123701740407,0.027743246406316757
66,29.10.2024,13,2024,True,0.014555258659778,0.022354833781719208
66,30.10.2024,13,2024,True,0.0143682571772584,0.02293088659644127
66,31.10.2024,13,2024,True,0.014345136110081,0.021773161366581917
66,01.11.2024,13,2024,True,0.0144748930614413,0.02600589208304882
66,04.11.2024,13,2024,True,0.0142151367845949,0.023569997400045395
66,05.11.2024,13,2024,True,0.0145074822976161,0.025060683488845825
66,06.11.2024,13,2024,True,0.0144751458334018,0.02583071030676365
66,07.11.2024,13,2024,True,0.0144341267447425,0.025294946506619453
66,08.11.2024,13,2024,True,0.0142467438494088,0.023709097877144814
66,11.11.2024,13,2024,True,0.0137991373805725,0.023163719102740288
66,12.11.2024,13,2024,True,0.0138123464078866,0.023380320519208908
66,13.11.2024,13,2024,True,0.0142260494364305,0.021133633330464363
66,14.11.2024,13,2024,True,0.0142294649100901,0.022130046039819717
66,15.11.2024,13,2024,True,0.0142949253239514,0.019323406741023064
66,18.11.2024,13,2024,True,0.0137878008491918,0.02134682796895504
66,19.11.2024,13,2024,True,0.0140227749953885,0.026795735582709312
66,20.11.2024,13,2024,True,0.0140724752332247,0.02349957637488842
66,21.11.2024,13,2024,True,0.0141118903824265,0.023700064048171043
66,22.11.2024,13,2024,True,0.0140456674764269,0.023450525477528572
66,25.11.2024,13,2024,True,0.0139202762987733,0.022632192820310593
66,26.11.2024,13,2024,True,0.0139232524491327,0.022250298410654068
66,27.11.2024,13,2024,True,0.0140230262279063,0.02343376912176609
66,29.11.2024,13,2024,True,0.0141404090326017,0.023744385689496994
66,02.12.2024,13,2024,True,0.0140342789913012,0.026496170088648796
66,03.12.2024,13,2024,True,0.0139134750826801,0.02258783020079136
66,04.12.2024,13,2024,True,0.0138644761521898,0.02300158143043518
66,05.12.2024,13,2024,True,0.0139203886397541,0.02108689956367016
66,06.12.2024,13,2024,True,0.0138489957232844,0.020253794267773628
66,09.12.2024,13,2024,True,0.0137607694430273,0.02053377777338028
66,10.12.2024,13,2024,True,0.0137667754690624,0.019877199083566666
66,11.12.2024,13,2024,True,0.0137433223652487,0.018796022981405258
66,12.12.2024,13,2024,True,0.0137460253354548,0.019676553085446358
66,13.12.2024,13,2024,True,0.0137005854651174,0.021353894844651222
66,16.12.2024,13,2024,True,0.0136685091916802,0.020648648962378502
66,17.12.2024,13,2024,True,0.0136771846978768,0.020830564200878143
66,18.12.2024,13,2024,True,0.0136788522737193,0.018827321007847786
66,19.12.2024,13,2024,True,0.0136677572943262,0.021023133769631386
66,20.12.2024,13,2024,True,0.0137886729131889,0.019064560532569885
66,23.12.2024,13,2024,True,0.0137844333105406,0.018441813066601753
66,24.12.2024,13,2024,True,0.0137136903213584,0.01897856406867504
66,26.12.2024,13,2024,True,0.0159716587765146,0.018695002421736717
66,27.12.2024,13,2024,True,0.0178656097679454,0.018219590187072754
66,30.12.2024,13,2024,True,0.0180107079800045,0.017865823581814766
66,31.12.2024,13,2024,True,0.0181576723135666,0.018366634845733643
126,02.01.2024,13,2024,True,0.0138302782459354,0.024792414158582687
126,03.01.2024,13,2024,True,0.0136037251817229,0.02321193926036358
126,04.01.2024,13,2024,True,0.0136076853199321,0.023191142827272415
126,05.01.2024,13,2024,True,0.0136010984776855,0.02333138883113861
126,08.01.2024,13,2024,True,0.0132450577310567,0.022358600050210953
126,09.01.2024,13,2024,True,0.0131460893981285,0.022912107408046722
126,10.01.2024,13,2024,True,0.0131171140641715,0.022551139816641808
126,11.01.2024,13,2024,True,0.0131040897687639,0.022422363981604576
126,12.01.2024,13,2024,True,0.0131284272934166,0.022098755463957787
126,16.01.2024,13,2024,True,0.0132003615568966,0.022952131927013397
126,17.01.2024,13,2024,True,0.0131897234230836,0.02433292381465435
126,18.01.2024,13,2024,True,0.0133944474131368,0.02428802289068699
126,19.01.2024,13,2024,True,0.0133818682237963,0.025501146912574768
126,22.01.2024,13,2024,True,0.0133665190523224,0.026355784386396408
126,23.01.2024,13,2024,True,0.0133750731423684,0.02417985163629055
126,24.01.2024,13,2024,True,0.0133828985618354,0.023217394948005676
126,25.01.2024,13,2024,True,0.0131929230017726,0.022337036207318306
126,26.01.2024,13,2024,True,0.0132185223665455,0.023297835141420364
126,29.01.2024,13,2024,True,0.0132240394127815,0.023193364962935448
126,30.01.2024,13,2024,True,0.0134245005090444,0.023472582921385765
126,31.01.2024,13,2024,True,0.0134320201760734,0.02282543294131756
126,01.02.2024,13,2024,True,0.0133707394773046,0.02257719077169895
126,02.02.2024,13,2024,True,0.0132925043980913,0.02253582514822483
126,05.02.2024,13,2024,True,0.0132719414661817,0.021186405792832375
126,06.02.2024,13,2024,True,0.013426404470553,0.020767830312252045
126,07.02.2024,13,2024,True,0.0134411242264859,0.01851910725235939
126,08.02.2024,13,2024,True,0.013179446076656,0.01923331804573536
126,09.02.2024,13,2024,True,0.0134857536547043,0.019488904625177383
126,12.02.2024,13,2024,True,0.0135988561362682,0.020350594073534012
126,13.02.2024,13,2024,True,0.0136100875938391,0.0205914955586195
126,14.02.2024,13,2024,True,0.0136280942776351,0.019629379734396935
126,15.02.2024,13,2024,True,0.0136397862305653,0.022222673520445824
126,16.02.2024,13,2024,True,0.0138077910472512,0.02325245924293995
126,20.02.2024,13,2024,True,0.0137665485313843,0.02339782565832138
126,21.02.2024,13,2024,True,0.0138035131811705,0.022141970694065094
126,22.02.2024,13,2024,True,0.0138568043304084,0.02304469794034958
126,23.02.2024,13,2024,True,0.0138447816680574,0.02647528424859047
126,26.02.2024,13,2024,True,0.0140701882785,0.020972078666090965
126,27.02.2024,13,2024,True,0.0141680073585912,0.019487077370285988
126,28.02.2024,13,2024,True,0.0142015300416477,0.02063455618917942
126,29.02.2024,13,2024,True,0.0142797797368484,0.019173869863152504
126,01.03.2024,13,2024,True,0.0143341559627714,0.020062699913978577
126,04.03.2024,13,2024,True,0.015468610528366,0.020310573279857635
126,05.03.2024,13,2024,True,0.0154972831166784,0.019617363810539246
126,06.03.2024,13,2024,True,0.0154592920735394,0.019366243854165077
126,07.03.2024,13,2024,True,0.0155785514709429,0.018133074045181274
126,08.03.2024,13,2024,True,0.015592614631557,0.017886357381939888
126,11.03.2024,13,2024,True,0.015926408655279,0.018252694979310036
126,12.03.2024,13,2024,True,0.0160417696740706,0.01805419661104679
126,13.03.2024,13,2024,True,0.0159672732692376,0.018240168690681458
126,14.03.2024,13,2024,True,0.0158918559528901,0.018609298393130302
126,15.03.2024,13,2024,True,0.0159654814187517,0.021338604390621185
126,18.03.2024,13,2024,True,0.0159231836357351,0.018709560856223106
126,19.03.2024,13,2024,True,0.0159111344401091,0.01839630678296089
126,20.03.2024,13,2024,True,0.0159320079456965,0.018526019528508186
126,21.03.2024,13,2024,True,0.0159360671653115,0.0184349212795496
126,22.03.2024,13,2024,True,0.0159455386211473,0.018591871485114098
126,25.03.2024,13,2024,True,0.0159603670133183,0.017128705978393555
126,26.03.2024,13,2024,True,0.0160738848551598,0.017427321523427963
126,27.03.2024,13,2024,True,0.016219837106849,0.018452715128660202
126,28.03.2024,13,2024,True,0.0161553904691643,0.017016401514410973
126,01.04.2024,13,2024,True,0.016155664287908,0.01733781211078167
126,02.04.2024,13,2024,True,0.0162398333358598,0.017795082181692123
126,03.04.2024,13,2024,True,0.0162391812861609,0.01826101541519165
126,04.04.2024,13,2024,True,0.0167957557320056,0.01822449453175068
126,05.04.2024,13,2024,True,0.0167951177658761,0.01896115019917488
126,08.04.2024,13,2024,True,0.0171094190958545,0.019565442577004433
126,09.04.2024,13,2024,True,0.0175848279664163,0.016872528940439224
126,10.04.2024,13,2024,True,0.0175559651702149,0.01862001046538353
126,11.04.2024,13,2024,True,0.017859142702611,0.019153274595737457
126,12.04.2024,13,2024,True,0.0178441700463691,0.018601717427372932
126,15.04.2024,13,2024,True,0.0179237203352807,0.020593687891960144
126,16.04.2024,13,2024,True,0.0182942497268648,0.026371711865067482
126,17.04.2024,13,2024,True,0.0181046514140484,0.027126768603920937
126,18.04.2024,13,2024,True,0.0181087121491321,0.02281775325536728
126,19.04.2024,13,2024,True,0.01817383256764,0.021384455263614655
126,22.04.2024,13,2024,True,0.018244355243893,0.02197852171957493
126,23.04.2024,13,2024,True,0.0183094363482986,0.018878648057579994
126,24.04.2024,13,2024,True,0.0183443403317535,0.018869787454605103
126,25.04.2024,13,2024,True,0.0183190443163369,0.01859348453581333
126,26.04.2024,13,2024,True,0.0184296985256815,0.018873529508709908
126,29.04.2024,13,2024,True,0.0192038923324049,0.018266981467604637
126,30.04.2024,13,2024,True,0.0192011090258717,0.01896141655743122
126,01.05.2024,13,2024,True,0.0187652249463579,0.01870070770382881
126,02.05.2024,13,2024,True,0.0187811525904257,0.019552424550056458
126,03.05.2024,13,2024,True,0.0187692195074833,0.018880857154726982
126,06.05.2024,13,2024,True,0.0189252679414214,0.018526921048760414
126,07.05.2024,13,2024,True,0.0189346279876462,0.020073961466550827
126,08.05.2024,13,2024,True,0.0189386251757109,0.020363209769129753
126,09.05.2024,13,2024,True,0.0189567830119568,0.019277654588222504
126,10.05.2024,13,2024,True,0.0190337009921727,0.019497791305184364
126,13.05.2024,13,2024,True,0.0191728271236713,0.018501250073313713
126,14.05.2024,13,2024,True,0.0191497575617446,0.01829221099615097
126,15.05.2024,13,2024,True,0.0191520948029045,0.01839955523610115
126,16.05.2024,13,2024,True,0.0191459352227282,0.019091516733169556
126,17.05.2024,13,2024,True,0.0192094066833791,0.018400801345705986
126,20.05.2024,13,2024,True,0.0194273725743224,0.018613412976264954
126,21.05.2024,13,2024,True,0.0194111424544184,0.018583890050649643
126,22.05.2024,13,2024,True,0.0193936160346419,0.01870289258658886
126,23.05.2024,13,2024,True,0.0194702731874137,0.019038600847125053
126,24.05.2024,13,2024,True,0.019486003381762,0.01899135112762451
126,28.05.2024,13,2024,True,0.019509102471308,0.018256360664963722
126,29.05.2024,13,2024,True,0.0195015743546678,0.01904601790010929
126,30.05.2024,13,2024,True,0.0194195257969336,0.01910831779241562
126,31.05.2024,13,2024,True,0.0194198857500808,0.01610339619219303
126,03.06.2024,13,2024,True,0.0191322689020319,0.018188457936048508
126,04.06.2024,13,2024,True,0.019242478140498,0.02129233069717884
126,05.06.2024,13,2024,True,0.0192759443536201,0.01999138668179512
126,06.06.2024,13,2024,True,0.0192005996137872,0.018330376595258713
126,07.06.2024,13,2024,True,0.0192330474867912,0.019627926871180534
126,10.06.2024,13,2024,True,0.0191415567368123,0.020185768604278564
126,11.06.2024,13,2024,True,0.0191378453726509,0.01896861381828785
126,12.06.2024,13,2024,True,0.0191971536818096,0.018802549690008163
126,13.06.2024,13,2024,True,0.0191956412073402,0.017444290220737457
126,14.06.2024,13,2024,True,0.0192454835113319,0.01607305370271206
126,17.06.2024,13,2024,True,0.019168115477036,0.01871953345835209
126,18.06.2024,13,2024,True,0.0191436297420926,0.014709854498505592
126,20.06.2024,13,2024,True,0.0191401824470986,0.01703919842839241
126,21.06.2024,13,2024,True,0.0191432633566024,0.01749219186604023
126,24.06.2024,13,2024,True,0.0191221396924549,0.018610721454024315
126,25.06.2024,13,2024,True,0.0191012917483729,0.019159508869051933
126,26.06.2024,13,2024,True,0.0191401040175268,0.01825731247663498
126,27.06.2024,13,2024,True,0.0190980185166673,0.01921977661550045
126,28.06.2024,13,2024,True,0.0191362831360624,0.01898166537284851
126,01.07.2024,13,2024,True,0.0191374953279816,0.01851101778447628
126,02.07.2024,13,2024,True,0.0191399190774818,0.01779046095907688
126,03.07.2024,13,2024,True,0.0191697911763744,0.01828397996723652
126,05.07.2024,13,2024,True,0.019171533102214,0.016053343191742897
126,08.07.2024,13,2024,True,0.0191581091973298,0.011008722707629204
126,09.07.2024,13,2024,True,0.0191518066612311,0.013715950772166252
126,10.07.2024,13,2024,True,0.0191692477254941,0.013643116690218449
126,11.07.2024,13,2024,True,0.0196187340572659,0.012768168933689594
126,12.07.2024,13,2024,True,0.0196678902058292,0.013796093873679638
126,15.07.2024,13,2024,True,0.0197022707942658,0.013388359919190407
126,16.07.2024,13,2024,True,0.0198090966099576,0.012055407278239727
126,17.07.2024,13,2024,True,0.0197713305492214,0.013762177899479866
126,18.07.2024,13,2024,True,0.0197779828924689,0.017259981483221054
126,19.07.2024,13,2024,True,0.0196735035050697,0.01656263880431652
126,22.07.2024,13,2024,True,0.0196745356564647,0.017498383298516273
126,23.07.2024,13,2024,True,0.0196332007918716,0.016953635960817337
126,24.07.2024,13,2024,True,0.0196188648218704,0.017280040308833122
126,25.07.2024,13,2024,True,0.0196690166496449,0.016033388674259186
126,26.07.2024,13,2024,True,0.0196316233543688,0.017735447734594345
126,29.07.2024,13,2024,True,0.0196033631647728,0.017287086695432663
126,30.07.2024,13,2024,True,0.0195651083058174,0.019480222836136818
126,31.07.2024,13,2024,True,0.0194210281649778,0.021197712048888206
126,01.08.2024,13,2024,True,0.0193981240766589,0.02284892089664936
126,02.08.2024,13,2024,True,0.019154055792515,0.02133496105670929
126,05.08.2024,13,2024,True,0.0192367420498721,0.024313393980264664
126,06.08.2024,13,2024,True,0.0192388638685615,0.024367982521653175
126,07.08.2024,13,2024,True,0.0191224612859247,0.024061962962150574
126,08.08.2024,13,2024,True,0.0191540916555693,0.023097286000847816
126,09.08.2024,13,2024,True,0.019192492907417,0.02125147543847561
126,12.08.2024,13,2024,True,0.019078224423005,0.022131897509098053
126,13.08.2024,13,2024,True,0.0190019793615345,0.021504472941160202
126,14.08.2024,13,2024,True,0.0189784279551195,0.018932709470391273
126,15.08.2024,13,2024,True,0.0189697064190586,0.018535438925027847
126,16.08.2024,13,2024,True,0.0189143920260142,0.01827586442232132
126,19.08.2024,13,2024,True,0.018784821158522,0.018681297078728676
126,20.08.2024,13,2024,True,0.0189320633925331,0.018995437771081924
126,21.08.2024,13,2024,True,0.0188908405404115,0.01891292631626129
126,22.08.2024,13,2024,True,0.018956702422551,0.01884838379919529
126,23.08.2024,13,2024,True,0.0188468529381592,0.018598655238747597
126,26.08.2024,13,2024,True,0.0187422396778465,0.018531858921051025
126,27.08.2024,13,2024,True,0.0186582738290657,0.018631014972925186
126,28.08.2024,13,2024,True,0.0187268679510571,0.021141067147254944
126,29.08.2024,13,2024,True,0.0186756321738916,0.019743990153074265
126,30.08.2024,13,2024,True,0.0187585998239496,0.019638419151306152
126,03.09.2024,13,2024,True,0.0178228500576731,0.01967450976371765
126,04.09.2024,13,2024,True,0.0178183881099487,0.021609775722026825
126,05.09.2024,13,2024,True,0.0178698189170065,0.022973138839006424
126,06.09.2024,13,2024,True,0.0177612906490085,0.021725177764892578
126,09.09.2024,13,2024,True,0.0178230428715934,0.02349860779941082
126,10.09.2024,13,2024,True,0.0175559318841089,0.022098710760474205
126,11.09.2024,13,2024,True,0.0174845660726466,0.02346009388566017
126,12.09.2024,13,2024,True,0.0174118146886121,0.02307114005088806
126,13.09.2024,13,2024,True,0.0174178431585339,0.022770924493670464
126,16.09.2024,13,2024,True,0.017361715006169,0.021293677389621735
126,17.09.2024,13,2024,True,0.0173905809503638,0.02098480425775051
126,18.09.2024,13,2024,True,0.0173918399810556,0.021990029141306877
126,19.09.2024,13,2024,True,0.0173591063378593,0.02335478737950325
126,20.09.2024,13,2024,True,0.0173532951232539,0.02055269293487072
126,23.09.2024,13,2024,True,0.0173648024093299,0.019706377759575844
126,24.09.2024,13,2024,True,0.0172998068010462,0.02191360481083393
126,25.09.2024,13,2024,True,0.0171841939750755,0.021058451384305954
126,26.09.2024,13,2024,True,0.0170794986375552,0.021720606833696365
126,27.09.2024,13,2024,True,0.0170768058283556,0.025540729984641075
126,30.09.2024,13,2024,True,0.0170823727004091,0.022993633523583412
126,01.10.2024,13,2024,True,0.0179477869791321,0.023268934339284897
126,02.10.2024,13,2024,True,0.0189034886411241,0.023167986422777176
126,03.10.2024,13,2024,True,0.0184454112739987,0.02534470707178116
126,04.10.2024,13,2024,True,0.0185233085564114,0.02923918142914772
126,07.10.2024,13,2024,True,0.0186147999387197,0.02429455704987049
126,08.10.2024,13,2024,True,0.0183789436620686,0.026700476184487343
126,09.10.2024,13,2024,True,0.0184928667172423,0.025831561535596848
126,10.10.2024,13,2024,True,0.0181864396447801,0.025082452222704887
126,11.10.2024,13,2024,True,0.0181851245570664,0.02611761912703514
126,14.10.2024,13,2024,True,0.0181916132866075,0.02524542808532715
126,15.10.2024,13,2024,True,0.0180482431473016,0.02673189528286457
126,16.10.2024,13,2024,True,0.0181810928014193,0.025313932448625565
126,17.10.2024,13,2024,True,0.0182527953391399,0.02597065269947052
126,18.10.2024,13,2024,True,0.0182602633851004,0.025521045550704002
126,21.10.2024,13,2024,True,0.0182045990630827,0.025224342942237854
126,22.10.2024,13,2024,True,0.0180824414754515,0.02529592625796795
126,23.10.2024,13,2024,True,0.0180879978082308,0.02607998624444008
126,24.10.2024,13,2024,True,0.0182015357972874,0.02557459846138954
126,25.10.2024,13,2024,True,0.0181390896124624,0.02506963536143303
126,28.10.2024,13,2024,True,0.0173330317349713,0.026093093678355217
126,29.10.2024,13,2024,True,0.0173667093836444,0.022253112867474556
126,30.10.2024,13,2024,True,0.0173226135792739,0.023204881697893143
126,31.10.2024,13,2024,True,0.0175470793585637,0.02235361933708191
126,01.11.2024,13,2024,True,0.0176006734375079,0.02626810409128666
126,04.11.2024,13,2024,True,0.0176140422518358,0.022985724732279778
126,05.11.2024,13,2024,True,0.0176773395497867,0.025367390364408493
126,06.11.2024,13,2024,True,0.0177360256190803,0.025773102417588234
126,07.11.2024,13,2024,True,0.0178684673243018,0.024785861372947693
126,08.11.2024,13,2024,True,0.0177653969727611,0.02395709604024887
126,11.11.2024,13,2024,True,0.0177188364319272,0.023626061156392097
126,12.11.2024,13,2024,True,0.0177646288781752,0.023228410631418228
126,13.11.2024,13,2024,True,0.0177577470314348,0.022693507373332977
126,14.11.2024,13,2024,True,0.017753445264602,0.022419553250074387
126,15.11.2024,13,2024,True,0.0176688409426217,0.020093929022550583
126,18.11.2024,13,2024,True,0.0174421171453446,0.022076157853007317
126,19.11.2024,13,2024,True,0.0174508172490008,0.02469443343579769
126,20.11.2024,13,2024,True,0.0174645946729845,0.02240513078868389
126,21.11.2024,13,2024,True,0.0174119795934017,0.022827068343758583
126,22.11.2024,13,2024,True,0.0173937050713083,0.022774163633584976
126,25.11.2024,13,2024,True,0.0172142477544193,0.023246413096785545
126,26.11.2024,13,2024,True,0.0172490125433141,0.023497793823480606
126,27.11.2024,13,2024,True,0.0173097547332975,0.023948509246110916
126,29.11.2024,13,2024,True,0.0173359867948867,0.024810530245304108
126,02.12.2024,13,2024,True,0.0173030596430715,0.025814935564994812
126,03.12.2024,13,2024,True,0.0172281025317072,0.023433644324541092
126,04.12.2024,13,2024,True,0.0171787969740953,0.025376806035637856
126,05.12.2024,13,2024,True,0.0171782776936737,0.02200968936085701
126,06.12.2024,13,2024,True,0.0175607227671014,0.02105439454317093
126,09.12.2024,13,2024,True,0.0175202713451214,0.021052902564406395
126,10.12.2024,13,2024,True,0.0185429925795622,0.021957701072096825
126,11.12.2024,13,2024,True,0.0185120598280503,0.018571998924016953
126,12.12.2024,13,2024,True,0.01890472637793,0.02001412957906723
126,13.12.2024,13,2024,True,0.0188631346747285,0.02125239185988903
126,16.12.2024,13,2024,True,0.0188522226040059,0.021638231351971626
126,17.12.2024,13,2024,True,0.0199783456461508,0.02095118537545204
126,18.12.2024,13,2024,True,0.0207363233669758,0.02036990225315094
126,19.12.2024,13,2024,True,0.020743060354037,0.02154211513698101
126,20.12.2024,13,2024,True,0.0207430157733015,0.01982031762599945
126,23.12.2024,13,2024,True,0.0207406486935094,0.018870476633310318
126,24.12.2024,13,2024,True,0.0207055097892187,0.019646454602479935
126,26.12.2024,13,2024,True,0.0207116737498426,0.018808728083968163
126,27.12.2024,13,2024,True,0.0208524445509808,0.01860176771879196
126,30.12.2024,13,2024,True,0.0208529496529276,0.019019553437829018
126,31.12.2024,13,2024,True,0.0208769428768026,0.019269274547696114
5,02.01.2025,14,2025,True,0.0220505784488482,0.015461538918316364
5,03.01.2025,14,2025,True,0.0221353948785367,0.009954966604709625
5,06.01.2025,14,2025,True,0.0242867503105259,0.012935413047671318
5,07.01.2025,14,2025,True,0.0254360975179946,0.011724286712706089
5,08.01.2025,14,2025,True,0.0248484112084774,0.013204037211835384
5,10.01.2025,14,2025,True,0.0172601523615901,0.014604353345930576
5,13.01.2025,14,2025,True,0.0176201698395721,0.019545089453458786
5,14.01.2025,14,2025,True,0.0168604553926963,0.01853564940392971
5,15.01.2025,14,2025,True,0.0057188640058011,0.015443815849721432
5,16.01.2025,14,2025,True,0.0078654549487953,0.016109567135572433
5,17.01.2025,14,2025,True,0.0092816778736624,0.016252947971224785
5,21.01.2025,14,2025,True,0.0094607572366928,0.015266221947968006
5,22.01.2025,14,2025,True,0.0099500450890575,0.01571575179696083
5,23.01.2025,14,2025,True,0.010669785921579,0.018337376415729523
5,24.01.2025,14,2025,True,0.010207536135032,0.014703594148159027
5,27.01.2025,14,2025,True,0.0079205481704053,0.012386155314743519
5,28.01.2025,14,2025,True,0.0074032615445412,0.01466815359890461
5,29.01.2025,14,2025,True,0.010545956030756,0.014850827865302563
5,30.01.2025,14,2025,True,0.0093781269672101,0.016116144135594368
5,31.01.2025,14,2025,True,0.0106493623700931,0.014613015577197075
5,03.02.2025,14,2025,True,0.0137472601045466,0.013439959846436977
5,04.02.2025,14,2025,True,0.0153544036493948,0.015797972679138184
5,05.02.2025,14,2025,True,0.0164376150215636,0.015644067898392677
5,06.02.2025,14,2025,True,0.0162734974634555,0.016880828887224197
5,07.02.2025,14,2025,True,0.0163363131012388,0.017455648630857468
5,10.02.2025,14,2025,True,0.0159898189400145,0.013508094474673271
5,11.02.2025,14,2025,True,0.0139608148442115,0.016290802508592606
5,12.02.2025,14,2025,True,0.0073046022664764,0.014053015038371086
5,13.02.2025,14,2025,True,0.015759333105148,0.015665138140320778
5,14.02.2025,14,2025,True,0.0159206130443817,0.013743588700890541
5,18.02.2025,14,2025,True,0.0164358151688268,0.014800229109823704
5,19.02.2025,14,2025,True,0.0154872696096919,0.012334590777754784
5,20.02.2025,14,2025,True,0.0199194317206361,0.01467239297926426
5,21.02.2025,14,2025,True,0.0168693749301636,0.020798837766051292
5,24.02.2025,14,2025,True,0.0177843891392881,0.020671723410487175
5,25.02.2025,14,2025,True,0.015697869122747,0.016140086576342583
5,26.02.2025,14,2025,True,0.0179679726263926,0.015589091926813126
5,27.02.2025,14,2025,True,0.010859471768463,0.01661914400756359
5,28.02.2025,14,2025,True,0.0158711479037016,0.016193812713027
5,03.03.2025,14,2025,True,0.0147539217125969,0.013655116781592369
5,04.03.2025,14,2025,True,0.0154345624512926,0.01788714900612831
5,05.03.2025,14,2025,True,0.0132979491466893,0.015831511467695236
5,06.03.2025,14,2025,True,0.0160966401546739,0.018824858590960503
5,07.03.2025,14,2025,True,0.0156152028936788,0.013007714413106441
5,10.03.2025,14,2025,True,0.0128036135172473,0.013722235336899757
5,11.03.2025,14,2025,True,0.0139707192291175,0.015308041125535965
5,12.03.2025,14,2025,True,0.0104706490807631,0.015895986929535866
5,13.03.2025,14,2025,True,0.0089747837562153,0.012219185940921307
5,14.03.2025,14,2025,True,0.0087803807410731,0.01930083893239498
5,17.03.2025,14,2025,True,0.0093394879341234,0.013642842881381512
5,18.03.2025,14,2025,True,0.0071730512932164,0.013857304118573666
5,19.03.2025,14,2025,True,0.0069669327764292,0.01642141491174698
5,20.03.2025,14,2025,True,0.0051214098094697,0.018823903053998947
5,21.03.2025,14,2025,True,0.0071172089491312,0.012694085016846657
5,24.03.2025,14,2025,True,0.0081074330927179,0.013461703434586525
5,25.03.2025,14,2025,True,0.0087406576780533,0.013747342862188816
5,26.03.2025,14,2025,True,0.0081279241929935,0.014440971426665783
5,27.03.2025,14,2025,True,0.03208994213158,0.014768294058740139
5,28.03.2025,14,2025,True,0.0403428612050328,0.013844918459653854
5,31.03.2025,14,2025,True,0.0346446720483537,0.014042024500668049
5,01.04.2025,14,2025,True,0.0319147017167246,0.01389375701546669
5,02.04.2025,14,2025,True,0.0444794347502507,0.01695464923977852
5,03.04.2025,14,2025,True,0.0393437933488194,0.01153081376105547
5,04.04.2025,14,2025,True,0.0325041240069686,0.021700143814086914
5,07.04.2025,14,2025,True,0.0307973331484912,0.025511186569929123
5,08.04.2025,14,2025,True,0.0281891528859294,0.03066525235772133
5,09.04.2025,14,2025,True,0.0220665492760755,0.02870083972811699
5,10.04.2025,14,2025,True,0.0144784192349587,0.017380887642502785
5,11.04.2025,14,2025,True,0.0216364742224529,0.027229847386479378
5,14.04.2025,14,2025,True,0.0222825901384298,0.0304128248244524
5,15.04.2025,14,2025,True,0.0253350852699408,0.022543441504240036
5,16.04.2025,14,2025,True,0.0242821984550583,0.022830914705991745
5,17.04.2025,14,2025,True,0.0184175423474324,0.023389004170894623
5,21.04.2025,14,2025,True,0.0157452123004498,0.019980980083346367
5,22.04.2025,14,2025,True,0.0144076490390427,0.022337229922413826
5,23.04.2025,14,2025,True,0.0140786148960228,0.023168126121163368
5,24.04.2025,14,2025,True,0.0110377360523338,0.021348362788558006
5,25.04.2025,14,2025,True,0.0043521836426677,0.02102982997894287
5,28.04.2025,14,2025,True,0.0041803464013242,0.021666448563337326
5,29.04.2025,14,2025,True,0.0213207182753155,0.022818921133875847
5,30.04.2025,14,2025,True,0.0211909822743392,0.031117180362343788
5,01.05.2025,14,2025,True,0.0249902711917169,0.031227516010403633
5,02.05.2025,14,2025,True,0.0238391303230983,0.025871040299534798
5,05.05.2025,14,2025,True,0.0189850868859371,0.06011674925684929
5,06.05.2025,14,2025,True,0.0178569338011486,0.022399112582206726
5,07.05.2025,14,2025,True,0.0142214095697521,0.021558070555329323
5,08.05.2025,14,2025,True,0.0205602202963938,0.021741677075624466
5,09.05.2025,14,2025,True,0.0201401488878922,0.01928749494254589
5,12.05.2025,14,2025,True,0.0190573432470106,0.023596446961164474
5,13.05.2025,14,2025,True,0.0137701317846183,0.019481664523482323
5,14.05.2025,14,2025,True,0.0137032733073424,0.022172948345541954
5,15.05.2025,14,2025,True,0.0086292533196636,0.02111693285405636
5,16.05.2025,14,2025,True,0.0055618466350804,0.018903372809290886
5,19.05.2025,14,2025,True,0.0061866422198321,0.01835070177912712
5,20.05.2025,14,2025,True,0.0099260523895305,0.01666593737900257
5,21.05.2025,14,2025,True,0.0107270573971582,0.015448867343366146
5,22.05.2025,14,2025,True,0.0104438235202562,0.015801910310983658
5,23.05.2025,14,2025,True,0.0117337480159044,0.018978390842676163
5,27.05.2025,14,2025,True,0.0118333714865348,0.022338934242725372
5,28.05.2025,14,2025,True,0.0127900709244362,0.019393639639019966
5,29.05.2025,14,2025,True,0.0112484580236332,0.01554629672318697
5,30.05.2025,14,2025,True,0.0116346809192865,0.01679016835987568
5,02.06.2025,14,2025,True,0.0114916935612198,0.017647480592131615
5,03.06.2025,14,2025,True,0.0111459784789501,0.014359547756612301
5,04.06.2025,14,2025,True,0.0170661701081555,0.016035908833146095
5,05.06.2025,14,2025,True,0.0193483688500145,0.016564562916755676
5,06.06.2025,14,2025,True,0.0319480299949111,0.013272788375616074
5,09.06.2025,14,2025,True,0.0356098162478792,0.017427174374461174
5,10.06.2025,14,2025,True,0.0349726120084476,0.014887993223965168
5,11.06.2025,14,2025,True,0.0349723926568886,0.013015850447118282
5,12.06.2025,14,2025,True,0.033459144494142,0.017537901178002357
5,13.06.2025,14,2025,True,0.0428090542273145,0.019276440143585205
5,16.06.2025,14,2025,True,0.0496167481636245,0.02705664373934269
5,17.06.2025,14,2025,True,0.0406145299043486,0.021513590589165688
5,18.06.2025,14,2025,True,0.0401984008799393,0.0845324769616127
5,20.06.2025,14,2025,True,0.0396044512095183,0.06203971803188324
5,23.06.2025,14,2025,True,0.0290451942352255,0.05096795782446861
5,24.06.2025,14,2025,True,0.0056060518287164,0.04997599497437477
5,25.06.2025,14,2025,True,0.0144613988748338,0.044918280094861984
5,26.06.2025,14,2025,True,0.0149540173475068,0.02782893367111683
5,27.06.2025,14,2025,True,0.0152596284264272,0.016388919204473495
5,30.06.2025,14,2025,True,0.0146570857810579,0.01697283424437046
5,01.07.2025,14,2025,True,0.0129793964546044,0.01706111989915371
5,02.07.2025,14,2025,True,0.0132620134442428,0.013553465716540813
5,03.07.2025,14,2025,True,0.0173538312532886,0.019676584750413895
5,07.07.2025,14,2025,True,0.018999766444954,0.017465926706790924
5,08.07.2025,14,2025,True,0.0183685854771231,0.02117173559963703
5,09.07.2025,14,2025,True,0.0182142082682892,0.015891851857304573
5,10.07.2025,14,2025,True,0.0167468057983991,0.014607414603233337
5,11.07.2025,14,2025,True,0.0112454938452811,0.014229761436581612
5,14.07.2025,14,2025,True,0.0084134695705367,0.017110448330640793
5,15.07.2025,14,2025,True,0.0088167322981089,0.01522259321063757
5,16.07.2025,14,2025,True,0.0087355556911967,0.018070021644234657
5,17.07.2025,14,2025,True,0.0068048550261348,0.015694810077548027
5,18.07.2025,14,2025,True,0.0081235123620019,0.0167914479970932
5,21.07.2025,14,2025,True,0.0141271946696029,0.016397591680288315
5,22.07.2025,14,2025,True,0.0182287920108319,0.01293513085693121
5,23.07.2025,14,2025,True,0.0169888559416058,0.01730022206902504
5,24.07.2025,14,2025,True,0.0199928706386486,0.01562440674751997
5,25.07.2025,14,2025,True,0.0295189707778344,0.013834393583238125
5,28.07.2025,14,2025,True,0.0279272569454022,0.015883684158325195
5,29.07.2025,14,2025,True,0.0179551433579458,0.017926841974258423
5,30.07.2025,14,2025,True,0.0126021588704502,0.018963569775223732
5,31.07.2025,14,2025,True,0.0131284117208537,0.01667274907231331
5,01.08.2025,14,2025,True,0.007269917849986,0.01739932782948017
5,04.08.2025,14,2025,True,0.0079018537434497,0.014328678138554096
5,05.08.2025,14,2025,True,0.0057838951617244,0.019199857488274574
5,06.08.2025,14,2025,True,0.0048940973358035,0.01878950372338295
5,07.08.2025,14,2025,True,0.0105675458055591,0.018552057445049286
5,08.08.2025,14,2025,True,0.0127099787434487,0.016980906948447227
5,11.08.2025,14,2025,True,0.014133364712828,0.01471975352615118
5,12.08.2025,14,2025,True,0.0148722977575361,0.013909607194364071
5,13.08.2025,14,2025,True,0.0159560050544006,0.013357171788811684
5,14.08.2025,14,2025,True,0.0147751760039636,0.019340015947818756
5,15.08.2025,14,2025,True,0.011438029217692,0.014927351847290993
5,18.08.2025,14,2025,True,0.0121242387871722,0.016457658261060715
5,19.08.2025,14,2025,True,0.016558883293334,0.014192014001309872
5,20.08.2025,14,2025,True,0.0160060683735691,0.01635804772377014
5,21.08.2025,14,2025,True,0.0155527556253799,0.0178255345672369
5,22.08.2025,14,2025,True,0.0162213419562951,0.015589497983455658
5,25.08.2025,14,2025,True,0.0160426365556965,0.01612233743071556
5,26.08.2025,14,2025,True,0.0157765352609363,0.01430612150579691
5,27.08.2025,14,2025,True,0.014867955787981,0.017608199268579483
5,28.08.2025,14,2025,True,0.0153036219197656,0.01594281755387783
5,29.08.2025,14,2025,True,0.0171961310551014,0.016237376257777214
5,02.09.2025,14,2025,True,0.014661257568791,0.015484265051782131
5,03.09.2025,14,2025,True,0.0154222751320029,0.017170118167996407
5,04.09.2025,14,2025,True,0.0168262597619642,0.01941804774105549
5,05.09.2025,14,2025,True,0.0125409992834056,0.017500532791018486
5,08.09.2025,14,2025,True,0.0124701260454396,0.018000973388552666
5,09.09.2025,14,2025,True,0.0134235370682275,0.01727444864809513
5,10.09.2025,14,2025,True,0.0131334471793157,0.017392996698617935
5,11.09.2025,14,2025,True,0.0103046697620396,0.014505944214761257
5,12.09.2025,14,2025,True,0.0113312238160733,0.01656988449394703
5,15.09.2025,14,2025,True,0.0105127685779204,0.01582474261522293
5,16.09.2025,14,2025,True,0.010783498913825,0.01411584671586752
5,17.09.2025,14,2025,True,0.0155003088649593,0.015598360449075699
5,18.09.2025,14,2025,True,0.0142992417943646,0.01423559058457613
5,19.09.2025,14,2025,True,0.010624127389095,0.015778006985783577
5,22.09.2025,14,2025,True,0.0215045427148459,0.014376142993569374
5,23.09.2025,14,2025,True,0.021613345762759,0.014293882995843887
5,24.09.2025,14,2025,True,0.0175169626081447,0.015436817891895771
5,25.09.2025,14,2025,True,0.015950427228538,0.018409796059131622
5,26.09.2025,14,2025,True,0.0144746013874583,0.017082473263144493
5,29.09.2025,14,2025,True,0.0171228089906599,0.018277140334248543
5,30.09.2025,14,2025,True,0.0169057914863544,0.017403656616806984
5,01.10.2025,14,2025,True,0.0135004642686761,0.01771979033946991
5,02.10.2025,14,2025,True,0.012104426109592,0.020116565749049187
5,03.10.2025,14,2025,True,0.0221221458459146,0.017131382599473
5,06.10.2025,14,2025,True,0.0210542730265329,0.017008580267429352
5,07.10.2025,14,2025,True,0.0209548765797038,0.014675245620310307
5,08.10.2025,14,2025,True,0.0173845501396061,0.015900561586022377
5,09.10.2025,14,2025,True,0.0173478870901538,0.015250036492943764
5,10.10.2025,14,2025,True,0.0107657978219097,0.013387403450906277
5,13.10.2025,14,2025,True,0.0075593904881998,0.01787985861301422
5,14.10.2025,14,2025,True,0.0079326950347135,0.013612373732030392
5,15.10.2025,14,2025,True,0.0127306203206622,0.014975812286138535
5,16.10.2025,14,2025,True,0.0227672734962571,0.015791194513440132
5,17.10.2025,14,2025,True,0.0234310816621399,0.018217243254184723
5,20.10.2025,14,2025,True,0.0234899082613327,0.017753949388861656
5,21.10.2025,14,2025,True,0.0279037565183169,0.01883108541369438
5,22.10.2025,14,2025,True,0.027258441740358,0.015845509245991707
5,23.10.2025,14,2025,True,0.0099615516416712,0.017096053808927536
5,24.10.2025,14,2025,True,0.0100986603222526,0.01888269931077957
5,27.10.2025,14,2025,True,0.010027341514454,0.020580708980560303
5,28.10.2025,14,2025,True,0.0055536658683354,0.02022966928780079
5,29.10.2025,14,2025,True,0.0065287311376695,0.020273985341191292
5,30.10.2025,14,2025,True,0.0059477808555378,0.018125860020518303
5,31.10.2025,14,2025,True,0.0067654296110995,0.017591960728168488
5,03.11.2025,14,2025,True,0.0084821315435246,0.01668267697095871
5,04.11.2025,14,2025,True,0.0115940526970447,0.012930573895573616
5,05.11.2025,14,2025,True,0.0211628254395979,0.017513662576675415
5,06.11.2025,14,2025,True,0.0214211045920007,0.018051670864224434
5,07.11.2025,14,2025,True,0.0238116937384396,0.018720420077443123
5,10.11.2025,14,2025,True,0.0237623710156618,0.016087301075458527
5,11.11.2025,14,2025,True,0.022806325868592,0.01579548418521881
5,12.11.2025,14,2025,True,0.0161640734700876,0.016109611839056015
5,13.11.2025,14,2025,True,0.0162158323732583,0.01489220093935728
5,14.11.2025,14,2025,True,0.0121718959440479,0.018926171585917473
5,17.11.2025,14,2025,True,0.0148473429303784,0.015312247909605503
5,18.11.2025,14,2025,True,0.0133690967877499,0.016665464267134666
5,19.11.2025,14,2025,True,0.0126415630956973,0.016257058829069138
5,20.11.2025,14,2025,True,0.0126673943734615,0.017747875303030014
5,21.11.2025,14,2025,True,0.0106686998131597,0.016040673479437828
5,24.11.2025,14,2025,True,0.0099656120934904,0.015739522874355316
5,25.11.2025,14,2025,True,0.007913534656538,0.017954403534531593
5,26.11.2025,14,2025,True,0.0076187728974658,0.017050763592123985
5,28.11.2025,14,2025,True,0.0083114612016715,0.01606377772986889
5,01.12.2025,14,2025,True,0.0129053375413822,0.01516616903245449
5,02.12.2025,14,2025,True,0.0124791537036864,0.01699134334921837
5,03.12.2025,14,2025,True,0.0125704334178669,0.01735001616179943
5,04.12.2025,14,2025,True,0.0120389101759459,0.017252745106816292
5,05.12.2025,14,2025,True,0.0096733594434956,0.015561802312731743
5,08.12.2025,14,2025,True,0.0073935946389526,0.015422210097312927
5,09.12.2025,14,2025,True,0.0121589661535638,0.015438292175531387
5,10.12.2025,14,2025,True,0.0149302798129908,0.014368127100169659
5,11.12.2025,14,2025,True,0.0149895142944583,0.014727314002811909
5,12.12.2025,14,2025,True,0.0165992097167045,0.01556555274873972
5,15.12.2025,14,2025,True,0.0200061176820182,0.011562453582882881
5,16.12.2025,14,2025,True,0.0092482166607722,0.013840632513165474
5,17.12.2025,14,2025,True,0.0109698916317186,0.019551696255803108
5,18.12.2025,14,2025,True,0.0191693439949311,0.01816655322909355
5,19.12.2025,14,2025,True,0.0207645877625672,0.014161799103021622
5,22.12.2025,14,2025,True,0.017007151939242,0.016691071912646294
5,23.12.2025,14,2025,True,0.0181234851437219,0.018773986026644707
5,24.12.2025,14,2025,True,0.0181480582685538,0.015942519530653954
5,26.12.2025,14,2025,True,0.0155038838686149,0.014234318397939205
5,29.12.2025,14,2025,True,0.0141108592990247,0.017772946506738663
5,30.12.2025,14,2025,True,0.0143324994777375,0.015612970106303692
5,31.12.2025,14,2025,True,0.0210025906415522,0.012092432007193565
22,02.01.2025,14,2025,True,0.0156977566319516,0.018368199467658997
22,03.01.2025,14,2025,True,0.0155990677135808,0.014732749201357365
22,06.01.2025,14,2025,True,0.0156525169258765,0.015434111468493938
22,07.01.2025,14,2025,True,0.0159141238458982,0.012333225458860397
22,08.01.2025,14,2025,True,0.0160466427895536,0.01602778397500515
22,10.01.2025,14,2025,True,0.0132610260249441,0.015594935044646263
22,13.01.2025,14,2025,True,0.01262350100461,0.018342556431889534
22,14.01.2025,14,2025,True,0.0124230945566499,0.01952212303876877
22,15.01.2025,14,2025,True,0.0113382955275358,0.02154536545276642
22,16.01.2025,14,2025,True,0.0113425375296744,0.017618456855416298
22,17.01.2025,14,2025,True,0.0114703067476877,0.01891101337969303
22,21.01.2025,14,2025,True,0.01215901807041,0.01831907592713833
22,22.01.2025,14,2025,True,0.0122632474462226,0.01618693768978119
22,23.01.2025,14,2025,True,0.0130203752844338,0.01827765442430973
22,24.01.2025,14,2025,True,0.0129736743306993,0.01695733517408371
22,27.01.2025,14,2025,True,0.0135167847990555,0.015089185908436775
22,28.01.2025,14,2025,True,0.0135749558622095,0.01818707585334778
22,29.01.2025,14,2025,True,0.0140402090230932,0.01657940074801445
22,30.01.2025,14,2025,True,0.0139941348886892,0.018488595262169838
22,31.01.2025,14,2025,True,0.014692227089,0.016979828476905823
22,03.02.2025,14,2025,True,0.0147034639731345,0.017219165340065956
22,04.02.2025,14,2025,True,0.0150721472945956,0.018669482320547104
22,05.02.2025,14,2025,True,0.0148074570134684,0.01817214861512184
22,06.02.2025,14,2025,True,0.0148888799641424,0.01863093301653862
22,07.02.2025,14,2025,True,0.015584918318364,0.019068481400609016
22,10.02.2025,14,2025,True,0.0152499419537417,0.014826067723333836
22,11.02.2025,14,2025,True,0.0150039523156336,0.017032474279403687
22,12.02.2025,14,2025,True,0.0144815513482294,0.014572616666555405
22,13.02.2025,14,2025,True,0.0145147905609126,0.016664914786815643
22,14.02.2025,14,2025,True,0.0145667881540235,0.015096651390194893
22,18.02.2025,14,2025,True,0.0147141013804463,0.014870686456561089
22,19.02.2025,14,2025,True,0.0147076728992956,0.013872395269572735
22,20.02.2025,14,2025,True,0.0149114628498595,0.013731837272644043
22,21.02.2025,14,2025,True,0.0138240523660954,0.014574342407286167
22,24.02.2025,14,2025,True,0.0139894104814634,0.019542045891284943
22,25.02.2025,14,2025,True,0.0130065189996406,0.016638917848467827
22,26.02.2025,14,2025,True,0.012974073690083,0.016981350257992744
22,27.02.2025,14,2025,True,0.0126122460953874,0.017498521134257317
22,28.02.2025,14,2025,True,0.0123536867686423,0.01637888140976429
22,03.03.2025,14,2025,True,0.0113366376450015,0.015300626866519451
22,04.03.2025,14,2025,True,0.0184115367375688,0.020427346229553223
22,05.03.2025,14,2025,True,0.0227738388962475,0.021059446036815643
22,06.03.2025,14,2025,True,0.0230832933546547,0.018598858267068863
22,07.03.2025,14,2025,True,0.0230935757693971,0.018085138872265816
22,10.03.2025,14,2025,True,0.0249948042822971,0.015280879102647305
22,11.03.2025,14,2025,True,0.0257851335566643,0.01783086359500885
22,12.03.2025,14,2025,True,0.0259035251232811,0.015982214361429214
22,13.03.2025,14,2025,True,0.0258121584531549,0.015588724985718727
22,14.03.2025,14,2025,True,0.0256400883699332,0.017071271315217018
22,17.03.2025,14,2025,True,0.0259742326894781,0.017061887308955193
22,18.03.2025,14,2025,True,0.027001962744571,0.016618845984339714
22,19.03.2025,14,2025,True,0.0274377379605618,0.01870153471827507
22,20.03.2025,14,2025,True,0.0274575960621982,0.018869031220674515
22,21.03.2025,14,2025,True,0.0276589504857625,0.015280324034392834
22,24.03.2025,14,2025,True,0.0275437356670162,0.01425973977893591
22,25.03.2025,14,2025,True,0.0275955886601122,0.015224885195493698
22,26.03.2025,14,2025,True,0.0274969749720216,0.014888586476445198
22,27.03.2025,14,2025,True,0.0277357952683522,0.015623996965587139
22,28.03.2025,14,2025,True,0.0278384646779957,0.014940978959202766
22,31.03.2025,14,2025,True,0.0274527517269663,0.014555860310792923
22,01.04.2025,14,2025,True,0.0274500602402056,0.017067790031433105
22,02.04.2025,14,2025,True,0.027295784897381,0.017698105424642563
22,03.04.2025,14,2025,True,0.0255788338942733,0.014826404862105846
22,04.04.2025,14,2025,True,0.0217558101431608,0.02149205654859543
22,07.04.2025,14,2025,True,0.0223270732195337,0.02146969735622406
22,08.04.2025,14,2025,True,0.0221276072236165,0.03481470048427582
22,09.04.2025,14,2025,True,0.0205153797061265,0.03228272497653961
22,10.04.2025,14,2025,True,0.0198252023289617,0.01818513125181198
22,11.04.2025,14,2025,True,0.0194200970342849,0.026013728231191635
22,14.04.2025,14,2025,True,0.0201241023435439,0.026809582486748695
22,15.04.2025,14,2025,True,0.0203223680331214,0.02419688180088997
22,16.04.2025,14,2025,True,0.0199461493151308,0.02310989797115326
22,17.04.2025,14,2025,True,0.0186432191200215,0.022797415032982826
22,21.04.2025,14,2025,True,0.017939164078167,0.021715354174375534
22,22.04.2025,14,2025,True,0.0174907453210756,0.0216648168861866
22,23.04.2025,14,2025,True,0.0170942330554088,0.02182934060692787
22,24.04.2025,14,2025,True,0.0171321094110816,0.022764097899198532
22,25.04.2025,14,2025,True,0.0173510816485363,0.02703561633825302
22,28.04.2025,14,2025,True,0.0172308283554704,0.0223463736474514
22,29.04.2025,14,2025,True,0.0164283984720986,0.021378958597779274
22,30.04.2025,14,2025,True,0.0161213713172419,0.026365114375948906
22,01.05.2025,14,2025,True,0.015935273165259,0.026571666821837425
22,02.05.2025,14,2025,True,0.0158526096041587,0.02606486715376377
22,05.05.2025,14,2025,True,0.0152310250758552,0.0500916913151741
22,06.05.2025,14,2025,True,0.0142713637966148,0.020324576646089554
22,07.05.2025,14,2025,True,0.0136058437680181,0.022600624710321426
22,08.05.2025,14,2025,True,0.012605013643343,0.023227399215102196
22,09.05.2025,14,2025,True,0.0149278334939471,0.02232391946017742
22,12.05.2025,14,2025,True,0.0148057479876138,0.027989665046334267
22,13.05.2025,14,2025,True,0.0197950849911953,0.01977541856467724
22,14.05.2025,14,2025,True,0.0199981359316265,0.019428705796599388
22,15.05.2025,14,2025,True,0.0205309451937766,0.02093570865690708
22,16.05.2025,14,2025,True,0.0205086707532782,0.02077827788889408
22,19.05.2025,14,2025,True,0.0204883321081157,0.02184891141951084
22,20.05.2025,14,2025,True,0.0268883715893347,0.018640534952282906
22,21.05.2025,14,2025,True,0.030365964050637,0.017186366021633148
22,22.05.2025,14,2025,True,0.0303297459714897,0.02040698565542698
22,23.05.2025,14,2025,True,0.030323541947114,0.02136995457112789
22,27.05.2025,14,2025,True,0.0301930217943651,0.02144886739552021
22,28.05.2025,14,2025,True,0.0301247086770491,0.021344097331166267
22,29.05.2025,14,2025,True,0.0300483953646778,0.0195218026638031
22,30.05.2025,14,2025,True,0.0305671852243247,0.01996236853301525
22,02.06.2025,14,2025,True,0.0305615182162589,0.019507592543959618
22,03.06.2025,14,2025,True,0.0304942703448468,0.017294183373451233
22,04.06.2025,14,2025,True,0.0303401596213933,0.019571390002965927
22,05.06.2025,14,2025,True,0.0303341537609103,0.019156523048877716
22,06.06.2025,14,2025,True,0.030639342138854,0.017836039885878563
22,09.06.2025,14,2025,True,0.0310103628382492,0.019044628366827965
22,10.06.2025,14,2025,True,0.0312532268283665,0.019977876916527748
22,11.06.2025,14,2025,True,0.0299248514180919,0.01783912628889084
22,12.06.2025,14,2025,True,0.0299064161357196,0.02316087670624256
22,13.06.2025,14,2025,True,0.0260026460291435,0.02654997445642948
22,16.06.2025,14,2025,True,0.0258958233859133,0.03141448646783829
22,17.06.2025,14,2025,True,0.023826339139244,0.04114547744393349
22,18.06.2025,14,2025,True,0.0237788874815522,0.049670763313770294
22,20.06.2025,14,2025,True,0.0237097245432806,0.049469996243715286
22,23.06.2025,14,2025,True,0.0181529859131329,0.04124649241566658
22,24.06.2025,14,2025,True,0.012236208158877,0.046619389206171036
22,25.06.2025,14,2025,True,0.0130518963146919,0.04275359958410263
22,26.06.2025,14,2025,True,0.0148324511822362,0.02692972496151924
22,27.06.2025,14,2025,True,0.014892547305315,0.01860877498984337
22,30.06.2025,14,2025,True,0.0151129769953646,0.018437298014760017
22,01.07.2025,14,2025,True,0.0176208963586631,0.01686616614460945
22,02.07.2025,14,2025,True,0.016752289985975,0.017817873507738113
22,03.07.2025,14,2025,True,0.017086539413973,0.019955012947320938
22,07.07.2025,14,2025,True,0.0170023276045598,0.01759655401110649
22,08.07.2025,14,2025,True,0.0168853731410392,0.016948042437434196
22,09.07.2025,14,2025,True,0.0169056671535723,0.01695995032787323
22,10.07.2025,14,2025,True,0.0163144737350351,0.017113173380494118
22,11.07.2025,14,2025,True,0.0152759691006436,0.020076053217053413
22,14.07.2025,14,2025,True,0.0150104465422522,0.015577335841953754
22,15.07.2025,14,2025,True,0.0155936142049484,0.018271706998348236
22,16.07.2025,14,2025,True,0.0158627791639784,0.02005552500486374
22,17.07.2025,14,2025,True,0.0157217324602898,0.021333079785108566
22,18.07.2025,14,2025,True,0.0158724993589012,0.019835270941257477
22,21.07.2025,14,2025,True,0.0163395554871721,0.021936332806944847
22,22.07.2025,14,2025,True,0.0165109354568515,0.021828919649124146
22,23.07.2025,14,2025,True,0.0165134629449615,0.02019418589770794
22,24.07.2025,14,2025,True,0.0167362483435218,0.018369030207395554
22,25.07.2025,14,2025,True,0.0173107869081745,0.017722198739647865
22,28.07.2025,14,2025,True,0.0167423677516609,0.017322015017271042
22,29.07.2025,14,2025,True,0.014887524802962,0.018715450540184975
22,30.07.2025,14,2025,True,0.0146499148884843,0.021523496136069298
22,31.07.2025,14,2025,True,0.0150674678607944,0.017707493156194687
22,01.08.2025,14,2025,True,0.0133082530255332,0.018337879329919815
22,04.08.2025,14,2025,True,0.0131638903572966,0.020492857322096825
22,05.08.2025,14,2025,True,0.013556266154795,0.020472681149840355
22,06.08.2025,14,2025,True,0.0135165071704652,0.017333367839455605
22,07.08.2025,14,2025,True,0.0135013297154084,0.019881688058376312
22,08.08.2025,14,2025,True,0.013945615206465,0.017839035019278526
22,11.08.2025,14,2025,True,0.0144275775053584,0.01688247174024582
22,12.08.2025,14,2025,True,0.014461114581955,0.016532698646187782
22,13.08.2025,14,2025,True,0.0144010877913743,0.019360849633812904
22,14.08.2025,14,2025,True,0.0142402352727315,0.017252812162041664
22,15.08.2025,14,2025,True,0.0139309665419624,0.019260045140981674
22,18.08.2025,14,2025,True,0.0138729979067331,0.0178474560379982
22,19.08.2025,14,2025,True,0.0138345699754992,0.015610036440193653
22,20.08.2025,14,2025,True,0.0134142454098782,0.01716720126569271
22,21.08.2025,14,2025,True,0.0135870523296515,0.017204836010932922
22,22.08.2025,14,2025,True,0.0145633552059597,0.016044776886701584
22,25.08.2025,14,2025,True,0.0141946573403635,0.017904523760080338
22,26.08.2025,14,2025,True,0.0133042202300913,0.015866300091147423
22,27.08.2025,14,2025,True,0.0148431843384656,0.018583165481686592
22,28.08.2025,14,2025,True,0.0150079725196143,0.01657242886722088
22,29.08.2025,14,2025,True,0.0158268055367313,0.016816409304738045
22,02.09.2025,14,2025,True,0.0157742205673102,0.01778312958776951
22,03.09.2025,14,2025,True,0.0153090825838569,0.01720685325562954
22,04.09.2025,14,2025,True,0.0156189008847231,0.01768486201763153
22,05.09.2025,14,2025,True,0.014866098841706,0.018024373799562454
22,08.09.2025,14,2025,True,0.0150008969828527,0.018462296575307846
22,09.09.2025,14,2025,True,0.0153157824139638,0.01709837093949318
22,10.09.2025,14,2025,True,0.0168218590100271,0.0178578682243824
22,11.09.2025,14,2025,True,0.0167511674490325,0.01762302592396736
22,12.09.2025,14,2025,True,0.0167554880870738,0.017422161996364594
22,15.09.2025,14,2025,True,0.0166301580730912,0.018124384805560112
22,16.09.2025,14,2025,True,0.0161916840306978,0.016825485974550247
22,17.09.2025,14,2025,True,0.0162923282631584,0.01838570088148117
22,18.09.2025,14,2025,True,0.0162799338059826,0.01650598645210266
22,19.09.2025,14,2025,True,0.0163301967730945,0.016551295295357704
22,22.09.2025,14,2025,True,0.0171327130408401,0.018078560009598732
22,23.09.2025,14,2025,True,0.0205380998849856,0.016543181613087654
22,24.09.2025,14,2025,True,0.0197255367315316,0.017500577494502068
22,25.09.2025,14,2025,True,0.0197134990463945,0.017929762601852417
22,26.09.2025,14,2025,True,0.0197887916737783,0.018954262137413025
22,29.09.2025,14,2025,True,0.018953490439878,0.019654246047139168
22,30.09.2025,14,2025,True,0.0187725315595579,0.0181797593832016
22,01.10.2025,14,2025,True,0.0180036030358468,0.01964884251356125
22,02.10.2025,14,2025,True,0.0175140699856177,0.01892436109483242
22,03.10.2025,14,2025,True,0.0175308466358036,0.01800278015434742
22,06.10.2025,14,2025,True,0.0174712083728553,0.01780853047966957
22,07.10.2025,14,2025,True,0.0174703711356084,0.01681002788245678
22,08.10.2025,14,2025,True,0.0172520960419418,0.015565628185868263
22,09.10.2025,14,2025,True,0.0170566750685261,0.016110654920339584
22,10.10.2025,14,2025,True,0.0151706590620862,0.017827898263931274
22,13.10.2025,14,2025,True,0.0172870559560075,0.018732082098722458
22,14.10.2025,14,2025,True,0.0170144918109049,0.01884670928120613
22,15.10.2025,14,2025,True,0.0174893097024747,0.01853175088763237
22,16.10.2025,14,2025,True,0.0171780930332149,0.017559906467795372
22,17.10.2025,14,2025,True,0.0172698394086409,0.020237131044268608
22,20.10.2025,14,2025,True,0.017967012527667,0.018647365272045135
22,21.10.2025,14,2025,True,0.0179699176640238,0.01801769621670246
22,22.10.2025,14,2025,True,0.0177015522342478,0.01788129284977913
22,23.10.2025,14,2025,True,0.0135804169169137,0.0183684304356575
22,24.10.2025,14,2025,True,0.0138271923588082,0.020578186959028244
22,27.10.2025,14,2025,True,0.0140788462717698,0.021043527871370316
22,28.10.2025,14,2025,True,0.0135637191075411,0.021664949133992195
22,29.10.2025,14,2025,True,0.0134184560797473,0.02124081365764141
22,30.10.2025,14,2025,True,0.0135790127242714,0.02209043875336647
22,31.10.2025,14,2025,True,0.0136137129885091,0.019692767411470413
22,03.11.2025,14,2025,True,0.0138132173702047,0.02005789242684841
22,04.11.2025,14,2025,True,0.0138738622451846,0.01627955213189125
22,05.11.2025,14,2025,True,0.0141875409720882,0.01903535984456539
22,06.11.2025,14,2025,True,0.0142902520809811,0.019234852865338326
22,07.11.2025,14,2025,True,0.0142973750622775,0.01859395205974579
22,10.11.2025,14,2025,True,0.0144879339877172,0.018153168261051178
22,11.11.2025,14,2025,True,0.0138497307026739,0.017516158521175385
22,12.11.2025,14,2025,True,0.011495213586569,0.017337918281555176
22,13.11.2025,14,2025,True,0.0126424737200591,0.01984250731766224
22,14.11.2025,14,2025,True,0.011939971623308,0.017394891008734703
22,17.11.2025,14,2025,True,0.0120037493187314,0.02178339473903179
22,18.11.2025,14,2025,True,0.0120102255813356,0.01941091939806938
22,19.11.2025,14,2025,True,0.0128199824229697,0.019145281985402107
22,20.11.2025,14,2025,True,0.0128811872804225,0.01744731329381466
22,21.11.2025,14,2025,True,0.0125928836239152,0.018386155366897583
22,24.11.2025,14,2025,True,0.0133737493857257,0.02063017152249813
22,25.11.2025,14,2025,True,0.0139567176190463,0.017898550257086754
22,26.11.2025,14,2025,True,0.0137494238036194,0.022086339071393013
22,28.11.2025,14,2025,True,0.0141830956777283,0.018380599096417427
22,01.12.2025,14,2025,True,0.0141803883791825,0.0197198074311018
22,02.12.2025,14,2025,True,0.0145192374268626,0.01918727159500122
22,03.12.2025,14,2025,True,0.0149181266172261,0.019998392090201378
22,04.12.2025,14,2025,True,0.0148838545296852,0.018361443653702736
22,05.12.2025,14,2025,True,0.0166132558463506,0.017295610159635544
22,08.12.2025,14,2025,True,0.0167459594099644,0.016473809257149696
22,09.12.2025,14,2025,True,0.0166844004107953,0.018917329609394073
22,10.12.2025,14,2025,True,0.0174072083478635,0.017156830057501793
22,11.12.2025,14,2025,True,0.017185379634549,0.017125319689512253
22,12.12.2025,14,2025,True,0.0197794327813399,0.01762315444648266
22,15.12.2025,14,2025,True,0.0196355604870466,0.01566484197974205
22,16.12.2025,14,2025,True,0.0185350348546149,0.017146240919828415
22,17.12.2025,14,2025,True,0.0184406626240698,0.021128591150045395
22,18.12.2025,14,2025,True,0.019044292385752,0.01992836594581604
22,19.12.2025,14,2025,True,0.0197168425904423,0.016686061397194862
22,22.12.2025,14,2025,True,0.0191444643920113,0.018498260527849197
22,23.12.2025,14,2025,True,0.0200052405480365,0.018235431984066963
22,24.12.2025,14,2025,True,0.0200402978104217,0.01815330609679222
22,26.12.2025,14,2025,True,0.0197493890522123,0.01681583747267723
22,29.12.2025,14,2025,True,0.0195425814098105,0.01874234341084957
22,30.12.2025,14,2025,True,0.0246035384352324,0.01820056512951851
22,31.12.2025,14,2025,True,0.0242925421278922,0.0158365648239851
66,02.01.2025,14,2025,True,0.0188005670854308,0.017470724880695343
66,03.01.2025,14,2025,True,0.0191440993851322,0.016042234376072884
66,06.01.2025,14,2025,True,0.0193936741549402,0.016285281628370285
66,07.01.2025,14,2025,True,0.0193410025226298,0.015454238280653954
66,08.01.2025,14,2025,True,0.0193084025005642,0.01638244278728962
66,10.01.2025,14,2025,True,0.0185121724760861,0.016105564311146736
66,13.01.2025,14,2025,True,0.0188587720831548,0.01895233429968357
66,14.01.2025,14,2025,True,0.0190185607176668,0.018775932490825653
66,15.01.2025,14,2025,True,0.0188494311388633,0.021641263738274574
66,16.01.2025,14,2025,True,0.0189484792803209,0.019301319494843483
66,17.01.2025,14,2025,True,0.0189812196741552,0.01887360028922558
66,21.01.2025,14,2025,True,0.0189006809082073,0.019272513687610626
66,22.01.2025,14,2025,True,0.0189642762012639,0.01922181062400341
66,23.01.2025,14,2025,True,0.01914216839185,0.01938364841043949
66,24.01.2025,14,2025,True,0.0192139826888011,0.019519023597240448
66,27.01.2025,14,2025,True,0.0191870406784867,0.018069546669721603
66,28.01.2025,14,2025,True,0.0191983139273759,0.021263957023620605
66,29.01.2025,14,2025,True,0.0192480563998282,0.01827056147158146
66,30.01.2025,14,2025,True,0.019706095029068,0.018879596143960953
66,31.01.2025,14,2025,True,0.0197743941266882,0.018417401239275932
66,03.02.2025,14,2025,True,0.0201223137537888,0.018486924469470978
66,04.02.2025,14,2025,True,0.0202561062592535,0.019721824675798416
66,05.02.2025,14,2025,True,0.0202557149226877,0.01938783749938011
66,06.02.2025,14,2025,True,0.0205337126107042,0.019583191722631454
66,07.02.2025,14,2025,True,0.020532107806017,0.02212643250823021
66,10.02.2025,14,2025,True,0.0205845945887754,0.018263868987560272
66,11.02.2025,14,2025,True,0.0205691917314826,0.018292520195245743
66,12.02.2025,14,2025,True,0.0204000815557617,0.017769698053598404
66,13.02.2025,14,2025,True,0.020400130271117,0.018448645249009132
66,14.02.2025,14,2025,True,0.0204089521021516,0.01728660985827446
66,18.02.2025,14,2025,True,0.020310192838514,0.017045238986611366
66,19.02.2025,14,2025,True,0.0203229242265685,0.017915621399879456
66,20.02.2025,14,2025,True,0.020321880773718,0.017278576269745827
66,21.02.2025,14,2025,True,0.0201731003261265,0.01835876889526844
66,24.02.2025,14,2025,True,0.0201888529608306,0.020323170349001884
66,25.02.2025,14,2025,True,0.0200107040209926,0.017869343981146812
66,26.02.2025,14,2025,True,0.0200690046589246,0.018454240635037422
66,27.02.2025,14,2025,True,0.019989277561236,0.01837742328643799
66,28.02.2025,14,2025,True,0.0199901811867646,0.018516648560762405
66,03.03.2025,14,2025,True,0.0198678851167115,0.01789066381752491
66,04.03.2025,14,2025,True,0.0199792701169954,0.02145177312195301
66,05.03.2025,14,2025,True,0.0197890505761593,0.026586418971419334
66,06.03.2025,14,2025,True,0.0197874586754806,0.021861135959625244
66,07.03.2025,14,2025,True,0.0204215965066252,0.022030165418982506
66,10.03.2025,14,2025,True,0.0203448025472766,0.018381141126155853
66,11.03.2025,14,2025,True,0.0219890576153417,0.020870786160230637
66,12.03.2025,14,2025,True,0.0219334707457899,0.019764123484492302
66,13.03.2025,14,2025,True,0.0224580438364197,0.018074948340654373
66,14.03.2025,14,2025,True,0.0224336706480682,0.022123176604509354
66,17.03.2025,14,2025,True,0.0224252848418921,0.020901748910546303
66,18.03.2025,14,2025,True,0.0242690543176266,0.018080970272421837
66,19.03.2025,14,2025,True,0.0254674030533559,0.020924514159560204
66,20.03.2025,14,2025,True,0.0253937004228553,0.023425105959177017
66,21.03.2025,14,2025,True,0.0253915214930997,0.018623121082782745
66,24.03.2025,14,2025,True,0.0253440621098579,0.017687106505036354
66,25.03.2025,14,2025,True,0.0253438996678769,0.01812412589788437
66,26.03.2025,14,2025,True,0.0253130480081213,0.018583089113235474
66,27.03.2025,14,2025,True,0.0255900773849121,0.018834730610251427
66,28.03.2025,14,2025,True,0.0255879029094919,0.017736362293362617
66,31.03.2025,14,2025,True,0.0255564414243743,0.017665233463048935
66,01.04.2025,14,2025,True,0.0255799923157195,0.018276020884513855
66,02.04.2025,14,2025,True,0.0255654907113101,0.018011512234807014
66,03.04.2025,14,2025,True,0.0243819083144736,0.015985708683729172
66,04.04.2025,14,2025,True,0.0230940553658667,0.02137496881186962
66,07.04.2025,14,2025,True,0.0230325742583689,0.024961207062005997
66,08.04.2025,14,2025,True,0.0228774541266616,0.029513875022530556
66,09.04.2025,14,2025,True,0.0223255132392176,0.02816910855472088
66,10.04.2025,14,2025,True,0.0219764273595469,0.022980190813541412
66,11.04.2025,14,2025,True,0.0218275728700637,0.025330405682325363
66,14.04.2025,14,2025,True,0.0218287436850621,0.026153773069381714
66,15.04.2025,14,2025,True,0.0218573510297426,0.02464679442346096
66,16.04.2025,14,2025,True,0.021752616799744,0.022508038207888603
66,17.04.2025,14,2025,True,0.0214387767988603,0.023093516007065773
66,21.04.2025,14,2025,True,0.0212451609989845,0.02222616598010063
66,22.04.2025,14,2025,True,0.0213234537495873,0.021918321028351784
66,23.04.2025,14,2025,True,0.0215756279959824,0.0222938135266304
66,24.04.2025,14,2025,True,0.02159282453573,0.023375988006591797
66,25.04.2025,14,2025,True,0.0216322898342586,0.023194756358861923
66,28.04.2025,14,2025,True,0.0221380656993317,0.02348078042268753
66,29.04.2025,14,2025,True,0.0219771255770332,0.022871525958180428
66,30.04.2025,14,2025,True,0.0219603570886949,0.025085218250751495
66,01.05.2025,14,2025,True,0.0219127782033015,0.026850733906030655
66,02.05.2025,14,2025,True,0.021858872459727,0.02814623713493347
66,05.05.2025,14,2025,True,0.0217342947245578,0.03049631230533123
66,06.05.2025,14,2025,True,0.0214115661983533,0.02470293827354908
66,07.05.2025,14,2025,True,0.0213249815419081,0.023226862773299217
66,08.05.2025,14,2025,True,0.0210892873200686,0.02471204288303852
66,09.05.2025,14,2025,True,0.0211063602255446,0.025046393275260925
66,12.05.2025,14,2025,True,0.0211008045087057,0.022553985938429832
66,13.05.2025,14,2025,True,0.0209128636651558,0.022105563431978226
66,14.05.2025,14,2025,True,0.0209434471506718,0.022372575476765633
66,15.05.2025,14,2025,True,0.0208188156883377,0.02221476100385189
66,16.05.2025,14,2025,True,0.020807765476737,0.023857731372117996
66,19.05.2025,14,2025,True,0.0208070100594427,0.02369154989719391
66,20.05.2025,14,2025,True,0.0208869682536102,0.022216323763132095
66,21.05.2025,14,2025,True,0.0210734375131467,0.02025609463453293
66,22.05.2025,14,2025,True,0.0210994474253948,0.023786742240190506
66,23.05.2025,14,2025,True,0.0211128070639536,0.023345516994595528
66,27.05.2025,14,2025,True,0.0210882755918495,0.023673344403505325
66,28.05.2025,14,2025,True,0.0211097205602502,0.023735228925943375
66,29.05.2025,14,2025,True,0.0212518654807521,0.024470090866088867
66,30.05.2025,14,2025,True,0.0212788895900425,0.024822095409035683
66,02.06.2025,14,2025,True,0.0214258703069734,0.022977296262979507
66,03.06.2025,14,2025,True,0.0213643733582178,0.023906046524643898
66,04.06.2025,14,2025,True,0.0213226558409736,0.022224241867661476
66,05.06.2025,14,2025,True,0.0213975738366353,0.022570878267288208
66,06.06.2025,14,2025,True,0.0213982504443102,0.022737648338079453
66,09.06.2025,14,2025,True,0.021403128517716,0.020435664802789688
66,10.06.2025,14,2025,True,0.0214165277436085,0.020817089825868607
66,11.06.2025,14,2025,True,0.0208424742592239,0.020504329353570938
66,12.06.2025,14,2025,True,0.0208507221214441,0.02480611577630043
66,13.06.2025,14,2025,True,0.0190456599700346,0.02661670558154583
66,16.06.2025,14,2025,True,0.0190258146178227,0.028525175526738167
66,17.06.2025,14,2025,True,0.0181966538376031,0.035716816782951355
66,18.06.2025,14,2025,True,0.0183184501305782,0.03730356693267822
66,20.06.2025,14,2025,True,0.0185925583261776,0.036419827491045
66,23.06.2025,14,2025,True,0.0162074283255448,0.030344592407345772
66,24.06.2025,14,2025,True,0.0142712707365931,0.03371478244662285
66,25.06.2025,14,2025,True,0.0147708185453283,0.03114670142531395
66,26.06.2025,14,2025,True,0.0148726266420105,0.02747443877160549
66,27.06.2025,14,2025,True,0.0151889193485122,0.021786509081721306
66,30.06.2025,14,2025,True,0.0153594575748508,0.020912226289510727
66,01.07.2025,14,2025,True,0.0153629956220346,0.018961451947689056
66,02.07.2025,14,2025,True,0.0150215716088051,0.019434571266174316
66,03.07.2025,14,2025,True,0.0150146499887095,0.018606243655085564
66,07.07.2025,14,2025,True,0.0150258255989604,0.018136776983737946
66,08.07.2025,14,2025,True,0.0150947533751589,0.019130945205688477
66,09.07.2025,14,2025,True,0.0157940792468085,0.018320074304938316
66,10.07.2025,14,2025,True,0.0156382780314085,0.017877789214253426
66,11.07.2025,14,2025,True,0.0153833793894376,0.017739392817020416
66,14.07.2025,14,2025,True,0.0152925088337932,0.01843155175447464
66,15.07.2025,14,2025,True,0.0153505924565863,0.01683017797768116
66,16.07.2025,14,2025,True,0.0153652050659416,0.020056022331118584
66,17.07.2025,14,2025,True,0.0152350409066862,0.019846510142087936
66,18.07.2025,14,2025,True,0.0152584331264062,0.019466420635581017
66,21.07.2025,14,2025,True,0.0155043605272406,0.020398033782839775
66,22.07.2025,14,2025,True,0.0168581200338456,0.01983507163822651
66,23.07.2025,14,2025,True,0.0168579781776017,0.0196638572961092
66,24.07.2025,14,2025,True,0.0168163175757175,0.018843796104192734
66,25.07.2025,14,2025,True,0.0169178994664618,0.02001125179231167
66,28.07.2025,14,2025,True,0.01668874504613,0.018521748483181
66,29.07.2025,14,2025,True,0.0160814958550961,0.020349448546767235
66,30.07.2025,14,2025,True,0.0160191824011381,0.021420838311314583
66,31.07.2025,14,2025,True,0.0159889150692753,0.02347462996840477
66,01.08.2025,14,2025,True,0.0152629955823498,0.02070808783173561
66,04.08.2025,14,2025,True,0.01527860225303,0.02386016584932804
66,05.08.2025,14,2025,True,0.0151604591893635,0.022438719868659973
66,06.08.2025,14,2025,True,0.0151185236244725,0.020222928375005722
66,07.08.2025,14,2025,True,0.0151264431964481,0.021623199805617332
66,08.08.2025,14,2025,True,0.0152767034350321,0.021095318719744682
66,11.08.2025,14,2025,True,0.0159756661654299,0.020156757906079292
66,12.08.2025,14,2025,True,0.015968092981435,0.01760263182222843
66,13.08.2025,14,2025,True,0.0161804218044053,0.020006302744150162
66,14.08.2025,14,2025,True,0.0160159943956705,0.01930609531700611
66,15.08.2025,14,2025,True,0.0159741296086164,0.0213747788220644
66,18.08.2025,14,2025,True,0.0161193296790577,0.020946945995092392
66,19.08.2025,14,2025,True,0.0160560014301581,0.022765621542930603
66,20.08.2025,14,2025,True,0.0159953396318678,0.020719174295663834
66,21.08.2025,14,2025,True,0.0160021821854305,0.020097142085433006
66,22.08.2025,14,2025,True,0.0160817538252823,0.019836772233247757
66,25.08.2025,14,2025,True,0.0160088712860223,0.019997892901301384
66,26.08.2025,14,2025,True,0.015774555281556,0.020038967952132225
66,27.08.2025,14,2025,True,0.015688174017615,0.01935412548482418
66,28.08.2025,14,2025,True,0.0156936780895703,0.01953767240047455
66,29.08.2025,14,2025,True,0.015687808212095,0.018558021634817123
66,02.09.2025,14,2025,True,0.0156153522845276,0.01983543112874031
66,03.09.2025,14,2025,True,0.015426891357152,0.01875089481472969
66,04.09.2025,14,2025,True,0.015573378329533,0.01928272284567356
66,05.09.2025,14,2025,True,0.0153736096097952,0.019203471019864082
66,08.09.2025,14,2025,True,0.0153486579535405,0.019916145130991936
66,09.09.2025,14,2025,True,0.0154246365205,0.019353186711668968
66,10.09.2025,14,2025,True,0.0152667703953032,0.01899629831314087
66,11.09.2025,14,2025,True,0.0151790741044034,0.020953690633177757
66,12.09.2025,14,2025,True,0.0154526856676286,0.020209550857543945
66,15.09.2025,14,2025,True,0.0155235488197851,0.018826346844434738
66,16.09.2025,14,2025,True,0.0153870703461934,0.018359169363975525
66,17.09.2025,14,2025,True,0.0154514069199229,0.019149642437696457
66,18.09.2025,14,2025,True,0.0158092025224807,0.018364258110523224
66,19.09.2025,14,2025,True,0.0157767472630468,0.018495796248316765
66,22.09.2025,14,2025,True,0.0157772901213353,0.01942000724375248
66,23.09.2025,14,2025,True,0.0159310392361077,0.018497807905077934
66,24.09.2025,14,2025,True,0.0158519793080374,0.018899627029895782
66,25.09.2025,14,2025,True,0.0158476266801272,0.019471945241093636
66,26.09.2025,14,2025,True,0.0158927597606434,0.021423188969492912
66,29.09.2025,14,2025,True,0.0154700044023287,0.020712800323963165
66,30.09.2025,14,2025,True,0.0155511496686774,0.019483232870697975
66,01.10.2025,14,2025,True,0.0153928713382753,0.02002936787903309
66,02.10.2025,14,2025,True,0.0152916716348286,0.022677762433886528
66,03.10.2025,14,2025,True,0.0158399022164899,0.021102039143443108
66,06.10.2025,14,2025,True,0.0159670417481564,0.02395073138177395
66,07.10.2025,14,2025,True,0.0160040309294857,0.018334096297621727
66,08.10.2025,14,2025,True,0.0162290765440823,0.018649840727448463
66,09.10.2025,14,2025,True,0.01623089802821,0.018046656623482704
66,10.10.2025,14,2025,True,0.0163641860855836,0.019042665138840675
66,13.10.2025,14,2025,True,0.0163394486191478,0.022162891924381256
66,14.10.2025,14,2025,True,0.0162967783322297,0.023264531046152115
66,15.10.2025,14,2025,True,0.0162716861687904,0.02443261630833149
66,16.10.2025,14,2025,True,0.0163418642197921,0.024101149290800095
66,17.10.2025,14,2025,True,0.0166803425392578,0.0238003209233284
66,20.10.2025,14,2025,True,0.016679479933728,0.022238830104470253
66,21.10.2025,14,2025,True,0.0170423993661599,0.02195114828646183
66,22.10.2025,14,2025,True,0.0169301676551161,0.024342304095625877
66,23.10.2025,14,2025,True,0.0161641014009101,0.021175529807806015
66,24.10.2025,14,2025,True,0.0161633911776555,0.02304207906126976
66,27.10.2025,14,2025,True,0.0180342643979215,0.022118521854281425
66,28.10.2025,14,2025,True,0.0179731969757775,0.02205437608063221
66,29.10.2025,14,2025,True,0.018340134478044,0.021851809695363045
66,30.10.2025,14,2025,True,0.0186820228652292,0.021850628778338432
66,31.10.2025,14,2025,True,0.0187006582884593,0.0203753300011158
66,03.11.2025,14,2025,True,0.0187717211423551,0.022053701803088188
66,04.11.2025,14,2025,True,0.018754086244939,0.01939445547759533
66,05.11.2025,14,2025,True,0.0186779707281738,0.02020122855901718
66,06.11.2025,14,2025,True,0.0190075994248405,0.020189467817544937
66,07.11.2025,14,2025,True,0.0190064218551346,0.020024072378873825
66,10.11.2025,14,2025,True,0.0190058242769545,0.019108431413769722
66,11.11.2025,14,2025,True,0.0195919390936688,0.018618382513523102
66,12.11.2025,14,2025,True,0.0190710323433709,0.0187264084815979
66,13.11.2025,14,2025,True,0.0190680680851531,0.01998991146683693
66,14.11.2025,14,2025,True,0.0189203564135177,0.019386986270546913
66,17.11.2025,14,2025,True,0.0189673251082717,0.02046666108071804
66,18.11.2025,14,2025,True,0.018932348231715,0.019803043454885483
66,19.11.2025,14,2025,True,0.018720008704527,0.020012266933918
66,20.11.2025,14,2025,True,0.0189175525286475,0.020015964284539223
66,21.11.2025,14,2025,True,0.0205905707187204,0.020953930914402008
66,24.11.2025,14,2025,True,0.0212220291444282,0.0226032305508852
66,25.11.2025,14,2025,True,0.0211092184949875,0.02025846391916275
66,26.11.2025,14,2025,True,0.0217839699758604,0.024817880243062973
66,28.11.2025,14,2025,True,0.0237606794454398,0.0207021813839674
66,01.12.2025,14,2025,True,0.0248534869610042,0.022559573873877525
66,02.12.2025,14,2025,True,0.0292549201478625,0.021344628185033798
66,03.12.2025,14,2025,True,0.0296930927966373,0.02091050334274769
66,04.12.2025,14,2025,True,0.03137565029959,0.019326848909258842
66,05.12.2025,14,2025,True,0.0314656233879848,0.019108325242996216
66,08.12.2025,14,2025,True,0.0316022242129821,0.018759433180093765
66,09.12.2025,14,2025,True,0.0316784591893867,0.018860341981053352
66,10.12.2025,14,2025,True,0.0318866370935949,0.018367677927017212
66,11.12.2025,14,2025,True,0.0317553356671818,0.01850125379860401
66,12.12.2025,14,2025,True,0.0318523620231749,0.018639959394931793
66,15.12.2025,14,2025,True,0.0353049176850863,0.0172107070684433
66,16.12.2025,14,2025,True,0.0353174118572594,0.017181426286697388
66,17.12.2025,14,2025,True,0.0355136855327138,0.020932214334607124
66,18.12.2025,14,2025,True,0.0359715994686772,0.020376676693558693
66,19.12.2025,14,2025,True,0.0361916340038405,0.0176168754696846
66,22.12.2025,14,2025,True,0.0361425530707543,0.018610423430800438
66,23.12.2025,14,2025,True,0.036457998627262,0.01809745840728283
66,24.12.2025,14,2025,True,0.0418169163851972,0.018702400848269463
66,26.12.2025,14,2025,True,0.0424185717918667,0.018170025199651718
66,29.12.2025,14,2025,True,0.0423912723250211,0.019248057156801224
66,30.12.2025,14,2025,True,0.0424083314827109,0.018592752516269684
66,31.12.2025,14,2025,True,0.0462172493634244,0.019248001277446747
126,02.01.2025,14,2025,True,0.0208313504276539,0.018886910751461983
126,03.01.2025,14,2025,True,0.0208185155103497,0.016225386410951614
126,06.01.2025,14,2025,True,0.0209069512999382,0.018025580793619156
126,07.01.2025,14,2025,True,0.0210100530504313,0.015643874183297157
126,08.01.2025,14,2025,True,0.021034674146546,0.017811916768550873
126,10.01.2025,14,2025,True,0.0206151039323214,0.01797465980052948
126,13.01.2025,14,2025,True,0.0205606685693195,0.021750418469309807
126,14.01.2025,14,2025,True,0.0205790827293948,0.023686779662966728
126,15.01.2025,14,2025,True,0.0204348702911476,0.023449888452887535
126,16.01.2025,14,2025,True,0.0204231175675352,0.022878607735037804
126,17.01.2025,14,2025,True,0.020430093144964,0.022182565182447433
126,21.01.2025,14,2025,True,0.0203699649392603,0.02184298262000084
126,22.01.2025,14,2025,True,0.0203917374994192,0.022344015538692474
126,23.01.2025,14,2025,True,0.020397717563356,0.02289428934454918
126,24.01.2025,14,2025,True,0.0205086331797137,0.02105032280087471
126,27.01.2025,14,2025,True,0.0206914471528727,0.01865445449948311
126,28.01.2025,14,2025,True,0.0207062491553722,0.022168848663568497
126,29.01.2025,14,2025,True,0.0206979739960328,0.01935832016170025
126,30.01.2025,14,2025,True,0.0209955500718418,0.01993381604552269
126,31.01.2025,14,2025,True,0.0210243802208499,0.01893361285328865
126,03.02.2025,14,2025,True,0.0210527610525573,0.018409570679068565
126,04.02.2025,14,2025,True,0.0210691720863198,0.02088584378361702
126,05.02.2025,14,2025,True,0.0209989449911629,0.02037443406879902
126,06.02.2025,14,2025,True,0.0209988140593095,0.021274663507938385
126,07.02.2025,14,2025,True,0.0209927062912707,0.02299043908715248
126,10.02.2025,14,2025,True,0.0209456229436938,0.018014896661043167
126,11.02.2025,14,2025,True,0.0209043946324184,0.020277446135878563
126,12.02.2025,14,2025,True,0.0208765238064901,0.01814975216984749
126,13.02.2025,14,2025,True,0.0209134629920139,0.02133280783891678
126,14.02.2025,14,2025,True,0.0209409202154685,0.019391899928450584
126,18.02.2025,14,2025,True,0.0209182562083993,0.017307933419942856
126,19.02.2025,14,2025,True,0.0209702370668842,0.018569357693195343
126,20.02.2025,14,2025,True,0.0209954244096731,0.01831165701150894
126,21.02.2025,14,2025,True,0.0208637104729032,0.019426049664616585
126,24.02.2025,14,2025,True,0.0209095138981811,0.02706395834684372
126,25.02.2025,14,2025,True,0.0209044026233283,0.01984797976911068
126,26.02.2025,14,2025,True,0.0209287595913532,0.020702144131064415
126,27.02.2025,14,2025,True,0.0208581913479595,0.021399404853582382
126,28.02.2025,14,2025,True,0.0208432478098973,0.020173003897070885
126,03.03.2025,14,2025,True,0.0208024229179597,0.018419209867715836
126,04.03.2025,14,2025,True,0.020885245009022,0.024770401418209076
126,05.03.2025,14,2025,True,0.0207849623358664,0.02619585022330284
126,06.03.2025,14,2025,True,0.0208775921120142,0.021881289780139923
126,07.03.2025,14,2025,True,0.0208568838055016,0.02495384030044079
126,10.03.2025,14,2025,True,0.0208203584307503,0.018337178975343704
126,11.03.2025,14,2025,True,0.0208704300018767,0.021276377141475677
126,12.03.2025,14,2025,True,0.0208436692897191,0.020356062799692154
126,13.03.2025,14,2025,True,0.0208199982521624,0.019776327535510063
126,14.03.2025,14,2025,True,0.0208090819465478,0.022442035377025604
126,17.03.2025,14,2025,True,0.0208450530656858,0.021989494562149048
126,18.03.2025,14,2025,True,0.0208462045598215,0.020038707181811333
126,19.03.2025,14,2025,True,0.0208538394083953,0.02490430697798729
126,20.03.2025,14,2025,True,0.0208170111973617,0.02435234934091568
126,21.03.2025,14,2025,True,0.0208156590130746,0.01800239272415638
126,24.03.2025,14,2025,True,0.0208388752951164,0.018866579979658127
126,25.03.2025,14,2025,True,0.0209588379195861,0.01828213594853878
126,26.03.2025,14,2025,True,0.020936778860335,0.020024374127388
126,27.03.2025,14,2025,True,0.0209557478553067,0.020211853086948395
126,28.03.2025,14,2025,True,0.021130970022466,0.019291820004582405
126,31.03.2025,14,2025,True,0.0211178420217687,0.01955488510429859
126,01.04.2025,14,2025,True,0.0212281408520534,0.019173672422766685
126,02.04.2025,14,2025,True,0.0212792206064724,0.01955142244696617
126,03.04.2025,14,2025,True,0.0204709417531297,0.016491394490003586
126,04.04.2025,14,2025,True,0.0196219982798697,0.020532626658678055
126,07.04.2025,14,2025,True,0.0195303566523755,0.0240692887455225
126,08.04.2025,14,2025,True,0.0194583561049424,0.026245426386594772
126,09.04.2025,14,2025,True,0.019157539207022,0.02526790462434292
126,10.04.2025,14,2025,True,0.0192408906761494,0.022018441930413246
126,11.04.2025,14,2025,True,0.0191545802930846,0.025202298536896706
126,14.04.2025,14,2025,True,0.0191978338958383,0.024861974641680717
126,15.04.2025,14,2025,True,0.0192074566448655,0.024613603949546814
126,16.04.2025,14,2025,True,0.0191728543229357,0.022260872647166252
126,17.04.2025,14,2025,True,0.018958847518612,0.02254999615252018
126,21.04.2025,14,2025,True,0.0188339189622356,0.022888535633683205
126,22.04.2025,14,2025,True,0.0187693186221907,0.022501764819025993
126,23.04.2025,14,2025,True,0.0187858124474752,0.02216208539903164
126,24.04.2025,14,2025,True,0.0193685952670327,0.022524965927004814
126,25.04.2025,14,2025,True,0.0193637567970929,0.022522374987602234
126,28.04.2025,14,2025,True,0.0193210511480959,0.022380400449037552
126,29.04.2025,14,2025,True,0.0192670902770557,0.022755581885576248
126,30.04.2025,14,2025,True,0.0192137840526125,0.02571694739162922
126,01.05.2025,14,2025,True,0.019159933137917,0.025309687480330467
126,02.05.2025,14,2025,True,0.0191188918639113,0.02748062089085579
126,05.05.2025,14,2025,True,0.0190534317011857,0.026110021397471428
126,06.05.2025,14,2025,True,0.018862989724448,0.023518409579992294
126,07.05.2025,14,2025,True,0.0188473152657669,0.021885573863983154
126,08.05.2025,14,2025,True,0.0186865750153127,0.022064069285988808
126,09.05.2025,14,2025,True,0.0186288735250259,0.02325262501835823
126,12.05.2025,14,2025,True,0.0185812336585726,0.022577716037631035
126,13.05.2025,14,2025,True,0.0185042576696406,0.0212883111089468
126,14.05.2025,14,2025,True,0.0188011921664462,0.02194434218108654
126,15.05.2025,14,2025,True,0.0186879951566106,0.022416062653064728
126,16.05.2025,14,2025,True,0.0187496338107456,0.02221217006444931
126,19.05.2025,14,2025,True,0.0187503516200343,0.022964688017964363
126,20.05.2025,14,2025,True,0.0187740688110672,0.021472178399562836
126,21.05.2025,14,2025,True,0.0188605234677576,0.02054799534380436
126,22.05.2025,14,2025,True,0.018850547972275,0.025044821202754974
126,23.05.2025,14,2025,True,0.018879049749928,0.02315499261021614
126,27.05.2025,14,2025,True,0.0188916429672912,0.023401517421007156
126,28.05.2025,14,2025,True,0.018898389424424,0.02273525297641754
126,29.05.2025,14,2025,True,0.01889445854114,0.02487797848880291
126,30.05.2025,14,2025,True,0.0188917183044959,0.024942193180322647
126,02.06.2025,14,2025,True,0.0188637513558215,0.023202817887067795
126,03.06.2025,14,2025,True,0.0188383352103362,0.023093542084097862
126,04.06.2025,14,2025,True,0.0188135394122381,0.02257411554455757
126,05.06.2025,14,2025,True,0.0188208722983221,0.02498544193804264
126,06.06.2025,14,2025,True,0.018769793567596,0.026427676901221275
126,09.06.2025,14,2025,True,0.018833669991997,0.025476397946476936
126,10.06.2025,14,2025,True,0.0188473344878187,0.02646729163825512
126,11.06.2025,14,2025,True,0.0184524297141226,0.026300419121980667
126,12.06.2025,14,2025,True,0.0184902779460126,0.025276781991124153
126,13.06.2025,14,2025,True,0.0174265198814494,0.0272054485976696
126,16.06.2025,14,2025,True,0.0174067815766959,0.02600964345037937
126,17.06.2025,14,2025,True,0.0170937492865009,0.03142194822430611
126,18.06.2025,14,2025,True,0.0171387044911849,0.031278569251298904
126,20.06.2025,14,2025,True,0.0171346113407095,0.03133940324187279
126,23.06.2025,14,2025,True,0.0158865020724247,0.027911953628063202
126,24.06.2025,14,2025,True,0.0150941773137381,0.031103074550628662
126,25.06.2025,14,2025,True,0.0150827249377152,0.03009534627199173
126,26.06.2025,14,2025,True,0.0150828755275611,0.02751210704445839
126,27.06.2025,14,2025,True,0.0152507507120253,0.022189516574144363
126,30.06.2025,14,2025,True,0.0153765275409481,0.021682677790522575
126,01.07.2025,14,2025,True,0.015364680717241,0.02160995453596115
126,02.07.2025,14,2025,True,0.0151982830176672,0.02294725365936756
126,03.07.2025,14,2025,True,0.0151951743998576,0.023494362831115723
126,07.07.2025,14,2025,True,0.01523588968796,0.02303639054298401
126,08.07.2025,14,2025,True,0.0152830205936791,0.022589413449168205
126,09.07.2025,14,2025,True,0.0153142241147443,0.022211086004972458
126,10.07.2025,14,2025,True,0.0155022974426012,0.020235547795891762
126,11.07.2025,14,2025,True,0.0154625977079655,0.0196086298674345
126,14.07.2025,14,2025,True,0.0154196909448938,0.021355921402573586
126,15.07.2025,14,2025,True,0.0155725709624356,0.019594743847846985
126,16.07.2025,14,2025,True,0.0156384529727621,0.019834546372294426
126,17.07.2025,14,2025,True,0.016025878858784,0.01924085058271885
126,18.07.2025,14,2025,True,0.0160342466589304,0.01907203160226345
126,21.07.2025,14,2025,True,0.016075041795413,0.019589532166719437
126,22.07.2025,14,2025,True,0.0160640393393461,0.01935672201216221
126,23.07.2025,14,2025,True,0.0161425078816354,0.01897273026406765
126,24.07.2025,14,2025,True,0.0163167449702458,0.020019374787807465
126,25.07.2025,14,2025,True,0.016294276223768,0.021269114688038826
126,28.07.2025,14,2025,True,0.016381099339329,0.019901536405086517
126,29.07.2025,14,2025,True,0.0161179740828705,0.02380187250673771
126,30.07.2025,14,2025,True,0.0163691628344005,0.022415852174162865
126,31.07.2025,14,2025,True,0.0163470948689052,0.022506972774863243
126,01.08.2025,14,2025,True,0.0169425644884708,0.023837599903345108
126,04.08.2025,14,2025,True,0.0169616294557926,0.022279223427176476
126,05.08.2025,14,2025,True,0.0171254972747714,0.022518960759043694
126,06.08.2025,14,2025,True,0.0172784943954197,0.01974554732441902
126,07.08.2025,14,2025,True,0.0172791712410666,0.021749624982476234
126,08.08.2025,14,2025,True,0.0173247309188919,0.02153831534087658
126,11.08.2025,14,2025,True,0.017327957184138,0.021088378503918648
126,12.08.2025,14,2025,True,0.0173293207298079,0.01856488175690174
126,13.08.2025,14,2025,True,0.0174926880487947,0.020866498351097107
126,14.08.2025,14,2025,True,0.017419995140188,0.021741827949881554
126,15.08.2025,14,2025,True,0.0173735988458638,0.022003034129738808
126,18.08.2025,14,2025,True,0.0177521419584859,0.02212965488433838
126,19.08.2025,14,2025,True,0.0177873727013795,0.021390166133642197
126,20.08.2025,14,2025,True,0.0177353878476989,0.020535089075565338
126,21.08.2025,14,2025,True,0.0177078524191806,0.020609617233276367
126,22.08.2025,14,2025,True,0.0177327530649095,0.019513046368956566
126,25.08.2025,14,2025,True,0.0176794478696385,0.020844822749495506
126,26.08.2025,14,2025,True,0.0175541758643828,0.01975557953119278
126,27.08.2025,14,2025,True,0.0176501275735759,0.022080691531300545
126,28.08.2025,14,2025,True,0.0186949346710541,0.020040739327669144
126,29.08.2025,14,2025,True,0.0191044318231598,0.020556647330522537
126,02.09.2025,14,2025,True,0.0190665746614243,0.02097531408071518
126,03.09.2025,14,2025,True,0.0193957303444946,0.024846483021974564
126,04.09.2025,14,2025,True,0.020635917656928,0.023833876475691795
126,05.09.2025,14,2025,True,0.0212591381491397,0.024415241554379463
126,08.09.2025,14,2025,True,0.0239089743623979,0.022060828283429146
126,09.09.2025,14,2025,True,0.024230282004478,0.023252278566360474
126,10.09.2025,14,2025,True,0.0253745193998988,0.02152627520263195
126,11.09.2025,14,2025,True,0.0253944533008438,0.02146546170115471
126,12.09.2025,14,2025,True,0.0255513717515015,0.02210497111082077
126,15.09.2025,14,2025,True,0.0256740743763841,0.020713744685053825
126,16.09.2025,14,2025,True,0.0258334366512931,0.0198130551725626
126,17.09.2025,14,2025,True,0.025823945366093,0.02175951562821865
126,18.09.2025,14,2025,True,0.0259265586723443,0.0196976475417614
126,19.09.2025,14,2025,True,0.0280028490157562,0.020608827471733093
126,22.09.2025,14,2025,True,0.0282398115841337,0.019815796986222267
126,23.09.2025,14,2025,True,0.0283093811533351,0.01975827105343342
126,24.09.2025,14,2025,True,0.0286221430684721,0.020780619233846664
126,25.09.2025,14,2025,True,0.0288191931265891,0.023197120055556297
126,26.09.2025,14,2025,True,0.028814079257063,0.025339962914586067
126,29.09.2025,14,2025,True,0.0289104879320765,0.02544338069856167
126,30.09.2025,14,2025,True,0.0322497296878304,0.02105235680937767
126,01.10.2025,14,2025,True,0.032771661335673,0.021403072401881218
126,02.10.2025,14,2025,True,0.0327060295540716,0.02228136546909809
126,03.10.2025,14,2025,True,0.0327148266310726,0.02165253460407257
126,06.10.2025,14,2025,True,0.0352158563340667,0.027500951662659645
126,07.10.2025,14,2025,True,0.0352244271726371,0.01891143247485161
126,08.10.2025,14,2025,True,0.0352273249189945,0.019276779145002365
126,09.10.2025,14,2025,True,0.0353656187262171,0.020174667239189148
126,10.10.2025,14,2025,True,0.0354509990211161,0.020630773156881332
126,13.10.2025,14,2025,True,0.0354471309945891,0.02223234996199608
126,14.10.2025,14,2025,True,0.0356125695137737,0.02225019596517086
126,15.10.2025,14,2025,True,0.036670146771758,0.02325615845620632
126,16.10.2025,14,2025,True,0.0369279850523225,0.023001322522759438
126,17.10.2025,14,2025,True,0.0370085112404018,0.023367762565612793
126,20.10.2025,14,2025,True,0.0370999483739675,0.02278653159737587
126,21.10.2025,14,2025,True,0.0371747245467167,0.023322470486164093
126,22.10.2025,14,2025,True,0.0371464583242835,0.02409360744059086
126,23.10.2025,14,2025,True,0.0369463742133941,0.022166265174746513
126,24.10.2025,14,2025,True,0.0370039941132595,0.023146746680140495
126,27.10.2025,14,2025,True,0.0373163889113828,0.022440500557422638
126,28.10.2025,14,2025,True,0.0374228534289741,0.022278910502791405
126,29.10.2025,14,2025,True,0.0377655308547639,0.02117275260388851
126,30.10.2025,14,2025,True,0.0380507119034549,0.021686676889657974
126,31.10.2025,14,2025,True,0.0382626090761388,0.020616447553038597
126,03.11.2025,14,2025,True,0.0390122773694097,0.023091986775398254
126,04.11.2025,14,2025,True,0.0390257696011433,0.019145609810948372
126,05.11.2025,14,2025,True,0.0390002504310376,0.021228674799203873
126,06.11.2025,14,2025,True,0.0390585200049818,0.020496999844908714
126,07.11.2025,14,2025,True,0.0391477025891863,0.021431149914860725
126,10.11.2025,14,2025,True,0.0392064412144263,0.020372575148940086
126,11.11.2025,14,2025,True,0.0391898251481032,0.019445983693003654
126,12.11.2025,14,2025,True,0.0390905191919808,0.019658807665109634
126,13.11.2025,14,2025,True,0.0391363507332632,0.0196791160851717
126,14.11.2025,14,2025,True,0.0391203116801321,0.019036222249269485
126,17.11.2025,14,2025,True,0.0395066123493292,0.020822441205382347
126,18.11.2025,14,2025,True,0.0395770391687017,0.01935611478984356
126,19.11.2025,14,2025,True,0.0395156612741121,0.01978692039847374
126,20.11.2025,14,2025,True,0.0396966786175072,0.021517638117074966
126,21.11.2025,14,2025,True,0.0400072726049871,0.024659069254994392
126,24.11.2025,14,2025,True,0.0400066381828609,0.025987643748521805
126,25.11.2025,14,2025,True,0.0400208766569894,0.023908736184239388
126,26.11.2025,14,2025,True,0.040094986235018,0.026318581774830818
126,28.11.2025,14,2025,True,0.0400999814234132,0.02539478801190853
126,01.12.2025,14,2025,True,0.0401217868124733,0.026114750653505325
126,02.12.2025,14,2025,True,0.0402032714763621,0.024388158693909645
126,03.12.2025,14,2025,True,0.0402598756183308,0.024813072755932808
126,04.12.2025,14,2025,True,0.0402645014804977,0.021819764748215675
126,05.12.2025,14,2025,True,0.040371481298978,0.021096086129546165
126,08.12.2025,14,2025,True,0.0403410660719609,0.020150797441601753
126,09.12.2025,14,2025,True,0.0404331048891073,0.020799746736884117
126,10.12.2025,14,2025,True,0.0405693639176524,0.01991317979991436
126,11.12.2025,14,2025,True,0.0407982440512327,0.02036236971616745
126,12.12.2025,14,2025,True,0.0410826891671888,0.020240169018507004
126,15.12.2025,14,2025,True,0.041073031107068,0.018469717353582382
126,16.12.2025,14,2025,True,0.0409870016180778,0.019014446064829826
126,17.12.2025,14,2025,True,0.0410471671852485,0.027014369145035744
126,18.12.2025,14,2025,True,0.0410627391007721,0.026928314939141273
126,19.12.2025,14,2025,True,0.0412612908020027,0.02097197435796261
126,22.12.2025,14,2025,True,0.0412372434959423,0.02327078953385353
126,23.12.2025,14,2025,True,0.0414385301499784,0.020027443766593933
126,24.12.2025,14,2025,True,0.0414584457228574,0.02130088582634926
126,26.12.2025,14,2025,True,0.0413878395096646,0.020200219005346298
126,29.12.2025,14,2025,True,0.0413881710383068,0.021205531433224678
126,30.12.2025,14,2025,True,0.041388363445709,0.021051902323961258
126,31.12.2025,14,2025,True,0.041354790671326,0.019468819722533226
5,02.01.2026,15,2026,True,0.0220576739777579,0.01543805468827486
5,05.01.2026,15,2026,True,0.0216021974286242,0.014017120003700256
5,06.01.2026,15,2026,True,0.0177501068666606,0.012806953862309456
5,07.01.2026,15,2026,True,0.0093750364908565,0.013311763294041157
5,08.01.2026,15,2026,True,0.0275506841292633,0.012118672020733356
5,09.01.2026,15,2026,True,0.0261404334543782,0.013982092961668968
5,12.01.2026,15,2026,True,0.026416420924779,0.017822571098804474
5,13.01.2026,15,2026,True,0.0237381825416173,0.013679619878530502
5,14.01.2026,15,2026,True,0.0226522682275858,0.01875709369778633
5,15.01.2026,15,2026,True,0.0166701236005469,0.022334452718496323
5,16.01.2026,15,2026,True,0.0173938191176149,0.018665658310055733
5,20.01.2026,15,2026,True,0.0207726551075824,0.01915932074189186
5,21.01.2026,15,2026,True,0.0207579106972276,0.018957732245326042
5,22.01.2026,15,2026,True,0.015732644606982,0.02068719081580639
5,23.01.2026,15,2026,True,0.017052222451371,0.023385612294077873
5,26.01.2026,15,2026,True,0.0394470594905197,0.022345952689647675
5,27.01.2026,15,2026,True,0.0374101115912987,0.024214914068579674
5,28.01.2026,15,2026,True,0.0399194940771254,0.025267023593187332
5,29.01.2026,15,2026,True,0.0376755773298061,0.026171676814556122
5,30.01.2026,15,2026,True,0.0382766629241076,0.024173611775040627
5,02.02.2026,15,2026,True,0.0219096710463424,0.020263640210032463
5,03.02.2026,15,2026,True,0.0219619096292464,0.03405095264315605
5,04.02.2026,15,2026,True,0.0167915511385721,0.035279665142297745
5,05.02.2026,15,2026,True,0.0166185017199006,0.029563188552856445
5,06.02.2026,15,2026,True,0.0162635511822032,0.031917668879032135
5,09.02.2026,15,2026,True,0.0138238073258486,0.031574547290802
5,10.02.2026,15,2026,True,0.0253746742622246,0.032840315252542496
5,11.02.2026,15,2026,True,0.0261456765538791,0.02128743752837181
5,12.02.2026,15,2026,True,0.0190108559433364,0.02301136963069439
5,13.02.2026,15,2026,True,0.0200791788113775,0.022474540397524834
5,17.02.2026,15,2026,True,0.0212040177952239,0.023057324811816216
5,18.02.2026,15,2026,True,0.0106097366449827,0.02216145023703575
5,19.02.2026,15,2026,True,0.0047228970742127,0.024341989308595657
5,20.02.2026,15,2026,True,0.0130731464489822,0.03203405439853668
5,23.02.2026,15,2026,True,0.0323756855550877,0.02633969858288765
5,24.02.2026,15,2026,True,0.0303933605125437,0.03098037838935852
5,25.02.2026,15,2026,True,0.0306461090553716,0.03517540916800499
5,26.02.2026,15,2026,True,0.0265926211950809,0.026046456769108772
5,27.02.2026,15,2026,True,0.0313439668016201,0.04014527425169945
5,02.03.2026,15,2026,True,0.0306372638188605,0.030471110716462135
5,03.03.2026,15,2026,True,0.0813312280852919,0.05975395813584328
5,04.03.2026,15,2026,True,0.0818253276563884,0.06393939256668091
5,05.03.2026,15,2026,True,0.0865514732310649,0.05511479824781418
5,06.03.2026,15,2026,True,0.0820862350853726,0.06837649643421173
5,09.03.2026,15,2026,True,0.0802334993770211,0.08090070635080338
5,10.03.2026,15,2026,True,0.042119655640424,0.0795239582657814
5,11.03.2026,15,2026,True,0.0415758602873652,0.0617620013654232
5,12.03.2026,15,2026,True,0.0266439240841511,0.07473104447126389
5,13.03.2026,15,2026,True,0.0273316877273464,0.07035055011510849
5,16.03.2026,15,2026,True,0.0650763705759555,0.07531461864709854
5,17.03.2026,15,2026,True,0.0669103621589991,0.05785069987177849
5,18.03.2026,15,2026,True,0.0642546186829327,0.05870618298649788
5,19.03.2026,15,2026,True,0.070516067656779,0.07440818101167679
5,20.03.2026,15,2026,True,0.0717229288099039,0.05425384268164635
5,23.03.2026,15,2026,True,0.0327556745266894,0.058817289769649506
5,24.03.2026,15,2026,True,0.0333639318164079,0.05799278989434242
5,25.03.2026,15,2026,True,0.0889976270828279,0.06178159639239311
5,26.03.2026,15,2026,True,0.0925522813363506,0.05842885747551918
5,27.03.2026,15,2026,True,0.0901253235620718,0.06525018066167831
5,30.03.2026,15,2026,True,0.0900480749404196,0.06881975382566452
5,31.03.2026,15,2026,True,0.1009293258914761,0.0707879289984703
5,01.04.2026,15,2026,True,0.0799896985902602,0.06459023058414459
5,02.04.2026,15,2026,True,0.0650446588019132,0.06527881324291229
5,06.04.2026,15,2026,True,0.0714160471906021,0.07960516214370728
5,07.04.2026,15,2026,True,0.071660628838849,0.08636102080345154
5,08.04.2026,15,2026,True,0.0326157814059237,0.08243338018655777
5,09.04.2026,15,2026,True,0.0386023619351195,0.06086161360144615
5,10.04.2026,15,2026,True,0.060512170691955,0.06677621603012085
5,13.04.2026,15,2026,True,0.0633513089211289,0.06304957717657089
5,14.04.2026,15,2026,True,0.0608670887683801,0.060952648520469666
5,15.04.2026,15,2026,True,0.0617941647130986,0.0582384429872036
5,16.04.2026,15,2026,True,0.0601825256666072,0.06713184714317322
5,17.04.2026,15,2026,True,0.0186731429039724,0.05967671796679497
5,20.04.2026,15,2026,True,0.0128781832399018,0.0392918586730957
5,21.04.2026,15,2026,True,0.012581807310521,0.05302726477384567
5,22.04.2026,15,2026,True,0.0200928878343165,0.055879101157188416
5,23.04.2026,15,2026,True,0.0348657076975311,0.050683051347732544
5,24.04.2026,15,2026,True,0.0469396447586403,0.04877151921391487
5,27.04.2026,15,2026,True,0.0518883514125255,0.06270459294319153
5,28.04.2026,15,2026,True,0.0553600889513018,0.05877535790205002
5,29.04.2026,15,2026,True,0.0518508075068966,0.052038077265024185
5,30.04.2026,15,2026,True,0.0523968275324118,0.059306561946868896
5,01.05.2026,15,2026,True,0.0522237249779472,0.04348992183804512
5,04.05.2026,15,2026,True,0.0437378103748314,0.04315849021077156
5,05.05.2026,15,2026,True,0.0469011249289117,0.042491741478443146
5,06.05.2026,15,2026,True,0.0238577193283388,0.04453305900096893
5,07.05.2026,15,2026,True,0.0216958190703434,0.039733629673719406
5,08.05.2026,15,2026,True,0.0238563418738349,0.04099544137716293
5,11.05.2026,15,2026,True,0.0235018391530982,0.04132705554366112
5,12.05.2026,15,2026,True,0.0223312836423463,0.034001875668764114
5,13.05.2026,15,2026,True,0.0358589848234453,0.04870064929127693
5,14.05.2026,15,2026,True,0.0371491860895561,0.044866640120744705
5,15.05.2026,15,2026,True,0.0321159753486123,0.04263148084282875
5,18.05.2026,15,2026,True,0.026273379859647,0.03562173619866371
5,19.05.2026,15,2026,True,0.0273972854409567,0.037347398698329926
5,20.05.2026,15,2026,True,0.0254023543150176,0.0388038344681263
5,21.05.2026,15,2026,True,0.0254873547305959,0.040191587060689926
5,22.05.2026,15,2026,True,0.0329791827828975,0.04145681485533714
5,26.05.2026,15,2026,True,0.0322684530339313,0.041106704622507095
5,27.05.2026,15,2026,True,0.019581140963704,0.03460210934281349
5,28.05.2026,15,2026,True,0.0252812159373501,0.033233631402254105
5,29.05.2026,15,2026,True,0.0258671194987152,0.030322179198265076
5,01.06.2026,15,2026,True,0.021571326675603,0.030440906062722206
5,02.06.2026,15,2026,True,0.0234365817334465,0.033896464854478836
5,03.06.2026,15,2026,True,0.0231967703391039,0.03621670603752136
5,04.06.2026,15,2026,True,0.0233660108736719,0.03444313630461693
5,05.06.2026,15,2026,True,0.025614369001156,0.0311338622123003
5,08.06.2026,15,2026,True,0.0252037387639444,0.02895396389067173
5,09.06.2026,15,2026,True,0.0280395300650387,0.0323556549847126
5,10.06.2026,15,2026,True,0.0236940641641567,0.02889212779700756
5,11.06.2026,15,2026,True,0.0285465682712684,0.03844621405005455
5,12.06.2026,15,2026,True,0.0280619546949263,0.03150508925318718
5,15.06.2026,15,2026,True,0.0241591130920128,0.02959624119102955
5,16.06.2026,15,2026,True,0.021328344123331,0.020482126623392105
5,17.06.2026,15,2026,True,0.0250071286761539,0.029712561517953873
5,18.06.2026,15,2026,True,0.027053921857194,0.029618313536047935
5,22.06.2026,15,2026,True,0.0313361161424492,0.02627800777554512
5,23.06.2026,15,2026,True,0.0316296862713603,0.027622144669294357
5,24.06.2026,15,2026,True,0.0265790495378855,0.02786640264093876
5,25.06.2026,15,2026,True,0.0232120861021053,0.023581795394420624
5,26.06.2026,15,2026,True,0.0125689745702291,0.025852462276816368
5,29.06.2026,15,2026,True,0.0174695982200973,0.023038407787680626
5,30.06.2026,15,2026,True,0.0269675387679561,0.023408986628055573
5,01.07.2026,15,2026,True,0.0280696539186173,0.02464025467634201
5,02.07.2026,15,2026,True,0.0288339976816877,0.018680375069379807
5,06.07.2026,15,2026,True,0.0449914473683734,0.020333731546998024
5,07.07.2026,15,2026,True,0.0453113101921202,0.018081804737448692
5,08.07.2026,15,2026,True,0.0440088898040862,0.029453711584210396
5,09.07.2026,15,2026,True,0.0412782557751398,0.018702330067753792
5,10.07.2026,15,2026,True,0.0400524113380354,0.01802314817905426
5,13.07.2026,15,2026,True,0.020022837173392,0.020941127091646194
5,14.07.2026,15,2026,True,0.0201793713106393,0.03013964556157589
5,15.07.2026,15,2026,True,0.0203612231509063,0.035207170993089676
5,16.07.2026,15,2026,True,0.0219008397197257,0.03070390224456787
5,17.07.2026,15,2026,True,0.0389725397669558,0.02713075280189514
5,20.07.2026,15,2026,True,0.0631424835896438,0.040126983076334
5,21.07.2026,15,2026,True,0.0647585539542266,0.03438864275813103
5,22.07.2026,15,2026,True,0.0749414735031367,0.034545596688985825
5,23.07.2026,15,2026,True,0.0621132772461594,0.03474808856844902
5,24.07.2026,15,2026,True,0.0632937201743563,0.05506616830825806
5,27.07.2026,15,2026,True,0.0581505495365553,0.03847073018550873
5,28.07.2026,15,2026,True,0.0589407459586854,0.030184680595993996
5,29.07.2026,15,2026,True,0.0362074433091067,0.033506084233522415
5,30.07.2026,15,2026,True,0.0465257842098363,0.03935837745666504
5,31.07.2026,15,2026,True,0.0466148226073336,0.03920518234372139
5,03.08.2026,15,2026,True,0.0401450778632215,0.042944908142089844
5,04.08.2026,15,2026,True,0.0196570671847008,0.03005141392350197
5,05.08.2026,15,2026,True,0.0197525685177037,0.033152561634778976
5,06.08.2026,15,2026,True,0.0255159412964316,0.03276172652840614
5,07.08.2026,15,2026,True,0.0256426913091254,0.02899782918393612
5,10.08.2026,15,2026,True,0.0184621798045003,0.03520388901233673
5,11.08.2026,15,2026,True,0.0181897821449859,0.0360867865383625
5,12.08.2026,15,2026,True,0.0180629114681659,0.034941840916872025
5,13.08.2026,15,2026,True,0.0105579174412507,0.03613780066370964
5,14.08.2026,15,2026,True,0.0111009767325525,0.030459901317954063
5,17.08.2026,15,2026,True,0.0170074635403137,0.03011361137032509
5,18.08.2026,15,2026,True,0.0256190011660325,0.03607692942023277
5,19.08.2026,15,2026,True,0.0247244017850896,0.028226228430867195
5,20.08.2026,15,2026,True,0.0239822152583917,0.029872344806790352
5,21.08.2026,15,2026,True,0.0226999342336088,0.027854330837726593
5,24.08.2026,15,2026,True,0.0235127393217673,0.023842399939894676
5,25.08.2026,15,2026,True,0.021461054891998,0.0231428612023592
22,02.01.2026,15,2026,True,0.0248897299770288,0.01789162866771221
22,05.01.2026,15,2026,True,0.0257885349568096,0.016497017815709114
22,06.01.2026,15,2026,True,0.025347000416863,0.01889190450310707
22,07.01.2026,15,2026,True,0.0251093538809658,0.02106293849647045
22,08.01.2026,15,2026,True,0.0244497362158196,0.022862281650304794
22,09.01.2026,15,2026,True,0.0241810448643694,0.021696075797080994
22,12.01.2026,15,2026,True,0.0250742312263834,0.018743539229035378
22,13.01.2026,15,2026,True,0.024581798330296,0.01952526532113552
22,14.01.2026,15,2026,True,0.0244026865220301,0.022132648155093193
22,15.01.2026,15,2026,True,0.0239918247576385,0.02430693618953228
22,16.01.2026,15,2026,True,0.0241760998245812,0.020081523805856705
22,20.01.2026,15,2026,True,0.0241329137274269,0.02173786237835884
22,21.01.2026,15,2026,True,0.0241976555394014,0.022037630900740623
22,22.01.2026,15,2026,True,0.0238993321782519,0.025303378701210022
22,23.01.2026,15,2026,True,0.0233215643385728,0.023575779050588608
22,26.01.2026,15,2026,True,0.0232830360687757,0.0236066747456789
22,27.01.2026,15,2026,True,0.0230116001908713,0.022601496428251266
22,28.01.2026,15,2026,True,0.0270435392550545,0.031736381351947784
22,29.01.2026,15,2026,True,0.0277878466326955,0.029268227517604828
22,30.01.2026,15,2026,True,0.0277846730373958,0.022357240319252014
22,02.02.2026,15,2026,True,0.0243020398641237,0.024379653856158257
22,03.02.2026,15,2026,True,0.0285580571539954,0.026788126677274704
22,04.02.2026,15,2026,True,0.0303868924977153,0.03254316747188568
22,05.02.2026,15,2026,True,0.0411157187383807,0.03209425136446953
22,06.02.2026,15,2026,True,0.0417514661696347,0.030027266591787338
22,09.02.2026,15,2026,True,0.0446724265548944,0.02874903194606304
22,10.02.2026,15,2026,True,0.0444716707984407,0.028181210160255432
22,11.02.2026,15,2026,True,0.0455672817310516,0.021815743297338486
22,12.02.2026,15,2026,True,0.0445695770977365,0.020784122869372368
22,13.02.2026,15,2026,True,0.0445816522250786,0.022163866087794304
22,17.02.2026,15,2026,True,0.0442628005079406,0.022369597107172012
22,18.02.2026,15,2026,True,0.0440837613240542,0.022309357300400734
22,19.02.2026,15,2026,True,0.0528748986962586,0.02563270926475525
22,20.02.2026,15,2026,True,0.0531405906370583,0.030997712165117264
22,23.02.2026,15,2026,True,0.0536199379966172,0.026417795568704605
22,24.02.2026,15,2026,True,0.0538944478660716,0.03136705979704857
22,25.02.2026,15,2026,True,0.0539338388398393,0.02968892827630043
22,26.02.2026,15,2026,True,0.0538733653086086,0.028065262362360954
22,27.02.2026,15,2026,True,0.0541794780385456,0.03498775139451027
22,02.03.2026,15,2026,True,0.0651529597450192,0.026484200730919838
22,03.03.2026,15,2026,True,0.0661561398381445,0.04432612657546997
22,04.03.2026,15,2026,True,0.0661071624540776,0.042688801884651184
22,05.03.2026,15,2026,True,0.065750952009506,0.0396011620759964
22,06.03.2026,15,2026,True,0.071434945054168,0.0530274398624897
22,09.03.2026,15,2026,True,0.0700360241563215,0.05437363684177399
22,10.03.2026,15,2026,True,0.0649146725005295,0.048939820379018784
22,11.03.2026,15,2026,True,0.0648019637502652,0.05177773907780647
22,12.03.2026,15,2026,True,0.0627703237560363,0.07120057195425034
22,13.03.2026,15,2026,True,0.0624469645397965,0.072123222053051
22,16.03.2026,15,2026,True,0.0630491478798708,0.07118231803178787
22,17.03.2026,15,2026,True,0.0657168406871142,0.05314645171165466
22,18.03.2026,15,2026,True,0.0663657739664835,0.04995058476924896
22,19.03.2026,15,2026,True,0.0667260348337791,0.0495099239051342
22,20.03.2026,15,2026,True,0.0667843053575438,0.045257046818733215
22,23.03.2026,15,2026,True,0.0623097281126631,0.0447479784488678
22,24.03.2026,15,2026,True,0.0615929368010337,0.05154161527752876
22,25.03.2026,15,2026,True,0.0616353737156529,0.05217193439602852
22,26.03.2026,15,2026,True,0.0607933564686174,0.0512872152030468
22,27.03.2026,15,2026,True,0.0614622081541064,0.05345003306865692
22,30.03.2026,15,2026,True,0.0619614379215962,0.0529496893286705
22,31.03.2026,15,2026,True,0.0619916238084407,0.04952402785420418
22,01.04.2026,15,2026,True,0.0529699873863521,0.04634605720639229
22,02.04.2026,15,2026,True,0.0514822892681787,0.054314784705638885
22,06.04.2026,15,2026,True,0.0543200864215505,0.05668318271636963
22,07.04.2026,15,2026,True,0.0543492245998351,0.06096797436475754
22,08.04.2026,15,2026,True,0.0447217486542741,0.06117061898112297
22,09.04.2026,15,2026,True,0.0450121664849491,0.05463660508394241
22,10.04.2026,15,2026,True,0.0453729537656854,0.051252059638500214
22,13.04.2026,15,2026,True,0.0448992283941479,0.04827112331986427
22,14.04.2026,15,2026,True,0.0435054941627424,0.051521118730306625
22,15.04.2026,15,2026,True,0.0439007557046396,0.04546452686190605
22,16.04.2026,15,2026,True,0.0432399644137607,0.04513687640428543
22,17.04.2026,15,2026,True,0.0371472463430663,0.04213428497314453
22,20.04.2026,15,2026,True,0.0383418234948645,0.04136604443192482
22,21.04.2026,15,2026,True,0.0382996737058662,0.04238990694284439
22,22.04.2026,15,2026,True,0.0376594843586727,0.04722665995359421
22,23.04.2026,15,2026,True,0.0379547094338326,0.04216005653142929
22,24.04.2026,15,2026,True,0.0395203131878672,0.04276130348443985
22,27.04.2026,15,2026,True,0.0388607729849784,0.04422559589147568
22,28.04.2026,15,2026,True,0.0381605190689719,0.034626372158527374
22,29.04.2026,15,2026,True,0.0362271800825387,0.03634319826960564
22,30.04.2026,15,2026,True,0.0360395980266082,0.04566613957285881
22,01.05.2026,15,2026,True,0.0350122081710312,0.03685444965958595
22,04.05.2026,15,2026,True,0.0325795666664964,0.03890912979841232
22,05.05.2026,15,2026,True,0.0319048300633474,0.03952864557504654
22,06.05.2026,15,2026,True,0.0275162719669057,0.03940136730670929
22,07.05.2026,15,2026,True,0.0280574969067254,0.03844533860683441
22,08.05.2026,15,2026,True,0.028239659559211,0.03733149543404579
22,11.05.2026,15,2026,True,0.0277918479891002,0.03716859221458435
22,12.05.2026,15,2026,True,0.0268872198084046,0.035881392657756805
22,13.05.2026,15,2026,True,0.0280933926337753,0.03760404512286186
22,14.05.2026,15,2026,True,0.0292749639124159,0.03742462024092674
22,15.05.2026,15,2026,True,0.0278278931555891,0.03605002537369728
22,18.05.2026,15,2026,True,0.0266943910836354,0.035720519721508026
22,19.05.2026,15,2026,True,0.026701141039646,0.03434455022215843
22,20.05.2026,15,2026,True,0.025037057056453,0.03481212258338928
22,21.05.2026,15,2026,True,0.025791676562621,0.032945651561021805
22,22.05.2026,15,2026,True,0.0263909398629345,0.03573652729392052
22,26.05.2026,15,2026,True,0.0266547509280008,0.03385912999510765
22,27.05.2026,15,2026,True,0.0258667883133189,0.030475644394755363
22,28.05.2026,15,2026,True,0.025904639140171,0.030723337084054947
22,29.05.2026,15,2026,True,0.0259149010029311,0.027389513328671455
22,01.06.2026,15,2026,True,0.0243508627332197,0.02547818049788475
22,02.06.2026,15,2026,True,0.0240413597425958,0.030899079516530037
22,03.06.2026,15,2026,True,0.0248362234714889,0.02960652858018875
22,04.06.2026,15,2026,True,0.0279551740514663,0.030007068067789078
22,05.06.2026,15,2026,True,0.0279905073122995,0.03194693848490715
22,08.06.2026,15,2026,True,0.0276106278262659,0.029080895707011223
22,09.06.2026,15,2026,True,0.0346369467883317,0.030051710084080696
22,10.06.2026,15,2026,True,0.0346112449549678,0.03024228662252426
22,11.06.2026,15,2026,True,0.0341656444722572,0.03208748623728752
22,12.06.2026,15,2026,True,0.0334679772819215,0.02925650030374527
22,15.06.2026,15,2026,True,0.033142279645154,0.027493726462125778
22,16.06.2026,15,2026,True,0.0308608747117906,0.022962341085076332
22,17.06.2026,15,2026,True,0.0310103581427768,0.028765544295310974
22,18.06.2026,15,2026,True,0.0315295333010624,0.030959824100136757
22,22.06.2026,15,2026,True,0.0331788768832367,0.030365915969014168
22,23.06.2026,15,2026,True,0.0346500040024096,0.027739856392145157
22,24.06.2026,15,2026,True,0.0392810539326016,0.028441961854696274
22,25.06.2026,15,2026,True,0.0410387489886812,0.022537989541888237
22,26.06.2026,15,2026,True,0.0421512763117659,0.025060134008526802
22,29.06.2026,15,2026,True,0.04259373500315,0.02267846278846264
22,30.06.2026,15,2026,True,0.0425119962124519,0.02366485260426998
22,01.07.2026,15,2026,True,0.0456981984590684,0.022130118682980537
22,02.07.2026,15,2026,True,0.0475293371416827,0.019384561106562614
22,06.07.2026,15,2026,True,0.0475333110567382,0.02216367796063423
22,07.07.2026,15,2026,True,0.0477605799483979,0.02108459547162056
22,08.07.2026,15,2026,True,0.046697061509629,0.02676885947585106
22,09.07.2026,15,2026,True,0.0473070132117301,0.024926219135522842
22,10.07.2026,15,2026,True,0.04727395984249,0.024534687399864197
22,13.07.2026,15,2026,True,0.0433499775445656,0.02427520789206028
22,14.07.2026,15,2026,True,0.0435391522534267,0.02715645544230938
22,15.07.2026,15,2026,True,0.04366080152838,0.026883430778980255
22,16.07.2026,15,2026,True,0.0438943352361889,0.027270767837762833
22,17.07.2026,15,2026,True,0.0429058449007866,0.027386106550693512
22,20.07.2026,15,2026,True,0.0428502519985121,0.028174366801977158
22,21.07.2026,15,2026,True,0.0429277299907879,0.033888377249240875
22,22.07.2026,15,2026,True,0.0423631426193018,0.030822932720184326
22,23.07.2026,15,2026,True,0.0398055027512681,0.033889006823301315
22,24.07.2026,15,2026,True,0.0398107216246869,0.03866608813405037
22,27.07.2026,15,2026,True,0.0347939722056959,0.03344448655843735
22,28.07.2026,15,2026,True,0.0332527757996031,0.028706472367048264
22,29.07.2026,15,2026,True,0.0289704004213668,0.030257435515522957
22,30.07.2026,15,2026,True,0.0288136477759307,0.03880986198782921
22,31.07.2026,15,2026,True,0.0302446867283322,0.03224606439471245
66,02.01.2026,15,2026,False,0.0462102950136738,0.01915465109050274
66,05.01.2026,15,2026,False,0.0462283774796534,0.01799222268164158
66,06.01.2026,15,2026,False,0.0463425515884575,0.02212873101234436
66,07.01.2026,15,2026,False,0.0467669018747974,0.026178203523159027
66,08.01.2026,15,2026,False,0.0466548961582881,0.02444114163517952
66,09.01.2026,15,2026,False,0.0468720378692314,0.02956697903573513
66,12.01.2026,15,2026,False,0.0485187474911291,0.02135884016752243
66,13.01.2026,15,2026,False,0.0488458564366483,0.02166886068880558
66,14.01.2026,15,2026,False,0.0489290461438525,0.02162119746208191
66,15.01.2026,15,2026,False,0.0486731484897909,0.025510724633932114
66,16.01.2026,15,2026,False,0.0487580995197383,0.02384326234459877
66,20.01.2026,15,2026,False,0.0487582506011629,0.023953840136528015
66,21.01.2026,15,2026,False,0.0488181347997526,0.02473960816860199
66,22.01.2026,15,2026,False,0.0487698698205486,0.02522081322968006
66,23.01.2026,15,2026,False,0.0491109766234267,0.025137413293123245
66,26.01.2026,15,2026,False,0.0493768179698028,0.02597915381193161
66,27.01.2026,15,2026,False,0.0498661947021829,0.026116570457816124
66,28.01.2026,15,2026,False,0.0502300016985866,0.028279954567551613
66,29.01.2026,15,2026,False,0.0504787506363002,0.027970824390649796
66,30.01.2026,15,2026,False,0.0516281060483467,0.02710641734302044
66,02.02.2026,15,2026,False,0.0509419330042036,0.027178987860679626
66,03.02.2026,15,2026,False,0.0509345868854477,0.02582208253443241
66,04.02.2026,15,2026,False,0.0509151475836051,0.026356836780905724
66,05.02.2026,15,2026,False,0.0508452963551682,0.027483180165290833
66,06.02.2026,15,2026,False,0.0509548321722639,0.026200199499726295
66,09.02.2026,15,2026,False,0.0509503657726611,0.026700211688876152
66,10.02.2026,15,2026,False,0.0510382077639646,0.026703432202339172
66,11.02.2026,15,2026,False,0.0510895400548125,0.02511380985379219
66,12.02.2026,15,2026,False,0.0509389297108264,0.022606566548347473
66,13.02.2026,15,2026,False,0.0515710411624075,0.021968204528093338
66,17.02.2026,15,2026,False,0.0516859012850616,0.022873278707265854
66,18.02.2026,15,2026,False,0.0514895032158185,0.023330828174948692
66,19.02.2026,15,2026,False,0.0517581796718812,0.026741165667772293
66,20.02.2026,15,2026,False,0.0522740532858326,0.027294086292386055
66,23.02.2026,15,2026,False,0.0522804741811738,0.02778794802725315
66,24.02.2026,15,2026,False,0.0523216021599924,0.027596162632107735
66,25.02.2026,15,2026,False,0.0524282474697848,0.027900999411940575
66,26.02.2026,15,2026,False,0.0524286099888107,0.029935721307992935
66,27.02.2026,15,2026,False,0.0524015324952683,0.029402926564216614
66,02.03.2026,15,2026,False,0.0519108642495616,0.027604764327406883
66,03.03.2026,15,2026,False,0.0517100062337832,0.030239619314670563
66,04.03.2026,15,2026,False,0.0517249815837283,0.03274232894182205
66,05.03.2026,15,2026,False,0.0515539532963007,0.03296830132603645
66,06.03.2026,15,2026,False,0.0506051151652946,0.040446314960718155
66,09.03.2026,15,2026,False,0.0500657327428031,0.037710923701524734
66,10.03.2026,15,2026,False,0.0480245259786599,0.03899436071515083
66,11.03.2026,15,2026,False,0.0480350726182581,0.04306448623538017
66,12.03.2026,15,2026,False,0.0470964568767033,0.04833018034696579
66,13.03.2026,15,2026,False,0.0469687337227553,0.050396878272295
66,16.03.2026,15,2026,False,0.0468742965443406,0.049930132925510406
66,17.03.2026,15,2026,False,0.0467398651797789,0.04267047718167305
66,18.03.2026,15,2026,False,0.0464511921687279,0.04022079333662987
66,19.03.2026,15,2026,False,0.0466516880991773,0.0400758758187294
66,20.03.2026,15,2026,False,0.0465277464013814,0.04030700400471687
66,23.03.2026,15,2026,False,0.0447390804839936,0.03988850116729736
66,24.03.2026,15,2026,False,0.0443899516067937,0.04336222633719444
66,25.03.2026,15,2026,False,0.0443423475598138,0.04390707239508629
66,26.03.2026,15,2026,False,0.0437267296868556,0.043824560940265656
66,27.03.2026,15,2026,False,0.0433384487401389,0.04393475502729416
66,30.03.2026,15,2026,False,0.0433409540208562,0.043593183159828186
66,31.03.2026,15,2026,False,0.0430383583304357,0.039336200803518295
66,01.04.2026,15,2026,False,0.0393468179591613,0.042171355336904526
66,02.04.2026,15,2026,False,0.038150885817719,0.04681067913770676
66,06.04.2026,15,2026,False,0.0381211738492549,0.04636232927441597
66,07.04.2026,15,2026,False,0.0399532457917158,0.047342732548713684
66,08.04.2026,15,2026,False,0.0360862650186912,0.046833399683237076
66,09.04.2026,15,2026,False,0.0360482807073427,0.046340495347976685
66,10.04.2026,15,2026,False,0.0360508556749644,0.045252133160829544
66,13.04.2026,15,2026,False,0.0360927782515722,0.040027908980846405
66,14.04.2026,15,2026,False,0.0356868666692921,0.04427993670105934
66,15.04.2026,15,2026,False,0.0357775043179472,0.037558529525995255
66,16.04.2026,15,2026,False,0.0355546713247297,0.03400165215134621
66,17.04.2026,15,2026,False,0.0345592865185562,0.03654079511761665
66,20.04.2026,15,2026,False,0.0342752936309245,0.03449012339115143
66,21.04.2026,15,2026,False,0.0358445536424223,0.03579877316951752
66,22.04.2026,15,2026,False,0.0360371092841017,0.0442875437438488
66,23.04.2026,15,2026,False,0.0371085868451826,0.039247315376996994
66,24.04.2026,15,2026,False,0.0371610612069112,0.03916367515921593
66,27.04.2026,15,2026,False,0.0370222393526794,0.03490656241774559
66,28.04.2026,15,2026,False,0.0378166030370013,0.03346380218863487
66,29.04.2026,15,2026,False,0.0374627411491537,0.03256494551897049
66,30.04.2026,15,2026,False,0.0373004919276638,0.034150369465351105
66,01.05.2026,15,2026,False,0.0371989712703014,0.03103078529238701
66,04.05.2026,15,2026,False,0.0364894143510683,0.031970806419849396
66,05.05.2026,15,2026,False,0.03679234227754,0.03527132794260979
66,06.05.2026,15,2026,False,0.0355264528579487,0.03303982689976692
66,07.05.2026,15,2026,False,0.0355056964352293,0.03290833532810211
66,08.05.2026,15,2026,False,0.0355454374164561,0.03348297253251076
66,11.05.2026,15,2026,False,0.0354171672869353,0.0318245068192482
66,12.05.2026,15,2026,False,0.0353129311656681,0.031202932819724083
66,13.05.2026,15,2026,False,0.0352487202941661,0.031476542353630066
66,14.05.2026,15,2026,False,0.0352635014045114,0.030390072613954544
66,15.05.2026,15,2026,False,0.0351356560333249,0.02749439887702465
66,18.05.2026,15,2026,False,0.0349796922490384,0.029029063880443573
66,19.05.2026,15,2026,False,0.0350725224829746,0.028445003554224968
66,20.05.2026,15,2026,False,0.0347031703836506,0.028600767254829407
66,21.05.2026,15,2026,False,0.0346126805651233,0.028889358043670654
66,22.05.2026,15,2026,False,0.034702560031352,0.02854207158088684
66,26.05.2026,15,2026,False,0.0343976923521873,0.028770696371793747
66,27.05.2026,15,2026,False,0.0337990872785571,0.02739711105823517
66,28.05.2026,15,2026,False,0.0342526452737518,0.027013232931494713
126,02.01.2026,15,2026,False,0.0414309216070683,0.020719392225146294
126,05.01.2026,15,2026,False,0.0416413346606189,0.018442202359437943
126,06.01.2026,15,2026,False,0.0416620308369402,0.019107289612293243
126,07.01.2026,15,2026,False,0.0416459718271782,0.0232059508562088
126,08.01.2026,15,2026,False,0.0423160429380117,0.023804141208529472
126,09.01.2026,15,2026,False,0.0423015428157304,0.025814257562160492
126,12.01.2026,15,2026,False,0.0422980946570083,0.021302584558725357
126,13.01.2026,15,2026,False,0.042260443788389,0.021583160385489464
126,14.01.2026,15,2026,False,0.0424155833770117,0.02154647745192051
126,15.01.2026,15,2026,False,0.0422354993102402,0.02336091361939907
126,16.01.2026,15,2026,False,0.0422624305482103,0.02252076379954815
126,20.01.2026,15,2026,False,0.0423403989928023,0.022354479879140854
126,21.01.2026,15,2026,False,0.0427351366310522,0.022387951612472534
126,22.01.2026,15,2026,False,0.0428640130381664,0.023287087678909302
126,23.01.2026,15,2026,False,0.0436195013460575,0.02349180541932583
126,26.01.2026,15,2026,False,0.0438598359934713,0.024175450205802917
126,27.01.2026,15,2026,False,0.0442871555683861,0.025478849187493324
126,28.01.2026,15,2026,False,0.0443188753247728,0.026138613000512123
126,29.01.2026,15,2026,False,0.0442402332512763,0.02473526820540428
126,30.01.2026,15,2026,False,0.044741631863514,0.024471931159496307
126,02.02.2026,15,2026,False,0.0446329856988635,0.024149972945451736
126,03.02.2026,15,2026,False,0.0446153070233635,0.02558198757469654
126,04.02.2026,15,2026,False,0.0446531948091602,0.024487968534231186
126,05.02.2026,15,2026,False,0.0445869931505968,0.025011230260133743
126,06.02.2026,15,2026,False,0.0447807760033318,0.02478090487420559
126,09.02.2026,15,2026,False,0.0447787086256526,0.024601032957434654
126,10.02.2026,15,2026,False,0.0447761365986844,0.025035887956619263
126,11.02.2026,15,2026,False,0.0448218677241551,0.026199713349342346
126,12.02.2026,15,2026,False,0.0447633640214564,0.022577157244086266
126,13.02.2026,15,2026,False,0.0448145210580709,0.02191706746816635
126,17.02.2026,15,2026,False,0.0448098882083934,0.022664621472358704
126,18.02.2026,15,2026,False,0.0446663439596313,0.023602554574608803
126,19.02.2026,15,2026,False,0.0446826439121951,0.025287242606282234
126,20.02.2026,15,2026,False,0.0446842691291786,0.025154348462820053
126,23.02.2026,15,2026,False,0.0447411852405975,0.02505081705749035
126,24.02.2026,15,2026,False,0.0448829630358587,0.02509850449860096
126,25.02.2026,15,2026,False,0.044892079089087,0.024896597489714622
126,26.02.2026,15,2026,False,0.0449238582600422,0.025421161204576492
126,27.02.2026,15,2026,False,0.04488255447282,0.025357568636536598
126,02.03.2026,15,2026,False,0.0444731317650921,0.024620721116662025
126,03.03.2026,15,2026,False,0.0444646981369981,0.027278445661067963
