date,vintage_date,GPRD_first,GPRD_THREAT_first,obs_weekday,publication_lag_days,GPRD_current,GPRD_revision,GPRD_THREAT_current,GPRD_THREAT_revision
2022-02-24,2022-02-24,255.3688507080078,384.52471923828125,Thursday,0,370.7033996582031,115.33454895019531,545.3680419921875,160.84332275390625
2022-02-25,2022-02-25,476.048095703125,695.7322998046875,Friday,0,515.8916625976562,39.84356689453125,797.75244140625,102.0201416015625
2022-02-26,2022-02-28,386.8411865234375,455.364501953125,Saturday,2,398.5916748046875,11.75048828125,489.11749267578125,33.75299072265625
2022-02-27,2022-02-28,208.64576721191406,278.699951171875,Sunday,1,202.09298706054688,-6.5527801513671875,277.64227294921875,-1.05767822265625
2022-02-28,2022-02-28,387.88092041015625,583.671875,Monday,0,452.6180725097656,64.73715209960938,678.2862548828125,94.6143798828125
2022-03-01,2022-03-01,447.83642578125,673.8485717773438,Tuesday,0,540.827392578125,92.990966796875,809.48681640625,135.63824462890625
2022-03-02,2022-03-02,347.95880126953125,520.8095703125,Wednesday,0,523.524658203125,175.56585693359375,778.1954956054688,257.38592529296875
2022-03-03,2022-03-03,228.86831665039062,320.5240783691406,Thursday,0,436.8221435546875,207.95382690429688,552.4142456054688,231.89016723632812
2022-03-04,2022-03-04,315.81683349609375,466.86505126953125,Friday,0,350.0732116699219,34.256378173828125,465.75494384765625,-1.110107421875
2022-03-05,2022-03-07,254.8129119873047,325.21868896484375,Saturday,2,322.3639831542969,67.55107116699219,375.8942565917969,50.675567626953125
2022-03-06,2022-03-07,203.4032745361328,257.7313537597656,Sunday,1,197.62477111816406,-5.77850341796875,250.40943908691406,-7.3219146728515625
2022-03-07,2022-03-07,373.8593444824219,477.1581726074219,Monday,0,362.3121032714844,-11.5472412109375,473.4303283691406,-3.72784423828125
2022-03-08,2022-03-08,380.7549133300781,430.589111328125,Tuesday,0,352.1051025390625,-28.649810791015625,408.3599853515625,-22.2291259765625
2022-03-09,2022-03-09,352.2566833496094,495.6980285644531,Wednesday,0,295.3064270019531,-56.95025634765625,391.4669189453125,-104.23110961914062
2022-03-10,2022-03-10,266.4456787109375,299.402587890625,Thursday,0,352.40081787109375,85.95513916015625,343.8245849609375,44.4219970703125
2022-03-11,2022-03-11,316.6890869140625,421.3390197753906,Friday,0,410.3309631347656,93.64187622070312,497.5877990722656,76.248779296875
2022-03-12,2022-03-14,290.57611083984375,376.9320983886719,Saturday,2,298.70550537109375,8.12939453125,401.23406982421875,24.301971435546875
2022-03-13,2022-03-14,177.1426544189453,191.48956298828125,Sunday,1,181.01463317871094,3.871978759765625,195.67514038085938,4.185577392578125
2022-03-14,2022-03-14,285.7201232910156,326.6796875,Monday,0,350.1087951660156,64.388671875,492.6754455566406,165.99575805664062
2022-03-15,2022-03-15,283.93438720703125,354.1505126953125,Tuesday,0,311.88226318359375,27.9478759765625,400.7980041503906,46.647491455078125
2022-03-16,2022-03-16,325.4706115722656,433.0224304199219,Wednesday,0,473.2239685058594,147.75335693359375,632.5429077148438,199.52047729492188
2022-03-17,2022-03-17,280.3509521484375,368.08514404296875,Thursday,0,290.32562255859375,9.97467041015625,348.2705993652344,-19.814544677734375
2022-03-18,2022-03-18,282.8709411621094,371.3937683105469,Friday,0,285.3160400390625,2.445098876953125,394.0749816894531,22.68121337890625
2022-03-19,2022-03-21,176.58908081054688,192.41018676757812,Saturday,2,175.8885498046875,-0.700531005859375,201.1031494140625,8.692962646484375
2022-03-20,2022-03-21,121.72164916992188,144.59336853027344,Sunday,1,130.75924682617188,9.03759765625,159.4712677001953,14.877899169921875
2022-03-21,2022-03-21,178.36903381347656,141.25660705566406,Monday,0,227.73902893066406,49.3699951171875,223.8034210205078,82.54681396484375
2022-03-22,2022-03-22,200.76168823242188,243.9886932373047,Tuesday,0,244.8419647216797,44.08027648925781,295.4105529785156,51.42185974121094
2022-03-23,2022-03-23,270.8875427246094,347.5308532714844,Wednesday,0,267.4743957519531,-3.41314697265625,342.1744079589844,-5.3564453125
2022-03-24,2022-03-24,241.8467559814453,341.2659606933594,Thursday,0,317.01409912109375,75.16734313964844,420.2433166503906,78.97735595703125
2022-03-25,2022-03-25,274.2430725097656,384.07025146484375,Friday,0,350.7424621582031,76.4993896484375,424.8777160644531,40.807464599609375
2022-03-26,2022-03-28,224.67849731445312,229.94119262695312,Saturday,2,275.0921325683594,50.41363525390625,355.8298034667969,125.88861083984375
2022-03-27,2022-03-28,186.38487243652344,239.52207946777344,Sunday,1,189.28958129882812,2.9047088623046875,243.2548828125,3.7328033447265625
2022-03-28,2022-03-28,315.0539855957031,299.402587890625,Monday,0,281.920654296875,-33.133331298828125,277.0487365722656,-22.353851318359375
2022-03-29,2022-04-01,232.34442138671875,287.04248046875,Tuesday,3,233.35958862304688,1.015167236328125,283.9694519042969,-3.073028564453125
2022-03-30,2022-04-01,221.25930786132812,220.78082275390625,Wednesday,2,233.50888061523438,12.24957275390625,243.84130859375,23.06048583984375
2022-03-31,2022-04-01,253.8365936279297,348.2705993652344,Thursday,1,254.8129119873047,0.976318359375,331.64593505859375,-16.624664306640625
2022-04-01,2022-04-01,184.41099548339844,193.0992431640625,Friday,0,188.15780639648438,3.7468109130859375,205.86724853515625,12.76800537109375
2022-04-02,2022-04-04,178.5584716796875,225.27542114257812,Saturday,2,188.15780639648438,9.599334716796875,247.0406951904297,21.765274047851562
2022-04-03,2022-04-04,236.6119842529297,247.7595977783203,Sunday,1,239.78370666503906,3.171722412109375,251.08078002929688,3.3211822509765625
2022-04-04,2022-04-04,124.6665267944336,118.47328186035156,Monday,0,163.0200653076172,38.353538513183594,184.35655212402344,65.88327026367188
2022-04-05,2022-04-11,201.16807556152344,256.49224853515625,Tuesday,6,212.41769409179688,11.249618530273438,276.8825378417969,20.390289306640625
2022-04-06,2022-04-11,166.24411010742188,225.27542114257812,Wednesday,5,175.74716186523438,9.5030517578125,247.99391174316406,22.718490600585938
2022-04-07,2022-04-11,237.0575714111328,269.7442321777344,Thursday,4,243.41552734375,6.3579559326171875,290.41094970703125,20.666717529296875
2022-04-08,2022-04-11,208.1194305419922,230.7437744140625,Friday,3,219.47674560546875,11.357315063476562,263.1421203613281,32.398345947265625
2022-04-09,2022-04-11,185.02630615234375,178.67051696777344,Saturday,2,178.6661834716797,-6.3601226806640625,168.64309692382812,-10.027420043945312
2022-04-10,2022-04-11,150.97494506835938,192.00294494628906,Sunday,1,148.9779052734375,-1.997039794921875,189.46322631835938,-2.5397186279296875
2022-04-11,2022-04-11,186.86279296875,254.26190185546875,Monday,0,195.2273712158203,8.364578247070312,240.88816833496094,-13.373733520507812
2022-04-12,2022-04-18,220.3926239013672,244.35113525390625,Tuesday,6,226.25242614746094,5.85980224609375,260.4959716796875,16.14483642578125
2022-04-13,2022-04-18,233.53909301757812,214.63665771484375,Wednesday,5,258.87689208984375,25.337799072265625,254.80258178710938,40.165924072265625
2022-04-14,2022-04-18,256.7881774902344,256.23291015625,Thursday,4,265.656005859375,8.867828369140625,279.50775146484375,23.27484130859375
2022-04-15,2022-04-18,174.69931030273438,189.9657745361328,Friday,3,168.43563842773438,-6.263671875,186.7460174560547,-3.219757080078125
2022-04-16,2022-04-18,199.15235900878906,165.60142517089844,Saturday,2,166.67005920410156,-32.4822998046875,138.5913848876953,-27.010040283203125
2022-04-17,2022-04-18,151.00022888183594,204.03732299804688,Sunday,1,151.43167114257812,0.4314422607421875,204.6202850341797,0.5829620361328125
2022-04-18,2022-04-18,217.08575439453125,240.68479919433594,Monday,0,218.6294708251953,1.5437164306640625,264.432373046875,23.747573852539062
2022-04-19,2022-04-25,176.20040893554688,210.9832763671875,Tuesday,6,213.5172576904297,37.31684875488281,223.2010498046875,12.2177734375
2022-04-20,2022-04-25,191.47789001464844,254.7517852783203,Wednesday,5,189.60824584960938,-1.8696441650390625,250.40943908691406,-4.34234619140625
2022-04-21,2022-04-25,132.7555694580078,136.67385864257812,Thursday,4,128.264404296875,-4.4911651611328125,139.11634826660156,2.4424896240234375
2022-04-22,2022-04-25,232.1306915283203,313.0118103027344,Friday,3,246.79725646972656,14.66656494140625,319.2305908203125,6.218780517578125
2022-04-23,2022-04-25,133.2294158935547,191.35491943359375,Saturday,2,134.42303466796875,1.1936187744140625,199.60171508789062,8.246795654296875
2022-04-24,2022-04-25,58.26123809814453,69.2086410522461,Sunday,1,50.4451904296875,-7.816047668457031,55.92900848388672,-13.279632568359375
2022-04-25,2022-04-25,245.7394561767578,261.5552673339844,Monday,0,246.8994598388672,1.160003662109375,285.14532470703125,23.590057373046875
2022-04-26,2022-05-02,167.4893798828125,185.69688415527344,Tuesday,6,160.5444793701172,-6.9449005126953125,169.09716796875,-16.599716186523438
2022-04-27,2022-05-02,159.78990173339844,194.195068359375,Wednesday,5,186.6986541748047,26.90875244140625,239.52207946777344,45.32701110839844
2022-04-28,2022-05-02,161.74647521972656,193.67605590820312,Thursday,4,176.37631225585938,14.629837036132812,219.99363708496094,26.317581176757812
2022-04-29,2022-05-02,151.8990478515625,165.17306518554688,Friday,3,148.93714904785156,-2.9618988037109375,170.8219451904297,5.6488800048828125
2022-04-30,2022-05-02,167.4893798828125,154.74740600585938,Saturday,2,168.43563842773438,0.946258544921875,161.28065490722656,6.5332489013671875
2022-05-01,2022-05-02,66.92056274414062,55.646541595458984,Sunday,1,66.92056274414062,0.0,55.646541595458984,0.0
2022-05-02,2022-05-02,113.0272445678711,115.67469787597656,Monday,0,96.6702651977539,-16.356979370117188,107.17913055419922,-8.495567321777344
2022-05-03,2022-05-09,154.67242431640625,182.20452880859375,Tuesday,6,157.47349548339844,2.8010711669921875,187.06307983398438,4.858551025390625
2022-05-04,2022-05-09,147.22523498535156,142.82611083984375,Wednesday,5,163.44906616210938,16.223831176757812,172.156494140625,29.33038330078125
2022-05-05,2022-05-09,124.6665267944336,157.96437072753906,Thursday,4,144.69874572753906,20.03221893310547,171.88790893554688,13.923538208007812
2022-05-06,2022-05-09,170.1869659423828,181.94886779785156,Friday,3,174.06805419921875,3.8810882568359375,192.99072265625,11.041854858398438
2022-05-07,2022-05-09,103.51773834228516,151.9027862548828,Saturday,2,97.71585845947266,-5.8018798828125,138.13145446777344,-13.771331787109375
2022-05-08,2022-05-09,98.7486343383789,134.36602783203125,Sunday,1,98.48174285888672,-0.2668914794921875,119.11367797851562,-15.252349853515625
2022-05-09,2022-05-09,122.08480834960938,121.82080078125,Monday,0,150.86941528320312,28.78460693359375,174.54281616210938,52.722015380859375
2022-05-10,2022-05-16,127.67927551269531,153.35568237304688,Tuesday,6,143.2461700439453,15.56689453125,158.8182373046875,5.462554931640625
2022-05-11,2022-05-16,160.4926300048828,192.17469787597656,Wednesday,5,176.37631225585938,15.883682250976562,210.82723999023438,18.652542114257812
2022-05-12,2022-05-16,167.4893798828125,165.06390380859375,Thursday,4,158.2610626220703,-9.228317260742188,163.3643035888672,-1.6996002197265625
2022-05-13,2022-05-16,149.21475219726562,188.59664916992188,Friday,3,162.08282470703125,12.868072509765625,210.58897399902344,21.992324829101562
2022-05-14,2022-05-16,80.49229431152344,92.67488861083984,Saturday,2,83.80007934570312,3.3077850341796875,98.37513732910156,5.700248718261719
2022-05-15,2022-05-16,77.84101867675781,129.45449829101562,Sunday,1,77.84101867675781,0.0,129.45449829101562,0.0
2022-05-16,2022-05-16,149.7703399658203,190.47100830078125,Monday,0,168.75344848632812,18.983108520507812,197.4927215576172,7.0217132568359375
2022-05-17,2022-05-23,159.78990173339844,194.195068359375,Tuesday,6,174.62417602539062,14.834274291992188,220.00830078125,25.813232421875
2022-05-18,2022-05-23,160.0869140625,184.3162384033203,Wednesday,5,165.89596557617188,5.809051513671875,195.79672241210938,11.480484008789062
2022-05-19,2022-05-23,156.54856872558594,197.86605834960938,Thursday,4,162.38076782226562,5.8321990966796875,189.0345916748047,-8.831466674804688
2022-05-20,2022-05-23,131.8149871826172,200.1542510986328,Friday,3,140.9603271484375,9.145339965820312,200.9364471435547,0.782196044921875
2022-05-21,2022-05-23,102.80382537841797,113.9794692993164,Saturday,2,124.2212905883789,21.417465209960938,145.3765869140625,31.397117614746094
2022-05-22,2022-05-23,74.90731048583984,96.89208984375,Sunday,1,75.09599304199219,0.18868255615234375,97.13615417480469,0.2440643310546875
2022-05-23,2022-05-23,104.88341522216797,116.28512573242188,Monday,0,150.3084716796875,45.42505645751953,173.0578155517578,56.77268981933594
2022-05-24,2022-05-31,216.46481323242188,239.99636840820312,Tuesday,7,222.35826110839844,5.8934478759765625,265.49432373046875,25.497955322265625
2022-05-25,2022-05-31,153.47804260253906,148.89210510253906,Wednesday,6,155.10350036621094,1.625457763671875,147.398193359375,-1.4939117431640625
2022-05-26,2022-05-31,153.64413452148438,194.195068359375,Thursday,5,134.57305908203125,-19.071075439453125,172.156494140625,-22.03857421875
2022-05-27,2022-05-31,147.7725372314453,194.55604553222656,Friday,4,155.51962280273438,7.7470855712890625,181.0471954345703,-13.50885009765625
2022-05-28,2022-05-31,106.85701751708984,88.8549575805664,Saturday,3,118.4752426147461,11.61822509765625,118.21904754638672,29.364089965820312
2022-05-29,2022-05-31,75.8603286743164,70.08914947509766,Sunday,2,76.05384826660156,0.19351959228515625,70.26795959472656,0.17881011962890625
2022-05-30,2022-05-31,115.76177215576172,133.28244018554688,Monday,1,115.82404327392578,0.0622711181640625,128.4150848388672,-4.8673553466796875
2022-05-31,2022-05-31,149.43914794921875,165.6844482421875,Tuesday,0,190.30909729003906,40.86994934082031,217.59097290039062,51.906524658203125
2022-06-01,2022-06-01,184.8874969482422,204.986328125,Wednesday,0,168.34361267089844,-16.54388427734375,207.71669006347656,2.7303619384765625
2022-06-02,2022-06-06,136.66781616210938,151.52476501464844,Thursday,4,142.59397888183594,5.9261627197265625,164.17572021484375,12.650955200195312
2022-06-03,2022-06-06,130.1598358154297,173.17117309570312,Friday,3,142.78309631347656,12.623260498046875,189.9657745361328,16.794601440429688
2022-06-04,2022-06-06,101.53463745117188,147.75115966796875,Saturday,2,102.8747787475586,1.3401412963867188,153.9784698486328,6.2273101806640625
2022-06-05,2022-06-06,69.92227935791016,87.2138442993164,Sunday,1,70.293212890625,0.37093353271484375,87.67652130126953,0.462677001953125
2022-06-06,2022-06-06,197.43780517578125,237.14271545410156,Monday,0,190.12530517578125,-7.3125,231.06211853027344,-6.080596923828125
2022-06-07,2022-06-13,112.2904281616211,163.40277099609375,Tuesday,6,139.0311279296875,26.740699768066406,201.0586700439453,37.65589904785156
2022-06-08,2022-06-13,150.57125854492188,163.3105010986328,Wednesday,5,152.3668212890625,1.795562744140625,178.31541442871094,15.004913330078125
2022-06-09,2022-06-13,103.51773834228516,129.11737060546875,Thursday,4,115.55469512939453,12.036956787109375,155.56997680664062,26.452606201171875
2022-06-10,2022-06-13,96.89411926269531,120.85574340820312,Friday,3,94.34528350830078,-2.5488357543945312,122.03498077392578,1.1792373657226562
2022-06-11,2022-06-13,102.01748657226562,119.76103973388672,Saturday,2,103.96075439453125,1.943267822265625,125.74054718017578,5.9795074462890625
2022-06-12,2022-06-13,83.74468994140625,108.32318878173828,Sunday,1,83.74468994140625,0.0,108.32318878173828,0.0
2022-06-13,2022-06-13,135.0231475830078,149.7012939453125,Monday,0,147.22523498535156,12.20208740234375,163.2298583984375,13.528564453125
2022-06-14,2022-06-21,127.92436218261719,179.1547088623047,Tuesday,7,136.36642456054688,8.442062377929688,188.98825073242188,9.833541870117188
2022-06-15,2022-06-21,94.82540893554688,84.10698699951172,Wednesday,6,110.05207824707031,15.226669311523438,91.51174926757812,7.404762268066406
2022-06-16,2022-06-21,135.60218811035156,128.8656768798828,Thursday,5,132.2822265625,-3.3199615478515625,128.32962036132812,-0.5360565185546875
2022-06-17,2022-06-21,107.43463134765625,129.03982543945312,Friday,4,114.04771423339844,6.6130828857421875,137.9407196044922,8.900894165039062
2022-06-18,2022-06-21,113.44409942626953,132.06524658203125,Saturday,3,98.11554718017578,-15.32855224609375,116.55164337158203,-15.513603210449219
2022-06-19,2022-06-21,56.625091552734375,94.17107391357422,Sunday,2,56.4642219543457,-0.16086959838867188,93.9035415649414,-0.2675323486328125
2022-06-20,2022-06-21,95.8901138305664,115.97911071777344,Monday,1,115.72289276123047,19.832778930664062,144.3408203125,28.361709594726562
2022-06-21,2022-06-21,122.68769073486328,160.31504821777344,Tuesday,0,116.76954650878906,-5.918144226074219,153.31190490722656,-7.003143310546875
2022-06-22,2022-06-27,115.4840087890625,131.4075164794922,Wednesday,5,121.32015991210938,5.836151123046875,131.58457946777344,0.17706298828125
2022-06-23,2022-06-27,146.6819610595703,142.29908752441406,Thursday,4,143.56231689453125,-3.1196441650390625,141.48333740234375,-0.8157501220703125
2022-06-24,2022-06-27,130.75924682617188,165.6844482421875,Friday,3,149.3589324951172,18.599685668945312,204.03732299804688,38.352874755859375
2022-06-25,2022-06-27,140.31134033203125,142.0370330810547,Saturday,2,123.23540496826172,-17.07593536376953,131.16685485839844,-10.87017822265625
2022-06-26,2022-06-27,75.66779327392578,111.85801696777344,Sunday,1,75.8603286743164,0.192535400390625,112.14264678955078,0.28462982177734375
2022-06-27,2022-06-27,126.71024322509766,165.57127380371094,Monday,0,131.99984741210938,5.289604187011719,177.7099151611328,12.138641357421875
2022-06-28,2022-07-05,203.85032653808594,233.0734100341797,Tuesday,7,200.76168823242188,-3.0886383056640625,241.135009765625,8.061599731445312
2022-06-29,2022-07-05,176.3343963623047,219.94137573242188,Wednesday,6,181.88807678222656,5.553680419921875,238.32644653320312,18.38507080078125
2022-06-30,2022-07-05,181.2537078857422,228.67579650878906,Thursday,5,173.20616149902344,-8.04754638671875,225.04116821289062,-3.6346282958984375
2022-07-01,2022-07-05,127.16190338134766,158.60865783691406,Friday,4,119.07923889160156,-8.082664489746094,153.02798461914062,-5.5806732177734375
2022-07-02,2022-07-05,49.1661262512207,40.883174896240234,Saturday,3,60.22850036621094,11.062374114990234,50.081886291503906,9.198711395263672
2022-07-03,2022-07-05,29.57649803161621,32.79171371459961,Sunday,2,30.20578384399414,0.6292858123779297,33.48940658569336,0.69769287109375
2022-07-04,2022-07-05,72.89268493652344,80.81674194335938,Monday,1,80.43762969970703,7.544944763183594,97.28931427001953,16.472572326660156
2022-07-05,2022-07-05,82.81419372558594,41.31755447387695,Tuesday,0,109.64945220947266,26.83525848388672,86.378173828125,45.06061935424805
2022-07-06,2022-07-11,129.50367736816406,124.68946838378906,Wednesday,5,138.9888458251953,9.48516845703125,134.83584594726562,10.146377563476562
2022-07-07,2022-07-11,92.56676483154297,109.9602279663086,Thursday,4,88.63056945800781,-3.9361953735351562,110.54864501953125,0.5884170532226562
2022-07-08,2022-07-11,87.66719818115234,72.89802551269531,Friday,3,110.41893005371094,22.751731872558594,122.42239379882812,49.52436828613281
2022-07-09,2022-07-11,82.02548217773438,104.93347930908203,Saturday,2,70.48016357421875,-11.545318603515625,92.09587860107422,-12.837600708007812
2022-07-10,2022-07-11,38.185218811035156,63.50440979003906,Sunday,1,38.51823043823242,0.3330116271972656,64.0582275390625,0.5538177490234375
2022-07-11,2022-07-11,131.37661743164062,202.8813018798828,Monday,0,112.85301208496094,-18.523605346679688,154.56134033203125,-48.31996154785156
2022-07-12,2022-07-18,106.85701751708984,111.06869506835938,Tuesday,6,113.63867950439453,6.7816619873046875,113.39295196533203,2.3242568969726562
2022-07-13,2022-07-18,177.89715576171875,224.4410400390625,Wednesday,5,182.87045288085938,4.973297119140625,217.23216247558594,-7.2088775634765625
2022-07-14,2022-07-18,133.7767791748047,169.5079345703125,Thursday,4,165.35279846191406,31.576019287109375,210.82723999023438,41.319305419921875
2022-07-15,2022-07-18,160.0869140625,184.3162384033203,Friday,3,192.0329132080078,31.945999145507812,239.52207946777344,55.205841064453125
2022-07-16,2022-07-18,100.56008911132812,98.37513732910156,Saturday,2,102.60165405273438,2.04156494140625,113.75531768798828,15.380180358886719
2022-07-17,2022-07-18,107.43463134765625,104.2244644165039,Sunday,1,107.43463134765625,0.0,104.2244644165039,0.0
2022-07-18,2022-07-18,119.07923889160156,108.01976013183594,Monday,0,128.70916748046875,9.629928588867188,135.19036865234375,27.170608520507812
2022-07-19,2022-07-25,162.06300354003906,237.17840576171875,Tuesday,6,151.07994079589844,-10.983062744140625,223.338134765625,-13.84027099609375
2022-07-20,2022-07-25,125.6263198852539,208.9244384765625,Wednesday,5,149.56410217285156,23.937782287597656,239.52207946777344,30.597640991210938
2022-07-21,2022-07-25,116.9141616821289,172.8316192626953,Thursday,4,117.50662994384766,0.59246826171875,158.19784545898438,-14.633773803710938
2022-07-22,2022-07-25,100.20222473144531,156.84007263183594,Friday,3,125.4760513305664,25.273826599121094,200.32754516601562,43.48747253417969
2022-07-23,2022-07-25,131.0054931640625,155.62168884277344,Saturday,2,109.91929626464844,-21.086196899414062,124.63818359375,-30.983505249023438
2022-07-24,2022-07-25,88.7294921875,131.16685485839844,Sunday,1,89.26080322265625,0.53131103515625,131.95228576660156,0.785430908203125
2022-07-25,2022-07-25,90.26069641113281,135.09828186035156,Monday,0,109.55962371826172,19.298927307128906,160.76870727539062,25.670425415039062
2022-07-26,2022-08-01,148.64085388183594,141.25660705566406,Tuesday,6,160.8621063232422,12.22125244140625,178.34915161132812,37.09254455566406
2022-07-27,2022-08-01,147.52325439453125,156.12571716308594,Wednesday,5,145.54339599609375,-1.9798583984375,154.91058349609375,-1.2151336669921875
2022-07-28,2022-08-01,97.96873474121094,101.83008575439453,Thursday,4,106.68494415283203,8.716209411621094,124.1966323852539,22.366546630859375
2022-07-29,2022-08-01,72.8036880493164,90.80782318115234,Friday,3,68.24624633789062,-4.557441711425781,87.30598449707031,-3.5018386840820312
2022-07-30,2022-08-01,95.55484008789062,84.75396728515625,Saturday,2,119.9827651977539,24.42792510986328,130.134033203125,45.38006591796875
2022-07-31,2022-08-01,122.33914184570312,93.9035415649414,Sunday,1,125.18424224853516,2.8451004028320312,96.08734893798828,2.183807373046875
2022-08-01,2022-08-01,120.28876495361328,123.10631561279297,Monday,0,130.93153381347656,10.642768859863281,163.3105010986328,40.204185485839844
2022-08-02,2022-08-08,184.41099548339844,227.17556762695312,Tuesday,6,204.4794921875,20.068496704101562,262.3337097167969,35.15814208984375
2022-08-03,2022-08-08,197.17665100097656,240.47256469726562,Wednesday,5,210.2315673828125,13.054916381835938,264.58355712890625,24.110992431640625
2022-08-04,2022-08-08,227.52989196777344,300.4913330078125,Thursday,4,212.0501708984375,-15.479721069335938,285.9346618652344,-14.556671142578125
2022-08-05,2022-08-08,192.12892150878906,242.39633178710938,Friday,3,163.9325408935547,-28.196380615234375,206.82281494140625,-35.573516845703125
2022-08-06,2022-08-08,161.15194702148438,198.52279663085938,Saturday,2,138.22935485839844,-22.922592163085938,172.41305541992188,-26.1097412109375
2022-08-07,2022-08-08,131.74984741210938,187.8070831298828,Sunday,1,111.03579711914062,-20.71405029296875,169.2711944580078,-18.535888671875
2022-08-08,2022-08-08,161.82083129882812,237.4572296142578,Monday,0,149.09796142578125,-12.722869873046875,204.8358917236328,-32.621337890625
2022-08-09,2022-08-15,219.4661865234375,262.3337097167969,Tuesday,6,212.57118225097656,-6.8950042724609375,255.31942749023438,-7.0142822265625
2022-08-10,2022-08-15,73.02253723144531,88.32076263427734,Wednesday,5,80.65382385253906,7.63128662109375,86.22794342041016,-2.0928192138671875
2022-08-11,2022-08-15,131.62521362304688,145.93397521972656,Thursday,4,130.26951599121094,-1.3556976318359375,154.74740600585938,8.813430786132812
2022-08-12,2022-08-15,166.86441040039062,195.281982421875,Friday,3,182.54019165039062,15.67578125,205.36009216308594,10.078109741210938
2022-08-13,2022-08-15,105.36994171142578,120.4753189086914,Saturday,2,112.0191879272461,6.6492462158203125,133.06781005859375,12.592491149902344
2022-08-14,2022-08-15,128.16482543945312,98.37513732910156,Sunday,1,120.09308624267578,-8.071739196777344,83.21763610839844,-15.157501220703125
2022-08-15,2022-08-15,103.2244873046875,93.63752746582031,Monday,0,110.41893005371094,7.1944427490234375,108.01976013183594,14.382232666015625
2022-08-16,2022-08-22,98.88261413574219,93.97028350830078,Tuesday,6,96.5411376953125,-2.3414764404296875,100.34622192382812,6.375938415527344
2022-08-17,2022-08-22,146.3383331298828,176.9962158203125,Wednesday,5,156.08956909179688,9.751235961914062,173.0578155517578,-3.9384002685546875
2022-08-18,2022-08-22,88.06417083740234,123.92450714111328,Thursday,4,100.73998260498047,12.675811767578125,137.97157287597656,14.047065734863281
2022-08-19,2022-08-22,94.06885528564453,100.57012176513672,Friday,3,117.67557525634766,23.606719970703125,146.77639770507812,46.206275939941406
2022-08-20,2022-08-22,92.87572479248047,102.97209930419922,Saturday,2,81.54013061523438,-11.335594177246094,93.22936248779297,-9.74273681640625
2022-08-21,2022-08-22,121.3052978515625,108.6283187866211,Sunday,1,122.68769073486328,1.3823928833007812,109.86624908447266,1.2379302978515625
2022-08-22,2022-08-22,63.70322799682617,88.28538513183594,Monday,0,101.72952270507812,38.02629470825195,137.46084594726562,49.17546081542969
2022-08-23,2022-08-29,142.78309631347656,154.34719848632812,Tuesday,6,145.3411865234375,2.5580902099609375,171.21229553222656,16.865097045898438
2022-08-24,2022-08-29,111.0722885131836,152.12249755859375,Wednesday,5,102.45054626464844,-8.621742248535156,141.98472595214844,-10.137771606445312
2022-08-25,2022-08-29,136.2177276611328,123.56652069091797,Thursday,4,149.11880493164062,12.901077270507812,141.71080017089844,18.14427947998047
2022-08-26,2022-08-29,114.00806427001953,136.9351806640625,Friday,3,108.25385284423828,-5.75421142578125,135.0247039794922,-1.9104766845703125
2022-08-27,2022-08-29,92.52982330322266,133.36517333984375,Saturday,2,81.79179382324219,-10.738029479980469,119.02177429199219,-14.343399047851562
2022-08-28,2022-08-29,103.81266021728516,109.86624908447266,Sunday,1,103.81266021728516,0.0,109.86624908447266,0.0
2022-08-29,2022-08-29,108.90633392333984,120.74537658691406,Monday,0,120.45700073242188,11.550666809082031,144.68099975585938,23.935623168945312
2022-08-30,2022-09-01,,,Tuesday,2,115.27250671386719,,171.52587890625,
2022-08-31,2022-09-01,,,Wednesday,1,97.74789428710938,,72.24928283691406,
2022-09-01,2022-09-06,184.73934936523438,211.88491821289062,Thursday,5,187.71217346191406,2.9728240966796875,201.99693298339844,-9.887985229492188
2022-09-02,2022-09-06,79.89495086669922,71.5455551147461,Friday,4,84.12870788574219,4.233757019042969,78.70011138916016,7.1545562744140625
2022-09-03,2022-09-06,124.89034271240234,158.24798583984375,Saturday,3,117.78018951416016,-7.1101531982421875,146.90687561035156,-11.341110229492188
2022-09-04,2022-09-06,68.47685241699219,99.64612579345703,Sunday,2,65.92174530029297,-2.5551071166992188,95.92798614501953,-3.7181396484375
2022-09-05,2022-09-06,77.03646087646484,85.41097259521484,Monday,1,83.9590835571289,6.9226226806640625,101.54853057861328,16.137557983398438
2022-09-06,2022-09-06,92.24872589111328,97.62798309326172,Tuesday,0,119.15711212158203,26.90838623046875,148.62429809570312,50.996315002441406
2022-09-07,2022-09-12,117.64259338378906,164.75537109375,Wednesday,5,124.28883361816406,6.646240234375,170.7522735595703,5.9969024658203125
2022-09-08,2022-09-12,96.71730041503906,120.63520050048828,Thursday,4,99.42936706542969,2.712066650390625,130.5452117919922,9.910011291503906
2022-09-09,2022-09-12,73.1691665649414,99.56037139892578,Friday,3,94.32772064208984,21.158554077148438,129.18946838378906,29.62909698486328
2022-09-10,2022-09-12,68.8813705444336,72.89802551269531,Saturday,2,81.918212890625,13.036842346191406,85.1469497680664,12.248924255371094
2022-09-11,2022-09-12,67.95011138916016,70.62830352783203,Sunday,1,66.75199127197266,-1.1981201171875,69.38296508789062,-1.2453384399414062
2022-09-12,2022-09-12,101.61250305175781,84.49398040771484,Monday,0,111.95556640625,10.343063354492188,109.52301788330078,25.029037475585938
2022-09-13,2022-09-19,131.9471435546875,173.23924255371094,Tuesday,6,132.26222229003906,0.3150787353515625,179.9675750732422,6.72833251953125
2022-09-14,2022-09-19,185.55877685546875,205.7305908203125,Wednesday,5,202.9320831298828,17.373306274414062,238.22735595703125,32.49676513671875
2022-09-15,2022-09-19,91.2912368774414,65.0670166015625,Thursday,4,95.6089096069336,4.3176727294921875,56.11892318725586,-8.94809341430664
2022-09-16,2022-09-19,107.04885864257812,148.35748291015625,Friday,3,127.40645599365234,20.35759735107422,176.57077026367188,28.213287353515625
2022-09-17,2022-09-19,111.99072265625,137.2350616455078,Saturday,2,119.15711212158203,7.166389465332031,158.5325927734375,21.297531127929688
2022-09-18,2022-09-19,71.4300308227539,74.2453842163086,Sunday,1,71.2380142211914,-0.1920166015625,74.0457992553711,-0.1995849609375
2022-09-19,2022-09-19,106.5445785522461,128.8656768798828,Monday,0,122.18487548828125,15.640296936035156,158.04530334472656,29.17962646484375
2022-09-20,2022-09-26,114.48966217041016,152.32278442382812,Tuesday,6,109.77320098876953,-4.716461181640625,139.60447692871094,-12.718307495117188
2022-09-21,2022-09-26,194.85691833496094,271.7916564941406,Wednesday,5,189.75428771972656,-5.102630615234375,261.4750061035156,-10.316650390625
2022-09-22,2022-09-26,241.92909240722656,371.3937683105469,Thursday,4,225.8568878173828,-16.07220458984375,348.7845764160156,-22.60919189453125
2022-09-23,2022-09-26,186.3695068359375,269.9513854980469,Friday,3,187.7991180419922,1.4296112060546875,277.6192932128906,7.66790771484375
2022-09-24,2022-09-26,111.53427124023438,157.66519165039062,Saturday,2,108.01850891113281,-3.5157623291015625,149.7012939453125,-7.963897705078125
2022-09-25,2022-09-26,70.48016357421875,102.56130981445312,Sunday,1,71.04702758789062,0.566864013671875,103.38619995117188,0.82489013671875
2022-09-26,2022-09-26,123.0382308959961,157.4002227783203,Monday,0,163.0200653076172,39.981834411621094,216.8900604248047,59.489837646484375
2022-09-27,2022-10-03,159.25807189941406,243.6676483154297,Tuesday,6,155.8855438232422,-3.372528076171875,240.72975158691406,-2.937896728515625
2022-09-28,2022-10-03,211.8502655029297,309.6147766113281,Wednesday,5,202.5867919921875,-9.263473510742188,282.27972412109375,-27.335052490234375
2022-09-29,2022-10-03,135.60218811035156,161.08209228515625,Thursday,4,156.9405975341797,21.338409423828125,186.43003845214844,25.347946166992188
2022-09-30,2022-10-03,177.7764434814453,246.3778076171875,Friday,3,162.7410430908203,-15.035400390625,226.9955596923828,-19.382247924804688
2022-10-01,2022-10-11,150.57125854492188,200.32754516601562,Saturday,10,154.9739227294922,4.4026641845703125,209.40672302246094,9.079177856445312
2022-10-02,2022-10-11,120.60319519042969,187.19927978515625,Sunday,9,120.60319519042969,0.0,187.19927978515625,0.0
2022-10-03,2022-10-11,114.22647094726562,177.3013916015625,Monday,8,123.89524841308594,9.668777465820312,195.20106506347656,17.899673461914062
2022-10-04,2022-10-11,157.11782836914062,250.40943908691406,Tuesday,7,164.21275329589844,7.0949249267578125,254.26190185546875,3.8524627685546875
2022-10-05,2022-10-11,174.34567260742188,236.2537384033203,Wednesday,6,171.14932250976562,-3.19635009765625,229.5419921875,-6.7117462158203125
2022-10-06,2022-10-11,216.7100372314453,288.3218994140625,Thursday,5,202.70140075683594,-14.008636474609375,257.2644348144531,-31.057464599609375
2022-10-07,2022-10-11,160.74851989746094,267.3348693847656,Friday,4,144.24093627929688,-16.507583618164062,239.8817138671875,-27.453155517578125
2022-10-08,2022-10-11,117.259033203125,185.2586669921875,Saturday,3,132.6922607421875,15.4332275390625,204.91302490234375,19.65435791015625
2022-10-09,2022-10-11,97.42845916748047,117.83973693847656,Sunday,2,97.9522705078125,0.5238113403320312,118.47328186035156,0.633544921875
2022-10-10,2022-10-11,186.93948364257812,198.97093200683594,Monday,1,193.3405303955078,6.4010467529296875,203.64035034179688,4.6694183349609375
2022-10-11,2022-10-11,235.45213317871094,243.04446411132812,Tuesday,0,228.25112915039062,-7.2010040283203125,233.5974884033203,-9.446975708007812
2022-10-12,2022-10-17,197.47999572753906,275.45037841796875,Wednesday,5,181.95040893554688,-15.529586791992188,258.0956726074219,-17.354705810546875
2022-10-13,2022-10-17,136.3998565673828,172.8316192626953,Thursday,4,133.84112548828125,-2.5587310791015625,166.93963623046875,-5.8919830322265625
2022-10-14,2022-10-17,123.60326385498047,154.1699981689453,Friday,3,147.22523498535156,23.621971130371094,183.6335906982422,29.463592529296875
2022-10-15,2022-10-17,81.09864044189453,124.49734497070312,Saturday,2,92.4211196899414,11.322479248046875,129.43336486816406,4.9360198974609375
2022-10-16,2022-10-17,63.70322799682617,75.67317962646484,Sunday,1,64.23261260986328,0.5293846130371094,76.30204010009766,0.6288604736328125
2022-10-17,2022-10-17,168.9127960205078,171.66879272460938,Monday,0,171.66856384277344,2.755767822265625,200.90431213378906,29.235519409179688
2022-10-18,2022-10-24,126.32672882080078,186.7460174560547,Tuesday,6,128.9849395751953,2.6582107543945312,195.00912475585938,8.263107299804688
2022-10-19,2022-10-24,166.62815856933594,188.4368896484375,Wednesday,5,160.19326782226562,-6.4348907470703125,190.2938690185547,1.8569793701171875
2022-10-20,2022-10-24,166.62815856933594,177.35235595703125,Thursday,4,159.91705322265625,-6.7111053466796875,180.4674835205078,3.1151275634765625
2022-10-21,2022-10-24,150.0257110595703,219.56190490722656,Friday,3,174.34567260742188,24.319961547851562,237.22999572753906,17.6680908203125
2022-10-22,2022-10-24,109.20553588867188,131.16685485839844,Saturday,2,108.37702941894531,-0.8285064697265625,117.54639434814453,-13.620460510253906
2022-10-23,2022-10-24,0.0,0.0,Sunday,1,52.3036994934082,52.3036994934082,43.492164611816406,43.492164611816406
2022-10-24,2022-10-24,,,Monday,0,93.57535552978516,,124.49734497070312,
2022-10-25,2022-10-31,127.92436218261719,167.95755004882812,Tuesday,6,139.72164916992188,11.797286987304688,193.6382293701172,25.680679321289062
2022-10-26,2022-10-31,122.68769073486328,107.3880615234375,Wednesday,5,133.39198303222656,10.704292297363281,138.64952087402344,31.261459350585938
2022-10-27,2022-10-31,148.3239288330078,174.72598266601562,Thursday,4,180.4924774169922,32.168548583984375,220.7134552001953,45.98747253417969
2022-10-28,2022-10-31,189.28958129882812,241.34701538085938,Friday,3,203.68539428710938,14.39581298828125,267.42755126953125,26.080535888671875
2022-10-29,2022-10-31,82.65523529052734,126.88693237304688,Saturday,2,81.26068115234375,-1.3945541381835938,119.24259185791016,-7.644340515136719
2022-10-30,2022-10-31,51.49068832397461,71.3602066040039,Sunday,1,51.75886917114258,0.26818084716796875,71.73186492919922,0.3716583251953125
2022-10-31,2022-10-31,87.17283630371094,86.98432922363281,Monday,0,113.79048919677734,26.617652893066406,105.13373565673828,18.14940643310547
2022-11-01,2022-11-07,144.8461151123047,136.15419006347656,Tuesday,6,136.88296508789062,-7.9631500244140625,127.48117065429688,-8.673019409179688
2022-11-02,2022-11-07,152.01075744628906,210.6695098876953,Wednesday,5,150.81610107421875,-1.1946563720703125,214.98565673828125,4.3161468505859375
2022-11-03,2022-11-07,192.11727905273438,251.72970581054688,Thursday,4,186.55252075195312,-5.56475830078125,251.55287170410156,-0.1768341064453125
2022-11-04,2022-11-07,131.1343536376953,151.7110595703125,Friday,3,115.8915786743164,-15.242774963378906,136.52059936523438,-15.190460205078125
2022-11-05,2022-11-07,105.77947998046875,129.62371826171875,Saturday,2,95.81807708740234,-9.961402893066406,121.41063690185547,-8.213081359863281
2022-11-06,2022-11-07,101.14710235595703,140.1782989501953,Sunday,1,101.14710235595703,0.0,140.1782989501953,0.0
2022-11-07,2022-11-07,146.5017547607422,175.96337890625,Monday,0,139.72164916992188,-6.7801055908203125,183.95631408691406,7.9929351806640625
2022-11-08,2022-11-14,204.24310302734375,286.59576416015625,Tuesday,6,225.73756408691406,21.494461059570312,305.5709533691406,18.975189208984375
2022-11-09,2022-11-14,140.60134887695312,177.7099151611328,Wednesday,5,137.41021728515625,-3.191131591796875,163.2298583984375,-14.480056762695312
2022-11-10,2022-11-14,107.4040756225586,84.60932922363281,Thursday,4,98.15015411376953,-9.253921508789062,81.61492919921875,-2.9944000244140625
2022-11-11,2022-11-14,105.53312683105469,117.0054702758789,Friday,3,111.09221649169922,5.559089660644531,125.9681625366211,8.962692260742188
2022-11-12,2022-11-14,35.302677154541016,39.14037322998047,Saturday,2,47.662845611572266,12.36016845703125,63.41303634643555,24.272663116455078
2022-11-13,2022-11-14,46.136043548583984,46.036277770996094,Sunday,1,46.00788497924805,-0.1281585693359375,45.90839767456055,-0.12788009643554688
2022-11-14,2022-11-14,162.46926879882812,135.09828186035156,Monday,0,188.92971801757812,26.46044921875,198.9945831298828,63.89630126953125
2022-11-15,2022-11-21,178.5216064453125,252.9085235595703,Tuesday,6,196.5082550048828,17.986648559570312,280.1190185546875,27.210494995117188
2022-11-16,2022-11-21,142.89508056640625,129.62371826171875,Wednesday,5,170.58071899414062,27.685638427734375,183.02349853515625,53.3997802734375
2022-11-17,2022-11-21,141.61534118652344,174.07644653320312,Thursday,4,153.21286010742188,11.597518920898438,193.2985076904297,19.222061157226562
2022-11-18,2022-11-21,69.25228881835938,86.378173828125,Friday,3,77.71419525146484,8.461906433105469,88.8549575805664,2.4767837524414062
2022-11-19,2022-11-21,71.11058044433594,68.98578643798828,Saturday,2,81.97037506103516,10.859794616699219,96.22721099853516,27.241424560546875
2022-11-20,2022-11-21,60.86082458496094,72.29668426513672,Sunday,1,60.385345458984375,-0.4754791259765625,71.73186492919922,-0.5648193359375
2022-11-21,2022-11-21,120.73139953613281,175.68589782714844,Monday,0,107.62855529785156,-13.10284423828125,159.10491943359375,-16.580978393554688
2022-11-22,2022-11-28,85.4432144165039,109.30570983886719,Tuesday,6,105.24880981445312,19.80559539794922,119.76103973388672,10.455329895019531
2022-11-23,2022-11-28,110.8536376953125,140.97854614257812,Wednesday,5,105.60198974609375,-5.25164794921875,138.64952087402344,-2.3290252685546875
2022-11-24,2022-11-28,44.966983795166016,37.391456604003906,Thursday,4,46.46888732910156,1.5019035339355469,44.16038131713867,6.768924713134766
2022-11-25,2022-11-28,88.24462890625,79.02265167236328,Friday,3,80.51380157470703,-7.730827331542969,76.51399230957031,-2.5086593627929688
2022-11-26,2022-11-28,117.56503295898438,115.0105972290039,Saturday,2,94.32772064208984,-23.23731231689453,92.27819061279297,-22.732406616210938
2022-11-27,2022-11-28,78.40396881103516,97.79303741455078,Sunday,1,85.42438507080078,7.020416259765625,110.495849609375,12.702812194824219
2022-11-28,2022-11-28,104.10926818847656,173.14024353027344,Monday,0,87.9999008178711,-16.10936737060547,146.34934997558594,-26.7908935546875
2022-11-29,2022-12-01,,,Tuesday,2,100.55011749267578,,111.48076629638672,
2022-11-30,2022-12-01,,,Wednesday,1,81.59033203125,,126.64385223388672,
2022-12-01,2022-12-05,59.793643951416016,79.55245971679688,Thursday,4,65.94698333740234,6.153339385986328,84.36458587646484,4.812126159667969
2022-12-02,2022-12-05,109.84081268310547,124.9862060546875,Friday,3,109.09654235839844,-0.7442703247070312,123.70526885986328,-1.2809371948242188
2022-12-03,2022-12-05,97.0925064086914,75.98631286621094,Saturday,2,106.4093017578125,9.316795349121094,84.6355972290039,8.649284362792969
2022-12-04,2022-12-05,51.093589782714844,56.647891998291016,Sunday,1,51.62443161010742,0.5308418273925781,57.23644256591797,0.5885505676269531
2022-12-05,2022-12-05,90.19367218017578,109.0892562866211,Monday,0,98.96951293945312,8.775840759277344,106.50102233886719,-2.5882339477539062
2022-12-06,2022-12-12,128.58396911621094,152.74513244628906,Tuesday,6,139.096923828125,10.512954711914062,162.78561401367188,10.040481567382812
2022-12-07,2022-12-12,120.02056121826172,139.72120666503906,Wednesday,5,127.40645599365234,7.385894775390625,150.08514404296875,10.363937377929688
2022-12-08,2022-12-12,131.74984741210938,156.5059051513672,Thursday,4,140.9603271484375,9.210479736328125,171.3112030029297,14.8052978515625
2022-12-09,2022-12-12,121.73846435546875,191.80296325683594,Friday,3,117.3084716796875,-4.42999267578125,176.51121520996094,-15.291748046875
2022-12-10,2022-12-12,45.20072937011719,64.4328384399414,Saturday,2,46.72901153564453,1.5282821655273438,51.80884552001953,-12.623992919921875
2022-12-11,2022-12-12,18.30147933959961,15.218254089355469,Sunday,1,18.454416275024414,0.1529369354248047,15.34542465209961,0.12717056274414062
2022-12-12,2022-12-12,140.7606658935547,124.85002899169922,Monday,0,158.36978149414062,17.609115600585938,153.63766479492188,28.787635803222656
2022-12-13,2022-12-19,143.74061584472656,141.25660705566406,Tuesday,6,152.62684631347656,8.88623046875,150.4165802001953,9.15997314453125
2022-12-14,2022-12-19,139.0772705078125,136.67385864257812,Wednesday,5,133.39198303222656,-5.6852874755859375,138.64952087402344,1.9756622314453125
2022-12-15,2022-12-19,71.72882843017578,86.75602722167969,Thursday,4,73.61261749267578,1.8837890625,84.75396728515625,-2.0020599365234375
2022-12-16,2022-12-19,100.58403778076172,89.2146987915039,Friday,3,98.7958755493164,-1.7881622314453125,96.64925384521484,7.4345550537109375
2022-12-17,2022-12-19,75.57189178466797,94.26058197021484,Saturday,2,74.71957397460938,-0.8523178100585938,82.84222412109375,-11.418357849121094
2022-12-18,2022-12-19,59.507205963134766,82.47016906738281,Sunday,1,49.73825454711914,-9.768951416015625,66.17427062988281,-16.2958984375
2022-12-19,2022-12-19,178.5216064453125,131.95228576660156,Monday,0,171.4579620361328,-7.0636444091796875,159.68138122558594,27.729095458984375
2022-12-20,2022-12-27,157.40061950683594,166.57907104492188,Tuesday,7,132.74404907226562,-24.656570434570312,130.45008850097656,-36.12898254394531
2022-12-21,2022-12-27,168.3059844970703,178.12033081054688,Wednesday,6,169.54087829589844,1.234893798828125,195.20106506347656,17.080734252929688
2022-12-22,2022-12-27,156.62258911132812,169.3075714111328,Thursday,5,159.0032501220703,2.3806610107421875,165.2702178955078,-4.037353515625
2022-12-23,2022-12-27,109.37723541259766,90.95059967041016,Friday,4,114.92581939697266,5.548583984375,78.70011138916016,-12.25048828125
2022-12-24,2022-12-27,90.34275817871094,112.68424224853516,Saturday,3,80.7943344116211,-9.548423767089844,103.35848999023438,-9.325752258300781
2022-12-25,2022-12-27,73.34098052978516,81.31376647949219,Sunday,2,74.1619644165039,0.82098388671875,82.22399139404297,0.9102249145507812
2022-12-26,2022-12-27,63.70322799682617,63.56547546386719,Monday,1,64.6985855102539,0.9953575134277344,64.55868530273438,0.9932098388671875
2022-12-27,2022-12-27,181.6569366455078,195.4809112548828,Tuesday,0,146.81739807128906,-34.83953857421875,152.6040802001953,-42.8768310546875
2022-12-28,2023-01-04,157.74131774902344,207.1055450439453,Wednesday,7,151.88629150390625,-5.8550262451171875,192.4544219970703,-14.651123046875
2022-12-29,2023-01-04,103.78801727294922,129.45449829101562,Thursday,6,116.48590087890625,12.697883605957031,121.07709503173828,-8.377403259277344
2022-12-30,2023-01-04,116.38751220703125,104.2244644165039,Friday,5,150.22982788085938,33.842315673828125,112.42872619628906,8.204261779785156
2022-12-31,2023-01-04,70.78136444091797,82.39968872070312,Saturday,4,74.57938385009766,3.7980194091796875,82.6867904663086,0.28710174560546875
2023-01-01,2023-01-04,34.15018081665039,37.86259460449219,Sunday,3,34.62614440917969,0.4759635925292969,38.390296936035156,0.5277023315429688
2023-01-02,2023-01-04,107.62855529785156,139.216796875,Monday,2,117.05186462402344,9.423309326171875,155.73165893554688,16.514862060546875
2023-01-03,2023-01-04,173.8640594482422,228.27378845214844,Tuesday,1,198.44876098632812,24.584701538085938,215.79061889648438,-12.483169555664062
2023-01-04,2023-01-04,79.71419525146484,58.91986846923828,Wednesday,0,94.28560638427734,14.5714111328125,94.08171844482422,35.16184997558594
2023-01-05,2023-01-09,89.73095703125,74.61409759521484,Thursday,4,100.73998260498047,11.009025573730469,88.69601440429688,14.081916809082031
2023-01-06,2023-01-09,83.3827133178711,88.2449722290039,Friday,3,88.7294921875,5.346778869628906,88.53762817382812,0.29265594482421875
2023-01-07,2023-01-09,109.77320098876953,85.91045379638672,Saturday,2,88.86172485351562,-20.911476135253906,73.89131164550781,-12.019142150878906
2023-01-08,2023-01-09,31.749849319458008,35.201324462890625,Sunday,1,29.228540420532227,-2.5213088989257812,32.40592956542969,-2.7953948974609375
2023-01-09,2023-01-09,71.56781768798828,85.01554870605469,Monday,0,86.12676239013672,14.558944702148438,99.1621322631836,14.146583557128906
2023-01-10,2023-01-16,121.6861572265625,123.67160034179688,Tuesday,6,114.62171936035156,-7.0644378662109375,114.37386322021484,-9.297737121582031
2023-01-11,2023-01-16,130.038818359375,147.96920776367188,Wednesday,5,129.44314575195312,-0.595672607421875,156.56149291992188,8.59228515625
2023-01-12,2023-01-16,106.85701751708984,114.24209594726562,Thursday,4,114.44572448730469,7.588706970214844,105.7391128540039,-8.502983093261719
2023-01-13,2023-01-16,99.94815826416016,142.47433471679688,Friday,3,103.69776916503906,3.7496109008789062,124.55147552490234,-17.92285919189453
2023-01-14,2023-01-16,94.64479064941406,123.67160034179688,Saturday,2,95.40194702148438,0.7571563720703125,123.40176391601562,-0.26983642578125
2023-01-15,2023-01-16,41.66751480102539,69.29569244384766,Sunday,1,42.60537338256836,0.9378585815429688,70.85540008544922,1.5597076416015625
2023-01-16,2023-01-16,108.25385284423828,108.01976013183594,Monday,0,107.10379791259766,-1.150054931640625,114.50593566894531,6.486175537109375
2023-01-17,2023-01-23,112.83686065673828,147.44302368164062,Tuesday,6,127.40645599365234,14.569595336914062,169.5079345703125,22.064910888671875
2023-01-18,2023-01-23,48.510406494140625,57.62560272216797,Wednesday,5,76.7813720703125,28.270965576171875,100.32960510253906,42.704002380371094
2023-01-19,2023-01-23,107.78419494628906,95.60099792480469,Thursday,4,115.06175994873047,7.277565002441406,110.78443145751953,15.183433532714844
2023-01-20,2023-01-23,160.39801025390625,185.56655883789062,Friday,3,152.3668212890625,-8.03118896484375,168.93038940429688,-16.63616943359375
2023-01-21,2023-01-23,136.3196563720703,136.02488708496094,Saturday,2,126.19306182861328,-10.126594543457031,139.9113006591797,3.88641357421875
2023-01-22,2023-01-23,41.40709686279297,34.431297302246094,Sunday,1,41.53689956665039,0.12980270385742188,34.53923034667969,0.10793304443359375
2023-01-23,2023-01-23,68.60346984863281,48.89651870727539,Monday,0,87.70545959472656,19.10198974609375,78.53982543945312,29.643306732177734
2023-01-24,2023-01-30,81.29000091552734,112.65863800048828,Tuesday,6,89.98486328125,8.694862365722656,121.59100341796875,8.932365417480469
2023-01-25,2023-01-30,101.92516326904297,72.64625549316406,Wednesday,5,110.61297607421875,8.687812805175781,106.50102233886719,33.854766845703125
2023-01-26,2023-01-30,66.9957504272461,61.898963928222656,Thursday,4,71.49427032470703,4.4985198974609375,59.44972229003906,-2.4492416381835938
2023-01-27,2023-01-30,127.67927551269531,94.37271881103516,Friday,3,120.77069091796875,-6.9085845947265625,86.0782470703125,-8.294471740722656
2023-01-28,2023-01-30,101.72952270507812,116.31301879882812,Saturday,2,82.9361572265625,-18.793365478515625,89.24754333496094,-27.065475463867188
2023-01-29,2023-01-30,44.167572021484375,73.45343780517578,Sunday,1,55.20946502685547,11.041893005371094,91.8167953491211,18.363357543945312
2023-01-30,2023-01-30,138.02365112304688,163.95855712890625,Monday,0,155.17120361328125,17.147552490234375,213.1795196533203,49.22096252441406
2023-01-31,2023-02-06,151.22592163085938,155.68934631347656,Tuesday,6,148.3239288330078,-2.9019927978515625,146.17599487304688,-9.513351440429688
2023-02-01,2023-02-06,84.21781921386719,105.04463195800781,Wednesday,5,108.70256805419922,24.48474884033203,123.69100952148438,18.646377563476562
2023-02-02,2023-02-06,129.62220764160156,155.68934631347656,Thursday,4,130.60302734375,0.9808197021484375,167.83714294433594,12.147796630859375
2023-02-03,2023-02-06,153.60696411132812,188.81680297851562,Friday,3,116.32762908935547,-37.279335021972656,128.97341918945312,-59.8433837890625
2023-02-04,2023-02-06,140.1470947265625,201.29066467285156,Saturday,2,119.19284057617188,-20.954254150390625,165.18763732910156,-36.10302734375
2023-02-05,2023-02-06,75.04198455810547,106.97102355957031,Sunday,1,83.86247253417969,8.820487976074219,122.03498077392578,15.063957214355469
2023-02-06,2023-02-06,118.65913391113281,148.00318908691406,Monday,0,112.52884674072266,-6.130287170410156,128.6604766845703,-19.34271240234375
2023-02-07,2023-02-09,140.29698181152344,181.4731903076172,Tuesday,2,138.02365112304688,-2.2733306884765625,166.93963623046875,-14.533554077148438
2023-02-08,2023-02-09,134.77256774902344,200.54202270507812,Wednesday,1,134.977294921875,0.2047271728515625,187.06307983398438,-13.47894287109375
2023-02-09,2023-02-09,163.29559326171875,193.97914123535156,Thursday,0,169.5853729248047,6.2897796630859375,188.020751953125,-5.9583892822265625
2023-02-10,2023-02-13,150.8978729248047,167.3017578125,Friday,3,147.8824920654297,-3.015380859375,167.23773193359375,-0.06402587890625
2023-02-11,2023-02-13,107.82317352294922,149.4305877685547,Saturday,2,98.81238555908203,-9.010787963867188,133.03001403808594,-16.40057373046875
2023-02-12,2023-02-13,73.61261749267578,87.44457244873047,Sunday,1,75.77769470214844,2.1650772094726562,90.01647186279297,2.5718994140625
2023-02-13,2023-02-13,114.5556640625,79.38050842285156,Monday,0,110.41893005371094,-4.1367340087890625,86.41580963134766,7.035301208496094
2023-02-14,2023-02-20,108.96604919433594,169.13619995117188,Tuesday,6,82.66657257080078,-26.299476623535156,127.65971374511719,-41.47648620605469
2023-02-15,2023-02-20,142.5490264892578,180.62318420410156,Wednesday,5,119.27412414550781,-23.27490234375,144.26206970214844,-36.361114501953125
2023-02-16,2023-02-20,122.94065856933594,159.0229034423828,Thursday,4,134.74850463867188,11.807846069335938,149.39682006835938,-9.626083374023438
2023-02-17,2023-02-20,131.3352813720703,194.15003967285156,Friday,3,106.09647369384766,-25.238807678222656,156.84007263183594,-37.309967041015625
2023-02-18,2023-02-20,96.48255157470703,117.66812896728516,Saturday,2,86.7698745727539,-9.712677001953125,110.34992218017578,-7.318206787109375
2023-02-19,2023-02-20,104.70760345458984,158.3048095703125,Sunday,1,115.21974182128906,10.512138366699219,159.68138122558594,1.3765716552734375
2023-02-20,2023-02-20,151.55538940429688,198.03622436523438,Monday,0,146.02967834472656,-5.5257110595703125,204.51071166992188,6.4744873046875
2023-02-21,2023-02-27,163.7673797607422,198.07667541503906,Tuesday,6,174.98080444335938,11.213424682617188,220.76168823242188,22.685012817382812
2023-02-22,2023-02-27,157.0614013671875,201.83865356445312,Wednesday,5,150.3084716796875,-6.7529296875,173.0578155517578,-28.780838012695312
2023-02-23,2023-02-27,135.51412963867188,112.68424224853516,Thursday,4,127.8748550415039,-7.639274597167969,121.52223205566406,8.837989807128906
2023-02-24,2023-02-27,122.94065856933594,159.0229034423828,Friday,3,110.97380065917969,-11.96685791015625,147.6450958251953,-11.3778076171875
2023-02-25,2023-02-27,83.61820983886719,106.97102355957031,Saturday,2,84.05022430419922,0.43201446533203125,106.89118957519531,-0.079833984375
2023-02-26,2023-02-27,66.92056274414062,55.646541595458984,Sunday,1,67.60342407226562,0.682861328125,56.21436309814453,0.5678215026855469
2023-02-27,2023-02-27,100.68595123291016,117.21292114257812,Monday,0,125.6263198852539,24.94036865234375,142.94830322265625,25.735382080078125
2023-02-28,2023-03-01,,,Tuesday,1,146.95309448242188,,162.9281463623047,
2023-03-01,2023-03-06,100.58403778076172,111.51837158203125,Wednesday,5,92.77371978759766,-7.8103179931640625,108.90953826904297,-2.6088333129882812
2023-03-02,2023-03-06,121.36563110351562,130.60147094726562,Thursday,4,121.40300750732422,0.03737640380859375,115.37188720703125,-15.229583740234375
2023-03-03,2023-03-06,168.93360900878906,134.36602783203125,Friday,3,154.6261444091797,-14.307464599609375,128.57647705078125,-5.78955078125
2023-03-04,2023-03-06,111.45087432861328,92.67488861083984,Saturday,2,101.25752258300781,-10.193351745605469,88.20826721191406,-4.466621398925781
2023-03-05,2023-03-06,67.99992370605469,96.93268585205078,Sunday,1,60.04654312133789,-7.953380584716797,83.21763610839844,-13.715049743652344
2023-03-06,2023-03-06,102.35462188720703,108.32318878173828,Monday,0,106.85701751708984,4.5023956298828125,133.28244018554688,24.959251403808594
2023-03-07,2023-03-13,117.74530029296875,169.70875549316406,Tuesday,6,161.43118286132812,43.685882568359375,204.03732299804688,34.32856750488281
2023-03-08,2023-03-13,138.31179809570312,184.0169677734375,Wednesday,5,125.93231964111328,-12.379478454589844,173.01014709472656,-11.006820678710938
2023-03-09,2023-03-13,141.26087951660156,187.94056701660156,Thursday,4,147.4773406982422,6.216461181640625,198.09788513183594,10.157318115234375
2023-03-10,2023-03-13,98.04640197753906,139.76341247558594,Friday,3,113.44409942626953,15.397697448730469,141.4984893798828,1.735076904296875
2023-03-11,2023-03-13,102.57495880126953,120.41546630859375,Saturday,2,84.21781921386719,-18.357139587402344,101.15409088134766,-19.261375427246094
2023-03-12,2023-03-13,87.17283630371094,112.7574691772461,Sunday,1,77.71419525146484,-9.458641052246094,96.93268585205078,-15.824783325195312
2023-03-13,2023-03-13,137.26109313964844,167.40078735351562,Monday,0,144.29745483398438,7.0363616943359375,177.37335205078125,9.972564697265625
2023-03-14,2023-03-20,115.16084289550781,135.19036865234375,Tuesday,6,117.3084716796875,2.1476287841796875,148.64102172851562,13.450653076171875
2023-03-15,2023-03-20,76.55093383789062,81.01481628417969,Wednesday,5,101.751220703125,25.200286865234375,122.21348571777344,41.19866943359375
2023-03-16,2023-03-20,128.145751953125,127.86864471435547,Thursday,4,112.81190490722656,-15.333847045898438,119.39025115966797,-8.4783935546875
2023-03-17,2023-03-20,80.46723175048828,89.2146987915039,Friday,3,85.22901153564453,4.76177978515625,103.94354248046875,14.728843688964844
2023-03-18,2023-03-20,84.93763732910156,131.16685485839844,Saturday,2,87.94427490234375,3.0066375732421875,113.75531768798828,-17.411537170410156
2023-03-19,2023-03-20,32.68981170654297,36.243473052978516,Sunday,1,32.057106018066406,-0.6327056884765625,35.54198455810547,-0.7014884948730469
2023-03-20,2023-03-20,107.1450424194336,118.79261779785156,Monday,0,94.06885528564453,-13.076187133789062,111.74458312988281,-7.04803466796875
2023-03-21,2023-03-27,139.55384826660156,171.01132202148438,Tuesday,6,129.9046173095703,-9.64923095703125,157.11964416503906,-13.891677856445312
2023-03-22,2023-03-27,119.10356140136719,173.31707763671875,Wednesday,5,114.43415832519531,-4.669403076171875,170.27841186523438,-3.038665771484375
2023-03-23,2023-03-27,93.311767578125,116.38748168945312,Thursday,4,100.5713119506836,7.259544372558594,125.44230651855469,9.054824829101562
2023-03-24,2023-03-27,89.52886199951172,114.53237915039062,Friday,3,72.6195297241211,-16.909332275390625,83.6105728149414,-30.92180633544922
2023-03-25,2023-03-27,134.65721130371094,145.56321716308594,Saturday,2,101.61250305175781,-33.044708251953125,101.39278411865234,-44.170433044433594
2023-03-26,2023-03-27,31.749849319458008,52.8019905090332,Sunday,1,31.64873695373535,-0.10111236572265625,52.63383102416992,-0.16815948486328125
2023-03-27,2023-03-27,141.56272888183594,188.34214782714844,Monday,0,120.9456787109375,-20.617050170898438,167.6168670654297,-20.72528076171875
2023-03-28,2023-04-03,72.64402770996094,96.64925384521484,Tuesday,6,76.7618179321289,4.117790222167969,98.19977569580078,1.5505218505859375
2023-03-29,2023-04-03,70.33052062988281,46.78562927246094,Wednesday,5,79.95852661132812,9.628005981445312,75.98631286621094,29.20068359375
2023-03-30,2023-04-03,120.73139953613281,138.03890991210938,Thursday,4,129.30096435546875,8.569564819335938,133.11727905273438,-4.921630859375
2023-03-31,2023-04-03,87.5271987915039,123.16886138916016,Friday,3,90.4455337524414,2.9183349609375,122.21348571777344,-0.9553756713867188
2023-04-01,2023-04-03,41.931236267089844,59.77223587036133,Saturday,2,52.35380172729492,10.422565460205078,63.32192611694336,3.5496902465820312
2023-04-02,2023-04-03,32.160850524902344,53.485511779785156,Sunday,1,43.58641815185547,11.425567626953125,72.48694610595703,19.001434326171875
2023-04-03,2023-04-03,84.72040557861328,112.71627044677734,Monday,0,84.60388946533203,-0.11651611328125,97.40878295898438,-15.307487487792969
2023-04-04,2023-04-10,91.38117980957031,101.31507873535156,Tuesday,6,119.4284439086914,28.047264099121094,146.34934997558594,45.034271240234375
2023-04-05,2023-04-10,89.32766723632812,99.03833770751953,Wednesday,5,117.88497161865234,28.55730438232422,147.03756713867188,47.999229431152344
2023-04-06,2023-04-10,155.1553955078125,193.5248565673828,Thursday,4,173.69268798828125,18.53729248046875,226.96287536621094,33.438018798828125
2023-04-07,2023-04-10,181.0970916748047,250.9798583984375,Friday,3,169.00856018066406,-12.088531494140625,224.85745239257812,-26.122406005859375
2023-04-08,2023-04-10,74.43972778320312,61.898963928222656,Saturday,2,64.8544921875,-9.585235595703125,58.07688522338867,-3.8220787048339844
2023-04-09,2023-04-10,43.02035903930664,53.65916442871094,Sunday,1,44.02083206176758,1.0004730224609375,54.90705490112305,1.2478904724121094
2023-04-10,2023-04-10,141.56272888183594,219.7324981689453,Monday,0,142.78309631347656,1.220367431640625,201.83865356445312,-17.893844604492188
2023-04-11,2023-04-17,71.49427032470703,92.47734832763672,Tuesday,6,92.75189971923828,21.25762939453125,110.1801528930664,17.702804565429688
2023-04-12,2023-04-17,107.6008071899414,89.47344207763672,Wednesday,5,119.4284439086914,11.82763671875,114.98876953125,25.51532745361328
2023-04-13,2023-04-17,106.61137390136719,164.6370086669922,Thursday,4,126.19306182861328,19.581687927246094,167.89356994628906,3.256561279296875
2023-04-14,2023-04-17,112.76825714111328,152.37680053710938,Friday,3,119.80353546142578,7.0352783203125,169.3546600341797,16.977859497070312
2023-04-15,2023-04-17,87.5271987915039,111.97169494628906,Saturday,2,87.3079833984375,-0.21921539306640625,111.03426361083984,-0.9374313354492188
2023-04-16,2023-04-17,41.66751480102539,69.29569244384766,Sunday,1,42.064353942871094,0.3968391418457031,69.95565032958984,0.6599578857421875
2023-04-17,2023-04-17,102.06790924072266,108.01976013183594,Monday,0,91.62421417236328,-10.443695068359375,93.77033996582031,-14.249420166015625
2023-04-18,2023-04-24,95.78508758544922,66.37358093261719,Tuesday,6,106.85701751708984,11.071929931640625,88.8549575805664,22.48137664794922
2023-04-19,2023-04-24,147.8824920654297,147.5626983642578,Wednesday,5,158.03074645996094,10.14825439453125,151.6240692138672,4.061370849609375
2023-04-20,2023-04-24,98.67223358154297,70.32775115966797,Thursday,4,95.6698226928711,-3.002410888671875,79.55245971679688,9.224708557128906
2023-04-21,2023-04-24,117.00018310546875,121.61164855957031,Friday,3,140.05340576171875,23.05322265625,162.02963256835938,40.41798400878906
2023-04-22,2023-04-24,63.45914840698242,31.66096305847168,Saturday,2,70.80297088623047,7.343822479248047,50.46419143676758,18.8032283782959
2023-04-23,2023-04-24,55.987060546875,31.03666114807129,Sunday,1,56.4642219543457,0.4771614074707031,31.301179885864258,0.26451873779296875
2023-04-24,2023-04-24,155.5625762939453,182.61903381347656,Monday,0,159.4671630859375,3.9045867919921875,204.93026733398438,22.311233520507812
2023-04-25,2023-05-01,186.93948364257812,161.66387939453125,Tuesday,6,180.23350524902344,-6.7059783935546875,165.3735809326172,3.7097015380859375
2023-04-26,2023-05-01,104.6073989868164,92.78327941894531,Wednesday,5,105.3466796875,0.7392807006835938,97.33229064941406,4.54901123046875
2023-04-27,2023-05-01,116.59141540527344,91.24650573730469,Thursday,4,117.88497161865234,1.2935562133789062,88.22254180908203,-3.0239639282226562
2023-04-28,2023-05-01,131.12246704101562,126.24809265136719,Friday,3,117.88497161865234,-13.237495422363281,107.82755279541016,-18.42053985595703
2023-04-29,2023-05-01,49.62648391723633,51.58246612548828,Saturday,2,63.05033493041992,13.423851013183594,64.52717590332031,12.944709777832031
2023-04-30,2023-05-01,69.63356018066406,82.71783447265625,Sunday,1,71.34761047363281,1.71405029296875,84.75396728515625,2.0361328125
2023-05-01,2023-05-01,126.02159118652344,149.7012939453125,Monday,0,104.6073989868164,-21.41419219970703,127.57701873779297,-22.12427520751953
2023-05-02,2023-05-08,66.10445404052734,36.64528274536133,Tuesday,6,77.03646087646484,10.9320068359375,53.38185501098633,16.736572265625
2023-05-03,2023-05-08,138.60116577148438,103.72608184814453,Wednesday,5,149.52561950683594,10.924453735351562,133.8994903564453,30.17340850830078
2023-05-04,2023-05-08,102.60165405273438,97.50456237792969,Thursday,4,118.08403015136719,15.482376098632812,103.35848999023438,5.8539276123046875
2023-05-05,2023-05-08,49.65304946899414,70.779541015625,Friday,3,69.73827362060547,20.085224151611328,106.3141860961914,35.534645080566406
2023-05-06,2023-05-08,84.93763732910156,76.06124877929688,Saturday,2,91.45125579833984,6.513618469238281,84.49398040771484,8.432731628417969
2023-05-07,2023-05-08,42.19831466674805,70.1784439086914,Sunday,1,42.60537338256836,0.4070587158203125,70.85540008544922,0.6769561767578125
2023-05-08,2023-05-08,65.50274658203125,62.24867248535156,Monday,0,51.75886917114258,-13.743877410888672,49.18756866455078,-13.061103820800781
2023-05-09,2023-05-15,113.38862609863281,94.28619384765625,Tuesday,6,116.35051727294922,2.9618911743164062,102.44022369384766,8.154029846191406
2023-05-10,2023-05-15,108.01850891113281,131.7371368408203,Wednesday,5,118.51763153076172,10.499122619628906,147.82667541503906,16.08953857421875
2023-05-11,2023-05-15,112.52884674072266,128.6604766845703,Thursday,4,137.27757263183594,24.74872589111328,178.67051696777344,50.010040283203125
2023-05-12,2023-05-15,118.73003387451172,148.0915985107422,Friday,3,146.2168426513672,27.48680877685547,184.4720916748047,36.3804931640625
2023-05-13,2023-05-15,66.51741790771484,77.43585205078125,Saturday,2,88.82279205322266,22.305374145507812,86.89286041259766,9.457008361816406
2023-05-14,2023-05-15,82.58478546142578,61.04163360595703,Sunday,1,74.02385711669922,-8.560928344726562,61.553157806396484,0.5115242004394531
2023-05-15,2023-05-15,144.02468872070312,164.6714324951172,Monday,0,135.86703491210938,-8.15765380859375,150.63693237304688,-14.034500122070312
2023-05-16,2023-05-22,126.86429595947266,105.49163818359375,Tuesday,6,137.52537536621094,10.661079406738281,119.32868957519531,13.837051391601562
2023-05-17,2023-05-22,81.62384796142578,124.43344116210938,Wednesday,5,89.37788391113281,7.754035949707031,139.3509521484375,14.917510986328125
2023-05-18,2023-05-22,94.45203399658203,100.97977447509766,Thursday,4,125.21733856201172,30.765304565429688,151.45037841796875,50.470603942871094
2023-05-19,2023-05-22,147.8824920654297,137.72518920898438,Friday,3,160.85305786132812,12.970565795898438,158.8332977294922,21.108108520507812
2023-05-20,2023-05-22,104.53862762451172,108.65892791748047,Saturday,2,98.44183349609375,-6.096794128417969,106.41470336914062,-2.2442245483398438
2023-05-21,2023-05-22,59.329566955566406,49.33439254760742,Sunday,1,60.22850036621094,0.8989334106445312,50.081886291503906,0.7474937438964844
2023-05-22,2023-05-22,74.23120880126953,92.58837127685547,Monday,0,78.2496337890625,4.018424987792969,108.44503021240234,15.856658935546875
2023-05-23,2023-05-30,166.71566772460938,168.76609802246094,Tuesday,7,183.6913604736328,16.975692749023438,213.8431854248047,45.07708740234375
2023-05-24,2023-05-30,98.2541275024414,128.3878936767578,Wednesday,6,115.21974182128906,16.965614318847656,153.29412841796875,24.906234741210938
2023-05-25,2023-05-30,96.8182601928711,115.0105972290039,Thursday,5,106.28559112548828,9.467330932617188,137.4796905517578,22.469093322753906
2023-05-26,2023-05-30,71.87030792236328,76.06124877929688,Friday,4,61.34384536743164,-10.52646255493164,64.92096710205078,-11.140281677246094
2023-05-27,2023-05-30,104.33283996582031,140.97854614257812,Saturday,3,85.71331787109375,-18.619522094726562,109.00624084472656,-31.972305297851562
2023-05-28,2023-05-30,36.4018440246582,15.134636878967285,Sunday,2,36.50212478637695,0.10028076171875,15.176329612731934,0.04169273376464844
2023-05-29,2023-05-30,33.20869827270508,27.614072799682617,Monday,1,44.966983795166016,11.758285522460938,49.85527420043945,22.241201400756836
2023-05-30,2023-05-30,120.28876495361328,153.8828887939453,Tuesday,0,111.29180908203125,-8.996955871582031,141.5357666015625,-12.347122192382812
2023-05-31,2023-06-05,164.87893676757812,211.88491821289062,Wednesday,5,219.58306884765625,54.704132080078125,281.7106018066406,69.82568359375
2023-06-01,2023-06-05,166.32139587402344,184.40191650390625,Thursday,4,182.39715576171875,16.075759887695312,225.05715942382812,40.655242919921875
2023-06-02,2023-06-05,129.650390625,161.71255493164062,Friday,3,129.57322692871094,-0.0771636962890625,159.27403259277344,-2.4385223388671875
2023-06-03,2023-06-05,106.2521743774414,103.94354248046875,Saturday,2,119.01441192626953,12.762237548828125,123.70526885986328,19.76172637939453
2023-06-04,2023-06-05,39.91045379638672,33.186790466308594,Sunday,1,38.185218811035156,-1.7252349853515625,31.75220489501953,-1.4345855712890625
2023-06-05,2023-06-05,57.60987091064453,79.84069061279297,Monday,0,107.08731079101562,49.477439880371094,142.47433471679688,62.633644104003906
2023-06-06,2023-06-12,122.1554183959961,107.5511245727539,Tuesday,6,133.4734344482422,11.318016052246094,131.16685485839844,23.61573028564453
2023-06-07,2023-06-12,123.70584869384766,91.4358139038086,Wednesday,5,142.2924346923828,18.586585998535156,123.05343627929688,31.61762237548828
2023-06-08,2023-06-12,67.05602264404297,78.06285858154297,Thursday,4,78.73674774169922,11.68072509765625,84.17838287353516,6.1155242919921875
2023-06-09,2023-06-12,93.22422790527344,113.6943359375,Friday,3,96.3266830444336,3.1024551391601562,124.59790802001953,10.903572082519531
2023-06-10,2023-06-12,112.07936096191406,144.97389221191406,Saturday,2,97.14274597167969,-14.936614990234375,121.16585540771484,-23.80803680419922
2023-06-11,2023-06-12,79.82090759277344,82.96698760986328,Sunday,1,81.29000091552734,1.4690933227539062,84.49398040771484,1.5269927978515625
2023-06-12,2023-06-12,64.5904541015625,76.72712707519531,Monday,0,65.72555541992188,1.135101318359375,54.652854919433594,-22.07427215576172
2023-06-13,2023-06-20,70.33052062988281,93.57125854492188,Tuesday,7,77.17451477050781,6.843994140625,108.60050964355469,15.029251098632812
2023-06-14,2023-06-20,61.47032928466797,79.5114517211914,Wednesday,6,72.13296508789062,10.662635803222656,73.82254791259766,-5.68890380859375
2023-06-15,2023-06-20,161.94775390625,171.391357421875,Thursday,5,158.32125854492188,-3.626495361328125,182.28335571289062,10.891998291015625
2023-06-16,2023-06-20,115.82404327392578,115.5735855102539,Friday,4,111.43194580078125,-4.392097473144531,117.92982482910156,2.3562393188476562
2023-06-17,2023-06-20,106.85701751708984,135.8958282470703,Saturday,3,93.1047134399414,-13.752304077148438,122.24129486083984,-13.654533386230469
2023-06-18,2023-06-20,83.9805908203125,93.10999298095703,Sunday,2,84.69633483886719,0.7157440185546875,93.9035415649414,0.793548583984375
2023-06-19,2023-06-20,111.27488708496094,113.88129425048828,Monday,1,107.78419494628906,-3.490692138671875,107.5511245727539,-6.330169677734375
2023-06-20,2023-06-20,93.311767578125,108.6283187866211,Tuesday,0,142.78309631347656,49.47132873535156,180.4674835205078,71.83916473388672
2023-06-21,2023-06-26,123.22461700439453,156.7113800048828,Wednesday,5,127.8748550415039,4.650238037109375,162.02963256835938,5.3182525634765625
2023-06-22,2023-06-26,164.87893676757812,186.957275390625,Thursday,4,154.50408935546875,-10.374847412109375,185.00399780273438,-1.953277587890625
2023-06-23,2023-06-26,40.81192398071289,33.9363899230957,Friday,3,46.4107551574707,5.5988311767578125,38.59199523925781,4.655605316162109
2023-06-24,2023-06-26,113.79048919677734,136.67385864257812,Saturday,2,105.08145141601562,-8.709037780761719,124.82646179199219,-11.847396850585938
2023-06-25,2023-06-26,89.12738037109375,123.52034759521484,Sunday,1,125.18424224853516,36.056861877441406,192.17469787597656,68.65435028076172
2023-06-26,2023-06-26,214.2456817626953,274.0799865722656,Monday,0,169.5130615234375,-44.73262023925781,211.43313598632812,-62.6468505859375
2023-06-27,2023-07-03,110.18936157226562,171.79856872558594,Tuesday,6,118.30599212646484,8.116630554199219,167.23773193359375,-4.5608367919921875
2023-06-28,2023-07-03,73.31639099121094,77.5916519165039,Wednesday,5,82.5390625,9.222671508789062,82.36058044433594,4.768928527832031
2023-06-29,2023-07-03,116.74246978759766,157.74691772460938,Thursday,4,120.89662170410156,4.154151916503906,160.84693908691406,3.1000213623046875
2023-06-30,2023-07-03,94.28560638427734,104.53524780273438,Friday,3,102.67338562011719,8.387779235839844,125.81746673583984,21.28221893310547
2023-07-01,2023-07-03,84.77043914794922,75.9115219116211,Saturday,2,103.0347671508789,18.264328002929688,119.9472885131836,44.0357666015625
2023-07-02,2023-07-03,68.80704498291016,98.0832290649414,Sunday,1,69.4250717163086,0.6180267333984375,98.9642105102539,0.8809814453125
2023-07-03,2023-07-03,53.0010871887207,73.45343780517578,Monday,0,45.37763977050781,-7.623447418212891,53.90418243408203,-19.54925537109375
2023-07-04,2023-07-10,108.74591064453125,97.3814468383789,Tuesday,6,109.93034362792969,1.1844329833984375,109.69263458251953,12.311187744140625
2023-07-05,2023-07-10,88.13927459716797,109.93585205078125,Wednesday,5,89.85264587402344,1.7133712768554688,109.58242797851562,-0.353424072265625
2023-07-06,2023-07-10,169.25527954101562,174.25083923339844,Thursday,4,172.6627960205078,3.4075164794921875,202.06784057617188,27.817001342773438
2023-07-07,2023-07-10,106.3993911743164,70.779541015625,Friday,3,120.56138610839844,14.161994934082031,85.92906188964844,15.149520874023438
2023-07-08,2023-07-10,60.35042190551758,55.759185791015625,Saturday,2,58.67672348022461,-1.6736984252929688,53.22712707519531,-2.5320587158203125
2023-07-09,2023-07-10,74.43972778320312,61.898963928222656,Sunday,1,75.93278503417969,1.4930572509765625,63.1404914855957,1.2415275573730469
2023-07-10,2023-07-10,108.01850891113281,89.8207778930664,Monday,0,138.2980499267578,30.279541015625,164.28451538085938,74.46373748779297
2023-07-11,2023-07-17,116.2304458618164,96.64925384521484,Tuesday,6,141.3526153564453,25.122169494628906,122.64952087402344,26.000267028808594
2023-07-12,2023-07-17,179.64031982421875,239.00250244140625,Wednesday,5,203.18724060058594,23.546920776367188,255.99478149414062,16.992279052734375
2023-07-13,2023-07-17,68.86834716796875,80.17266845703125,Thursday,4,80.51380157470703,11.645454406738281,95.64249420166016,15.469825744628906
2023-07-14,2023-07-17,154.0729217529297,186.35121154785156,Friday,3,151.36514282226562,-2.7077789306640625,193.6382293701172,7.287017822265625
2023-07-15,2023-07-17,63.45914840698242,105.53653717041016,Saturday,2,65.74562072753906,2.2864723205566406,100.92838287353516,-4.608154296875
2023-07-16,2023-07-17,31.34922218322754,52.135719299316406,Sunday,1,30.577547073364258,-0.7716751098632812,50.852378845214844,-1.2833404541015625
2023-07-17,2023-07-17,100.38084411621094,91.05797576904297,Monday,0,110.8536376953125,10.472793579101562,119.28954315185547,28.2315673828125
2023-07-18,2023-07-24,156.67550659179688,173.7074432373047,Tuesday,6,151.43167114257812,-5.24383544921875,167.89356994628906,-5.813873291015625
2023-07-19,2023-07-24,165.96029663085938,220.80191040039062,Wednesday,5,188.8271484375,22.866851806640625,260.19744873046875,39.395538330078125
2023-07-20,2023-07-24,113.25018310546875,117.7138442993164,Thursday,4,127.64022827148438,14.390045166015625,141.5157928466797,23.80194854736328
2023-07-21,2023-07-24,82.12977600097656,79.67572784423828,Friday,3,112.39069366455078,30.26091766357422,127.88768005371094,48.211952209472656
2023-07-22,2023-07-24,38.4437255859375,42.62288284301758,Saturday,2,36.51649475097656,-1.9272308349609375,34.70241165161133,-7.92047119140625
2023-07-23,2023-07-24,49.29416275024414,65.58342742919922,Sunday,1,49.441307067871094,0.14714431762695312,65.7791976928711,0.195770263671875
2023-07-24,2023-07-24,147.6353302001953,168.7996826171875,Monday,0,143.43077087402344,-4.204559326171875,159.0229034423828,-9.776779174804688
2023-07-25,2023-07-31,55.874637603759766,66.37358093261719,Tuesday,6,61.7248649597168,5.850227355957031,68.43487548828125,2.0612945556640625
2023-07-26,2023-07-31,78.55891418457031,97.98629760742188,Wednesday,5,84.0753173828125,5.5164031982421875,93.21501922607422,-4.771278381347656
2023-07-27,2023-07-31,134.19784545898438,187.94056701660156,Thursday,4,132.50270080566406,-1.6951446533203125,190.31117248535156,2.37060546875
2023-07-28,2023-07-31,134.29327392578125,170.1623992919922,Friday,3,130.33053588867188,-3.962738037109375,162.56088256835938,-7.6015167236328125
2023-07-29,2023-07-31,67.46573638916016,56.09987258911133,Saturday,2,71.89212036132812,4.426383972167969,64.3790512084961,8.279178619384766
2023-07-30,2023-07-31,9.888261795043945,0.0,Sunday,1,10.068594932556152,0.18033313751220703,0.0,0.0
2023-07-31,2023-07-31,107.80545806884766,114.09187316894531,Monday,0,154.3993377685547,46.59387969970703,175.07440185546875,60.98252868652344
2023-08-01,2023-08-01,106.0021743774414,132.2161865234375,Tuesday,0,116.9141616821289,10.9119873046875,140.42568969726562,8.209503173828125
2023-08-02,2023-08-07,120.1838607788086,124.92081451416016,Wednesday,5,132.7555694580078,12.571708679199219,147.18722534179688,22.26641082763672
2023-08-03,2023-08-07,70.33052062988281,70.1784439086914,Thursday,4,88.7294921875,18.398971557617188,88.53762817382812,18.35918426513672
2023-08-04,2023-08-07,127.13479614257812,129.20913696289062,Friday,3,119.37181091308594,-7.7629852294921875,119.11367797851562,-10.095458984375
2023-08-05,2023-08-07,90.5780258178711,96.83802795410156,Saturday,2,97.42845916748047,6.850433349609375,119.39025115966797,22.552223205566406
2023-08-06,2023-08-07,30.251758575439453,50.310569763183594,Sunday,1,30.182849884033203,-0.06890869140625,37.646976470947266,-12.663593292236328
2023-08-07,2023-08-07,94.37515258789062,125.5614242553711,Monday,0,117.56503295898438,23.18988037109375,115.0105972290039,-10.550827026367188
2023-08-08,2023-08-14,103.28718566894531,134.9645538330078,Tuesday,6,108.29548645019531,5.00830078125,127.13095092773438,-7.8336029052734375
2023-08-09,2023-08-14,96.21566009521484,91.4358139038086,Wednesday,5,105.72024536132812,9.504585266113281,97.67744445800781,6.241630554199219
2023-08-10,2023-08-14,136.23114013671875,155.01536560058594,Thursday,4,131.0054931640625,-5.22564697265625,145.2469024658203,-9.768463134765625
2023-08-11,2023-08-14,126.67562866210938,179.06907653808594,Friday,3,142.3582763671875,15.682647705078125,200.32754516601562,21.258468627929688
2023-08-12,2023-08-14,120.32831573486328,153.02798461914062,Saturday,2,119.27412414550781,-1.0541915893554688,144.26206970214844,-8.765914916992188
2023-08-13,2023-08-14,59.45634460449219,70.62830352783203,Sunday,1,60.70150375366211,1.2451591491699219,72.10742950439453,1.4791259765625
2023-08-14,2023-08-14,88.46620178222656,81.73602294921875,Monday,0,114.96981048583984,26.50360870361328,119.50125122070312,37.765228271484375
2023-08-15,2023-08-21,105.72024536132812,117.21292114257812,Tuesday,6,114.6426010131836,8.922355651855469,140.48471069335938,23.27178955078125
2023-08-16,2023-08-21,93.21077728271484,119.24259185791016,Wednesday,5,100.02424621582031,6.813468933105469,127.20621490478516,7.963623046875
2023-08-17,2023-08-21,89.34310913085938,114.29476928710938,Thursday,4,116.02689361572266,26.68378448486328,154.36798095703125,40.073211669921875
2023-08-18,2023-08-21,94.46485900878906,136.15419006347656,Friday,3,77.42227935791016,-17.042579650878906,110.36409759521484,-25.79009246826172
2023-08-19,2023-08-21,119.4284439086914,146.34934997558594,Saturday,2,114.04771423339844,-5.380729675292969,129.31942749023438,-17.029922485351562
2023-08-20,2023-08-21,42.68772888183594,42.595420837402344,Sunday,1,43.701419830322266,1.0136909484863281,43.6069221496582,1.0115013122558594
2023-08-21,2023-08-21,108.44715881347656,114.77099609375,Monday,0,97.22421264648438,-11.222946166992188,103.94354248046875,-10.82745361328125
2023-08-22,2023-08-28,72.48506927490234,60.27360534667969,Tuesday,6,81.09864044189453,8.613571166992188,82.99822998046875,22.724624633789062
2023-08-23,2023-08-28,126.32672882080078,140.05950927734375,Wednesday,5,126.71024322509766,0.383514404296875,130.45008850097656,-9.609420776367188
2023-08-24,2023-08-28,43.972137451171875,48.752281188964844,Thursday,4,61.5718879699707,17.599750518798828,71.67854309082031,22.92626190185547
2023-08-25,2023-08-28,46.283382415771484,76.97216033935547,Friday,3,40.256900787353516,-6.026481628417969,66.94974517822266,-10.022415161132812
2023-08-26,2023-08-28,87.50179290771484,83.15483093261719,Saturday,2,85.97503662109375,-1.5267562866210938,92.51768493652344,9.36285400390625
2023-08-27,2023-08-28,40.795166015625,54.275936126708984,Sunday,1,41.931236267089844,1.1360702514648438,55.787418365478516,1.5114822387695312
2023-08-28,2023-08-28,55.363250732421875,30.69084930419922,Monday,0,75.4415054321289,20.07825469970703,79.84069061279297,49.14984130859375
2023-08-29,2023-09-05,128.95640563964844,201.0586700439453,Tuesday,7,115.63378143310547,-13.322624206542969,169.6819610595703,-31.376708984375
2023-08-30,2023-09-05,171.33970642089844,213.71148681640625,Wednesday,6,163.29559326171875,-8.044113159179688,213.37705993652344,-0.3344268798828125
2023-08-31,2023-09-05,128.8641815185547,126.06425476074219,Thursday,5,117.42311096191406,-11.441070556640625,102.77999114990234,-23.284263610839844
2023-09-01,2023-09-05,55.09468078613281,68.71942901611328,Friday,4,73.48699951171875,18.392318725585938,84.60932922363281,15.889900207519531
2023-09-02,2023-09-05,70.89152526855469,64.30747985839844,Saturday,3,58.97747039794922,-11.914054870605469,57.2152099609375,-7.0922698974609375
2023-09-03,2023-09-05,17.119213104248047,28.47032356262207,Sunday,2,16.358360290527344,-0.7608528137207031,27.20497703552246,-1.2653465270996094
2023-09-04,2023-09-05,98.48174285888672,119.11367797851562,Monday,1,100.61537170410156,2.1336288452148438,115.84362030029297,-3.2700576782226562
2023-09-05,2023-09-05,123.60326385498047,191.85597229003906,Tuesday,0,121.78558349609375,-1.8176803588867188,182.28335571289062,-9.572616577148438
2023-09-06,2023-09-11,71.2380142211914,82.9312973022461,Wednesday,5,76.62522888183594,5.387214660644531,88.22254180908203,5.2912445068359375
2023-09-07,2023-09-11,88.13927459716797,97.72075653076172,Thursday,4,80.34212493896484,-7.797149658203125,92.50199890136719,-5.218757629394531
2023-09-08,2023-09-11,80.34212493896484,92.50199890136719,Friday,3,80.14276123046875,-0.19936370849609375,88.8549575805664,-3.6470413208007812
2023-09-09,2023-09-11,43.75089645385742,31.183061599731445,Saturday,2,44.43086242675781,0.6799659729003906,32.84058380126953,1.657522201538086
2023-09-10,2023-09-11,18.768089294433594,15.606253623962402,Sunday,1,16.60434913635254,-2.1637401580810547,13.807036399841309,-1.7992172241210938
2023-09-11,2023-09-11,102.5562744140625,119.39025115966797,Monday,0,93.49989318847656,-9.056381225585938,122.17556762695312,2.7853164672851562
2023-09-12,2023-09-18,118.87203979492188,171.332763671875,Tuesday,6,164.96852111816406,46.09648132324219,230.4564971923828,59.12373352050781
2023-09-13,2023-09-18,123.83430480957031,185.3497772216797,Wednesday,5,134.78366088867188,10.949356079101562,198.289794921875,12.940017700195312
2023-09-14,2023-09-18,130.57839965820312,125.7242431640625,Thursday,4,119.93779754638672,-10.640602111816406,123.4777603149414,-2.2464828491210938
2023-09-15,2023-09-18,93.22422790527344,113.6943359375,Friday,3,106.68494415283203,13.460716247558594,133.06781005859375,19.37347412109375
2023-09-16,2023-09-18,90.22557830810547,96.46121978759766,Saturday,2,79.46189880371094,-10.763679504394531,90.85319519042969,-5.608024597167969
2023-09-17,2023-09-18,62.79749298095703,91.38164520263672,Sunday,1,64.32170104980469,1.5242080688476562,93.59963989257812,2.2179946899414062
2023-09-18,2023-09-18,73.81766510009766,92.07255554199219,Monday,0,114.6917495727539,40.87408447265625,168.29962158203125,76.22706604003906
2023-09-19,2023-09-25,218.41107177734375,326.90814208984375,Tuesday,6,207.41676330566406,-10.994308471679688,314.51055908203125,-12.3975830078125
2023-09-20,2023-09-25,208.3376007080078,277.1827697753906,Wednesday,5,190.11257934570312,-18.225021362304688,258.683837890625,-18.498931884765625
2023-09-21,2023-09-25,148.80674743652344,204.4358367919922,Thursday,4,162.9131622314453,14.106414794921875,225.77899169921875,21.343154907226562
2023-09-22,2023-09-25,104.74522399902344,130.6483917236328,Friday,3,131.62521362304688,26.879989624023438,164.17572021484375,33.52732849121094
2023-09-23,2023-09-25,81.12410736083984,101.18585205078125,Saturday,2,70.02175903320312,-11.102348327636719,89.57735443115234,-11.608497619628906
2023-09-24,2023-09-25,65.11189270019531,67.67822265625,Sunday,1,66.41739654541016,1.3055038452148438,69.0351791381836,1.3569564819335938
2023-09-25,2023-09-25,105.61810302734375,175.64952087402344,Monday,0,109.96076202392578,4.342658996582031,171.442138671875,-4.2073822021484375
2023-09-26,2023-10-02,83.0028305053711,112.94092559814453,Tuesday,6,81.25166320800781,-1.7511672973632812,114.33789825439453,1.39697265625
2023-09-27,2023-10-02,79.21356964111328,107.78492736816406,Wednesday,5,101.4660415649414,22.252471923828125,138.96595764160156,31.1810302734375
2023-09-28,2023-10-02,68.58318328857422,79.84069061279297,Thursday,4,64.37852478027344,-4.204658508300781,68.13260650634766,-11.708084106445312
2023-09-29,2023-10-02,86.75772857666016,52.466739654541016,Friday,3,86.41481018066406,-0.34291839599609375,76.64706420898438,24.18032455444336
2023-09-30,2023-10-02,60.59574890136719,55.98584747314453,Saturday,2,82.55619812011719,21.96044921875,85.81008911132812,29.824241638183594
2023-10-01,2023-10-02,26.083209991455078,28.91867446899414,Sunday,1,38.97138595581055,12.888175964355469,25.924739837646484,-2.9939346313476562
2023-10-02,2023-10-02,39.79060363769531,49.630699157714844,Monday,0,63.45914840698242,23.66854476928711,84.42923736572266,34.79853820800781
2023-10-03,2023-10-10,63.2974739074707,81.87484741210938,Tuesday,7,107.04885864257812,43.75138473510742,148.35748291015625,66.48263549804688
2023-10-04,2023-10-10,47.130027770996094,33.59150695800781,Wednesday,6,61.24074935913086,14.110721588134766,64.81185913085938,31.220352172851562
2023-10-05,2023-10-10,35.92806625366211,35.85037612915039,Thursday,5,54.304386138916016,18.376319885253906,70.24235534667969,34.3919792175293
2023-10-06,2023-10-10,147.52325439453125,200.7330780029297,Friday,4,161.30764770507812,13.784393310546875,220.3603057861328,19.627227783203125
2023-10-07,2023-10-10,73.61261749267578,51.00933074951172,Saturday,3,54.14300537109375,-19.46961212158203,32.74298858642578,-18.266342163085938
2023-10-08,2023-10-10,75.47622680664062,69.7342758178711,Sunday,2,75.66779327392578,0.19156646728515625,69.91126251220703,0.1769866943359375
2023-10-09,2023-10-10,234.9338836669922,221.40219116210938,Monday,1,227.07118225097656,-7.862701416015625,211.03053283691406,-10.371658325195312
2023-10-10,2023-10-10,234.81492614746094,237.09652709960938,Tuesday,0,259.08349609375,24.268569946289062,297.5069274902344,60.410400390625
2023-10-11,2023-10-16,294.76239013671875,315.1339111328125,Wednesday,5,265.9303894042969,-28.832000732421875,278.8153991699219,-36.318511962890625
2023-10-12,2023-10-16,252.59230041503906,252.04611206054688,Thursday,4,218.0117645263672,-34.580535888671875,221.56886291503906,-30.477249145507812
2023-10-13,2023-10-16,335.77685546875,365.1194152832031,Friday,3,287.3145446777344,-48.462310791015625,318.5480651855469,-46.57135009765625
2023-10-14,2023-10-16,277.7002868652344,318.8846740722656,Saturday,2,216.03701782226562,-61.66326904296875,248.07643127441406,-70.80824279785156
2023-10-15,2023-10-16,177.00743103027344,196.2496337890625,Sunday,1,154.47207641601562,-22.535354614257812,171.2644805908203,-24.985153198242188
2023-10-16,2023-10-16,276.04730224609375,325.801513671875,Monday,0,290.3445739746094,14.297271728515625,296.30120849609375,-29.50030517578125
2023-10-17,2023-10-19,303.11077880859375,348.06365966796875,Tuesday,2,274.5221862792969,-28.588592529296875,324.65606689453125,-23.4075927734375
2023-10-18,2023-10-19,371.23602294921875,379.9315490722656,Wednesday,1,333.0094299316406,-38.226593017578125,359.49432373046875,-20.437225341796875
2023-10-19,2023-10-19,391.1224365234375,384.966796875,Thursday,0,338.8517150878906,-52.270721435546875,330.34613037109375,-54.62066650390625
2023-10-20,2023-10-23,367.334228515625,392.7213134765625,Friday,3,298.6288146972656,-68.70541381835938,331.09228515625,-61.6290283203125
2023-10-21,2023-10-23,305.3669738769531,264.9622802734375,Saturday,2,251.51968383789062,-53.8472900390625,258.0956726074219,-6.866607666015625
2023-10-22,2023-10-23,118.0425033569336,0.0,Sunday,1,105.160888671875,-12.881614685058594,0.0,0.0
2023-10-23,2023-10-23,296.6478576660156,230.22718811035156,Monday,0,312.774658203125,16.126800537109375,307.3695373535156,77.14234924316406
2023-10-24,2023-10-30,250.28289794921875,232.6025390625,Tuesday,6,250.00511169433594,-0.2777862548828125,249.46449279785156,16.861953735351562
2023-10-25,2023-10-30,217.21754455566406,237.06796264648438,Wednesday,5,208.08998107910156,-9.1275634765625,224.47569274902344,-12.592269897460938
2023-10-26,2023-10-30,193.1093292236328,197.632568359375,Thursday,4,168.43563842773438,-24.673690795898438,155.62168884277344,-42.01087951660156
2023-10-27,2023-10-30,269.4747619628906,218.61141967773438,Friday,3,251.86463928222656,-17.610122680664062,236.750732421875,18.139312744140625
2023-10-28,2023-10-30,192.96510314941406,171.1536407470703,Saturday,2,173.5397491455078,-19.42535400390625,169.76910400390625,-1.3845367431640625
2023-10-29,2023-10-30,148.21331787109375,110.91960906982422,Sunday,1,133.1291961669922,-15.084121704101562,104.18927001953125,-6.730339050292969
2023-10-30,2023-10-30,248.4425811767578,229.5419921875,Monday,0,205.43055725097656,-43.01202392578125,213.5274200439453,-16.014572143554688
2023-10-31,2023-11-06,193.59161376953125,190.78814697265625,Tuesday,6,172.08143615722656,-21.510177612304688,173.75347900390625,-17.03466796875
2023-11-01,2023-11-06,290.1026611328125,258.0594177246094,Wednesday,5,251.7322540283203,-38.37040710449219,247.38201904296875,-10.677398681640625
2023-11-02,2023-11-06,252.527587890625,209.98460388183594,Thursday,4,219.58306884765625,-32.94451904296875,198.2407989501953,-11.743804931640625
2023-11-03,2023-11-06,201.9088897705078,125.92017364501953,Friday,3,174.9210662841797,-26.987823486328125,109.0892562866211,-16.830917358398438
2023-11-04,2023-11-06,186.24879455566406,165.93397521972656,Saturday,2,157.24212646484375,-29.006668090820312,148.18533325195312,-17.748641967773438
2023-11-05,2023-11-06,107.658447265625,96.40763092041016,Sunday,1,92.95470428466797,-14.703742980957031,84.32154846191406,-12.086082458496094
2023-11-06,2023-11-06,190.58609008789062,135.8385467529297,Monday,0,182.9025115966797,-7.6835784912109375,146.45623779296875,10.617691040039062
2023-11-07,2023-11-13,148.0083465576172,93.77033996582031,Tuesday,6,140.21450805664062,-7.7938385009765625,106.87669372558594,13.106353759765625
2023-11-08,2023-11-13,149.59983825683594,118.47328186035156,Wednesday,5,132.50270080566406,-17.097137451171875,120.19652557373047,1.7232437133789062
2023-11-09,2023-11-13,235.62197875976562,195.92706298828125,Thursday,4,201.47996520996094,-34.14201354980469,177.39202880859375,-18.5350341796875
2023-11-10,2023-11-13,191.84754943847656,159.52725219726562,Friday,3,180.9846649169922,-10.862884521484375,164.17572021484375,4.648468017578125
2023-11-11,2023-11-13,215.73446655273438,185.17674255371094,Saturday,2,161.4616241455078,-54.27284240722656,155.91531372070312,-29.261428833007812
2023-11-12,2023-11-13,158.53598022460938,194.27230834960938,Sunday,1,128.3940887451172,-30.141891479492188,156.58677673339844,-37.68553161621094
2023-11-13,2023-11-13,142.1233673095703,109.0892562866211,Monday,0,131.046630859375,-11.076736450195312,84.75396728515625,-24.335289001464844
2023-11-14,2023-11-20,155.1553955078125,167.72154235839844,Tuesday,6,148.2277374267578,-6.9276580810546875,160.76870727539062,-6.9528350830078125
2023-11-15,2023-11-20,121.62774658203125,118.98504638671875,Wednesday,5,130.60302734375,8.97528076171875,148.0915985107422,29.106552124023438
2023-11-16,2023-11-20,204.90109252929688,193.0992431640625,Thursday,4,170.8645477294922,-34.03654479980469,155.82882690429688,-37.270416259765625
2023-11-17,2023-11-20,198.61219787597656,153.35568237304688,Friday,3,149.48410034179688,-49.12809753417969,119.32868957519531,-34.02699279785156
2023-11-18,2023-11-20,112.62730407714844,77.12610626220703,Saturday,2,111.65958404541016,-0.9677200317382812,79.58438110351562,2.4582748413085938
2023-11-19,2023-11-20,102.5318603515625,104.93347930908203,Sunday,1,101.5645751953125,-0.96728515625,90.95059967041016,-13.982879638671875
2023-11-20,2023-11-20,199.3235626220703,252.5619659423828,Monday,0,204.90109252929688,5.5775299072265625,227.17556762695312,-25.386398315429688
2023-11-21,2023-11-27,115.55469512939453,102.4931640625,Tuesday,6,96.48255157470703,-19.0721435546875,85.57682037353516,-16.916343688964844
2023-11-22,2023-11-27,198.18780517578125,258.970458984375,Wednesday,5,191.44436645507812,-6.743438720703125,231.55198669433594,-27.418472290039062
2023-11-23,2023-11-27,182.19122314453125,137.72518920898438,Thursday,4,175.45379638671875,-6.7374267578125,128.3878936767578,-9.337295532226562
2023-11-24,2023-11-27,148.95913696289062,94.37271881103516,Friday,3,152.79371643066406,3.8345794677734375,111.80642700195312,17.43370819091797
2023-11-25,2023-11-27,142.4760284423828,154.0152587890625,Saturday,2,125.10517883300781,-17.370849609375,144.73583984375,-9.2794189453125
2023-11-26,2023-11-27,104.33283996582031,115.67469787597656,Sunday,1,87.86651611328125,-16.466323852539062,102.28926086425781,-13.38543701171875
2023-11-27,2023-11-27,170.64743041992188,166.93963623046875,Monday,0,166.35165405273438,-4.2957763671875,180.42601013183594,13.486373901367188
2023-11-28,2023-12-01,208.90066528320312,186.1151123046875,Tuesday,3,184.384765625,-24.515899658203125,169.1825714111328,-16.932540893554688
2023-11-29,2023-12-01,116.35051727294922,79.67572784423828,Wednesday,2,88.7790298461914,-27.571487426757812,55.36690902709961,-24.308818817138672
2023-11-30,2023-12-01,218.02462768554688,187.14251708984375,Thursday,1,178.9017333984375,-39.122894287109375,163.1587677001953,-23.983749389648438
2023-12-01,2023-12-01,92.4437484741211,89.6815185546875,Friday,0,94.81410217285156,2.3703536987304688,88.69601440429688,-0.985504150390625
2023-12-02,2023-12-05,130.93153381347656,87.09893798828125,Saturday,3,122.122314453125,-8.809219360351562,93.0861587524414,5.987220764160156
2023-12-03,2023-12-05,127.73397827148438,42.48591995239258,Sunday,2,110.7027816772461,-17.03119659423828,42.48591995239258,0.0
2023-12-04,2023-12-05,234.37977600097656,168.9082489013672,Monday,1,194.85691833496094,-39.522857666015625,151.2276611328125,-17.680587768554688
2023-12-05,2023-12-05,103.78801727294922,115.0706558227539,Tuesday,0,89.69046020507812,-14.097557067871094,109.38462829589844,-5.686027526855469
2023-12-06,2023-12-11,168.87600708007812,151.2276611328125,Wednesday,5,131.24276733398438,-37.63323974609375,113.4977798461914,-37.729881286621094
2023-12-07,2023-12-11,202.81027221679688,224.85745239257812,Thursday,4,194.16470336914062,-8.64556884765625,215.27206420898438,-9.58538818359375
2023-12-08,2023-12-11,152.78089904785156,115.4928207397461,Friday,3,153.5236358642578,0.74273681640625,137.4796905517578,21.98686981201172
2023-12-09,2023-12-11,145.1722869873047,186.56002807617188,Saturday,2,106.34246826171875,-38.82981872558594,123.79792785644531,-62.76210021972656
2023-12-10,2023-12-11,146.02967834472656,178.94688415527344,Sunday,1,124.12431335449219,-21.905364990234375,154.81988525390625,-24.126998901367188
2023-12-11,2023-12-11,184.0315399169922,196.75027465820312,Monday,0,153.77490234375,-30.256637573242188,149.18008422851562,-47.5701904296875
2023-12-12,2023-12-18,190.2964324951172,199.26199340820312,Tuesday,6,167.4221954345703,-22.874237060546875,178.9930419921875,-20.268951416015625
2023-12-13,2023-12-18,218.95436096191406,199.6868438720703,Wednesday,5,192.79495239257812,-26.159408569335938,194.32125854492188,-5.3655853271484375
2023-12-14,2023-12-18,189.08949279785156,163.05731201171875,Thursday,4,148.67898559570312,-40.41050720214844,118.68598175048828,-44.37133026123047
2023-12-15,2023-12-18,211.89132690429688,258.41827392578125,Friday,3,169.25527954101562,-42.63604736328125,211.11160278320312,-47.306671142578125
2023-12-16,2023-12-18,118.55506134033203,139.1749267578125,Saturday,2,104.33283996582031,-14.222221374511719,104.10723114013672,-35.06769561767578
2023-12-17,2023-12-18,98.00495910644531,114.09187316894531,Sunday,1,90.89362335205078,-7.111335754394531,100.77452850341797,-13.317344665527344
2023-12-18,2023-12-18,101.14710235595703,63.08024215698242,Monday,0,144.02468872070312,42.877586364746094,83.31202697753906,20.23178482055664
2023-12-19,2023-12-27,222.42662048339844,171.74363708496094,Tuesday,8,187.75686645507812,-34.66975402832031,156.12571716308594,-15.617919921875
2023-12-20,2023-12-27,154.0729217529297,104.82255554199219,Wednesday,7,143.77462768554688,-10.298294067382812,95.64249420166016,-9.180061340332031
2023-12-21,2023-12-27,104.82809448242188,81.35665130615234,Thursday,6,114.01953887939453,9.191444396972656,99.80085754394531,18.44420623779297
2023-12-22,2023-12-27,95.62051391601562,147.66412353515625,Friday,5,89.36782836914062,-6.252685546875,138.7160186767578,-8.948104858398438
2023-12-23,2023-12-27,160.52090454101562,157.74691772460938,Saturday,4,150.29798889160156,-10.222915649414062,149.97299194335938,-7.77392578125
2023-12-24,2023-12-27,52.08440017700195,86.61962127685547,Sunday,3,52.916419982910156,0.8320198059082031,88.0033187866211,1.383697509765625
2023-12-25,2023-12-27,137.20693969726562,65.19535827636719,Monday,2,136.3998565673828,-0.8070831298828125,97.21778869628906,32.022430419921875
2023-12-26,2023-12-27,162.5800018310547,101.39278411865234,Tuesday,1,139.57447814941406,-23.005523681640625,92.84844207763672,-8.544342041015625
2023-12-27,2023-12-27,196.43258666992188,148.4907684326172,Wednesday,0,180.18150329589844,-16.251083374023438,138.30145263671875,-10.189315795898438
2023-12-28,2024-01-02,136.24957275390625,113.29578399658203,Thursday,5,122.68769073486328,-13.561882019042969,96.01756286621094,-17.278221130371094
2023-12-29,2024-01-02,228.45294189453125,291.2808532714844,Friday,4,221.28489685058594,-7.1680450439453125,301.099609375,9.818756103515625
2023-12-30,2024-01-02,206.53900146484375,211.37680053710938,Saturday,3,190.9830322265625,-15.55596923828125,197.14141845703125,-14.235382080078125
2023-12-31,2024-01-02,138.8501434326172,148.44630432128906,Sunday,2,110.08533477783203,-28.764808654785156,99.86116790771484,-48.58513641357422
2024-01-01,2024-01-02,167.10281372070312,114.430419921875,Monday,1,167.60015869140625,0.497344970703125,114.77099609375,0.340576171875
2024-01-02,2024-01-02,151.86557006835938,142.06610107421875,Tuesday,0,131.12246704101562,-20.74310302734375,91.8167953491211,-50.249305725097656
2024-01-03,2024-01-08,180.54278564453125,130.5452117919922,Wednesday,5,149.3903045654297,-31.152481079101562,108.01976013183594,-22.52545166015625
2024-01-04,2024-01-08,219.27163696289062,182.3312225341797,Thursday,4,180.68551635742188,-38.58612060546875,155.81031799316406,-26.520904541015625
2024-01-05,2024-01-08,190.12530517578125,194.57862854003906,Friday,3,167.4893798828125,-22.63592529296875,165.06390380859375,-29.514724731445312
2024-01-06,2024-01-08,141.10328674316406,134.09349060058594,Saturday,2,131.24276733398438,-9.860519409179688,122.2283706665039,-11.865119934082031
2024-01-07,2024-01-08,103.24886322021484,85.85466766357422,Sunday,1,89.04752349853516,-14.201339721679688,74.0457992553711,-11.808868408203125
2024-01-08,2024-01-08,129.3194580078125,132.34854125976562,Monday,0,106.6277084350586,-22.691749572753906,106.39714813232422,-25.951393127441406
2024-01-09,2024-01-16,267.1425476074219,203.09706115722656,Tuesday,7,241.2696990966797,-25.872848510742188,206.04556274414062,2.9485015869140625
2024-01-10,2024-01-16,150.57125854492188,143.0911102294922,Wednesday,6,118.09510040283203,-32.476158142089844,108.01976013183594,-35.07135009765625
2024-01-11,2024-01-16,167.53216552734375,151.97262573242188,Thursday,5,165.3104705810547,-2.2216949462890625,148.03475952148438,-3.9378662109375
2024-01-12,2024-01-16,235.17214965820312,212.314697265625,Friday,4,210.59278869628906,-24.579360961914062,189.31297302246094,-23.001724243164062
2024-01-13,2024-01-16,155.58047485351562,140.15087890625,Saturday,3,160.0274200439453,4.4469451904296875,141.9390106201172,1.7881317138671875
2024-01-14,2024-01-16,120.77069091796875,129.11737060546875,Sunday,2,107.43463134765625,-13.3360595703125,119.11367797851562,-10.003692626953125
2024-01-15,2024-01-16,117.259033203125,130.00607299804688,Monday,1,106.3993911743164,-10.859642028808594,94.37271881103516,-35.63335418701172
2024-01-16,2024-01-16,195.95469665527344,108.6283187866211,Tuesday,0,193.38906860351562,-2.5656280517578125,145.2469024658203,36.61858367919922
2024-01-17,2024-01-22,162.6707305908203,159.85958862304688,Wednesday,5,176.20040893554688,13.529678344726562,175.81939697265625,15.959808349609375
2024-01-18,2024-01-22,189.28958129882812,205.8310546875,Thursday,4,167.4893798828125,-21.800201416015625,206.32986450195312,0.498809814453125
2024-01-19,2024-01-22,251.05776977539062,278.349853515625,Friday,3,207.4058380126953,-43.65193176269531,246.3778076171875,-31.9720458984375
2024-01-20,2024-01-22,92.0157699584961,76.51399230957031,Saturday,2,83.86247253417969,-8.153297424316406,61.01749038696289,-15.496501922607422
2024-01-21,2024-01-22,77.84101867675781,71.91915893554688,Sunday,1,70.10725402832031,-7.7337646484375,58.2963752746582,-13.622783660888672
2024-01-22,2024-01-22,235.31903076171875,135.4674072265625,Monday,0,186.62353515625,-48.69549560546875,121.92974853515625,-13.53765869140625
2024-01-23,2024-01-29,178.65533447265625,99.03833770751953,Tuesday,6,169.07244873046875,-9.5828857421875,124.96803283691406,25.92969512939453
2024-01-24,2024-01-29,164.55520629882812,107.0865478515625,Wednesday,5,159.14471435546875,-5.410491943359375,107.82755279541016,0.7410049438476562
2024-01-25,2024-01-29,211.7623291015625,213.81993103027344,Thursday,4,202.29420471191406,-9.468124389648438,210.26747131347656,-3.552459716796875
2024-01-26,2024-01-29,196.45083618164062,157.7220916748047,Friday,3,141.32115173339844,-55.12968444824219,112.81244659423828,-44.909645080566406
2024-01-27,2024-01-29,216.33094787597656,213.61459350585938,Saturday,2,178.9195556640625,-37.41139221191406,161.529541015625,-52.085052490234375
2024-01-28,2024-01-29,175.80665588378906,107.71802520751953,Sunday,1,152.74087524414062,-23.065780639648438,95.25662231445312,-12.461402893066406
2024-01-29,2024-01-29,147.8824920654297,163.95855712890625,Monday,0,140.53317260742188,-7.3493194580078125,144.68099975585938,-19.277557373046875
2024-01-30,2024-02-05,214.1457977294922,166.93963623046875,Tuesday,6,206.27711486816406,-7.868682861328125,171.52587890625,4.58624267578125
2024-01-31,2024-02-05,190.74285888671875,148.03475952148438,Wednesday,5,205.60765075683594,14.864791870117188,170.96920776367188,22.9344482421875
2024-02-01,2024-02-05,161.2609100341797,156.44241333007812,Thursday,4,147.4983673095703,-13.762542724609375,143.0911102294922,-13.351303100585938
2024-02-02,2024-02-05,172.15853881835938,187.5826873779297,Friday,3,171.52455139160156,-0.6339874267578125,169.37078857421875,-18.211898803710938
2024-02-03,2024-02-05,108.38667297363281,157.7220916748047,Saturday,2,96.79580688476562,-11.590866088867188,116.26152801513672,-41.46056365966797
2024-02-04,2024-02-05,83.74468994140625,123.79792785644531,Sunday,1,85.66985321044922,1.9251632690429688,126.64385223388672,2.8459243774414062
2024-02-05,2024-02-05,160.1495819091797,168.21397399902344,Monday,0,125.87757110595703,-34.272010803222656,121.19816589355469,-47.01580810546875
2024-02-06,2024-02-07,108.83179473876953,56.56064987182617,Tuesday,1,118.75242614746094,9.920631408691406,62.36612319946289,5.805473327636719
2024-02-07,2024-02-07,109.50636291503906,91.05797576904297,Wednesday,0,100.38084411621094,-9.125518798828125,74.19538879394531,-16.862586975097656
2024-02-08,2024-02-12,143.17581176757812,86.58558654785156,Thursday,4,116.2304458618164,-26.94536590576172,77.31940460205078,-9.266181945800781
2024-02-09,2024-02-12,212.73370361328125,202.1654052734375,Friday,3,194.5299835205078,-18.203720092773438,175.6227264404297,-26.542678833007812
2024-02-10,2024-02-12,111.95556640625,109.52301788330078,Saturday,2,98.4957504272461,-13.459815979003906,94.83424377441406,-14.688774108886719
2024-02-11,2024-02-12,102.18717956542969,28.323945999145508,Sunday,1,86.26477813720703,-15.922401428222656,28.6927490234375,0.3688030242919922
2024-02-12,2024-02-12,189.83197021484375,205.20657348632812,Monday,0,156.3873291015625,-33.44464111328125,189.15048217773438,-16.05609130859375
2024-02-13,2024-02-20,182.47195434570312,116.71626281738281,Tuesday,7,187.85829162597656,5.3863372802734375,135.3820343017578,18.665771484375
2024-02-14,2024-02-20,121.73846435546875,106.55720520019531,Wednesday,6,135.8093719482422,14.070907592773438,137.4796905517578,30.9224853515625
2024-02-15,2024-02-20,231.25473022460938,228.67579650878906,Thursday,5,214.8081512451172,-16.446578979492188,216.22386169433594,-12.451934814453125
2024-02-16,2024-02-20,154.9307861328125,147.2340545654297,Friday,4,160.93446350097656,6.0036773681640625,167.27755737304688,20.043502807617188
2024-02-17,2024-02-20,93.49989318847656,77.74809265136719,Saturday,3,87.02969360351562,-6.4701995849609375,81.41390991210938,3.6658172607421875
2024-02-18,2024-02-20,85.1559829711914,99.1338119506836,Sunday,2,80.7943344116211,-4.3616485595703125,89.57735443115234,-9.55645751953125
2024-02-19,2024-02-20,176.45639038085938,93.37300872802734,Monday,1,167.8173065185547,-8.639083862304688,109.20939636230469,15.836387634277344
2024-02-20,2024-02-20,196.36354064941406,141.98472595214844,Tuesday,0,170.2109832763672,-26.152557373046875,141.5357666015625,-0.4489593505859375
2024-02-21,2024-02-26,211.89132690429688,199.6868438720703,Wednesday,5,193.75396728515625,-18.137359619140625,197.4927215576172,-2.194122314453125
2024-02-22,2024-02-26,237.11012268066406,324.74151611328125,Thursday,4,219.58306884765625,-17.527053833007812,302.57806396484375,-22.1634521484375
2024-02-23,2024-02-26,195.5992431640625,230.85365295410156,Friday,3,167.06863403320312,-28.530609130859375,191.61764526367188,-39.23600769042969
2024-02-24,2024-02-26,143.72711181640625,91.05797576904297,Saturday,2,111.12447357177734,-32.602638244628906,70.40264892578125,-20.65532684326172
2024-02-25,2024-02-26,87.17283630371094,101.4817123413086,Sunday,1,87.17283630371094,0.0,101.4817123413086,0.0
2024-02-26,2024-02-26,182.5106201171875,121.41063690185547,Monday,0,200.9716796875,18.4610595703125,149.82656860351562,28.415931701660156
2024-02-27,2024-03-01,185.55877685546875,228.58953857421875,Tuesday,3,166.86441040039062,-18.694366455078125,215.83799743652344,-12.751541137695312
2024-02-28,2024-03-01,170.8864288330078,142.09742736816406,Wednesday,2,177.458984375,6.5725555419921875,157.4002227783203,15.30279541015625
2024-02-29,2024-03-05,152.37811279296875,143.2342071533203,Thursday,5,153.25045776367188,0.872344970703125,166.642578125,23.408370971679688
2024-03-01,2024-03-01,167.08126831054688,205.37966918945312,Friday,0,155.183349609375,-11.897918701171875,188.59664916992188,-16.78302001953125
2024-03-02,2024-03-04,118.5287857055664,72.62345123291016,Saturday,2,82.69258880615234,-35.83619689941406,56.627098083496094,-15.996353149414062
2024-03-03,2024-03-04,86.94403076171875,43.378013610839844,Sunday,1,82.35665130615234,-4.587379455566406,45.65475845336914,2.276744842529297
2024-03-04,2024-03-04,199.66160583496094,196.2112274169922,Monday,0,170.75091552734375,-28.910690307617188,159.0229034423828,-37.188323974609375
2024-03-05,2024-03-05,94.41998291015625,117.7697525024414,Tuesday,0,83.45616912841797,-10.963813781738281,85.41097259521484,-32.35877990722656
2024-03-06,2024-03-12,71.58790588378906,43.29279327392578,Wednesday,6,108.01850891113281,36.43060302734375,99.80085754394531,56.50806427001953
2024-03-07,2024-03-12,127.67927551269531,94.37271881103516,Thursday,5,122.2349624633789,-5.444313049316406,91.47798919677734,-2.8947296142578125
2024-03-08,2024-03-12,184.0315399169922,193.83544921875,Friday,4,183.7222442626953,-0.309295654296875,194.43557739257812,0.600128173828125
2024-03-09,2024-03-12,113.9952392578125,66.91102600097656,Saturday,3,89.67141723632812,-24.323822021484375,52.63383102416992,-14.27719497680664
2024-03-10,2024-03-12,95.63843536376953,86.75602722167969,Sunday,2,98.21629333496094,2.5778579711914062,89.0944595336914,2.3384323120117188
2024-03-11,2024-03-12,130.86688232421875,108.81990814208984,Monday,1,155.80584716796875,24.93896484375,157.7220916748047,48.902183532714844
2024-03-12,2024-03-18,155.97291564941406,148.2244110107422,Tuesday,6,199.55227661132812,43.57936096191406,232.3075408935547,84.0831298828125
2024-03-13,2024-03-18,133.84112548828125,133.55169677734375,Wednesday,5,149.75440979003906,15.913284301757812,129.50650024414062,-4.045196533203125
2024-03-14,2024-03-18,169.1523895263672,105.49163818359375,Thursday,4,187.1507110595703,17.998321533203125,155.62168884277344,50.13005065917969
2024-03-15,2024-03-18,120.80381774902344,84.5912857055664,Friday,3,138.02365112304688,17.219833374023438,105.20674133300781,20.615455627441406
2024-03-16,2024-03-18,115.39682006835938,101.60055541992188,Saturday,2,126.55989837646484,11.163078308105469,137.2676239013672,35.66706848144531
2024-03-17,2024-03-18,68.30036163330078,99.3893051147461,Sunday,1,69.1920166015625,0.8916549682617188,100.68682098388672,1.297515869140625
2024-03-18,2024-03-18,122.04196166992188,101.4817123413086,Monday,0,147.65321350097656,25.611251831054688,149.4691925048828,47.98748016357422
2024-03-19,2024-03-25,210.2067108154297,156.7113800048828,Tuesday,6,183.30413818359375,-26.902572631835938,152.4231414794922,-4.288238525390625
2024-03-20,2024-03-25,122.21123504638672,128.36521911621094,Wednesday,5,116.02689361572266,-6.1843414306640625,115.77599334716797,-12.589225769042969
2024-03-21,2024-03-25,130.84986877441406,103.07914733886719,Thursday,4,130.513916015625,-0.3359527587890625,103.35848999023438,0.2793426513671875
2024-03-22,2024-03-25,132.2508087158203,104.73397827148438,Friday,3,125.00255584716797,-7.248252868652344,122.84236907958984,18.10839080810547
2024-03-23,2024-03-25,117.81098937988281,138.30145263671875,Saturday,2,107.02964782714844,-10.781341552734375,106.79821014404297,-31.50324249267578
2024-03-24,2024-03-25,72.89268493652344,67.34728240966797,Sunday,1,69.01182556152344,-3.880859375,57.385498046875,-9.961784362792969
2024-03-25,2024-03-25,194.38050842285156,134.69456481933594,Monday,0,187.99307250976562,-6.3874359130859375,140.15087890625,5.4563140869140625
2024-03-26,2024-04-01,148.3239288330078,140.95541381835938,Tuesday,6,165.62838745117188,17.304458618164062,158.91368103027344,17.958267211914062
2024-03-27,2024-04-01,137.7627410888672,93.72602844238281,Wednesday,5,126.7417221069336,-11.021018981933594,105.38970947265625,11.663681030273438
2024-03-28,2024-04-01,109.96076202392578,91.4358139038086,Thursday,4,99.6260986328125,-10.334663391113281,82.84222412109375,-8.593589782714844
2024-03-29,2024-04-01,141.3526153564453,153.31190490722656,Friday,3,126.19306182861328,-15.159553527832031,136.41351318359375,-16.898391723632812
2024-03-30,2024-04-01,211.29547119140625,147.36029052734375,Saturday,2,161.5886688232422,-49.70680236816406,116.45056915283203,-30.90972137451172
2024-03-31,2024-04-01,117.98186492919922,105.6521987915039,Sunday,1,119.95370483398438,1.9718399047851562,92.07255554199219,-13.579643249511719
2024-04-01,2024-04-01,81.67974853515625,90.55902862548828,Monday,0,123.22461700439453,41.54486846923828,132.60194396972656,42.04291534423828
2024-04-02,2024-04-08,217.45521545410156,241.09442138671875,Tuesday,6,197.96221923828125,-19.492996215820312,197.53414916992188,-43.560272216796875
2024-04-03,2024-04-08,171.33970642089844,142.47433471679688,Wednesday,5,181.86647033691406,10.526763916015625,162.02963256835938,19.5552978515625
2024-04-04,2024-04-08,196.9254608154297,140.3568878173828,Thursday,4,160.98458862304688,-35.94087219238281,123.56652069091797,-16.790367126464844
2024-04-05,2024-04-08,168.43563842773438,197.1208038330078,Friday,3,142.04835510253906,-26.387283325195312,170.0894317626953,-27.0313720703125
2024-04-06,2024-04-08,155.276611328125,129.11737060546875,Saturday,2,130.29766845703125,-24.97894287109375,100.01224517822266,-29.105125427246094
2024-04-07,2024-04-08,76.05384826660156,42.16077423095703,Sunday,1,69.73827362060547,-6.315574645996094,43.492164611816406,1.331390380859375
2024-04-08,2024-04-08,155.99349975585938,91.56245422363281,Monday,0,126.32672882080078,-29.666770935058594,81.70138549804688,-9.861068725585938
2024-04-09,2024-04-15,187.11155700683594,172.87681579589844,Tuesday,6,171.76275634765625,-15.348800659179688,173.43173217773438,0.5549163818359375
2024-04-10,2024-04-15,196.3972930908203,163.3105010986328,Wednesday,5,208.5249481201172,12.127655029296875,168.44088745117188,5.1303863525390625
2024-04-11,2024-04-15,141.78305053710938,171.4866180419922,Thursday,4,123.34028625488281,-18.442764282226562,136.7484130859375,-34.73820495605469
2024-04-12,2024-04-15,141.4619598388672,156.84007263183594,Friday,3,161.3263397216797,19.8643798828125,160.9774932861328,4.137420654296875
2024-04-13,2024-04-15,164.55520629882812,166.57907104492188,Saturday,2,130.1172332763672,-34.43797302246094,135.2456817626953,-31.333389282226562
2024-04-14,2024-04-15,155.5625762939453,91.30951690673828,Sunday,1,137.6413116455078,-17.9212646484375,76.30204010009766,-15.007476806640625
2024-04-15,2024-04-15,238.3733673095703,232.389892578125,Monday,0,230.79364013671875,-7.5797271728515625,237.06796264648438,4.678070068359375
2024-04-16,2024-04-22,384.0658264160156,490.449951171875,Tuesday,6,340.5443420410156,-43.521484375,453.0772399902344,-37.372711181640625
2024-04-17,2024-04-22,237.04611206054688,283.0315856933594,Wednesday,5,227.49627685546875,-9.549835205078125,267.6067199707031,-15.42486572265625
2024-04-18,2024-04-22,154.0729217529297,197.99815368652344,Thursday,4,155.665771484375,1.5928497314453125,196.75027465820312,-1.2478790283203125
2024-04-19,2024-04-22,201.1426239013672,250.88461303710938,Friday,3,208.1194305419922,6.976806640625,269.2010803222656,18.31646728515625
2024-04-20,2024-04-22,156.8079376220703,206.4519500732422,Saturday,2,134.36312866210938,-22.444808959960938,171.88790893554688,-34.56404113769531
2024-04-21,2024-04-22,77.6383056640625,100.42461395263672,Sunday,1,70.48016357421875,-7.15814208984375,87.90969848632812,-12.514915466308594
2024-04-22,2024-04-22,193.82044982910156,307.6839294433594,Monday,0,162.9131622314453,-30.90728759765625,248.3568878173828,-59.32704162597656
2024-04-23,2024-04-29,159.39132690429688,172.87681579589844,Tuesday,6,148.3239288330078,-11.067398071289062,164.44798278808594,-8.4288330078125
2024-04-24,2024-04-29,138.54844665527344,146.62757873535156,Wednesday,5,139.23226928710938,0.6838226318359375,154.36798095703125,7.7404022216796875
2024-04-25,2024-04-29,187.11155700683594,161.3516845703125,Thursday,4,172.4012908935547,-14.71026611328125,143.35708618164062,-17.994598388671875
2024-04-26,2024-04-29,149.68380737304688,140.70156860351562,Friday,3,150.83494567871094,1.1511383056640625,154.36798095703125,13.666412353515625
2024-04-27,2024-04-29,164.911376953125,155.01536560058594,Saturday,2,154.3292694091797,-10.582107543945312,137.49603271484375,-17.519332885742188
2024-04-28,2024-04-29,121.48780822753906,67.34728240966797,Sunday,1,106.32933807373047,-15.158470153808594,54.40995407104492,-12.937328338623047
2024-04-29,2024-04-29,190.37745666503906,142.47433471679688,Monday,0,191.10968017578125,0.7322235107421875,188.34214782714844,45.86781311035156
2024-04-30,2024-05-06,180.18150329589844,184.40191650390625,Tuesday,6,167.80361938476562,-12.377883911132812,196.38113403320312,11.979217529296875
2024-05-01,2024-05-06,138.8917236328125,115.4928207397461,Wednesday,5,130.75924682617188,-8.132476806640625,124.2633285522461,8.7705078125
2024-05-02,2024-05-06,149.03167724609375,33.79759216308594,Thursday,4,137.77406311035156,-11.257614135742188,59.77223587036133,25.97464370727539
2024-05-03,2024-05-06,121.9743881225586,106.76371002197266,Friday,3,110.41893005371094,-11.555458068847656,115.97911071777344,9.215400695800781
2024-05-04,2024-05-06,133.06297302246094,116.4695053100586,Saturday,2,86.46179962158203,-46.601173400878906,80.88265991210938,-35.58684539794922
2024-05-05,2024-05-06,84.93763732910156,84.75396728515625,Sunday,1,68.83257293701172,-16.105064392089844,71.5455551147461,-13.208412170410156
2024-05-06,2024-05-06,75.50011444091797,31.390356063842773,Monday,0,93.61604309082031,18.115928649902344,23.952205657958984,-7.438150405883789
2024-05-07,2024-05-13,178.16600036621094,241.4306182861328,Tuesday,6,176.26507568359375,-1.9009246826171875,252.70677185058594,11.276153564453125
2024-05-08,2024-05-13,165.62838745117188,95.34821319580078,Wednesday,5,163.58358764648438,-2.0447998046875,126.30882263183594,30.960609436035156
2024-05-09,2024-05-13,156.3873291015625,153.6847686767578,Thursday,4,145.39895629882812,-10.988372802734375,136.67385864257812,-17.010910034179688
2024-05-10,2024-05-13,211.70545959472656,196.75027465820312,Friday,3,185.2792205810547,-26.426239013671875,186.7460174560547,-10.004257202148438
2024-05-11,2024-05-13,127.66488647460938,89.39566040039062,Saturday,2,106.0021743774414,-21.66271209716797,88.14412689208984,-1.2515335083007812
2024-05-12,2024-05-13,61.8345947265625,29.38137435913086,Sunday,1,54.009254455566406,-7.825340270996094,29.94025993347168,0.5588855743408203
2024-05-13,2024-05-13,170.2721710205078,128.7151336669922,Monday,0,177.1075897216797,6.835418701171875,152.72496032714844,24.00982666015625
2024-05-14,2024-05-20,192.34263610839844,177.7099151611328,Tuesday,6,154.67242431640625,-37.67021179199219,150.05079650878906,-27.65911865234375
2024-05-15,2024-05-20,123.16787719726562,140.15087890625,Wednesday,5,129.21363830566406,6.0457611083984375,166.05165100097656,25.900772094726562
2024-05-16,2024-05-20,128.82208251953125,132.62425231933594,Thursday,4,124.90009307861328,-3.9219894409179688,144.49856567382812,11.874313354492188
2024-05-17,2024-05-20,187.3897705078125,201.0586700439453,Friday,3,181.6569366455078,-5.7328338623046875,204.36639404296875,3.3077239990234375
2024-05-18,2024-05-20,133.26422119140625,94.9828872680664,Saturday,2,110.9231185913086,-22.341102600097656,92.23604583740234,-2.7468414306640625
2024-05-19,2024-05-20,109.85556030273438,126.4823226928711,Sunday,1,98.48174285888672,-11.373817443847656,119.11367797851562,-7.368644714355469
2024-05-20,2024-05-20,163.4773712158203,171.70933532714844,Monday,0,135.07557678222656,-28.40179443359375,149.75942993164062,-21.949905395507812
2024-05-21,2024-05-28,182.70758056640625,184.95469665527344,Tuesday,7,165.28404235839844,-17.423538208007812,171.79856872558594,-13.1561279296875
2024-05-22,2024-05-28,144.62353515625,160.3453369140625,Wednesday,6,140.05340576171875,-4.57012939453125,172.156494140625,11.8111572265625
2024-05-23,2024-05-28,105.57984924316406,142.66354370117188,Thursday,5,101.83300018310547,-3.7468490600585938,139.4685516357422,-3.1949920654296875
2024-05-24,2024-05-28,122.4489974975586,139.33287048339844,Friday,4,116.63970947265625,-5.809288024902344,126.08643341064453,-13.246437072753906
2024-05-25,2024-05-28,110.41893005371094,137.72518920898438,Saturday,3,91.41826629638672,-19.00066375732422,116.26152801513672,-21.463661193847656
2024-05-26,2024-05-28,136.88296508789062,91.05797576904297,Sunday,2,121.3052978515625,-15.577667236328125,77.5916519165039,-13.466323852539062
2024-05-27,2024-05-28,169.19027709960938,207.3282470703125,Monday,1,145.42979431152344,-23.760482788085938,188.11245727539062,-19.215789794921875
2024-05-28,2024-05-28,166.04348754882812,179.49147033691406,Tuesday,0,143.45765686035156,-22.585830688476562,162.6675567626953,-16.82391357421875
2024-05-29,2024-06-03,148.60116577148438,175.05258178710938,Wednesday,5,135.4371795654297,-13.163986206054688,168.93038940429688,-6.1221923828125
2024-05-30,2024-06-03,95.81807708740234,79.67572784423828,Thursday,4,93.57535552978516,-2.2427215576171875,82.99822998046875,3.3225021362304688
2024-05-31,2024-06-03,181.86647033691406,129.62371826171875,Friday,3,156.499267578125,-25.367202758789062,108.44503021240234,-21.178688049316406
2024-06-01,2024-06-03,164.99378967285156,147.75115966796875,Saturday,2,121.19149780273438,-43.80229187011719,109.17240905761719,-38.57875061035156
2024-06-02,2024-06-03,88.10020446777344,73.2580795288086,Sunday,1,90.01542663574219,1.91522216796875,74.85064697265625,1.5925674438476562
2024-06-03,2024-06-03,133.9313201904297,133.64169311523438,Monday,0,111.1133804321289,-22.81793975830078,127.04210662841797,-6.599586486816406
2024-06-04,2024-06-10,108.83179473876953,101.80917358398438,Tuesday,6,110.2148208618164,1.383026123046875,122.19609832763672,20.386924743652344
2024-06-05,2024-06-10,107.88056182861328,105.53653717041016,Wednesday,5,119.32062530517578,11.4400634765625,113.39295196533203,7.856414794921875
2024-06-06,2024-06-10,117.81098937988281,115.25120544433594,Thursday,4,122.00985717773438,4.1988677978515625,111.60052490234375,-3.6506805419921875
2024-06-07,2024-06-10,140.05340576171875,91.14167785644531,Friday,3,122.68769073486328,-17.36571502685547,92.7442398071289,1.6025619506835938
2024-06-08,2024-06-10,66.38412475585938,99.3608627319336,Saturday,2,66.66158294677734,0.27745819091796875,102.33450317382812,2.9736404418945312
2024-06-09,2024-06-10,99.6260986328125,82.84222412109375,Sunday,1,92.95470428466797,-6.671394348144531,70.26795959472656,-12.574264526367188
2024-06-10,2024-06-10,127.40645599365234,196.75027465820312,Monday,0,107.28964233398438,-20.11681365966797,144.97389221191406,-51.77638244628906
2024-06-11,2024-06-17,144.323486328125,148.58319091796875,Tuesday,6,121.78558349609375,-22.53790283203125,131.64907836914062,-16.934112548828125
2024-06-12,2024-06-17,136.13291931152344,107.80836486816406,Wednesday,5,117.67557525634766,-18.45734405517578,88.06584167480469,-19.742523193359375
2024-06-13,2024-06-17,134.38409423828125,89.39566040039062,Thursday,4,133.4734344482422,-0.9106597900390625,110.98733520507812,21.5916748046875
2024-06-14,2024-06-17,118.75242614746094,155.91531372070312,Friday,3,90.13789367675781,-28.614532470703125,121.79779052734375,-34.117523193359375
2024-06-15,2024-06-17,140.24984741210938,222.13739013671875,Saturday,2,109.89561462402344,-30.354232788085938,174.06027221679688,-48.077117919921875
2024-06-16,2024-06-17,117.65951538085938,105.36353302001953,Sunday,1,102.35462188720703,-15.304893493652344,92.84844207763672,-12.515090942382812
2024-06-17,2024-06-17,138.7462921142578,115.37188720703125,Monday,0,120.9456787109375,-17.800613403320312,111.74458312988281,-3.6273040771484375
2024-06-18,2024-06-24,153.4241943359375,173.96865844726562,Tuesday,6,142.94383239746094,-10.480361938476562,165.3735809326172,-8.595077514648438
2024-06-19,2024-06-24,105.72024536132812,105.49163818359375,Wednesday,5,114.8867416381836,9.166496276855469,137.9905548095703,32.49891662597656
2024-06-20,2024-06-24,189.49009704589844,245.10415649414062,Thursday,4,177.00743103027344,-12.482666015625,231.29421997070312,-13.8099365234375
2024-06-21,2024-06-24,137.4781036376953,206.85997009277344,Friday,3,128.30368041992188,-9.174423217773438,184.28018188476562,-22.579788208007812
2024-06-22,2024-06-24,100.61537170410156,115.84362030029297,Saturday,2,64.95230865478516,-35.663063049316406,78.55982208251953,-37.28379821777344
2024-06-23,2024-06-24,101.14710235595703,84.10698699951172,Sunday,1,85.1559829711914,-15.991119384765625,70.80986785888672,-13.297119140625
2024-06-24,2024-06-24,237.38270568847656,161.50186157226562,Monday,0,212.60784912109375,-24.774856567382812,205.3046417236328,43.80278015136719
2024-06-25,2024-07-01,114.96981048583984,167.3017578125,Tuesday,6,109.98760223388672,-4.982208251953125,150.63693237304688,-16.664825439453125
2024-06-26,2024-07-01,149.03167724609375,214.05140686035156,Wednesday,5,128.58396911621094,-20.447708129882812,183.29415893554688,-30.757247924804688
2024-06-27,2024-07-01,133.84112548828125,189.19822692871094,Thursday,4,120.6764144897461,-13.164710998535156,170.5885772705078,-18.609649658203125
2024-06-28,2024-07-01,127.17353057861328,151.06967163085938,Friday,3,121.46080780029297,-5.7127227783203125,128.54351806640625,-22.526153564453125
2024-06-29,2024-07-01,46.37594985961914,55.0900764465332,Saturday,2,42.536983489990234,-3.8389663696289062,44.21354675292969,-10.876529693603516
2024-06-30,2024-07-01,62.8968505859375,52.30070114135742,Sunday,1,46.920223236083984,-15.976627349853516,46.818763732910156,-5.481937408447266
2024-07-01,2024-07-01,81.12410736083984,67.45723724365234,Monday,0,71.44754028320312,-9.676567077636719,54.00988006591797,-13.447357177734375
2024-07-02,2024-07-08,81.45658111572266,79.02265167236328,Tuesday,6,79.59959411621094,-1.8569869995117188,91.64707946777344,12.624427795410156
2024-07-03,2024-07-08,136.3196563720703,113.35407257080078,Wednesday,5,107.82317352294922,-28.496482849121094,99.62039184570312,-13.733680725097656
2024-07-04,2024-07-08,117.74530029296875,104.43616485595703,Thursday,4,90.27962493896484,-27.465675354003906,80.84497833251953,-23.5911865234375
2024-07-05,2024-07-08,61.5718879699707,71.67854309082031,Friday,3,73.11270141601562,11.540813446044922,74.82523345947266,3.1466903686523438
2024-07-06,2024-07-08,115.55469512939453,89.6815185546875,Saturday,2,87.63406372070312,-27.920631408691406,77.72850036621094,-11.953018188476562
2024-07-07,2024-07-08,111.03579711914062,76.94144439697266,Sunday,1,94.91598510742188,-16.11981201171875,63.1404914855957,-13.800952911376953
2024-07-08,2024-07-08,84.69633483886719,125.20471954345703,Monday,0,89.18451690673828,4.488182067871094,127.13095092773438,1.9262313842773438
2024-07-09,2024-07-15,94.85326385498047,84.9406509399414,Tuesday,6,90.05038452148438,-4.802879333496094,96.27391815185547,11.333267211914062
2024-07-10,2024-07-15,138.8501434326172,87.96818542480469,Wednesday,5,124.6665267944336,-14.183616638183594,88.8549575805664,0.8867721557617188
2024-07-11,2024-07-15,134.55303955078125,106.55720520019531,Thursday,4,127.8534927368164,-6.699546813964844,125.64402770996094,19.086822509765625
2024-07-12,2024-07-15,103.32779693603516,121.29924774169922,Friday,3,86.32097625732422,-17.006820678710938,98.6955795288086,-22.603668212890625
2024-07-13,2024-07-15,47.90903854370117,68.2934799194336,Saturday,2,31.749849319458008,-16.159189224243164,44.00165939331055,-24.291820526123047
2024-07-14,2024-07-15,53.0010871887207,29.38137435913086,Sunday,1,45.007713317871094,-7.993373870849609,29.94025993347168,0.5588855743408203
2024-07-15,2024-07-15,83.02174377441406,27.614072799682617,Monday,0,67.88048553466797,-15.141258239746094,22.577898025512695,-5.036174774169922
2024-07-16,2024-07-22,55.20946502685547,80.33969116210938,Tuesday,6,68.23641204833984,13.026947021484375,92.84844207763672,12.508750915527344
2024-07-17,2024-07-22,116.83330535888672,114.29476928710938,Wednesday,5,105.25916290283203,-11.574142456054688,113.2693099975586,-1.0254592895507812
2024-07-18,2024-07-22,144.6536102294922,120.28400421142578,Thursday,4,133.52000427246094,-11.13360595703125,126.88693237304688,6.602928161621094
2024-07-19,2024-07-22,145.1220245361328,167.89356994628906,Friday,3,143.77462768554688,-1.3473968505859375,162.5922393798828,-5.30133056640625
2024-07-20,2024-07-22,107.0728988647461,66.77584838867188,Saturday,2,79.50162506103516,-27.571273803710938,52.886474609375,-13.889373779296875
2024-07-21,2024-07-22,90.34275817871094,83.46981811523438,Sunday,1,81.29000091552734,-9.052757263183594,67.59518432617188,-15.8746337890625
2024-07-22,2024-07-22,147.44366455078125,114.430419921875,Monday,0,130.038818359375,-17.40484619140625,136.5869598388672,22.156539916992188
2024-07-23,2024-07-29,47.61391067504883,33.9363899230957,Tuesday,6,36.46863555908203,-11.145275115966797,30.324811935424805,-3.6115779876708984
2024-07-24,2024-07-29,80.30467224121094,66.77584838867188,Wednesday,5,78.87065887451172,-1.4340133666992188,70.62830352783203,3.8524551391601562
2024-07-25,2024-07-29,120.34184265136719,105.33475494384766,Thursday,4,91.53900146484375,-28.802841186523438,85.63224029541016,-19.7025146484375
2024-07-26,2024-07-29,106.2521743774414,103.94354248046875,Friday,3,95.77151489257812,-10.480659484863281,103.05966186523438,-0.883880615234375
2024-07-27,2024-07-29,109.4460678100586,145.61253356933594,Saturday,2,81.64779663085938,-27.79827117919922,106.68852996826172,-38.92400360107422
2024-07-28,2024-07-29,119.21837615966797,141.61973571777344,Sunday,1,105.160888671875,-14.057487487792969,131.16685485839844,-10.452880859375
2024-07-29,2024-07-29,120.77069091796875,143.46372985839844,Monday,0,124.38494873046875,3.6142578125,174.1978759765625,30.734146118164062
2024-07-30,2024-08-01,94.85326385498047,97.07501983642578,Tuesday,2,107.0728988647461,12.219635009765625,111.29308319091797,14.218063354492188
2024-07-31,2024-08-01,140.83004760742188,203.66017150878906,Wednesday,1,112.86431121826172,-27.965736389160156,168.93038940429688,-34.72978210449219
2024-08-01,2024-08-05,139.3431854248047,168.5355987548828,Thursday,4,133.19764709472656,-6.145538330078125,144.46697998046875,-24.068618774414062
2024-08-02,2024-08-05,195.2157745361328,192.76454162597656,Friday,3,191.2178192138672,-3.997955322265625,187.06307983398438,-5.7014617919921875
2024-08-03,2024-08-05,106.85701751708984,71.08396911621094,Saturday,2,92.17579650878906,-14.681221008300781,67.0661849975586,-4.017784118652344
2024-08-04,2024-08-05,74.71957397460938,69.0351791381836,Sunday,1,76.24835968017578,1.5287857055664062,56.35813522338867,-12.677043914794922
2024-08-05,2024-08-05,220.27304077148438,211.34300231933594,Monday,0,186.99978637695312,-33.27325439453125,211.03053283691406,-0.312469482421875
2024-08-06,2024-08-12,156.1251220703125,191.9121551513672,Tuesday,6,131.50079345703125,-24.62432861328125,166.62405395507812,-25.288101196289062
2024-08-07,2024-08-12,196.85340881347656,191.9121551513672,Wednesday,5,172.7223358154297,-24.131072998046875,153.8828887939453,-38.029266357421875
2024-08-08,2024-08-12,163.24769592285156,135.7455596923828,Thursday,4,174.67401123046875,11.426315307617188,134.8721160888672,-0.873443603515625
2024-08-09,2024-08-12,158.61282348632812,131.8915252685547,Friday,3,151.33558654785156,-7.2772369384765625,111.85801696777344,-20.03350830078125
2024-08-10,2024-08-12,145.83631896972656,138.5913848876953,Saturday,2,122.04196166992188,-23.794357299804688,115.97911071777344,-22.612274169921875
2024-08-11,2024-08-12,69.1920166015625,100.68682098388672,Sunday,1,61.8345947265625,-7.357421875,88.14412689208984,-12.542694091796875
2024-08-12,2024-08-12,103.51773834228516,100.42461395263672,Monday,0,118.30599212646484,14.788253784179688,98.37513732910156,-2.0494766235351562
2024-08-13,2024-08-19,177.00743103027344,168.21397399902344,Tuesday,6,151.6049346923828,-25.402496337890625,126.06425476074219,-42.14971923828125
2024-08-14,2024-08-19,193.54327392578125,198.07667541503906,Wednesday,5,175.76889038085938,-17.774383544921875,191.12884521484375,-6.9478302001953125
2024-08-15,2024-08-19,139.47654724121094,162.37075805664062,Thursday,4,139.61013793945312,0.1335906982421875,168.8584747314453,6.4877166748046875
2024-08-16,2024-08-19,134.8137969970703,138.79283142089844,Friday,3,118.94318389892578,-15.870613098144531,118.68598175048828,-20.106849670410156
2024-08-17,2024-08-19,148.21331787109375,110.91960906982422,Saturday,2,137.03067016601562,-11.182647705078125,118.89944458007812,7.979835510253906
2024-08-18,2024-08-19,61.670143127441406,14.651615142822266,Sunday,1,75.07235717773438,13.402214050292969,15.606253623962402,0.9546384811401367
2024-08-19,2024-08-19,107.1450424194336,29.69815444946289,Monday,0,136.52664184570312,29.38159942626953,83.65087890625,53.95272445678711
2024-08-20,2024-08-26,163.84744262695312,82.9312973022461,Tuesday,6,151.46929931640625,-12.378143310546875,98.57070922851562,15.639411926269531
2024-08-21,2024-08-26,140.363037109375,151.73114013671875,Wednesday,5,140.68820190429688,0.325164794921875,148.89210510253906,-2.8390350341796875
2024-08-22,2024-08-26,203.22500610351562,191.5196990966797,Thursday,4,184.3729705810547,-18.852035522460938,183.97427368164062,-7.5454254150390625
2024-08-23,2024-08-26,177.81178283691406,131.42762756347656,Friday,3,143.7642364501953,-34.04754638671875,99.62039184570312,-31.807235717773438
2024-08-24,2024-08-26,86.12676239013672,88.14412689208984,Saturday,2,87.31644439697266,1.1896820068359375,99.83374786376953,11.689620971679688
2024-08-25,2024-08-26,116.70293426513672,14.929560661315918,Sunday,1,110.72650146484375,-5.976432800292969,30.69084930419922,15.7612886428833
2024-08-26,2024-08-26,202.60353088378906,202.1654052734375,Monday,0,176.03016662597656,-26.5733642578125,172.98817443847656,-29.177230834960938
2024-08-27,2024-09-03,185.21884155273438,165.8625946044922,Tuesday,7,174.34567260742188,-10.8731689453125,171.82090759277344,5.95831298828125
2024-08-28,2024-09-03,175.11370849609375,121.3437728881836,Wednesday,6,156.19180297851562,-18.921905517578125,119.05516815185547,-2.288604736328125
2024-08-29,2024-09-03,130.57839965820312,80.00633239746094,Thursday,5,132.50270080566406,1.9243011474609375,94.44012451171875,14.433792114257812
2024-08-30,2024-09-03,195.650634765625,100.97977447509766,Friday,4,166.55368041992188,-29.096954345703125,102.58859252929688,1.6088180541992188
2024-08-31,2024-09-03,151.55538940429688,120.0219497680664,Saturday,3,124.57520294189453,-26.980186462402344,94.17107391357422,-25.850875854492188
2024-09-01,2024-09-03,111.74927520751953,79.64830017089844,Sunday,2,113.66654205322266,1.917266845703125,81.01481628417969,1.36651611328125
2024-09-02,2024-09-03,114.8867416381836,95.53192138671875,Monday,1,145.5133056640625,30.626564025878906,99.64612579345703,4.114204406738281
2024-09-03,2024-09-03,123.60326385498047,137.0399932861328,Tuesday,0,171.22616577148438,47.622901916503906,208.09371948242188,71.05372619628906
2024-09-04,2024-09-09,170.82748413085938,123.52034759521484,Wednesday,5,180.32122802734375,9.493743896484375,177.7099151611328,54.18956756591797
2024-09-05,2024-09-09,138.02365112304688,109.30570983886719,Thursday,4,141.96719360351562,3.94354248046875,127.88768005371094,18.58197021484375
2024-09-06,2024-09-09,95.55484008789062,95.34821319580078,Friday,3,100.38084411621094,4.8260040283203125,102.01866149902344,6.670448303222656
2024-09-07,2024-09-09,124.63126373291016,174.54281616210938,Saturday,2,90.47984313964844,-34.15142059326172,125.39471435546875,-49.148101806640625
2024-09-08,2024-09-09,134.5205078125,83.89351654052734,Sunday,1,122.36398315429688,-12.156524658203125,72.6781997680664,-11.215316772460938
2024-09-09,2024-09-09,174.34567260742188,213.64572143554688,Monday,0,146.7593231201172,-27.586349487304688,185.9580535888672,-27.687667846679688
2024-09-10,2024-09-16,101.40513610839844,146.1573486328125,Tuesday,6,97.6078872680664,-3.7972488403320312,131.8915252685547,-14.265823364257812
2024-09-11,2024-09-16,224.5808563232422,186.7460174560547,Wednesday,5,212.9060516357422,-11.6748046875,197.86605834960938,11.120040893554688
2024-09-12,2024-09-16,116.2304458618164,120.81156921386719,Thursday,4,103.11494445800781,-13.115501403808594,117.89704895019531,-2.914520263671875
2024-09-13,2024-09-16,187.3775634765625,133.55169677734375,Friday,3,185.6430206298828,-1.7345428466796875,125.42398834228516,-8.127708435058594
2024-09-14,2024-09-16,142.89508056640625,183.6335906982422,Saturday,2,100.38084411621094,-42.51423645019531,133.55169677734375,-50.08189392089844
2024-09-15,2024-09-16,63.24711990356445,65.73994445800781,Sunday,1,55.874637603759766,-7.3724822998046875,53.09886932373047,-12.641075134277344
2024-09-16,2024-09-16,115.451416015625,118.1556625366211,Monday,0,88.97392272949219,-26.477493286132812,79.67572784423828,-38.47993469238281
2024-09-17,2024-09-23,112.9284439086914,112.68424224853516,Tuesday,6,100.7880630493164,-12.140380859375,111.74458312988281,-0.9396591186523438
2024-09-18,2024-09-23,130.038818359375,102.44022369384766,Wednesday,5,122.00985717773438,-8.028961181640625,101.45501708984375,-0.9852066040039062
2024-09-19,2024-09-23,110.41893005371094,80.33969116210938,Thursday,4,93.75191497802734,-16.667015075683594,62.36612319946289,-17.973567962646484
2024-09-20,2024-09-23,190.74285888671875,200.90431213378906,Friday,3,175.53778076171875,-15.205078125,188.34214782714844,-12.562164306640625
2024-09-21,2024-09-23,109.68766784667969,85.1281509399414,Saturday,2,90.29145050048828,-19.396217346191406,84.46519470214844,-0.6629562377929688
2024-09-22,2024-09-23,8.857132911682129,0.0,Sunday,1,8.952885627746582,0.09575271606445312,0.0,0.0
2024-09-23,2024-09-23,158.68588256835938,214.42245483398438,Monday,0,158.09982299804688,-0.5860595703125,212.8480224609375,-1.574432373046875
2024-09-24,2024-09-30,203.85032653808594,205.8310546875,Tuesday,6,161.11709594726562,-42.73323059082031,171.4866180419922,-34.34443664550781
2024-09-25,2024-09-30,187.75686645507812,234.18858337402344,Wednesday,5,175.30010986328125,-12.456756591796875,231.2174835205078,-2.971099853515625
2024-09-26,2024-09-30,240.4282989501953,288.77862548828125,Thursday,4,240.47679138183594,0.048492431640625,289.9477844238281,1.169158935546875
2024-09-27,2024-09-30,142.33689880371094,129.11737060546875,Friday,3,134.84788513183594,-7.489013671875,136.50637817382812,7.389007568359375
2024-09-28,2024-09-30,89.52886199951172,62.03837203979492,Saturday,2,66.58427429199219,-22.94458770751953,46.139095306396484,-15.899276733398438
2024-09-29,2024-09-30,127.05738830566406,135.8385467529297,Sunday,1,102.35462188720703,-24.70276641845703,108.32318878173828,-27.515357971191406
2024-09-30,2024-09-30,164.8434295654297,169.70875549316406,Monday,0,160.4926300048828,-4.350799560546875,160.14556884765625,-9.563186645507812
2024-10-01,2024-10-01,141.3362274169922,44.07206344604492,Tuesday,0,135.86703491210938,-5.4691925048828125,75.31846618652344,31.246402740478516
2024-10-02,2024-10-07,210.5445556640625,221.7609100341797,Wednesday,5,178.71270751953125,-31.83184814453125,191.0638427734375,-30.697067260742188
2024-10-03,2024-10-07,263.894287109375,346.4784851074219,Thursday,4,237.0575714111328,-26.836715698242188,321.6181335449219,-24.8603515625
2024-10-04,2024-10-07,159.96302795410156,188.4368896484375,Friday,3,144.27560424804688,-15.687423706054688,143.963623046875,-44.4732666015625
2024-10-05,2024-10-07,102.0298080444336,113.12129974365234,Saturday,2,72.57582092285156,-29.45398712158203,86.21295166015625,-26.908348083496094
2024-10-06,2024-10-07,108.01850891113281,149.7012939453125,Sunday,1,89.28753662109375,-18.730972290039062,133.64169311523438,-16.059600830078125
2024-10-07,2024-10-07,122.68769073486328,116.5927505493164,Monday,0,80.63045501708984,-42.05723571777344,67.04674530029297,-49.54600524902344
2024-10-08,2024-10-15,103.05766296386719,122.42239379882812,Tuesday,7,98.58832550048828,-4.469337463378906,120.23628234863281,-2.1861114501953125
2024-10-09,2024-10-15,144.02468872070312,108.87366485595703,Wednesday,6,137.03067016601562,-6.9940185546875,128.80772399902344,19.934059143066406
2024-10-10,2024-10-15,140.81765747070312,78.06285858154297,Thursday,5,119.58728790283203,-21.230369567871094,69.6083984375,-8.454460144042969
2024-10-11,2024-10-15,172.59872436523438,176.6415252685547,Friday,4,157.45294189453125,-15.145782470703125,151.06967163085938,-25.571853637695312
2024-10-12,2024-10-15,117.259033203125,109.69263458251953,Saturday,3,96.0164566040039,-21.242576599121094,88.71187591552734,-20.980758666992188
2024-10-13,2024-10-15,60.54301071166992,28.767663955688477,Sunday,2,52.166419982910156,-8.376590728759766,28.91867446899414,0.15101051330566406
2024-10-14,2024-10-15,147.22523498535156,85.6956787109375,Monday,1,151.46929931640625,4.2440643310546875,87.618408203125,1.9227294921875
2024-10-15,2024-10-15,113.66654205322266,94.51729583740234,Tuesday,0,125.71414947509766,12.047607421875,125.44230651855469,30.925010681152344
2024-10-16,2024-10-21,109.96076202392578,102.86529541015625,Wednesday,5,117.64259338378906,7.681831359863281,102.97209930419922,0.10680389404296875
2024-10-17,2024-10-21,121.73846435546875,159.83580017089844,Thursday,4,104.24164581298828,-17.49681854248047,134.83584594726562,-24.999954223632812
2024-10-18,2024-10-21,122.92731475830078,129.11737060546875,Friday,3,124.89034271240234,1.9630279541015625,118.68598175048828,-10.431388854980469
2024-10-19,2024-10-21,109.93034362792969,97.50456237792969,Saturday,2,72.25399780273438,-37.67634582519531,64.70310974121094,-32.80145263671875
2024-10-20,2024-10-21,85.1559829711914,99.1338119506836,Sunday,1,77.84101867675781,-7.314964294433594,86.30298614501953,-12.830825805664062
2024-10-21,2024-10-21,108.31283569335938,120.08735656738281,Monday,0,119.05634307861328,10.743507385253906,139.76341247558594,19.676055908203125
2024-10-22,2024-10-28,221.32969665527344,233.12059020996094,Tuesday,6,214.1457977294922,-7.18389892578125,222.58616638183594,-10.534423828125
2024-10-23,2024-10-28,179.2884521484375,184.58013916015625,Wednesday,5,215.39117431640625,36.10272216796875,209.98460388183594,25.404464721679688
2024-10-24,2024-10-28,144.02468872070312,148.27557373046875,Thursday,4,136.4728240966797,-7.5518646240234375,123.79792785644531,-24.477645874023438
2024-10-25,2024-10-28,212.0043487548828,165.2702178955078,Friday,3,170.02560424804688,-41.97874450683594,136.50637817382812,-28.763839721679688
2024-10-26,2024-10-28,142.6154327392578,129.3700408935547,Saturday,2,114.05547332763672,-28.559959411621094,107.21122741699219,-22.1588134765625
2024-10-27,2024-10-28,109.0212173461914,139.4685516357422,Sunday,1,93.91300201416016,-15.10821533203125,127.7862548828125,-11.682296752929688
2024-10-28,2024-10-28,161.38150024414062,141.25660705566406,Monday,0,145.1722869873047,-16.209213256835938,131.68942260742188,-9.567184448242188
2024-10-29,2024-11-01,149.27880859375,189.15048217773438,Tuesday,3,160.8042449951172,11.525436401367188,213.94204711914062,24.79156494140625
2024-10-30,2024-11-01,127.14906311035156,133.55169677734375,Wednesday,2,133.96414184570312,6.8150787353515625,151.9027862548828,18.351089477539062
2024-10-31,2024-11-01,109.05572509765625,34.006221771240234,Thursday,1,133.89991760253906,24.844192504882812,77.45529174804688,43.44906997680664
2024-11-01,2024-11-01,103.74932098388672,73.9464111328125,Friday,0,131.0728302001953,27.323509216308594,128.80772399902344,54.86131286621094
2024-11-02,2024-11-04,105.49578857421875,105.26766204833984,Saturday,2,79.75684356689453,-25.73894500732422,79.58438110351562,-25.68328094482422
2024-11-03,2024-11-04,115.6507339477539,109.9053955078125,Sunday,1,101.40513610839844,-14.245597839355469,98.37513732910156,-11.530258178710938
2024-11-04,2024-11-04,137.66514587402344,171.70933532714844,Monday,0,114.6917495727539,-22.97339630126953,134.6396942138672,-37.06964111328125
2024-11-05,2024-11-12,56.746341705322266,70.779541015625,Tuesday,7,57.4433708190918,0.6970291137695312,63.68794631958008,-7.091594696044922
2024-11-06,2024-11-12,131.252685546875,145.52096557617188,Wednesday,6,120.14494323730469,-11.107742309570312,123.69100952148438,-21.8299560546875
2024-11-07,2024-11-12,108.71361541748047,127.62179565429688,Thursday,5,98.7958755493164,-9.917739868164062,115.97911071777344,-11.642684936523438
2024-11-08,2024-11-12,97.81204223632812,140.97854614257812,Friday,4,108.89063262939453,11.078590393066406,152.4984893798828,11.519943237304688
2024-11-09,2024-11-12,99.97689056396484,88.67617797851562,Saturday,3,77.39643859863281,-22.58045196533203,60.06705856323242,-28.609119415283203
2024-11-10,2024-11-12,62.670196533203125,44.66762924194336,Sunday,2,54.009254455566406,-8.660942077636719,44.9103889465332,0.24275970458984375
2024-11-11,2024-11-12,183.1834716796875,215.79061889648438,Monday,1,154.22886657714844,-28.954605102539062,178.4293975830078,-37.36122131347656
2024-11-12,2024-11-12,112.73136138916016,144.21485900878906,Tuesday,0,106.85701751708984,-5.8743438720703125,155.49618530273438,11.281326293945312
2024-11-13,2024-11-18,136.03973388671875,135.7455596923828,Wednesday,5,116.55330657958984,-19.486427307128906,122.42239379882812,-13.323165893554688
2024-11-14,2024-11-18,78.71448516845703,87.27140808105469,Thursday,4,58.6295166015625,-20.08496856689453,68.25318908691406,-19.018218994140625
2024-11-15,2024-11-18,105.06278228759766,123.33599090576172,Friday,3,97.5879135131836,-7.4748687744140625,108.1965560913086,-15.139434814453125
2024-11-16,2024-11-18,122.95556640625,144.3408203125,Saturday,2,97.26952362060547,-25.68604278564453,98.85658264160156,-45.48423767089844
2024-11-17,2024-11-18,24.004114151000977,26.613563537597656,Sunday,1,33.888160705566406,9.88404655456543,42.26860046386719,15.655036926269531
2024-11-18,2024-11-18,217.21754455566406,120.41546630859375,Monday,0,253.14381408691406,35.92626953125,192.4544219970703,72.03895568847656
2024-11-19,2024-11-25,211.89132690429688,270.16455078125,Tuesday,6,197.47999572753906,-14.411331176757812,233.0734100341797,-37.09114074707031
2024-11-20,2024-11-25,199.01084899902344,288.26202392578125,Wednesday,5,195.1946258544922,-3.81622314453125,267.3348693847656,-20.927154541015625
2024-11-21,2024-11-25,236.1300811767578,291.7193603515625,Thursday,4,193.78823852539062,-42.34184265136719,241.71148681640625,-50.00787353515625
2024-11-22,2024-11-25,107.88056182861328,126.64385223388672,Friday,3,102.09968566894531,-5.780876159667969,122.63202667236328,-4.0118255615234375
2024-11-23,2024-11-25,241.17193603515625,271.3215637207031,Saturday,2,183.44915771484375,-57.7227783203125,217.9196014404297,-53.40196228027344
2024-11-24,2024-11-25,101.92516326904297,141.25660705566406,Sunday,1,85.59606170654297,-16.3291015625,128.116455078125,-13.140151977539062
2024-11-25,2024-11-25,146.41183471679688,121.74603271484375,Monday,0,123.70584869384766,-22.70598602294922,91.4358139038086,-30.310218811035156
2024-11-26,2024-12-02,140.24984741210938,111.06869506835938,Tuesday,6,169.25527954101562,29.00543212890625,130.68814086914062,19.61944580078125
2024-11-27,2024-12-02,227.96165466308594,201.40457153320312,Wednesday,5,199.62742614746094,-28.334228515625,176.37124633789062,-25.0333251953125
2024-11-28,2024-12-02,185.3748321533203,227.8665008544922,Thursday,4,176.27854919433594,-9.096282958984375,195.44151306152344,-32.42498779296875
2024-11-29,2024-12-02,265.8233337402344,294.7205810546875,Friday,3,226.97222900390625,-38.851104736328125,234.64291381835938,-60.077667236328125
2024-11-30,2024-12-02,109.20553588867188,145.29251098632812,Saturday,2,105.60198974609375,-3.603546142578125,110.91960906982422,-34.372901916503906
2024-12-01,2024-12-02,195.3793182373047,192.00294494628906,Sunday,1,184.54417419433594,-10.83514404296875,184.14511108398438,-7.8578338623046875
2024-12-02,2024-12-02,230.17840576171875,133.14822387695312,Monday,0,197.0029296875,-33.17547607421875,121.3437728881836,-11.804450988769531
2024-12-03,2024-12-09,184.0315399169922,176.57077026367188,Tuesday,6,164.99378967285156,-19.037750244140625,168.8584747314453,-7.7122955322265625
2024-12-04,2024-12-09,122.122314453125,126.93566131591797,Wednesday,5,136.60072326660156,14.478408813476562,147.66412353515625,20.72846221923828
2024-12-05,2024-12-09,113.96448516845703,151.6240692138672,Thursday,4,127.66488647460938,13.700401306152344,167.6168670654297,15.9927978515625
2024-12-06,2024-12-09,153.91729736328125,144.68099975585938,Friday,3,150.84552001953125,-3.07177734375,150.5193328857422,5.8383331298828125
2024-12-07,2024-12-09,180.93856811523438,115.73545837402344,Saturday,2,151.0617218017578,-29.876846313476562,107.66790008544922,-8.067558288574219
2024-12-08,2024-12-09,73.43130493164062,40.70695495605469,Sunday,1,68.65425109863281,-4.7770538330078125,42.81612014770508,2.1091651916503906
2024-12-09,2024-12-09,183.52174377441406,76.30204010009766,Monday,0,170.9712371826172,-12.550506591796875,71.08396911621094,-5.218070983886719
2024-12-10,2024-12-16,226.5003662109375,235.4276885986328,Tuesday,6,194.4993896484375,-32.0009765625,202.1654052734375,-33.26228332519531
2024-12-11,2024-12-16,176.3343963623047,167.57437133789062,Wednesday,5,153.94032287597656,-22.394073486328125,142.22911071777344,-25.345260620117188
2024-12-12,2024-12-16,261.51849365234375,169.13619995117188,Thursday,4,233.8283233642578,-27.690170288085938,140.42568969726562,-28.71051025390625
2024-12-13,2024-12-16,207.49864196777344,160.21722412109375,Friday,3,191.3634796142578,-16.135162353515625,131.68942260742188,-28.527801513671875
2024-12-14,2024-12-16,125.14144897460938,110.1801528930664,Saturday,2,101.751220703125,-23.390228271484375,94.0103759765625,-16.169776916503906
2024-12-15,2024-12-16,71.62308502197266,29.778419494628906,Sunday,1,64.41104125976562,-7.212043762207031,30.60559844970703,0.827178955078125
2024-12-16,2024-12-16,172.90875244140625,136.21173095703125,Monday,0,194.0416259765625,21.13287353515625,207.45216369628906,71.24043273925781
2024-12-17,2024-12-23,154.58648681640625,208.11807250976562,Tuesday,6,133.30252075195312,-21.283966064453125,166.26783752441406,-41.85023498535156
2024-12-18,2024-12-23,202.24098205566406,243.55613708496094,Wednesday,5,182.28550720214844,-19.955474853515625,229.9775390625,-13.578598022460938
2024-12-19,2024-12-23,156.0524444580078,141.55908203125,Thursday,4,152.5942840576172,-3.458160400390625,137.46084594726562,-4.098236083984375
2024-12-20,2024-12-23,108.72760772705078,72.32833099365234,Friday,3,128.64340209960938,19.915794372558594,106.97102355957031,34.64269256591797
2024-12-21,2024-12-23,109.20553588867188,84.75396728515625,Saturday,2,89.20738983154297,-19.998146057128906,69.23348999023438,-15.520477294921875
2024-12-22,2024-12-23,46.136043548583984,15.34542465209961,Sunday,1,37.21986389160156,-8.916179656982422,15.474740982055664,0.1293163299560547
2024-12-23,2024-12-23,156.4268035888672,153.02798461914062,Monday,0,146.57379150390625,-9.853012084960938,158.44491577148438,5.41693115234375
2024-12-24,2024-12-30,186.38487243652344,197.25347900390625,Tuesday,6,143.3685302734375,-43.01634216308594,150.58790588378906,-46.66557312011719
2024-12-25,2024-12-30,137.30850219726562,199.80856323242188,Wednesday,5,120.14494323730469,-17.163558959960938,171.2644805908203,-28.544082641601562
2024-12-26,2024-12-30,133.57127380371094,88.8549575805664,Thursday,4,132.85699462890625,-0.7142791748046875,88.37979888916016,-0.47515869140625
2024-12-27,2024-12-30,194.85691833496094,121.52223205566406,Friday,3,168.5598602294922,-26.29705810546875,121.88069915771484,0.35846710205078125
2024-12-28,2024-12-30,120.89662170410156,120.63520050048828,Saturday,2,106.214599609375,-14.682022094726562,121.44105529785156,0.8058547973632812
2024-12-29,2024-12-30,87.17283630371094,54.365203857421875,Sunday,1,79.4108657836914,-7.761970520019531,56.59939193725586,2.2341880798339844
2024-12-30,2024-12-30,161.3263397216797,160.9774932861328,Monday,0,108.1994400024414,-53.12689971923828,110.73381805419922,-50.243675231933594
2024-12-31,2025-01-02,78.68331909179688,78.51317596435547,Tuesday,2,63.39842224121094,-15.284896850585938,52.7177734375,-25.79540252685547
2025-01-01,2025-01-02,154.31214904785156,102.6523208618164,Wednesday,1,112.81190490722656,-41.500244140625,68.2229995727539,-34.4293212890625
2025-01-02,2025-01-02,238.43675231933594,127.457763671875,Thursday,0,198.4803009033203,-39.956451416015625,102.44022369384766,-25.017539978027344
2025-01-03,2025-01-06,149.33706665039062,169.33425903320312,Friday,3,137.5028076171875,-11.834259033203125,155.91531372070312,-13.4189453125
2025-01-04,2025-01-06,74.10665893554688,98.59521484375,Saturday,2,69.86082458496094,-4.2458343505859375,87.13719940185547,-11.458015441894531
2025-01-05,2025-01-06,57.60987091064453,15.968138694763184,Sunday,1,48.147789001464844,-9.462081909179688,16.014556884765625,0.046418190002441406
2025-01-06,2025-01-06,158.9054718017578,101.64220428466797,Monday,0,98.31822204589844,-60.587249755859375,62.88821792602539,-38.75398635864258
2025-01-07,2025-01-13,137.16636657714844,182.49301147460938,Tuesday,6,117.64259338378906,-19.523773193359375,164.75537109375,-17.737640380859375
2025-01-08,2025-01-13,69.44586181640625,80.84497833251953,Wednesday,5,70.20856475830078,0.7627029418945312,84.91726684570312,4.072288513183594
2025-01-09,2025-01-13,137.16636657714844,148.27557373046875,Thursday,4,123.1437759399414,-14.022590637207031,143.35708618164062,-4.918487548828125
2025-01-10,2025-01-13,66.1191177368164,65.97614288330078,Friday,3,65.53641510009766,-0.58270263671875,69.3580093383789,3.381866455078125
2025-01-11,2025-01-13,92.0157699584961,117.7138442993164,Saturday,2,71.65287780761719,-20.362892150878906,100.8304214477539,-16.8834228515625
2025-01-12,2025-01-13,89.52886199951172,134.0028839111328,Sunday,1,81.90414428710938,-7.624717712402344,121.07709503173828,-12.925788879394531
2025-01-13,2025-01-13,119.6205062866211,183.6335906982422,Monday,0,106.85701751708984,-12.76348876953125,154.0152587890625,-29.618331909179688
2025-01-14,2025-01-21,151.55538940429688,192.03512573242188,Tuesday,7,147.36761474609375,-4.187774658203125,202.4586944580078,10.423568725585938
2025-01-15,2025-01-21,175.7157745361328,183.99436950683594,Wednesday,6,147.094482421875,-28.621292114257812,156.56149291992188,-27.432876586914062
2025-01-16,2025-01-21,89.35635375976562,53.07329177856445,Thursday,5,92.8215103149414,3.4651565551757812,67.53599548339844,14.462703704833984
2025-01-17,2025-01-21,78.01336669921875,79.84069061279297,Friday,4,88.33514404296875,10.32177734375,100.99846649169922,21.15777587890625
2025-01-18,2025-01-21,95.55484008789062,52.971229553222656,Saturday,3,77.15607452392578,-18.398765563964844,51.3261604309082,-1.6450691223144531
2025-01-19,2025-01-21,75.47622680664062,83.6811294555664,Sunday,2,68.30036163330078,-7.175865173339844,70.99236297607422,-12.688766479492188
2025-01-20,2025-01-21,178.4287109375,129.01657104492188,Monday,1,151.88629150390625,-26.54241943359375,120.28400421142578,-8.732566833496094
2025-01-21,2025-01-21,43.35821533203125,43.26445388793945,Tuesday,0,50.095542907714844,6.737327575683594,62.48401641845703,19.219562530517578
2025-01-22,2025-01-27,175.0280303955078,161.71255493164062,Wednesday,5,157.46360778808594,-17.564422607421875,145.48435974121094,-16.228195190429688
2025-01-23,2025-01-27,133.30252075195312,110.84523010253906,Thursday,4,126.4798583984375,-6.822662353515625,130.21290588378906,19.36767578125
2025-01-24,2025-01-27,154.90423583984375,188.2574462890625,Friday,3,148.64085388183594,-6.2633819580078125,194.22784423828125,5.97039794921875
2025-01-25,2025-01-27,103.08820343017578,68.57685852050781,Saturday,2,84.66626739501953,-18.42193603515625,52.8019905090332,-15.77486801147461
2025-01-26,2025-01-27,117.70545196533203,97.87577056884766,Sunday,1,128.0631866455078,10.357734680175781,127.7862548828125,29.910484313964844
2025-01-27,2025-01-27,178.0950469970703,222.13739013671875,Monday,0,209.143798828125,31.048751831054688,213.1795196533203,-8.957870483398438
2025-01-28,2025-02-03,184.7919921875,159.35145568847656,Tuesday,6,163.21046447753906,-21.581527709960938,150.79400634765625,-8.557449340820312
2025-01-29,2025-02-03,111.1133804321289,103.94354248046875,Wednesday,5,105.25916290283203,-5.854217529296875,113.2693099975586,9.325767517089844
2025-01-30,2025-02-03,140.53317260742188,155.81031799316406,Thursday,4,120.6764144897461,-19.85675811767578,140.48471069335938,-15.325607299804688
2025-01-31,2025-02-03,127.40645599365234,158.91368103027344,Friday,3,109.84081268310547,-17.565643310546875,134.6005401611328,-24.313140869140625
2025-02-01,2025-02-03,77.79023742675781,64.68502044677734,Saturday,2,65.24754333496094,-12.542694091796875,66.77584838867188,2.0908279418945312
2025-02-02,2025-02-03,69.92227935791016,101.7494888305664,Sunday,1,61.99993133544922,-7.9223480224609375,88.37979888916016,-13.36968994140625
2025-02-03,2025-02-03,135.0231475830078,149.7012939453125,Monday,0,146.04507446289062,11.021926879882812,143.521240234375,-6.1800537109375
2025-02-04,2025-02-10,140.68820190429688,138.25694274902344,Tuesday,6,141.4619598388672,0.7737579345703125,127.43255615234375,-10.824386596679688
2025-02-05,2025-02-10,168.87600708007812,205.237548828125,Wednesday,5,135.56771850585938,-33.30828857421875,156.84007263183594,-48.39747619628906
2025-02-06,2025-02-10,161.2609100341797,212.314697265625,Thursday,4,162.32183837890625,1.0609283447265625,199.9639892578125,-12.3507080078125
2025-02-07,2025-02-10,140.0662841796875,104.82255554199219,Friday,3,124.4435043334961,-15.622779846191406,108.40623474121094,3.58367919921875
2025-02-08,2025-02-10,168.57850646972656,126.16048431396484,Saturday,2,131.8939666748047,-36.684539794921875,143.4197998046875,17.259315490722656
2025-02-09,2025-02-10,0.0,0.0,Sunday,1,0.0,0.0,0.0,0.0
2025-02-10,2025-02-10,81.36131286621094,115.97911071777344,Monday,0,121.00703430175781,39.645721435546875,138.35406494140625,22.374954223632812
2025-02-11,2025-02-18,134.65721130371094,167.95755004882812,Tuesday,7,119.80353546142578,-14.853675842285156,149.4305877685547,-18.526962280273438
2025-02-12,2025-02-18,106.3993911743164,117.96590423583984,Wednesday,6,95.37142944335938,-11.027961730957031,116.31301879882812,-1.6528854370117188
2025-02-13,2025-02-18,178.878662109375,187.3062744140625,Thursday,5,167.4221954345703,-11.456466674804688,188.9370880126953,1.6308135986328125
2025-02-14,2025-02-18,131.50079345703125,135.3820343017578,Friday,4,119.525634765625,-11.97515869140625,123.05343627929688,-12.328598022460938
2025-02-15,2025-02-18,130.93153381347656,108.87366485595703,Saturday,3,108.1865005493164,-22.745033264160156,111.37962341308594,2.5059585571289062
2025-02-16,2025-02-18,101.5645751953125,103.94354248046875,Sunday,2,86.55165100097656,-15.012924194335938,91.59870147705078,-12.344841003417969
2025-02-17,2025-02-18,178.0950469970703,222.13739013671875,Monday,1,156.25318908691406,-21.84185791015625,194.89413452148438,-27.243255615234375
2025-02-18,2025-02-18,214.99838256835938,225.12771606445312,Tuesday,0,217.6139373779297,2.6155548095703125,251.32333374023438,26.19561767578125
2025-02-19,2025-02-24,175.0543975830078,179.1547088623047,Wednesday,5,166.24411010742188,-8.810287475585938,174.07644653320312,-5.0782623291015625
2025-02-20,2025-02-24,299.9306945800781,232.77496337890625,Thursday,4,265.48809814453125,-34.442596435546875,200.69244384765625,-32.08251953125
2025-02-21,2025-02-24,185.4049072265625,174.72598266601562,Friday,3,181.8218994140625,-3.5830078125,188.98825073242188,14.26226806640625
2025-02-22,2025-02-24,162.2482147216797,134.9144744873047,Saturday,2,124.80632019042969,-37.44189453125,95.13199615478516,-39.78247833251953
2025-02-23,2025-02-24,110.7027816772461,113.29578399658203,Sunday,1,96.91022491455078,-13.792556762695312,102.56130981445312,-10.734474182128906
2025-02-24,2025-02-24,129.3971710205078,129.11737060546875,Monday,0,144.02468872070312,14.627517700195312,108.87366485595703,-20.24370574951172
2025-02-25,2025-03-03,192.8313751220703,114.53237915039062,Tuesday,6,165.32223510742188,-27.509140014648438,112.01309204101562,-2.519287109375
2025-02-26,2025-03-03,164.55520629882812,95.18803405761719,Wednesday,5,162.38076782226562,-2.1744384765625,108.01976013183594,12.83172607421875
2025-02-27,2025-03-03,148.80674743652344,172.156494140625,Thursday,4,143.77462768554688,-5.0321197509765625,172.156494140625,0.0
2025-02-28,2025-03-03,128.58396911621094,132.37911987304688,Friday,3,122.68769073486328,-5.896278381347656,139.11634826660156,6.7372283935546875
2025-03-01,2025-03-03,148.95913696289062,176.9488525390625,Saturday,2,119.8626480102539,-29.09648895263672,126.8521499633789,-50.096702575683594
2025-03-02,2025-03-03,90.50731658935547,120.41546630859375,Sunday,1,83.74468994140625,-6.762626647949219,108.32318878173828,-12.092277526855469
2025-03-03,2025-03-03,125.6800765991211,89.57735443115234,Monday,0,154.22886657714844,28.548789978027344,156.12571716308594,66.5483627319336
2025-03-04,2025-03-10,271.63055419921875,330.5404357910156,Tuesday,6,253.4526824951172,-18.177871704101562,303.8776550292969,-26.66278076171875
2025-03-05,2025-03-10,181.1560516357422,225.95538330078125,Wednesday,5,180.47381591796875,-0.6822357177734375,242.0477752685547,16.092391967773438
2025-03-06,2025-03-10,261.68646240234375,275.9811096191406,Thursday,4,229.87570190429688,-31.810760498046875,245.0626220703125,-30.918487548828125
2025-03-07,2025-03-10,178.02667236328125,211.4782257080078,Friday,3,179.5272674560547,1.5005950927734375,221.5160369873047,10.037811279296875
2025-03-08,2025-03-10,224.357177734375,252.4047393798828,Saturday,2,195.7426300048828,-28.614547729492188,233.71548461914062,-18.689254760742188
2025-03-09,2025-03-10,118.60856628417969,98.62673950195312,Sunday,1,105.72024536132812,-12.888320922851562,87.90969848632812,-10.717041015625
2025-03-10,2025-03-10,271.6656188964844,320.6300964355469,Monday,0,238.45330810546875,-33.212310791015625,267.9478454589844,-52.6822509765625
2025-03-11,2025-03-17,251.2526397705078,241.91250610351562,Tuesday,6,221.6365509033203,-29.6160888671875,219.16485595703125,-22.747650146484375
2025-03-12,2025-03-17,233.53909301757812,214.63665771484375,Wednesday,5,218.22657775878906,-15.312515258789062,214.03237915039062,-0.604278564453125
2025-03-13,2025-03-17,289.14251708984375,324.05926513671875,Thursday,4,254.8129119873047,-34.32960510253906,282.5132141113281,-41.546051025390625
2025-03-14,2025-03-17,262.9022216796875,301.19793701171875,Friday,3,223.67819213867188,-39.224029541015625,265.707763671875,-35.49017333984375
2025-03-15,2025-03-17,151.14378356933594,178.0477752685547,Saturday,2,150.57125854492188,-0.5725250244140625,189.9657745361328,11.917999267578125
2025-03-16,2025-03-17,107.92826843261719,138.0703582763672,Sunday,1,92.95470428466797,-14.973564147949219,126.4823226928711,-11.588035583496094
2025-03-17,2025-03-17,192.28623962402344,218.03460693359375,Monday,0,155.95892333984375,-36.32731628417969,186.7460174560547,-31.288589477539062
2025-03-18,2025-03-24,232.4608917236328,236.2537384033203,Tuesday,6,201.12017822265625,-31.340713500976562,206.58779907226562,-29.665939331054688
2025-03-19,2025-03-24,283.7581481933594,318.024658203125,Wednesday,5,275.0921325683594,-8.666015625,314.52813720703125,-3.49652099609375
2025-03-20,2025-03-24,233.9731903076172,225.27542114257812,Thursday,4,246.20436096191406,12.231170654296875,251.25540161132812,25.97998046875
2025-03-21,2025-03-24,173.36802673339844,164.75537109375,Friday,3,158.8217315673828,-14.546295166015625,160.3649444580078,-4.3904266357421875
2025-03-22,2025-03-24,140.66104125976562,81.87484741210938,Saturday,2,110.77057647705078,-29.890464782714844,70.1784439086914,-11.696403503417969
2025-03-23,2025-03-24,88.10020446777344,117.21292114257812,Sunday,1,96.91022491455078,8.810020446777344,131.8645477294922,14.651626586914062
2025-03-24,2025-03-24,165.62838745117188,110.1801528930664,Monday,0,141.50775146484375,-24.120635986328125,96.27391815185547,-13.906234741210938
2025-03-25,2025-03-31,120.5723876953125,147.75115966796875,Tuesday,6,139.72164916992188,19.149261474609375,174.27439880371094,26.523239135742188
2025-03-26,2025-03-31,149.3903045654297,194.43557739257812,Wednesday,5,155.46347045898438,6.0731658935546875,208.8251953125,14.389617919921875
2025-03-27,2025-03-31,155.74459838867188,129.50650024414062,Thursday,4,155.94879150390625,0.204193115234375,143.0911102294922,13.584609985351562
2025-03-28,2025-03-31,152.70701599121094,175.81939697265625,Friday,3,156.456787109375,3.7497711181640625,188.4188232421875,12.59942626953125
2025-03-29,2025-03-31,114.4586410522461,100.77452850341797,Saturday,2,132.29104614257812,17.83240509033203,132.00497436523438,31.230445861816406
2025-03-30,2025-03-31,55.05652618408203,76.30204010009766,Sunday,1,55.05652618408203,0.0,76.30204010009766,0.0
2025-03-31,2025-03-31,174.34567260742188,248.5266571044922,Monday,0,188.3616943359375,14.016021728515625,259.2474365234375,10.720779418945312
2025-04-01,2025-04-01,104.21560668945312,123.79792785644531,Tuesday,0,90.91094970703125,-13.304656982421875,94.49412536621094,-29.303802490234375
2025-04-02,2025-04-07,132.0226287841797,129.74111938476562,Wednesday,5,115.74695587158203,-16.275672912597656,119.16322326660156,-10.577896118164062
2025-04-03,2025-04-07,100.00204467773438,72.76048278808594,Thursday,4,97.93678283691406,-2.0652618408203125,86.22794342041016,13.467460632324219
2025-04-04,2025-04-07,188.07618713378906,211.88491821289062,Friday,3,176.9652099609375,-11.110977172851562,183.94017028808594,-27.944747924804688
2025-04-05,2025-04-07,191.84754943847656,276.5138854980469,Saturday,2,148.7680206298828,-43.07952880859375,189.681396484375,-86.83248901367188
2025-04-06,2025-04-07,135.39105224609375,180.13104248046875,Sunday,1,115.76177215576172,-19.62928009033203,148.0915985107422,-32.03944396972656
2025-04-07,2025-04-07,150.93234252929688,105.68840026855469,Monday,0,125.71414947509766,-25.21819305419922,104.53524780273438,-1.1531524658203125
2025-04-08,2025-04-14,136.03973388671875,147.0576934814453,Tuesday,6,128.1103515625,-7.92938232421875,142.0370330810547,-5.020660400390625
2025-04-09,2025-04-14,233.01332092285156,178.0477752685547,Wednesday,5,189.45361328125,-43.55970764160156,152.7627716064453,-25.285003662109375
2025-04-10,2025-04-14,178.71270751953125,159.21986389160156,Thursday,4,166.2014923095703,-12.511215209960938,162.02963256835938,2.8097686767578125
2025-04-11,2025-04-14,156.87933349609375,190.65782165527344,Friday,3,134.74850463867188,-22.130828857421875,168.07142639160156,-22.586395263671875
2025-04-12,2025-04-14,140.1470947265625,201.29066467285156,Saturday,2,98.58832550048828,-41.55876922607422,131.16685485839844,-70.12380981445312
2025-04-13,2025-04-14,109.0212173461914,97.62798309326172,Sunday,1,91.55338287353516,-17.46783447265625,83.05036926269531,-14.577613830566406
2025-04-14,2025-04-14,201.78076171875,237.6982879638672,Monday,0,168.11903381347656,-33.66172790527344,196.75027465820312,-40.94801330566406
2025-04-15,2025-04-21,128.3940887451172,106.76371002197266,Tuesday,6,141.71412658691406,13.320037841796875,147.29966735839844,40.53595733642578
2025-04-16,2025-04-21,150.27427673339844,152.12249755859375,Wednesday,5,156.30990600585938,6.0356292724609375,169.96937561035156,17.846878051757812
2025-04-17,2025-04-21,116.1106185913086,136.3053436279297,Thursday,4,122.4609146118164,6.3502960205078125,142.56211853027344,6.25677490234375
2025-04-18,2025-04-21,210.7997589111328,270.44219970703125,Friday,3,187.7323455810547,-23.067413330078125,241.71148681640625,-28.730712890625
2025-04-19,2025-04-21,149.97845458984375,173.51205444335938,Saturday,2,117.39453887939453,-32.58391571044922,144.30374145507812,-29.20831298828125
2025-04-20,2025-04-21,194.33729553222656,279.123046875,Sunday,1,170.10482788085938,-24.232467651367188,238.22735595703125,-40.89569091796875
2025-04-21,2025-04-21,170.08294677734375,188.5723876953125,Monday,0,158.39720153808594,-11.685745239257812,171.79856872558594,-16.773818969726562
2025-04-22,2025-04-28,157.11782836914062,108.87366485595703,Tuesday,6,133.2294158935547,-23.888412475585938,100.71311950683594,-8.160545349121094
2025-04-23,2025-04-28,178.02667236328125,222.0521240234375,Wednesday,5,146.83367919921875,-31.1929931640625,185.58712768554688,-36.464996337890625
2025-04-24,2025-04-28,186.53294372558594,235.3362579345703,Thursday,4,179.21395874023438,-7.3189849853515625,221.12945556640625,-14.206802368164062
2025-04-25,2025-04-28,215.3485565185547,273.870361328125,Friday,3,190.11257934570312,-25.235977172851562,249.1029510498047,-24.767410278320312
2025-04-26,2025-04-28,133.57127380371094,111.06869506835938,Saturday,2,123.4497299194336,-10.121543884277344,128.31539916992188,17.2467041015625
2025-04-27,2025-04-28,179.691162109375,246.86590576171875,Sunday,1,154.0729217529297,-25.618240356445312,204.986328125,-41.87957763671875
2025-04-28,2025-04-28,137.35037231445312,214.98565673828125,Monday,0,113.79048919677734,-23.55988311767578,168.21397399902344,-46.77168273925781
2025-04-29,2025-05-01,107.0728988647461,144.68099975585938,Tuesday,2,127.8748550415039,20.801956176757812,162.02963256835938,17.3486328125
2025-04-30,2025-05-01,147.36761474609375,149.18008422851562,Wednesday,1,140.21450805664062,-7.153106689453125,136.02488708496094,-13.155197143554688
2025-05-01,2025-05-01,108.49020385742188,96.22721099853516,Thursday,0,105.3466796875,-3.143524169921875,97.33229064941406,1.1050796508789062
2025-05-02,2025-05-05,183.0474090576172,235.67947387695312,Friday,3,181.0728302001953,-1.974578857421875,221.42312622070312,-14.25634765625
2025-05-03,2025-05-05,123.1437759399414,143.35708618164062,Saturday,2,85.18031311035156,-37.963462829589844,94.44012451171875,-48.916961669921875
2025-05-04,2025-05-05,106.0021743774414,117.52549743652344,Sunday,1,95.38807678222656,-10.614097595214844,100.95040130615234,-16.575096130371094
2025-05-05,2025-05-05,185.4363555908203,238.30313110351562,Monday,0,213.92315673828125,28.486801147460938,280.3017578125,41.998626708984375
2025-05-06,2025-05-12,234.22195434570312,222.58616638183594,Tuesday,6,214.70346069335938,-19.51849365234375,214.23919677734375,-8.346969604492188
2025-05-07,2025-05-12,277.5557556152344,311.07330322265625,Wednesday,5,250.21035766601562,-27.34539794921875,262.3337097167969,-48.739593505859375
2025-05-08,2025-05-12,255.7497100830078,344.31298828125,Thursday,4,246.38934326171875,-9.360366821289062,309.5971374511719,-34.715850830078125
2025-05-09,2025-05-12,175.30010986328125,191.0057373046875,Friday,3,150.08396911621094,-25.216140747070312,160.45652770996094,-30.549209594726562
2025-05-10,2025-05-12,159.05857849121094,218.5201416015625,Saturday,2,106.34246826171875,-52.71611022949219,141.48333740234375,-77.03680419921875
2025-05-11,2025-05-12,130.22378540039062,189.49903869628906,Sunday,1,104.52276611328125,-25.701019287109375,147.0851593017578,-42.41387939453125
2025-05-12,2025-05-12,203.60935974121094,221.40219116210938,Monday,0,200.17465209960938,-3.4347076416015625,214.776123046875,-6.626068115234375
2025-05-13,2025-05-19,145.7529754638672,187.3062744140625,Tuesday,6,150.0257110595703,4.272735595703125,199.60171508789062,12.295440673828125
2025-05-14,2025-05-19,146.04507446289062,176.6415252685547,Wednesday,5,145.07595825195312,-0.9691162109375,180.9528045654297,4.311279296875
2025-05-15,2025-05-19,196.72337341308594,242.7340545654297,Thursday,4,213.5278778076172,16.80450439453125,287.92724609375,45.19319152832031
2025-05-16,2025-05-19,216.42909240722656,309.94415283203125,Friday,3,206.7042236328125,-9.724868774414062,308.5044250488281,-1.439727783203125
2025-05-17,2025-05-19,170.0367431640625,209.46795654296875,Saturday,2,142.74066162109375,-27.29608154296875,188.2721710205078,-21.195785522460938
2025-05-18,2025-05-19,163.29559326171875,181.0471954345703,Sunday,1,137.70489501953125,-25.5906982421875,152.67457580566406,-28.37261962890625
2025-05-19,2025-05-19,238.3733673095703,205.04991149902344,Monday,0,231.87974548339844,-6.493621826171875,220.3603057861328,15.310394287109375
2025-05-20,2025-05-27,183.63914489746094,258.41827392578125,Tuesday,7,167.23641967773438,-16.402725219726562,224.63914489746094,-33.77912902832031
2025-05-21,2025-05-27,199.15235900878906,309.1226806640625,Wednesday,6,222.44102478027344,23.288665771484375,349.93695068359375,40.81427001953125
2025-05-22,2025-05-27,226.2854461669922,250.88461303710938,Thursday,5,205.25376892089844,-21.03167724609375,246.53045654296875,-4.354156494140625
2025-05-23,2025-05-27,102.57495880126953,150.5193328857422,Friday,4,103.68828582763672,1.1133270263671875,117.98533630371094,-32.53399658203125
2025-05-24,2025-05-27,109.98760223388672,182.91627502441406,Saturday,3,89.52886199951172,-20.458740234375,140.1337432861328,-42.78253173828125
2025-05-25,2025-05-27,165.21534729003906,233.5489501953125,Sunday,2,142.20619201660156,-23.0091552734375,208.67453002929688,-24.874420166015625
2025-05-26,2025-05-27,214.0142059326172,263.0705871582031,Monday,1,180.8349609375,-33.17924499511719,232.389892578125,-30.680694580078125
2025-05-27,2025-05-27,192.3966064453125,180.85125732421875,Tuesday,0,203.34573364257812,10.949127197265625,218.1785125732422,37.32725524902344
2025-05-28,2025-06-02,371.7510986328125,452.6439208984375,Wednesday,5,228.03907775878906,-143.71202087402344,279.4424133300781,-173.20150756835938
2025-05-29,2025-06-02,231.55812072753906,288.8217468261719,Thursday,4,169.4258575439453,-62.13226318359375,223.4694366455078,-65.35231018066406
2025-05-30,2025-06-02,290.0107727050781,342.9732360839844,Friday,3,185.31846618652344,-104.69230651855469,221.5160369873047,-121.45719909667969
2025-05-31,2025-06-02,97.22421264648438,115.4928207397461,Saturday,2,71.41522216796875,-25.808990478515625,100.4959945678711,-14.996826171875
2025-06-01,2025-06-02,258.1221618652344,314.8004455566406,Sunday,1,161.38150024414062,-96.74066162109375,197.75926208496094,-117.04118347167969
2025-06-02,2025-06-02,293.0035095214844,297.7842102050781,Monday,0,246.74620056152344,-46.25730895996094,256.47149658203125,-41.312713623046875
2025-06-03,2025-06-09,205.7495574951172,250.92788696289062,Tuesday,6,205.0933074951172,-0.65625,248.0603790283203,-2.8675079345703125
2025-06-04,2025-06-09,191.24102783203125,227.17556762695312,Wednesday,5,197.03004455566406,5.7890167236328125,235.51519775390625,8.339630126953125
2025-06-05,2025-06-09,222.10702514648438,284.94866943359375,Thursday,4,245.16421508789062,23.05718994140625,341.3498840332031,56.401214599609375
2025-06-06,2025-06-09,147.7725372314453,143.35708618164062,Friday,3,137.7939910888672,-9.978546142578125,128.32962036132812,-15.0274658203125
2025-06-07,2025-06-09,138.02365112304688,131.16685485839844,Saturday,2,109.03436279296875,-28.989288330078125,103.61769104003906,-27.549163818359375
2025-06-08,2025-06-09,123.01311492919922,175.35304260253906,Sunday,1,102.71527862548828,-20.297836303710938,142.3516082763672,-33.001434326171875
2025-06-09,2025-06-09,177.3150634765625,227.8665008544922,Monday,0,145.3411865234375,-31.973876953125,201.42623901367188,-26.440261840820312
2025-06-10,2025-06-13,219.58306884765625,292.14434814453125,Tuesday,3,188.4736785888672,-31.109390258789062,246.9555206298828,-45.18882751464844
2025-06-11,2025-06-13,186.79893493652344,269.2372131347656,Wednesday,2,177.35682678222656,-9.442108154296875,256.896728515625,-12.340484619140625
2025-06-12,2025-06-13,174.67401123046875,238.6199188232422,Thursday,1,168.150634765625,-6.52337646484375,233.0375518798828,-5.582366943359375
2025-06-13,2025-06-13,119.91195678710938,186.957275390625,Friday,0,166.77857971191406,46.86662292480469,267.7989807128906,80.84170532226562
2025-06-14,2025-06-16,390.8085632324219,567.4071655273438,Saturday,2,307.2526550292969,-83.555908203125,455.0919189453125,-112.31524658203125
2025-06-15,2025-06-16,204.0918426513672,208.87232971191406,Sunday,1,169.0869903564453,-35.004852294921875,178.94688415527344,-29.925445556640625
2025-06-16,2025-06-16,262.9022216796875,393.50054931640625,Monday,0,273.92388916015625,11.02166748046875,413.17559814453125,19.675048828125
2025-06-17,2025-06-23,274.2890625,432.7670593261719,Tuesday,6,293.2027893066406,18.913726806640625,435.7406921386719,2.9736328125
2025-06-18,2025-06-23,274.9018859863281,434.32012939453125,Wednesday,5,320.7700500488281,45.8681640625,482.1663818359375,47.84625244140625
2025-06-19,2025-06-23,180.27578735351562,199.873291015625,Thursday,4,205.7495574951172,25.473770141601562,250.92788696289062,51.054595947265625
2025-06-20,2025-06-23,254.8129119873047,312.782470703125,Friday,3,284.8919982910156,30.079086303710938,353.0224304199219,40.239959716796875
2025-06-21,2025-06-23,201.39300537109375,242.53492736816406,Saturday,2,193.27784729003906,-8.115158081054688,232.1461944580078,-10.38873291015625
2025-06-22,2025-06-23,229.06053161621094,336.9871826171875,Sunday,1,239.66897583007812,10.608444213867188,355.8790588378906,18.891876220703125
2025-06-23,2025-06-23,484.7659912109375,582.2528686523438,Monday,0,540.163330078125,55.3973388671875,606.0990600585938,23.84619140625
2025-06-24,2025-06-30,375.94451904296875,483.6601867675781,Tuesday,6,351.72052001953125,-24.2239990234375,436.0411376953125,-47.619049072265625
2025-06-25,2025-06-30,379.3016357421875,536.1820678710938,Wednesday,5,328.4731140136719,-50.828521728515625,462.94183349609375,-73.240234375
2025-06-26,2025-06-30,245.37538146972656,328.726806640625,Thursday,4,233.9731903076172,-11.402191162109375,296.9539489746094,-31.772857666015625
2025-06-27,2025-06-30,228.45294189453125,295.5023193359375,Friday,3,231.2438201904297,2.7908782958984375,317.272705078125,21.7703857421875
2025-06-28,2025-06-30,154.72714233398438,116.96406555175781,Saturday,2,106.67591094970703,-48.051231384277344,84.03571319580078,-32.92835235595703
2025-06-29,2025-06-30,113.92428588867188,131.16685485839844,Sunday,1,95.38807678222656,-18.536209106445312,115.37188720703125,-15.794967651367188
2025-06-30,2025-06-30,119.21837615966797,141.61973571777344,Monday,0,147.65321350097656,28.434837341308594,181.49832153320312,39.87858581542969
2025-07-01,2025-07-01,208.53936767578125,280.1190185546875,Tuesday,0,189.46420288085938,-19.075164794921875,233.77706909179688,-46.341949462890625
2025-07-02,2025-07-07,107.50726318359375,111.74458312988281,Wednesday,5,95.84282684326172,-11.664436340332031,99.62039184570312,-12.124191284179688
2025-07-03,2025-07-07,103.92369842529297,75.61383056640625,Thursday,4,96.75885009765625,-7.164848327636719,75.72518920898438,0.111358642578125
2025-07-04,2025-07-07,175.9562530517578,190.84323120117188,Friday,3,156.76760864257812,-19.188644409179688,147.36029052734375,-43.482940673828125
2025-07-05,2025-07-07,139.12783813476562,220.3603057861328,Saturday,2,101.02533721923828,-38.102500915527344,132.64064025878906,-87.71966552734375
2025-07-06,2025-07-07,58.55548858642578,41.73490905761719,Sunday,1,48.714229583740234,-9.841259002685547,40.507408142089844,-1.2275009155273438
2025-07-07,2025-07-07,132.8823699951172,189.4214630126953,Monday,0,115.55469512939453,-17.327674865722656,138.79283142089844,-50.628631591796875
2025-07-08,2025-07-14,153.10186767578125,173.6031951904297,Tuesday,6,151.7206573486328,-1.3812103271484375,168.21397399902344,-5.38922119140625
2025-07-09,2025-07-14,144.88368225097656,208.09371948242188,Wednesday,5,136.29527282714844,-8.588409423828125,187.2471160888672,-20.846603393554688
2025-07-10,2025-07-14,167.888427734375,225.5149383544922,Thursday,4,146.05677795410156,-21.831649780273438,194.32125854492188,-31.193679809570312
2025-07-11,2025-07-14,124.5326156616211,103.55277252197266,Friday,3,134.5205078125,9.987892150878906,139.82252502441406,36.269752502441406
2025-07-12,2025-07-14,161.9177703857422,213.1795196533203,Saturday,2,123.25833129882812,-38.65943908691406,162.2808380126953,-50.898681640625
2025-07-13,2025-07-14,51.49068832397461,85.63224029541016,Sunday,1,42.68772888183594,-8.802959442138672,70.99236297607422,-14.639877319335938
2025-07-14,2025-07-14,122.08480834960938,135.3564453125,Monday,0,107.62855529785156,-14.456253051757812,129.27273559570312,-6.083709716796875
2025-07-15,2025-07-21,201.5761260986328,223.48916625976562,Tuesday,6,166.55368041992188,-35.02244567871094,184.65948486328125,-38.829681396484375
2025-07-16,2025-07-21,192.8313751220703,251.9712371826172,Wednesday,5,177.89715576171875,-14.934219360351562,244.84478759765625,-7.1264495849609375
2025-07-17,2025-07-21,194.47560119628906,215.61672973632812,Thursday,4,155.00750732421875,-39.46809387207031,162.31045532226562,-53.3062744140625
2025-07-18,2025-07-21,151.63160705566406,193.97914123535156,Friday,3,140.04351806640625,-11.588088989257812,179.1547088623047,-14.824432373046875
2025-07-19,2025-07-21,89.73095703125,111.92115020751953,Saturday,2,70.10725402832031,-19.623703002929688,97.16062927246094,-14.760520935058594
2025-07-20,2025-07-21,108.47199249267578,69.38296508789062,Sunday,1,88.87377166748047,-19.598220825195312,53.74641418457031,-15.636550903320312
2025-07-21,2025-07-21,132.8823699951172,142.06610107421875,Monday,0,144.323486328125,11.441116333007812,171.442138671875,29.37603759765625
2025-07-22,2025-07-28,117.18988800048828,155.91531372070312,Tuesday,6,118.55506134033203,1.36517333984375,162.37075805664062,6.4554443359375
2025-07-23,2025-07-28,163.29559326171875,155.1833038330078,Wednesday,5,142.94383239746094,-20.351760864257812,144.70188903808594,-10.481414794921875
2025-07-24,2025-07-28,226.56712341308594,298.8376770019531,Thursday,4,199.4794464111328,-27.087677001953125,261.37628173828125,-37.461395263671875
2025-07-25,2025-07-28,118.30599212646484,147.5626983642578,Friday,3,122.90444946289062,4.598457336425781,145.99844360351562,-1.5642547607421875
2025-07-26,2025-07-28,124.70842742919922,168.5108184814453,Saturday,2,124.04899597167969,-0.6594314575195312,168.09732055664062,-0.4134979248046875
2025-07-27,2025-07-28,179.54296875,149.29559326171875,Sunday,1,152.61151123046875,-26.93145751953125,134.36602783203125,-14.9295654296875
2025-07-28,2025-07-28,174.8299560546875,137.72518920898438,Monday,0,142.25750732421875,-32.57244873046875,135.19036865234375,-2.534820556640625
2025-07-29,2025-08-01,115.6507339477539,151.11990356445312,Tuesday,3,126.91829681396484,11.267562866210938,158.3048095703125,7.184906005859375
2025-07-30,2025-08-01,172.6151885986328,232.389892578125,Wednesday,2,219.11924743652344,46.504058837890625,257.22991943359375,24.84002685546875
2025-07-31,2025-08-01,170.4453125,172.54161071777344,Thursday,1,176.5133819580078,6.0680694580078125,176.13168334960938,3.5900726318359375
2025-08-01,2025-08-01,175.60598754882812,225.67018127441406,Friday,0,179.05772399902344,3.4517364501953125,238.22735595703125,12.557174682617188
2025-08-02,2025-08-04,176.7727508544922,268.4203186035156,Saturday,2,113.899169921875,-62.87358093261719,157.85122680664062,-110.569091796875
2025-08-03,2025-08-04,102.23974609375,136.02488708496094,Sunday,1,89.52886199951172,-12.710884094238281,115.80496978759766,-20.21991729736328
2025-08-04,2025-08-04,123.0675277709961,119.39025115966797,Monday,0,127.92436218261719,4.856834411621094,134.36602783203125,14.975776672363281
2025-08-05,2025-08-11,188.7991943359375,242.62469482421875,Tuesday,6,163.98849487304688,-24.810699462890625,207.26959228515625,-35.3551025390625
2025-08-06,2025-08-11,165.62838745117188,192.8152618408203,Wednesday,5,133.52000427246094,-32.10838317871094,158.60865783691406,-34.20660400390625
2025-08-07,2025-08-11,159.64181518554688,132.74716186523438,Thursday,4,149.1587677001953,-10.483047485351562,144.70188903808594,11.954727172851562
2025-08-08,2025-08-11,191.10968017578125,211.88491821289062,Friday,3,175.30010986328125,-15.8095703125,201.0586700439453,-10.826248168945312
2025-08-09,2025-08-11,162.9131622314453,206.426513671875,Saturday,2,115.55469512939453,-47.35846710205078,136.1237335205078,-70.30278015136719
2025-08-10,2025-08-11,124.8213882446289,159.68138122558594,Sunday,1,103.81266021728516,-21.00872802734375,141.25660705566406,-18.424774169921875
2025-08-11,2025-08-11,199.8963165283203,158.3048095703125,Monday,0,176.85165405273438,-23.044662475585938,192.3062286376953,34.00141906738281
2025-08-12,2025-08-18,191.91197204589844,305.2850341796875,Tuesday,6,140.1470947265625,-51.76487731933594,211.88491821289062,-93.40011596679688
2025-08-13,2025-08-18,116.2304458618164,165.6844482421875,Wednesday,5,159.25807189941406,43.027626037597656,190.69642639160156,25.011978149414062
2025-08-14,2025-08-18,123.83430480957031,128.7151336669922,Thursday,4,173.33203125,49.49772644042969,202.85104370117188,74.13591003417969
2025-08-15,2025-08-18,165.23497009277344,183.19740295410156,Friday,3,139.0772705078125,-26.157699584960938,168.21397399902344,-14.983428955078125
2025-08-16,2025-08-18,119.37181091308594,111.6690673828125,Saturday,2,99.5866928100586,-19.785118103027344,78.45105743408203,-33.21800994873047
2025-08-17,2025-08-18,189.00535583496094,231.6099395751953,Sunday,1,154.9739227294922,-34.03143310546875,193.2985076904297,-38.311431884765625
2025-08-18,2025-08-18,238.02882385253906,230.91648864746094,Monday,0,224.327392578125,-13.701431274414062,236.27798461914062,5.3614959716796875
2025-08-19,2025-08-25,176.45639038085938,133.3900146484375,Tuesday,6,135.60218811035156,-40.85420227050781,107.3880615234375,-26.001953125
2025-08-20,2025-08-25,172.2848358154297,195.35488891601562,Wednesday,5,155.58047485351562,-16.704360961914062,183.27423095703125,-12.080657958984375
2025-08-21,2025-08-25,125.00255584716797,129.92942810058594,Thursday,4,122.21123504638672,-2.79132080078125,128.36521911621094,-1.564208984375
2025-08-22,2025-08-25,97.6678466796875,121.82080078125,Friday,3,104.53862762451172,6.870780944824219,141.25660705566406,19.435806274414062
2025-08-23,2025-08-25,130.0546112060547,203.56610107421875,Saturday,2,110.23519134521484,-19.819419860839844,174.16163635253906,-29.404464721679688
2025-08-24,2025-08-25,99.47650909423828,132.34854125976562,Sunday,1,86.16505432128906,-13.311454772949219,111.45391082763672,-20.894630432128906
2025-08-25,2025-08-25,162.5800018310547,168.9879608154297,Monday,0,131.91641235351562,-30.663589477539062,121.88069915771484,-47.107261657714844
2025-08-26,2025-09-02,115.1427230834961,117.83973693847656,Tuesday,7,108.72760772705078,-6.4151153564453125,96.43777465820312,-21.401962280273438
2025-08-27,2025-09-02,209.0455322265625,213.94204711914062,Wednesday,6,186.89584350585938,-22.149688720703125,203.64035034179688,-10.30169677734375
2025-08-28,2025-09-02,230.15357971191406,273.3998718261719,Thursday,5,170.36062622070312,-59.79295349121094,188.8802490234375,-84.51962280273438
2025-08-29,2025-09-02,205.91636657714844,238.22735595703125,Friday,4,175.66647338867188,-30.249893188476562,219.10826110839844,-19.119094848632812
2025-08-30,2025-09-02,125.34039306640625,119.11367797851562,Saturday,3,100.55011749267578,-24.79027557373047,92.90062713623047,-26.213050842285156
2025-08-31,2025-09-02,83.86247253417969,46.4895133972168,Sunday,2,44.76443099975586,-39.09804153442383,29.778419494628906,-16.71109390258789
2025-09-01,2025-09-02,142.1702880859375,189.15048217773438,Monday,1,144.02468872070312,1.854400634765625,179.6415557861328,-9.508926391601562
2025-09-02,2025-09-02,95.24954986572266,52.8019905090332,Tuesday,0,122.68769073486328,27.438140869140625,132.02413940429688,79.22214889526367
2025-09-03,2025-09-08,209.9514617919922,193.97914123535156,Wednesday,5,187.5038299560547,-22.4476318359375,187.09837341308594,-6.880767822265625
2025-09-04,2025-09-08,126.79684448242188,171.332763671875,Thursday,4,114.8867416381836,-11.910102844238281,148.60520935058594,-22.727554321289062
2025-09-05,2025-09-08,166.42086791992188,224.050537109375,Friday,3,142.67613220214844,-23.744735717773438,196.01336669921875,-28.03717041015625
2025-09-06,2025-09-08,143.4011993408203,155.01536560058594,Saturday,2,102.90521240234375,-40.49598693847656,122.24129486083984,-32.774070739746094
2025-09-07,2025-09-08,83.5101089477539,92.58837127685547,Sunday,1,74.23120880126953,-9.278900146484375,77.15696716308594,-15.431404113769531
2025-09-08,2025-09-08,117.259033203125,146.2568359375,Monday,0,115.21974182128906,-2.0392913818359375,131.7371368408203,-14.519699096679688
2025-09-09,2025-09-15,103.0224380493164,92.256103515625,Tuesday,6,95.37142944335938,-7.651008605957031,84.5912857055664,-7.664817810058594
2025-09-10,2025-09-15,274.70074462890625,322.4784851074219,Wednesday,5,236.6119842529297,-38.08876037597656,273.2642822265625,-49.214202880859375
2025-09-11,2025-09-15,161.1955108642578,214.46258544921875,Thursday,4,179.05772399902344,17.862213134765625,212.70298767089844,-1.7595977783203125
2025-09-12,2025-09-15,112.56298065185547,133.71377563476562,Friday,3,103.72032165527344,-8.842658996582031,140.15087890625,6.437103271484375
2025-09-13,2025-09-15,115.97611236572266,120.54721069335938,Saturday,2,103.36392211914062,-12.612190246582031,114.60044860839844,-5.9467620849609375
2025-09-14,2025-09-15,113.92428588867188,102.01866149902344,Sunday,1,94.39959716796875,-19.524688720703125,85.63224029541016,-16.38642120361328
2025-09-15,2025-09-15,86.666015625,112.10189819335938,Monday,0,100.58403778076172,13.918022155761719,100.36653900146484,-11.735359191894531
2025-09-16,2025-09-22,131.1907958984375,122.72541809082031,Tuesday,6,102.5166015625,-28.6741943359375,106.55720520019531,-16.168212890625
2025-09-17,2025-09-22,162.9131622314453,129.01657104492188,Wednesday,5,142.6154327392578,-20.2977294921875,118.58920288085938,-10.4273681640625
2025-09-18,2025-09-22,125.59498596191406,117.49068450927734,Thursday,4,96.48255157470703,-29.11243438720703,85.57682037353516,-31.913864135742188
2025-09-19,2025-09-22,136.0233154296875,186.29493713378906,Friday,3,140.83004760742188,4.806732177734375,203.66017150878906,17.365234375
2025-09-20,2025-09-22,153.90248107910156,182.821044921875,Saturday,2,101.55316925048828,-52.34931182861328,120.63520050048828,-62.18584442138672
2025-09-21,2025-09-22,132.1251983642578,109.86624908447266,Sunday,1,110.11305236816406,-22.01214599609375,91.56245422363281,-18.303794860839844
2025-09-22,2025-09-22,128.0631866455078,170.38168334960938,Monday,0,131.45111083984375,3.3879241943359375,163.95855712890625,-6.423126220703125
2025-09-23,2025-09-29,134.40011596679688,157.77587890625,Tuesday,6,115.3311767578125,-19.068939208984375,138.5243682861328,-19.251510620117188
2025-09-24,2025-09-29,129.4566650390625,177.3013916015625,Wednesday,5,117.20443725585938,-12.252227783203125,153.8828887939453,-23.418502807617188
2025-09-25,2025-09-29,162.53253173828125,218.8157196044922,Thursday,4,148.87945556640625,-13.653076171875,185.69688415527344,-33.11883544921875
2025-09-26,2025-09-29,193.1093292236328,197.632568359375,Friday,3,159.19918823242188,-33.91014099121094,173.11114501953125,-24.52142333984375
2025-09-27,2025-09-29,59.15299606323242,36.89067459106445,Saturday,2,54.95964813232422,-4.193347930908203,41.54606246948242,4.655387878417969
2025-09-28,2025-09-29,87.94427490234375,113.75531768798828,Sunday,1,78.6366195678711,-9.307655334472656,98.0832290649414,-15.672088623046875
2025-09-29,2025-09-29,135.0447235107422,158.5325927734375,Monday,0,119.8833999633789,-15.161323547363281,136.41351318359375,-22.11907958984375
2025-09-30,2025-10-01,167.22096252441406,158.91368103027344,Tuesday,1,161.74647521972656,-5.4744873046875,150.63693237304688,-8.276748657226562
2025-10-01,2025-10-01,201.23074340820312,218.8157196044922,Wednesday,0,169.25527954101562,-31.9754638671875,211.11160278320312,-7.7041168212890625
2025-10-02,2025-10-06,178.4287109375,180.62318420410156,Thursday,4,184.73934936523438,6.310638427734375,180.10218811035156,-0.52099609375
2025-10-03,2025-10-06,346.3138732910156,300.4913330078125,Friday,3,293.1475830078125,-53.166290283203125,282.7632141113281,-17.728118896484375
2025-10-04,2025-10-06,192.67730712890625,98.59521484375,Saturday,2,139.05831909179688,-53.618988037109375,82.59381866455078,-16.00139617919922
2025-10-05,2025-10-06,73.20591735839844,106.52777099609375,Sunday,1,64.23261260986328,-8.973304748535156,91.56245422363281,-14.965316772460938
2025-10-06,2025-10-06,271.8520812988281,167.44703674316406,Monday,0,190.01344299316406,-81.83863830566406,158.0021209716797,-9.444915771484375
2025-10-07,2025-10-14,187.34317016601562,212.4296112060547,Tuesday,7,163.92086791992188,-23.42230224609375,181.74046325683594,-30.68914794921875
2025-10-08,2025-10-14,101.32559967041016,38.88711166381836,Wednesday,6,83.78089141845703,-17.544708251953125,42.87165451049805,3.9845428466796875
2025-10-09,2025-10-14,191.57017517089844,212.39547729492188,Thursday,5,194.47560119628906,2.905426025390625,204.8358917236328,-7.5595855712890625
2025-10-10,2025-10-14,228.45294189453125,261.20294189453125,Friday,4,184.0315399169922,-44.42140197753906,197.45547485351562,-63.747467041015625
2025-10-11,2025-10-14,164.55520629882812,118.98504638671875,Saturday,3,135.20684814453125,-29.348358154296875,120.4593505859375,1.47430419921875
2025-10-12,2025-10-14,115.8915786743164,80.30623626708984,Sunday,2,96.5763168334961,-19.315261840820312,64.24498748779297,-16.061248779296875
2025-10-13,2025-10-14,190.47264099121094,234.13282775878906,Monday,1,198.07106018066406,7.598419189453125,238.53436279296875,4.4015350341796875
2025-10-14,2025-10-14,259.2444152832031,335.3309020996094,Tuesday,0,202.95819091796875,-56.286224365234375,241.09442138671875,-94.23648071289062
2025-10-15,2025-10-20,184.45852661132812,204.51071166992188,Wednesday,5,184.0315399169922,-0.4269866943359375,221.6267547607422,17.116043090820312
2025-10-16,2025-10-20,184.54417419433594,230.18138122558594,Thursday,4,149.9516143798828,-34.592559814453125,204.03732299804688,-26.144058227539062
2025-10-17,2025-10-20,154.0729217529297,174.70425415039062,Friday,3,133.89991760253906,-20.173004150390625,145.22866821289062,-29.4755859375
2025-10-18,2025-10-20,146.89878845214844,158.79623413085938,Saturday,2,114.5556640625,-32.34312438964844,127.00881958007812,-31.78741455078125
2025-10-19,2025-10-20,164.94113159179688,228.58953857421875,Sunday,1,103.2244873046875,-61.716644287109375,140.45628356933594,-88.13325500488281
2025-10-20,2025-10-20,250.9521026611328,250.40943908691406,Monday,0,161.07623291015625,-89.87586975097656,151.4103546142578,-98.99908447265625
2025-10-21,2025-10-27,194.85691833496094,229.5419921875,Tuesday,6,177.1075897216797,-17.74932861328125,207.26959228515625,-22.27239990234375
2025-10-22,2025-10-27,111.21331024169922,132.11048889160156,Wednesday,5,122.92731475830078,11.714004516601562,139.8771514892578,7.76666259765625
2025-10-23,2025-10-27,208.03565979003906,266.1356201171875,Thursday,4,193.3405303955078,-14.69512939453125,257.22991943359375,-8.90570068359375
2025-10-24,2025-10-27,164.45372009277344,195.35488891601562,Friday,3,158.6478729248047,-5.80584716796875,189.9657745361328,-5.3891143798828125
2025-10-25,2025-10-27,144.35501098632812,164.2593994140625,Saturday,2,103.19525909423828,-41.159751892089844,111.55311584472656,-52.70628356933594
2025-10-26,2025-10-27,144.02468872070312,191.61764526367188,Sunday,1,124.46063232421875,-19.564056396484375,159.21986389160156,-32.39778137207031
2025-10-27,2025-10-27,188.52011108398438,209.0138397216797,Monday,0,163.14573669433594,-25.374374389648438,188.7454376220703,-20.268402099609375
2025-10-28,2025-11-03,154.6407470703125,121.82080078125,Tuesday,6,129.650390625,-24.9903564453125,107.80836486816406,-14.012435913085938
2025-10-29,2025-11-03,128.8641815185547,151.277099609375,Wednesday,5,100.992919921875,-27.871261596679688,111.97169494628906,-39.30540466308594
2025-10-30,2025-11-03,159.32188415527344,187.68162536621094,Thursday,4,132.0226287841797,-27.29925537109375,159.68138122558594,-28.000244140625
2025-10-31,2025-11-03,180.3575897216797,279.9495544433594,Friday,3,158.78424072265625,-21.573348999023438,236.750732421875,-43.198822021484375
2025-11-01,2025-11-03,85.4856185913086,106.6259536743164,Saturday,2,53.77545166015625,-31.710166931152344,71.5455551147461,-35.08039855957031
2025-11-02,2025-11-03,66.08614349365234,68.69086456298828,Sunday,1,57.25425338745117,-8.831890106201172,54.40995407104492,-14.28091049194336
2025-11-03,2025-11-03,285.0348815917969,153.73974609375,Monday,0,236.6119842529297,-48.42289733886719,141.25660705566406,-12.483139038085938
2025-11-04,2025-11-12,132.78224182128906,139.4685516357422,Tuesday,8,107.0601806640625,-25.722061157226562,104.73397827148438,-34.73457336425781
2025-11-05,2025-11-12,125.87757110595703,154.25221252441406,Wednesday,7,140.9603271484375,15.082756042480469,195.35488891601562,41.10267639160156
2025-11-06,2025-11-12,84.27275848388672,97.02753448486328,Thursday,6,82.0813217163086,-2.191436767578125,87.75410461425781,-9.273429870605469
2025-11-07,2025-11-12,96.36560821533203,80.13101959228516,Friday,5,99.21167755126953,2.8460693359375,100.8304214477539,20.69940185546875
2025-11-08,2025-11-12,98.67223358154297,117.21292114257812,Saturday,4,85.76227569580078,-12.909957885742188,80.22826385498047,-36.984657287597656
2025-11-09,2025-11-12,24.844257354736328,27.5450382232666,Sunday,3,24.720653533935547,-0.12360382080078125,27.407997131347656,-0.1370410919189453
2025-11-10,2025-11-12,118.5706558227539,110.91960906982422,Monday,2,105.160888671875,-13.409767150878906,98.37513732910156,-12.544471740722656
2025-11-11,2025-11-12,83.78089141845703,107.17913055419922,Tuesday,1,104.4241943359375,20.64330291748047,144.71998596191406,37.540855407714844
2025-11-12,2025-11-12,103.51773834228516,122.96892547607422,Wednesday,0,77.42227935791016,-26.095458984375,101.16708374023438,-21.801841735839844
2025-11-13,2025-11-17,84.0397720336914,69.88170623779297,Thursday,4,71.02971649169922,-13.010055541992188,64.4328384399414,-5.4488677978515625
2025-11-14,2025-11-17,92.35783386230469,122.87749481201172,Friday,3,81.85916900634766,-10.498664855957031,108.90953826904297,-13.96795654296875
2025-11-15,2025-11-17,102.82915496826172,97.72075653076172,Saturday,2,76.27622985839844,-26.55292510986328,63.42607498168945,-34.294681549072266
2025-11-16,2025-11-17,98.39310455322266,109.0892562866211,Sunday,1,79.62903594970703,-18.764068603515625,92.69965362548828,-16.389602661132812
2025-11-17,2025-11-17,90.75527954101562,90.55902862548828,Monday,0,111.8166275024414,21.06134796142578,127.84617614746094,37.287147521972656
2025-11-18,2025-11-28,89.34310913085938,102.86529541015625,Tuesday,10,81.25166320800781,-8.091445922851562,93.54918670654297,-9.316108703613281
2025-11-19,2025-11-28,65.9874038696289,65.84471130371094,Wednesday,9,59.47159194946289,-6.515811920166016,59.34299087524414,-6.501720428466797
2025-11-20,2025-11-28,88.67293548583984,84.2677993774414,Thursday,8,84.79268646240234,-3.8802490234375,94.0103759765625,9.742576599121094
2025-11-21,2025-11-28,145.67697143554688,231.73646545410156,Friday,7,163.00860595703125,17.331634521484375,261.41162109375,29.675155639648438
2025-11-22,2025-11-28,52.22516632080078,74.44605255126953,Saturday,6,38.45435333251953,-13.77081298828125,45.679996490478516,-28.766056060791016
2025-11-23,2025-11-28,130.22378540039062,135.3564453125,Sunday,5,113.38862609863281,-16.835159301757812,121.22510528564453,-14.131340026855469
2025-11-24,2025-11-28,194.85691833496094,149.56582641601562,Monday,4,173.25144958496094,-21.60546875,138.30145263671875,-11.264373779296875
2025-11-25,2025-11-28,222.07159423828125,348.8012390136719,Tuesday,3,188.14927673339844,-33.92231750488281,293.9401550292969,-54.861083984375
2025-11-26,2025-11-28,113.0796127319336,154.8717041015625,Wednesday,2,118.30599212646484,5.22637939453125,167.23773193359375,12.36602783203125
2025-11-27,2025-11-28,189.83197021484375,189.4214630126953,Thursday,1,181.4025115966797,-8.429458618164062,170.51690673828125,-18.904556274414062
2025-11-28,2025-11-28,213.00323486328125,293.1622619628906,Friday,0,151.36514282226562,-61.638092041015625,213.00204467773438,-80.16021728515625
2025-11-29,2025-12-01,117.74530029296875,91.38164520263672,Saturday,2,75.81580352783203,-41.92949676513672,58.19374084472656,-33.187904357910156
2025-11-30,2025-12-01,86.666015625,112.10189819335938,Sunday,1,77.03646087646484,-9.629554748535156,96.08734893798828,-16.014549255371094
2025-12-01,2025-12-01,150.57125854492188,132.5697021484375,Monday,0,149.9516143798828,-0.6196441650390625,147.36029052734375,14.79058837890625
2025-12-02,2025-12-09,137.16636657714844,159.68138122558594,Tuesday,7,110.011474609375,-27.154891967773438,121.97064971923828,-37.710731506347656
2025-12-03,2025-12-09,98.58832550048828,109.30570983886719,Wednesday,6,106.47539520263672,7.8870697021484375,127.88768005371094,18.58197021484375
2025-12-04,2025-12-09,170.2109832763672,206.85997009277344,Thursday,5,154.6261444091797,-15.5848388671875,187.91946411132812,-18.940505981445312
2025-12-05,2025-12-09,160.2855224609375,211.03053283691406,Friday,4,150.29798889160156,-9.987533569335938,189.9657745361328,-21.06475830078125
2025-12-06,2025-12-09,105.88116455078125,150.9317169189453,Saturday,3,82.40218353271484,-23.478981018066406,118.76799011230469,-32.163726806640625
2025-12-07,2025-12-09,49.075077056884766,27.20497703552246,Sunday,2,40.895896911621094,-8.179180145263672,27.20497703552246,0.0
2025-12-08,2025-12-09,107.5509033203125,83.46981811523438,Monday,1,110.63585662841797,3.0849533081054688,97.40878295898438,13.93896484375
2025-12-09,2025-12-09,123.60326385498047,164.44798278808594,Tuesday,0,104.47801208496094,-19.12525177001953,122.64952087402344,-41.7984619140625
2025-12-10,2025-12-15,102.0298080444336,135.7455596923828,Wednesday,5,95.6698226928711,-6.3599853515625,119.32868957519531,-16.4168701171875
2025-12-11,2025-12-15,173.6426544189453,222.13739013671875,Thursday,4,142.22116088867188,-31.421493530273438,187.2471160888672,-34.89027404785156
2025-12-12,2025-12-15,204.96926879882812,230.91648864746094,Friday,3,175.30010986328125,-29.669158935546875,201.0586700439453,-29.857818603515625
2025-12-13,2025-12-15,89.15814208984375,114.0581283569336,Saturday,2,75.28562927246094,-13.872512817382812,98.37513732910156,-15.682991027832031
2025-12-14,2025-12-15,159.25807189941406,172.156494140625,Sunday,1,185.31846618652344,26.060394287109375,166.93963623046875,-5.21685791015625
2025-12-15,2025-12-15,210.87965393066406,189.9657745361328,Monday,0,202.24098205566406,-8.638671875,173.96865844726562,-15.997116088867188
2025-12-16,2025-12-22,140.9603271484375,140.65550231933594,Tuesday,6,145.1220245361328,4.1616973876953125,136.41351318359375,-4.2419891357421875
2025-12-17,2025-12-22,145.46205139160156,131.95228576660156,Wednesday,5,125.1149673461914,-20.347084045410156,118.89944458007812,-13.052841186523438
2025-12-18,2025-12-22,244.59889221191406,232.4475860595703,Thursday,4,209.34442138671875,-35.25447082519531,194.55604553222656,-37.89154052734375
2025-12-19,2025-12-22,124.87854766845703,174.88914489746094,Friday,3,100.20222473144531,-24.67632293701172,147.03756713867188,-27.851577758789062
2025-12-20,2025-12-22,153.90248107910156,109.69263458251953,Saturday,2,105.53312683105469,-48.369354248046875,78.00364685058594,-31.688987731933594
2025-12-21,2025-12-22,123.60326385498047,164.44798278808594,Sunday,1,113.11206817626953,-10.491195678710938,147.80264282226562,-16.645339965820312
2025-12-22,2025-12-22,76.81316375732422,47.90441131591797,Monday,0,106.6277084350586,29.814544677734375,70.93142700195312,23.027015686035156
2025-12-23,2025-12-29,103.51773834228516,114.77099609375,Tuesday,6,97.63357543945312,-5.884162902832031,127.57701873779297,12.806022644042969
2025-12-24,2025-12-29,138.79473876953125,184.65948486328125,Wednesday,5,134.29327392578125,-4.50146484375,186.1151123046875,1.45562744140625
2025-12-25,2025-12-29,181.01463317871094,60.207733154296875,Thursday,4,147.22523498535156,-33.789398193359375,73.45343780517578,13.245704650878906
2025-12-26,2025-12-29,191.10968017578125,242.15419006347656,Friday,3,144.02468872070312,-47.084991455078125,186.29493713378906,-55.8592529296875
2025-12-27,2025-12-29,277.7002868652344,329.88067626953125,Saturday,2,223.72462463378906,-53.97566223144531,240.0438995361328,-89.83677673339844
2025-12-28,2025-12-29,105.88116455078125,150.9317169189453,Sunday,1,79.82090759277344,-26.060256958007812,99.56037139892578,-51.37134552001953
2025-12-29,2025-12-29,78.33775329589844,55.83453369140625,Monday,0,62.946659088134766,-15.391094207763672,65.42764282226562,9.593109130859375
2025-12-30,2026-01-02,219.75265502929688,270.712890625,Tuesday,3,218.8921356201172,-0.8605194091796875,266.9563293457031,-3.756561279296875
2025-12-31,2026-01-02,152.3019561767578,189.9657745361328,Wednesday,2,161.7602081298828,9.458251953125,210.5353240966797,20.569549560546875
2026-01-01,2026-01-02,161.5886688232422,218.34481811523438,Thursday,1,164.65980529785156,3.071136474609375,225.5149383544922,7.1701202392578125
2026-01-02,2026-01-02,153.86244201660156,195.67514038085938,Friday,0,175.08287048339844,21.220428466796875,232.9390106201172,37.26387023925781
2026-01-03,2026-01-05,256.7881774902344,241.99774169921875,Saturday,2,197.96221923828125,-58.825958251953125,208.50827026367188,-33.489471435546875
2026-01-04,2026-01-05,138.02365112304688,186.50286865234375,Sunday,1,135.55264282226562,-2.47100830078125,169.07440185546875,-17.428466796875
2026-01-05,2026-01-05,304.3981018066406,327.5626220703125,Monday,0,263.34222412109375,-41.055877685546875,299.65313720703125,-27.90948486328125
2026-01-06,2026-01-12,292.285400390625,436.233642578125,Tuesday,6,255.32977294921875,-36.95562744140625,379.9315490722656,-56.302093505859375
2026-01-07,2026-01-12,273.58258056640625,381.2036437988281,Wednesday,5,242.22332763671875,-31.3592529296875,348.395751953125,-32.807891845703125
2026-01-08,2026-01-12,278.3099670410156,327.3795471191406,Thursday,4,267.4366760253906,-10.873291015625,333.57293701171875,6.193389892578125
2026-01-09,2026-01-12,144.8116912841797,140.48471069335938,Friday,3,131.62521362304688,-13.186477661132812,118.57135772705078,-21.913352966308594
2026-01-10,2026-01-12,233.4849395751953,339.7626037597656,Saturday,2,192.19676208496094,-41.288177490234375,272.63006591796875,-67.13253784179688
2026-01-11,2026-01-12,130.41604614257812,216.8900604248047,Sunday,1,118.91268920898438,-11.50335693359375,197.75926208496094,-19.13079833984375
2026-01-12,2026-01-12,196.96348571777344,253.11656188964844,Monday,0,186.33192443847656,-10.631561279296875,241.01907348632812,-12.097488403320312
2026-01-13,2026-01-20,199.55227661132812,265.49432373046875,Tuesday,7,167.4221954345703,-32.13008117675781,228.7133026123047,-36.78102111816406
2026-01-14,2026-01-20,148.0083465576172,222.70455932617188,Wednesday,6,119.8833999633789,-28.12494659423828,178.3869171142578,-44.31764221191406
2026-01-15,2026-01-20,158.68588256835938,252.9085235595703,Thursday,5,152.97825622558594,-5.7076263427734375,225.05715942382812,-27.851364135742188
2026-01-16,2026-01-20,197.96221923828125,296.30120849609375,Friday,4,194.85691833496094,-3.1053009033203125,283.5518798828125,-12.74932861328125
2026-01-17,2026-01-20,100.992919921875,145.56321716308594,Saturday,3,71.53385162353516,-29.459068298339844,100.66293334960938,-44.90028381347656
2026-01-18,2026-01-20,106.06743621826172,94.9828872680664,Sunday,2,89.3094253540039,-16.758010864257812,81.01481628417969,-13.968070983886719
2026-01-19,2026-01-20,181.9040069580078,222.90782165527344,Monday,1,191.91197204589844,10.007965087890625,222.02548217773438,-0.8823394775390625
2026-01-20,2026-01-20,295.7649841308594,365.3933410644531,Tuesday,0,251.4282989501953,-44.33668518066406,303.1522216796875,-62.241119384765625
2026-01-21,2026-01-26,179.95840454101562,221.69046020507812,Wednesday,5,180.3575897216797,0.3991851806640625,219.9603729248047,-1.7300872802734375
2026-01-22,2026-01-26,176.4892578125,191.9121551513672,Thursday,4,133.7183380126953,-42.77091979980469,151.6240692138672,-40.2880859375
2026-01-23,2026-01-26,199.78521728515625,246.5120086669922,Friday,3,193.18576049804688,-6.599456787109375,255.1341552734375,8.622146606445312
2026-01-24,2026-01-26,150.57125854492188,226.5609130859375,Saturday,2,123.51947784423828,-27.051780700683594,168.07142639160156,-58.48948669433594
2026-01-25,2026-01-26,103.24886322021484,114.47288513183594,Sunday,1,85.1559829711914,-18.092880249023438,99.1338119506836,-15.339073181152344
2026-01-26,2026-01-26,67.14663696289062,86.85372161865234,Monday,0,80.7943344116211,13.647697448730469,76.78059387207031,-10.073127746582031
2026-01-27,2026-02-02,211.29547119140625,294.7205810546875,Tuesday,6,206.27711486816406,-5.0183563232421875,282.5132141113281,-12.207366943359375
2026-01-28,2026-02-02,157.42897033691406,218.1785125732422,Wednesday,5,134.1356658935547,-23.293304443359375,184.28018188476562,-33.89833068847656
2026-01-29,2026-02-02,213.49188232421875,297.7842102050781,Thursday,4,177.5683135986328,-35.92356872558594,244.39219665527344,-53.39201354980469
2026-01-30,2026-02-02,155.276611328125,210.41348266601562,Friday,3,161.4616241455078,6.1850128173828125,233.8729705810547,23.459487915039062
2026-01-31,2026-02-02,181.78724670410156,246.3377227783203,Saturday,2,129.1953125,-52.59193420410156,180.4822998046875,-65.85542297363281
2026-02-01,2026-02-02,125.793701171875,167.3622589111328,Sunday,1,106.85701751708984,-18.936683654785156,136.69993591308594,-30.662322998046875
2026-02-02,2026-02-02,95.55484008789062,66.21403503417969,Monday,0,109.20553588867188,13.65069580078125,121.07709503173828,54.863059997558594
2026-02-03,2026-02-09,148.80674743652344,161.39671325683594,Tuesday,6,141.4619598388672,-7.34478759765625,156.84007263183594,-4.556640625
2026-02-04,2026-02-09,280.49969482421875,388.7404479980469,Wednesday,5,239.60707092285156,-40.89262390136719,338.7093200683594,-50.0311279296875
2026-02-05,2026-02-09,154.5417022705078,145.2679443359375,Thursday,4,139.28529357910156,-15.25640869140625,120.85574340820312,-24.412200927734375
2026-02-06,2026-02-09,108.71361541748047,138.25694274902344,Friday,3,114.82037353515625,6.106758117675781,143.21510314941406,4.958160400390625
2026-02-07,2026-02-09,167.448486328125,181.6156463623047,Saturday,2,132.0625,-35.385986328125,146.41880798339844,-35.19683837890625
2026-02-08,2026-02-09,73.81766510009766,92.07255554199219,Sunday,1,64.23261260986328,-9.585052490234375,76.30204010009766,-15.770515441894531
2026-02-09,2026-02-09,142.56619262695312,125.52169799804688,Monday,0,114.00806427001953,-28.558128356933594,115.86823272705078,-9.653465270996094
2026-02-10,2026-02-17,60.59574890136719,78.38019561767578,Tuesday,7,59.25881576538086,-1.3369331359863281,78.84089660644531,0.46070098876953125
2026-02-11,2026-02-17,111.73343658447266,87.44457244873047,Wednesday,6,107.04885864257812,-4.684577941894531,69.23348999023438,-18.211082458496094
2026-02-12,2026-02-17,143.17581176757812,173.17117309570312,Thursday,5,125.64912414550781,-17.526687622070312,161.47091674804688,-11.70025634765625
2026-02-13,2026-02-17,126.52168273925781,181.7207489013672,Friday,4,116.78925323486328,-9.732429504394531,158.91368103027344,-22.80706787109375
2026-02-14,2026-02-17,96.8182601928711,103.50953674316406,Saturday,3,69.01182556152344,-27.806434631347656,79.45684051513672,-24.052696228027344
2026-02-15,2026-02-17,21.793209075927734,36.243473052978516,Sunday,2,21.51017951965332,-0.28302955627441406,35.77277755737305,-0.47069549560546875
2026-02-16,2026-02-17,66.08614349365234,109.9053955078125,Monday,1,72.96404266357422,6.877899169921875,121.3437728881836,11.438377380371094
2026-02-17,2026-02-17,96.71730041503906,93.82738494873047,Tuesday,0,76.59115600585938,-20.126144409179688,84.91726684570312,-8.910118103027344
2026-02-18,2026-02-23,145.67697143554688,221.20298767089844,Wednesday,5,122.04196166992188,-23.635009765625,183.6335906982422,-37.56939697265625
2026-02-19,2026-02-23,135.96359252929688,215.83799743652344,Thursday,4,113.25018310546875,-22.713409423828125,178.925048828125,-36.91294860839844
2026-02-20,2026-02-23,129.30096435546875,204.7958221435547,Friday,3,153.67581176757812,24.374847412109375,236.6412353515625,31.845413208007812
2026-02-21,2026-02-23,113.49268341064453,153.35568237304688,Saturday,2,78.07398223876953,-35.418701171875,102.01866149902344,-51.33702087402344
2026-02-22,2026-02-23,71.66613006591797,119.18526458740234,Sunday,1,62.062156677246094,-9.603973388671875,103.2132568359375,-15.972007751464844
2026-02-23,2026-02-23,76.85771942138672,102.25535583496094,Monday,0,139.28529357910156,62.427574157714844,171.21229553222656,68.95693969726562
2026-02-24,2026-03-02,257.86456298828125,395.8568420410156,Tuesday,6,197.6758270263672,-60.18873596191406,298.8611755371094,-96.99566650390625
2026-02-25,2026-03-02,149.43914794921875,227.81610107421875,Wednesday,5,138.26370239257812,-11.175445556640625,201.19854736328125,-26.6175537109375
2026-02-26,2026-03-02,216.30572509765625,318.61798095703125,Thursday,4,167.3013916015625,-49.00433349609375,250.40943908691406,-68.20854187011719
2026-02-27,2026-03-02,265.0054016113281,360.5895690917969,Friday,3,197.11146545410156,-67.89393615722656,273.1739196777344,-87.4156494140625
2026-02-28,2026-03-02,161.07623291015625,186.35121154785156,Saturday,2,110.59446716308594,-50.48176574707031,140.1337432861328,-46.21746826171875
2026-03-01,2026-03-02,369.0166015625,371.0730285644531,Sunday,1,273.90740966796875,-95.10919189453125,270.46807861328125,-100.60494995117188
2026-03-02,2026-03-02,597.4722290039062,804.9691162109375,Monday,0,500.8071594238281,-96.66506958007812,602.0773315429688,-202.89178466796875
2026-03-03,2026-03-09,387.8438415527344,465.2520751953125,Tuesday,6,391.0670166015625,3.223175048828125,478.21246337890625,12.96038818359375
2026-03-04,2026-03-09,461.638427734375,591.3624267578125,Wednesday,5,465.91864013671875,4.28021240234375,548.06591796875,-43.2965087890625
2026-03-05,2026-03-09,453.16436767578125,488.2742919921875,Thursday,4,413.3631591796875,-39.80120849609375,461.4382629394531,-26.836029052734375
2026-03-06,2026-03-09,333.5571594238281,267.7989807128906,Friday,3,314.74554443359375,-18.811614990234375,240.2682342529297,-27.530746459960938
2026-03-07,2026-03-09,279.3731689453125,132.74716186523438,Saturday,2,225.41140747070312,-53.961761474609375,130.39071655273438,-2.3564453125
2026-03-08,2026-03-09,250.00511169433594,194.89413452148438,Sunday,1,213.7140350341797,-36.29107666015625,177.7099151611328,-17.184219360351562
2026-03-09,2026-03-09,394.1728210449219,441.2248840332031,Monday,0,372.13006591796875,-22.042755126953125,365.2380676269531,-75.98681640625
2026-03-10,2026-03-16,474.2994689941406,488.29840087890625,Tuesday,6,457.110595703125,-17.188873291015625,434.40203857421875,-53.8963623046875
2026-03-11,2026-03-16,385.8725891113281,365.2926330566406,Wednesday,5,368.6567077636719,-17.21588134765625,346.53436279296875,-18.758270263671875
2026-03-12,2026-03-16,295.5657958984375,250.40943908691406,Thursday,4,313.2816162109375,17.7158203125,230.609619140625,-19.799819946289062
2026-03-13,2026-03-16,318.75653076171875,207.8870849609375,Friday,3,322.27532958984375,3.518798828125,246.0162811279297,38.12919616699219
2026-03-14,2026-03-16,348.69134521484375,356.8587951660156,Saturday,2,270.5178527832031,-78.17349243164062,246.16522216796875,-110.69357299804688
2026-03-15,2026-03-16,278.7804260253906,204.5423583984375,Sunday,1,236.6119842529297,-42.16844177246094,176.39678955078125,-28.14556884765625
2026-03-16,2026-03-16,248.8313751220703,271.57080078125,Monday,0,259.9399108886719,11.108535766601562,277.1130676269531,5.542266845703125
2026-03-17,2026-03-23,399.67584228515625,349.2417907714844,Tuesday,6,354.0606689453125,-45.61517333984375,289.4224853515625,-59.819305419921875
2026-03-18,2026-03-23,351.15557861328125,311.46331787109375,Wednesday,5,337.79473876953125,-13.36083984375,308.0694885253906,-3.393829345703125
2026-03-19,2026-03-23,387.1832275390625,388.39013671875,Thursday,4,375.6520080566406,-11.531219482421875,359.6946716308594,-28.695465087890625
2026-03-20,2026-03-23,307.0472717285156,304.4193115234375,Friday,3,328.51910400390625,21.471832275390625,309.5971374511719,5.177825927734375
2026-03-21,2026-03-23,309.3448486328125,332.25531005859375,Saturday,2,300.23272705078125,-9.11212158203125,307.9052429199219,-24.350067138671875
2026-03-22,2026-03-23,194.85691833496094,216.03952026367188,Sunday,1,174.76376342773438,-20.093154907226562,198.16575622558594,-17.873764038085938
2026-03-23,2026-03-23,335.1539001464844,337.0216369628906,Monday,0,300.5848388671875,-34.569061279296875,285.6522216796875,-51.369415283203125
2026-03-24,2026-03-30,287.1782531738281,344.31298828125,Tuesday,6,402.06890869140625,114.89065551757812,459.083984375,114.77099609375
2026-03-25,2026-03-30,282.04833984375,339.32293701171875,Wednesday,5,316.80596923828125,34.75762939453125,351.2454528808594,11.922515869140625
2026-03-26,2026-03-30,239.31097412109375,272.3083801269531,Thursday,4,310.55322265625,71.24224853515625,334.74871826171875,62.440338134765625
2026-03-27,2026-03-30,219.65054321289062,148.0915985107422,Friday,3,294.20831298828125,74.55776977539062,244.64341735839844,96.55181884765625
2026-03-28,2026-03-30,199.78521728515625,171.4866180419922,Saturday,2,241.18247985839844,41.39726257324219,163.71493530273438,-7.7716827392578125
2026-03-29,2026-03-30,225.8568878173828,208.67453002929688,Sunday,1,233.63198852539062,7.7751007080078125,222.02548217773438,13.3509521484375
2026-03-30,2026-03-30,181.4025115966797,170.51690673828125,Monday,0,266.5284423828125,85.12593078613281,253.28770446777344,82.77079772949219
2026-03-31,2026-04-01,416.81317138671875,437.80194091796875,Tuesday,1,447.822265625,31.00909423828125,492.8535461425781,55.051605224609375
2026-04-01,2026-04-01,281.46002197265625,336.06146240234375,Wednesday,0,282.5602111816406,1.100189208984375,319.9423522949219,-16.119110107421875
2026-04-02,2026-04-06,322.7317810058594,374.6935119628906,Thursday,4,271.8004455566406,-50.93133544921875,273.0960998535156,-101.597412109375
2026-04-03,2026-04-06,243.00689697265625,233.97329711914062,Friday,3,217.00830078125,-25.99859619140625,201.6785125732422,-32.29478454589844
2026-04-04,2026-04-06,253.78543090820312,177.7099151611328,Saturday,2,220.83786010742188,-32.94757080078125,157.4002227783203,-20.3096923828125
2026-04-05,2026-04-06,163.90309143066406,172.156494140625,Sunday,1,138.02365112304688,-25.879440307617188,143.46372985839844,-28.692764282226562
2026-04-06,2026-04-06,275.2563171386719,252.5619659423828,Monday,0,305.3057861328125,30.049468994140625,279.2584533691406,26.696487426757812
2026-04-07,2026-04-13,254.23770141601562,248.71365356445312,Tuesday,6,265.8233337402344,11.58563232421875,272.0497741699219,23.33612060546875
2026-04-08,2026-04-13,294.9076843261719,296.5511474609375,Wednesday,5,294.4504699707031,-0.45721435546875,295.8540954589844,-0.697052001953125
2026-04-09,2026-04-13,413.22418212890625,428.1028137207031,Thursday,4,446.9823303222656,33.758148193359375,488.7843933105469,60.68157958984375
2026-04-10,2026-04-13,329.39227294921875,289.4037780761719,Friday,3,321.28582763671875,-8.1064453125,285.583984375,-3.819793701171875
2026-04-11,2026-04-13,281.4074401855469,320.9130554199219,Saturday,2,267.4743957519531,-13.93304443359375,299.402587890625,-21.510467529296875
2026-04-12,2026-04-13,169.87527465820312,176.57077026367188,Sunday,1,206.0448760986328,36.16960144042969,210.87109375,34.300323486328125
2026-04-13,2026-04-13,304.21539306640625,393.50054931640625,Monday,0,374.40899658203125,70.193603515625,474.9144592285156,81.41390991210938
2026-04-14,2026-04-20,370.95550537109375,497.8670654296875,Tuesday,6,337.5500793457031,-33.405426025390625,475.73468017578125,-22.13238525390625
2026-04-15,2026-04-20,231.93922424316406,276.9339599609375,Wednesday,5,256.4920654296875,24.552841186523438,299.501220703125,22.5672607421875
2026-04-16,2026-04-20,357.3724365234375,422.8906555175781,Thursday,4,348.0371398925781,-9.335296630859375,403.0981140136719,-19.79254150390625
2026-04-17,2026-04-20,327.09375,316.4959716796875,Friday,3,305.10491943359375,-21.98883056640625,289.9477844238281,-26.548187255859375
2026-04-18,2026-04-20,227.5809783935547,273.34771728515625,Saturday,2,155.8855438232422,-71.6954345703125,186.33409118652344,-87.01362609863281
2026-04-19,2026-04-20,193.3732452392578,279.6450500488281,Sunday,1,175.66647338867188,-17.706771850585938,250.40943908691406,-29.235610961914062
2026-04-20,2026-04-20,173.9295654296875,249.81179809570312,Monday,0,218.8118133544922,44.88224792480469,262.8150329589844,13.00323486328125
2026-04-21,2026-04-27,183.63914489746094,258.41827392578125,Tuesday,6,164.67831420898438,-18.960830688476562,221.20298767089844,-37.21528625488281
2026-04-22,2026-04-27,225.70602416992188,231.84201049804688,Wednesday,5,224.47804260253906,-1.2279815673828125,221.97467041015625,-9.867340087890625
2026-04-23,2026-04-27,238.98284912109375,287.04248046875,Thursday,4,241.3528289794922,2.3699798583984375,280.96942138671875,-6.07305908203125
2026-04-24,2026-04-27,262.010986328125,331.992919921875,Friday,3,257.89886474609375,-4.11212158203125,304.9969787597656,-26.995941162109375
2026-04-25,2026-04-27,201.5761260986328,178.79132080078125,Saturday,2,178.49017333984375,-23.085952758789062,148.420166015625,-30.37115478515625
2026-04-26,2026-04-27,167.39039611816406,190.47100830078125,Sunday,1,139.47654724121094,-27.913848876953125,159.4712677001953,-30.999740600585938
2026-04-27,2026-04-27,135.36935424804688,119.18526458740234,Monday,0,124.87854766845703,-10.490806579589844,131.16685485839844,11.981590270996094
2026-04-28,2026-05-01,249.3330535888672,189.5572509765625,Tuesday,3,203.45904541015625,-45.87400817871094,169.1825714111328,-20.374679565429688
2026-04-29,2026-05-01,252.76620483398438,265.49432373046875,Wednesday,2,248.29116821289062,-4.47503662109375,241.71148681640625,-23.7828369140625
2026-04-30,2026-05-01,207.0354766845703,215.19561767578125,Thursday,1,193.47740173339844,-13.558074951171875,204.7595672607422,-10.436050415039062
2026-05-01,2026-05-01,178.65533447265625,247.59585571289062,Friday,0,249.7806854248047,71.12535095214844,306.60546875,59.009613037109375
2026-05-02,2026-05-04,198.8912353515625,182.49301147460938,Saturday,2,131.6600799560547,-67.23115539550781,122.61701965332031,-59.87599182128906
2026-05-03,2026-05-04,169.87527465820312,141.25660705566406,Sunday,1,145.13827514648438,-24.73699951171875,127.7862548828125,-13.470352172851562
2026-05-04,2026-05-04,189.28958129882812,186.0184326171875,Monday,0,207.0354766845703,17.745895385742188,211.03053283691406,25.012100219726562
2026-05-05,2026-05-11,299.152587890625,412.56884765625,Tuesday,6,287.1782531738281,-11.974334716796875,366.5267333984375,-46.0421142578125
2026-05-06,2026-05-11,257.4183349609375,349.2417907714844,Wednesday,5,284.81890869140625,27.40057373046875,380.9967956542969,31.7550048828125
2026-05-07,2026-05-11,287.0892028808594,367.2671813964844,Thursday,4,298.7285461425781,11.63934326171875,386.4033508300781,19.13616943359375
2026-05-08,2026-05-11,235.74844360351562,291.5350646972656,Friday,3,250.9521026611328,15.203659057617188,278.2326965332031,-13.3023681640625
2026-05-09,2026-05-11,220.3639373779297,224.61618041992188,Saturday,2,174.6328887939453,-45.731048583984375,172.4401092529297,-52.17607116699219
2026-05-10,2026-05-11,166.5047149658203,131.16685485839844,Sunday,1,139.8445587158203,-26.66015625,116.28512573242188,-14.881729125976562
2026-05-11,2026-05-11,286.5834655761719,336.4279479980469,Monday,0,274.9018859863281,-11.68157958984375,285.7369079589844,-50.6910400390625
2026-05-12,2026-05-18,199.55227661132812,188.05848693847656,Tuesday,6,218.41107177734375,18.858795166015625,191.7053985595703,3.64691162109375
2026-05-13,2026-05-18,241.0392303466797,251.9712371826172,Wednesday,5,238.7987823486328,-2.240447998046875,264.75823974609375,12.787002563476562
2026-05-14,2026-05-18,183.27731323242188,169.33425903320312,Thursday,4,207.7994384765625,24.522125244140625,193.1201934814453,23.785934448242188
2026-05-15,2026-05-18,228.6660614013672,318.61798095703125,Friday,3,201.25616455078125,-27.409896850585938,271.3796691894531,-47.238311767578125
2026-05-16,2026-05-18,171.66856384277344,211.4782257080078,Saturday,2,168.60374450683594,-3.0648193359375,222.66946411132812,11.191238403320312
2026-05-17,2026-05-18,156.86253356933594,184.14511108398438,Sunday,1,130.26951599121094,-26.593017578125,154.74740600585938,-29.397705078125
2026-05-18,2026-05-18,210.57887268066406,175.10292053222656,Monday,0,225.25460815429688,14.675735473632812,209.34228515625,34.23936462402344
2026-05-19,2026-05-26,212.42919921875,264.9622802734375,Tuesday,7,222.44102478027344,10.011825561523438,269.9513854980469,4.989105224609375
2026-05-20,2026-05-26,239.9445343017578,310.3666076660156,Wednesday,6,256.6934509277344,16.748916625976562,304.9266052246094,-5.44000244140625
2026-05-21,2026-05-26,201.81610107421875,243.04446411132812,Thursday,5,190.37745666503906,-11.438644409179688,211.0730743408203,-31.971389770507812
2026-05-22,2026-05-26,138.5255584716797,160.2620391845703,Friday,4,149.3144073486328,10.788848876953125,183.94017028808594,23.678131103515625
2026-05-23,2026-05-26,176.85165405273438,169.6819610595703,Saturday,3,116.60237884521484,-60.24927520751953,114.58735656738281,-55.0946044921875
2026-05-24,2026-05-26,207.65350341796875,246.67198181152344,Sunday,2,179.05772399902344,-28.595779418945312,215.0663604736328,-31.605621337890625
2026-05-25,2026-05-26,179.31277465820312,251.1228485107422,Monday,1,198.40899658203125,19.096221923828125,286.9274597167969,35.80461120605469
2026-05-26,2026-05-26,165.23497009277344,196.28294372558594,Tuesday,0,163.7390899658203,-1.495880126953125,198.9945831298828,2.711639404296875
2026-05-27,2026-06-01,215.101806640625,274.2579650878906,Wednesday,5,181.51055908203125,-33.59124755859375,226.39756774902344,-47.86039733886719
2026-05-28,2026-06-01,216.50770568847656,264.04827880859375,Thursday,4,184.39739990234375,-32.11030578613281,229.9983367919922,-34.04994201660156
2026-05-29,2026-06-01,208.5249481201172,257.6154479980469,Friday,3,193.2331085205078,-15.291839599609375,220.3603057861328,-37.25514221191406
2026-05-30,2026-06-01,211.13070678710938,242.15419006347656,Saturday,2,204.27500915527344,-6.8556976318359375,257.0870361328125,14.932846069335938
2026-05-31,2026-06-01,128.82208251953125,153.02798461914062,Sunday,1,109.50636291503906,-19.315719604492188,136.5869598388672,-16.441024780273438
2026-06-01,2026-06-01,113.94581604003906,108.28516387939453,Monday,0,152.68348693847656,38.7376708984375,154.56134033203125,46.27617645263672
2026-06-02,2026-06-08,213.28402709960938,243.8594970703125,Tuesday,6,198.75405883789062,-14.52996826171875,220.3603057861328,-23.499191284179688
2026-06-03,2026-06-08,211.29547119140625,294.7205810546875,Wednesday,5,242.838623046875,31.54315185546875,321.01361083984375,26.29302978515625
2026-06-04,2026-06-08,240.65663146972656,270.7418212890625,Thursday,4,190.74285888671875,-49.91377258300781,222.0521240234375,-48.689697265625
2026-06-05,2026-06-08,120.34184265136719,105.33475494384766,Friday,3,127.8534927368164,7.511650085449219,125.64402770996094,20.30927276611328
2026-06-06,2026-06-08,151.7206573486328,178.72735595703125,Saturday,2,110.41893005371094,-41.301727294921875,125.20471954345703,-53.52263641357422
2026-06-07,2026-06-08,128.64340209960938,120.34239959716797,Sunday,1,111.74927520751953,-16.894126892089844,106.19773864746094,-14.144660949707031
2026-06-08,2026-06-08,198.25840759277344,206.07261657714844,Monday,0,237.08238220214844,38.823974609375,295.7121276855469,89.63951110839844
2026-06-09,2026-06-15,269.1060791015625,340.9830627441406,Tuesday,6,219.68162536621094,-49.42445373535156,259.58673095703125,-81.39633178710938
2026-06-10,2026-06-15,196.3972930908203,293.9588928222656,Wednesday,5,168.02879333496094,-28.368499755859375,249.5021514892578,-44.45674133300781
2026-06-11,2026-06-15,206.6555938720703,242.59849548339844,Thursday,4,173.7556610107422,-32.899932861328125,186.43003845214844,-56.16845703125
2026-06-12,2026-06-15,189.62820434570312,216.81246948242188,Friday,3,168.34361267089844,-21.284591674804688,180.62318420410156,-36.18928527832031
2026-06-13,2026-06-15,246.98968505859375,277.8666076660156,Saturday,2,176.0833282470703,-70.90635681152344,192.17469787597656,-85.69190979003906
2026-06-14,2026-06-15,288.04937744140625,324.05926513671875,Sunday,1,214.54454040527344,-73.50483703613281,242.62469482421875,-81.4345703125
2026-06-15,2026-06-15,164.1797332763672,256.9799499511719,Monday,0,208.66567993164062,44.48594665527344,314.4906005859375,57.510650634765625
2026-06-16,2026-06-22,303.65203857421875,355.7900695800781,Tuesday,6,280.6226806640625,-23.02935791015625,365.2380676269531,9.447998046875
2026-06-17,2026-06-22,208.95602416992188,286.1822204589844,Wednesday,5,254.37806701660156,45.42204284667969,357.2394104003906,71.05718994140625
2026-06-18,2026-06-22,264.2320556640625,332.25531005859375,Thursday,4,249.3330535888672,-14.899002075195312,315.9287414550781,-16.326568603515625
2026-06-19,2026-06-22,252.11932373046875,326.1146240234375,Friday,3,152.5942840576172,-99.52503967285156,179.75648498535156,-146.35813903808594
2026-06-20,2026-06-22,230.32168579101562,315.4441833496094,Saturday,2,190.31832885742188,-40.00335693359375,256.63079833984375,-58.813385009765625
2026-06-21,2026-06-22,86.7164306640625,100.95040130615234,Sunday,1,78.45555114746094,-8.260879516601562,86.98432922363281,-13.966072082519531
2026-06-22,2026-06-22,159.3386993408203,237.09652709960938,Monday,0,180.93856811523438,21.599868774414062,277.7651062011719,40.6685791015625
2026-06-23,2026-06-29,192.24722290039062,233.6409454345703,Tuesday,6,168.54551696777344,-23.701705932617188,172.49339294433594,-61.147552490234375
2026-06-24,2026-06-29,224.2550811767578,277.0487365722656,Wednesday,5,116.84542083740234,-107.40966033935547,165.17306518554688,-111.87567138671875
2026-06-25,2026-06-29,264.73388671875,180.62318420410156,Thursday,4,226.97222900390625,-37.76165771484375,142.82611083984375,-37.79707336425781
2026-06-26,2026-06-29,154.6261444091797,227.48146057128906,Friday,3,124.08641052246094,-30.53973388671875,188.4188232421875,-39.06263732910156
2026-06-27,2026-06-29,223.4668731689453,240.47256469726562,Saturday,2,128.79345703125,-94.67341613769531,111.37962341308594,-129.0929412841797
2026-06-28,2026-06-29,147.0330352783203,201.37364196777344,Sunday,1,113.3246841430664,-33.708351135253906,144.97389221191406,-56.399749755859375
2026-06-29,2026-06-29,224.74649047851562,195.00912475585938,Monday,0,173.9934539794922,-50.75303649902344,178.06893920898438,-16.940185546875
2026-06-30,2026-07-01,149.9222412109375,166.2200469970703,Tuesday,1,139.61013793945312,-10.312103271484375,158.3048095703125,-7.9152374267578125
2026-07-01,2026-07-01,150.93234252929688,198.16575622558594,Wednesday,0,152.8877410888672,1.9553985595703125,188.34214782714844,-9.8236083984375
2026-07-02,2026-07-06,85.61308288574219,32.85690689086914,Thursday,4,89.20738983154297,3.5943069458007812,59.34299087524414,26.486083984375
2026-07-03,2026-07-06,101.61250305175781,101.39278411865234,Friday,3,56.78687286376953,-44.82563018798828,62.960086822509766,-38.43269729614258
2026-07-04,2026-07-06,66.75199127197266,97.13615417480469,Saturday,2,61.801631927490234,-4.950359344482422,82.22399139404297,-14.912162780761719
2026-07-05,2026-07-06,45.007713317871094,44.9103889465332,Sunday,1,36.00617218017578,-9.001541137695312,44.9103889465332,0.0
2026-07-06,2026-07-06,107.658447265625,82.6351089477539,Monday,0,95.92377471923828,-11.734672546386719,85.0811996459961,2.4460906982421875
2026-07-07,2026-07-07,169.1100616455078,99.26139831542969,Tuesday,0,158.36978149414062,-10.740280151367188,153.63766479492188,54.37626647949219
2026-07-08,2026-07-13,187.5038299560547,242.53492736816406,Wednesday,5,191.47789001464844,3.97406005859375,244.13714599609375,1.6022186279296875
2026-07-09,2026-07-13,149.6437225341797,203.61834716796875,Thursday,4,185.75144958496094,36.10772705078125,247.13304138183594,43.51469421386719
2026-07-10,2026-07-13,123.60326385498047,174.72598266601562,Friday,3,155.00750732421875,31.40424346923828,200.5011444091797,25.775161743164062
2026-07-11,2026-07-13,170.9712371826172,189.5572509765625,Saturday,2,144.95838928222656,-26.012847900390625,160.71658325195312,-28.840667724609375
2026-07-12,2026-07-13,163.3594970703125,196.2112274169922,Sunday,1,163.3594970703125,0.0,196.2112274169922,0.0
2026-07-13,2026-07-13,154.28396606445312,120.74537658691406,Monday,0,191.10968017578125,36.825714111328125,188.34214782714844,67.59677124023438
2026-07-14,2026-07-20,355.1768493652344,421.9152526855469,Tuesday,6,333.2168884277344,-21.9599609375,358.574462890625,-63.340789794921875
2026-07-15,2026-07-20,220.40567016601562,258.7400817871094,Wednesday,5,163.50881958007812,-56.8968505859375,191.35491943359375,-67.38516235351562
2026-07-16,2026-07-20,225.69143676757812,169.5079345703125,Thursday,4,209.49044799804688,-16.20098876953125,141.5357666015625,-27.97216796875
2026-07-17,2026-07-20,141.67803955078125,145.85968017578125,Friday,3,165.9356689453125,24.25762939453125,183.97427368164062,38.114593505859375
2026-07-18,2026-07-20,141.67803955078125,168.29962158203125,Saturday,2,148.07835388183594,6.4003143310546875,173.29660034179688,4.996978759765625
2026-07-19,2026-07-20,145.5133056640625,170.8219451904297,Sunday,1,127.73397827148438,-17.779327392578125,141.61973571777344,-29.20220947265625
2026-07-20,2026-07-20,191.7802276611328,246.4556121826172,Monday,0,221.79177856445312,30.011550903320312,297.4626159667969,51.00700378417969
2026-07-21,2026-07-27,126.2637939453125,172.92848205566406,Tuesday,6,143.43077087402344,17.166976928710938,204.4580078125,31.529525756835938
2026-07-22,2026-07-27,206.6050567626953,274.8777160644531,Wednesday,5,203.06927490234375,-3.5357818603515625,284.94866943359375,10.070953369140625
2026-07-23,2026-07-27,306.2037353515625,347.2063903808594,Thursday,4,270.1511535644531,-36.052581787109375,299.51885986328125,-47.687530517578125
2026-07-24,2026-07-27,284.8808288574219,264.432373046875,Friday,3,309.0081787109375,24.127349853515625,328.8959655761719,64.46359252929688
2026-07-25,2026-07-27,183.63914489746094,199.6868438720703,Saturday,2,134.29327392578125,-49.34587097167969,158.19784545898438,-41.48899841308594
2026-07-26,2026-07-27,193.3732452392578,265.6628112792969,Sunday,1,167.72494506835938,-25.648300170898438,223.14967346191406,-42.51313781738281
2026-07-27,2026-07-27,195.904541015625,207.3282470703125,Monday,0,187.3624267578125,-8.5421142578125,174.49346923828125,-32.83477783203125
2026-07-28,2026-08-03,144.323486328125,194.3011016845703,Tuesday,6,152.8877410888672,8.564254760742188,190.69642639160156,-3.60467529296875
2026-07-29,2026-08-03,144.62353515625,217.61154174804688,Wednesday,5,139.3431854248047,-5.2803497314453125,210.6695098876953,-6.9420318603515625
2026-07-30,2026-08-03,234.22195434570312,267.1033935546875,Thursday,4,226.7156524658203,-7.5063018798828125,251.361572265625,-15.7418212890625
2026-07-31,2026-08-03,146.04507446289062,132.48114013671875,Friday,3,169.5853729248047,23.540298461914062,159.817626953125,27.33648681640625
2026-08-01,2026-08-03,150.57125854492188,193.49819946289062,Saturday,2,119.27412414550781,-31.297134399414062,162.29481506347656,-31.203384399414062
2026-08-02,2026-08-03,91.25531005859375,121.41063690185547,Sunday,1,81.90414428710938,-9.351165771484375,105.94245910644531,-15.468177795410156
2026-08-03,2026-08-03,225.21707153320312,156.0625457763672,Monday,0,179.05772399902344,-46.15934753417969,136.4844207763672,-19.578125
2026-08-04,2026-08-10,166.71566772460938,156.7113800048828,Tuesday,6,166.62815856933594,-0.0875091552734375,133.01426696777344,-23.697113037109375
2026-08-05,2026-08-10,141.8658447265625,153.35568237304688,Wednesday,5,138.8501434326172,-3.0157012939453125,164.94033813476562,11.58465576171875
2026-08-06,2026-08-10,117.00018310546875,145.93397521972656,Thursday,4,119.01441192626953,2.0142288208007812,153.94432067871094,8.010345458984375
2026-08-07,2026-08-10,170.60433959960938,153.6847686767578,Friday,3,167.888427734375,-2.715911865234375,139.60447692871094,-14.080291748046875
2026-08-08,2026-08-10,101.47909545898438,84.38304901123047,Saturday,2,104.79124450683594,3.3121490478515625,87.13719940185547,2.754150390625
2026-08-09,2026-08-10,71.4300308227539,44.5472297668457,Sunday,1,61.50655746459961,-9.923473358154297,43.838260650634766,-0.7089691162109375
2026-08-10,2026-08-10,154.9739227294922,209.40672302246094,Monday,0,88.13927459716797,-66.83464813232422,97.72075653076172,-111.68596649169922
2026-08-11,2026-08-17,106.85701751708984,106.6259536743164,Tuesday,6,97.619873046875,-9.237144470214844,97.40878295898438,-9.217170715332031
2026-08-12,2026-08-17,158.68588256835938,175.93637084960938,Wednesday,5,142.14376831054688,-16.5421142578125,154.1699981689453,-21.766372680664062
2026-08-13,2026-08-17,118.5706558227539,123.2440185546875,Thursday,4,109.28058624267578,-9.290069580078125,124.94657135009766,1.7025527954101562
2026-08-14,2026-08-17,138.60116577148438,184.40191650390625,Friday,3,109.98760223388672,-28.613563537597656,150.63693237304688,-33.764984130859375
2026-08-15,2026-08-17,46.562198638916016,55.31132125854492,Saturday,2,38.58231735229492,-7.979881286621094,36.66560745239258,-18.645713806152344
2026-08-16,2026-08-17,56.30426788330078,93.63752746582031,Sunday,1,47.05352020263672,-9.250747680664062,78.2529525756836,-15.384574890136719
2026-08-17,2026-08-17,144.47335815429688,85.81008911132812,Monday,0,156.7236328125,12.250274658203125,154.0152587890625,68.20516967773438
2026-08-18,2026-08-24,210.09942626953125,279.5268249511719,Tuesday,6,200.5656280517578,-9.533798217773438,279.7543029785156,0.22747802734375
2026-08-19,2026-08-24,111.8166275024414,116.22379302978516,Wednesday,5,97.81204223632812,-14.004585266113281,108.44503021240234,-7.7787628173828125
2026-08-20,2026-08-24,169.5130615234375,187.94056701660156,Thursday,4,169.20777893066406,-0.3052825927734375,173.17117309570312,-14.769393920898438
2026-08-21,2026-08-24,173.20616149902344,228.0417022705078,Friday,3,159.96302795410156,-13.243133544921875,210.60592651367188,-17.435775756835938
2026-08-22,2026-08-24,155.80584716796875,191.5196990966797,Saturday,2,144.02468872070312,-11.781158447265625,175.03536987304688,-16.484329223632812
2026-08-23,2026-08-24,56.14521408081055,93.37300872802734,Sunday,1,56.9495849609375,0.8043708801269531,94.71073150634766,1.3377227783203125
2026-08-24,2026-08-24,165.19366455078125,187.9713897705078,Monday,0,173.5154571533203,8.321792602539062,183.6335906982422,-4.337799072265625
2026-08-25,2026-08-31,168.02879333496094,212.90850830078125,Tuesday,6,168.02879333496094,0.0,212.90850830078125,0.0
2026-08-26,2026-08-31,146.4503631591797,150.77284240722656,Wednesday,5,147.06959533691406,0.619232177734375,151.4103546142578,0.63751220703125
2026-08-27,2026-08-31,165.28404235839844,240.51800537109375,Thursday,4,165.28404235839844,0.0,240.51800537109375,0.0
2026-08-28,2026-08-31,181.41851806640625,189.9657745361328,Friday,3,180.68551635742188,-0.733001708984375,189.19822692871094,-0.767547607421875
2026-08-29,2026-08-31,107.88056182861328,73.87557983398438,Saturday,2,108.08761596679688,0.20705413818359375,74.01737976074219,0.1417999267578125
2026-08-30,2026-08-31,78.45555114746094,86.98432922363281,Sunday,1,78.87065887451172,0.41510772705078125,87.44457244873047,0.46024322509765625
2026-08-31,2026-08-31,182.43125915527344,207.58578491210938,Monday,0,145.89028930664062,-36.54096984863281,185.53651428222656,-22.049270629882812
2026-09-01,2026-09-01,201.26992797851562,237.09652709960938,Tuesday,0,167.448486328125,-33.821441650390625,205.8310546875,-31.265472412109375
2026-09-02,2026-09-08,215.101806640625,274.2579650878906,Wednesday,6,222.2718505859375,7.1700439453125,286.1822204589844,11.92425537109375
2026-09-03,2026-09-08,168.43563842773438,233.43252563476562,Thursday,5,168.43563842773438,0.0,233.43252563476562,0.0
2026-09-04,2026-09-08,159.4671630859375,120.54721069335938,Friday,4,160.87525939941406,1.4080963134765625,121.61164855957031,1.0644378662109375
2026-09-05,2026-09-08,155.4878692626953,213.61459350585938,Saturday,3,161.9177703857422,6.429901123046875,224.3994903564453,10.784896850585938
2026-09-06,2026-09-08,109.29791259765625,111.85801696777344,Sunday,2,110.13652038574219,0.8386077880859375,112.71627044677734,0.8582534790039062
2026-09-07,2026-09-08,144.86447143554688,192.73497009277344,Monday,1,143.60842895507812,-1.25604248046875,191.0638427734375,-1.6711273193359375
2026-09-08,2026-09-08,83.65069580078125,97.3814468383789,Tuesday,0,101.03692626953125,17.38623046875,108.01976013183594,10.638313293457031
2026-09-09,2026-09-14,220.83786010742188,331.7251892089844,Wednesday,5,221.3137969970703,0.4759368896484375,332.4400939941406,0.71490478515625
2026-09-10,2026-09-14,190.22665405273438,239.99636840820312,Thursday,4,190.22665405273438,0.0,239.99636840820312,0.0
2026-09-11,2026-09-14,208.3376007080078,184.78851318359375,Friday,3,209.2147979736328,0.877197265625,185.56655883789062,0.778045654296875
2026-09-12,2026-09-14,101.53463745117188,84.42923736572266,Saturday,2,107.0601806640625,5.525543212890625,94.26058197021484,9.831344604492188
2026-09-13,2026-09-14,137.68618774414062,161.63348388671875,Sunday,1,129.9046173095703,-7.7815704345703125,162.02963256835938,0.396148681640625
2026-09-14,2026-09-14,189.52500915527344,219.26397705078125,Monday,0,198.18780517578125,8.662796020507812,235.4276885986328,16.163711547851562
2026-09-15,2026-09-21,212.16859436035156,227.6449432373047,Tuesday,6,212.16859436035156,0.0,227.6449432373047,0.0
2026-09-16,2026-09-21,226.0174102783203,246.67198181152344,Wednesday,5,226.0174102783203,0.0,246.67198181152344,0.0
2026-09-17,2026-09-21,81.96043395996094,68.15267181396484,Thursday,4,81.96043395996094,0.0,68.15267181396484,0.0
2026-09-18,2026-09-21,121.5621109008789,131.4075164794922,Friday,3,121.5621109008789,0.0,131.4075164794922,0.0
2026-09-19,2026-09-21,128.97291564941406,180.62318420410156,Saturday,2,128.97291564941406,0.0,180.62318420410156,0.0
2026-09-20,2026-09-21,149.85426330566406,170.51690673828125,Sunday,1,149.85426330566406,0.0,170.51690673828125,0.0
2026-09-21,2026-09-21,165.19366455078125,216.8900604248047,Monday,0,165.19366455078125,0.0,216.8900604248047,0.0
