horizon,Date,Date_parsed,fold,test_year,include_in_main,y_true,pred_xgboost,pred_train_mean,pred_past_vol
22,03.01.2012,2012-01-03,1,2012,True,0.0092004954032037,0.017883195690154372,0.0240709879310595,0.015494138686245409
22,04.01.2012,2012-01-04,1,2012,True,0.0090648062183402,0.01577560747781877,0.0240709879310595,0.01778807115870195
22,05.01.2012,2012-01-05,1,2012,True,0.0088243976190632,0.01557720319267835,0.0240709879310595,0.01757394865908127
22,06.01.2012,2012-01-06,1,2012,True,0.0089436457802958,0.015370458605333067,0.0240709879310595,0.017640460198631306
22,09.01.2012,2012-01-09,1,2012,True,0.0090496666225299,0.015641566441025666,0.0240709879310595,0.01763602520715482
22,10.01.2012,2012-01-10,1,2012,True,0.0094022252727326,0.015921050809543886,0.0240709879310595,0.017603518159563913
22,11.01.2012,2012-01-11,1,2012,True,0.0091118583265639,0.016589373661117755,0.0240709879310595,0.01743689325094998
22,12.01.2012,2012-01-12,1,2012,True,0.00877504584792,0.016700769604026718,0.0240709879310595,0.01730312448495972
22,13.01.2012,2012-01-13,1,2012,True,0.0085069493056746,0.01709295530557226,0.0240709879310595,0.017429846621319862
22,17.01.2012,2012-01-17,1,2012,True,0.0085088247534705,0.024395342161177124,0.0240709879310595,0.01726980681759197
22,18.01.2012,2012-01-18,1,2012,True,0.0083241977120738,0.021946718184886773,0.0240709879310595,0.016840841838897613
22,19.01.2012,2012-01-19,1,2012,True,0.0087814586700444,0.019539941119858097,0.0240709879310595,0.014079911283577974
22,20.01.2012,2012-01-20,1,2012,True,0.0077442717139996,0.020854321704575508,0.0240709879310595,0.0141243930851475
22,23.01.2012,2012-01-23,1,2012,True,0.0077395779881691,0.02152461586621909,0.0240709879310595,0.014033845777664056
22,24.01.2012,2012-01-24,1,2012,True,0.0076679782686216,0.02310531177674009,0.0240709879310595,0.0140566850623206
22,25.01.2012,2012-01-25,1,2012,True,0.008270560493786,0.02062208506592677,0.0240709879310595,0.01283586632348127
22,26.01.2012,2012-01-26,1,2012,True,0.0100198525684073,0.01934231619831875,0.0240709879310595,0.012734679281784051
22,27.01.2012,2012-01-27,1,2012,True,0.0100674197161408,0.020461296225866902,0.0240709879310595,0.012848449407376844
22,30.01.2012,2012-01-30,1,2012,True,0.0109948104251373,0.019110187577696357,0.0240709879310595,0.012888489680329237
22,31.01.2012,2012-01-31,1,2012,True,0.0123345691147401,0.01935944581151852,0.0240709879310595,0.012764881258223407
22,01.02.2012,2012-02-01,1,2012,True,0.012359415102414,0.017959456002512288,0.0240709879310595,0.012229927290754415
22,02.02.2012,2012-02-02,1,2012,True,0.0130432857279379,0.019398606347352527,0.0240709879310595,0.012243038411956304
22,03.02.2012,2012-02-03,1,2012,True,0.0127618511044168,0.018647954576611853,0.0240709879310595,0.012147467154433263
22,06.02.2012,2012-02-06,1,2012,True,0.0127299054876846,0.014578862366818922,0.0240709879310595,0.00920049540320367
22,07.02.2012,2012-02-07,1,2012,True,0.0127287370049764,0.014384946352892152,0.0240709879310595,0.00906480621834019
22,08.02.2012,2012-02-08,1,2012,True,0.0128160910178523,0.01418667890077914,0.0240709879310595,0.008824397619063153
22,09.02.2012,2012-02-09,1,2012,True,0.0127006822976832,0.01412101019258715,0.0240709879310595,0.008943645780295746
22,10.02.2012,2012-02-10,1,2012,True,0.0126558960158195,0.014808088950017326,0.0240709879310595,0.009049666622529809
22,13.02.2012,2012-02-13,1,2012,True,0.0130013975655818,0.015181623698752984,0.0240709879310595,0.009402225272732519
22,14.02.2012,2012-02-14,1,2012,True,0.0134415510771169,0.01515368830827586,0.0240709879310595,0.009111858326563816
22,15.02.2012,2012-02-15,1,2012,True,0.0134373063123019,0.013828786864867148,0.0240709879310595,0.008775045847919946
22,16.02.2012,2012-02-16,1,2012,True,0.0137096268395383,0.013436939050123373,0.0240709879310595,0.008506949305674598
22,17.02.2012,2012-02-17,1,2012,True,0.013647946604774,0.012998100390897075,0.0240709879310595,0.008508824753470423
22,21.02.2012,2012-02-21,1,2012,True,0.0133565640870731,0.013265585649570606,0.0240709879310595,0.008324197712073735
22,22.02.2012,2012-02-22,1,2012,True,0.013614537927347,0.013612492640451942,0.0240709879310595,0.008781458670044338
22,23.02.2012,2012-02-23,1,2012,True,0.0135895353469397,0.011693408929880507,0.0240709879310595,0.007744271713999572
22,24.02.2012,2012-02-24,1,2012,True,0.0132203768483395,0.011784249576421985,0.0240709879310595,0.007739577988169082
22,27.02.2012,2012-02-27,1,2012,True,0.0132450556526295,0.01206070293769606,0.0240709879310595,0.007667978268621532
22,28.02.2012,2012-02-28,1,2012,True,0.0127862987672208,0.012798144306676843,0.0240709879310595,0.00827056049378593
22,29.02.2012,2012-02-29,1,2012,True,0.0126653139432938,0.014641584290971827,0.0240709879310595,0.010019852568407272
22,01.03.2012,2012-03-01,1,2012,True,0.0119112563397907,0.01446123228511988,0.0240709879310595,0.010067419716140747
22,02.03.2012,2012-03-02,1,2012,True,0.0110860032257265,0.015013676789323279,0.0240709879310595,0.010994810425137273
22,05.03.2012,2012-03-05,1,2012,True,0.011938427788899,0.017103740139305,0.0240709879310595,0.012334569114740115
22,06.03.2012,2012-03-06,1,2012,True,0.0116546193282555,0.01708117982191246,0.0240709879310595,0.012359415102413968
22,07.03.2012,2012-03-07,1,2012,True,0.0111016497110127,0.018357006983931546,0.0240709879310595,0.01304328572793789
22,08.03.2012,2012-03-08,1,2012,True,0.0117886611496343,0.017655098820667632,0.0240709879310595,0.01276185110441677
22,09.03.2012,2012-03-09,1,2012,True,0.0117486942491141,0.016771524464915435,0.0240709879310595,0.0127299054876846
22,12.03.2012,2012-03-12,1,2012,True,0.0121390373932792,0.018592637464948793,0.0240709879310595,0.012728737004976391
22,13.03.2012,2012-03-13,1,2012,True,0.0120095209000572,0.020913102476244158,0.0240709879310595,0.012816091017852234
22,14.03.2012,2012-03-14,1,2012,True,0.0130049454123119,0.022062367397026546,0.0240709879310595,0.01270068229768323
22,15.03.2012,2012-03-15,1,2012,True,0.0128592718877335,0.022901590381778605,0.0240709879310595,0.012655896015819507
22,16.03.2012,2012-03-16,1,2012,True,0.0120970339447767,0.022776896762869262,0.0240709879310595,0.01300139756558177
22,19.03.2012,2012-03-19,1,2012,True,0.012107894905652,0.022267973724180375,0.0240709879310595,0.013441551077116925
22,20.03.2012,2012-03-20,1,2012,True,0.0120541076315502,0.021923958473487614,0.0240709879310595,0.013437306312301913
22,21.03.2012,2012-03-21,1,2012,True,0.0120450874330921,0.02364208397404631,0.0240709879310595,0.013709626839538297
22,22.03.2012,2012-03-22,1,2012,True,0.0119727995138035,0.02218397366627692,0.0240709879310595,0.013647946604773972
22,23.03.2012,2012-03-23,1,2012,True,0.0115183492054479,0.022373927192383916,0.0240709879310595,0.013356564087073117
22,26.03.2012,2012-03-26,1,2012,True,0.0115980757777753,0.02397346845443495,0.0240709879310595,0.013614537927346987
22,27.03.2012,2012-03-27,1,2012,True,0.0115987462081226,0.023732503691936063,0.0240709879310595,0.013589535346939732
22,28.03.2012,2012-03-28,1,2012,True,0.0114291339189443,0.02299682091699972,0.0240709879310595,0.013220376848339524
22,29.03.2012,2012-03-29,1,2012,True,0.0110921522857308,0.021994077141237172,0.0240709879310595,0.01324505565262944
22,30.03.2012,2012-03-30,1,2012,True,0.011282290404038,0.02061979621697946,0.0240709879310595,0.01278629876722083
22,02.04.2012,2012-04-02,1,2012,True,0.0106335476268801,0.02253411093580403,0.0240709879310595,0.012665313943293751
22,03.04.2012,2012-04-03,1,2012,True,0.0116050229557343,0.018652800057175938,0.0240709879310595,0.0119112563397907
22,04.04.2012,2012-04-04,1,2012,True,0.0110721024436651,0.01785184853170156,0.0240709879310595,0.011086003225726497
22,05.04.2012,2012-04-05,1,2012,True,0.0107194406042115,0.018219504099405717,0.0240709879310595,0.011938427788898991
22,09.04.2012,2012-04-09,1,2012,True,0.0108508335135772,0.018212150230295182,0.0240709879310595,0.011654619328255459
22,10.04.2012,2012-04-10,1,2012,True,0.009957200285166,0.01695231649123699,0.0240709879310595,0.011101649711012624
22,11.04.2012,2012-04-11,1,2012,True,0.009889663732139,0.018402090093685677,0.0240709879310595,0.011788661149634271
22,12.04.2012,2012-04-12,1,2012,True,0.0092561056649152,0.01797577917460356,0.0240709879310595,0.011748694249114034
22,13.04.2012,2012-04-13,1,2012,True,0.0094427548439114,0.01817339189954815,0.0240709879310595,0.012139037393279194
22,16.04.2012,2012-04-16,1,2012,True,0.0080109737018807,0.018730084534205882,0.0240709879310595,0.01200952090005714
22,17.04.2012,2012-04-17,1,2012,True,0.0110042783662043,0.01946485744971268,0.0240709879310595,0.013004945412311838
22,18.04.2012,2012-04-18,1,2012,True,0.0109950745880121,0.019276924803146998,0.0240709879310595,0.012859271887733439
22,19.04.2012,2012-04-19,1,2012,True,0.0117524768526771,0.018818008134837198,0.0240709879310595,0.012097033944776667
22,20.04.2012,2012-04-20,1,2012,True,0.0115341586017461,0.019282559854724952,0.0240709879310595,0.012107894905651949
22,23.04.2012,2012-04-23,1,2012,True,0.0124493933410033,0.02084444867617469,0.0240709879310595,0.012054107631550157
22,24.04.2012,2012-04-24,1,2012,True,0.0128371201528275,0.020998250709457194,0.0240709879310595,0.012045087433092093
22,25.04.2012,2012-04-25,1,2012,True,0.0126289008157203,0.020453171879466065,0.0240709879310595,0.011972799513803428
22,26.04.2012,2012-04-26,1,2012,True,0.0123891139237775,0.019935766947276133,0.0240709879310595,0.011518349205447847
22,27.04.2012,2012-04-27,1,2012,True,0.0134497851852906,0.02017943665996638,0.0240709879310595,0.011598075777775245
22,30.04.2012,2012-04-30,1,2012,True,0.0135534948518609,0.020052979166527228,0.0240709879310595,0.011598746208122613
22,01.05.2012,2012-05-01,1,2012,True,0.014566333362165,0.02042979787095206,0.0240709879310595,0.011429133918944257
22,02.05.2012,2012-05-02,1,2012,True,0.0148071816550853,0.01985374888661597,0.0240709879310595,0.01109215228573081
22,03.05.2012,2012-05-03,1,2012,True,0.0147269339996185,0.01981936865970869,0.0240709879310595,0.011282290404037922
22,04.05.2012,2012-05-04,1,2012,True,0.0151001586774571,0.017740255883835033,0.0240709879310595,0.010633547626880025
22,07.05.2012,2012-05-07,1,2012,True,0.0150594749221744,0.018838654605402662,0.0240709879310595,0.011605022955734283
22,08.05.2012,2012-05-08,1,2012,True,0.0150557521068705,0.018149056083268833,0.0240709879310595,0.01107210244366509
22,09.05.2012,2012-05-09,1,2012,True,0.0150100710320992,0.017995890028828357,0.0240709879310595,0.010719440604211428
22,10.05.2012,2012-05-10,1,2012,True,0.01500752542979,0.017078281919727694,0.0240709879310595,0.010850833513577124
22,11.05.2012,2012-05-11,1,2012,True,0.0150660165430968,0.01663406017387073,0.0240709879310595,0.009957200285166001
22,14.05.2012,2012-05-14,1,2012,True,0.0151124618947685,0.016275722372695246,0.0240709879310595,0.009889663732138973
22,15.05.2012,2012-05-15,1,2012,True,0.0151113955404079,0.015124604131658554,0.0240709879310595,0.009256105664915141
22,16.05.2012,2012-05-16,1,2012,True,0.0152475776178855,0.015918162322745264,0.0240709879310595,0.009442754843911308
22,17.05.2012,2012-05-17,1,2012,True,0.0135198246580463,0.0128784411122831,0.0240709879310595,0.008010973701880588
22,18.05.2012,2012-05-18,1,2012,True,0.0147074537932153,0.015681389993050403,0.0240709879310595,0.0110042783662043
22,21.05.2012,2012-05-21,1,2012,True,0.0152996316030443,0.01426753156103928,0.0240709879310595,0.010995074588012112
22,22.05.2012,2012-05-22,1,2012,True,0.0164342242498068,0.015490964670667384,0.0240709879310595,0.011752476852677034
22,23.05.2012,2012-05-23,1,2012,True,0.0159744310174451,0.015244137541338937,0.0240709879310595,0.011534158601746086
22,24.05.2012,2012-05-24,1,2012,True,0.0167764798569139,0.01607691004042951,0.0240709879310595,0.012449393341003246
22,25.05.2012,2012-05-25,1,2012,True,0.0168479359756643,0.016702046685961536,0.0240709879310595,0.01283712015282752
22,29.05.2012,2012-05-29,1,2012,True,0.0171963756838518,0.01689370031048866,0.0240709879310595,0.012628900815720285
22,30.05.2012,2012-05-30,1,2012,True,0.0227455351540011,0.01697693049876286,0.0240709879310595,0.01238911392377745
22,31.05.2012,2012-05-31,1,2012,True,0.0225665423783784,0.017751171047186484,0.0240709879310595,0.013449785185290617
22,01.06.2012,2012-06-01,1,2012,True,0.02259709666006,0.018333797877576535,0.0240709879310595,0.013553494851860862
22,04.06.2012,2012-06-04,1,2012,True,0.0225860320076906,0.01578235866153812,0.0240709879310595,0.014566333362164964
22,05.06.2012,2012-06-05,1,2012,True,0.0232619362419444,0.018996004130416508,0.0240709879310595,0.014807181655085285
22,06.06.2012,2012-06-06,1,2012,True,0.0234010980829948,0.018792965568108024,0.0240709879310595,0.014726933999618438
22,07.06.2012,2012-06-07,1,2012,True,0.0238988029187563,0.015306980575846509,0.0240709879310595,0.015100158677457037
22,08.06.2012,2012-06-08,1,2012,True,0.0244055500669749,0.015673746738743364,0.0240709879310595,0.015059474922174338
22,11.06.2012,2012-06-11,1,2012,True,0.0242168908651454,0.0157596669847995,0.0240709879310595,0.015055752106870457
22,12.06.2012,2012-06-12,1,2012,True,0.0242267893917033,0.015487225357557527,0.0240709879310595,0.015010071032099153
22,13.06.2012,2012-06-13,1,2012,True,0.0242904927303409,0.015433452070327059,0.0240709879310595,0.015007525429789954
22,14.06.2012,2012-06-14,1,2012,True,0.0242759901090592,0.015912224204063352,0.0240709879310595,0.01506601654309678
22,15.06.2012,2012-06-15,1,2012,True,0.0243288483211179,0.015736295785627984,0.0240709879310595,0.015112461894768527
22,18.06.2012,2012-06-18,1,2012,True,0.0243309004196265,0.02101185430951769,0.0240709879310595,0.015111395540407893
22,19.06.2012,2012-06-19,1,2012,True,0.0244616983029438,0.02061511752332408,0.0240709879310595,0.015247577617885477
22,20.06.2012,2012-06-20,1,2012,True,0.0245659736198724,0.017997248955783796,0.0240709879310595,0.0135198246580463
22,21.06.2012,2012-06-21,1,2012,True,0.0226446736850416,0.017922095192190554,0.0240709879310595,0.014707453793215326
22,22.06.2012,2012-06-22,1,2012,True,0.0224758616161187,0.015205359107760887,0.0240709879310595,0.015299631603044246
22,25.06.2012,2012-06-25,1,2012,True,0.0224405262320568,0.01456657810337298,0.0240709879310595,0.016434224249806804
22,26.06.2012,2012-06-26,1,2012,True,0.0222125609533021,0.015087961962209765,0.0240709879310595,0.015974431017445136
22,27.06.2012,2012-06-27,1,2012,True,0.0222892138749779,0.014724422900090678,0.0240709879310595,0.01677647985691393
22,28.06.2012,2012-06-28,1,2012,True,0.021724162488504,0.015433042897774826,0.0240709879310595,0.016847935975664273
22,29.06.2012,2012-06-29,1,2012,True,0.0168278979154035,0.015138724676686506,0.0240709879310595,0.017196375683851805
22,02.07.2012,2012-07-02,1,2012,True,0.0167528691080316,0.018435717779442067,0.0240709879310595,0.022745535154001156
22,03.07.2012,2012-07-03,1,2012,True,0.0163254693390235,0.019027182410276452,0.0240709879310595,0.022566542378378456
22,05.07.2012,2012-07-05,1,2012,True,0.0163126578540902,0.018042818687660996,0.0240709879310595,0.022597096660060045
22,06.07.2012,2012-07-06,1,2012,True,0.0153926607257404,0.01888195833127466,0.0240709879310595,0.022586032007690594
22,09.07.2012,2012-07-09,1,2012,True,0.0150235343004012,0.01908514901183567,0.0240709879310595,0.02326193624194438
22,10.07.2012,2012-07-10,1,2012,True,0.0135969153030938,0.018428633102598676,0.0240709879310595,0.023401098082994808
22,11.07.2012,2012-07-11,1,2012,True,0.0132206025957068,0.018876985064966042,0.0240709879310595,0.023898802918756325
22,12.07.2012,2012-07-12,1,2012,True,0.0132049043567317,0.018951076589833117,0.0240709879310595,0.02440555006697489
22,13.07.2012,2012-07-13,1,2012,True,0.0130929845465351,0.01840567113440492,0.0240709879310595,0.024216890865145457
22,16.07.2012,2012-07-16,1,2012,True,0.0133891668147633,0.018512407824061904,0.0240709879310595,0.02422678939170336
22,17.07.2012,2012-07-17,1,2012,True,0.0133877089378887,0.018733457828146605,0.0240709879310595,0.024290492730340903
22,18.07.2012,2012-07-18,1,2012,True,0.0150396689667624,0.019221516802085562,0.0240709879310595,0.02427599010905924
22,19.07.2012,2012-07-19,1,2012,True,0.0142827495298156,0.01918123220801873,0.0240709879310595,0.024328848321117955
22,20.07.2012,2012-07-20,1,2012,True,0.0140962558184649,0.019878315953630567,0.0240709879310595,0.02433090041962652
22,23.07.2012,2012-07-23,1,2012,True,0.0114016682736193,0.021299977385250704,0.0240709879310595,0.024461698302943827
22,24.07.2012,2012-07-24,1,2012,True,0.0114119615390653,0.01865720310225472,0.0240709879310595,0.0245659736198724
22,25.07.2012,2012-07-25,1,2012,True,0.0119357888386315,0.017354127001450625,0.0240709879310595,0.022644673685041576
22,26.07.2012,2012-07-26,1,2012,True,0.0123375770254978,0.018474738193575042,0.0240709879310595,0.022475861616118673
22,27.07.2012,2012-07-27,1,2012,True,0.01219071643994,0.018715365245936897,0.0240709879310595,0.02244052623205677
22,30.07.2012,2012-07-30,1,2012,True,0.0121562621735247,0.019173200966417687,0.0240709879310595,0.02221256095330207
22,31.07.2012,2012-07-31,1,2012,True,0.0117114336441021,0.022108077982220573,0.0240709879310595,0.022289213874977884
22,01.08.2012,2012-08-01,1,2012,True,0.0119938805785931,0.020704653689468215,0.0240709879310595,0.02172416248850398
22,02.08.2012,2012-08-02,1,2012,True,0.0120555263217558,0.016085385632243834,0.0240709879310595,0.01682789791540352
22,03.08.2012,2012-08-03,1,2012,True,0.0109916028258192,0.016760639814887766,0.0240709879310595,0.01675286910803159
22,06.08.2012,2012-08-06,1,2012,True,0.0109657383281975,0.015382446003394088,0.0240709879310595,0.01632546933902354
22,07.08.2012,2012-08-07,1,2012,True,0.010045875651766,0.01668447704415533,0.0240709879310595,0.016312657854090244
22,08.08.2012,2012-08-08,1,2012,True,0.0100817473614568,0.02183128459793715,0.0240709879310595,0.015392660725740425
22,09.08.2012,2012-08-09,1,2012,True,0.0099463204695663,0.021605672125166942,0.0240709879310595,0.015023534300401233
22,10.08.2012,2012-08-10,1,2012,True,0.0099530832266787,0.021515986834533228,0.0240709879310595,0.013596915303093798
22,13.08.2012,2012-08-13,1,2012,True,0.0100160935197613,0.02110842933352451,0.0240709879310595,0.013220602595706833
22,14.08.2012,2012-08-14,1,2012,True,0.0136734370269849,0.021377883263335572,0.0240709879310595,0.013204904356731707
22,15.08.2012,2012-08-15,1,2012,True,0.014720329492172,0.020408107918528123,0.0240709879310595,0.013092984546535078
22,16.08.2012,2012-08-16,1,2012,True,0.0152310808822072,0.019679402111387533,0.0240709879310595,0.013389166814763289
22,17.08.2012,2012-08-17,1,2012,True,0.0144942199035596,0.020738638735752983,0.0240709879310595,0.013387708937888675
22,20.08.2012,2012-08-20,1,2012,True,0.0147798240996314,0.020092859172393035,0.0240709879310595,0.015039668966762381
22,21.08.2012,2012-08-21,1,2012,True,0.0147120907932001,0.022957716164256108,0.0240709879310595,0.014282749529815574
22,22.08.2012,2012-08-22,1,2012,True,0.0146895294187747,0.0221650514244833,0.0240709879310595,0.014096255818464864
22,23.08.2012,2012-08-23,1,2012,True,0.0152737209828929,0.01788696133982376,0.0240709879310595,0.01140166827361932
22,24.08.2012,2012-08-24,1,2012,True,0.0150914165286379,0.01768540273171239,0.0240709879310595,0.01141196153906531
22,27.08.2012,2012-08-27,1,2012,True,0.0148842079866593,0.018755429591452728,0.0240709879310595,0.011935788838631473
22,28.08.2012,2012-08-28,1,2012,True,0.0149144651277056,0.019879308320052025,0.0240709879310595,0.012337577025497823
22,29.08.2012,2012-08-29,1,2012,True,0.0162734415872238,0.018772995121352037,0.0240709879310595,0.012190716439939953
22,30.08.2012,2012-08-30,1,2012,True,0.018552952927271,0.01889665865054896,0.0240709879310595,0.012156262173524727
22,31.08.2012,2012-08-31,1,2012,True,0.0181851440333285,0.018303148435565523,0.0240709879310595,0.011711433644102067
22,04.09.2012,2012-09-04,1,2012,True,0.0181782916927297,0.0209818489973178,0.0240709879310595,0.011993880578593094
22,05.09.2012,2012-09-05,1,2012,True,0.0187987394395859,0.021195183378720613,0.0240709879310595,0.012055526321755751
22,06.09.2012,2012-09-06,1,2012,True,0.0187914530930427,0.019523977394600156,0.0240709879310595,0.010991602825819138
22,07.09.2012,2012-09-07,1,2012,True,0.0189108710170393,0.019415863962339013,0.0240709879310595,0.01096573832819752
22,10.09.2012,2012-09-10,1,2012,True,0.0190024054111878,0.017990777799651192,0.0240709879310595,0.010045875651766003
22,11.09.2012,2012-09-11,1,2012,True,0.0191001497367109,0.017540860795126248,0.0240709879310595,0.010081747361456771
22,12.09.2012,2012-09-12,1,2012,True,0.0191180965242969,0.01730842249465411,0.0240709879310595,0.009946320469566262
22,13.09.2012,2012-09-13,1,2012,True,0.0211223068260822,0.01714263714325978,0.0240709879310595,0.009953083226678698
22,18.09.2012,2012-09-18,1,2012,True,0.0191927101217343,0.01661050023376947,0.0240709879310595,0.010016093519761259
22,19.09.2012,2012-09-19,1,2012,True,0.0178131766161427,0.01925905338267575,0.0240709879310595,0.01367343702698485
22,20.09.2012,2012-09-20,1,2012,True,0.0174227724580541,0.021001623882722097,0.0240709879310595,0.014720329492172037
22,21.09.2012,2012-09-21,1,2012,True,0.0172349934722311,0.019248343175950245,0.0240709879310595,0.015231080882207246
22,24.09.2012,2012-09-24,1,2012,True,0.0171167603494975,0.016554675849885233,0.0240709879310595,0.014494219903559596
22,25.09.2012,2012-09-25,1,2012,True,0.017138395093262,0.01544027296354248,0.0240709879310595,0.014779824099631442
22,26.09.2012,2012-09-26,1,2012,True,0.0171499221512054,0.01518088456171703,0.0240709879310595,0.014712090793200062
22,27.09.2012,2012-09-27,1,2012,True,0.0172703172852942,0.016258867895578396,0.0240709879310595,0.014689529418774683
22,28.09.2012,2012-09-28,1,2012,True,0.0178532350030715,0.015616637413727904,0.0240709879310595,0.015273720982892881
22,01.10.2012,2012-10-01,1,2012,True,0.0191479145817767,0.014264631275890009,0.0240709879310595,0.015091416528637857
22,02.10.2012,2012-10-02,1,2012,True,0.0208275544942416,0.014336970869508333,0.0240709879310595,0.014884207986659292
22,03.10.2012,2012-10-03,1,2012,True,0.0198213473565148,0.014388899904590448,0.0240709879310595,0.014914465127705551
22,04.10.2012,2012-10-04,1,2012,True,0.0182753426294297,0.01475588243116406,0.0240709879310595,0.0162734415872238
22,05.10.2012,2012-10-05,1,2012,True,0.0182612720244452,0.014747346392160673,0.0240709879310595,0.018552952927271032
22,08.10.2012,2012-10-08,1,2012,True,0.0183096599743027,0.014290204492862044,0.0240709879310595,0.018185144033328476
22,09.10.2012,2012-10-09,1,2012,True,0.0177196979214662,0.014295820686991024,0.0240709879310595,0.018178291692729692
22,10.10.2012,2012-10-10,1,2012,True,0.0179844056686003,0.01426392043853765,0.0240709879310595,0.018798739439585887
22,11.10.2012,2012-10-11,1,2012,True,0.0177361802141711,0.015228268941855626,0.0240709879310595,0.01879145309304269
22,12.10.2012,2012-10-12,1,2012,True,0.0177300366918797,0.015515132337099762,0.0240709879310595,0.018910871017039317
22,15.10.2012,2012-10-15,1,2012,True,0.0177013654437261,0.015409134980636213,0.0240709879310595,0.019002405411187806
22,16.10.2012,2012-10-16,1,2012,True,0.0177282641989811,0.015808925621735876,0.0240709879310595,0.01910014973671087
22,19.10.2012,2012-10-19,1,2012,True,0.0150330559913013,0.01583421001956162,0.0240709879310595,0.019118096524296933
22,22.10.2012,2012-10-22,1,2012,True,0.0151142119367428,0.016421337792691927,0.0240709879310595,0.021122306826082172
22,23.10.2012,2012-10-23,1,2012,True,0.0149333081648195,0.015579273941691228,0.0240709879310595,0.019192710121734353
22,24.10.2012,2012-10-24,1,2012,True,0.0150745101291405,0.01436942755954491,0.0240709879310595,0.01781317661614267
22,25.10.2012,2012-10-25,1,2012,True,0.0150537528105209,0.014041322440110414,0.0240709879310595,0.01742277245805409
22,26.10.2012,2012-10-26,1,2012,True,0.0149498088993964,0.013655046754513536,0.0240709879310595,0.01723499347223115
22,31.10.2012,2012-10-31,1,2012,True,0.0150088356374558,0.014457684387896632,0.0240709879310595,0.017116760349497474
22,01.11.2012,2012-11-01,1,2012,True,0.0151167029394794,0.013828028548871652,0.0240709879310595,0.017138395093261975
22,02.11.2012,2012-11-02,1,2012,True,0.0146754931858462,0.014139184081711454,0.0240709879310595,0.017149922151205366
22,05.11.2012,2012-11-05,1,2012,True,0.0140729365753269,0.014535435056782606,0.0240709879310595,0.01727031728529421
22,06.11.2012,2012-11-06,1,2012,True,0.0123129631581768,0.014452622207109996,0.0240709879310595,0.017853235003071528
22,07.11.2012,2012-11-07,1,2012,True,0.009126677071823,0.014656970959542878,0.0240709879310595,0.01914791458177671
22,08.11.2012,2012-11-08,1,2012,True,0.0095288444157772,0.01662099756628529,0.0240709879310595,0.020827554494241576
22,09.11.2012,2012-11-09,1,2012,True,0.009096868781605,0.015947647646763485,0.0240709879310595,0.01982134735651484
22,12.11.2012,2012-11-12,1,2012,True,0.009430832915143,0.014343740368652881,0.0240709879310595,0.018275342629429748
22,13.11.2012,2012-11-13,1,2012,True,0.0095543039340297,0.014302743556262702,0.0240709879310595,0.018261272024445205
22,14.11.2012,2012-11-14,1,2012,True,0.0092091279358292,0.015155950319592356,0.0240709879310595,0.018309659974302714
22,15.11.2012,2012-11-15,1,2012,True,0.0090994138480869,0.014389938427960212,0.0240709879310595,0.01771969792146616
22,19.11.2012,2012-11-19,1,2012,True,0.0091003120489786,0.014827184584142658,0.0240709879310595,0.017984405668600302
22,20.11.2012,2012-11-20,1,2012,True,0.0099801776407979,0.014900714549623374,0.0240709879310595,0.017736180214171084
22,21.11.2012,2012-11-21,1,2012,True,0.0097984229980134,0.01441333875070238,0.0240709879310595,0.017730036691879662
22,23.11.2012,2012-11-23,1,2012,True,0.0097463501910013,0.015222326247610678,0.0240709879310595,0.01770136544372612
22,26.11.2012,2012-11-26,1,2012,True,0.0097571042350135,0.016151974777838904,0.0240709879310595,0.017728264198981106
22,27.11.2012,2012-11-27,1,2012,True,0.0098368422404819,0.013679630638240773,0.0240709879310595,0.01503305599130132
22,28.11.2012,2012-11-28,1,2012,True,0.0098298863805576,0.013676829879034107,0.0240709879310595,0.015114211936742778
22,29.11.2012,2012-11-29,1,2012,True,0.0097101248561532,0.01332481478201524,0.0240709879310595,0.014933308164819515
22,30.11.2012,2012-11-30,1,2012,True,0.0096701530392464,0.013802403000741672,0.0240709879310595,0.015074510129140474
22,03.12.2012,2012-12-03,1,2012,True,0.0096993883399583,0.013188533673230356,0.0240709879310595,0.015053752810520883
22,04.12.2012,2012-12-04,1,2012,True,0.0094431978617298,0.012961660506857117,0.0240709879310595,0.01494980889939638
22,05.12.2012,2012-12-05,1,2012,True,0.0091637867543551,0.01511499022558361,0.0240709879310595,0.015008835637455772
22,06.12.2012,2012-12-06,1,2012,True,0.0087369831007087,0.016544529547523244,0.0240709879310595,0.0151167029394794
22,07.12.2012,2012-12-07,1,2012,True,0.0089644932439549,0.01763884447347373,0.0240709879310595,0.01467549318584621
22,10.12.2012,2012-12-10,1,2012,True,0.0096048471978001,0.018906030942581628,0.0240709879310595,0.014072936575326904
22,11.12.2012,2012-12-11,1,2012,True,0.0095455110103911,0.016302316262941766,0.0240709879310595,0.012312963158176813
22,12.12.2012,2012-12-12,1,2012,True,0.0091204566847592,0.012178734154748235,0.0240709879310595,0.009126677071822966
22,13.12.2012,2012-12-13,1,2012,True,0.0084789730101636,0.011592714313429215,0.0240709879310595,0.009528844415777163
22,14.12.2012,2012-12-14,1,2012,True,0.0088123823675558,0.01154411999844699,0.0240709879310595,0.009096868781604954
22,19.12.2012,2012-12-19,1,2012,True,0.0085594091212403,0.011700621977070199,0.0240709879310595,0.009430832915142994
22,20.12.2012,2012-12-20,1,2012,True,0.0085680947626846,0.011936079176724098,0.0240709879310595,0.009554303934029701
22,21.12.2012,2012-12-21,1,2012,True,0.008111776717446,0.011440116806878972,0.0240709879310595,0.00920912793582917
22,24.12.2012,2012-12-24,1,2012,True,0.0080777908407279,0.011709405845976597,0.0240709879310595,0.009099413848086832
22,26.12.2012,2012-12-26,1,2012,True,0.0070556792971485,0.011389923685934274,0.0240709879310595,0.009100312048978574
22,27.12.2012,2012-12-27,1,2012,True,0.0070387468417521,0.012197166710115556,0.0240709879310595,0.009980177640797885
22,28.12.2012,2012-12-28,1,2012,True,0.0070481247949718,0.01229542991391785,0.0240709879310595,0.009798422998013326
22,31.12.2012,2012-12-31,1,2012,True,0.0072597162459737,0.012230536634137461,0.0240709879310595,0.009746350191001285
22,02.01.2013,2013-01-02,2,2013,True,0.0073550586721884,0.012634293406973867,0.021872108288905897,0.009757104235013513
22,03.01.2013,2013-01-03,2,2013,True,0.0074250448626855,0.012452251190146455,0.021872108288905897,0.009836842240481892
22,04.01.2013,2013-01-04,2,2013,True,0.0071373890177702,0.012839660758058879,0.021872108288905897,0.00982988638055756
22,07.01.2013,2013-01-07,2,2013,True,0.0071454886848949,0.012268254034331754,0.021872108288905897,0.009710124856153201
22,08.01.2013,2013-01-08,2,2013,True,0.0075586478883866,0.01208788496476631,0.021872108288905897,0.009670153039246348
22,09.01.2013,2013-01-09,2,2013,True,0.0077617380732279,0.012055705217370968,0.021872108288905897,0.00969938833995827
22,10.01.2013,2013-01-10,2,2013,True,0.0077663033564777,0.011746608279182948,0.021872108288905897,0.009443197861729745
22,11.01.2013,2013-01-11,2,2013,True,0.007143767632499,0.01190243303719876,0.021872108288905897,0.009163786754355049
22,14.01.2013,2013-01-14,2,2013,True,0.0069725705666795,0.012255311575888116,0.021872108288905897,0.008736983100708686
22,15.01.2013,2013-01-15,2,2013,True,0.0059131182652563,0.013404367858905291,0.021872108288905897,0.008964493243954865
22,16.01.2013,2013-01-16,2,2013,True,0.0064669775049302,0.013227890666179323,0.021872108288905897,0.009604847197800062
22,17.01.2013,2013-01-17,2,2013,True,0.0076470192085624,0.012700234188233312,0.021872108288905897,0.009545511010391063
22,18.01.2013,2013-01-18,2,2013,True,0.008761764878111,0.012161249661648839,0.021872108288905897,0.009120456684759127
22,22.01.2013,2013-01-22,2,2013,True,0.00814927409704,0.010522983133708606,0.021872108288905897,0.008478973010163555
22,23.01.2013,2013-01-23,2,2013,True,0.0081434192263617,0.010769433024283515,0.021872108288905897,0.008812382367555735
22,24.01.2013,2013-01-24,2,2013,True,0.0087693581120062,0.010938046301566176,0.021872108288905897,0.008559409121240216
22,25.01.2013,2013-01-25,2,2013,True,0.0089040391459325,0.011116734353018099,0.021872108288905897,0.00856809476268456
22,28.01.2013,2013-01-28,2,2013,True,0.0089238846386208,0.011160014259862986,0.021872108288905897,0.008111776717445961
22,29.01.2013,2013-01-29,2,2013,True,0.0088645601497506,0.01078899803601031,0.021872108288905897,0.008077790840727883
22,30.01.2013,2013-01-30,2,2013,True,0.0087538582870147,0.010317864285868457,0.021872108288905897,0.007055679297148474
22,31.01.2013,2013-01-31,2,2013,True,0.0092423898680744,0.010295471024797546,0.021872108288905897,0.007038746841751994
22,01.02.2013,2013-02-01,2,2013,True,0.0088656323423536,0.009608431865909796,0.021872108288905897,0.007048124794971768
22,04.02.2013,2013-02-04,2,2013,True,0.0087160798514167,0.01061425305603271,0.021872108288905897,0.007259716245973669
22,05.02.2013,2013-02-05,2,2013,True,0.0084424363391887,0.011019420356254988,0.021872108288905897,0.007355058672188311
22,06.02.2013,2013-02-06,2,2013,True,0.0084217435240235,0.011047506646935242,0.021872108288905897,0.007425044862685415
22,07.02.2013,2013-02-07,2,2013,True,0.0082905188248754,0.010740073005777675,0.021872108288905897,0.007137389017770192
22,08.02.2013,2013-02-08,2,2013,True,0.0074875803159048,0.010815259992916323,0.021872108288905897,0.007145488684894839
22,11.02.2013,2013-02-11,2,2013,True,0.0079161914123321,0.011194232772600975,0.021872108288905897,0.00755864788838656
22,12.02.2013,2013-02-12,2,2013,True,0.0077499605654737,0.011840868688390113,0.021872108288905897,0.007761738073227881
22,13.02.2013,2013-02-13,2,2013,True,0.0082439002387981,0.010845159294968371,0.021872108288905897,0.007766303356477615
22,14.02.2013,2013-02-14,2,2013,True,0.0089270013463744,0.009589197224513612,0.021872108288905897,0.007143767632498938
22,15.02.2013,2013-02-15,2,2013,True,0.0090235230271408,0.008958911775922613,0.021872108288905897,0.006972570566679427
22,19.02.2013,2013-02-19,2,2013,True,0.0090586667605937,0.009466985938013216,0.021872108288905897,0.00591311826525621
22,20.02.2013,2013-02-20,2,2013,True,0.0087903800269433,0.010020031130291651,0.021872108288905897,0.006466977504930095
22,21.02.2013,2013-02-21,2,2013,True,0.00859916315957,0.011677303336819492,0.021872108288905897,0.007647019208562382
22,22.02.2013,2013-02-22,2,2013,True,0.0085353227330697,0.012932986001783378,0.021872108288905897,0.008761764878110968
22,25.02.2013,2013-02-25,2,2013,True,0.0085360818669759,0.012787265148941542,0.021872108288905897,0.008149274097039926
22,26.02.2013,2013-02-26,2,2013,True,0.0083121913147446,0.012809843675409573,0.021872108288905897,0.00814341922636169
22,27.02.2013,2013-02-27,2,2013,True,0.0081995597119065,0.013001623640604263,0.021872108288905897,0.008769358112006196
22,28.02.2013,2013-02-28,2,2013,True,0.010710869642849,0.01164678118847324,0.021872108288905897,0.00890403914593251
22,01.03.2013,2013-03-01,2,2013,True,0.0106654215668787,0.01226704995012509,0.021872108288905897,0.008923884638620795
22,04.03.2013,2013-03-04,2,2013,True,0.0114402896874643,0.013288916803719427,0.021872108288905897,0.008864560149750554
22,05.03.2013,2013-03-05,2,2013,True,0.0109991646656303,0.014073179250131754,0.021872108288905897,0.00875385828701469
22,06.03.2013,2013-03-06,2,2013,True,0.0116208694106644,0.013743295905714612,0.021872108288905897,0.009242389868074385
22,07.03.2013,2013-03-07,2,2013,True,0.011611442165795,0.012498985600437244,0.021872108288905897,0.008865632342353583
22,08.03.2013,2013-03-08,2,2013,True,0.0119009849646924,0.011356250715594936,0.021872108288905897,0.008716079851416628
22,11.03.2013,2013-03-11,2,2013,True,0.0120219537640774,0.01202074939412129,0.021872108288905897,0.008442436339188635
22,12.03.2013,2013-03-12,2,2013,True,0.0130405061759501,0.011287040092615497,0.021872108288905897,0.008421743524023433
22,13.03.2013,2013-03-13,2,2013,True,0.0129835477912911,0.011272498566932989,0.021872108288905897,0.008290518824875387
22,14.03.2013,2013-03-14,2,2013,True,0.012742904555836,0.01013995354489901,0.021872108288905897,0.007487580315904778
22,15.03.2013,2013-03-15,2,2013,True,0.012838597008496,0.009583597208472013,0.021872108288905897,0.007916191412332012
22,19.03.2013,2013-03-19,2,2013,True,0.0126374255857762,0.009913251264203409,0.021872108288905897,0.00774996056547361
22,20.03.2013,2013-03-20,2,2013,True,0.0124207818964672,0.011505795176004216,0.021872108288905897,0.00824390023879806
22,21.03.2013,2013-03-21,2,2013,True,0.0123045772680735,0.011088960532600948,0.021872108288905897,0.008927001346374369
22,22.03.2013,2013-03-22,2,2013,True,0.0128064354628036,0.011397726211486778,0.021872108288905897,0.00902352302714074
22,25.03.2013,2013-03-25,2,2013,True,0.0133521908544215,0.011339917125344939,0.021872108288905897,0.009058666760593711
22,26.03.2013,2013-03-26,2,2013,True,0.0130334217491445,0.010966004867991928,0.021872108288905897,0.008790380026943295
22,27.03.2013,2013-03-27,2,2013,True,0.0131194136477967,0.009279012641738624,0.021872108288905897,0.00859916315956992
22,28.03.2013,2013-03-28,2,2013,True,0.0132781455506948,0.010523424463080366,0.021872108288905897,0.00853532273306969
22,01.04.2013,2013-04-01,2,2013,True,0.0136491503219128,0.01149680590199366,0.021872108288905897,0.008536081866975864
22,02.04.2013,2013-04-02,2,2013,True,0.0153984486769606,0.011353736398976303,0.021872108288905897,0.008312191314744512
22,03.04.2013,2013-04-03,2,2013,True,0.0142704928844872,0.010221140336554496,0.021872108288905897,0.00819955971190643
22,04.04.2013,2013-04-04,2,2013,True,0.0144797164236829,0.013228797517388601,0.021872108288905897,0.010710869642849017
22,05.04.2013,2013-04-05,2,2013,True,0.0139090053891861,0.01317171695979091,0.021872108288905897,0.010665421566878665
22,08.04.2013,2013-04-08,2,2013,True,0.0138635218086711,0.014044972198593962,0.021872108288905897,0.011440289687464323
22,09.04.2013,2013-04-09,2,2013,True,0.0134584601688623,0.01320429275935817,0.021872108288905897,0.010999164665630294
22,10.04.2013,2013-04-10,2,2013,True,0.0134756689488047,0.013895405218831324,0.021872108288905897,0.011620869410664375
22,11.04.2013,2013-04-11,2,2013,True,0.0133111507518808,0.014598194417923593,0.021872108288905897,0.011611442165795027
22,12.04.2013,2013-04-12,2,2013,True,0.0131078869977375,0.01613401512426382,0.021872108288905897,0.011900984964692414
22,15.04.2013,2013-04-15,2,2013,True,0.0118662295888047,0.015457675999750002,0.021872108288905897,0.0120219537640774
22,16.04.2013,2013-04-16,2,2013,True,0.0118599782497821,0.018208545283535733,0.021872108288905897,0.013040506175950138
22,17.04.2013,2013-04-17,2,2013,True,0.011865858456843,0.018237087768586194,0.021872108288905897,0.012983547791291045
22,18.04.2013,2013-04-18,2,2013,True,0.0114660393848373,0.018203627238526737,0.021872108288905897,0.012742904555836015
22,19.04.2013,2013-04-19,2,2013,True,0.0114441063910229,0.018925554835577858,0.021872108288905897,0.012838597008495965
22,22.04.2013,2013-04-22,2,2013,True,0.0117810312882006,0.01768588895165387,0.021872108288905897,0.012637425585776173
22,23.04.2013,2013-04-23,2,2013,True,0.0117876678710967,0.017550044949640613,0.021872108288905897,0.012420781896467153
22,24.04.2013,2013-04-24,2,2013,True,0.0114238726046052,0.016675439518890924,0.021872108288905897,0.012304577268073477
22,25.04.2013,2013-04-25,2,2013,True,0.011358642218979,0.01710897293102324,0.021872108288905897,0.012806435462803637
22,26.04.2013,2013-04-26,2,2013,True,0.0119673129263975,0.019084457632782,0.021872108288905897,0.013352190854421447
22,29.04.2013,2013-04-29,2,2013,True,0.0118816520906964,0.01890192070495379,0.021872108288905897,0.013033421749144479
22,30.04.2013,2013-04-30,2,2013,True,0.0121091251870781,0.01971412337048967,0.021872108288905897,0.013119413647796733
22,01.05.2013,2013-05-01,2,2013,True,0.0114986544185609,0.019821170853819133,0.021872108288905897,0.013278145550694832
22,02.05.2013,2013-05-02,2,2013,True,0.0100235040466823,0.021128565486253144,0.021872108288905897,0.01364915032191284
22,03.05.2013,2013-05-03,2,2013,True,0.009614307317443,0.02159365576557933,0.021872108288905897,0.015398448676960613
22,06.05.2013,2013-05-06,2,2013,True,0.0092996200017074,0.02068177184769752,0.021872108288905897,0.014270492884487196
22,07.05.2013,2013-05-07,2,2013,True,0.0092877966124543,0.019856174687641767,0.021872108288905897,0.014479716423682922
22,08.05.2013,2013-05-08,2,2013,True,0.009372960159992,0.019150806532376212,0.021872108288905897,0.013909005389186116
22,09.05.2013,2013-05-09,2,2013,True,0.0095765727217601,0.01917919054829824,0.021872108288905897,0.013863521808671129
22,10.05.2013,2013-05-10,2,2013,True,0.0095923808677933,0.019621822915477812,0.021872108288905897,0.013458460168862242
22,13.05.2013,2013-05-13,2,2013,True,0.0094281674346789,0.02018357251406759,0.021872108288905897,0.013475668948804668
22,14.05.2013,2013-05-14,2,2013,True,0.009408190853681,0.019846409219049135,0.021872108288905897,0.01331115075188074
22,15.05.2013,2013-05-15,2,2013,True,0.0097816973605806,0.0194982234842957,0.021872108288905897,0.013107886997737477
22,16.05.2013,2013-05-16,2,2013,True,0.0097816555109683,0.017683768780875405,0.021872108288905897,0.01186622958880467
22,17.05.2013,2013-05-17,2,2013,True,0.0128620852951885,0.017542413221275602,0.021872108288905897,0.011859978249782095
22,20.05.2013,2013-05-20,2,2013,True,0.0130922492738689,0.017321081460988513,0.021872108288905897,0.011865858456842989
22,21.05.2013,2013-05-21,2,2013,True,0.0131001806499754,0.01669214186710871,0.021872108288905897,0.011466039384837307
22,22.05.2013,2013-05-22,2,2013,True,0.0128522065156249,0.016276242897083626,0.021872108288905897,0.011444106391022921
22,23.05.2013,2013-05-23,2,2013,True,0.012886078207787,0.016559770921099472,0.021872108288905897,0.011781031288200577
22,24.05.2013,2013-05-24,2,2013,True,0.0131194389691209,0.017142829815172594,0.021872108288905897,0.011787667871096714
22,28.05.2013,2013-05-28,2,2013,True,0.0127270297687113,0.016881361541481992,0.021872108288905897,0.011423872604605183
22,29.05.2013,2013-05-29,2,2013,True,0.0123094998472123,0.015832448920247898,0.021872108288905897,0.011358642218979014
22,30.05.2013,2013-05-30,2,2013,True,0.0124541783385579,0.014969425624607527,0.021872108288905897,0.011967312926397447
22,31.05.2013,2013-05-31,2,2013,True,0.012176522156247,0.01601306965595518,0.021872108288905897,0.011881652090696374
22,03.06.2013,2013-06-03,2,2013,True,0.0122855572714544,0.016146304771368133,0.021872108288905897,0.012109125187078055
22,04.06.2013,2013-06-04,2,2013,True,0.0121601089320489,0.01628032100950322,0.021872108288905897,0.011498654418560855
22,05.06.2013,2013-06-05,2,2013,True,0.0121357352563988,0.013675676093415624,0.021872108288905897,0.010023504046682301
22,06.06.2013,2013-06-06,2,2013,True,0.0121504050342283,0.013337412929220943,0.021872108288905897,0.009614307317442922
22,07.06.2013,2013-06-07,2,2013,True,0.0121997793967962,0.013138568121947584,0.021872108288905897,0.009299620001707337
22,10.06.2013,2013-06-10,2,2013,True,0.0122210564398301,0.013122005675521154,0.021872108288905897,0.009287796612454251
22,11.06.2013,2013-06-11,2,2013,True,0.0119410152281227,0.013037823641471838,0.021872108288905897,0.009372960159991946
22,12.06.2013,2013-06-12,2,2013,True,0.0119280986978735,0.014071059527787122,0.021872108288905897,0.009576572721760043
22,13.06.2013,2013-06-13,2,2013,True,0.0118935188621422,0.014135456232125655,0.021872108288905897,0.009592380867793245
22,14.06.2013,2013-06-14,2,2013,True,0.0122624015803358,0.014008096075335034,0.021872108288905897,0.009428167434678844
22,18.06.2013,2013-06-18,2,2013,True,0.0118063786198483,0.013604536508921385,0.021872108288905897,0.009408190853680916
22,19.06.2013,2013-06-19,2,2013,True,0.0118112476335594,0.013067897235199294,0.021872108288905897,0.009781697360580616
22,20.06.2013,2013-06-20,2,2013,True,0.0085119047571811,0.01210768073911005,0.021872108288905897,0.009781655510968254
22,21.06.2013,2013-06-21,2,2013,True,0.0078863567163734,0.01829042258788632,0.021872108288905897,0.012862085295188477
22,24.06.2013,2013-06-24,2,2013,True,0.0080432037292444,0.01871636586265263,0.021872108288905897,0.013092249273868898
22,25.06.2013,2013-06-25,2,2013,True,0.0080349303669256,0.019489689830189727,0.021872108288905897,0.013100180649975396
22,26.06.2013,2013-06-26,2,2013,True,0.0081951741594979,0.019103306907998795,0.021872108288905897,0.012852206515624897
22,27.06.2013,2013-06-27,2,2013,True,0.0080278216564193,0.019003560040827792,0.021872108288905897,0.012886078207786962
22,28.06.2013,2013-06-28,2,2013,True,0.0083821366691973,0.02036247247172997,0.021872108288905897,0.013119438969120845
22,01.07.2013,2013-07-01,2,2013,True,0.0084946820514264,0.01866141479159394,0.021872108288905897,0.012727029768711243
22,02.07.2013,2013-07-02,2,2013,True,0.0084002071785375,0.018211780975255117,0.021872108288905897,0.012309499847212283
22,03.07.2013,2013-07-03,2,2013,True,0.0078338347496158,0.01696998433027247,0.021872108288905897,0.012454178338557909
22,05.07.2013,2013-07-05,2,2013,True,0.0069748679689901,0.014627207840187678,0.021872108288905897,0.012176522156246962
22,08.07.2013,2013-07-08,2,2013,True,0.0071141309665202,0.015192133167646274,0.021872108288905897,0.01228555727145443
22,09.07.2013,2013-07-09,2,2013,True,0.0077378392300027,0.015799550714392478,0.021872108288905897,0.012160108932048849
22,10.07.2013,2013-07-10,2,2013,True,0.0077552169895512,0.01601124764083617,0.021872108288905897,0.012135735256398737
22,11.07.2013,2013-07-11,2,2013,True,0.0077317257173933,0.016291979169928805,0.021872108288905897,0.012150405034228323
22,12.07.2013,2013-07-12,2,2013,True,0.007487316429603,0.016108223674790166,0.021872108288905897,0.012199779396796189
22,15.07.2013,2013-07-15,2,2013,True,0.0076541535688009,0.015996362201022053,0.021872108288905897,0.012221056439830125
22,16.07.2013,2013-07-16,2,2013,True,0.0076411759831496,0.015405596012495793,0.021872108288905897,0.01194101522812269
22,17.07.2013,2013-07-17,2,2013,True,0.0079292120006861,0.014631111693837203,0.021872108288905897,0.011928098697873531
22,19.07.2013,2013-07-19,2,2013,True,0.0074955027897196,0.01456047409454999,0.021872108288905897,0.011893518862142223
22,22.07.2013,2013-07-22,2,2013,True,0.0074955288993037,0.01528143658550743,0.021872108288905897,0.0122624015803358
22,23.07.2013,2013-07-23,2,2013,True,0.0077641277753691,0.015450428838470665,0.021872108288905897,0.011806378619848287
22,24.07.2013,2013-07-24,2,2013,True,0.0073077961836283,0.017576360456579055,0.021872108288905897,0.011811247633559396
22,25.07.2013,2013-07-25,2,2013,True,0.0098208392323293,0.011234733512865325,0.021872108288905897,0.008511904757181105
22,26.07.2013,2013-07-26,2,2013,True,0.0102986938188597,0.01038429572861576,0.021872108288905897,0.007886356716373378
22,29.07.2013,2013-07-29,2,2013,True,0.0108731594929836,0.010884977673714187,0.021872108288905897,0.00804320372924431
22,30.07.2013,2013-07-30,2,2013,True,0.011102193886464,0.01072801546491776,0.021872108288905897,0.008034930366925557
22,31.07.2013,2013-07-31,2,2013,True,0.0113418313146021,0.010926956844489964,0.021872108288905897,0.008195174159497899
22,01.08.2013,2013-08-01,2,2013,True,0.0110993982440674,0.01066441488904124,0.021872108288905897,0.00802782165641921
22,02.08.2013,2013-08-02,2,2013,True,0.0109701783805435,0.010611694365195233,0.021872108288905897,0.008382136669197295
22,05.08.2013,2013-08-05,2,2013,True,0.010961215685622,0.010768333391766161,0.021872108288905897,0.008494682051426325
22,06.08.2013,2013-08-06,2,2013,True,0.0119942730685207,0.01230897248191951,0.021872108288905897,0.008400207178537435
22,07.08.2013,2013-08-07,2,2013,True,0.0129364642154916,0.011424213780987532,0.021872108288905897,0.007833834749615761
22,08.08.2013,2013-08-08,2,2013,True,0.0127903809316248,0.010062376978455464,0.021872108288905897,0.006974867968990005
22,09.08.2013,2013-08-09,2,2013,True,0.0126264577227829,0.009957729156767214,0.021872108288905897,0.007114130966520123
22,12.08.2013,2013-08-12,2,2013,True,0.0125752608357108,0.010631761222919908,0.021872108288905897,0.007737839230002626
22,13.08.2013,2013-08-13,2,2013,True,0.0132609404790509,0.010797620122783598,0.021872108288905897,0.007755216989551128
22,14.08.2013,2013-08-14,2,2013,True,0.0137266398271601,0.010392118512210571,0.021872108288905897,0.007731725717393264
22,15.08.2013,2013-08-15,2,2013,True,0.0136303229557634,0.010409757321814405,0.021872108288905897,0.007487316429602986
22,16.08.2013,2013-08-16,2,2013,True,0.0137588980583828,0.010042455060047454,0.021872108288905897,0.007654153568800891
22,20.08.2013,2013-08-20,2,2013,True,0.0136899080928682,0.011540997627282425,0.021872108288905897,0.007641175983149535
22,21.08.2013,2013-08-21,2,2013,True,0.0136887271960766,0.01139610885394518,0.021872108288905897,0.007929212000686059
22,22.08.2013,2013-08-22,2,2013,True,0.0138150613323258,0.010749022007017453,0.021872108288905897,0.0074955027897195105
22,23.08.2013,2013-08-23,2,2013,True,0.0136447315771261,0.011502743338487534,0.021872108288905897,0.007495528899303653
22,26.08.2013,2013-08-26,2,2013,True,0.0136424905177488,0.011658017494059852,0.021872108288905897,0.007764127775369051
22,27.08.2013,2013-08-27,2,2013,True,0.0114500120234045,0.01073664039781663,0.021872108288905897,0.00730779618362825
22,28.08.2013,2013-08-28,2,2013,True,0.0108262681747088,0.012576322734071537,0.021872108288905897,0.00982083923232926
22,29.08.2013,2013-08-29,2,2013,True,0.0106165691100625,0.01265255929485027,0.021872108288905897,0.010298693818859705
22,30.08.2013,2013-08-30,2,2013,True,0.0105693354186064,0.013415224401946053,0.021872108288905897,0.010873159492983574
22,03.09.2013,2013-09-03,2,2013,True,0.0099641158756998,0.013838646621647186,0.021872108288905897,0.011102193886463996
22,04.09.2013,2013-09-04,2,2013,True,0.0100175023699658,0.01421778714642145,0.021872108288905897,0.011341831314602077
22,05.09.2013,2013-09-05,2,2013,True,0.0100968286617774,0.014546429876097455,0.021872108288905897,0.01109939824406738
22,06.09.2013,2013-09-06,2,2013,True,0.0114952196910095,0.015196150286125734,0.021872108288905897,0.010970178380543488
22,09.09.2013,2013-09-09,2,2013,True,0.0107003549460148,0.015127989421186936,0.021872108288905897,0.010961215685621938
22,10.09.2013,2013-09-10,2,2013,True,0.0096315907474069,0.01600234334296456,0.021872108288905897,0.011994273068520698
22,11.09.2013,2013-09-11,2,2013,True,0.0098318673144916,0.01831230899158903,0.021872108288905897,0.012936464215491631
22,12.09.2013,2013-09-12,2,2013,True,0.0097397944255032,0.017111589458660138,0.021872108288905897,0.012790380931624839
22,13.09.2013,2013-09-13,2,2013,True,0.009736661463957,0.01681759899650371,0.021872108288905897,0.012626457722782895
22,18.09.2013,2013-09-18,2,2013,True,0.0091643612044914,0.017264901018553852,0.021872108288905897,0.01257526083571083
22,19.09.2013,2013-09-19,2,2013,True,0.0084209759202973,0.018461411738172853,0.021872108288905897,0.013260940479050862
22,20.09.2013,2013-09-20,2,2013,True,0.0094272604473113,0.016738142541906986,0.021872108288905897,0.01372663982716006
22,23.09.2013,2013-09-23,2,2013,True,0.0093363595486731,0.0169289697557718,0.021872108288905897,0.013630322955763403
22,24.09.2013,2013-09-24,2,2013,True,0.0092714692245435,0.018253173544027144,0.021872108288905897,0.013758898058382756
22,25.09.2013,2013-09-25,2,2013,True,0.0107222556861888,0.017325160610797655,0.021872108288905897,0.013689908092868228
22,26.09.2013,2013-09-26,2,2013,True,0.0106540636182093,0.018167441242965175,0.021872108288905897,0.013688727196076571
22,27.09.2013,2013-09-27,2,2013,True,0.0107128186853078,0.01775438395844733,0.021872108288905897,0.013815061332325747
22,30.09.2013,2013-09-30,2,2013,True,0.0109026729752677,0.015741477804115063,0.021872108288905897,0.013644731577126132
22,01.10.2013,2013-10-01,2,2013,True,0.0123627558169699,0.01583841938509852,0.021872108288905897,0.013642490517748795
22,02.10.2013,2013-10-02,2,2013,True,0.0120873305886012,0.013775245641695702,0.021872108288905897,0.011450012023404519
22,03.10.2013,2013-10-03,2,2013,True,0.0121861457288712,0.012751281255117755,0.021872108288905897,0.01082626817470881
22,04.10.2013,2013-10-04,2,2013,True,0.0121196422101694,0.01265010981755754,0.021872108288905897,0.010616569110062445
22,07.10.2013,2013-10-07,2,2013,True,0.0125107337390954,0.012873056745997272,0.021872108288905897,0.010569335418606407
22,08.10.2013,2013-10-08,2,2013,True,0.0130501342279427,0.01309684655107478,0.021872108288905897,0.009964115875699795
22,09.10.2013,2013-10-09,2,2013,True,0.0132632111189172,0.013225337963339977,0.021872108288905897,0.010017502369965766
22,10.10.2013,2013-10-10,2,2013,True,0.0119508197858698,0.012837230477224635,0.021872108288905897,0.010096828661777425
22,11.10.2013,2013-10-11,2,2013,True,0.0123457854493105,0.01352976721624372,0.021872108288905897,0.011495219691009504
22,14.10.2013,2013-10-14,2,2013,True,0.0127465407696719,0.012822917810884479,0.021872108288905897,0.010700354946014786
22,15.10.2013,2013-10-15,2,2013,True,0.0125971281578569,0.01168094205795319,0.021872108288905897,0.009631590747406871
22,16.10.2013,2013-10-16,2,2013,True,0.0128043132236158,0.012193801061072727,0.021872108288905897,0.009831867314491592
22,17.10.2013,2013-10-17,2,2013,True,0.013060087227128,0.011083028134019032,0.021872108288905897,0.009739794425503158
22,21.10.2013,2013-10-21,2,2013,True,0.0134711055789184,0.012479135577719458,0.021872108288905897,0.009736661463956969
22,22.10.2013,2013-10-22,2,2013,True,0.0135843201510546,0.010680640606011515,0.021872108288905897,0.00916436120449135
22,23.10.2013,2013-10-23,2,2013,True,0.0128056074910781,0.010274870783348633,0.021872108288905897,0.00842097592029728
22,24.10.2013,2013-10-24,2,2013,True,0.0126657774851289,0.011942733798435856,0.021872108288905897,0.009427260447311295
22,25.10.2013,2013-10-25,2,2013,True,0.0126646240911286,0.0117358292663171,0.021872108288905897,0.009336359548673063
22,28.10.2013,2013-10-28,2,2013,True,0.0120389191152113,0.011204256924623996,0.021872108288905897,0.009271469224543444
22,29.10.2013,2013-10-29,2,2013,True,0.0124300811419596,0.012099372597929767,0.021872108288905897,0.010722255686188786
22,30.10.2013,2013-10-30,2,2013,True,0.0125122183922139,0.012862525983259576,0.021872108288905897,0.010654063618209324
22,31.10.2013,2013-10-31,2,2013,True,0.0124165935544078,0.013162456368803194,0.021872108288905897,0.010712818685307735
22,01.11.2013,2013-11-01,2,2013,True,0.0108961574489665,0.011307594478983751,0.021872108288905897,0.010902672975267681
22,04.11.2013,2013-11-04,2,2013,True,0.0109210068238723,0.01269384821741162,0.021872108288905897,0.012362755816969898
22,05.11.2013,2013-11-05,2,2013,True,0.0117145098499704,0.0132244011163206,0.021872108288905897,0.012087330588601208
22,06.11.2013,2013-11-06,2,2013,True,0.0117076507028762,0.013910505640844882,0.021872108288905897,0.012186145728871216
22,07.11.2013,2013-11-07,2,2013,True,0.0109278347523612,0.013509623096074215,0.021872108288905897,0.012119642210169345
22,08.11.2013,2013-11-08,2,2013,True,0.0107993635709006,0.01494937894678013,0.021872108288905897,0.012510733739095411
22,11.11.2013,2013-11-11,2,2013,True,0.0105374535502457,0.013283905739278583,0.021872108288905897,0.013050134227942675
22,12.11.2013,2013-11-12,2,2013,True,0.010830583409137,0.013117147706921182,0.021872108288905897,0.013263211118917151
22,13.11.2013,2013-11-13,2,2013,True,0.0105898821175613,0.011969693532327264,0.021872108288905897,0.011950819785869782
22,14.11.2013,2013-11-14,2,2013,True,0.0102650228569171,0.012088896045920637,0.021872108288905897,0.012345785449310533
22,15.11.2013,2013-11-15,2,2013,True,0.0106082816350166,0.013859370793163182,0.021872108288905897,0.012746540769671893
22,19.11.2013,2013-11-19,2,2013,True,0.0099873187374801,0.01269327115751195,0.021872108288905897,0.012597128157856886
22,20.11.2013,2013-11-20,2,2013,True,0.0098029710749773,0.013415706920054157,0.021872108288905897,0.012804313223615745
22,21.11.2013,2013-11-21,2,2013,True,0.0090439861085308,0.01369940907160118,0.021872108288905897,0.013060087227128021
22,22.11.2013,2013-11-22,2,2013,True,0.0088708595747144,0.013368250511519377,0.021872108288905897,0.013471105578918419
22,25.11.2013,2013-11-25,2,2013,True,0.0090822911053458,0.013000883662728691,0.021872108288905897,0.0135843201510546
22,26.11.2013,2013-11-26,2,2013,True,0.0091152901670714,0.013271805898982055,0.021872108288905897,0.012805607491078109
22,27.11.2013,2013-11-27,2,2013,True,0.0107932292881847,0.011804092938752658,0.021872108288905897,0.012665777485128897
22,29.11.2013,2013-11-29,2,2013,True,0.0105039661518271,0.012266429189620792,0.021872108288905897,0.012664624091128552
22,02.12.2013,2013-12-02,2,2013,True,0.009786142689537,0.013079287339126314,0.021872108288905897,0.012038919115211237
22,03.12.2013,2013-12-03,2,2013,True,0.009552727063513,0.012536539708105946,0.021872108288905897,0.012430081141959563
22,04.12.2013,2013-12-04,2,2013,True,0.0095017406978621,0.013228570029858059,0.021872108288905897,0.012512218392213888
22,05.12.2013,2013-12-05,2,2013,True,0.0094745291554404,0.012204494342179888,0.021872108288905897,0.012416593554407773
22,06.12.2013,2013-12-06,2,2013,True,0.0095787344727798,0.009801239239830414,0.021872108288905897,0.010896157448966437
22,09.12.2013,2013-12-09,2,2013,True,0.0087014600183554,0.011197374975965176,0.021872108288905897,0.010921006823872235
22,10.12.2013,2013-12-10,2,2013,True,0.0087113398508777,0.011677105176116111,0.021872108288905897,0.011714509849970398
22,11.12.2013,2013-12-11,2,2013,True,0.0088439391013767,0.011607071715071778,0.021872108288905897,0.011707650702876205
22,12.12.2013,2013-12-12,2,2013,True,0.008645014490238,0.010650174793189436,0.021872108288905897,0.01092783475236118
22,13.12.2013,2013-12-13,2,2013,True,0.0086324528843079,0.01134336461000152,0.021872108288905897,0.01079936357090058
22,16.12.2013,2013-12-16,2,2013,True,0.0083418913677218,0.010967754476042193,0.021872108288905897,0.010537453550245712
22,17.12.2013,2013-12-17,2,2013,True,0.0084223503222738,0.010654932290254916,0.021872108288905897,0.01083058340913696
22,19.12.2013,2013-12-19,2,2013,True,0.008464735050181,0.011367827300657178,0.021872108288905897,0.010589882117561292
22,20.12.2013,2013-12-20,2,2013,True,0.008088412979004,0.009795966238239938,0.021872108288905897,0.010265022856917045
22,23.12.2013,2013-12-23,2,2013,True,0.0083054738383308,0.00938283190476915,0.021872108288905897,0.010608281635016597
22,24.12.2013,2013-12-24,2,2013,True,0.0083369574147939,0.008976643310596857,0.021872108288905897,0.009987318737480117
22,26.12.2013,2013-12-26,2,2013,True,0.0083399751091995,0.009290426669680255,0.021872108288905897,0.009802971074977254
22,27.12.2013,2013-12-27,2,2013,True,0.0087300965272301,0.008480395136317695,0.021872108288905897,0.00904398610853078
22,30.12.2013,2013-12-30,2,2013,True,0.0086210262448263,0.008305887687284668,0.021872108288905897,0.00887085957471435
22,31.12.2013,2013-12-31,2,2013,True,0.0086146029421024,0.00910103794278166,0.021872108288905897,0.00908229110534581
22,02.01.2014,2014-01-02,3,2014,True,0.0065568620036706,0.009830046416218432,0.019764899674716393,0.009115290167071332
22,03.01.2014,2014-01-03,3,2014,True,0.0066210523638085,0.010861594319069261,0.019764899674716393,0.010793229288184708
22,06.01.2014,2014-01-06,3,2014,True,0.008075947299425,0.011196036943574255,0.019764899674716393,0.010503966151827115
22,07.01.2014,2014-01-07,3,2014,True,0.0082672261140659,0.01035301769929335,0.019764899674716393,0.009786142689536965
22,08.01.2014,2014-01-08,3,2014,True,0.0082498802184712,0.01000851216937974,0.019764899674716393,0.009552727063513
22,09.01.2014,2014-01-09,3,2014,True,0.0080656338386238,0.009982075059124115,0.019764899674716393,0.009501740697862093
22,10.01.2014,2014-01-10,3,2014,True,0.0079153608093475,0.0100681374438814,0.019764899674716393,0.009474529155440328
22,13.01.2014,2014-01-13,3,2014,True,0.0078287047154497,0.01028770813466338,0.019764899674716393,0.00957873447277975
22,14.01.2014,2014-01-14,3,2014,True,0.0083912766447381,0.009438405119208888,0.019764899674716393,0.008701460018355377
22,15.01.2014,2014-01-15,3,2014,True,0.0083344689095706,0.009623885216912277,0.019764899674716393,0.008711339850877702
22,16.01.2014,2014-01-16,3,2014,True,0.0084078334105866,0.00964470037683798,0.019764899674716393,0.00884393910137666
22,17.01.2014,2014-01-17,3,2014,True,0.0084966419277095,0.009567225782232977,0.019764899674716393,0.008645014490237947
22,22.01.2014,2014-01-22,3,2014,True,0.0085590743623757,0.009699668002749032,0.019764899674716393,0.008632452884307891
22,23.01.2014,2014-01-23,3,2014,True,0.0084202768854638,0.009106046909756313,0.019764899674716393,0.008341891367721774
22,24.01.2014,2014-01-24,3,2014,True,0.0085005760830876,0.009485167268159917,0.019764899674716393,0.008422350322273802
22,27.01.2014,2014-01-27,3,2014,True,0.0081000481439766,0.009455934337210136,0.019764899674716393,0.008464735050180985
22,28.01.2014,2014-01-28,3,2014,True,0.0089285772509495,0.009102008197818656,0.019764899674716393,0.008088412979003964
22,29.01.2014,2014-01-29,3,2014,True,0.0097613363466947,0.009141152064673686,0.019764899674716393,0.008305473838330746
22,30.01.2014,2014-01-30,3,2014,True,0.0102572090606397,0.009308716998867555,0.019764899674716393,0.008336957414793874
22,31.01.2014,2014-01-31,3,2014,True,0.0097563064755905,0.009305369604977026,0.019764899674716393,0.008339975109199498
22,03.02.2014,2014-02-03,3,2014,True,0.0098394727942485,0.011726504741942366,0.019764899674716393,0.008730096527230112
22,04.02.2014,2014-02-04,3,2014,True,0.0100293874322698,0.013058665622925592,0.019764899674716393,0.008621026244826304
22,05.02.2014,2014-02-05,3,2014,True,0.0100278628375949,0.013329700509848408,0.019764899674716393,0.00861460294210239
22,06.02.2014,2014-02-06,3,2014,True,0.0099432552211107,0.010238202825979882,0.019764899674716393,0.006556862003670488
22,07.02.2014,2014-02-07,3,2014,True,0.0087628179429944,0.010748758300450396,0.019764899674716393,0.006621052363808423
22,10.02.2014,2014-02-10,3,2014,True,0.0089337698067431,0.010986671468726476,0.019764899674716393,0.008075947299424936
22,11.02.2014,2014-02-11,3,2014,True,0.0089332445815123,0.011214858099828064,0.019764899674716393,0.008267226114065858
22,12.02.2014,2014-02-12,3,2014,True,0.0095704668955618,0.011545637642202986,0.019764899674716393,0.008249880218471197
22,13.02.2014,2014-02-13,3,2014,True,0.0097204454915896,0.011010572918087573,0.019764899674716393,0.008065633838623782
22,14.02.2014,2014-02-14,3,2014,True,0.0098283353463574,0.01097444112469495,0.019764899674716393,0.007915360809347445
22,19.02.2014,2014-02-19,3,2014,True,0.0091750012250345,0.011155482015258086,0.019764899674716393,0.007828704715449632
22,20.02.2014,2014-02-20,3,2014,True,0.0091755005482708,0.011572229270602205,0.019764899674716393,0.00839127664473806
22,21.02.2014,2014-02-21,3,2014,True,0.009179337572157,0.011165054972562937,0.019764899674716393,0.008334468909570595
22,24.02.2014,2014-02-24,3,2014,True,0.0089970068725867,0.010514139705267803,0.019764899674716393,0.008407833410586549
22,25.02.2014,2014-02-25,3,2014,True,0.0089684407424282,0.011210745475001015,0.019764899674716393,0.008496641927709426
22,26.02.2014,2014-02-26,3,2014,True,0.00898892367853,0.011592240254165817,0.019764899674716393,0.008559074362375628
22,27.02.2014,2014-02-27,3,2014,True,0.008947700679153,0.011288255429094767,0.019764899674716393,0.00842027688546371
22,28.02.2014,2014-02-28,3,2014,True,0.0098591014421589,0.011649874078683115,0.019764899674716393,0.008500576083087559
22,03.03.2014,2014-03-03,3,2014,True,0.008772682721749,0.011341719351731576,0.019764899674716393,0.008100048143976551
22,04.03.2014,2014-03-04,3,2014,True,0.0087472050640726,0.010710633825059115,0.019764899674716393,0.008928577250949478
22,05.03.2014,2014-03-05,3,2014,True,0.0083629268522491,0.011316116784273593,0.019764899674716393,0.009761336346694656
22,06.03.2014,2014-03-06,3,2014,True,0.0084912571019182,0.01136017528790948,0.019764899674716393,0.010257209060639701
22,07.03.2014,2014-03-07,3,2014,True,0.0091536364845456,0.010801364006610466,0.019764899674716393,0.009756306475590512
22,10.03.2014,2014-03-10,3,2014,True,0.009004768430054,0.010383464242361364,0.019764899674716393,0.00983947279424852
22,11.03.2014,2014-03-11,3,2014,True,0.0090044618582433,0.010379187780385827,0.019764899674716393,0.010029387432269799
22,12.03.2014,2014-03-12,3,2014,True,0.0089521442838571,0.011457368072540152,0.019764899674716393,0.010027862837594851
22,13.03.2014,2014-03-13,3,2014,True,0.0095075858139794,0.01160121315706261,0.019764899674716393,0.009943255221110685
22,14.03.2014,2014-03-14,3,2014,True,0.0092553171120433,0.010354985325027615,0.019764899674716393,0.008762817942994338
22,17.03.2014,2014-03-17,3,2014,True,0.0092555204344099,0.01057417455978859,0.019764899674716393,0.008933769806743059
22,18.03.2014,2014-03-18,3,2014,True,0.0085927813755585,0.010275569632678906,0.019764899674716393,0.00893324458151229
22,19.03.2014,2014-03-19,3,2014,True,0.0083110953105991,0.010348326997062248,0.019764899674716393,0.009570466895561762
22,20.03.2014,2014-03-20,3,2014,True,0.0084280422424451,0.011284687623008856,0.019764899674716393,0.009720445491589546
22,21.03.2014,2014-03-21,3,2014,True,0.0084142633400663,0.011068977847663784,0.019764899674716393,0.009828335346357348
22,24.03.2014,2014-03-24,3,2014,True,0.0086747440802374,0.010096334050090324,0.019764899674716393,0.009175001225034467
22,25.03.2014,2014-03-25,3,2014,True,0.0088526219634409,0.010324451811628525,0.019764899674716393,0.009175500548270774
22,26.03.2014,2014-03-26,3,2014,True,0.0093779370231135,0.01056947418603614,0.019764899674716393,0.009179337572156963
22,27.03.2014,2014-03-27,3,2014,True,0.0093953516228666,0.010592371178184129,0.019764899674716393,0.008997006872586703
22,28.03.2014,2014-03-28,3,2014,True,0.0095723071160209,0.009876581367728395,0.019764899674716393,0.008968440742428163
22,31.03.2014,2014-03-31,3,2014,True,0.0095723071160209,0.009989165780239142,0.019764899674716393,0.00898892367852997
22,01.04.2014,2014-04-01,3,2014,True,0.008579517123622,0.010785555109958614,0.019764899674716393,0.008947700679152926
22,02.04.2014,2014-04-02,3,2014,True,0.0085874277602742,0.011895589363550804,0.019764899674716393,0.009859101442158832
22,03.04.2014,2014-04-03,3,2014,True,0.0083134212324847,0.010638358422912567,0.019764899674716393,0.00877268272174897
22,04.04.2014,2014-04-04,3,2014,True,0.0084995014241515,0.01084568765141157,0.019764899674716393,0.008747205064072526
22,07.04.2014,2014-04-07,3,2014,True,0.0082643169730658,0.01057988295136161,0.019764899674716393,0.008362926852249018
22,08.04.2014,2014-04-08,3,2014,True,0.0074169475572432,0.01111002587168319,0.019764899674716393,0.008491257101918205
22,09.04.2014,2014-04-09,3,2014,True,0.0074627880862937,0.011293890311452448,0.019764899674716393,0.009153636484545584
22,10.04.2014,2014-04-10,3,2014,True,0.0075368089971451,0.010676159030262774,0.019764899674716393,0.009004768430053973
22,11.04.2014,2014-04-11,3,2014,True,0.0077065744515487,0.01087668204587797,0.019764899674716393,0.009004461858243263
22,14.04.2014,2014-04-14,3,2014,True,0.0069627797315616,0.01106040928324364,0.019764899674716393,0.008952144283857103
22,15.04.2014,2014-04-15,3,2014,True,0.0069190391895356,0.010866058790756679,0.019764899674716393,0.009507585813979412
22,16.04.2014,2014-04-16,3,2014,True,0.0072564081813949,0.010759072459621473,0.019764899674716393,0.009255317112043308
22,17.04.2014,2014-04-17,3,2014,True,0.0071405182277415,0.010808006008203065,0.019764899674716393,0.009255520434409848
22,21.04.2014,2014-04-21,3,2014,True,0.0072893318653782,0.010282200727224109,0.019764899674716393,0.008592781375558495
22,22.04.2014,2014-04-22,3,2014,True,0.0071619394337549,0.010079641125736947,0.019764899674716393,0.008311095310599105
22,23.04.2014,2014-04-23,3,2014,True,0.0071528932762188,0.010205304934973583,0.019764899674716393,0.008428042242445045
22,24.04.2014,2014-04-24,3,2014,True,0.0068326343471453,0.009913143470320839,0.019764899674716393,0.008414263340066279
22,25.04.2014,2014-04-25,3,2014,True,0.0066821261317587,0.01048145537884997,0.019764899674716393,0.008674744080237367
22,28.04.2014,2014-04-28,3,2014,True,0.0059641417109173,0.01076851427787112,0.019764899674716393,0.00885262196344088
22,29.04.2014,2014-04-29,3,2014,True,0.0058662263882115,0.010394529871194663,0.019764899674716393,0.009377937023113419
22,30.04.2014,2014-04-30,3,2014,True,0.0056865641179246,0.010131245090565661,0.019764899674716393,0.00939535162286658
22,01.05.2014,2014-05-01,3,2014,True,0.0056429931220067,0.010982496284489416,0.019764899674716393,0.00957230711602089
22,02.05.2014,2014-05-02,3,2014,True,0.005472919356821,0.0110602411089134,0.019764899674716393,0.00957230711602089
22,05.05.2014,2014-05-05,3,2014,True,0.0052231168531386,0.010076624353862654,0.019764899674716393,0.008579517123621944
22,06.05.2014,2014-05-06,3,2014,True,0.0050375704895865,0.010167712173522681,0.019764899674716393,0.00858742776027415
22,07.05.2014,2014-05-07,3,2014,True,0.0052987191754321,0.010131731394719854,0.019764899674716393,0.008313421232484665
22,08.05.2014,2014-05-08,3,2014,True,0.0053986649592105,0.010212838418407914,0.019764899674716393,0.008499501424151434
22,09.05.2014,2014-05-09,3,2014,True,0.0054232132320691,0.00991138295770819,0.019764899674716393,0.008264316973065762
22,12.05.2014,2014-05-12,3,2014,True,0.0078386962106312,0.008853734640128138,0.019764899674716393,0.007416947557243126
22,13.05.2014,2014-05-13,3,2014,True,0.0077431482280522,0.008880844577694101,0.019764899674716393,0.007462788086293608
22,14.05.2014,2014-05-14,3,2014,True,0.0076134667978356,0.009071596575602147,0.019764899674716393,0.00753680899714503
22,15.05.2014,2014-05-15,3,2014,True,0.0076121033239638,0.009132824046060566,0.019764899674716393,0.007706574451548684
22,16.05.2014,2014-05-16,3,2014,True,0.0077063817743821,0.00826039491429031,0.019764899674716393,0.006962779731561573
22,19.05.2014,2014-05-19,3,2014,True,0.0073702923780684,0.008288830472565987,0.019764899674716393,0.006919039189535589
22,20.05.2014,2014-05-20,3,2014,True,0.0074298607463704,0.008935794582845377,0.019764899674716393,0.0072564081813948555
22,21.05.2014,2014-05-21,3,2014,True,0.00750647462182,0.008992171174495071,0.019764899674716393,0.007140518227741483
22,22.05.2014,2014-05-22,3,2014,True,0.0074789026077537,0.009227856424064027,0.019764899674716393,0.007289331865378162
22,23.05.2014,2014-05-23,3,2014,True,0.0075765240471228,0.00916018573645775,0.019764899674716393,0.007161939433754813
22,27.05.2014,2014-05-27,3,2014,True,0.0076769475144703,0.008822932724841364,0.019764899674716393,0.007152893276218725
22,28.05.2014,2014-05-28,3,2014,True,0.0076446847461388,0.009321386820592206,0.019764899674716393,0.006832634347145235
22,29.05.2014,2014-05-29,3,2014,True,0.0079223551899575,0.009225136862347336,0.019764899674716393,0.006682126131758637
22,30.05.2014,2014-05-30,3,2014,True,0.0078153956857902,0.007876942500573483,0.019764899674716393,0.005964141710917212
22,02.06.2014,2014-06-02,3,2014,True,0.0080225230562853,0.008045199507246454,0.019764899674716393,0.005866226388211405
22,03.06.2014,2014-06-03,3,2014,True,0.0080479453415093,0.008214714862907195,0.019764899674716393,0.005686564117924513
22,04.06.2014,2014-06-04,3,2014,True,0.0081574160525393,0.007960093249322899,0.019764899674716393,0.00564299312200658
22,05.06.2014,2014-06-05,3,2014,True,0.0085579941671153,0.007727168755878427,0.019764899674716393,0.005472919356820871
22,06.06.2014,2014-06-06,3,2014,True,0.0086516604504963,0.007387808626675159,0.019764899674716393,0.0052231168531385215
22,09.06.2014,2014-06-09,3,2014,True,0.00822071235858,0.006890499398841168,0.019764899674716393,0.005037570489586411
22,10.06.2014,2014-06-10,3,2014,True,0.0090611540254615,0.0072379553116431634,0.019764899674716393,0.005298719175431981
22,11.06.2014,2014-06-11,3,2014,True,0.0090384241552273,0.007620219971356954,0.019764899674716393,0.0053986649592104065
22,12.06.2014,2014-06-12,3,2014,True,0.0064979115433188,0.0072647171041117925,0.019764899674716393,0.005423213232069034
22,13.06.2014,2014-06-13,3,2014,True,0.0063503983456152,0.009461247590731319,0.019764899674716393,0.007838696210631131
22,16.06.2014,2014-06-16,3,2014,True,0.006406249818291,0.009550320465836043,0.019764899674716393,0.007743148228052123
22,17.06.2014,2014-06-17,3,2014,True,0.0070962629437853,0.00885615718076094,0.019764899674716393,0.007613466797835528
22,18.06.2014,2014-06-18,3,2014,True,0.0069274417345143,0.008963271700097383,0.019764899674716393,0.007612103323963708
22,19.06.2014,2014-06-19,3,2014,True,0.0065819444091806,0.009143468196911302,0.019764899674716393,0.007706381774382073
22,20.06.2014,2014-06-20,3,2014,True,0.0068962392921612,0.009303289101949625,0.019764899674716393,0.007370292378068331
22,23.06.2014,2014-06-23,3,2014,True,0.0069885637848154,0.00933601686770092,0.019764899674716393,0.0074298607463703075
22,24.06.2014,2014-06-24,3,2014,True,0.0076120204521507,0.00914247397548981,0.019764899674716393,0.007506474621819927
22,25.06.2014,2014-06-25,3,2014,True,0.0076842593491509,0.009315096888685348,0.019764899674716393,0.007478902607753623
22,26.06.2014,2014-06-26,3,2014,True,0.0076671174131035,0.009533694251149978,0.019764899674716393,0.007576524047122739
22,27.06.2014,2014-06-27,3,2014,True,0.0078684727436647,0.009579468017343499,0.019764899674716393,0.007676947514470208
22,30.06.2014,2014-06-30,3,2014,True,0.0077836677637243,0.009435113662753918,0.019764899674716393,0.007644684746138786
22,01.07.2014,2014-07-01,3,2014,True,0.0079770293546601,0.009449873458098616,0.019764899674716393,0.007922355189957422
22,02.07.2014,2014-07-02,3,2014,True,0.0080472485565564,0.009530843868944311,0.019764899674716393,0.007815395685790186
22,03.07.2014,2014-07-03,3,2014,True,0.0081217801307687,0.00948074716098061,0.019764899674716393,0.008022523056285301
22,07.07.2014,2014-07-07,3,2014,True,0.0080830131154089,0.009358665668583852,0.019764899674716393,0.00804794534150925
22,08.07.2014,2014-07-08,3,2014,True,0.0080893280799334,0.009346206170129736,0.019764899674716393,0.00815741605253927
22,09.07.2014,2014-07-09,3,2014,True,0.0080450455730025,0.009195842943114914,0.019764899674716393,0.008557994167115307
22,10.07.2014,2014-07-10,3,2014,True,0.007975075065238,0.009028924095569293,0.019764899674716393,0.008651660450496309
22,11.07.2014,2014-07-11,3,2014,True,0.007719513326128,0.00878591004887612,0.019764899674716393,0.008220712358579973
22,14.07.2014,2014-07-14,3,2014,True,0.0082095092686141,0.011025071899725368,0.019764899674716393,0.009061154025461505
22,15.07.2014,2014-07-15,3,2014,True,0.0092081009866624,0.010563474416042651,0.019764899674716393,0.009038424155227294
22,16.07.2014,2014-07-16,3,2014,True,0.009211426938601,0.007498391130912269,0.019764899674716393,0.006497911543318768
22,17.07.2014,2014-07-17,3,2014,True,0.0091973422673663,0.0074266167067141755,0.019764899674716393,0.00635039834561517
22,18.07.2014,2014-07-18,3,2014,True,0.0086685607832504,0.007360151313095652,0.019764899674716393,0.006406249818290894
22,21.07.2014,2014-07-21,3,2014,True,0.0087978749768615,0.008027980924887941,0.019764899674716393,0.0070962629437852235
22,22.07.2014,2014-07-22,3,2014,True,0.0088793703034534,0.007818294234513766,0.019764899674716393,0.006927441734514252
22,23.07.2014,2014-07-23,3,2014,True,0.0086742808857726,0.007582959858016955,0.019764899674716393,0.006581944409180495
22,24.07.2014,2014-07-24,3,2014,True,0.0086395565700662,0.00786844648100018,0.019764899674716393,0.006896239292161149
22,25.07.2014,2014-07-25,3,2014,True,0.008042648843575,0.008057584920923625,0.019764899674716393,0.006988563784815354
22,28.07.2014,2014-07-28,3,2014,True,0.0080191695289167,0.00806423770063704,0.019764899674716393,0.007612020452150682
22,29.07.2014,2014-07-29,3,2014,True,0.0079813917211152,0.008342188733608485,0.019764899674716393,0.007684259349150815
22,30.07.2014,2014-07-30,3,2014,True,0.0079549029069269,0.008154853503108642,0.019764899674716393,0.007667117413103409
22,31.07.2014,2014-07-31,3,2014,True,0.0097585540878974,0.00852908670838043,0.019764899674716393,0.007868472743664666
22,01.08.2014,2014-08-01,3,2014,True,0.0110558933655564,0.008684846867354915,0.019764899674716393,0.00778366776372428
22,04.08.2014,2014-08-04,3,2014,True,0.0110963920811548,0.009032065271840181,0.019764899674716393,0.007977029354660107
22,05.08.2014,2014-08-05,3,2014,True,0.0111684472132485,0.00889267123504663,0.019764899674716393,0.008047248556556374
22,06.08.2014,2014-08-06,3,2014,True,0.0112032239610254,0.00922975637434905,0.019764899674716393,0.008121780130768636
22,07.08.2014,2014-08-07,3,2014,True,0.0111082772352647,0.009033405579574895,0.019764899674716393,0.008083013115408901
22,08.08.2014,2014-08-08,3,2014,True,0.0112562618897464,0.008736521925313911,0.019764899674716393,0.00808932807993333
22,11.08.2014,2014-08-11,3,2014,True,0.0112813422675956,0.00936795397431728,0.019764899674716393,0.0080450455730025
22,12.08.2014,2014-08-12,3,2014,True,0.0110195536570815,0.009268029288223924,0.019764899674716393,0.007975075065237995
22,13.08.2014,2014-08-13,3,2014,True,0.010513090405281,0.008448840352795126,0.019764899674716393,0.007719513326127992
22,14.08.2014,2014-08-14,3,2014,True,0.0096749009124633,0.00819537805529664,0.019764899674716393,0.008209509268614053
22,15.08.2014,2014-08-15,3,2014,True,0.0111937401166342,0.008528189425257906,0.019764899674716393,0.009208100986662393
22,18.08.2014,2014-08-18,3,2014,True,0.0114572401778001,0.009169943382939935,0.019764899674716393,0.009211426938600954
22,19.08.2014,2014-08-19,3,2014,True,0.0116085808350583,0.009923190002755532,0.019764899674716393,0.009197342267366229
22,20.08.2014,2014-08-20,3,2014,True,0.0117673695750488,0.009248912344906391,0.019764899674716393,0.00866856078325034
22,21.08.2014,2014-08-21,3,2014,True,0.0116990261293408,0.00889720258227986,0.019764899674716393,0.008797874976861462
22,22.08.2014,2014-08-22,3,2014,True,0.0117236630027381,0.009306747412532889,0.019764899674716393,0.008879370303453394
22,25.08.2014,2014-08-25,3,2014,True,0.0116685033126976,0.009982489542752666,0.019764899674716393,0.008674280885772516
22,26.08.2014,2014-08-26,3,2014,True,0.0116792939509374,0.010004091484521704,0.019764899674716393,0.008639556570066204
22,27.08.2014,2014-08-27,3,2014,True,0.0116777081313644,0.009303881209420368,0.019764899674716393,0.008042648843574909
22,28.08.2014,2014-08-28,3,2014,True,0.0127379205372905,0.009202283172230154,0.019764899674716393,0.008019169528916703
22,29.08.2014,2014-08-29,3,2014,True,0.0125150417306961,0.009055127936196531,0.019764899674716393,0.007981391721115175
22,02.09.2014,2014-09-02,3,2014,True,0.0113726167517771,0.008929677720112623,0.019764899674716393,0.007954902906926896
22,03.09.2014,2014-09-03,3,2014,True,0.0097460984478307,0.008957399152382356,0.019764899674716393,0.009758554087897359
22,04.09.2014,2014-09-04,3,2014,True,0.0099236749430491,0.009931374490316698,0.019764899674716393,0.011055893365556407
22,05.09.2014,2014-09-05,3,2014,True,0.0098671559845979,0.010182562351741226,0.019764899674716393,0.011096392081154788
22,08.09.2014,2014-09-08,3,2014,True,0.0098922831296902,0.009865659326601961,0.019764899674716393,0.01116844721324846
22,09.09.2014,2014-09-09,3,2014,True,0.0100590562861677,0.011350745089144701,0.019764899674716393,0.011203223961025363
22,10.09.2014,2014-09-10,3,2014,True,0.0100148085521115,0.01143878014751946,0.019764899674716393,0.011108277235264703
22,11.09.2014,2014-09-11,3,2014,True,0.0102313393823624,0.012634403232452447,0.019764899674716393,0.01125626188974641
22,12.09.2014,2014-09-12,3,2014,True,0.0132724368643452,0.012586561364936603,0.019764899674716393,0.011281342267595581
22,15.09.2014,2014-09-15,3,2014,True,0.0134023144201129,0.012750095890165063,0.019764899674716393,0.011019553657081451
22,16.09.2014,2014-09-16,3,2014,True,0.0137066631624501,0.012249092160468652,0.019764899674716393,0.010513090405280957
22,17.09.2014,2014-09-17,3,2014,True,0.0120846307152441,0.010768027809730036,0.019764899674716393,0.009674900912463265
22,18.09.2014,2014-09-18,3,2014,True,0.0125515201509835,0.011393199228793624,0.019764899674716393,0.011193740116634147
22,19.09.2014,2014-09-19,3,2014,True,0.0126879427332319,0.011549089498297208,0.019764899674716393,0.011457240177800067
22,22.09.2014,2014-09-22,3,2014,True,0.0128052655915123,0.011236392120499176,0.019764899674716393,0.011608580835058275
22,23.09.2014,2014-09-23,3,2014,True,0.0143780214493661,0.012547543778560063,0.019764899674716393,0.011767369575048838
22,24.09.2014,2014-09-24,3,2014,True,0.0143283550281201,0.012686908548284966,0.019764899674716393,0.011699026129340838
22,25.09.2014,2014-09-25,3,2014,True,0.0142752416472768,0.012261050851015235,0.019764899674716393,0.011723663002738045
22,26.09.2014,2014-09-26,3,2014,True,0.0143269470416523,0.012389358128149617,0.019764899674716393,0.011668503312697604
22,29.09.2014,2014-09-29,3,2014,True,0.0147593734236839,0.011852380849822963,0.019764899674716393,0.011679293950937404
22,30.09.2014,2014-09-30,3,2014,True,0.0140265388634746,0.012458122861042064,0.019764899674716393,0.011677708131364425
22,01.10.2014,2014-10-01,3,2014,True,0.0140242231638419,0.014160904921653375,0.019764899674716393,0.012737920537290512
22,02.10.2014,2014-10-02,3,2014,True,0.0141205750209589,0.014584212419977408,0.019764899674716393,0.012515041730696081
22,03.10.2014,2014-10-03,3,2014,True,0.014613394950649,0.013336395704894286,0.019764899674716393,0.01137261675177713
22,06.10.2014,2014-10-06,3,2014,True,0.0145141344308755,0.011675228316067654,0.019764899674716393,0.009746098447830693
22,07.10.2014,2014-10-07,3,2014,True,0.0145291955455056,0.012040258661853228,0.019764899674716393,0.009923674943049118
22,08.10.2014,2014-10-08,3,2014,True,0.0147017118838542,0.012027463075539833,0.019764899674716393,0.009867155984597866
22,09.10.2014,2014-10-09,3,2014,True,0.0146400067588231,0.012289917158862759,0.019764899674716393,0.00989228312969014
22,10.10.2014,2014-10-10,3,2014,True,0.0146044753145962,0.012228708694580877,0.019764899674716393,0.010059056286167722
22,13.10.2014,2014-10-13,3,2014,True,0.0146459315817198,0.012399871030273783,0.019764899674716393,0.010014808552111528
22,14.10.2014,2014-10-14,3,2014,True,0.0131347875027259,0.012695376672522848,0.019764899674716393,0.01023133938236234
22,15.10.2014,2014-10-15,3,2014,True,0.0129072458025695,0.01575254136076255,0.019764899674716393,0.013272436864345228
22,16.10.2014,2014-10-16,3,2014,True,0.013636305577651,0.018017891615257783,0.019764899674716393,0.013402314420112872
22,17.10.2014,2014-10-17,3,2014,True,0.0137076058683186,0.01630021769551368,0.019764899674716393,0.013706663162450061
22,20.10.2014,2014-10-20,3,2014,True,0.0133722775695502,0.01545411256718009,0.019764899674716393,0.012084630715244089
22,21.10.2014,2014-10-21,3,2014,True,0.0137246289154474,0.014336046978708904,0.019764899674716393,0.012551520150983497
22,22.10.2014,2014-10-22,3,2014,True,0.0137993878987174,0.012847248969543966,0.019764899674716393,0.012687942733231858
22,23.10.2014,2014-10-23,3,2014,True,0.0124417740359422,0.014418978475011472,0.019764899674716393,0.0128052655915123
22,24.10.2014,2014-10-24,3,2014,True,0.0127303437990001,0.01703131286910865,0.019764899674716393,0.014378021449366134
22,27.10.2014,2014-10-27,3,2014,True,0.0127459117750925,0.01691194699753494,0.019764899674716393,0.014328355028120129
22,28.10.2014,2014-10-28,3,2014,True,0.0244350686651887,0.01741188461632411,0.019764899674716393,0.0142752416472768
22,29.10.2014,2014-10-29,3,2014,True,0.0257001640366103,0.01628091865847819,0.019764899674716393,0.014326947041652325
22,30.10.2014,2014-10-30,3,2014,True,0.0260385994862605,0.014094341000083064,0.019764899674716393,0.014759373423683862
22,31.10.2014,2014-10-31,3,2014,True,0.026017511186657,0.014305494260912831,0.019764899674716393,0.014026538863474608
22,03.11.2014,2014-11-03,3,2014,True,0.0260302122125774,0.014283580599607455,0.019764899674716393,0.014024223163841876
22,04.11.2014,2014-11-04,3,2014,True,0.0258294037614482,0.014935575131367293,0.019764899674716393,0.014120575020958913
22,05.11.2014,2014-11-05,3,2014,True,0.0267300352550043,0.016206155229442933,0.019764899674716393,0.014613394950648968
22,06.11.2014,2014-11-06,3,2014,True,0.0270062950906044,0.015955518136673057,0.019764899674716393,0.014514134430875517
22,07.11.2014,2014-11-07,3,2014,True,0.0274761970027347,0.013689023609065301,0.019764899674716393,0.01452919554550556
22,10.11.2014,2014-11-10,3,2014,True,0.0274833678823937,0.014347418070537816,0.019764899674716393,0.01470171188385422
22,11.11.2014,2014-11-11,3,2014,True,0.027718956057064,0.014421861511742483,0.019764899674716393,0.014640006758823104
22,12.11.2014,2014-11-12,3,2014,True,0.0277093530802853,0.016356011353239552,0.019764899674716393,0.01460447531459619
22,13.11.2014,2014-11-13,3,2014,True,0.0274528390876327,0.0161019700266945,0.019764899674716393,0.014645931581719767
22,14.11.2014,2014-11-14,3,2014,True,0.027476226089403,0.014299577706687909,0.019764899674716393,0.013134787502725849
22,17.11.2014,2014-11-17,3,2014,True,0.0265528270936049,0.0146564216654836,0.019764899674716393,0.012907245802569509
22,18.11.2014,2014-11-18,3,2014,True,0.0284771549981057,0.015272153507236211,0.019764899674716393,0.01363630557765102
22,19.11.2014,2014-11-19,3,2014,True,0.0285118831734554,0.014388352908436798,0.019764899674716393,0.01370760586831856
22,20.11.2014,2014-11-20,3,2014,True,0.0290658027061948,0.014144689018822832,0.019764899674716393,0.013372277569550185
22,21.11.2014,2014-11-21,3,2014,True,0.0286528021839527,0.014708933179631213,0.019764899674716393,0.01372462891544735
22,24.11.2014,2014-11-24,3,2014,True,0.0286343773332482,0.014897922487675684,0.019764899674716393,0.013799387898717432
22,25.11.2014,2014-11-25,3,2014,True,0.0287691118608256,0.013078099141712525,0.019764899674716393,0.012441774035942148
22,26.11.2014,2014-11-26,3,2014,True,0.028897979194174,0.01415996644840573,0.019764899674716393,0.012730343799000102
22,28.11.2014,2014-11-28,3,2014,True,0.0208767792746588,0.013569791374174543,0.019764899674716393,0.012745911775092477
22,01.12.2014,2014-12-01,3,2014,True,0.0186019145538132,0.019386663796582784,0.019764899674716393,0.024435068665188745
22,02.12.2014,2014-12-02,3,2014,True,0.0211003031751573,0.019763087446179287,0.019764899674716393,0.025700164036610303
22,03.12.2014,2014-12-03,3,2014,True,0.0217697092274381,0.02123346806137822,0.019764899674716393,0.02603859948626054
22,04.12.2014,2014-12-04,3,2014,True,0.0219070685478958,0.018621175513205374,0.019764899674716393,0.026017511186656992
22,05.12.2014,2014-12-05,3,2014,True,0.0219846828212705,0.01899914941180085,0.019764899674716393,0.02603021221257743
22,08.12.2014,2014-12-08,3,2014,True,0.0210452867160517,0.018077443177686375,0.019764899674716393,0.025829403761448266
22,09.12.2014,2014-12-09,3,2014,True,0.0222521193523418,0.022638359547283424,0.019764899674716393,0.026730035255004305
22,10.12.2014,2014-12-10,3,2014,True,0.0216045494085109,0.02139214382848763,0.019764899674716393,0.027006295090604416
22,11.12.2014,2014-12-11,3,2014,True,0.0249621067285269,0.022200995592754045,0.019764899674716393,0.02747619700273475
22,12.12.2014,2014-12-12,3,2014,True,0.0247609876749292,0.022262817263595313,0.019764899674716393,0.027483367882393712
22,15.12.2014,2014-12-15,3,2014,True,0.0248963629763208,0.022491443364134348,0.019764899674716393,0.027718956057064054
22,16.12.2014,2014-12-16,3,2014,True,0.0250880176459681,0.02298553488055328,0.019764899674716393,0.027709353080285277
22,17.12.2014,2014-12-17,3,2014,True,0.0259158549795792,0.02347281447075212,0.019764899674716393,0.027452839087632692
22,18.12.2014,2014-12-18,3,2014,True,0.0259176191970207,0.0242597016875027,0.019764899674716393,0.027476226089403043
22,19.12.2014,2014-12-19,3,2014,True,0.0242393724721809,0.024109498327550584,0.019764899674716393,0.026552827093604934
22,22.12.2014,2014-12-22,3,2014,True,0.0241350556070752,0.026507724621059468,0.019764899674716393,0.028477154998105762
22,23.12.2014,2014-12-23,3,2014,True,0.0243952062219605,0.026664698231632773,0.019764899674716393,0.02851188317345543
22,24.12.2014,2014-12-24,3,2014,True,0.0243756868841653,0.029792911379301505,0.019764899674716393,0.029065802706194802
22,26.12.2014,2014-12-26,3,2014,True,0.0248634573489423,0.026965876297774253,0.019764899674716393,0.02865280218395275
22,29.12.2014,2014-12-29,3,2014,True,0.0303035513223497,0.029103113512245284,0.019764899674716393,0.028634377333248206
22,30.12.2014,2014-12-30,3,2014,True,0.0312926286347935,0.03002421229708043,0.019764899674716393,0.028769111860825602
22,31.12.2014,2014-12-31,3,2014,True,0.0336311885181357,0.029448871588101107,0.019764899674716393,0.02889797919417397
22,02.01.2015,2015-01-02,4,2015,True,0.036454003246098,0.020813843632334485,0.018358062556976064,0.02087677927465884
22,05.01.2015,2015-01-05,4,2015,True,0.0352148947838802,0.019172289787478945,0.018358062556976064,0.018601914553813246
22,06.01.2015,2015-01-06,4,2015,True,0.034161492450844,0.021283644678078216,0.018358062556976064,0.021100303175157344
22,07.01.2015,2015-01-07,4,2015,True,0.0341539442344388,0.022499836955801957,0.018358062556976064,0.021769709227438074
22,08.01.2015,2015-01-08,4,2015,True,0.0351217504489939,0.022936913410546222,0.018358062556976064,0.02190706854789577
22,09.01.2015,2015-01-09,4,2015,True,0.0357012524614829,0.021713375908051738,0.018358062556976064,0.021984682821270495
22,12.01.2015,2015-01-12,4,2015,True,0.0340654761175048,0.020125516541082376,0.018358062556976064,0.021045286716051666
22,13.01.2015,2015-01-13,4,2015,True,0.0335659081403405,0.022462798862363187,0.018358062556976064,0.022252119352341775
22,14.01.2015,2015-01-14,4,2015,True,0.0366481370438628,0.019972644631611525,0.018358062556976064,0.021604549408510924
22,15.01.2015,2015-01-15,4,2015,True,0.0372029661547698,0.02125567216645288,0.018358062556976064,0.02496210672852691
22,16.01.2015,2015-01-16,4,2015,True,0.0372992442891439,0.022092002455560443,0.018358062556976064,0.024760987674929204
22,20.01.2015,2015-01-20,4,2015,True,0.0373556214952553,0.02194159286556635,0.018358062556976064,0.02489636297632083
22,21.01.2015,2015-01-21,4,2015,True,0.0378903727077808,0.022574358346216402,0.018358062556976064,0.025088017645968103
22,22.01.2015,2015-01-22,4,2015,True,0.0377640015100771,0.022108001870329085,0.018358062556976064,0.025915854979579194
22,23.01.2015,2015-01-23,4,2015,True,0.0387380739691978,0.023026444580684365,0.018358062556976064,0.02591761919702072
22,26.01.2015,2015-01-26,4,2015,True,0.0392106096918362,0.0225563708703504,0.018358062556976064,0.024239372472180908
22,27.01.2015,2015-01-27,4,2015,True,0.0395683921299757,0.022256091560496773,0.018358062556976064,0.02413505560707523
22,28.01.2015,2015-01-28,4,2015,True,0.0410344104970206,0.02054611479378338,0.018358062556976064,0.024395206221960505
22,29.01.2015,2015-01-29,4,2015,True,0.0411550261894416,0.02053387412275621,0.018358062556976064,0.024375686884165273
22,30.01.2015,2015-01-30,4,2015,True,0.0385662580630387,0.01974372139976074,0.018358062556976064,0.02486345734894228
22,02.02.2015,2015-02-02,4,2015,True,0.0381265870772915,0.025099248454952653,0.018358062556976064,0.03030355132234974
22,03.02.2015,2015-02-03,4,2015,True,0.0364758550646474,0.025429546963229556,0.018358062556976064,0.03129262863479347
22,04.02.2015,2015-02-04,4,2015,True,0.0335516687348119,0.02778129529699528,0.018358062556976064,0.033631188518135686
22,05.02.2015,2015-02-05,4,2015,True,0.0333846419080673,0.029239149885526394,0.018358062556976064,0.036454003246098016
22,06.02.2015,2015-02-06,4,2015,True,0.0333449914296978,0.031224540456104087,0.018358062556976064,0.0352148947838802
22,09.02.2015,2015-02-09,4,2015,True,0.033314419990445,0.028976894517099262,0.018358062556976064,0.03416149245084405
22,10.02.2015,2015-02-10,4,2015,True,0.0338313890792574,0.02575978151746698,0.018358062556976064,0.0341539442344388
22,11.02.2015,2015-02-11,4,2015,True,0.0334951985435918,0.028330369055838026,0.018358062556976064,0.03512175044899388
22,12.02.2015,2015-02-12,4,2015,True,0.0320393057021528,0.03055239249071314,0.018358062556976064,0.03570125246148292
22,13.02.2015,2015-02-13,4,2015,True,0.0336256578776736,0.02683469118851343,0.018358062556976064,0.034065476117504795
22,17.02.2015,2015-02-17,4,2015,True,0.0278283212376172,0.024937161983251164,0.018358062556976064,0.03356590814034054
22,18.02.2015,2015-02-18,4,2015,True,0.0275816243984495,0.027878329132687295,0.018358062556976064,0.03664813704386278
22,19.02.2015,2015-02-19,4,2015,True,0.0277607235806087,0.027943833215318625,0.018358062556976064,0.03720296615476982
22,20.02.2015,2015-02-20,4,2015,True,0.0278496118499637,0.028263548104830886,0.018358062556976064,0.03729924428914396
22,23.02.2015,2015-02-23,4,2015,True,0.0281803435747379,0.030932309668111634,0.018358062556976064,0.03735562149525532
22,24.02.2015,2015-02-24,4,2015,True,0.0300260590484219,0.032079554486701925,0.018358062556976064,0.03789037270778079
22,25.02.2015,2015-02-25,4,2015,True,0.0296449250665583,0.03360162118258815,0.018358062556976064,0.03776400151007712
22,26.02.2015,2015-02-26,4,2015,True,0.0292373435233924,0.032422260635636885,0.018358062556976064,0.0387380739691978
22,27.02.2015,2015-02-27,4,2015,True,0.0277339576869872,0.031838780440168114,0.018358062556976064,0.03921060969183625
22,02.03.2015,2015-03-02,4,2015,True,0.0272432055571291,0.032479502999618944,0.018358062556976064,0.03956839212997571
22,03.03.2015,2015-03-03,4,2015,True,0.0276343433390716,0.0318953918016492,0.018358062556976064,0.04103441049702061
22,04.03.2015,2015-03-04,4,2015,True,0.0305079399467737,0.03394316003676844,0.018358062556976064,0.041155026189441626
22,05.03.2015,2015-03-05,4,2015,True,0.0307646370081202,0.030932506123207703,0.018358062556976064,0.038566258063038775
22,06.03.2015,2015-03-06,4,2015,True,0.0333398466138182,0.031865401249778276,0.018358062556976064,0.03812658707729151
22,09.03.2015,2015-03-09,4,2015,True,0.0334152508531775,0.031068151431158854,0.018358062556976064,0.0364758550646474
22,10.03.2015,2015-03-10,4,2015,True,0.0328047700072591,0.028200673434770843,0.018358062556976064,0.033551668734811885
22,11.03.2015,2015-03-11,4,2015,True,0.0325292121417122,0.029517615120183246,0.018358062556976064,0.033384641908067295
22,12.03.2015,2015-03-12,4,2015,True,0.0325194534259085,0.028890688994016398,0.018358062556976064,0.033344991429697796
22,13.03.2015,2015-03-13,4,2015,True,0.0315816859921992,0.029128374140484133,0.018358062556976064,0.033314419990445
22,16.03.2015,2015-03-16,4,2015,True,0.0310051757718654,0.030244632476665655,0.018358062556976064,0.0338313890792574
22,17.03.2015,2015-03-17,4,2015,True,0.0323323700333958,0.029522835335596343,0.018358062556976064,0.03349519854359184
22,18.03.2015,2015-03-18,4,2015,True,0.0312515758759507,0.029397606623506153,0.018358062556976064,0.03203930570215284
22,19.03.2015,2015-03-19,4,2015,True,0.0310207242522601,0.02725720221315077,0.018358062556976064,0.033625657877673666
22,20.03.2015,2015-03-20,4,2015,True,0.030954093169634,0.02335892845271275,0.018358062556976064,0.02782832123761726
22,23.03.2015,2015-03-23,4,2015,True,0.0314946332617026,0.023862983094704943,0.018358062556976064,0.02758162439844947
22,24.03.2015,2015-03-24,4,2015,True,0.0311333342718549,0.022778688459484667,0.018358062556976064,0.027760723580608694
22,25.03.2015,2015-03-25,4,2015,True,0.0310448056917463,0.021725475229642632,0.018358062556976064,0.027849611849963735
22,26.03.2015,2015-03-26,4,2015,True,0.0297314011024455,0.023187528566015383,0.018358062556976064,0.028180343574737966
22,27.03.2015,2015-03-27,4,2015,True,0.0274761534562875,0.02561594869534142,0.018358062556976064,0.030026059048421927
22,30.03.2015,2015-03-30,4,2015,True,0.0274373060342002,0.024047172281954163,0.018358062556976064,0.02964492506655835
22,31.03.2015,2015-03-31,4,2015,True,0.0268296719735653,0.02326501029689304,0.018358062556976064,0.029237343523392422
22,01.04.2015,2015-04-01,4,2015,True,0.0261924562223899,0.022765525371333094,0.018358062556976064,0.027733957686987182
22,02.04.2015,2015-04-02,4,2015,True,0.0242068820319879,0.02307001654783751,0.018358062556976064,0.027243205557129075
22,06.04.2015,2015-04-06,4,2015,True,0.021854288864629,0.02071302185479562,0.018358062556976064,0.02763434333907163
22,07.04.2015,2015-04-07,4,2015,True,0.0233564478475721,0.02549325710750551,0.018358062556976064,0.03050793994677377
22,08.04.2015,2015-04-08,4,2015,True,0.0181279484588682,0.024017784270081177,0.018358062556976064,0.030764637008120186
22,09.04.2015,2015-04-09,4,2015,True,0.0182229279910493,0.027250867136430514,0.018358062556976064,0.03333984661381826
22,10.04.2015,2015-04-10,4,2015,True,0.0185745905845733,0.02824810304854897,0.018358062556976064,0.033415250853177474
22,13.04.2015,2015-04-13,4,2015,True,0.0186037503528774,0.02674708753155045,0.018358062556976064,0.03280477000725912
22,14.04.2015,2015-04-14,4,2015,True,0.0187119400210895,0.026158413938318244,0.018358062556976064,0.03252921214171225
22,15.04.2015,2015-04-15,4,2015,True,0.0178278718730516,0.02609820493357679,0.018358062556976064,0.032519453425908514
22,16.04.2015,2015-04-16,4,2015,True,0.0179203905834142,0.027095896277484204,0.018358062556976064,0.03158168599219926
22,17.04.2015,2015-04-17,4,2015,True,0.0167582332701417,0.02661716733637681,0.018358062556976064,0.031005175771865397
22,20.04.2015,2015-04-20,4,2015,True,0.0170695564287223,0.027316170605839674,0.018358062556976064,0.03233237003339583
22,21.04.2015,2015-04-21,4,2015,True,0.0168719376934932,0.025002801558526484,0.018358062556976064,0.03125157587595067
22,22.04.2015,2015-04-22,4,2015,True,0.0173557567022247,0.026037020713140093,0.018358062556976064,0.03102072425226012
22,23.04.2015,2015-04-23,4,2015,True,0.0168151454222505,0.025015079714380304,0.018358062556976064,0.03095409316963401
22,24.04.2015,2015-04-24,4,2015,True,0.0175778355662096,0.024490996183775596,0.018358062556976064,0.03149463326170261
22,27.04.2015,2015-04-27,4,2015,True,0.0176877082671825,0.023455739851562903,0.018358062556976064,0.03113333427185489
22,28.04.2015,2015-04-28,4,2015,True,0.020439319670921,0.024383690560968594,0.018358062556976064,0.03104480569174628
22,29.04.2015,2015-04-29,4,2015,True,0.0201691884455215,0.025062259597509105,0.018358062556976064,0.029731401102445473
22,30.04.2015,2015-04-30,4,2015,True,0.020025985249804,0.022805161054382607,0.018358062556976064,0.027476153456287535
22,01.05.2015,2015-05-01,4,2015,True,0.0207292593870735,0.02258646520993954,0.018358062556976064,0.027437306034200228
22,04.05.2015,2015-05-04,4,2015,True,0.021465133360276,0.021532876547083878,0.018358062556976064,0.026829671973565287
22,05.05.2015,2015-05-05,4,2015,True,0.0216737289296382,0.022190181163367524,0.018358062556976064,0.026192456222389904
22,06.05.2015,2015-05-06,4,2015,True,0.0216689328527841,0.021470861443251357,0.018358062556976064,0.02420688203198787
22,07.05.2015,2015-05-07,4,2015,True,0.0220294849315067,0.021644980437197713,0.018358062556976064,0.02185428886462901
22,08.05.2015,2015-05-08,4,2015,True,0.0221975900937374,0.022282182019847045,0.018358062556976064,0.023356447847572084
22,11.05.2015,2015-05-11,4,2015,True,0.0222272589755798,0.017020493854386306,0.018358062556976064,0.01812794845886818
22,12.05.2015,2015-05-12,4,2015,True,0.0215737723298363,0.016759690354423675,0.018358062556976064,0.01822292799104933
22,13.05.2015,2015-05-13,4,2015,True,0.0219023169899287,0.016193172067007225,0.018358062556976064,0.018574590584573277
22,14.05.2015,2015-05-14,4,2015,True,0.0219131652639499,0.016740793424841652,0.018358062556976064,0.018603750352877365
22,15.05.2015,2015-05-15,4,2015,True,0.0224256849763122,0.017408344560671682,0.018358062556976064,0.01871194002108953
22,18.05.2015,2015-05-18,4,2015,True,0.0224802560299623,0.018975646027117616,0.018358062556976064,0.01782787187305159
22,19.05.2015,2015-05-19,4,2015,True,0.0216366029558762,0.018902434997791963,0.018358062556976064,0.017920390583414166
22,20.05.2015,2015-05-20,4,2015,True,0.0213712921943803,0.016323227019348102,0.018358062556976064,0.016758233270141643
22,21.05.2015,2015-05-21,4,2015,True,0.0211023484073544,0.015695862974772656,0.018358062556976064,0.017069556428722266
22,22.05.2015,2015-05-22,4,2015,True,0.0210097441491766,0.01584159820668217,0.018358062556976064,0.016871937693493145
22,26.05.2015,2015-05-26,4,2015,True,0.0203219815546983,0.01642431584286935,0.018358062556976064,0.017355756702224646
22,27.05.2015,2015-05-27,4,2015,True,0.0194729726300581,0.015975785102198808,0.018358062556976064,0.016815145422250467
22,28.05.2015,2015-05-28,4,2015,True,0.0198861956740879,0.017358166264928965,0.018358062556976064,0.01757783556620957
22,29.05.2015,2015-05-29,4,2015,True,0.017908658933239,0.016732319696093324,0.018358062556976064,0.017687708267182547
22,01.06.2015,2015-06-01,4,2015,True,0.0185276282463536,0.02031094724057469,0.018358062556976064,0.02043931967092096
22,02.06.2015,2015-06-02,4,2015,True,0.0183671322860091,0.0197040684475913,0.018358062556976064,0.02016918844552155
22,03.06.2015,2015-06-03,4,2015,True,0.0263455451324147,0.019594973154957538,0.018358062556976064,0.02002598524980401
22,04.06.2015,2015-06-04,4,2015,True,0.025941205094236,0.017642348283343882,0.018358062556976064,0.020729259387073526
22,05.06.2015,2015-06-05,4,2015,True,0.0254295767411291,0.018098218863573892,0.018358062556976064,0.021465133360275966
22,08.06.2015,2015-06-08,4,2015,True,0.0262748495317626,0.01839224046443964,0.018358062556976064,0.02167372892963818
22,09.06.2015,2015-06-09,4,2015,True,0.0249550902826979,0.017892618738172075,0.018358062556976064,0.021668932852784074
22,10.06.2015,2015-06-10,4,2015,True,0.0247491351074988,0.01863830230235352,0.018358062556976064,0.022029484931506665
22,11.06.2015,2015-06-11,4,2015,True,0.025001863751271,0.01932503769732048,0.018358062556976064,0.0221975900937374
22,12.06.2015,2015-06-12,4,2015,True,0.0251996031746873,0.01921611822702672,0.018358062556976064,0.02222725897557984
22,15.06.2015,2015-06-15,4,2015,True,0.0251229121328812,0.019673950757562494,0.018358062556976064,0.02157377232983633
22,16.06.2015,2015-06-16,4,2015,True,0.0251217781395898,0.01989635324589342,0.018358062556976064,0.021902316989928707
22,17.06.2015,2015-06-17,4,2015,True,0.0246656466616165,0.020767017116192533,0.018358062556976064,0.021913165263949916
22,18.06.2015,2015-06-18,4,2015,True,0.0246834161794379,0.02090793864903457,0.018358062556976064,0.022425684976312192
22,19.06.2015,2015-06-19,4,2015,True,0.0246015899043408,0.020827582535823844,0.018358062556976064,0.022480256029962304
22,22.06.2015,2015-06-22,4,2015,True,0.0245801007275139,0.020082310901601102,0.018358062556976064,0.021636602955876227
22,23.06.2015,2015-06-23,4,2015,True,0.0240291239621212,0.020001035113974622,0.018358062556976064,0.021371292194380265
22,24.06.2015,2015-06-24,4,2015,True,0.0241590154453783,0.019177997995882445,0.018358062556976064,0.021102348407354417
22,25.06.2015,2015-06-25,4,2015,True,0.0241697110287165,0.02100859330538509,0.018358062556976064,0.02100974414917664
22,26.06.2015,2015-06-26,4,2015,True,0.0241794307866469,0.018846621297109498,0.018358062556976064,0.020321981554698283
22,29.06.2015,2015-06-29,4,2015,True,0.0240564843220552,0.018707823609979357,0.018358062556976064,0.01947297263005814
22,30.06.2015,2015-06-30,4,2015,True,0.0231209288637053,0.019648846903340098,0.018358062556976064,0.019886195674087923
22,01.07.2015,2015-07-01,4,2015,True,0.0247454019255005,0.01748128080699251,0.018358062556976064,0.01790865893323905
22,02.07.2015,2015-07-02,4,2015,True,0.0249927994592204,0.017408780197188372,0.018358062556976064,0.0185276282463536
22,06.07.2015,2015-07-06,4,2015,True,0.0166502299634753,0.017594465869895475,0.018358062556976064,0.018367132286009096
22,07.07.2015,2015-07-07,4,2015,True,0.0164891609184521,0.02198672397810602,0.018358062556976064,0.026345545132414716
22,08.07.2015,2015-07-08,4,2015,True,0.016536354147849,0.023207721943666812,0.018358062556976064,0.02594120509423604
22,09.07.2015,2015-07-09,4,2015,True,0.0175517332972683,0.02323460524090115,0.018358062556976064,0.02542957674112911
22,10.07.2015,2015-07-10,4,2015,True,0.0178303610845234,0.02248137045843683,0.018358062556976064,0.02627484953176259
22,13.07.2015,2015-07-13,4,2015,True,0.0181462967392414,0.021828018398540826,0.018358062556976064,0.024955090282697965
22,14.07.2015,2015-07-14,4,2015,True,0.0176823800677018,0.019933835907894833,0.018358062556976064,0.02474913510749879
22,15.07.2015,2015-07-15,4,2015,True,0.0172626470820633,0.01931643087126621,0.018358062556976064,0.025001863751271027
22,16.07.2015,2015-07-16,4,2015,True,0.0170153318858045,0.01773233306383099,0.018358062556976064,0.02519960317468729
22,17.07.2015,2015-07-17,4,2015,True,0.0169472754578701,0.018761018237199684,0.018358062556976064,0.025122912132881235
22,20.07.2015,2015-07-20,4,2015,True,0.0178342263393723,0.01934968631298903,0.018358062556976064,0.025121778139589813
22,21.07.2015,2015-07-21,4,2015,True,0.017516184895895,0.019388016029384187,0.018358062556976064,0.024665646661616476
22,22.07.2015,2015-07-22,4,2015,True,0.0177930798206526,0.019770713080480815,0.018358062556976064,0.024683416179437943
22,23.07.2015,2015-07-23,4,2015,True,0.021101985751724,0.020750734740216544,0.018358062556976064,0.024601589904340783
22,24.07.2015,2015-07-24,4,2015,True,0.02170558049804,0.020742461954505166,0.018358062556976064,0.02458010072751396
22,27.07.2015,2015-07-27,4,2015,True,0.0216517859662213,0.021565205847338616,0.018358062556976064,0.02402912396212122
22,28.07.2015,2015-07-28,4,2015,True,0.0315123103478427,0.021993734863255742,0.018358062556976064,0.02415901544537828
22,29.07.2015,2015-07-29,4,2015,True,0.03370526579115,0.022229612831183805,0.018358062556976064,0.024169711028716494
22,30.07.2015,2015-07-30,4,2015,True,0.0379423051207955,0.02049252220582471,0.018358062556976064,0.024179430786646944
22,31.07.2015,2015-07-31,4,2015,True,0.0422748285624589,0.020135954466318454,0.018358062556976064,0.024056484322055174
22,03.08.2015,2015-08-03,4,2015,True,0.0409361665241519,0.01984328688753652,0.018358062556976064,0.023120928863705353
22,04.08.2015,2015-08-04,4,2015,True,0.0408967945681581,0.023573958146229135,0.018358062556976064,0.02474540192550051
22,05.08.2015,2015-08-05,4,2015,True,0.0411286285008557,0.023031581920383987,0.018358062556976064,0.024992799459220436
22,06.08.2015,2015-08-06,4,2015,True,0.0411293863841675,0.015866301736065017,0.018358062556976064,0.016650229963475267
22,07.08.2015,2015-08-07,4,2015,True,0.0418366611027956,0.01776390004230432,0.018358062556976064,0.016489160918452084
22,10.08.2015,2015-08-10,4,2015,True,0.0414902651040073,0.01878749494074915,0.018358062556976064,0.016536354147849017
22,11.08.2015,2015-08-11,4,2015,True,0.0412892855356597,0.016481014980370252,0.018358062556976064,0.017551733297268314
22,12.08.2015,2015-08-12,4,2015,True,0.0419279795415188,0.016855375866581406,0.018358062556976064,0.01783036108452338
22,13.08.2015,2015-08-13,4,2015,True,0.0419466110608552,0.01752108012136327,0.018358062556976064,0.018146296739241445
22,14.08.2015,2015-08-14,4,2015,True,0.0419475111010474,0.018258988765831402,0.018358062556976064,0.0176823800677018
22,17.08.2015,2015-08-17,4,2015,True,0.0434983365785201,0.017175706279259954,0.018358062556976064,0.01726264708206335
22,18.08.2015,2015-08-18,4,2015,True,0.0440731427940998,0.01631542424119242,0.018358062556976064,0.017015331885804504
22,19.08.2015,2015-08-19,4,2015,True,0.0439090904312537,0.016767084308277613,0.018358062556976064,0.016947275457870087
22,20.08.2015,2015-08-20,4,2015,True,0.0438107604234548,0.015832208462702762,0.018358062556976064,0.017834226339372324
22,21.08.2015,2015-08-21,4,2015,True,0.0438814986493922,0.015851760532630887,0.018358062556976064,0.017516184895895046
22,24.08.2015,2015-08-24,4,2015,True,0.0414087585166208,0.016036059937416084,0.018358062556976064,0.01779307982065262
22,25.08.2015,2015-08-25,4,2015,True,0.041389939790044,0.019293214037038604,0.018358062556976064,0.021101985751724013
22,26.08.2015,2015-08-26,4,2015,True,0.0419176161139104,0.020406401080987187,0.018358062556976064,0.02170558049803998
22,27.08.2015,2015-08-27,4,2015,True,0.0365896355471772,0.02059335286875775,0.018358062556976064,0.021651785966221273
22,28.08.2015,2015-08-28,4,2015,True,0.0348295431453403,0.030319944353961684,0.018358062556976064,0.03151231034784272
22,31.08.2015,2015-08-31,4,2015,True,0.0299170604375406,0.031035056388052866,0.018358062556976064,0.03370526579114997
22,01.09.2015,2015-09-01,4,2015,True,0.0236333486134997,0.038131889819369866,0.018358062556976064,0.03794230512079554
22,02.09.2015,2015-09-02,4,2015,True,0.023820540386592,0.04004319134437022,0.018358062556976064,0.04227482856245891
22,03.09.2015,2015-09-03,4,2015,True,0.026450666888559,0.041607899457460504,0.018358062556976064,0.0409361665241519
22,04.09.2015,2015-09-04,4,2015,True,0.0261328245359646,0.04139193753465878,0.018358062556976064,0.040896794568158104
22,08.09.2015,2015-09-08,4,2015,True,0.0269582781251632,0.039179281142945985,0.018358062556976064,0.04112862850085578
22,09.09.2015,2015-09-09,4,2015,True,0.0253277419793297,0.03970325669453569,0.018358062556976064,0.04112938638416754
22,10.09.2015,2015-09-10,4,2015,True,0.027728846064668,0.0402578256386385,0.018358062556976064,0.0418366611027956
22,11.09.2015,2015-09-11,4,2015,True,0.027653109762829,0.039154185766712445,0.018358062556976064,0.04149026510400734
22,14.09.2015,2015-09-14,4,2015,True,0.026302029525239,0.03870698738850927,0.018358062556976064,0.04128928553565978
22,15.09.2015,2015-09-15,4,2015,True,0.0264078454175928,0.03869250921692114,0.018358062556976064,0.041927979541518855
22,16.09.2015,2015-09-16,4,2015,True,0.0264047994160843,0.0391799255232952,0.018358062556976064,0.04194661106085526
22,17.09.2015,2015-09-17,4,2015,True,0.0239711634189232,0.038473808346040195,0.018358062556976064,0.041947511101047434
22,18.09.2015,2015-09-18,4,2015,True,0.0228167528326745,0.03471609737939484,0.018358062556976064,0.04349833657852013
22,21.09.2015,2015-09-21,4,2015,True,0.0222032674067188,0.035160198005246016,0.018358062556976064,0.044073142794099816
22,22.09.2015,2015-09-22,4,2015,True,0.0222196692402588,0.034408729758563045,0.018358062556976064,0.043909090431253746
22,23.09.2015,2015-09-23,4,2015,True,0.0214196995318,0.03642093577835397,0.018358062556976064,0.04381076042345485
22,24.09.2015,2015-09-24,4,2015,True,0.0214256269884064,0.03900136183441025,0.018358062556976064,0.043881498649392246
22,25.09.2015,2015-09-25,4,2015,True,0.0215412741575327,0.03480861269135503,0.018358062556976064,0.04140875851662087
22,28.09.2015,2015-09-28,4,2015,True,0.023141660930182,0.03360297570358579,0.018358062556976064,0.041389939790044065
22,29.09.2015,2015-09-29,4,2015,True,0.0228623445588772,0.03502391978084107,0.018358062556976064,0.0419176161139104
22,30.09.2015,2015-09-30,4,2015,True,0.0230798462465391,0.029717803565856234,0.018358062556976064,0.03658963554717718
22,01.10.2015,2015-10-01,4,2015,True,0.0231292667120697,0.029524937285580293,0.018358062556976064,0.034829543145340335
22,02.10.2015,2015-10-02,4,2015,True,0.0242082638113885,0.024712997980016436,0.018358062556976064,0.02991706043754066
22,05.10.2015,2015-10-05,4,2015,True,0.0253002047398385,0.01962543954155163,0.018358062556976064,0.023633348613499687
22,06.10.2015,2015-10-06,4,2015,True,0.0223975982671834,0.020301956649843772,0.018358062556976064,0.023820540386591982
22,07.10.2015,2015-10-07,4,2015,True,0.0224028906285631,0.021578173711119232,0.018358062556976064,0.02645066688855905
22,08.10.2015,2015-10-08,4,2015,True,0.0208618481806299,0.021834227286954066,0.018358062556976064,0.026132824535964647
22,09.10.2015,2015-10-09,4,2015,True,0.0209755424674114,0.02362691126339973,0.018358062556976064,0.026958278125163188
22,12.10.2015,2015-10-12,4,2015,True,0.0191045848340455,0.02315975624125233,0.018358062556976064,0.02532774197932972
22,13.10.2015,2015-10-13,4,2015,True,0.0204588437369217,0.025145306859736757,0.018358062556976064,0.02772884606466804
22,14.10.2015,2015-10-14,4,2015,True,0.0204746149158232,0.024985195091615498,0.018358062556976064,0.027653109762828983
22,15.10.2015,2015-10-15,4,2015,True,0.0204824714095327,0.023454075474216473,0.018358062556976064,0.026302029525239044
22,16.10.2015,2015-10-16,4,2015,True,0.0204747864486127,0.02309604485648679,0.018358062556976064,0.026407845417592758
22,19.10.2015,2015-10-19,4,2015,True,0.0208313888467157,0.024595073301872585,0.018358062556976064,0.02640479941608433
22,20.10.2015,2015-10-20,4,2015,True,0.0208159065384055,0.02144744833006364,0.018358062556976064,0.023971163418923223
22,21.10.2015,2015-10-21,4,2015,True,0.0208344181472612,0.020585845224839174,0.018358062556976064,0.0228167528326745
22,22.10.2015,2015-10-22,4,2015,True,0.0208174399999923,0.019914662362104547,0.018358062556976064,0.022203267406718772
22,23.10.2015,2015-10-23,4,2015,True,0.0218793495697508,0.01964688796215633,0.018358062556976064,0.02221966924025876
22,26.10.2015,2015-10-26,4,2015,True,0.0218198032896957,0.0186576892867982,0.018358062556976064,0.021419699531799983
22,27.10.2015,2015-10-27,4,2015,True,0.0224072531600783,0.018857140262209672,0.018358062556976064,0.02142562698840641
22,28.10.2015,2015-10-28,4,2015,True,0.0195949074589064,0.018740581209971706,0.018358062556976064,0.021541274157532667
22,29.10.2015,2015-10-29,4,2015,True,0.0195943407190535,0.02001801831862073,0.018358062556976064,0.023141660930181957
22,30.10.2015,2015-10-30,4,2015,True,0.0208836125095689,0.01981600941321537,0.018358062556976064,0.02286234455887721
22,02.11.2015,2015-11-02,4,2015,True,0.0223056176470251,0.019108309403061075,0.018358062556976064,0.023079846246539058
22,03.11.2015,2015-11-03,4,2015,True,0.0206033896624603,0.018832285608519298,0.018358062556976064,0.02312926671206966
22,04.11.2015,2015-11-04,4,2015,True,0.021893741116216,0.019568062420849235,0.018358062556976064,0.024208263811388492
22,05.11.2015,2015-11-05,4,2015,True,0.0218865517733327,0.020617009689527947,0.018358062556976064,0.025300204739838517
22,06.11.2015,2015-11-06,4,2015,True,0.0218875181463704,0.01832133725914383,0.018358062556976064,0.022397598267183405
22,09.11.2015,2015-11-09,4,2015,True,0.0218821964907372,0.018325016135768448,0.018358062556976064,0.022402890628563092
22,10.11.2015,2015-11-10,4,2015,True,0.023143415113099,0.018373375212266393,0.018358062556976064,0.02086184818062995
22,11.11.2015,2015-11-11,4,2015,True,0.02254795467043,0.018362607636439543,0.018358062556976064,0.02097554246741145
22,12.11.2015,2015-11-12,4,2015,True,0.0219665680137501,0.016067979948224016,0.018358062556976064,0.019104584834045528
22,13.11.2015,2015-11-13,4,2015,True,0.0227075703870179,0.01811378460566409,0.018358062556976064,0.020458843736921674
22,16.11.2015,2015-11-16,4,2015,True,0.022713504459163,0.018310982318563217,0.018358062556976064,0.020474614915823204
22,17.11.2015,2015-11-17,4,2015,True,0.0226600885230561,0.017573778162225686,0.018358062556976064,0.020482471409532715
22,18.11.2015,2015-11-18,4,2015,True,0.0222250663595002,0.01733120946489064,0.018358062556976064,0.02047478644861272
22,19.11.2015,2015-11-19,4,2015,True,0.0221258162866528,0.017822310684468393,0.018358062556976064,0.020831388846715707
22,20.11.2015,2015-11-20,4,2015,True,0.0236273193431405,0.01809814247578339,0.018358062556976064,0.020815906538405482
22,23.11.2015,2015-11-23,4,2015,True,0.0239735504436782,0.018112884823239934,0.018358062556976064,0.020834418147261207
22,24.11.2015,2015-11-24,4,2015,True,0.0231912123611283,0.01797634333842569,0.018358062556976064,0.020817439999992332
22,25.11.2015,2015-11-25,4,2015,True,0.0247629052917639,0.018606500793515866,0.018358062556976064,0.021879349569750815
22,27.11.2015,2015-11-27,4,2015,True,0.0250731334754003,0.01885680917396616,0.018358062556976064,0.02181980328969566
22,30.11.2015,2015-11-30,4,2015,True,0.0259621334792843,0.019247008358489283,0.018358062556976064,0.02240725316007835
22,01.12.2015,2015-12-01,4,2015,True,0.0259839661407775,0.016916466308030825,0.018358062556976064,0.01959490745890639
22,02.12.2015,2015-12-02,4,2015,True,0.0248671299009348,0.01784270255663266,0.018358062556976064,0.019594340719053475
22,03.12.2015,2015-12-03,4,2015,True,0.0259582795837725,0.01932563067917606,0.018358062556976064,0.020883612509568945
22,04.12.2015,2015-12-04,4,2015,True,0.0259044998473814,0.020372684002235433,0.018358062556976064,0.022305617647025124
22,07.12.2015,2015-12-07,4,2015,True,0.0240467309034863,0.016846374252680197,0.018358062556976064,0.02060338966246033
22,08.12.2015,2015-12-08,4,2015,True,0.0265421690792248,0.019668687334418223,0.018358062556976064,0.021893741116216028
22,09.12.2015,2015-12-09,4,2015,True,0.0265890791719111,0.019816507473138664,0.018358062556976064,0.02188655177333271
22,10.12.2015,2015-12-10,4,2015,True,0.0266139610603763,0.01997369021550336,0.018358062556976064,0.021887518146370407
22,11.12.2015,2015-12-11,4,2015,True,0.0265226229156437,0.02039043996020682,0.018358062556976064,0.02188219649073723
22,14.12.2015,2015-12-14,4,2015,True,0.0265166835060664,0.022557360538029828,0.018358062556976064,0.02314341511309905
22,15.12.2015,2015-12-15,4,2015,True,0.029482704719473,0.02246561813170218,0.018358062556976064,0.022547954670430012
22,16.12.2015,2015-12-16,4,2015,True,0.0294136154325953,0.02002700931742956,0.018358062556976064,0.02196656801375015
22,17.12.2015,2015-12-17,4,2015,True,0.0320915415063924,0.018886052027890364,0.018358062556976064,0.022707570387017918
22,18.12.2015,2015-12-18,4,2015,True,0.0393072881158112,0.019217992979171327,0.018358062556976064,0.02271350445916302
22,21.12.2015,2015-12-21,4,2015,True,0.0405656295755913,0.020721668991088953,0.018358062556976064,0.022660088523056062
22,22.12.2015,2015-12-22,4,2015,True,0.0419299003105449,0.019843101661331377,0.018358062556976064,0.022225066359500174
22,23.12.2015,2015-12-23,4,2015,True,0.0422215285398585,0.019702828595494895,0.018358062556976064,0.02212581628665278
22,24.12.2015,2015-12-24,4,2015,True,0.042479219889486,0.020959476272314998,0.018358062556976064,0.02362731934314048
22,28.12.2015,2015-12-28,4,2015,True,0.0424180045187395,0.020680568403570566,0.018358062556976064,0.02397355044367823
22,29.12.2015,2015-12-29,4,2015,True,0.0417425468689466,0.01956387532583394,0.018358062556976064,0.023191212361128324
22,30.12.2015,2015-12-30,4,2015,True,0.0428320401722491,0.02063000643543687,0.018358062556976064,0.024762905291763948
22,31.12.2015,2015-12-31,4,2015,True,0.0452938781187508,0.020955387983992654,0.018358062556976064,0.025073133475400293
22,04.01.2016,2016-01-04,5,2016,True,0.0453887710115541,0.021699790059008763,0.019500063355950784,0.025962133479284305
22,05.01.2016,2016-01-05,5,2016,True,0.0452469256209915,0.02870267764018948,0.019500063355950784,0.025983966140777554
22,06.01.2016,2016-01-06,5,2016,True,0.0439267020447098,0.02427595436691788,0.019500063355950784,0.024867129900934832
22,07.01.2016,2016-01-07,5,2016,True,0.047027335064697,0.026697442793098446,0.019500063355950784,0.02595827958377249
22,08.01.2016,2016-01-08,5,2016,True,0.0472563771477525,0.02585949141627152,0.019500063355950784,0.025904499847381374
22,11.01.2016,2016-01-11,5,2016,True,0.0457691063406767,0.027630296962354466,0.019500063355950784,0.0240467309034863
22,12.01.2016,2016-01-12,5,2016,True,0.0507948263300371,0.029427753138647726,0.019500063355950784,0.026542169079224787
22,13.01.2016,2016-01-13,5,2016,True,0.0513015372915975,0.029127112539188274,0.019500063355950784,0.02658907917191116
22,14.01.2016,2016-01-14,5,2016,True,0.0531018403971242,0.02989947784800854,0.019500063355950784,0.02661396106037636
22,15.01.2016,2016-01-15,5,2016,True,0.0531441684431293,0.028349904876459216,0.019500063355950784,0.02652262291564372
22,19.01.2016,2016-01-19,5,2016,True,0.051015964497703,0.030418481772506407,0.019500063355950784,0.026516683506066376
22,20.01.2016,2016-01-20,5,2016,True,0.0511050336746343,0.030790516552502867,0.019500063355950784,0.029482704719473007
22,21.01.2016,2016-01-21,5,2016,True,0.051505470374825,0.03002011683008482,0.019500063355950784,0.02941361543259534
22,22.01.2016,2016-01-22,5,2016,True,0.0479484992697544,0.033029033982728453,0.019500063355950784,0.03209154150639245
22,25.01.2016,2016-01-25,5,2016,True,0.0464347009123579,0.039558301408728916,0.019500063355950784,0.039307288115811204
22,26.01.2016,2016-01-26,5,2016,True,0.0458210128911029,0.03658313801556299,0.019500063355950784,0.0405656295755913
22,27.01.2016,2016-01-27,5,2016,True,0.0453629887255363,0.04194205150269207,0.019500063355950784,0.04192990031054494
22,28.01.2016,2016-01-28,5,2016,True,0.0451516346334207,0.042825532483170385,0.019500063355950784,0.042221528539858555
22,29.01.2016,2016-01-29,5,2016,True,0.0451962891976754,0.04112044925702509,0.019500063355950784,0.04247921988948598
22,01.02.2016,2016-02-01,5,2016,True,0.0451867891268727,0.04087898171313043,0.019500063355950784,0.04241800451873948
22,02.02.2016,2016-02-02,5,2016,True,0.043789898247054,0.04123903776753096,0.019500063355950784,0.04174254686894657
22,03.02.2016,2016-02-03,5,2016,True,0.0428949555142668,0.04380859403043676,0.019500063355950784,0.0428320401722491
22,04.02.2016,2016-02-04,5,2016,True,0.0433189621601335,0.045806869162354984,0.019500063355950784,0.04529387811875082
22,05.02.2016,2016-02-05,5,2016,True,0.0435406156306964,0.04746020593126654,0.019500063355950784,0.04538877101155408
22,08.02.2016,2016-02-08,5,2016,True,0.0431079016934331,0.04849206228048383,0.019500063355950784,0.04524692562099148
22,09.02.2016,2016-02-09,5,2016,True,0.0381450495923135,0.04127404986790724,0.019500063355950784,0.043926702044709845
22,10.02.2016,2016-02-10,5,2016,True,0.038832324066771,0.048339441646848946,0.019500063355950784,0.047027335064697015
22,11.02.2016,2016-02-11,5,2016,True,0.0386031905378517,0.045973607094895036,0.019500063355950784,0.047256377147752486
22,12.02.2016,2016-02-12,5,2016,True,0.0333460645567372,0.04869585255601389,0.019500063355950784,0.04576910634067676
22,16.02.2016,2016-02-16,5,2016,True,0.0320725398098674,0.04867659096288518,0.019500063355950784,0.0507948263300371
22,17.02.2016,2016-02-17,5,2016,True,0.0295636237813683,0.04861272859539104,0.019500063355950784,0.05130153729159749
22,18.02.2016,2016-02-18,5,2016,True,0.0293867934081814,0.04933301610405967,0.019500063355950784,0.0531018403971242
22,19.02.2016,2016-02-19,5,2016,True,0.0275119225396993,0.04843222582026709,0.019500063355950784,0.05314416844312931
22,22.02.2016,2016-02-22,5,2016,True,0.0275246850811408,0.03998549530285499,0.019500063355950784,0.051015964497702994
22,23.02.2016,2016-02-23,5,2016,True,0.02536561752837,0.040784024171993706,0.019500063355950784,0.05110503367463433
22,24.02.2016,2016-02-24,5,2016,True,0.0248821487355791,0.04172148800313488,0.019500063355950784,0.051505470374825016
22,25.02.2016,2016-02-25,5,2016,True,0.0256447417288952,0.03995574710796879,0.019500063355950784,0.0479484992697544
22,26.02.2016,2016-02-26,5,2016,True,0.0255492502418524,0.03806231134711713,0.019500063355950784,0.04643470091235793
22,29.02.2016,2016-02-29,5,2016,True,0.0251973119081397,0.03854155777242957,0.019500063355950784,0.04582101289110291
22,01.03.2016,2016-03-01,5,2016,True,0.0251844624006521,0.03908176791878083,0.019500063355950784,0.04536298872553636
22,02.03.2016,2016-03-02,5,2016,True,0.027276171263274,0.03832917241518019,0.019500063355950784,0.045151634633420756
22,03.03.2016,2016-03-03,5,2016,True,0.0272818648074297,0.036645960173916456,0.019500063355950784,0.04519628919767538
22,04.03.2016,2016-03-04,5,2016,True,0.0278510847509935,0.03733669492733044,0.019500063355950784,0.04518678912687272
22,07.03.2016,2016-03-07,5,2016,True,0.0253881290543044,0.03592378391004062,0.019500063355950784,0.04378989824705407
22,08.03.2016,2016-03-08,5,2016,True,0.0279306629643323,0.03248756957117206,0.019500063355950784,0.04289495551426683
22,09.03.2016,2016-03-09,5,2016,True,0.0272978841194591,0.03598726346694368,0.019500063355950784,0.043318962160133534
22,10.03.2016,2016-03-10,5,2016,True,0.0279090105110974,0.03626585800372562,0.019500063355950784,0.04354061563069642
22,11.03.2016,2016-03-11,5,2016,True,0.0281137220670677,0.03267964689868991,0.019500063355950784,0.04310790169343309
22,14.03.2016,2016-03-14,5,2016,True,0.0276658067756603,0.031635382955188335,0.019500063355950784,0.038145049592313476
22,15.03.2016,2016-03-15,5,2016,True,0.0275382009817567,0.03348894054363455,0.019500063355950784,0.038832324066771014
22,16.03.2016,2016-03-16,5,2016,True,0.0264298437175687,0.03526829931035158,0.019500063355950784,0.03860319053785169
22,17.03.2016,2016-03-17,5,2016,True,0.0262588268105411,0.02921466417683204,0.019500063355950784,0.033346064556737165
22,18.03.2016,2016-03-18,5,2016,True,0.0272647296572766,0.02607273322314012,0.019500063355950784,0.03207253980986742
22,21.03.2016,2016-03-21,5,2016,True,0.028135358276229,0.02434094039831112,0.019500063355950784,0.029563623781368287
22,22.03.2016,2016-03-22,5,2016,True,0.028207550100883,0.0246319113554151,0.019500063355950784,0.02938679340818138
22,23.03.2016,2016-03-23,5,2016,True,0.0273744175481648,0.026839910216292468,0.019500063355950784,0.027511922539699342
22,24.03.2016,2016-03-24,5,2016,True,0.0278025369946568,0.022930887902323657,0.019500063355950784,0.027524685081140754
22,28.03.2016,2016-03-28,5,2016,True,0.0282211618236802,0.02282349739467399,0.019500063355950784,0.025365617528369962
22,29.03.2016,2016-03-29,5,2016,True,0.0271798718988655,0.022472317627963846,0.019500063355950784,0.024882148735579104
22,30.03.2016,2016-03-30,5,2016,True,0.0272251164636021,0.023236988737372535,0.019500063355950784,0.025644741728895196
22,31.03.2016,2016-03-31,5,2016,True,0.0273066551837635,0.02137426076230757,0.019500063355950784,0.02554925024185245
22,01.04.2016,2016-04-01,5,2016,True,0.0284152855096827,0.0222970721134303,0.019500063355950784,0.02519731190813966
22,04.04.2016,2016-04-04,5,2016,True,0.0280046186404341,0.0224362675292806,0.019500063355950784,0.025184462400652072
22,05.04.2016,2016-04-05,5,2016,True,0.027997732771857,0.02257167676741057,0.019500063355950784,0.027276171263274
22,06.04.2016,2016-04-06,5,2016,True,0.026314237852019,0.030122007451877573,0.019500063355950784,0.027281864807429737
22,07.04.2016,2016-04-07,5,2016,True,0.027830911153934,0.025011504259537718,0.019500063355950784,0.027851084750993557
22,08.04.2016,2016-04-08,5,2016,True,0.0262009591985189,0.024413397552017085,0.019500063355950784,0.025388129054304362
22,11.04.2016,2016-04-11,5,2016,True,0.0274034126326359,0.02410707152456459,0.019500063355950784,0.027930662964332303
22,12.04.2016,2016-04-12,5,2016,True,0.0261198737561876,0.023823045048049833,0.019500063355950784,0.027297884119459066
22,13.04.2016,2016-04-13,5,2016,True,0.0259846344940405,0.0247816096773765,0.019500063355950784,0.027909010511097405
22,14.04.2016,2016-04-14,5,2016,True,0.0261899303641428,0.023839144060164793,0.019500063355950784,0.028113722067067696
22,15.04.2016,2016-04-15,5,2016,True,0.0257225898715583,0.023482938068093314,0.019500063355950784,0.027665806775660322
22,18.04.2016,2016-04-18,5,2016,True,0.0257817204886533,0.02247045921127956,0.019500063355950784,0.027538200981756664
22,19.04.2016,2016-04-19,5,2016,True,0.0254496631686366,0.022867911639148548,0.019500063355950784,0.026429843717568683
22,20.04.2016,2016-04-20,5,2016,True,0.0242610970102033,0.022967395600566754,0.019500063355950784,0.026258826810541105
22,21.04.2016,2016-04-21,5,2016,True,0.0233948284683647,0.02266101167284716,0.019500063355950784,0.02726472965727661
22,22.04.2016,2016-04-22,5,2016,True,0.0233085536466108,0.023304165069147453,0.019500063355950784,0.02813535827622905
22,25.04.2016,2016-04-25,5,2016,True,0.0233251526518134,0.02389040289891927,0.019500063355950784,0.02820755010088303
22,26.04.2016,2016-04-26,5,2016,True,0.0228088552618494,0.02297167355503101,0.019500063355950784,0.027374417548164793
22,27.04.2016,2016-04-27,5,2016,True,0.0220406036544729,0.023752510035278437,0.019500063355950784,0.027802536994656762
22,28.04.2016,2016-04-28,5,2016,True,0.0217074208756056,0.024202862933563867,0.019500063355950784,0.028221161823680205
22,29.04.2016,2016-04-29,5,2016,True,0.0217056045590747,0.021801122749491687,0.019500063355950784,0.027179871898865546
22,02.05.2016,2016-05-02,5,2016,True,0.0217272557787058,0.022483223340592363,0.019500063355950784,0.02722511646360211
22,03.05.2016,2016-05-03,5,2016,True,0.0207881178657302,0.026550475488728856,0.019500063355950784,0.027306655183763538
22,04.05.2016,2016-05-04,5,2016,True,0.0178436564477524,0.026430521069430352,0.019500063355950784,0.028415285509682735
22,05.05.2016,2016-05-05,5,2016,True,0.0180111745114008,0.02458702919257358,0.019500063355950784,0.02800461864043413
22,06.05.2016,2016-05-06,5,2016,True,0.0182735594411297,0.024712483022848706,0.019500063355950784,0.027997732771856968
22,09.05.2016,2016-05-09,5,2016,True,0.0157121529135249,0.029541667294685815,0.019500063355950784,0.026314237852018998
22,10.05.2016,2016-05-10,5,2016,True,0.0154771224682701,0.0270730332945808,0.019500063355950784,0.027830911153934025
22,11.05.2016,2016-05-11,5,2016,True,0.0127283524457268,0.025191675387420318,0.019500063355950784,0.02620095919851892
22,12.05.2016,2016-05-12,5,2016,True,0.0129000249532985,0.024528528340104036,0.019500063355950784,0.027403412632635883
22,13.05.2016,2016-05-13,5,2016,True,0.0134578862700495,0.023425354745067538,0.019500063355950784,0.02611987375618761
22,16.05.2016,2016-05-16,5,2016,True,0.0147719227205359,0.024052226232048713,0.019500063355950784,0.02598463449404051
22,17.05.2016,2016-05-17,5,2016,True,0.0173122817413331,0.02378331795989057,0.019500063355950784,0.026189930364142765
22,18.05.2016,2016-05-18,5,2016,True,0.0183467170766574,0.02329904316408854,0.019500063355950784,0.02572258987155829
22,19.05.2016,2016-05-19,5,2016,True,0.0183315438020092,0.02607205423743268,0.019500063355950784,0.025781720488653247
22,20.05.2016,2016-05-20,5,2016,True,0.0186515897539958,0.028385843278721807,0.019500063355950784,0.02544966316863663
22,23.05.2016,2016-05-23,5,2016,True,0.0189853785087129,0.026458924252800296,0.019500063355950784,0.024261097010203334
22,24.05.2016,2016-05-24,5,2016,True,0.0220348377422997,0.027501784653398715,0.019500063355950784,0.023394828468364652
22,25.05.2016,2016-05-25,5,2016,True,0.0220651716962918,0.02701908534895954,0.019500063355950784,0.023308553646610747
22,26.05.2016,2016-05-26,5,2016,True,0.0230991221887511,0.02606166097746024,0.019500063355950784,0.023325152651813424
22,27.05.2016,2016-05-27,5,2016,True,0.0247270369587548,0.025962024364971,0.019500063355950784,0.022808855261849434
22,31.05.2016,2016-05-31,5,2016,True,0.0250317656569273,0.0253290293664172,0.019500063355950784,0.022040603654472933
22,01.06.2016,2016-06-01,5,2016,True,0.0250411508728276,0.02632433331382874,0.019500063355950784,0.02170742087560554
22,02.06.2016,2016-06-02,5,2016,True,0.0262961980413961,0.02723284612682336,0.019500063355950784,0.021705604559074707
22,03.06.2016,2016-06-03,5,2016,True,0.0265715938884086,0.028151071881068978,0.019500063355950784,0.021727255778705764
22,06.06.2016,2016-06-06,5,2016,True,0.0282168378743224,0.02721897445384715,0.019500063355950784,0.02078811786573017
22,07.06.2016,2016-06-07,5,2016,True,0.0279413328229895,0.022791510942452773,0.019500063355950784,0.017843656447752366
22,08.06.2016,2016-06-08,5,2016,True,0.0274057832865144,0.024014371877802015,0.019500063355950784,0.018011174511400756
22,09.06.2016,2016-06-09,5,2016,True,0.0295761109679581,0.02420650926691258,0.019500063355950784,0.01827355944112964
22,10.06.2016,2016-06-10,5,2016,True,0.0305917633710592,0.021971368114774514,0.019500063355950784,0.015712152913524846
22,13.06.2016,2016-06-13,5,2016,True,0.0311583854988638,0.019859552065565538,0.019500063355950784,0.015477122468270023
22,14.06.2016,2016-06-14,5,2016,True,0.0311526896401325,0.016617658074031417,0.019500063355950784,0.01272835244572671
22,15.06.2016,2016-06-15,5,2016,True,0.0310765124322959,0.017453640534055247,0.019500063355950784,0.012900024953298441
22,16.06.2016,2016-06-16,5,2016,True,0.0300989987331698,0.018967942591846938,0.019500063355950784,0.013457886270049471
22,17.06.2016,2016-06-17,5,2016,True,0.0287693531916514,0.02044684780744092,0.019500063355950784,0.014771922720535886
22,20.06.2016,2016-06-20,5,2016,True,0.028138654690032,0.02217676080474843,0.019500063355950784,0.01731228174133306
22,21.06.2016,2016-06-21,5,2016,True,0.0281640306925337,0.02272802992665173,0.019500063355950784,0.018346717076657408
22,22.06.2016,2016-06-22,5,2016,True,0.0283148060321684,0.022808596142652623,0.019500063355950784,0.018331543802009225
22,23.06.2016,2016-06-23,5,2016,True,0.0278146966186039,0.023703362884956936,0.019500063355950784,0.01865158975399575
22,24.06.2016,2016-06-24,5,2016,True,0.0266498648268279,0.02261148819514336,0.019500063355950784,0.01898537850871289
22,27.06.2016,2016-06-27,5,2016,True,0.0263922331535399,0.025925824514414157,0.019500063355950784,0.022034837742299713
22,28.06.2016,2016-06-28,5,2016,True,0.0252641010837267,0.02552472827955331,0.019500063355950784,0.02206517169629175
22,29.06.2016,2016-06-29,5,2016,True,0.0230392261283405,0.021919343206808068,0.019500063355950784,0.023099122188751136
22,30.06.2016,2016-06-30,5,2016,True,0.0229807507134388,0.020645140169843756,0.019500063355950784,0.024727036958754816
22,01.07.2016,2016-07-01,5,2016,True,0.0243137065853095,0.020924208298850142,0.019500063355950784,0.025031765656927323
22,05.07.2016,2016-07-05,5,2016,True,0.0242498313184268,0.021305674799333665,0.019500063355950784,0.0250411508728276
22,06.07.2016,2016-07-06,5,2016,True,0.0238092807942745,0.021383445918923015,0.019500063355950784,0.02629619804139608
22,07.07.2016,2016-07-07,5,2016,True,0.0222484727560442,0.021710233150965975,0.019500063355950784,0.026571593888408594
22,08.07.2016,2016-07-08,5,2016,True,0.0222229390687008,0.022514220580189453,0.019500063355950784,0.02821683787432244
22,11.07.2016,2016-07-11,5,2016,True,0.0225174788726048,0.021966083198201557,0.019500063355950784,0.027941332822989468
22,12.07.2016,2016-07-12,5,2016,True,0.0222429794305969,0.021613723888244327,0.019500063355950784,0.02740578328651443
22,13.07.2016,2016-07-13,5,2016,True,0.0203791994992687,0.02165730220190018,0.019500063355950784,0.029576110967958095
22,14.07.2016,2016-07-14,5,2016,True,0.0206896691311734,0.02398580355848068,0.019500063355950784,0.030591763371059157
22,15.07.2016,2016-07-15,5,2016,True,0.0209957732371139,0.0246242792750865,0.019500063355950784,0.03115838549886376
22,18.07.2016,2016-07-18,5,2016,True,0.0208323225384256,0.025815101416497902,0.019500063355950784,0.0311526896401325
22,19.07.2016,2016-07-19,5,2016,True,0.0210654168146588,0.025214785605494977,0.019500063355950784,0.031076512432295915
22,20.07.2016,2016-07-20,5,2016,True,0.0210242426914509,0.02486960857455487,0.019500063355950784,0.03009899873316982
22,21.07.2016,2016-07-21,5,2016,True,0.0219507806297226,0.024819533214999023,0.019500063355950784,0.028769353191651376
22,22.07.2016,2016-07-22,5,2016,True,0.0218962882233384,0.024276062299233625,0.019500063355950784,0.02813865469003203
22,25.07.2016,2016-07-25,5,2016,True,0.0217347953004754,0.0253824500507363,0.019500063355950784,0.02816403069253367
22,26.07.2016,2016-07-26,5,2016,True,0.0218062180736554,0.025776281421433636,0.019500063355950784,0.028314806032168443
22,27.07.2016,2016-07-27,5,2016,True,0.0202433013916556,0.0249567032904986,0.019500063355950784,0.027814696618603953
22,28.07.2016,2016-07-28,5,2016,True,0.0200059598964576,0.025313125325638914,0.019500063355950784,0.026649864826827893
22,29.07.2016,2016-07-29,5,2016,True,0.0205427574023666,0.03307889470841081,0.019500063355950784,0.0263922331535399
22,01.08.2016,2016-08-01,5,2016,True,0.0217476909402626,0.030101331859847705,0.019500063355950784,0.025264101083726724
22,02.08.2016,2016-08-02,5,2016,True,0.0213106415879437,0.03334611564482879,0.019500063355950784,0.023039226128340497
22,03.08.2016,2016-08-03,5,2016,True,0.0206376103371129,0.0359202494175465,0.019500063355950784,0.02298075071343884
22,04.08.2016,2016-08-04,5,2016,True,0.0200089657545066,0.03341148948151546,0.019500063355950784,0.0243137065853095
22,05.08.2016,2016-08-05,5,2016,True,0.0201577604788578,0.028868456273639084,0.019500063355950784,0.02424983131842675
22,08.08.2016,2016-08-08,5,2016,True,0.0212287149762159,0.02642543251362907,0.019500063355950784,0.02380928079427451
22,09.08.2016,2016-08-09,5,2016,True,0.0231405024383836,0.024024171625310366,0.019500063355950784,0.022248472756044167
22,10.08.2016,2016-08-10,5,2016,True,0.0225242218369939,0.028857332825756764,0.019500063355950784,0.0222229390687008
22,11.08.2016,2016-08-11,5,2016,True,0.021515564754658,0.03188159354871068,0.019500063355950784,0.022517478872604836
22,12.08.2016,2016-08-12,5,2016,True,0.0218674984098136,0.029092739857877477,0.019500063355950784,0.022242979430596877
22,15.08.2016,2016-08-15,5,2016,True,0.0211837174412497,0.022837520997436835,0.019500063355950784,0.02037919949926867
22,16.08.2016,2016-08-16,5,2016,True,0.0209703093526827,0.021910983925003756,0.019500063355950784,0.02068966913117341
22,17.08.2016,2016-08-17,5,2016,True,0.0207402764641838,0.02130436470610335,0.019500063355950784,0.02099577323711389
22,18.08.2016,2016-08-18,5,2016,True,0.0200270925098661,0.02181777543693816,0.019500063355950784,0.020832322538425634
22,19.08.2016,2016-08-19,5,2016,True,0.0207229484685656,0.023533761694709183,0.019500063355950784,0.021065416814658736
22,22.08.2016,2016-08-22,5,2016,True,0.0200064423404284,0.02304062168404544,0.019500063355950784,0.02102424269145092
22,23.08.2016,2016-08-23,5,2016,True,0.0210184542478326,0.02385577560642917,0.019500063355950784,0.021950780629722597
22,24.08.2016,2016-08-24,5,2016,True,0.0220302255441665,0.023321560706553408,0.019500063355950784,0.021896288223338355
22,25.08.2016,2016-08-25,5,2016,True,0.0225654362218376,0.023535400866889957,0.019500063355950784,0.021734795300475358
22,26.08.2016,2016-08-26,5,2016,True,0.0260188133683462,0.024593847925431272,0.019500063355950784,0.021806218073655407
22,29.08.2016,2016-08-29,5,2016,True,0.0259980497819852,0.02370057674474954,0.019500063355950784,0.020243301391655612
22,30.08.2016,2016-08-30,5,2016,True,0.0256957873493749,0.022551421688503052,0.019500063355950784,0.020005959896457634
22,31.08.2016,2016-08-31,5,2016,True,0.0248946831895742,0.023281916452686294,0.019500063355950784,0.020542757402366628
22,01.09.2016,2016-09-01,5,2016,True,0.0258892266271529,0.023011827741505356,0.019500063355950784,0.02174769094026258
22,02.09.2016,2016-09-02,5,2016,True,0.0260299199074918,0.023111582919334274,0.019500063355950784,0.021310641587943664
22,06.09.2016,2016-09-06,5,2016,True,0.0260668041246962,0.0221246062385996,0.019500063355950784,0.02063761033711291
22,07.09.2016,2016-09-07,5,2016,True,0.0261713076298587,0.020711795331637854,0.019500063355950784,0.020008965754506596
22,08.09.2016,2016-09-08,5,2016,True,0.0248491276368442,0.020435039358010963,0.019500063355950784,0.02015776047885784
22,09.09.2016,2016-09-09,5,2016,True,0.0232011962519832,0.020599551136770245,0.019500063355950784,0.02122871497621588
22,12.09.2016,2016-09-12,5,2016,True,0.0231925096909594,0.021870789747959807,0.019500063355950784,0.023140502438383583
22,13.09.2016,2016-09-13,5,2016,True,0.022314068016317,0.022167455752411143,0.019500063355950784,0.022524221836993895
22,14.09.2016,2016-09-14,5,2016,True,0.0214037815452338,0.021043124841039856,0.019500063355950784,0.021515564754657955
22,15.09.2016,2016-09-15,5,2016,True,0.0212727116958157,0.02427949531307228,0.019500063355950784,0.021867498409813557
22,16.09.2016,2016-09-16,5,2016,True,0.0208626711313067,0.020037926293553925,0.019500063355950784,0.021183717441249673
22,19.09.2016,2016-09-19,5,2016,True,0.0218968368794904,0.020585610311933553,0.019500063355950784,0.020970309352682664
22,20.09.2016,2016-09-20,5,2016,True,0.0218529464681309,0.020389445550468673,0.019500063355950784,0.020740276464183832
22,21.09.2016,2016-09-21,5,2016,True,0.0217213453829197,0.02045188534441992,0.019500063355950784,0.020027092509866142
22,22.09.2016,2016-09-22,5,2016,True,0.0218190638397913,0.020863104795022142,0.019500063355950784,0.020722948468565587
22,23.09.2016,2016-09-23,5,2016,True,0.0203462074212698,0.01965229339909545,0.019500063355950784,0.020006442340428414
22,26.09.2016,2016-09-26,5,2016,True,0.0194615938831769,0.02275607185120616,0.019500063355950784,0.021018454247832555
22,27.09.2016,2016-09-27,5,2016,True,0.0185372320424719,0.023538973894840037,0.019500063355950784,0.02203022554416648
22,28.09.2016,2016-09-28,5,2016,True,0.0154532330481106,0.024608756769461636,0.019500063355950784,0.022565436221837647
22,29.09.2016,2016-09-29,5,2016,True,0.0152380883512721,0.023501675628433406,0.019500063355950784,0.02601881336834619
22,30.09.2016,2016-09-30,5,2016,True,0.0165284526713345,0.020088457831614778,0.019500063355950784,0.025998049781985205
22,03.10.2016,2016-10-03,5,2016,True,0.0166200510173935,0.01976549132441498,0.019500063355950784,0.025695787349374864
22,04.10.2016,2016-10-04,5,2016,True,0.0145244776883602,0.01871947604953921,0.019500063355950784,0.024894683189574187
22,05.10.2016,2016-10-05,5,2016,True,0.0140452402811097,0.02034080950062417,0.019500063355950784,0.02588922662715287
22,06.10.2016,2016-10-06,5,2016,True,0.0134974125609571,0.02113467924089483,0.019500063355950784,0.026029919907491848
22,07.10.2016,2016-10-07,5,2016,True,0.0137168331545374,0.020675914443984,0.019500063355950784,0.026066804124696155
22,11.10.2016,2016-10-11,5,2016,True,0.0133870062264495,0.025467179512106863,0.019500063355950784,0.026171307629858708
22,12.10.2016,2016-10-12,5,2016,True,0.0143908701486802,0.023429371597971784,0.019500063355950784,0.024849127636844194
22,13.10.2016,2016-10-13,5,2016,True,0.0194791927232645,0.023734804449444712,0.019500063355950784,0.02320119625198318
22,14.10.2016,2016-10-14,5,2016,True,0.0194713981910215,0.024743226328394825,0.019500063355950784,0.02319250969095945
22,17.10.2016,2016-10-17,5,2016,True,0.0194601209215271,0.02371309698043567,0.019500063355950784,0.022314068016316975
22,18.10.2016,2016-10-18,5,2016,True,0.0195787352061631,0.022011726846461136,0.019500063355950784,0.02140378154523378
22,19.10.2016,2016-10-19,5,2016,True,0.0214816287450911,0.02111341249302168,0.019500063355950784,0.021272711695815745
22,20.10.2016,2016-10-20,5,2016,True,0.0209928232293824,0.02019253375503647,0.019500063355950784,0.02086267113130671
22,21.10.2016,2016-10-21,5,2016,True,0.0208794013996186,0.020143859535121593,0.019500063355950784,0.021896836879490355
22,24.10.2016,2016-10-24,5,2016,True,0.0220299726114404,0.020852590151254277,0.019500063355950784,0.021852946468130886
22,25.10.2016,2016-10-25,5,2016,True,0.0225419579890417,0.020773896758359563,0.019500063355950784,0.0217213453829197
22,26.10.2016,2016-10-26,5,2016,True,0.0237297865089338,0.021394414947975112,0.019500063355950784,0.02181906383979126
22,27.10.2016,2016-10-27,5,2016,True,0.0301788761082167,0.020931023894823764,0.019500063355950784,0.020346207421269764
22,28.10.2016,2016-10-28,5,2016,True,0.0299886339715769,0.029040196322372317,0.019500063355950784,0.019461593883176906
22,31.10.2016,2016-10-31,5,2016,True,0.033261200964617,0.029045642222922347,0.019500063355950784,0.018537232042471864
22,01.11.2016,2016-11-01,5,2016,True,0.0332501860736743,0.021395264997912306,0.019500063355950784,0.015453233048110549
22,02.11.2016,2016-11-02,5,2016,True,0.0327011256665089,0.019315565553060878,0.019500063355950784,0.015238088351272085
22,03.11.2016,2016-11-03,5,2016,True,0.0328923186204133,0.022286817752551577,0.019500063355950784,0.016528452671334536
22,04.11.2016,2016-11-04,5,2016,True,0.0325567709127804,0.024277953230768763,0.019500063355950784,0.016620051017393483
22,07.11.2016,2016-11-07,5,2016,True,0.0325393918749284,0.022068316531286186,0.019500063355950784,0.014524477688360217
22,08.11.2016,2016-11-08,5,2016,True,0.0326635488698531,0.021469175580567913,0.019500063355950784,0.014045240281109653
22,09.11.2016,2016-11-09,5,2016,True,0.0327079570154689,0.02043712846304825,0.019500063355950784,0.013497412560957107
22,10.11.2016,2016-11-10,5,2016,True,0.0336553627289369,0.01843578161424357,0.019500063355950784,0.013716833154537344
22,14.11.2016,2016-11-14,5,2016,True,0.0325660762093095,0.02001447922244552,0.019500063355950784,0.013387006226449477
22,15.11.2016,2016-11-15,5,2016,True,0.0310492610989465,0.022049581143504443,0.019500063355950784,0.014390870148680178
22,16.11.2016,2016-11-16,5,2016,True,0.0310167938970936,0.020663039148868884,0.019500063355950784,0.01947919272326448
22,17.11.2016,2016-11-17,5,2016,True,0.0309289521482866,0.021613140854340254,0.019500063355950784,0.019471398191021463
22,18.11.2016,2016-11-18,5,2016,True,0.0313542140145673,0.022400237424080403,0.019500063355950784,0.019460120921527112
22,21.11.2016,2016-11-21,5,2016,True,0.0303424997533701,0.02082124593909439,0.019500063355950784,0.019578735206163135
22,22.11.2016,2016-11-22,5,2016,True,0.0303506572303556,0.02330227225342104,0.019500063355950784,0.02148162874509106
22,23.11.2016,2016-11-23,5,2016,True,0.0303790244199785,0.02321854185815141,0.019500063355950784,0.020992823229382368
22,25.11.2016,2016-11-25,5,2016,True,0.0289396358647869,0.023168121212344035,0.019500063355950784,0.020879401399618597
22,28.11.2016,2016-11-28,5,2016,True,0.028852641330092,0.026294984477525707,0.019500063355950784,0.02202997261144037
22,29.11.2016,2016-11-29,5,2016,True,0.0270155334894129,0.025817737818013307,0.019500063355950784,0.022541957989041732
22,30.11.2016,2016-11-30,5,2016,True,0.0213515268091141,0.027513239173772807,0.019500063355950784,0.02372978650893376
22,01.12.2016,2016-12-01,5,2016,True,0.0215123206451553,0.02464270208768725,0.019500063355950784,0.03017887610821668
22,02.12.2016,2016-12-02,5,2016,True,0.0145464896950601,0.022183098981053695,0.019500063355950784,0.029988633971576858
22,05.12.2016,2016-12-05,5,2016,True,0.0144736272488128,0.02556186438251703,0.019500063355950784,0.03326120096461703
22,06.12.2016,2016-12-06,5,2016,True,0.0163210807517228,0.026017013069334263,0.019500063355950784,0.03325018607367428
22,07.12.2016,2016-12-07,5,2016,True,0.0167244977850561,0.024501119421931675,0.019500063355950784,0.03270112566650887
22,08.12.2016,2016-12-08,5,2016,True,0.0173230810840808,0.025388031860872674,0.019500063355950784,0.03289231862041331
22,09.12.2016,2016-12-09,5,2016,True,0.0175720629517593,0.02349821685043811,0.019500063355950784,0.03255677091278037
22,12.12.2016,2016-12-12,5,2016,True,0.0169246651301603,0.023925650597307037,0.019500063355950784,0.032539391874928394
22,13.12.2016,2016-12-13,5,2016,True,0.0169243396663158,0.023018027973992616,0.019500063355950784,0.03266354886985306
22,14.12.2016,2016-12-14,5,2016,True,0.0164987794217601,0.023880156615902502,0.019500063355950784,0.032707957015468934
22,15.12.2016,2016-12-15,5,2016,True,0.0165196630359819,0.02573884148251261,0.019500063355950784,0.033655362728936884
22,16.12.2016,2016-12-16,5,2016,True,0.016681601715058,0.02529984871983212,0.019500063355950784,0.032566076209309534
22,19.12.2016,2016-12-19,5,2016,True,0.0166730994685328,0.021474609888483834,0.019500063355950784,0.03104926109894646
22,20.12.2016,2016-12-20,5,2016,True,0.0166085663839101,0.02246526683810554,0.019500063355950784,0.031016793897093622
22,21.12.2016,2016-12-21,5,2016,True,0.0162813069821972,0.02148326816664818,0.019500063355950784,0.030928952148286597
22,22.12.2016,2016-12-22,5,2016,True,0.0167189617017083,0.023062982281889348,0.019500063355950784,0.0313542140145673
22,23.12.2016,2016-12-23,5,2016,True,0.0169746321616414,0.02321151814205524,0.019500063355950784,0.030342499753370163
22,27.12.2016,2016-12-27,5,2016,True,0.0166044424386522,0.022644307226110476,0.019500063355950784,0.030350657230355602
22,28.12.2016,2016-12-28,5,2016,True,0.0167093243576307,0.02292313146151208,0.019500063355950784,0.030379024419978473
22,29.12.2016,2016-12-29,5,2016,True,0.0167079873084891,0.02229724438535259,0.019500063355950784,0.028939635864786904
22,30.12.2016,2016-12-30,5,2016,True,0.0170716376847419,0.02523373742503072,0.019500063355950784,0.028852641330091997
22,03.01.2017,2017-01-03,6,2017,True,0.0168700252175636,0.02543077893107961,0.02045785393613274,0.02701553348941286
22,04.01.2017,2017-01-04,6,2017,True,0.0169830779504372,0.031079511997219793,0.02045785393613274,0.02135152680911405
22,05.01.2017,2017-01-05,6,2017,True,0.0170496220995756,0.031209876080562325,0.02045785393613274,0.021512320645155264
22,06.01.2017,2017-01-06,6,2017,True,0.0170224525733452,0.022210546877074546,0.02045785393613274,0.014546489695060052
22,09.01.2017,2017-01-09,6,2017,True,0.0150116424502628,0.021250320550490427,0.02045785393613274,0.014473627248812737
22,10.01.2017,2017-01-10,6,2017,True,0.0144568893140066,0.021190134326823196,0.02045785393613274,0.016321080751722786
22,11.01.2017,2017-01-11,6,2017,True,0.0141338740714894,0.01900012066824088,0.02045785393613274,0.016724497785056042
22,12.01.2017,2017-01-12,6,2017,True,0.013761095869387,0.018167722455264556,0.02045785393613274,0.017323081084080788
22,13.01.2017,2017-01-13,6,2017,True,0.0136101538233257,0.01718022366619502,0.02045785393613274,0.01757206295175929
22,17.01.2017,2017-01-17,6,2017,True,0.0136170434926965,0.021553368792352832,0.02045785393613274,0.016924665130160322
22,18.01.2017,2017-01-18,6,2017,True,0.0120425086093882,0.02187998520471709,0.02045785393613274,0.01692433966631582
22,19.01.2017,2017-01-19,6,2017,True,0.0123743266335038,0.020619163034561013,0.02045785393613274,0.01649877942176011
22,20.01.2017,2017-01-20,6,2017,True,0.011812679841218,0.020690223121831025,0.02045785393613274,0.016519663035981853
22,23.01.2017,2017-01-23,6,2017,True,0.0120650594666416,0.01676479686368708,0.02045785393613274,0.01668160171505799
22,24.01.2017,2017-01-24,6,2017,True,0.0122948643126641,0.017450502909250005,0.02045785393613274,0.016673099468532813
22,25.01.2017,2017-01-25,6,2017,True,0.0122024904425093,0.019017200212082808,0.02045785393613274,0.01660856638391009
22,26.01.2017,2017-01-26,6,2017,True,0.0114106116494393,0.019004767647729293,0.02045785393613274,0.016281306982197184
22,27.01.2017,2017-01-27,6,2017,True,0.0110718476493058,0.017688100905632134,0.02045785393613274,0.01671896170170828
22,30.01.2017,2017-01-30,6,2017,True,0.0112014603100666,0.017431404455429223,0.02045785393613274,0.01697463216164135
22,31.01.2017,2017-01-31,6,2017,True,0.0115082846202371,0.017211723520349907,0.02045785393613274,0.016604442438652146
22,01.02.2017,2017-02-01,6,2017,True,0.0115127239769705,0.017626461936670303,0.02045785393613274,0.01670932435763066
22,02.02.2017,2017-02-02,6,2017,True,0.0109644311885695,0.017147205430647215,0.02045785393613274,0.01670798730848908
22,03.02.2017,2017-02-03,6,2017,True,0.0153730893984807,0.019079662578576673,0.02045785393613274,0.017071637684741875
22,06.02.2017,2017-02-06,6,2017,True,0.0152822072754621,0.019756625639979583,0.02045785393613274,0.0168700252175636
22,07.02.2017,2017-02-07,6,2017,True,0.0154087652060937,0.01789265547858738,0.02045785393613274,0.01698307795043722
22,08.02.2017,2017-02-08,6,2017,True,0.0153901643913338,0.023297640256797526,0.02045785393613274,0.017049622099575612
22,09.02.2017,2017-02-09,6,2017,True,0.0151693597205255,0.02423347730696129,0.02045785393613274,0.017022452573345205
22,10.02.2017,2017-02-10,6,2017,True,0.0150484554509332,0.022748674172756566,0.02045785393613274,0.015011642450262727
22,13.02.2017,2017-02-13,6,2017,True,0.014641940948929,0.020684036012861565,0.02045785393613274,0.014456889314006516
22,14.02.2017,2017-02-14,6,2017,True,0.014494741596571,0.019997050523713426,0.02045785393613274,0.01413387407148932
22,15.02.2017,2017-02-15,6,2017,True,0.0144955621396656,0.019058883063448863,0.02045785393613274,0.013761095869386982
22,16.02.2017,2017-02-16,6,2017,True,0.0146252609770918,0.019737266082560236,0.02045785393613274,0.013610153823325616
22,17.02.2017,2017-02-17,6,2017,True,0.0145505404605788,0.019691246180304052,0.02045785393613274,0.013617043492696454
22,21.02.2017,2017-02-21,6,2017,True,0.0139042354114638,0.019856644476754816,0.02045785393613274,0.012042508609388181
22,22.02.2017,2017-02-22,6,2017,True,0.0138921550146282,0.01925527677121518,0.02045785393613274,0.012374326633503734
22,23.02.2017,2017-02-23,6,2017,True,0.0133625243001262,0.019757073330523414,0.02045785393613274,0.011812679841217978
22,24.02.2017,2017-02-24,6,2017,True,0.0137377242776043,0.018966257982793583,0.02045785393613274,0.01206505946664159
22,27.02.2017,2017-02-27,6,2017,True,0.014729156203927,0.01963081940504349,0.02045785393613274,0.012294864312664034
22,28.02.2017,2017-02-28,6,2017,True,0.0149728849009037,0.01906523632414887,0.02045785393613274,0.012202490442509244
22,01.03.2017,2017-03-01,6,2017,True,0.0149634531503634,0.017423661999851413,0.02045785393613274,0.011410611649439238
22,02.03.2017,2017-03-02,6,2017,True,0.014964580433348,0.016828656511321465,0.02045785393613274,0.011071847649305773
22,03.03.2017,2017-03-03,6,2017,True,0.015247505295224,0.017100013143219458,0.02045785393613274,0.011201460310066556
22,06.03.2017,2017-03-06,6,2017,True,0.015267287537625,0.017492387990986583,0.02045785393613274,0.01150828462023703
22,07.03.2017,2017-03-07,6,2017,True,0.0154478790752908,0.018038354122714192,0.02045785393613274,0.01151272397697049
22,08.03.2017,2017-03-08,6,2017,True,0.0105539403106059,0.01597924400706946,0.02045785393613274,0.010964431188569466
22,09.03.2017,2017-03-09,6,2017,True,0.0098988233018347,0.019522754828268932,0.02045785393613274,0.015373089398480684
22,10.03.2017,2017-03-10,6,2017,True,0.0089409091111474,0.01690918894106276,0.02045785393613274,0.01528220727546205
22,13.03.2017,2017-03-13,6,2017,True,0.0091845315215403,0.02080231832873968,0.02045785393613274,0.015408765206093689
22,14.03.2017,2017-03-14,6,2017,True,0.0088073010302871,0.027360853858182432,0.02045785393613274,0.015390164391333774
22,15.03.2017,2017-03-15,6,2017,True,0.0087670096320352,0.02807304465248021,0.02045785393613274,0.015169359720525506
22,16.03.2017,2017-03-16,6,2017,True,0.0090654266915516,0.02413405356953639,0.02045785393613274,0.015048455450933201
22,17.03.2017,2017-03-17,6,2017,True,0.0123130560567035,0.021489217524678982,0.02045785393613274,0.014641940948928936
22,20.03.2017,2017-03-20,6,2017,True,0.0122849298971085,0.02074112155527652,0.02045785393613274,0.014494741596570918
22,21.03.2017,2017-03-21,6,2017,True,0.012729870946465,0.01989455340526573,0.02045785393613274,0.014495562139665541
22,22.03.2017,2017-03-22,6,2017,True,0.0127481727634677,0.022949464949700352,0.02045785393613274,0.014625260977091752
22,23.03.2017,2017-03-23,6,2017,True,0.0128701167973962,0.022906214088683402,0.02045785393613274,0.014550540460578763
22,24.03.2017,2017-03-24,6,2017,True,0.0129247041347575,0.02203839764163138,0.02045785393613274,0.013904235411463786
22,27.03.2017,2017-03-27,6,2017,True,0.0130400182503265,0.023983173220810203,0.02045785393613274,0.013892155014628161
22,28.03.2017,2017-03-28,6,2017,True,0.0128709774845157,0.02295671552602625,0.02045785393613274,0.013362524300126183
22,29.03.2017,2017-03-29,6,2017,True,0.0120376806027867,0.021779972924025198,0.02045785393613274,0.013737724277604241
22,30.03.2017,2017-03-30,6,2017,True,0.0124928930802468,0.015532520061644893,0.02045785393613274,0.014729156203926936
22,31.03.2017,2017-03-31,6,2017,True,0.0126298377261252,0.015978342631961417,0.02045785393613274,0.01497288490090366
22,03.04.2017,2017-04-03,6,2017,True,0.0159708335491368,0.016838640358621804,0.02045785393613274,0.01496345315036338
22,04.04.2017,2017-04-04,6,2017,True,0.0156595765201841,0.01747753614814419,0.02045785393613274,0.014964580433347939
22,05.04.2017,2017-04-05,6,2017,True,0.0156955878020537,0.015083700102103338,0.02045785393613274,0.015247505295223928
22,06.04.2017,2017-04-06,6,2017,True,0.0154560353421422,0.022910033138943544,0.02045785393613274,0.015267287537624937
22,07.04.2017,2017-04-07,6,2017,True,0.0170641259976158,0.022861668014188367,0.02045785393613274,0.01544787907529077
22,10.04.2017,2017-04-10,6,2017,True,0.0169526700811006,0.01604296537793613,0.02045785393613274,0.010553940310605848
22,11.04.2017,2017-04-11,6,2017,True,0.0168883300692763,0.01442843513780073,0.02045785393613274,0.009898823301834572
22,12.04.2017,2017-04-12,6,2017,True,0.0176147206595185,0.013698336668026934,0.02045785393613274,0.008940909111147255
22,13.04.2017,2017-04-13,6,2017,True,0.0175927487997334,0.013472967672293041,0.02045785393613274,0.00918453152154018
22,17.04.2017,2017-04-17,6,2017,True,0.0177978541272404,0.013072059723808108,0.02045785393613274,0.008807301030286957
22,18.04.2017,2017-04-18,6,2017,True,0.0178336939457466,0.012564944061548596,0.02045785393613274,0.008767009632035078
22,19.04.2017,2017-04-19,6,2017,True,0.0167167797890019,0.013632051872232456,0.02045785393613274,0.009065426691551469
22,20.04.2017,2017-04-20,6,2017,True,0.0167412592808871,0.01965231066061216,0.02045785393613274,0.012313056056703471
22,21.04.2017,2017-04-21,6,2017,True,0.0161276180727972,0.01925163075700347,0.02045785393613274,0.01228492989710845
22,24.04.2017,2017-04-24,6,2017,True,0.0160544910179153,0.02069429862570477,0.02045785393613274,0.012729870946464933
22,25.04.2017,2017-04-25,6,2017,True,0.0190913065189898,0.02112168821665531,0.02045785393613274,0.012748172763467682
22,26.04.2017,2017-04-26,6,2017,True,0.0192817685285287,0.019623514130788954,0.02045785393613274,0.012870116797396147
22,27.04.2017,2017-04-27,6,2017,True,0.0192576502491575,0.021125024037506077,0.02045785393613274,0.01292470413475742
22,28.04.2017,2017-04-28,6,2017,True,0.0202618547122617,0.023188407516578663,0.02045785393613274,0.013040018250326482
22,01.05.2017,2017-05-01,6,2017,True,0.0202548070693405,0.02251444452328205,0.02045785393613274,0.012870977484515662
22,02.05.2017,2017-05-02,6,2017,True,0.0198335727657978,0.020513126103373965,0.02045785393613274,0.012037680602786663
22,03.05.2017,2017-05-03,6,2017,True,0.0198622658407114,0.022640473569189107,0.02045785393613274,0.012492893080246781
22,04.05.2017,2017-05-04,6,2017,True,0.0169967077530258,0.024103972477740074,0.02045785393613274,0.012629837726125134
22,05.05.2017,2017-05-05,6,2017,True,0.0190810385679048,0.021691541603254993,0.02045785393613274,0.015970833549136733
22,08.05.2017,2017-05-08,6,2017,True,0.0190464275091088,0.020851973973287093,0.02045785393613274,0.015659576520184054
22,09.05.2017,2017-05-09,6,2017,True,0.0189428607701934,0.020540313770643293,0.02045785393613274,0.01569558780205368
22,10.05.2017,2017-05-10,6,2017,True,0.0176924576373899,0.021903780596423176,0.02045785393613274,0.015456035342142137
22,11.05.2017,2017-05-11,6,2017,True,0.017628473601702,0.018820364756259804,0.02045785393613274,0.017064125997615753
22,12.05.2017,2017-05-12,6,2017,True,0.019039826908527,0.019049990599457917,0.02045785393613274,0.016952670081100553
22,15.05.2017,2017-05-15,6,2017,True,0.0183654035726959,0.01891740403724344,0.02045785393613274,0.016888330069276293
22,16.05.2017,2017-05-16,6,2017,True,0.0186084264282161,0.018087180085319527,0.02045785393613274,0.017614720659518447
22,17.05.2017,2017-05-17,6,2017,True,0.0183484252395907,0.01870470694226569,0.02045785393613274,0.017592748799733406
22,18.05.2017,2017-05-18,6,2017,True,0.0184309975796289,0.021175499002792236,0.02045785393613274,0.01779785412724036
22,19.05.2017,2017-05-19,6,2017,True,0.0179090568009495,0.01993184774339476,0.02045785393613274,0.0178336939457466
22,22.05.2017,2017-05-22,6,2017,True,0.0180687807277807,0.01658523436546291,0.02045785393613274,0.016716779789001823
22,23.05.2017,2017-05-23,6,2017,True,0.0181377008613371,0.015395846944839225,0.02045785393613274,0.016741259280887027
22,24.05.2017,2017-05-24,6,2017,True,0.0183708929979836,0.015106639657167657,0.02045785393613274,0.016127618072797164
22,25.05.2017,2017-05-25,6,2017,True,0.0167983351652021,0.01531588963454696,0.02045785393613274,0.016054491017915267
22,26.05.2017,2017-05-26,6,2017,True,0.0168357729535033,0.01660786528047513,0.02045785393613274,0.019091306518989735
22,30.05.2017,2017-05-30,6,2017,True,0.0168923646667573,0.015294129011877572,0.02045785393613274,0.019281768528528684
22,31.05.2017,2017-05-31,6,2017,True,0.0161219192388105,0.015147342126480551,0.02045785393613274,0.019257650249157494
22,01.06.2017,2017-06-01,6,2017,True,0.018072723279461,0.016508155628945028,0.02045785393613274,0.020261854712261638
22,02.06.2017,2017-06-02,6,2017,True,0.019790401800215,0.016521934147839392,0.02045785393613274,0.020254807069340464
22,05.06.2017,2017-06-05,6,2017,True,0.0197961777133963,0.016999671054485688,0.02045785393613274,0.019833572765797745
22,06.06.2017,2017-06-06,6,2017,True,0.0204019584116051,0.023712914938769827,0.02045785393613274,0.01986226584071134
22,07.06.2017,2017-06-07,6,2017,True,0.0185039945537291,0.018036568283661732,0.02045785393613274,0.016996707753025794
22,08.06.2017,2017-06-08,6,2017,True,0.018749734841329,0.018871645716803876,0.02045785393613274,0.01908103856790477
22,09.06.2017,2017-06-09,6,2017,True,0.0187291857430206,0.020480409658360784,0.02045785393613274,0.019046427509108753
22,12.06.2017,2017-06-12,6,2017,True,0.0189749561369077,0.017788317472869165,0.02045785393613274,0.018942860770193422
22,13.06.2017,2017-06-13,6,2017,True,0.0190030842952327,0.01939583013694756,0.02045785393613274,0.01769245763738984
22,14.06.2017,2017-06-14,6,2017,True,0.0173938025713973,0.017707321049280345,0.02045785393613274,0.017628473601701933
22,15.06.2017,2017-06-15,6,2017,True,0.0174469020037417,0.01714563762382043,0.02045785393613274,0.01903982690852697
22,16.06.2017,2017-06-16,6,2017,True,0.0176933885746713,0.016957250524666675,0.02045785393613274,0.01836540357269589
22,19.06.2017,2017-06-19,6,2017,True,0.0176430265142407,0.016504236128565032,0.02045785393613274,0.018608426428216064
22,20.06.2017,2017-06-20,6,2017,True,0.0180548702522855,0.017945221133971713,0.02045785393613274,0.018348425239590703
22,21.06.2017,2017-06-21,6,2017,True,0.016987108403427,0.018084264850725545,0.02045785393613274,0.01843099757962884
22,22.06.2017,2017-06-22,6,2017,True,0.018036898290722,0.019443936184794883,0.02045785393613274,0.017909056800949435
22,23.06.2017,2017-06-23,6,2017,True,0.0181701969027365,0.015828319534852642,0.02045785393613274,0.018068780727780648
22,26.06.2017,2017-06-26,6,2017,True,0.0182004906586426,0.019666340058001844,0.02045785393613274,0.018137700861337053
22,27.06.2017,2017-06-27,6,2017,True,0.0182731645976381,0.019653076564050808,0.02045785393613274,0.01837089299798354
22,28.06.2017,2017-06-28,6,2017,True,0.0181783036364015,0.01648933067927635,0.02045785393613274,0.016798335165202023
22,29.06.2017,2017-06-29,6,2017,True,0.0182053845326678,0.018492129973283037,0.02045785393613274,0.01683577295350331
22,30.06.2017,2017-06-30,6,2017,True,0.0182751805992958,0.018414407841922144,0.02045785393613274,0.016892364666757233
22,03.07.2017,2017-07-03,6,2017,True,0.0169298408000391,0.017511032875158893,0.02045785393613274,0.016121919238810484
22,05.07.2017,2017-07-05,6,2017,True,0.0142813831210238,0.0161736004292211,0.02045785393613274,0.018072723279460995
22,06.07.2017,2017-07-06,6,2017,True,0.0143111155955798,0.015781203715757367,0.02045785393613274,0.01979040180021494
22,07.07.2017,2017-07-07,6,2017,True,0.0123936920181751,0.018334672942180205,0.02045785393613274,0.019796177713396257
22,10.07.2017,2017-07-10,6,2017,True,0.0124477217257463,0.01811225142451695,0.02045785393613274,0.020401958411605057
22,11.07.2017,2017-07-11,6,2017,True,0.0130441151540848,0.016813009089521897,0.02045785393613274,0.018503994553729107
22,12.07.2017,2017-07-12,6,2017,True,0.0130434310502898,0.017964955051252753,0.02045785393613274,0.018749734841328962
22,13.07.2017,2017-07-13,6,2017,True,0.0143614257239297,0.015792963461231185,0.02045785393613274,0.018729185743020536
22,14.07.2017,2017-07-14,6,2017,True,0.0142514230023973,0.01577515605219627,0.02045785393613274,0.018974956136907688
22,17.07.2017,2017-07-17,6,2017,True,0.0142681984273646,0.015719840558182038,0.02045785393613274,0.019003084295232724
22,18.07.2017,2017-07-18,6,2017,True,0.0144785916903471,0.014293693950144034,0.02045785393613274,0.017393802571397297
22,19.07.2017,2017-07-19,6,2017,True,0.0155660733166445,0.014348343191058141,0.02045785393613274,0.017446902003741646
22,20.07.2017,2017-07-20,6,2017,True,0.0161752089539502,0.013930035243112239,0.02045785393613274,0.017693388574671294
22,21.07.2017,2017-07-21,6,2017,True,0.0149551038349203,0.01535821090953895,0.02045785393613274,0.01764302651424072
22,24.07.2017,2017-07-24,6,2017,True,0.0150173020044447,0.014667658992555494,0.02045785393613274,0.0180548702522855
22,25.07.2017,2017-07-25,6,2017,True,0.0138198092869784,0.013433230755649025,0.02045785393613274,0.016987108403427004
22,26.07.2017,2017-07-26,6,2017,True,0.0135450354458962,0.014463582849770748,0.02045785393613274,0.01803689829072194
22,27.07.2017,2017-07-27,6,2017,True,0.0135958393836093,0.013864038061342999,0.02045785393613274,0.018170196902736524
22,28.07.2017,2017-07-28,6,2017,True,0.0128955433798328,0.013741196787083574,0.02045785393613274,0.01820049065864258
22,31.07.2017,2017-07-31,6,2017,True,0.013675794771469,0.013741840813946974,0.02045785393613274,0.01827316459763811
22,01.08.2017,2017-08-01,6,2017,True,0.0151939413292453,0.013566032106371174,0.02045785393613274,0.018178303636401435
22,02.08.2017,2017-08-02,6,2017,True,0.0151560711456776,0.014129787792599683,0.02045785393613274,0.018205384532667766
22,03.08.2017,2017-08-03,6,2017,True,0.0156607690632587,0.019909867213847358,0.02045785393613274,0.018275180599295768
22,04.08.2017,2017-08-04,6,2017,True,0.0158883630423348,0.018252345357135786,0.02045785393613274,0.016929840800039023
22,07.08.2017,2017-08-07,6,2017,True,0.0158983559482489,0.015710115936884816,0.02045785393613274,0.014281383121023785
22,08.08.2017,2017-08-08,6,2017,True,0.0161666075998033,0.01580561629828197,0.02045785393613274,0.014311115595579802
22,09.08.2017,2017-08-09,6,2017,True,0.0160333505816184,0.014492413409739138,0.02045785393613274,0.01239369201817503
22,10.08.2017,2017-08-10,6,2017,True,0.01567211089314,0.014178374225066258,0.02045785393613274,0.012447721725746217
22,11.08.2017,2017-08-11,6,2017,True,0.0159616963416847,0.01612599162137065,0.02045785393613274,0.013044115154084702
22,14.08.2017,2017-08-14,6,2017,True,0.0145683820771757,0.01657876098898827,0.02045785393613274,0.013043431050289796
22,15.08.2017,2017-08-15,6,2017,True,0.014559521353078,0.018231905531734705,0.02045785393613274,0.014361425723929707
22,16.08.2017,2017-08-16,6,2017,True,0.0142751633738245,0.01784161748416092,0.02045785393613274,0.014251423002397307
22,17.08.2017,2017-08-17,6,2017,True,0.0142449831024171,0.01805817162561524,0.02045785393613274,0.014268198427364518
22,18.08.2017,2017-08-18,6,2017,True,0.01327985374376,0.018638870877830168,0.02045785393613274,0.014478591690347105
22,21.08.2017,2017-08-21,6,2017,True,0.01222346270031,0.01796847100647896,0.02045785393613274,0.01556607331664449
22,22.08.2017,2017-08-22,6,2017,True,0.0122472493981616,0.01693690619461472,0.02045785393613274,0.016175208953950203
22,23.08.2017,2017-08-23,6,2017,True,0.0140322835411022,0.017042845820408544,0.02045785393613274,0.014955103834920297
22,24.08.2017,2017-08-24,6,2017,True,0.0140189526141669,0.01771867729150809,0.02045785393613274,0.015017302004444628
22,25.08.2017,2017-08-25,6,2017,True,0.0143486290754639,0.015920220271852803,0.02045785393613274,0.013819809286978405
22,28.08.2017,2017-08-28,6,2017,True,0.0142810514644201,0.01863776111098047,0.02045785393613274,0.013545035445896197
22,29.08.2017,2017-08-29,6,2017,True,0.0142798930041604,0.018825738213656757,0.02045785393613274,0.013595839383609273
22,30.08.2017,2017-08-30,6,2017,True,0.0145419889943834,0.01819128293283989,0.02045785393613274,0.012895543379832711
22,31.08.2017,2017-08-31,6,2017,True,0.0134792840125605,0.019209075466577196,0.02045785393613274,0.013675794771468916
22,01.09.2017,2017-09-01,6,2017,True,0.013525116563016,0.01673028015191138,0.02045785393613274,0.015193941329245312
22,05.09.2017,2017-09-05,6,2017,True,0.013600982869995,0.01702895511428203,0.02045785393613274,0.015156071145677541
22,06.09.2017,2017-09-06,6,2017,True,0.0145049711286143,0.0158238342433017,0.02045785393613274,0.015660769063258678
22,07.09.2017,2017-09-07,6,2017,True,0.0144819250233679,0.014624339147643288,0.02045785393613274,0.015888363042334742
22,08.09.2017,2017-09-08,6,2017,True,0.014393860551934,0.015535257979629402,0.02045785393613274,0.0158983559482489
22,11.09.2017,2017-09-11,6,2017,True,0.0144097940573561,0.016295297034626868,0.02045785393613274,0.01616660759980325
22,12.09.2017,2017-09-12,6,2017,True,0.014687105243278,0.016128777271539795,0.02045785393613274,0.01603335058161836
22,13.09.2017,2017-09-13,6,2017,True,0.014685055813809,0.019338375472916773,0.02045785393613274,0.01567211089313995
22,14.09.2017,2017-09-14,6,2017,True,0.0148083730314203,0.019213987338760913,0.02045785393613274,0.01596169634168471
22,15.09.2017,2017-09-15,6,2017,True,0.014808262763867,0.016222900707198454,0.02045785393613274,0.014568382077175661
22,18.09.2017,2017-09-18,6,2017,True,0.0147873326833718,0.017085541920683157,0.02045785393613274,0.014559521353077962
22,19.09.2017,2017-09-19,6,2017,True,0.0151908833073519,0.017748446205797283,0.02045785393613274,0.01427516337382443
22,20.09.2017,2017-09-20,6,2017,True,0.0146951090031645,0.018900124550580995,0.02045785393613274,0.014244983102417053
22,21.09.2017,2017-09-21,6,2017,True,0.0147836509690831,0.016384709590115506,0.02045785393613274,0.01327985374375992
22,22.09.2017,2017-09-22,6,2017,True,0.0151032096785036,0.014890288187078767,0.02045785393613274,0.012223462700309953
22,25.09.2017,2017-09-25,6,2017,True,0.0127780679442151,0.01638249448067238,0.02045785393613274,0.012247249398161587
22,26.09.2017,2017-09-26,6,2017,True,0.0129825437583332,0.015350829488366337,0.02045785393613274,0.014032283541102171
22,27.09.2017,2017-09-27,6,2017,True,0.0133484501051211,0.015439503696885796,0.02045785393613274,0.014018952614166877
22,28.09.2017,2017-09-28,6,2017,True,0.013188271223479,0.01478099815440403,0.02045785393613274,0.014348629075463833
22,29.09.2017,2017-09-29,6,2017,True,0.0132306992145532,0.014549858983143761,0.02045785393613274,0.014281051464420028
22,02.10.2017,2017-10-02,6,2017,True,0.0117293530426329,0.016131810499872164,0.02045785393613274,0.014279893004160356
22,03.10.2017,2017-10-03,6,2017,True,0.012096281779741,0.01620870293078843,0.02045785393613274,0.01454198899438338
22,04.10.2017,2017-10-04,6,2017,True,0.0127033340052343,0.016001726358527396,0.02045785393613274,0.013479284012560419
22,05.10.2017,2017-10-05,6,2017,True,0.0138180836696093,0.015236214855992506,0.02045785393613274,0.013525116563015988
22,06.10.2017,2017-10-06,6,2017,True,0.0125582010865635,0.013556203242028633,0.02045785393613274,0.013600982869994912
22,09.10.2017,2017-10-09,6,2017,True,0.0126998978225828,0.013297009711110228,0.02045785393613274,0.014504971128614227
22,10.10.2017,2017-10-10,6,2017,True,0.0125536420551921,0.014412218115185874,0.02045785393613274,0.014481925023367903
22,11.10.2017,2017-10-11,6,2017,True,0.0128093116082779,0.013754022780041264,0.02045785393613274,0.01439386055193399
22,12.10.2017,2017-10-12,6,2017,True,0.0124645737642857,0.013129712012448122,0.02045785393613274,0.014409794057356108
22,13.10.2017,2017-10-13,6,2017,True,0.0129374584776164,0.01473174289331206,0.02045785393613274,0.014687105243277947
22,16.10.2017,2017-10-16,6,2017,True,0.0129711630817494,0.013787366416972372,0.02045785393613274,0.014685055813809002
22,17.10.2017,2017-10-17,6,2017,True,0.0131910723569915,0.013938889026682525,0.02045785393613274,0.01480837303142024
22,18.10.2017,2017-10-18,6,2017,True,0.0138147702836939,0.013283393219100109,0.02045785393613274,0.014808262763866925
22,19.10.2017,2017-10-19,6,2017,True,0.0133809316766573,0.014922779980634009,0.02045785393613274,0.014787332683371788
22,20.10.2017,2017-10-20,6,2017,True,0.0133367761913851,0.014641894369905584,0.02045785393613274,0.015190883307351879
22,23.10.2017,2017-10-23,6,2017,True,0.0132433668732876,0.013995193922933946,0.02045785393613274,0.01469510900316446
22,24.10.2017,2017-10-24,6,2017,True,0.0130010011165931,0.01526358781928613,0.02045785393613274,0.01478365096908304
22,25.10.2017,2017-10-25,6,2017,True,0.0130273858394958,0.01526890983952449,0.02045785393613274,0.01510320967850353
22,26.10.2017,2017-10-26,6,2017,True,0.0129004729388089,0.013008694744389577,0.02045785393613274,0.012778067944215103
22,27.10.2017,2017-10-27,6,2017,True,0.0125988781198617,0.012689321727857,0.02045785393613274,0.012982543758333194
22,30.10.2017,2017-10-30,6,2017,True,0.0125922737937016,0.012970055815273128,0.02045785393613274,0.013348450105121016
22,31.10.2017,2017-10-31,6,2017,True,0.012542530181131,0.015274121532194752,0.02045785393613274,0.013188271223478933
22,01.11.2017,2017-11-01,6,2017,True,0.0131133268671333,0.01537022485993191,0.02045785393613274,0.013230699214553136
22,02.11.2017,2017-11-02,6,2017,True,0.0128901579914679,0.013380394308033465,0.02045785393613274,0.011729353042632866
22,03.11.2017,2017-11-03,6,2017,True,0.013238829633116,0.013824188546993374,0.02045785393613274,0.012096281779740932
22,06.11.2017,2017-11-06,6,2017,True,0.0112960049821316,0.017699116823619365,0.02045785393613274,0.012703334005234284
22,07.11.2017,2017-11-07,6,2017,True,0.011972851518972,0.013201057388366143,0.02045785393613274,0.013818083669609215
22,08.11.2017,2017-11-08,6,2017,True,0.0127076713112066,0.012059191742858076,0.02045785393613274,0.012558201086563428
22,09.11.2017,2017-11-09,6,2017,True,0.0134523623891552,0.011816229613206039,0.02045785393613274,0.012699897822582747
22,10.11.2017,2017-11-10,6,2017,True,0.0137221335556335,0.012044696707016736,0.02045785393613274,0.01255364205519204
22,13.11.2017,2017-11-13,6,2017,True,0.0140178677997726,0.01377064581709182,0.02045785393613274,0.01280931160827784
22,14.11.2017,2017-11-14,6,2017,True,0.0136043723559789,0.014056451036077406,0.02045785393613274,0.012464573764285612
22,15.11.2017,2017-11-15,6,2017,True,0.0135387459705786,0.013988586263120538,0.02045785393613274,0.012937458477616378
22,16.11.2017,2017-11-16,6,2017,True,0.0134105365354326,0.015365242334971193,0.02045785393613274,0.012971163081749339
22,17.11.2017,2017-11-17,6,2017,True,0.012849778292929,0.013782160339567572,0.02045785393613274,0.013191072356991455
22,20.11.2017,2017-11-20,6,2017,True,0.0127019814431522,0.01364951557887428,0.02045785393613274,0.013814770283693904
22,21.11.2017,2017-11-21,6,2017,True,0.0126988785775964,0.013481472806196253,0.02045785393613274,0.013380931676657276
22,22.11.2017,2017-11-22,6,2017,True,0.0136176366302032,0.013157067095428084,0.02045785393613274,0.013336776191385007
22,24.11.2017,2017-11-24,6,2017,True,0.0137545931400918,0.012835814747429536,0.02045785393613274,0.013243366873287544
22,27.11.2017,2017-11-27,6,2017,True,0.0137552678581542,0.012979469187992634,0.02045785393613274,0.013001001116593044
22,28.11.2017,2017-11-28,6,2017,True,0.0137254784444326,0.013256235322591606,0.02045785393613274,0.01302738583949573
22,29.11.2017,2017-11-29,6,2017,True,0.0135585209808501,0.013149910140991762,0.02045785393613274,0.012900472938808883
22,30.11.2017,2017-11-30,6,2017,True,0.0139766466407702,0.01246998252495921,0.02045785393613274,0.012598878119861691
22,01.12.2017,2017-12-01,6,2017,True,0.0139450012981638,0.011764953968326197,0.02045785393613274,0.012592273793701564
22,04.12.2017,2017-12-04,6,2017,True,0.01343043632082,0.011924311841411428,0.02045785393613274,0.01254253018113092
22,05.12.2017,2017-12-05,6,2017,True,0.0134165967209594,0.01352909768793263,0.02045785393613274,0.013113326867133212
22,06.12.2017,2017-12-06,6,2017,True,0.0118498271542356,0.015304476472340116,0.02045785393613274,0.012890157991467898
22,07.12.2017,2017-12-07,6,2017,True,0.0116135684456913,0.014081145143561296,0.02045785393613274,0.01323882963311595
22,08.12.2017,2017-12-08,6,2017,True,0.0111903640503504,0.011053766462434614,0.02045785393613274,0.011296004982131583
22,11.12.2017,2017-12-11,6,2017,True,0.0106601142337251,0.011478658221106717,0.02045785393613274,0.011972851518971902
22,12.12.2017,2017-12-12,6,2017,True,0.009681939220148,0.011278756493416744,0.02045785393613274,0.01270767131120659
22,13.12.2017,2017-12-13,6,2017,True,0.0087829964387317,0.011819662561178959,0.02045785393613274,0.01345236238915512
22,14.12.2017,2017-12-14,6,2017,True,0.0086237217445595,0.012024863996505996,0.02045785393613274,0.01372213355563342
22,15.12.2017,2017-12-15,6,2017,True,0.0090835790444314,0.011923420441411328,0.02045785393613274,0.01401786779977258
22,18.12.2017,2017-12-18,6,2017,True,0.009095311186515,0.011560350037474037,0.02045785393613274,0.013604372355978845
22,19.12.2017,2017-12-19,6,2017,True,0.0093103782156504,0.012504133440173568,0.02045785393613274,0.013538745970578553
22,20.12.2017,2017-12-20,6,2017,True,0.0091977294828641,0.01258796654082416,0.02045785393613274,0.013410536535432546
22,21.12.2017,2017-12-21,6,2017,True,0.0092686901129771,0.012473129233792155,0.02045785393613274,0.012849778292928988
22,22.12.2017,2017-12-22,6,2017,True,0.009273199640706,0.01183738110682753,0.02045785393613274,0.01270198144315217
22,26.12.2017,2017-12-26,6,2017,True,0.0085494020155456,0.012011983075235676,0.02045785393613274,0.012698878577596313
22,27.12.2017,2017-12-27,6,2017,True,0.00842877592542,0.012782800295671698,0.02045785393613274,0.013617636630203163
22,28.12.2017,2017-12-28,6,2017,True,0.0084144035469009,0.012313488278623648,0.02045785393613274,0.013754593140091809
22,29.12.2017,2017-12-29,6,2017,True,0.0083853434901944,0.012690547420362899,0.02045785393613274,0.013755267858154145
22,02.01.2018,2018-01-02,7,2018,True,0.008590408457095,0.013527526329385175,0.0198662018452256,0.013725478444432579
22,03.01.2018,2018-01-03,7,2018,True,0.0082549776573681,0.013129582807293712,0.0198662018452256,0.013558520980850093
22,04.01.2018,2018-01-04,7,2018,True,0.0085445496511134,0.014332825360646442,0.0198662018452256,0.013976646640770153
22,05.01.2018,2018-01-05,7,2018,True,0.0094471607173841,0.013668408912872425,0.0198662018452256,0.013945001298163725
22,08.01.2018,2018-01-08,7,2018,True,0.0096077169285818,0.014428361648741261,0.0198662018452256,0.013430436320819942
22,09.01.2018,2018-01-09,7,2018,True,0.0107310480493186,0.014402870619721864,0.0198662018452256,0.013416596720959389
22,10.01.2018,2018-01-10,7,2018,True,0.0105157133062292,0.013728911357092703,0.0198662018452256,0.01184982715423551
22,11.01.2018,2018-01-11,7,2018,True,0.010548524107635,0.013469129330073057,0.0198662018452256,0.011613568445691239
22,12.01.2018,2018-01-12,7,2018,True,0.0120841037521532,0.015354386508087634,0.0198662018452256,0.011190364050350322
22,16.01.2018,2018-01-16,7,2018,True,0.0120096826681441,0.014543684208975722,0.0198662018452256,0.010660114233725072
22,17.01.2018,2018-01-17,7,2018,True,0.0121681010345927,0.01274367443207738,0.0198662018452256,0.009681939220147949
22,18.01.2018,2018-01-18,7,2018,True,0.0123261061602863,0.01178074001258933,0.0198662018452256,0.008782996438731617
22,19.01.2018,2018-01-19,7,2018,True,0.0122608752373373,0.011754596682642593,0.0198662018452256,0.008623721744559453
22,22.01.2018,2018-01-22,7,2018,True,0.0126683214434018,0.011882850084214868,0.0198662018452256,0.009083579044431325
22,23.01.2018,2018-01-23,7,2018,True,0.0126902018335815,0.012697133817847473,0.0198662018452256,0.009095311186514906
22,24.01.2018,2018-01-24,7,2018,True,0.0125434510729992,0.011400459904807148,0.0198662018452256,0.009310378215650292
22,25.01.2018,2018-01-25,7,2018,True,0.0127587173972345,0.010407295653323543,0.0198662018452256,0.009197729482864058
22,26.01.2018,2018-01-26,7,2018,True,0.0129106107495484,0.01297082809782772,0.0198662018452256,0.009268690112977046
22,29.01.2018,2018-01-29,7,2018,True,0.0126343638744652,0.012922472049896236,0.0198662018452256,0.009273199640705955
22,30.01.2018,2018-01-30,7,2018,True,0.0131930128758862,0.011591502729343702,0.0198662018452256,0.00854940201554548
22,31.01.2018,2018-01-31,7,2018,True,0.0139332741075668,0.011273238411770706,0.0198662018452256,0.008428775925419863
22,01.02.2018,2018-02-01,7,2018,True,0.0139840799669022,0.01179677067281039,0.0198662018452256,0.008414403546900782
22,02.02.2018,2018-02-02,7,2018,True,0.0145955969654398,0.011809789314399464,0.0198662018452256,0.008385343490194274
22,05.02.2018,2018-02-05,7,2018,True,0.0145084449416197,0.011449593631794947,0.0198662018452256,0.008590408457094951
22,06.02.2018,2018-02-06,7,2018,True,0.0158736021755159,0.01092649060565914,0.0198662018452256,0.008254977657367995
22,07.02.2018,2018-02-07,7,2018,True,0.0153684937324743,0.011569295545142026,0.0198662018452256,0.008544549651113351
22,08.02.2018,2018-02-08,7,2018,True,0.0152292286051959,0.01278255845445459,0.0198662018452256,0.009447160717383976
22,09.02.2018,2018-02-09,7,2018,True,0.013511770699127,0.014028213124078856,0.0198662018452256,0.009607716928581707
22,12.02.2018,2018-02-12,7,2018,True,0.0134767647844511,0.014063545324231132,0.0198662018452256,0.010731048049318563
22,13.02.2018,2018-02-13,7,2018,True,0.01384165417454,0.013671652788826214,0.0198662018452256,0.010515713306229088
22,14.02.2018,2018-02-14,7,2018,True,0.0128466543998478,0.014036028638265849,0.0198662018452256,0.010548524107634906
22,15.02.2018,2018-02-15,7,2018,True,0.013482799742021,0.012691595669945448,0.0198662018452256,0.012084103752153129
22,16.02.2018,2018-02-16,7,2018,True,0.0146972039279528,0.012269968089415871,0.0198662018452256,0.012009682668144001
22,20.02.2018,2018-02-20,7,2018,True,0.0148689344776943,0.013360788770361662,0.0198662018452256,0.012168101034592614
22,21.02.2018,2018-02-21,7,2018,True,0.0154464975558796,0.013846766755554147,0.0198662018452256,0.012326106160286208
22,22.02.2018,2018-02-22,7,2018,True,0.0153211543776161,0.014465895503399547,0.0198662018452256,0.012260875237337213
22,23.02.2018,2018-02-23,7,2018,True,0.0151192405733703,0.013740893189963676,0.0198662018452256,0.0126683214434018
22,26.02.2018,2018-02-26,7,2018,True,0.015270699991833,0.013232346417272516,0.0198662018452256,0.012690201833581407
22,27.02.2018,2018-02-27,7,2018,True,0.0150430717328737,0.011966858996274038,0.0198662018452256,0.012543451072999133
22,28.02.2018,2018-02-28,7,2018,True,0.0170931098328578,0.013353401186403902,0.0198662018452256,0.012758717397234482
22,01.03.2018,2018-03-01,7,2018,True,0.0171282283600693,0.013690805757593408,0.0198662018452256,0.012910610749548327
22,02.03.2018,2018-03-02,7,2018,True,0.0164161105289427,0.014049645934515345,0.0198662018452256,0.01263436387446515
22,05.03.2018,2018-03-05,7,2018,True,0.0160575585621426,0.012227633645443143,0.0198662018452256,0.013193012875886137
22,06.03.2018,2018-03-06,7,2018,True,0.0165987432796503,0.012618498888748803,0.0198662018452256,0.013933274107566803
22,07.03.2018,2018-03-07,7,2018,True,0.0163747591466025,0.011991988945382472,0.0198662018452256,0.013984079966902175
22,08.03.2018,2018-03-08,7,2018,True,0.0173316244901709,0.013123672973036972,0.0198662018452256,0.014595596965439788
22,09.03.2018,2018-03-09,7,2018,True,0.0166222026927381,0.011983359445289856,0.0198662018452256,0.014508444941619668
22,12.03.2018,2018-03-12,7,2018,True,0.0164232101471232,0.011559862270990926,0.0198662018452256,0.015873602175515828
22,13.03.2018,2018-03-13,7,2018,True,0.016295530083978,0.01172874777267,0.0198662018452256,0.01536849373247428
22,14.03.2018,2018-03-14,7,2018,True,0.0169218494914822,0.012761944695719415,0.0198662018452256,0.015229228605195842
22,15.03.2018,2018-03-15,7,2018,True,0.0169271212447674,0.011383726024397302,0.0198662018452256,0.013511770699126997
22,16.03.2018,2018-03-16,7,2018,True,0.0173769459938153,0.012586749072316482,0.0198662018452256,0.01347676478445109
22,19.03.2018,2018-03-19,7,2018,True,0.0173046240341449,0.012178805897327616,0.0198662018452256,0.013841654174539914
22,20.03.2018,2018-03-20,7,2018,True,0.0169551774272031,0.01127357092446201,0.0198662018452256,0.012846654399847722
22,21.03.2018,2018-03-21,7,2018,True,0.0160013418652628,0.0116900034419622,0.0198662018452256,0.013482799742020981
22,22.03.2018,2018-03-22,7,2018,True,0.0161303538044559,0.011187267378310566,0.0198662018452256,0.014697203927952767
22,23.03.2018,2018-03-23,7,2018,True,0.015565418445006,0.012485708141774009,0.0198662018452256,0.014868934477694277
22,26.03.2018,2018-03-26,7,2018,True,0.0155681119241827,0.013787170840290046,0.0198662018452256,0.015446497555879537
22,27.03.2018,2018-03-27,7,2018,True,0.0155813290675928,0.01333614753872683,0.0198662018452256,0.015321154377616117
22,28.03.2018,2018-03-28,7,2018,True,0.0154011078659267,0.01264540166691699,0.0198662018452256,0.01511924057337025
22,29.03.2018,2018-03-29,7,2018,True,0.0153358722849477,0.012978160262057207,0.0198662018452256,0.015270699991832972
22,02.04.2018,2018-04-02,7,2018,True,0.01377530867074,0.012743655248742035,0.0198662018452256,0.015043071732873683
22,03.04.2018,2018-04-03,7,2018,True,0.0137545894763593,0.013994940273548006,0.0198662018452256,0.017093109832857792
22,04.04.2018,2018-04-04,7,2018,True,0.0139894988723261,0.014009550646521566,0.0198662018452256,0.017128228360069227
22,05.04.2018,2018-04-05,7,2018,True,0.0142556538630682,0.013529340852124804,0.0198662018452256,0.016416110528942682
22,06.04.2018,2018-04-06,7,2018,True,0.0142150861996396,0.0122386021208887,0.0198662018452256,0.016057558562142596
22,09.04.2018,2018-04-09,7,2018,True,0.0148103503530352,0.012953338339585,0.0198662018452256,0.016598743279650316
22,10.04.2018,2018-04-10,7,2018,True,0.013332401058691,0.01304917983346694,0.0198662018452256,0.016374759146602424
22,11.04.2018,2018-04-11,7,2018,True,0.0132413627740427,0.015115910662762072,0.0198662018452256,0.017331624490170904
22,12.04.2018,2018-04-12,7,2018,True,0.0134240564106155,0.014892649944471327,0.0198662018452256,0.016622202692738043
22,13.04.2018,2018-04-13,7,2018,True,0.0133962534232998,0.01530400583847629,0.0198662018452256,0.01642321014712322
22,16.04.2018,2018-04-16,7,2018,True,0.0127295987744888,0.015664874866989816,0.0198662018452256,0.016295530083977938
22,17.04.2018,2018-04-17,7,2018,True,0.0127552395794094,0.015877916848415583,0.0198662018452256,0.016921849491482167
22,18.04.2018,2018-04-18,7,2018,True,0.0121657299580506,0.015736614208769262,0.0198662018452256,0.01692712124476741
22,19.04.2018,2018-04-19,7,2018,True,0.0122314667783682,0.01577163597947851,0.0198662018452256,0.01737694599381523
22,20.04.2018,2018-04-20,7,2018,True,0.0122335205621583,0.017929519515676933,0.0198662018452256,0.017304624034144914
22,23.04.2018,2018-04-23,7,2018,True,0.0121722396246449,0.017689941505987232,0.0198662018452256,0.016955177427203073
22,24.04.2018,2018-04-24,7,2018,True,0.0122482761935983,0.017332450958507863,0.0198662018452256,0.016001341865262735
22,25.04.2018,2018-04-25,7,2018,True,0.0141516492276115,0.016453074023275893,0.0198662018452256,0.016130353804455842
22,26.04.2018,2018-04-26,7,2018,True,0.0143798539395801,0.015667592035815792,0.0198662018452256,0.015565418445005991
22,27.04.2018,2018-04-27,7,2018,True,0.0154945087138923,0.014962428580319122,0.0198662018452256,0.01556811192418262
22,30.04.2018,2018-04-30,7,2018,True,0.0154482040640395,0.015203042077835871,0.0198662018452256,0.01558132906759275
22,01.05.2018,2018-05-01,7,2018,True,0.0154482040640395,0.01832504449330889,0.0198662018452256,0.015401107865926697
22,02.05.2018,2018-05-02,7,2018,True,0.0159433368546365,0.01768828272044891,0.0198662018452256,0.01533587228494772
22,03.05.2018,2018-05-03,7,2018,True,0.0159346618147229,0.014364981506167496,0.0198662018452256,0.013775308670739972
22,04.05.2018,2018-05-04,7,2018,True,0.0155413727552181,0.013654893966765612,0.0198662018452256,0.013754589476359288
22,07.05.2018,2018-05-07,7,2018,True,0.0160755224955532,0.014713963307023828,0.0198662018452256,0.01398949887232602
22,08.05.2018,2018-05-08,7,2018,True,0.0157902749837493,0.015550786751615255,0.0198662018452256,0.014255653863068188
22,09.05.2018,2018-05-09,7,2018,True,0.0142904959640223,0.014501807498927672,0.0198662018452256,0.014215086199639517
22,10.05.2018,2018-05-10,7,2018,True,0.0143428221356713,0.014567769877489463,0.0198662018452256,0.014810350353035146
22,11.05.2018,2018-05-11,7,2018,True,0.0145487591675857,0.013265703356685036,0.0198662018452256,0.013332401058690957
22,14.05.2018,2018-05-14,7,2018,True,0.0143287612312894,0.012561028940546365,0.0198662018452256,0.01324136277404269
22,15.05.2018,2018-05-15,7,2018,True,0.0158404493119577,0.014145270298694225,0.0198662018452256,0.013424056410615419
22,16.05.2018,2018-05-16,7,2018,True,0.0167386836492094,0.013493532110929502,0.0198662018452256,0.013396253423299767
22,17.05.2018,2018-05-17,7,2018,True,0.0167302501431838,0.013833456338047867,0.0198662018452256,0.012729598774488754
22,18.05.2018,2018-05-18,7,2018,True,0.0166535173227922,0.013868309022177358,0.0198662018452256,0.012755239579409399
22,21.05.2018,2018-05-21,7,2018,True,0.0170117618527532,0.012430263196644826,0.0198662018452256,0.012165729958050498
22,22.05.2018,2018-05-22,7,2018,True,0.0187299258006372,0.013179688150985263,0.0198662018452256,0.012231466778368097
22,23.05.2018,2018-05-23,7,2018,True,0.0187769923827191,0.012980037899433276,0.0198662018452256,0.012233520562158214
22,24.05.2018,2018-05-24,7,2018,True,0.0193082117580938,0.013420414646646497,0.0198662018452256,0.012172239624644884
22,25.05.2018,2018-05-25,7,2018,True,0.0185647139375583,0.012358394641613505,0.0198662018452256,0.012248276193598199
22,29.05.2018,2018-05-29,7,2018,True,0.0182820063342302,0.013185296432679895,0.0198662018452256,0.014151649227611425
22,30.05.2018,2018-05-30,7,2018,True,0.0178416009340725,0.013860582217125245,0.0198662018452256,0.014379853939580092
22,31.05.2018,2018-05-31,7,2018,True,0.0188430969711094,0.01231224708875179,0.0198662018452256,0.015494508713892314
22,01.06.2018,2018-06-01,7,2018,True,0.018888054601108,0.014123670903910156,0.0198662018452256,0.015448204064039444
22,04.06.2018,2018-06-04,7,2018,True,0.0176945225666223,0.015036440188615198,0.0198662018452256,0.015448204064039444
22,05.06.2018,2018-06-05,7,2018,True,0.0177250509013766,0.01512548946005993,0.0198662018452256,0.015943336854636468
22,06.06.2018,2018-06-06,7,2018,True,0.0178851004233954,0.01521313495245415,0.0198662018452256,0.0159346618147229
22,07.06.2018,2018-06-07,7,2018,True,0.0171805276398247,0.017390015484349076,0.0198662018452256,0.015541372755218094
22,08.06.2018,2018-06-08,7,2018,True,0.0230562642876927,0.01439172206463597,0.0198662018452256,0.016075522495553145
22,11.06.2018,2018-06-11,7,2018,True,0.0233082183192157,0.014034958680813978,0.0198662018452256,0.015790274983749276
22,12.06.2018,2018-06-12,7,2018,True,0.0234202652591954,0.013680814884178223,0.0198662018452256,0.014290495964022225
22,13.06.2018,2018-06-13,7,2018,True,0.0253043085302602,0.013766875946766994,0.0198662018452256,0.014342822135671273
22,14.06.2018,2018-06-14,7,2018,True,0.0252942669563738,0.013820591742755468,0.0198662018452256,0.014548759167585667
22,15.06.2018,2018-06-15,7,2018,True,0.024431976336002,0.015078922051324049,0.0198662018452256,0.014328761231289417
22,18.06.2018,2018-06-18,7,2018,True,0.0237461302940447,0.013440475107213946,0.0198662018452256,0.015840449311957633
22,19.06.2018,2018-06-19,7,2018,True,0.0238093787616919,0.01352548042403522,0.0198662018452256,0.016738683649209395
22,20.06.2018,2018-06-20,7,2018,True,0.0237987725662249,0.01340604698509974,0.0198662018452256,0.016730250143183783
22,21.06.2018,2018-06-21,7,2018,True,0.0233197631338249,0.013975642986530283,0.0198662018452256,0.016653517322792178
22,22.06.2018,2018-06-22,7,2018,True,0.0221594141180401,0.01403450864156107,0.0198662018452256,0.017011761852753143
22,25.06.2018,2018-06-25,7,2018,True,0.0221266075076886,0.013787941594328891,0.0198662018452256,0.01872992580063714
22,26.06.2018,2018-06-26,7,2018,True,0.0216271941152873,0.013952088231365265,0.0198662018452256,0.018776992382719043
22,27.06.2018,2018-06-27,7,2018,True,0.0213737862855988,0.01341891356470079,0.0198662018452256,0.01930821175809377
22,28.06.2018,2018-06-28,7,2018,True,0.0214153287920336,0.013875827950523249,0.0198662018452256,0.018564713937558312
22,29.06.2018,2018-06-29,7,2018,True,0.0208355973452085,0.014170746934447961,0.0198662018452256,0.018282006334230157
22,02.07.2018,2018-07-02,7,2018,True,0.0202096660210303,0.014192505074236398,0.0198662018452256,0.017841600934072527
22,03.07.2018,2018-07-03,7,2018,True,0.0201257261342132,0.01451554799750137,0.0198662018452256,0.018843096971109367
22,05.07.2018,2018-07-05,7,2018,True,0.0202331074411824,0.014162097218136114,0.0198662018452256,0.018888054601107946
22,06.07.2018,2018-07-06,7,2018,True,0.0204574546104301,0.014741625631882494,0.0198662018452256,0.0176945225666223
22,09.07.2018,2018-07-09,7,2018,True,0.0212180843962409,0.01402647933144611,0.0198662018452256,0.017725050901376598
22,10.07.2018,2018-07-10,7,2018,True,0.021002125736861,0.015686797550254983,0.0198662018452256,0.01788510042339533
22,11.07.2018,2018-07-11,7,2018,True,0.0147755577177538,0.014238176152131157,0.0198662018452256,0.01718052763982467
22,12.07.2018,2018-07-12,7,2018,True,0.014417206825054,0.015893525410549662,0.0198662018452256,0.023056264287692675
22,13.07.2018,2018-07-13,7,2018,True,0.0141270616380332,0.014991566317897909,0.0198662018452256,0.02330821831921569
22,16.07.2018,2018-07-16,7,2018,True,0.0110465470938053,0.014758724538552955,0.0198662018452256,0.023420265259195383
22,17.07.2018,2018-07-17,7,2018,True,0.0112065858945675,0.016897301960215858,0.0198662018452256,0.025304308530260222
22,18.07.2018,2018-07-18,7,2018,True,0.0110392994111659,0.0167932683327685,0.0198662018452256,0.025294266956373847
22,19.07.2018,2018-07-19,7,2018,True,0.0110764131080766,0.015363819276106779,0.0198662018452256,0.024431976336002043
22,20.07.2018,2018-07-20,7,2018,True,0.0110503537055152,0.01565540969185747,0.0198662018452256,0.023746130294044657
22,23.07.2018,2018-07-23,7,2018,True,0.0127099036520393,0.0164536342297103,0.0198662018452256,0.023809378761691886
22,24.07.2018,2018-07-24,7,2018,True,0.0126805789717273,0.017014876302439197,0.0198662018452256,0.02379877256622488
22,25.07.2018,2018-07-25,7,2018,True,0.0129596768811537,0.017685568510077805,0.0198662018452256,0.023319763133824924
22,26.07.2018,2018-07-26,7,2018,True,0.0128960465752171,0.016818315175493852,0.0198662018452256,0.022159414118040052
22,27.07.2018,2018-07-27,7,2018,True,0.0128969867820014,0.01613366855697977,0.0198662018452256,0.02212660750768857
22,30.07.2018,2018-07-30,7,2018,True,0.0131599070509503,0.01574516548105623,0.0198662018452256,0.021627194115287296
22,31.07.2018,2018-07-31,7,2018,True,0.013000675771987,0.015492437349059144,0.0198662018452256,0.02137378628559884
22,01.08.2018,2018-08-01,7,2018,True,0.0130708370822177,0.015255907917656976,0.0198662018452256,0.02141532879203364
22,02.08.2018,2018-08-02,7,2018,True,0.0128480278551123,0.014923070677037725,0.0198662018452256,0.020835597345208512
22,03.08.2018,2018-08-03,7,2018,True,0.0131543868118281,0.014770262943869726,0.0198662018452256,0.020209666021030304
22,06.08.2018,2018-08-06,7,2018,True,0.0133658829030475,0.015096362688229076,0.0198662018452256,0.02012572613421317
22,07.08.2018,2018-08-07,7,2018,True,0.0131769020303213,0.01630754680540737,0.0198662018452256,0.02023310744118241
22,08.08.2018,2018-08-08,7,2018,True,0.0108705666042425,0.016158177788773275,0.0198662018452256,0.020457454610430123
22,09.08.2018,2018-08-09,7,2018,True,0.0114662813235978,0.018505819062111017,0.0198662018452256,0.021218084396240917
22,10.08.2018,2018-08-10,7,2018,True,0.0114304336462968,0.019068058531591357,0.0198662018452256,0.021002125736860958
22,13.08.2018,2018-08-13,7,2018,True,0.012447913107819,0.01302660582592835,0.0198662018452256,0.014775557717753771
22,14.08.2018,2018-08-14,7,2018,True,0.0124304123041159,0.020232667277084802,0.0198662018452256,0.014417206825053947
22,15.08.2018,2018-08-15,7,2018,True,0.0109085358568002,0.021200240534075685,0.0198662018452256,0.014127061638033173
22,16.08.2018,2018-08-16,7,2018,True,0.0109938443426052,0.015562371660515616,0.0198662018452256,0.011046547093805294
22,17.08.2018,2018-08-17,7,2018,True,0.0109916584139166,0.01629544592719475,0.0198662018452256,0.011206585894567479
22,20.08.2018,2018-08-20,7,2018,True,0.0113543942536874,0.016214253947363432,0.0198662018452256,0.01103929941116585
22,21.08.2018,2018-08-21,7,2018,True,0.0113596052374152,0.016233179234971157,0.0198662018452256,0.011076413108076581
22,22.08.2018,2018-08-22,7,2018,True,0.0114492074373817,0.01624403738822301,0.0198662018452256,0.011050353705515145
22,23.08.2018,2018-08-23,7,2018,True,0.011442867760746,0.012947639501935967,0.0198662018452256,0.012709903652039235
22,24.08.2018,2018-08-24,7,2018,True,0.0114147476610841,0.013160971498630457,0.0198662018452256,0.012680578971727295
22,27.08.2018,2018-08-27,7,2018,True,0.0114113928721601,0.012995647110877574,0.0198662018452256,0.012959676881153655
22,28.08.2018,2018-08-28,7,2018,True,0.0114662298103943,0.013785733965800745,0.0198662018452256,0.012896046575217068
22,29.08.2018,2018-08-29,7,2018,True,0.0122500573122583,0.013193273115884994,0.0198662018452256,0.012896986782001397
22,30.08.2018,2018-08-30,7,2018,True,0.0122962083461984,0.013702373445772126,0.0198662018452256,0.013159907050950246
22,31.08.2018,2018-08-31,7,2018,True,0.0124667199415681,0.013529240162415402,0.0198662018452256,0.013000675771986924
22,04.09.2018,2018-09-04,7,2018,True,0.0134941809739749,0.013618303100578358,0.0198662018452256,0.013070837082217691
22,05.09.2018,2018-09-05,7,2018,True,0.0132113735724905,0.012355273236268255,0.0198662018452256,0.012848027855112297
22,06.09.2018,2018-09-06,7,2018,True,0.0129412228424896,0.012942559768091864,0.0198662018452256,0.013154386811828104
22,07.09.2018,2018-09-07,7,2018,True,0.0130737202048146,0.020913976292125026,0.0198662018452256,0.01336588290304746
22,10.09.2018,2018-09-10,7,2018,True,0.0142924901890746,0.019170674554420994,0.0198662018452256,0.013176902030321236
22,11.09.2018,2018-09-11,7,2018,True,0.0158032997779125,0.01722368660856185,0.0198662018452256,0.010870566604242463
22,12.09.2018,2018-09-12,7,2018,True,0.0157097190289965,0.017276711258081907,0.0198662018452256,0.011466281323597784
22,13.09.2018,2018-09-13,7,2018,True,0.0150648157228016,0.016677532648635817,0.0198662018452256,0.011430433646296737
22,14.09.2018,2018-09-14,7,2018,True,0.0151103881899236,0.01846744813412576,0.0198662018452256,0.012447913107818957
22,17.09.2018,2018-09-17,7,2018,True,0.0156266689276438,0.01869263958807478,0.0198662018452256,0.012430412304115821
22,18.09.2018,2018-09-18,7,2018,True,0.0155715890854749,0.01586238951691276,0.0198662018452256,0.010908535856800154
22,19.09.2018,2018-09-19,7,2018,True,0.0155954125439844,0.015902580806737957,0.0198662018452256,0.010993844342605141
22,20.09.2018,2018-09-20,7,2018,True,0.0154632119551502,0.01474289927812781,0.0198662018452256,0.010991658413916569
22,21.09.2018,2018-09-21,7,2018,True,0.0180869624128197,0.016762670918216614,0.0198662018452256,0.011354394253687328
22,24.09.2018,2018-09-24,7,2018,True,0.0166739637290149,0.017051906849560185,0.0198662018452256,0.011359605237415155
22,25.09.2018,2018-09-25,7,2018,True,0.0167136771867749,0.01593068904627199,0.0198662018452256,0.011449207437381634
22,26.09.2018,2018-09-26,7,2018,True,0.0168929450248314,0.01622871448058031,0.0198662018452256,0.011442867760745974
22,27.09.2018,2018-09-27,7,2018,True,0.0168265831301637,0.01222898690983002,0.0198662018452256,0.011414747661084081
22,28.09.2018,2018-09-28,7,2018,True,0.0168305522507754,0.01579792152482329,0.0198662018452256,0.011411392872160078
22,01.10.2018,2018-10-01,7,2018,True,0.0153547453473904,0.012992425013875548,0.0198662018452256,0.01146622981039422
22,02.10.2018,2018-10-02,7,2018,True,0.0153896549146363,0.013878652147826596,0.0198662018452256,0.012250057312258275
22,03.10.2018,2018-10-03,7,2018,True,0.0158455781185628,0.013256192934872152,0.0198662018452256,0.012296208346198384
22,04.10.2018,2018-10-04,7,2018,True,0.0158061187453581,0.014068720014511362,0.0198662018452256,0.01246671994156803
22,05.10.2018,2018-10-05,7,2018,True,0.0158860226597985,0.015682621486096827,0.0198662018452256,0.013494180973974855
22,08.10.2018,2018-10-08,7,2018,True,0.0159184849570657,0.014715727808565745,0.0198662018452256,0.01321137357249046
22,09.10.2018,2018-10-09,7,2018,True,0.0155045687347198,0.014724439762238608,0.0198662018452256,0.01294122284248955
22,10.10.2018,2018-10-10,7,2018,True,0.0151726454142275,0.015330640577390956,0.0198662018452256,0.013073720204814523
22,11.10.2018,2018-10-11,7,2018,True,0.0139748152009666,0.014769867016211531,0.0198662018452256,0.014292490189074577
22,12.10.2018,2018-10-12,7,2018,True,0.0191597315535015,0.01458196449189483,0.0198662018452256,0.01580329977791253
22,15.10.2018,2018-10-15,7,2018,True,0.0193832842212258,0.013906102263814663,0.0198662018452256,0.015709719028996524
22,16.10.2018,2018-10-16,7,2018,True,0.0193735978237024,0.013653656561675586,0.0198662018452256,0.015064815722801536
22,17.10.2018,2018-10-17,7,2018,True,0.0194344609222471,0.014970041807612031,0.0198662018452256,0.01511038818992358
22,18.10.2018,2018-10-18,7,2018,True,0.0195194479397132,0.01393450139752555,0.0198662018452256,0.015626668927643732
22,19.10.2018,2018-10-19,7,2018,True,0.022831569071266,0.015010385176645316,0.0198662018452256,0.015571589085474874
22,22.10.2018,2018-10-22,7,2018,True,0.0233854290494302,0.013740967387582386,0.0198662018452256,0.015595412543984388
22,23.10.2018,2018-10-23,7,2018,True,0.0264798975979157,0.015082430309140553,0.0198662018452256,0.015463211955150163
22,24.10.2018,2018-10-24,7,2018,True,0.0277888022814572,0.015463748412372285,0.0198662018452256,0.018086962412819704
22,25.10.2018,2018-10-25,7,2018,True,0.0274713858867077,0.013226983893359448,0.0198662018452256,0.01667396372901487
22,26.10.2018,2018-10-26,7,2018,True,0.0272109714765545,0.014079097819151645,0.0198662018452256,0.016713677186774915
22,29.10.2018,2018-10-29,7,2018,True,0.0276864326234472,0.013961452155290682,0.0198662018452256,0.016892945024831397
22,30.10.2018,2018-10-30,7,2018,True,0.0276484516276439,0.01477892154232743,0.0198662018452256,0.016826583130163643
22,31.10.2018,2018-10-31,7,2018,True,0.0305691639163961,0.015770909227510392,0.0198662018452256,0.016830552250775416
22,01.11.2018,2018-11-01,7,2018,True,0.0306828218562074,0.014308154045679953,0.0198662018452256,0.015354745347390416
22,02.11.2018,2018-11-02,7,2018,True,0.0305658804358772,0.016755453839076936,0.0198662018452256,0.01538965491463629
22,05.11.2018,2018-11-05,7,2018,True,0.0313643916824218,0.014998602873914491,0.0198662018452256,0.015845578118562825
22,06.11.2018,2018-11-06,7,2018,True,0.0316334870472231,0.014161093879950138,0.0198662018452256,0.015806118745358068
22,07.11.2018,2018-11-07,7,2018,True,0.0317020472766309,0.01635355449276188,0.0198662018452256,0.015886022659798524
22,08.11.2018,2018-11-08,7,2018,True,0.0316269582924096,0.015332405330741495,0.0198662018452256,0.01591848495706565
22,09.11.2018,2018-11-09,7,2018,True,0.0322141769060554,0.01816778814372232,0.0198662018452256,0.015504568734719795
22,12.11.2018,2018-11-12,7,2018,True,0.0323113365365025,0.018195525253234857,0.0198662018452256,0.015172645414227528
22,13.11.2018,2018-11-13,7,2018,True,0.0292614116300879,0.017554912350558522,0.0198662018452256,0.01397481520096656
22,14.11.2018,2018-11-14,7,2018,True,0.0312005340724428,0.019695066541225797,0.0198662018452256,0.019159731553501452
22,15.11.2018,2018-11-15,7,2018,True,0.0314892488820438,0.021255146753660012,0.0198662018452256,0.019383284221225774
22,16.11.2018,2018-11-16,7,2018,True,0.032824895888384,0.018102989315177283,0.0198662018452256,0.019373597823702366
22,19.11.2018,2018-11-19,7,2018,True,0.0327518735177898,0.017380855510138384,0.0198662018452256,0.019434460922247116
22,20.11.2018,2018-11-20,7,2018,True,0.0326196471473604,0.017605958185300967,0.0198662018452256,0.019519447939713146
22,21.11.2018,2018-11-21,7,2018,True,0.0371333033956539,0.020382240164135767,0.0198662018452256,0.022831569071265982
22,23.11.2018,2018-11-23,7,2018,True,0.0347657839049887,0.02241269163741132,0.0198662018452256,0.023385429049430247
22,26.11.2018,2018-11-26,7,2018,True,0.0339861211607999,0.02376385930748618,0.0198662018452256,0.026479897597915705
22,27.11.2018,2018-11-27,7,2018,True,0.0348855381290665,0.02749435938847851,0.0198662018452256,0.027788802281457164
22,28.11.2018,2018-11-28,7,2018,True,0.0350149925214151,0.02674228926750937,0.0198662018452256,0.027471385886707708
22,29.11.2018,2018-11-29,7,2018,True,0.0351689861961529,0.026301378978460056,0.0198662018452256,0.027210971476554484
22,30.11.2018,2018-11-30,7,2018,True,0.0353975914254454,0.026941517596224644,0.0198662018452256,0.027686432623447207
22,03.12.2018,2018-12-03,7,2018,True,0.0335774723768593,0.02631749171549943,0.0198662018452256,0.027648451627643907
22,04.12.2018,2018-12-04,7,2018,True,0.034026628142545,0.02438051025501474,0.0198662018452256,0.03056916391639616
22,06.12.2018,2018-12-06,7,2018,True,0.0347695698106965,0.024860479771535306,0.0198662018452256,0.03068282185620739
22,07.12.2018,2018-12-07,7,2018,True,0.0343138540279964,0.02493043870062477,0.0198662018452256,0.030565880435877175
22,10.12.2018,2018-12-10,7,2018,True,0.0340361312378059,0.019718731920780167,0.0198662018452256,0.031364391682421805
22,11.12.2018,2018-12-11,7,2018,True,0.0344478425781551,0.02081255654839627,0.0198662018452256,0.03163348704722316
22,12.12.2018,2018-12-12,7,2018,True,0.0349801424351134,0.019005441603492008,0.0198662018452256,0.03170204727663091
22,13.12.2018,2018-12-13,7,2018,True,0.0347547540610975,0.01797478829664215,0.0198662018452256,0.03162695829240962
22,14.12.2018,2018-12-14,7,2018,True,0.0344975180666625,0.01971837081444812,0.0198662018452256,0.03221417690605541
22,17.12.2018,2018-12-17,7,2018,True,0.0347527886689912,0.020090276354720767,0.0198662018452256,0.0323113365365025
22,18.12.2018,2018-12-18,7,2018,True,0.0324745403902505,0.022083270076008063,0.0198662018452256,0.029261411630087934
22,19.12.2018,2018-12-19,7,2018,True,0.0324005805899076,0.024308146433551298,0.0198662018452256,0.0312005340724428
22,20.12.2018,2018-12-20,7,2018,True,0.0300306090833726,0.024202180194289224,0.0198662018452256,0.031489248882043804
22,21.12.2018,2018-12-21,7,2018,True,0.0298468241782774,0.025944663637162944,0.0198662018452256,0.03282489588838402
22,24.12.2018,2018-12-24,7,2018,True,0.0266046086491146,0.027344377876310822,0.0198662018452256,0.03275187351778979
22,26.12.2018,2018-12-26,7,2018,True,0.0221210298890402,0.031024340040378233,0.0198662018452256,0.0326196471473604
22,27.12.2018,2018-12-27,7,2018,True,0.0192660954928765,0.03281703132261802,0.0198662018452256,0.03713330339565387
22,28.12.2018,2018-12-28,7,2018,True,0.0192248652335239,0.028200195660300874,0.0198662018452256,0.034765783904988745
22,31.12.2018,2018-12-31,7,2018,True,0.018619166617591,0.029673802411627356,0.0198662018452256,0.03398612116079995
22,02.01.2019,2019-01-02,8,2019,True,0.018378355605612,0.03804895467838457,0.01953675209836007,0.03488553812906649
22,03.01.2019,2019-01-03,8,2019,True,0.0183888321712958,0.03997792866148887,0.01953675209836007,0.03501499252141508
22,04.01.2019,2019-01-04,8,2019,True,0.01815102928158,0.03969455197755831,0.01953675209836007,0.03516898619615292
22,07.01.2019,2019-01-07,8,2019,True,0.018710697440277,0.03614173935176137,0.01953675209836007,0.03539759142544543
22,08.01.2019,2019-01-08,8,2019,True,0.0181673465514491,0.03196753366015113,0.01953675209836007,0.03357747237685931
22,09.01.2019,2019-01-09,8,2019,True,0.0156055629813103,0.02885721285646793,0.01953675209836007,0.034026628142544965
22,10.01.2019,2019-01-10,8,2019,True,0.0158989033076076,0.0258595973021129,0.01953675209836007,0.0347695698106965
22,11.01.2019,2019-01-11,8,2019,True,0.0156899314835488,0.023839409338988777,0.01953675209836007,0.03431385402799646
22,14.01.2019,2019-01-14,8,2019,True,0.014664831137727,0.019978974128028678,0.01953675209836007,0.03403613123780591
22,15.01.2019,2019-01-15,8,2019,True,0.0145248199268212,0.019599426413116714,0.01953675209836007,0.03444784257815515
22,16.01.2019,2019-01-16,8,2019,True,0.0144379700830991,0.01993912920829444,0.01953675209836007,0.034980142435113416
22,17.01.2019,2019-01-17,8,2019,True,0.0144246980769025,0.01963248345423704,0.01953675209836007,0.034754754061097556
22,18.01.2019,2019-01-18,8,2019,True,0.0137081902151916,0.018975679222943,0.01953675209836007,0.03449751806666255
22,22.01.2019,2019-01-22,8,2019,True,0.0127840979086089,0.019265074398830895,0.01953675209836007,0.03475278866899124
22,23.01.2019,2019-01-23,8,2019,True,0.0152378141137124,0.01755998337358926,0.01953675209836007,0.032474540390250495
22,24.01.2019,2019-01-24,8,2019,True,0.015244168445671,0.01724602357882444,0.01953675209836007,0.03240058058990757
22,25.01.2019,2019-01-25,8,2019,True,0.0155295074310064,0.02046273355341215,0.01953675209836007,0.030030609083372583
22,28.01.2019,2019-01-28,8,2019,True,0.0140169037160408,0.02431041364660088,0.01953675209836007,0.02984682417827746
22,29.01.2019,2019-01-29,8,2019,True,0.0139414379162867,0.021612543367654963,0.01953675209836007,0.026604608649114594
22,30.01.2019,2019-01-30,8,2019,True,0.0139997444316343,0.01740432719399854,0.01953675209836007,0.022121029889040168
22,31.01.2019,2019-01-31,8,2019,True,0.0139979193345814,0.015353464503240344,0.01953675209836007,0.019266095492876455
22,01.02.2019,2019-02-01,8,2019,True,0.0139818743724955,0.016115302510829002,0.01953675209836007,0.01922486523352388
22,04.02.2019,2019-02-04,8,2019,True,0.0138921446972868,0.015518193608598364,0.01953675209836007,0.018619166617591
22,05.02.2019,2019-02-05,8,2019,True,0.0138909049117274,0.015825111588212044,0.01953675209836007,0.018378355605612032
22,06.02.2019,2019-02-06,8,2019,True,0.013932660511426,0.014613625143132768,0.01953675209836007,0.01838883217129583
22,07.02.2019,2019-02-07,8,2019,True,0.0132222672056349,0.014212829188391634,0.01953675209836007,0.01815102928157995
22,08.02.2019,2019-02-08,8,2019,True,0.0133538490585703,0.01834567457806346,0.01953675209836007,0.01871069744027701
22,11.02.2019,2019-02-11,8,2019,True,0.0131629199649897,0.01834875562629624,0.01953675209836007,0.018167346551449068
22,12.02.2019,2019-02-12,8,2019,True,0.012983162039092,0.017048491107258743,0.01953675209836007,0.015605562981310236
22,13.02.2019,2019-02-13,8,2019,True,0.0125264434063898,0.01861200006894198,0.01953675209836007,0.015898903307607577
22,14.02.2019,2019-02-14,8,2019,True,0.0122260400975592,0.019450250053808807,0.01953675209836007,0.01568993148354875
22,15.02.2019,2019-02-15,8,2019,True,0.0113300773481023,0.016909905102521352,0.01953675209836007,0.01466483113772702
22,19.02.2019,2019-02-19,8,2019,True,0.0115582900798393,0.01656078959087906,0.01953675209836007,0.01452481992682121
22,20.02.2019,2019-02-20,8,2019,True,0.0117268469360672,0.016343745549512997,0.01953675209836007,0.01443797008309908
22,21.02.2019,2019-02-21,8,2019,True,0.0117410452499077,0.017116222495171494,0.01953675209836007,0.01442469807690246
22,22.02.2019,2019-02-22,8,2019,True,0.0119796965363581,0.017425929040368434,0.01953675209836007,0.013708190215191594
22,25.02.2019,2019-02-25,8,2019,True,0.0088546718158794,0.01606358789925976,0.01953675209836007,0.012784097908608908
22,26.02.2019,2019-02-26,8,2019,True,0.0087995799301478,0.0157832113014239,0.01953675209836007,0.015237814113712432
22,27.02.2019,2019-02-27,8,2019,True,0.0081780252932215,0.016234108019468486,0.01953675209836007,0.015244168445671027
22,28.02.2019,2019-02-28,8,2019,True,0.0081877883494997,0.01724235940929971,0.01953675209836007,0.015529507431006387
22,01.03.2019,2019-03-01,8,2019,True,0.0073122800067427,0.015400837287898114,0.01953675209836007,0.014016903716040746
22,04.03.2019,2019-03-04,8,2019,True,0.0072150793214381,0.014874919717722845,0.01953675209836007,0.013941437916286662
22,05.03.2019,2019-03-05,8,2019,True,0.0072184662457676,0.014593790908735664,0.01953675209836007,0.013999744431634261
22,06.03.2019,2019-03-06,8,2019,True,0.0075929276787342,0.015135358077374495,0.01953675209836007,0.01399791933458133
22,07.03.2019,2019-03-07,8,2019,True,0.0077686566365135,0.014729382072575618,0.01953675209836007,0.013981874372495501
22,08.03.2019,2019-03-08,8,2019,True,0.0076631394501808,0.014961036948435842,0.01953675209836007,0.013892144697286741
22,11.03.2019,2019-03-11,8,2019,True,0.0078663851120522,0.0154905681128743,0.01953675209836007,0.013890904911727394
22,12.03.2019,2019-03-12,8,2019,True,0.0085714726576124,0.014952190600446067,0.01953675209836007,0.013932660511426023
22,13.03.2019,2019-03-13,8,2019,True,0.0084213601129301,0.014302440889359927,0.01953675209836007,0.013222267205634863
22,14.03.2019,2019-03-14,8,2019,True,0.0084400140993278,0.014741829161367674,0.01953675209836007,0.013353849058570238
22,15.03.2019,2019-03-15,8,2019,True,0.0084626651003274,0.015932252202067728,0.01953675209836007,0.013162919964989627
22,18.03.2019,2019-03-18,8,2019,True,0.0084904422648142,0.015324066360623122,0.01953675209836007,0.01298316203909202
22,19.03.2019,2019-03-19,8,2019,True,0.0084947920832314,0.016572887235711698,0.01953675209836007,0.012526443406389736
22,20.03.2019,2019-03-20,8,2019,True,0.0098826961588997,0.015558490560657098,0.01953675209836007,0.012226040097559142
22,21.03.2019,2019-03-21,8,2019,True,0.0094632527398976,0.015387724454807442,0.01953675209836007,0.011330077348102279
22,22.03.2019,2019-03-22,8,2019,True,0.0087574972110454,0.015408105288196305,0.01953675209836007,0.01155829007983923
22,25.03.2019,2019-03-25,8,2019,True,0.0089050107816146,0.014139332418363296,0.01953675209836007,0.011726846936067178
22,26.03.2019,2019-03-26,8,2019,True,0.011427739851181,0.016404743646790534,0.01953675209836007,0.011741045249907663
22,27.03.2019,2019-03-27,8,2019,True,0.0114176413637232,0.016748624013003928,0.01953675209836007,0.011979696536358083
22,28.03.2019,2019-03-28,8,2019,True,0.0115146298387829,0.012769071428206573,0.01953675209836007,0.008854671815879333
22,29.03.2019,2019-03-29,8,2019,True,0.0117177504999847,0.012779771128510968,0.01953675209836007,0.008799579930147735
22,01.04.2019,2019-04-01,8,2019,True,0.0125478869905457,0.012865433363373261,0.01953675209836007,0.008178025293221423
22,02.04.2019,2019-04-02,8,2019,True,0.0125153041082776,0.012630144883065839,0.01953675209836007,0.008187788349499596
22,03.04.2019,2019-04-03,8,2019,True,0.0125444802786175,0.011525503359764835,0.01953675209836007,0.007312280006742567
22,04.04.2019,2019-04-04,8,2019,True,0.0132855333851044,0.011308210748722184,0.01953675209836007,0.007215079321438047
22,05.04.2019,2019-04-05,8,2019,True,0.0130504329548585,0.011169786672028425,0.01953675209836007,0.007218466245767465
22,08.04.2019,2019-04-08,8,2019,True,0.0128296680463817,0.011464676257446614,0.01953675209836007,0.0075929276787341194
22,09.04.2019,2019-04-09,8,2019,True,0.0127690158185314,0.011312010284870864,0.01953675209836007,0.007768656636513448
22,10.04.2019,2019-04-10,8,2019,True,0.0123186011609623,0.011431398764717259,0.01953675209836007,0.00766313945018074
22,11.04.2019,2019-04-11,8,2019,True,0.0124402393733659,0.011096403068122776,0.01953675209836007,0.007866385112052142
22,12.04.2019,2019-04-12,8,2019,True,0.0123513733661443,0.012175260223084867,0.01953675209836007,0.00857147265761232
22,15.04.2019,2019-04-15,8,2019,True,0.0125311484532772,0.011742441367172896,0.01953675209836007,0.008421360112930078
22,16.04.2019,2019-04-16,8,2019,True,0.0125141567489697,0.011385645231270052,0.01953675209836007,0.008440014099327696
22,17.04.2019,2019-04-17,8,2019,True,0.0125334789861669,0.01231106559770614,0.01953675209836007,0.00846266510032732
22,18.04.2019,2019-04-18,8,2019,True,0.0125057475192078,0.012585032734825462,0.01953675209836007,0.008490442264814175
22,22.04.2019,2019-04-22,8,2019,True,0.01128949449958,0.01276791166664307,0.01953675209836007,0.008494792083231381
22,23.04.2019,2019-04-23,8,2019,True,0.0145985721153259,0.014238890363896382,0.01953675209836007,0.009882696158899609
22,24.04.2019,2019-04-24,8,2019,True,0.0150616336714833,0.01352351179677882,0.01953675209836007,0.009463252739897586
22,25.04.2019,2019-04-25,8,2019,True,0.0159221094150543,0.012192569651942,0.01953675209836007,0.008757497211045366
22,26.04.2019,2019-04-26,8,2019,True,0.0148029310977614,0.01267960607397431,0.01953675209836007,0.00890501078161454
22,29.04.2019,2019-04-29,8,2019,True,0.0166854458524931,0.013292258169380705,0.01953675209836007,0.01142773985118095
22,30.04.2019,2019-04-30,8,2019,True,0.01777375831628,0.013883829674427514,0.01953675209836007,0.011417641363723127
22,01.05.2019,2019-05-01,8,2019,True,0.0202569336503353,0.01537179792338013,0.01953675209836007,0.011514629838782839
22,02.05.2019,2019-05-02,8,2019,True,0.0204268076459996,0.016156908331048395,0.01953675209836007,0.011717750499984716
22,03.05.2019,2019-05-03,8,2019,True,0.0206250842116443,0.015757105575053703,0.01953675209836007,0.012547886990545628
22,06.05.2019,2019-05-06,8,2019,True,0.0211000878526112,0.015323492724250615,0.01953675209836007,0.012515304108277584
22,07.05.2019,2019-05-07,8,2019,True,0.0219851240462602,0.016837675989682107,0.01953675209836007,0.01254448027861746
22,08.05.2019,2019-05-08,8,2019,True,0.021957624264914,0.01745918179245606,0.01953675209836007,0.013285533385104352
22,09.05.2019,2019-05-09,8,2019,True,0.021954116455309,0.016007422144181018,0.01953675209836007,0.013050432954858507
22,10.05.2019,2019-05-10,8,2019,True,0.0229039207681401,0.019280284277253812,0.01953675209836007,0.012829668046381665
22,13.05.2019,2019-05-13,8,2019,True,0.0237547395533535,0.019322120972066974,0.01953675209836007,0.012769015818531375
22,14.05.2019,2019-05-14,8,2019,True,0.0236426937135979,0.0199454403829926,0.01953675209836007,0.012318601160962263
22,15.05.2019,2019-05-15,8,2019,True,0.0235488150383417,0.01823968165772373,0.01953675209836007,0.012440239373365919
22,16.05.2019,2019-05-16,8,2019,True,0.0239038673285146,0.01728270814865998,0.01953675209836007,0.01235137336614424
22,17.05.2019,2019-05-17,8,2019,True,0.0239055174811881,0.017425278328964438,0.01953675209836007,0.012531148453277213
22,20.05.2019,2019-05-20,8,2019,True,0.0260668126294439,0.017005734632165332,0.01953675209836007,0.012514156748969722
22,21.05.2019,2019-05-21,8,2019,True,0.0262568460396797,0.015713570956631357,0.01953675209836007,0.01253347898616686
22,22.05.2019,2019-05-22,8,2019,True,0.0261208710988791,0.016853876665148874,0.01953675209836007,0.012505747519207777
22,23.05.2019,2019-05-23,8,2019,True,0.0243617170031403,0.01415448462685811,0.01953675209836007,0.011289494499579932
22,24.05.2019,2019-05-24,8,2019,True,0.024673583447862,0.017245876878656363,0.01953675209836007,0.014598572115325842
22,28.05.2019,2019-05-28,8,2019,True,0.0241930296976426,0.017718176466952455,0.01953675209836007,0.015061633671483237
22,29.05.2019,2019-05-29,8,2019,True,0.0241450349377847,0.01904373463130548,0.01953675209836007,0.015922109415054272
22,30.05.2019,2019-05-30,8,2019,True,0.0232693603039489,0.018926517385478403,0.01953675209836007,0.01480293109776136
22,31.05.2019,2019-05-31,8,2019,True,0.0236893244171332,0.020443985838572612,0.01953675209836007,0.01668544585249314
22,03.06.2019,2019-06-03,8,2019,True,0.0214462295967118,0.023261694946100378,0.01953675209836007,0.017773758316279947
22,04.06.2019,2019-06-04,8,2019,True,0.021370926535752,0.024981231187158694,0.01953675209836007,0.02025693365033534
22,05.06.2019,2019-06-05,8,2019,True,0.0207403423785823,0.026459745058257083,0.01953675209836007,0.020426807645999565
22,06.06.2019,2019-06-06,8,2019,True,0.0204882181500688,0.025993932149284533,0.01953675209836007,0.020625084211644256
22,07.06.2019,2019-06-07,8,2019,True,0.0217722298927689,0.02444267754643983,0.01953675209836007,0.021100087852611176
22,10.06.2019,2019-06-10,8,2019,True,0.02149961832745,0.023684819449012712,0.01953675209836007,0.021985124046260164
22,11.06.2019,2019-06-11,8,2019,True,0.0214892853590134,0.02381918330994201,0.01953675209836007,0.021957624264914
22,12.06.2019,2019-06-12,8,2019,True,0.0195200348878086,0.02445556587881706,0.01953675209836007,0.021954116455309012
22,13.06.2019,2019-06-13,8,2019,True,0.0206444511400737,0.025363238041457323,0.01953675209836007,0.022903920768140122
22,14.06.2019,2019-06-14,8,2019,True,0.0207163421001156,0.02296700050748286,0.01953675209836007,0.02375473955335352
22,17.06.2019,2019-06-17,8,2019,True,0.0212560101794129,0.02199683139494932,0.01953675209836007,0.02364269371359794
22,18.06.2019,2019-06-18,8,2019,True,0.0209236974550287,0.020689783995789836,0.01953675209836007,0.023548815038341726
22,19.06.2019,2019-06-19,8,2019,True,0.0210467333979372,0.021094440382209284,0.01953675209836007,0.023903867328514617
22,20.06.2019,2019-06-20,8,2019,True,0.0191072119323889,0.020045053381826352,0.01953675209836007,0.023905517481188094
22,21.06.2019,2019-06-21,8,2019,True,0.0190199516825753,0.01786860962320138,0.01953675209836007,0.026066812629443943
22,24.06.2019,2019-06-24,8,2019,True,0.0190259695897141,0.020310325257797083,0.01953675209836007,0.02625684603967972
22,25.06.2019,2019-06-25,8,2019,True,0.0190118416359866,0.02021698878019498,0.01953675209836007,0.02612087109887915
22,26.06.2019,2019-06-26,8,2019,True,0.018350331856282,0.01861369201753301,0.01953675209836007,0.024361717003140337
22,27.06.2019,2019-06-27,8,2019,True,0.0187281103830239,0.01600310930739363,0.01953675209836007,0.02467358344786202
22,28.06.2019,2019-06-28,8,2019,True,0.0188085288435424,0.016440145300856464,0.01953675209836007,0.024193029697642584
22,01.07.2019,2019-07-01,8,2019,True,0.0241276068638128,0.017938607492325113,0.01953675209836007,0.024145034937784696
22,02.07.2019,2019-07-02,8,2019,True,0.0231303752458811,0.01767436687290243,0.01953675209836007,0.02326936030394888
22,03.07.2019,2019-07-03,8,2019,True,0.023613249405091,0.017097829698825916,0.01953675209836007,0.02368932441713322
22,05.07.2019,2019-07-05,8,2019,True,0.0236427974088696,0.015680217135570114,0.01953675209836007,0.021446229596711785
22,08.07.2019,2019-07-08,8,2019,True,0.0253589715651013,0.016009290339774777,0.01953675209836007,0.021370926535751972
22,09.07.2019,2019-07-09,8,2019,True,0.0259383487226522,0.016589596495987142,0.01953675209836007,0.02074034237858228
22,10.07.2019,2019-07-10,8,2019,True,0.0242687687222322,0.016851804692826693,0.01953675209836007,0.02048821815006884
22,11.07.2019,2019-07-11,8,2019,True,0.0243102861700946,0.01743598088813514,0.01953675209836007,0.02177222989276891
22,12.07.2019,2019-07-12,8,2019,True,0.0266255539237806,0.01684306111912504,0.01953675209836007,0.021499618327449996
22,15.07.2019,2019-07-15,8,2019,True,0.0272084924331109,0.017288188642548132,0.01953675209836007,0.02148928535901336
22,16.07.2019,2019-07-16,8,2019,True,0.0267668425877826,0.017380167705718378,0.01953675209836007,0.019520034887808596
22,17.07.2019,2019-07-17,8,2019,True,0.0268381758014288,0.018572453923594318,0.01953675209836007,0.0206444511400737
22,18.07.2019,2019-07-18,8,2019,True,0.0266905524440899,0.017712155549647245,0.01953675209836007,0.020716342100115605
22,19.07.2019,2019-07-19,8,2019,True,0.0266323646553737,0.01615608661500707,0.01953675209836007,0.02125601017941291
22,22.07.2019,2019-07-22,8,2019,True,0.0264799358496472,0.019534627270164806,0.01953675209836007,0.02092369745502868
22,23.07.2019,2019-07-23,8,2019,True,0.0263738513446103,0.016805893171827603,0.01953675209836007,0.02104673339793722
22,24.07.2019,2019-07-24,8,2019,True,0.0263673098055065,0.014447085920921626,0.01953675209836007,0.01910721193238892
22,25.07.2019,2019-07-25,8,2019,True,0.0263824143143768,0.015423026627860343,0.01953675209836007,0.019019951682575312
22,26.07.2019,2019-07-26,8,2019,True,0.026622673344635,0.015438606100125098,0.01953675209836007,0.019025969589714097
22,29.07.2019,2019-07-29,8,2019,True,0.0269045042144759,0.015352606144866984,0.01953675209836007,0.019011841635986605
22,30.07.2019,2019-07-30,8,2019,True,0.0267418671115611,0.014900947013855257,0.01953675209836007,0.018350331856281998
22,31.07.2019,2019-07-31,8,2019,True,0.0267058438074856,0.015802299695164355,0.01953675209836007,0.018728110383023855
22,01.08.2019,2019-08-01,8,2019,True,0.0228663921806607,0.017922245648213982,0.01953675209836007,0.018808528843542404
22,02.08.2019,2019-08-02,8,2019,True,0.0240982005399455,0.017383739224856976,0.01953675209836007,0.024127606863812774
22,05.08.2019,2019-08-05,8,2019,True,0.0229329753878588,0.015281849295166142,0.01953675209836007,0.023130375245881078
22,06.08.2019,2019-08-06,8,2019,True,0.0227344373387302,0.013125878568316455,0.01953675209836007,0.02361324940509104
22,07.08.2019,2019-08-07,8,2019,True,0.0201037920522426,0.014470619174749105,0.01953675209836007,0.023642797408869595
22,08.08.2019,2019-08-08,8,2019,True,0.0198727582015167,0.018044804938628752,0.01953675209836007,0.02535897156510131
22,09.08.2019,2019-08-09,8,2019,True,0.0204710750127963,0.016446612281361878,0.01953675209836007,0.02593834872265224
22,12.08.2019,2019-08-12,8,2019,True,0.0205571561024952,0.014564839083952792,0.01953675209836007,0.02426876872223224
22,13.08.2019,2019-08-13,8,2019,True,0.0180394458561265,0.013918800703327423,0.01953675209836007,0.024310286170094654
22,14.08.2019,2019-08-14,8,2019,True,0.0334782657619046,0.016674793488803203,0.01953675209836007,0.026625553923780566
22,15.08.2019,2019-08-15,8,2019,True,0.0365747278929496,0.01562049491019704,0.01953675209836007,0.027208492433110937
22,16.08.2019,2019-08-16,8,2019,True,0.0368041464468161,0.01666405551482907,0.01953675209836007,0.026766842587782575
22,19.08.2019,2019-08-19,8,2019,True,0.0367096330186114,0.016637066445605937,0.01953675209836007,0.026838175801428853
22,20.08.2019,2019-08-20,8,2019,True,0.0367250569013877,0.015538895755770612,0.01953675209836007,0.026690552444089903
22,21.08.2019,2019-08-21,8,2019,True,0.0367365781752338,0.01646800122599497,0.01953675209836007,0.026632364655373726
22,22.08.2019,2019-08-22,8,2019,True,0.0372215876554215,0.016419837879153715,0.01953675209836007,0.02647993584964716
22,23.08.2019,2019-08-23,8,2019,True,0.0372476725353273,0.01587072328286703,0.01953675209836007,0.026373851344610302
22,26.08.2019,2019-08-26,8,2019,True,0.0371366169238753,0.015601191916977222,0.01953675209836007,0.02636730980550655
22,27.08.2019,2019-08-27,8,2019,True,0.0372133816636474,0.01579113490345899,0.01953675209836007,0.02638241431437678
22,28.08.2019,2019-08-28,8,2019,True,0.0373044783005081,0.01603809044174427,0.01953675209836007,0.02662267334463501
22,29.08.2019,2019-08-29,8,2019,True,0.0378394011386336,0.016211271327764266,0.01953675209836007,0.026904504214475912
22,30.08.2019,2019-08-30,8,2019,True,0.038010233870419,0.021751873768987393,0.01953675209836007,0.02674186711156114
22,03.09.2019,2019-09-03,8,2019,True,0.0372231841682419,0.02240309382749147,0.01953675209836007,0.026705843807485603
22,04.09.2019,2019-09-04,8,2019,True,0.0361724319235115,0.0190574034883141,0.01953675209836007,0.022866392180660715
22,05.09.2019,2019-09-05,8,2019,True,0.0361503602376157,0.019314202672471085,0.01953675209836007,0.024098200539945536
22,06.09.2019,2019-09-06,8,2019,True,0.0360574181398215,0.01873964249029699,0.01953675209836007,0.02293297538785883
22,09.09.2019,2019-09-09,8,2019,True,0.035810128701943,0.019075183185720296,0.01953675209836007,0.02273443733873021
22,10.09.2019,2019-09-10,8,2019,True,0.0359822880950648,0.01694643491905781,0.01953675209836007,0.020103792052242636
22,11.09.2019,2019-09-11,8,2019,True,0.0360071904059839,0.01632192332534202,0.01953675209836007,0.019872758201516728
22,12.09.2019,2019-09-12,8,2019,True,0.0362128924926831,0.017956940413281015,0.01953675209836007,0.020471075012796304
22,13.09.2019,2019-09-13,8,2019,True,0.0362687379920925,0.018766175073547758,0.01953675209836007,0.02055715610249521
22,16.09.2019,2019-09-16,8,2019,True,0.0197149171482064,0.01784125213334939,0.01953675209836007,0.01803944585612654
22,17.09.2019,2019-09-17,8,2019,True,0.0146598826451485,0.023243738285127345,0.01953675209836007,0.03347826576190461
22,18.09.2019,2019-09-18,8,2019,True,0.0144809165254845,0.022658544654957556,0.01953675209836007,0.03657472789294958
22,19.09.2019,2019-09-19,8,2019,True,0.0140810822064652,0.02036588928993314,0.01953675209836007,0.03680414644681615
22,20.09.2019,2019-09-20,8,2019,True,0.0145104185290833,0.022302135437972652,0.01953675209836007,0.03670963301861137
22,23.09.2019,2019-09-23,8,2019,True,0.0155154724754435,0.019087193783265212,0.01953675209836007,0.036725056901387734
22,24.09.2019,2019-09-24,8,2019,True,0.0147422521854018,0.021029765934435434,0.01953675209836007,0.03673657817523382
22,25.09.2019,2019-09-25,8,2019,True,0.014622671791748,0.021986511197272938,0.01953675209836007,0.037221587655421495
22,26.09.2019,2019-09-26,8,2019,True,0.0146344485270958,0.02180269336850389,0.01953675209836007,0.03724767253532733
22,27.09.2019,2019-09-27,8,2019,True,0.014367862142307,0.02227319888034133,0.01953675209836007,0.03713661692387533
22,30.09.2019,2019-09-30,8,2019,True,0.0142326699819119,0.026195223909126396,0.01953675209836007,0.03721338166364739
22,01.10.2019,2019-10-01,8,2019,True,0.0124841882472798,0.02897705058964479,0.01953675209836007,0.03730447830050811
22,02.10.2019,2019-10-02,8,2019,True,0.0124240671467985,0.028132189413323804,0.01953675209836007,0.0378394011386336
22,03.10.2019,2019-10-03,8,2019,True,0.0124376909547153,0.02917028242051886,0.01953675209836007,0.03801023387041901
22,04.10.2019,2019-10-04,8,2019,True,0.012502401568489,0.02834171409412177,0.01953675209836007,0.03722318416824187
22,07.10.2019,2019-10-07,8,2019,True,0.0134177920994218,0.025302390625442348,0.01953675209836007,0.03617243192351155
22,08.10.2019,2019-10-08,8,2019,True,0.0134437082692521,0.024435781799967828,0.01953675209836007,0.03615036023761571
22,09.10.2019,2019-10-09,8,2019,True,0.0134387074015018,0.025392354891698842,0.01953675209836007,0.03605741813982149
22,10.10.2019,2019-10-10,8,2019,True,0.0133551755468653,0.021199952917909996,0.01953675209836007,0.035810128701943056
22,11.10.2019,2019-10-11,8,2019,True,0.0125007281879386,0.02357667196977335,0.01953675209836007,0.03598228809506479
22,14.10.2019,2019-10-14,8,2019,True,0.0116473842820173,0.023095996295409864,0.01953675209836007,0.036007190405983915
22,15.10.2019,2019-10-15,8,2019,True,0.0113401031943577,0.038973610278492214,0.01953675209836007,0.036212892492683085
22,16.10.2019,2019-10-16,8,2019,True,0.0115588954757002,0.04929288446658769,0.01953675209836007,0.03626873799209253
22,17.10.2019,2019-10-17,8,2019,True,0.0120110011559921,0.02556904993506299,0.01953675209836007,0.01971491714820641
22,18.10.2019,2019-10-18,8,2019,True,0.0131429111131125,0.017741038008891662,0.01953675209836007,0.01465988264514848
22,21.10.2019,2019-10-21,8,2019,True,0.0138578978532596,0.01848161676291394,0.01953675209836007,0.01448091652548448
22,22.10.2019,2019-10-22,8,2019,True,0.0145143684969379,0.017732261409199118,0.01953675209836007,0.014081082206465092
22,23.10.2019,2019-10-23,8,2019,True,0.0139291142044223,0.019041386926103118,0.01953675209836007,0.014510418529083252
22,24.10.2019,2019-10-24,8,2019,True,0.013865477193288,0.02140343385397034,0.01953675209836007,0.01551547247544343
22,25.10.2019,2019-10-25,8,2019,True,0.0139504015049045,0.01915472008097506,0.01953675209836007,0.014742252185401707
22,28.10.2019,2019-10-28,8,2019,True,0.0138544286985189,0.018217642967134715,0.01953675209836007,0.01462267179174792
22,29.10.2019,2019-10-29,8,2019,True,0.0150525331370444,0.018749734709074175,0.01953675209836007,0.014634448527095742
22,30.10.2019,2019-10-30,8,2019,True,0.0155953752123728,0.020446522587456054,0.01953675209836007,0.014367862142306984
22,31.10.2019,2019-10-31,8,2019,True,0.0155341971826202,0.02093798582215913,0.01953675209836007,0.014232669981911883
22,01.11.2019,2019-11-01,8,2019,True,0.016501505515491,0.0181335139264238,0.01953675209836007,0.01248418824727969
22,04.11.2019,2019-11-04,8,2019,True,0.0164860913990641,0.016807592166354995,0.01953675209836007,0.012424067146798442
22,05.11.2019,2019-11-05,8,2019,True,0.0165786633750559,0.017187665301998736,0.01953675209836007,0.01243769095471519
22,06.11.2019,2019-11-06,8,2019,True,0.0159530380984494,0.016622650325674875,0.01953675209836007,0.012502401568488884
22,07.11.2019,2019-11-07,8,2019,True,0.0158749772478194,0.01675752449001291,0.01953675209836007,0.01341779209942178
22,08.11.2019,2019-11-08,8,2019,True,0.0160424947528066,0.017408550316357945,0.01953675209836007,0.013443708269252041
22,11.11.2019,2019-11-11,8,2019,True,0.0160403469142644,0.01786966541203338,0.01953675209836007,0.013438707401501703
22,12.11.2019,2019-11-12,8,2019,True,0.0163040014283317,0.018052282435917444,0.01953675209836007,0.013355175546865236
22,13.11.2019,2019-11-13,8,2019,True,0.0162927522415059,0.01705392848316929,0.01953675209836007,0.012500728187938478
22,14.11.2019,2019-11-14,8,2019,True,0.0163931943234422,0.015955257292598227,0.01953675209836007,0.011647384282017231
22,15.11.2019,2019-11-15,8,2019,True,0.0161132823420251,0.016414691118033432,0.01953675209836007,0.011340103194357654
22,18.11.2019,2019-11-18,8,2019,True,0.0157387808500318,0.01594319277735727,0.01953675209836007,0.011558895475700081
22,19.11.2019,2019-11-19,8,2019,True,0.0146355322720192,0.015596530575867304,0.01953675209836007,0.012011001155991971
22,20.11.2019,2019-11-20,8,2019,True,0.0139081108481313,0.016722741132988553,0.01953675209836007,0.013142911113112454
22,21.11.2019,2019-11-21,8,2019,True,0.013194629227228,0.016245187178240177,0.01953675209836007,0.013857897853259506
22,22.11.2019,2019-11-22,8,2019,True,0.0130574081525504,0.017203422355850387,0.01953675209836007,0.014514368496937808
22,25.11.2019,2019-11-25,8,2019,True,0.0130559931155055,0.016947238834691087,0.01953675209836007,0.013929114204422232
22,26.11.2019,2019-11-26,8,2019,True,0.0129759324201012,0.016781414712509726,0.01953675209836007,0.013865477193287925
22,27.11.2019,2019-11-27,8,2019,True,0.0154028818363653,0.017516291753734665,0.01953675209836007,0.013950401504904389
22,29.11.2019,2019-11-29,8,2019,True,0.0141629058302357,0.01664042702476415,0.01953675209836007,0.013854428698518854
22,02.12.2019,2019-12-02,8,2019,True,0.0143881902540877,0.01444743573479657,0.01953675209836007,0.015052533137044391
22,03.12.2019,2019-12-03,8,2019,True,0.0143043977071671,0.014127683108461181,0.01953675209836007,0.015595375212372744
22,04.12.2019,2019-12-04,8,2019,True,0.0130189752612926,0.013784701698268202,0.01953675209836007,0.01553419718262016
22,05.12.2019,2019-12-05,8,2019,True,0.0162729460569224,0.014391671055458822,0.01953675209836007,0.01650150551549095
22,06.12.2019,2019-12-06,8,2019,True,0.0159654564840718,0.013547014963826026,0.01953675209836007,0.016486091399064054
22,09.12.2019,2019-12-09,8,2019,True,0.016018516802522,0.014239694787290562,0.01953675209836007,0.01657866337505584
22,10.12.2019,2019-12-10,8,2019,True,0.0162391609493349,0.013945674055541793,0.01953675209836007,0.01595303809844936
22,11.12.2019,2019-12-11,8,2019,True,0.01612175098929,0.012628730496088146,0.01953675209836007,0.015874977247819347
22,12.12.2019,2019-12-12,8,2019,True,0.016133513918163,0.013187921745848086,0.01953675209836007,0.016042494752806533
22,13.12.2019,2019-12-13,8,2019,True,0.0158971843876774,0.012900168905191897,0.01953675209836007,0.016040346914264314
22,16.12.2019,2019-12-16,8,2019,True,0.0159129792952334,0.013078160662062561,0.01953675209836007,0.016304001428331695
22,17.12.2019,2019-12-17,8,2019,True,0.0157031794165358,0.01300701343692704,0.01953675209836007,0.016292752241505854
22,18.12.2019,2019-12-18,8,2019,True,0.0162901850810411,0.013337128729193404,0.01953675209836007,0.016393194323442165
22,19.12.2019,2019-12-19,8,2019,True,0.0165659723181171,0.013883728165235174,0.01953675209836007,0.016113282342025064
22,20.12.2019,2019-12-20,8,2019,True,0.0170398161977378,0.013179347687254052,0.01953675209836007,0.01573878085003172
22,23.12.2019,2019-12-23,8,2019,True,0.0174087851350005,0.012923770173239776,0.01953675209836007,0.014635532272019098
22,24.12.2019,2019-12-24,8,2019,True,0.0170887398341578,0.012216535951024524,0.01953675209836007,0.013908110848131245
22,26.12.2019,2019-12-26,8,2019,True,0.0168757456262941,0.011744797464625364,0.01953675209836007,0.013194629227227929
22,27.12.2019,2019-12-27,8,2019,True,0.0172565206128428,0.011718888893916134,0.01953675209836007,0.013057408152550335
22,30.12.2019,2019-12-30,8,2019,True,0.0171128529006658,0.011412013620446061,0.01953675209836007,0.01305599311550541
22,31.12.2019,2019-12-31,8,2019,True,0.020352521233539,0.013480223084799013,0.01953675209836007,0.012975932420101175
22,02.01.2020,2020-01-02,9,2020,True,0.0201594484825342,0.014288927300023232,0.019544399663157522,0.015402881836365264
22,03.01.2020,2020-01-03,9,2020,True,0.0191472655862914,0.013292451692389943,0.019544399663157522,0.01416290583023563
22,06.01.2020,2020-01-06,9,2020,True,0.0188988326609054,0.013305963057774024,0.019544399663157522,0.014388190254087678
22,07.01.2020,2020-01-07,9,2020,True,0.0189021181824596,0.012355378058477964,0.019544399663157522,0.014304397707167044
22,08.01.2020,2020-01-08,9,2020,True,0.0177287431209665,0.011361246570227747,0.019544399663157522,0.013018975261292583
22,09.01.2020,2020-01-09,9,2020,True,0.0183324944513361,0.011752159278478563,0.019544399663157522,0.016272946056922397
22,10.01.2020,2020-01-10,9,2020,True,0.0203221564471006,0.011780368217266534,0.019544399663157522,0.01596545648407173
22,13.01.2020,2020-01-13,9,2020,True,0.0205921996353541,0.012293080921441204,0.019544399663157522,0.016018516802521948
22,14.01.2020,2020-01-14,9,2020,True,0.0210732734223961,0.013949237399605676,0.019544399663157522,0.016239160949334815
22,15.01.2020,2020-01-15,9,2020,True,0.0212410863348049,0.013331665029993996,0.019544399663157522,0.01612175098929
22,16.01.2020,2020-01-16,9,2020,True,0.0218783680883313,0.015394174413097744,0.019544399663157522,0.016133513918162982
22,17.01.2020,2020-01-17,9,2020,True,0.0218727996891886,0.014638521096370396,0.019544399663157522,0.015897184387677326
22,21.01.2020,2020-01-21,9,2020,True,0.0219701486269142,0.013181441588584624,0.019544399663157522,0.015912979295233397
22,22.01.2020,2020-01-22,9,2020,True,0.0228618698994837,0.013341446771879746,0.019544399663157522,0.015703179416535713
22,23.01.2020,2020-01-23,9,2020,True,0.0230483488210118,0.01515762058803138,0.019544399663157522,0.016290185081041023
22,24.01.2020,2020-01-24,9,2020,True,0.0232892690085738,0.01575769914453665,0.019544399663157522,0.016565972318117076
22,27.01.2020,2020-01-27,9,2020,True,0.023319232640432,0.016820806037422732,0.019544399663157522,0.01703981619773772
22,28.01.2020,2020-01-28,9,2020,True,0.0238875674823554,0.024378306735331187,0.019544399663157522,0.01740878513500046
22,29.01.2020,2020-01-29,9,2020,True,0.0248696165462137,0.021674450291108437,0.019544399663157522,0.0170887398341578
22,30.01.2020,2020-01-30,9,2020,True,0.0245143913905472,0.018686379072484275,0.019544399663157522,0.01687574562629403
22,31.01.2020,2020-01-31,9,2020,True,0.0245751070890277,0.021437280366471932,0.019544399663157522,0.017256520612842732
22,03.02.2020,2020-02-03,9,2020,True,0.021008733059868,0.02302197130904175,0.019544399663157522,0.017112852900665738
22,04.02.2020,2020-02-04,9,2020,True,0.0292393565154729,0.027284789194368657,0.019544399663157522,0.020352521233538992
22,05.02.2020,2020-02-05,9,2020,True,0.0634455238632774,0.02343719057505552,0.019544399663157522,0.020159448482534138
22,06.02.2020,2020-02-06,9,2020,True,0.0670026585473258,0.020913632591210873,0.019544399663157522,0.019147265586291325
22,07.02.2020,2020-02-07,9,2020,True,0.0671206989281014,0.019687432258175912,0.019544399663157522,0.01889883266090542
22,10.02.2020,2020-02-10,9,2020,True,0.0681548768772577,0.020662979301061396,0.019544399663157522,0.01890211818245958
22,11.02.2020,2020-02-11,9,2020,True,0.0682860149113869,0.019892824477325415,0.019544399663157522,0.017728743120966464
22,12.02.2020,2020-02-12,9,2020,True,0.070228170732519,0.019021410167551128,0.019544399663157522,0.01833249445133612
22,13.02.2020,2020-02-13,9,2020,True,0.0697884124720703,0.017973657891034948,0.019544399663157522,0.02032215644710059
22,14.02.2020,2020-02-14,9,2020,True,0.0729114575490464,0.018867428430024966,0.019544399663157522,0.020592199635354098
22,18.02.2020,2020-02-18,9,2020,True,0.0812614619739943,0.01881278478267926,0.019544399663157522,0.02107327342239612
22,19.02.2020,2020-02-19,9,2020,True,0.0804088027404394,0.015717501384266197,0.019544399663157522,0.021241086334804902
22,20.02.2020,2020-02-20,9,2020,True,0.0803780798644355,0.017328646775387615,0.019544399663157522,0.021878368088331313
22,21.02.2020,2020-02-21,9,2020,True,0.0807074893615169,0.01710418920063395,0.019544399663157522,0.021872799689188607
22,24.02.2020,2020-02-24,9,2020,True,0.0812357075456992,0.017313871487520945,0.019544399663157522,0.02197014862691414
22,25.02.2020,2020-02-25,9,2020,True,0.0812234806912673,0.020483408919321943,0.019544399663157522,0.022861869899483675
22,26.02.2020,2020-02-26,9,2020,True,0.0813419133114324,0.021120136172396282,0.019544399663157522,0.02304834882101176
22,27.02.2020,2020-02-27,9,2020,True,0.0821736274857786,0.020792765640848844,0.019544399663157522,0.023289269008573765
22,28.02.2020,2020-02-28,9,2020,True,0.0825444831201837,0.019946238091975148,0.019544399663157522,0.023319232640431987
22,02.03.2020,2020-03-02,9,2020,True,0.0854893343102728,0.02170631907787519,0.019544399663157522,0.023887567482355335
22,03.03.2020,2020-03-03,9,2020,True,0.0978591731123543,0.023005136774046517,0.019544399663157522,0.02486961654621364
22,04.03.2020,2020-03-04,9,2020,True,0.103320292871182,0.02689275207813232,0.019544399663157522,0.02451439139054716
22,05.03.2020,2020-03-05,9,2020,True,0.1033554369777209,0.027107762137951436,0.019544399663157522,0.02457510708902766
22,06.03.2020,2020-03-06,9,2020,True,0.1018866234050266,0.023938362352813883,0.019544399663157522,0.021008733059868005
22,09.03.2020,2020-03-09,9,2020,True,0.0840535435821956,0.03237645142493508,0.019544399663157522,0.029239356515472943
22,10.03.2020,2020-03-10,9,2020,True,0.0823983277188791,0.04479906887772134,0.019544399663157522,0.06344552386327745
22,11.03.2020,2020-03-11,9,2020,True,0.0821530474590281,0.04602843664203662,0.019544399663157522,0.06700265854732582
22,12.03.2020,2020-03-12,9,2020,True,0.081970332051463,0.04558984654197878,0.019544399663157522,0.06712069892810141
22,13.03.2020,2020-03-13,9,2020,True,0.0827990372560091,0.049381328212741556,0.019544399663157522,0.06815487687725773
22,16.03.2020,2020-03-16,9,2020,True,0.0790948190052127,0.04680168451308652,0.019544399663157522,0.06828601491138689
22,17.03.2020,2020-03-17,9,2020,True,0.0785859872467007,0.05775409279707611,0.019544399663157522,0.07022817073251907
22,18.03.2020,2020-03-18,9,2020,True,0.0748802095918047,0.056387416952539064,0.019544399663157522,0.06978841247207038
22,19.03.2020,2020-03-19,9,2020,True,0.0902553436882754,0.0563100579135336,0.019544399663157522,0.0729114575490464
22,20.03.2020,2020-03-20,9,2020,True,0.0910645340726575,0.06635915806421942,0.019544399663157522,0.0812614619739943
22,23.03.2020,2020-03-23,9,2020,True,0.0918864357389213,0.06415707348606402,0.019544399663157522,0.08040880274043943
22,24.03.2020,2020-03-24,9,2020,True,0.0918921855803592,0.0612651017399711,0.019544399663157522,0.08037807986443558
22,25.03.2020,2020-03-25,9,2020,True,0.0926281279749701,0.05868091100067008,0.019544399663157522,0.08070748936151698
22,26.03.2020,2020-03-26,9,2020,True,0.0927873807205363,0.05729469502378773,0.019544399663157522,0.08123570754569921
22,27.03.2020,2020-03-27,9,2020,True,0.0950152171231996,0.056759561168380185,0.019544399663157522,0.08122348069126735
22,30.03.2020,2020-03-30,9,2020,True,0.0961960321188808,0.05818710636108865,0.019544399663157522,0.08134191331143242
22,31.03.2020,2020-03-31,9,2020,True,0.0965695773953749,0.05938560710653101,0.019544399663157522,0.08217362748577861
22,01.04.2020,2020-04-01,9,2020,True,0.0951593153950062,0.06111146433685907,0.019544399663157522,0.08254448312018375
22,02.04.2020,2020-04-02,9,2020,True,0.0902302561677582,0.06001810056624144,0.019544399663157522,0.08548933431027288
22,03.04.2020,2020-04-03,9,2020,True,0.0858723169050989,0.06753914372713016,0.019544399663157522,0.09785917311235436
22,06.04.2020,2020-04-06,9,2020,True,0.0856897779210983,0.07136543188680146,0.019544399663157522,0.10332029287118205
22,07.04.2020,2020-04-07,9,2020,True,0.0861720271995115,0.0697151323211444,0.019544399663157522,0.10335543697772093
22,08.04.2020,2020-04-08,9,2020,True,0.0863414805394598,0.06828839177492597,0.019544399663157522,0.10188662340502665
22,09.04.2020,2020-04-09,9,2020,True,0.0859882310024772,0.05695566528406673,0.019544399663157522,0.08405354358219563
22,13.04.2020,2020-04-13,9,2020,True,0.0861085881792664,0.05623121595085208,0.019544399663157522,0.08239832771887914
22,14.04.2020,2020-04-14,9,2020,True,0.0859622620871104,0.05705839835972197,0.019544399663157522,0.08215304745902811
22,15.04.2020,2020-04-15,9,2020,True,0.0849466641518058,0.05646992800419844,0.019544399663157522,0.081970332051463
22,16.04.2020,2020-04-16,9,2020,True,0.0859429115578256,0.057868245843226446,0.019544399663157522,0.08279903725600918
22,17.04.2020,2020-04-17,9,2020,True,0.0860008845248732,0.05872519760082984,0.019544399663157522,0.07909481900521277
22,20.04.2020,2020-04-20,9,2020,True,0.082931956792749,0.05908801355612139,0.019544399663157522,0.07858598724670078
22,21.04.2020,2020-04-21,9,2020,True,0.0505555030378954,0.05739038253822873,0.019544399663157522,0.07488020959180477
22,22.04.2020,2020-04-22,9,2020,True,0.0515385865872432,0.07355724414872705,0.019544399663157522,0.09025534368827547
22,23.04.2020,2020-04-23,9,2020,True,0.0513319659438573,0.06775716057671291,0.019544399663157522,0.09106453407265759
22,24.04.2020,2020-04-24,9,2020,True,0.0530160271972805,0.06127620315513055,0.019544399663157522,0.09188643573892132
22,27.04.2020,2020-04-27,9,2020,True,0.048927542162479,0.05874765910362237,0.019544399663157522,0.09189218558035928
22,28.04.2020,2020-04-28,9,2020,True,0.0492095776104898,0.06367893942279328,0.019544399663157522,0.09262812797497012
22,29.04.2020,2020-04-29,9,2020,True,0.048226493449899,0.07442778907881951,0.019544399663157522,0.09278738072053634
22,30.04.2020,2020-04-30,9,2020,True,0.0438944268749371,0.07577616045563858,0.019544399663157522,0.09501521712319967
22,01.05.2020,2020-05-01,9,2020,True,0.0436385863413856,0.0735244495921751,0.019544399663157522,0.09619603211888081
22,04.05.2020,2020-05-04,9,2020,True,0.0436735055766186,0.0725347395757676,0.019544399663157522,0.09656957739537489
22,05.05.2020,2020-05-05,9,2020,True,0.0369644575803636,0.07506080595802907,0.019544399663157522,0.09515931539500626
22,06.05.2020,2020-05-06,9,2020,True,0.0366154248773252,0.06949388709737009,0.019544399663157522,0.09023025616775825
22,07.05.2020,2020-05-07,9,2020,True,0.036271617464148,0.06597542441493352,0.019544399663157522,0.08587231690509892
22,08.05.2020,2020-05-08,9,2020,True,0.0354309408040679,0.06653161976799928,0.019544399663157522,0.0856897779210983
22,11.05.2020,2020-05-11,9,2020,True,0.0387806276301856,0.0673983699215896,0.019544399663157522,0.08617202719951157
22,12.05.2020,2020-05-12,9,2020,True,0.0388119365853471,0.06667467090623656,0.019544399663157522,0.08634148053945986
22,13.05.2020,2020-05-13,9,2020,True,0.0379383682531359,0.0647043856471506,0.019544399663157522,0.0859882310024772
22,14.05.2020,2020-05-14,9,2020,True,0.0364626629144614,0.0708425024363477,0.019544399663157522,0.08610858817926643
22,15.05.2020,2020-05-15,9,2020,True,0.0360025502664081,0.06750416244077645,0.019544399663157522,0.0859622620871105
22,18.05.2020,2020-05-18,9,2020,True,0.0336517039038013,0.06816869121200612,0.019544399663157522,0.08494666415180585
22,19.05.2020,2020-05-19,9,2020,True,0.0335732756309889,0.06714844742679293,0.019544399663157522,0.08594291155782563
22,20.05.2020,2020-05-20,9,2020,True,0.0333169299399149,0.06602827307552186,0.019544399663157522,0.08600088452487323
22,21.05.2020,2020-05-21,9,2020,True,0.0335615166240089,0.06433126573472166,0.019544399663157522,0.082931956792749
22,22.05.2020,2020-05-22,9,2020,True,0.035534008438189,0.0392228300219725,0.019544399663157522,0.050555503037895494
22,26.05.2020,2020-05-26,9,2020,True,0.0352728152281083,0.03395921514959667,0.019544399663157522,0.05153858658724329
22,27.05.2020,2020-05-27,9,2020,True,0.0337878252545693,0.03415281585567569,0.019544399663157522,0.051331965943857354
22,28.05.2020,2020-05-28,9,2020,True,0.0337996460829025,0.036839777439953765,0.019544399663157522,0.05301602719728061
22,29.05.2020,2020-05-29,9,2020,True,0.0340762481172458,0.03732675167237574,0.019544399663157522,0.0489275421624791
22,01.06.2020,2020-06-01,9,2020,True,0.0300013458524025,0.033473048891967165,0.019544399663157522,0.04920957761048987
22,02.06.2020,2020-06-02,9,2020,True,0.0297608268359092,0.03150520337730116,0.019544399663157522,0.048226493449899044
22,03.06.2020,2020-06-03,9,2020,True,0.0297760548563926,0.029671703734935426,0.019544399663157522,0.0438944268749372
22,04.06.2020,2020-06-04,9,2020,True,0.0297868525887349,0.02853114751385256,0.019544399663157522,0.04363858634138564
22,05.06.2020,2020-06-05,9,2020,True,0.0273685927577875,0.03284049407663798,0.019544399663157522,0.04367350557661866
22,08.06.2020,2020-06-08,9,2020,True,0.0266094744911702,0.026257022990600922,0.019544399663157522,0.03696445758036369
22,09.06.2020,2020-06-09,9,2020,True,0.0268778823069317,0.02757599447967488,0.019544399663157522,0.03661542487732529
22,10.06.2020,2020-06-10,9,2020,True,0.0269253833779353,0.027468985206597428,0.019544399663157522,0.0362716174641481
22,11.06.2020,2020-06-11,9,2020,True,0.0200769538104773,0.026554249649652147,0.019544399663157522,0.035430940804067904
22,12.06.2020,2020-06-12,9,2020,True,0.0203527679227376,0.027452914463073762,0.019544399663157522,0.038780627630185624
22,15.06.2020,2020-06-15,9,2020,True,0.0201054199178402,0.027795820204906035,0.019544399663157522,0.03881193658534715
22,16.06.2020,2020-06-16,9,2020,True,0.0192738746934107,0.025369542113742503,0.019544399663157522,0.03793836825313596
22,17.06.2020,2020-06-17,9,2020,True,0.0191808746197163,0.02502592005206703,0.019544399663157522,0.03646266291446144
22,18.06.2020,2020-06-18,9,2020,True,0.0193790211820398,0.025526204824926645,0.019544399663157522,0.036002550266408154
22,19.06.2020,2020-06-19,9,2020,True,0.0191618112391574,0.022904143552463445,0.019544399663157522,0.033651703903801344
22,22.06.2020,2020-06-22,9,2020,True,0.0193729101605313,0.02249155580777695,0.019544399663157522,0.03357327563098891
22,23.06.2020,2020-06-23,9,2020,True,0.0192237523462262,0.022077459290779183,0.019544399663157522,0.03331692993991494
22,24.06.2020,2020-06-24,9,2020,True,0.0144662588313296,0.022729992157662787,0.019544399663157522,0.03356151662400898
22,25.06.2020,2020-06-25,9,2020,True,0.014162235479758,0.023462903027380397,0.019544399663157522,0.03553400843818908
22,26.06.2020,2020-06-26,9,2020,True,0.0142959843726751,0.02412359548361997,0.019544399663157522,0.03527281522810831
22,29.06.2020,2020-06-29,9,2020,True,0.014659897015872,0.025156686680970597,0.019544399663157522,0.033787825254569324
22,30.06.2020,2020-06-30,9,2020,True,0.0143438337809187,0.026213263403899355,0.019544399663157522,0.03379964608290259
22,01.07.2020,2020-07-01,9,2020,True,0.0142405836997366,0.02713749770251407,0.019544399663157522,0.03407624811724587
22,02.07.2020,2020-07-02,9,2020,True,0.0132553076829205,0.02333541588393293,0.019544399663157522,0.03000134585240257
22,06.07.2020,2020-07-06,9,2020,True,0.0136297858095206,0.022739889912124837,0.019544399663157522,0.029760826835909242
22,07.07.2020,2020-07-07,9,2020,True,0.0136445028647248,0.023138486728388242,0.019544399663157522,0.029776054856392658
22,08.07.2020,2020-07-08,9,2020,True,0.0141238887701333,0.025947932966124698,0.019544399663157522,0.029786852588735
22,09.07.2020,2020-07-09,9,2020,True,0.0133530764813423,0.023267663317543735,0.019544399663157522,0.02736859275778756
22,10.07.2020,2020-07-10,9,2020,True,0.0130210480425253,0.022686904307519008,0.019544399663157522,0.026609474491170248
22,13.07.2020,2020-07-13,9,2020,True,0.0132870816795932,0.02782315389885634,0.019544399663157522,0.02687788230693179
22,14.07.2020,2020-07-14,9,2020,True,0.0135750314533766,0.02702790618868945,0.019544399663157522,0.026925383377935316
22,15.07.2020,2020-07-15,9,2020,True,0.0129786339879405,0.020636403963607976,0.019544399663157522,0.02007695381047734
22,16.07.2020,2020-07-16,9,2020,True,0.012975349878644,0.020069754421584204,0.019544399663157522,0.020352767922737623
22,17.07.2020,2020-07-17,9,2020,True,0.0128709173993267,0.02141861277416215,0.019544399663157522,0.020105419917840303
22,20.07.2020,2020-07-20,9,2020,True,0.0129024306810692,0.019356598380637732,0.019544399663157522,0.019273874693410773
22,21.07.2020,2020-07-21,9,2020,True,0.0122161664872756,0.020602106882924263,0.019544399663157522,0.01918087461971635
22,22.07.2020,2020-07-22,9,2020,True,0.0125223244539369,0.01781214174377719,0.019544399663157522,0.019379021182039845
22,23.07.2020,2020-07-23,9,2020,True,0.0119907731507607,0.018605368633395424,0.019544399663157522,0.019161811239157462
22,24.07.2020,2020-07-24,9,2020,True,0.0123600297110652,0.019687135941764973,0.019544399663157522,0.019372910160531397
22,27.07.2020,2020-07-27,9,2020,True,0.0124591157750428,0.020436821157906137,0.019544399663157522,0.019223752346226246
22,28.07.2020,2020-07-28,9,2020,True,0.0127617130899857,0.014507797162417478,0.019544399663157522,0.014466258831329622
22,29.07.2020,2020-07-29,9,2020,True,0.0125639335291377,0.014929116946452001,0.019544399663157522,0.01416223547975803
22,30.07.2020,2020-07-30,9,2020,True,0.01175664283759,0.014680228422290326,0.019544399663157522,0.014295984372675187
22,31.07.2020,2020-07-31,9,2020,True,0.0117205082176177,0.015394285749161999,0.019544399663157522,0.014659897015872055
22,03.08.2020,2020-08-03,9,2020,True,0.012493323858637,0.01459095629391733,0.019544399663157522,0.014343833780918781
22,04.08.2020,2020-08-04,9,2020,True,0.0125409342995381,0.01570717432680595,0.019544399663157522,0.014240583699736712
22,05.08.2020,2020-08-05,9,2020,True,0.0137004594735606,0.015415927411367866,0.019544399663157522,0.01325530768292058
22,06.08.2020,2020-08-06,9,2020,True,0.0198317225718463,0.014683391977233715,0.019544399663157522,0.013629785809520678
22,07.08.2020,2020-08-07,9,2020,True,0.0207442354601808,0.017300767782934077,0.019544399663157522,0.013644502864724874
22,10.08.2020,2020-08-10,9,2020,True,0.0205903789630055,0.017973709728988325,0.019544399663157522,0.014123888770133406
22,11.08.2020,2020-08-11,9,2020,True,0.0205519467135959,0.016379790032358926,0.019544399663157522,0.013353076481342372
22,12.08.2020,2020-08-12,9,2020,True,0.0197331665837234,0.016449110493025467,0.019544399663157522,0.013021048042525412
22,13.08.2020,2020-08-13,9,2020,True,0.0206577319461093,0.01793701887553963,0.019544399663157522,0.013287081679593266
22,14.08.2020,2020-08-14,9,2020,True,0.0228315844665511,0.018987487101414506,0.019544399663157522,0.013575031453376712
22,17.08.2020,2020-08-17,9,2020,True,0.0233868580027824,0.019123065842665637,0.019544399663157522,0.01297863398794059
22,18.08.2020,2020-08-18,9,2020,True,0.0233701747453286,0.01843983300608585,0.019544399663157522,0.012975349878644087
22,19.08.2020,2020-08-19,9,2020,True,0.0247377450943457,0.01921112778004201,0.019544399663157522,0.012870917399326807
22,20.08.2020,2020-08-20,9,2020,True,0.0248000218692013,0.01874858618437675,0.019544399663157522,0.012902430681069216
22,21.08.2020,2020-08-21,9,2020,True,0.024734187355445,0.019047961445819,0.019544399663157522,0.012216166487275663
22,24.08.2020,2020-08-24,9,2020,True,0.0243769218510581,0.019063198832099743,0.019544399663157522,0.01252232445393699
22,25.08.2020,2020-08-25,9,2020,True,0.0240031231336252,0.015610684997263945,0.019544399663157522,0.011990773150760801
22,26.08.2020,2020-08-26,9,2020,True,0.0242480200169169,0.018617516061532183,0.019544399663157522,0.012360029711065233
22,27.08.2020,2020-08-27,9,2020,True,0.025036274530892,0.018280924142002,0.019544399663157522,0.012459115775042912
22,28.08.2020,2020-08-28,9,2020,True,0.0250304174222648,0.01964471760138471,0.019544399663157522,0.012761713089985808
22,31.08.2020,2020-08-31,9,2020,True,0.0249584747478878,0.017142810898249105,0.019544399663157522,0.012563933529137808
22,01.09.2020,2020-09-01,9,2020,True,0.0260095592006178,0.017100636378815523,0.019544399663157522,0.011756642837590018
22,02.09.2020,2020-09-02,9,2020,True,0.0283132656831922,0.017876725625011265,0.019544399663157522,0.011720508217617763
22,03.09.2020,2020-09-03,9,2020,True,0.0292883123633055,0.01956786764549569,0.019544399663157522,0.012493323858637093
22,04.09.2020,2020-09-04,9,2020,True,0.0286498686282079,0.02184000743388758,0.019544399663157522,0.01254093429953812
22,08.09.2020,2020-09-08,9,2020,True,0.0249096360460226,0.021204270373231228,0.019544399663157522,0.013700459473560685
22,09.09.2020,2020-09-09,9,2020,True,0.024644644865245,0.03249422965972088,0.019544399663157522,0.019831722571846302
22,10.09.2020,2020-09-10,9,2020,True,0.0250504641200112,0.029542924981020974,0.019544399663157522,0.020744235460180862
22,11.09.2020,2020-09-11,9,2020,True,0.025200374312987,0.02948743135311238,0.019544399663157522,0.020590378963005546
22,14.09.2020,2020-09-14,9,2020,True,0.0253895822670982,0.02761469881015755,0.019544399663157522,0.02055194671359596
22,15.09.2020,2020-09-15,9,2020,True,0.0250793379566294,0.027271360292466088,0.019544399663157522,0.01973316658372343
22,16.09.2020,2020-09-16,9,2020,True,0.0236393161960064,0.02650091235439998,0.019544399663157522,0.02065773194610939
22,17.09.2020,2020-09-17,9,2020,True,0.0230433797590657,0.02705093814217649,0.019544399663157522,0.0228315844665512
22,18.09.2020,2020-09-18,9,2020,True,0.0232059212985284,0.02163056201006654,0.019544399663157522,0.02338685800278248
22,21.09.2020,2020-09-21,9,2020,True,0.0226850244390429,0.02043088760868475,0.019544399663157522,0.02337017474532869
22,22.09.2020,2020-09-22,9,2020,True,0.0229392353716612,0.022543532258003457,0.019544399663157522,0.024737745094345794
22,23.09.2020,2020-09-23,9,2020,True,0.0232291198048029,0.020657847739628248,0.019544399663157522,0.02480002186920139
22,24.09.2020,2020-09-24,9,2020,True,0.0241735976079917,0.024910330479361077,0.019544399663157522,0.024734187355445053
22,25.09.2020,2020-09-25,9,2020,True,0.0245385146638412,0.02444441848027652,0.019544399663157522,0.024376921851058116
22,28.09.2020,2020-09-28,9,2020,True,0.0266334570415214,0.022717087634993374,0.019544399663157522,0.02400312313362527
22,29.09.2020,2020-09-29,9,2020,True,0.0269048388024666,0.024409048962255982,0.019544399663157522,0.02424802001691697
22,30.09.2020,2020-09-30,9,2020,True,0.0269022376258024,0.02350760409129841,0.019544399663157522,0.02503627453089202
22,01.10.2020,2020-10-01,9,2020,True,0.0284613641117596,0.022787319864877136,0.019544399663157522,0.025030417422264854
22,02.10.2020,2020-10-02,9,2020,True,0.0273900688834601,0.026878343917599176,0.019544399663157522,0.024958474747887843
22,05.10.2020,2020-10-05,9,2020,True,0.0264170707411559,0.029788032716949298,0.019544399663157522,0.02600955920061789
22,06.10.2020,2020-10-06,9,2020,True,0.0254308491287791,0.027984897120920782,0.019544399663157522,0.028313265683192288
22,07.10.2020,2020-10-07,9,2020,True,0.0263624018151651,0.0337322472295941,0.019544399663157522,0.0292883123633056
22,08.10.2020,2020-10-08,9,2020,True,0.0300386455566696,0.031857540188957464,0.019544399663157522,0.02864986862820797
22,09.10.2020,2020-10-09,9,2020,True,0.0305653067688914,0.02505992041743316,0.019544399663157522,0.024909636046022646
22,12.10.2020,2020-10-12,9,2020,True,0.0299444933623889,0.025811775658609152,0.019544399663157522,0.024644644865245015
22,13.10.2020,2020-10-13,9,2020,True,0.0297980304881338,0.02527189142523692,0.019544399663157522,0.025050464120011225
22,14.10.2020,2020-10-14,9,2020,True,0.0297276394578989,0.024943115104489107,0.019544399663157522,0.025200374312987085
22,15.10.2020,2020-10-15,9,2020,True,0.030172770956109,0.028365111592815778,0.019544399663157522,0.025389582267098233
22,16.10.2020,2020-10-16,9,2020,True,0.0301476685849904,0.029738542699028023,0.019544399663157522,0.02507933795662948
22,19.10.2020,2020-10-19,9,2020,True,0.0302045112737609,0.02539875360281968,0.019544399663157522,0.023639316196006437
22,20.10.2020,2020-10-20,9,2020,True,0.0301230969841301,0.02966956615653316,0.019544399663157522,0.023043379759065744
22,21.10.2020,2020-10-21,9,2020,True,0.0292639219976414,0.030109636188660412,0.019544399663157522,0.023205921298528477
22,22.10.2020,2020-10-22,9,2020,True,0.0294545934455092,0.02902786599233197,0.019544399663157522,0.022685024439042918
22,23.10.2020,2020-10-23,9,2020,True,0.0299835258060425,0.024923863186807654,0.019544399663157522,0.02293923537166121
22,26.10.2020,2020-10-26,9,2020,True,0.028798846055828,0.024590411497007664,0.019544399663157522,0.02322911980480296
22,27.10.2020,2020-10-27,9,2020,True,0.0289373259836218,0.030540092282794244,0.019544399663157522,0.024173597607991756
22,28.10.2020,2020-10-28,9,2020,True,0.0262045451634434,0.02776496383018439,0.019544399663157522,0.024538514663841226
22,29.10.2020,2020-10-29,9,2020,True,0.0241942954424764,0.03209298033273512,0.019544399663157522,0.026633457041521424
22,30.10.2020,2020-10-30,9,2020,True,0.0239794116438117,0.032648948734541626,0.019544399663157522,0.026904838802466646
22,02.11.2020,2020-11-02,9,2020,True,0.0231492151953477,0.03473241174611187,0.019544399663157522,0.026902237625802444
22,03.11.2020,2020-11-03,9,2020,True,0.023069730664565,0.03620967012816514,0.019544399663157522,0.0284613641117597
22,04.11.2020,2020-11-04,9,2020,True,0.0225433549724771,0.034654767872873894,0.019544399663157522,0.027390068883460142
22,05.11.2020,2020-11-05,9,2020,True,0.022349364857263,0.03132631237740138,0.019544399663157522,0.02641707074115593
22,06.11.2020,2020-11-06,9,2020,True,0.020085504103455,0.030043767207331297,0.019544399663157522,0.02543084912877914
22,09.11.2020,2020-11-09,9,2020,True,0.0151611282475672,0.030456354526822833,0.019544399663157522,0.026362401815165103
22,10.11.2020,2020-11-10,9,2020,True,0.01469632068663,0.028205391480988926,0.019544399663157522,0.030038645556669605
22,11.11.2020,2020-11-11,9,2020,True,0.0146905868696061,0.026839298643198232,0.019544399663157522,0.030565306768891413
22,12.11.2020,2020-11-12,9,2020,True,0.0144336883862283,0.02781543463263664,0.019544399663157522,0.029944493362388903
22,13.11.2020,2020-11-13,9,2020,True,0.0133744321748284,0.027666727022442307,0.019544399663157522,0.02979803048813386
22,16.11.2020,2020-11-16,9,2020,True,0.0128920462036583,0.026212602649727607,0.019544399663157522,0.02972763945789894
22,17.11.2020,2020-11-17,9,2020,True,0.0128207642748103,0.024208221296272023,0.019544399663157522,0.03017277095610909
22,18.11.2020,2020-11-18,9,2020,True,0.0146799349313773,0.027528526336832913,0.019544399663157522,0.030147668584990434
22,19.11.2020,2020-11-19,9,2020,True,0.0153443722188269,0.024768266132131487,0.019544399663157522,0.030204511273760955
22,20.11.2020,2020-11-20,9,2020,True,0.0155598178303611,0.026789320864859745,0.019544399663157522,0.030123096984130154
22,23.11.2020,2020-11-23,9,2020,True,0.0150318405082056,0.024241661326981592,0.019544399663157522,0.029263921997641433
22,24.11.2020,2020-11-24,9,2020,True,0.0132811120779733,0.02481661949434024,0.019544399663157522,0.029454593445509283
22,25.11.2020,2020-11-25,9,2020,True,0.0129801911579029,0.02386970500321532,0.019544399663157522,0.02998352580604259
22,27.11.2020,2020-11-27,9,2020,True,0.0127469566851751,0.02480798881505264,0.019544399663157522,0.02879884605582802
22,30.11.2020,2020-11-30,9,2020,True,0.0123380046207246,0.02615257067283183,0.019544399663157522,0.02893732598362182
22,01.12.2020,2020-12-01,9,2020,True,0.0128145226149662,0.023808892979885754,0.019544399663157522,0.026204545163443414
22,02.12.2020,2020-12-02,9,2020,True,0.0157321940590263,0.02297730069957246,0.019544399663157522,0.024194295442476463
22,03.12.2020,2020-12-03,9,2020,True,0.0157993082660899,0.0229576162884822,0.019544399663157522,0.023979411643811774
22,04.12.2020,2020-12-04,9,2020,True,0.0157552648305419,0.022286918376148046,0.019544399663157522,0.02314921519534774
22,07.12.2020,2020-12-07,9,2020,True,0.0162730810864969,0.0206478168985066,0.019544399663157522,0.023069730664565025
22,08.12.2020,2020-12-08,9,2020,True,0.0164455435837981,0.021027911991047792,0.019544399663157522,0.022543354972477135
22,09.12.2020,2020-12-09,9,2020,True,0.0165423111824849,0.02567147650882471,0.019544399663157522,0.022349364857263056
22,10.12.2020,2020-12-10,9,2020,True,0.0161525658777745,0.023938112066963353,0.019544399663157522,0.02008550410345505
22,11.12.2020,2020-12-11,9,2020,True,0.0159806198398432,0.01743194087924635,0.019544399663157522,0.015161128247567296
22,14.12.2020,2020-12-14,9,2020,True,0.0171455322837324,0.01726406430765101,0.019544399663157522,0.014696320686630038
22,15.12.2020,2020-12-15,9,2020,True,0.0172529700119986,0.01654933504120376,0.019544399663157522,0.014690586869606111
22,16.12.2020,2020-12-16,9,2020,True,0.0172492835974105,0.01660045332662614,0.019544399663157522,0.014433688386228398
22,17.12.2020,2020-12-17,9,2020,True,0.0172448331607481,0.014560893333880923,0.019544399663157522,0.013374432174828449
22,18.12.2020,2020-12-18,9,2020,True,0.0174036336238393,0.013551115820710691,0.019544399663157522,0.012892046203658412
22,21.12.2020,2020-12-21,9,2020,True,0.0161957089587381,0.013237635109884427,0.019544399663157522,0.012820764274810392
22,22.12.2020,2020-12-22,9,2020,True,0.0155557067513527,0.015769687100080705,0.019544399663157522,0.01467993493137736
22,23.12.2020,2020-12-23,9,2020,True,0.0151326684631604,0.016480024063291084,0.019544399663157522,0.01534437221882696
22,24.12.2020,2020-12-24,9,2020,True,0.0152475706412007,0.01556922946524397,0.019544399663157522,0.015559817830361132
22,28.12.2020,2020-12-28,9,2020,True,0.0150156570368784,0.014947077501561462,0.019544399663157522,0.015031840508205638
22,29.12.2020,2020-12-29,9,2020,True,0.0150410893731853,0.013399586906920731,0.019544399663157522,0.013281112077973327
22,30.12.2020,2020-12-30,9,2020,True,0.0153802540716252,0.014606739734352253,0.019544399663157522,0.012980191157902981
22,31.12.2020,2020-12-31,9,2020,True,0.015579661377009,0.01441662771869434,0.019544399663157522,0.012746956685175195
22,04.01.2021,2021-01-04,10,2021,True,0.0149714832033058,0.02020726312300547,0.020882732531585898,0.01233800462072471
22,05.01.2021,2021-01-05,10,2021,True,0.0117811139128342,0.02081205509951589,0.020882732531585898,0.012814522614966253
22,06.01.2021,2021-01-06,10,2021,True,0.0121298670265875,0.018033601469837998,0.020882732531585898,0.01573219405902638
22,07.01.2021,2021-01-07,10,2021,True,0.0121289789664028,0.018708055592343825,0.020882732531585898,0.015799308266089992
22,08.01.2021,2021-01-08,10,2021,True,0.0109011971870848,0.017779081754854802,0.020882732531585898,0.015755264830541935
22,11.01.2021,2021-01-11,10,2021,True,0.01087831332882,0.01781541797666386,0.020882732531585898,0.01627308108649696
22,12.01.2021,2021-01-12,10,2021,True,0.0111549340707335,0.019028108617415964,0.020882732531585898,0.016445543583798124
22,13.01.2021,2021-01-13,10,2021,True,0.0109164013017309,0.018958524371141965,0.020882732531585898,0.016542311182484937
22,14.01.2021,2021-01-14,10,2021,True,0.0111206342171804,0.018135923698108743,0.020882732531585898,0.01615256587777452
22,15.01.2021,2021-01-15,10,2021,True,0.0094049307755394,0.01766357261820097,0.020882732531585898,0.015980619839843228
22,19.01.2021,2021-01-19,10,2021,True,0.0104157367481799,0.020955170023825805,0.020882732531585898,0.017145532283732463
22,20.01.2021,2021-01-20,10,2021,True,0.0123143064358984,0.02019922352712756,0.020882732531585898,0.017252970011998686
22,21.01.2021,2021-01-21,10,2021,True,0.0122779758016558,0.020297248390180902,0.020882732531585898,0.01724928359741055
22,22.01.2021,2021-01-22,10,2021,True,0.0120749428458788,0.021624008469296407,0.020882732531585898,0.01724483316074819
22,25.01.2021,2021-01-25,10,2021,True,0.0123029379741996,0.02063375706004766,0.020882732531585898,0.01740363362383938
22,26.01.2021,2021-01-26,10,2021,True,0.012895459282921,0.01900968126382101,0.020882732531585898,0.016195708958738134
22,27.01.2021,2021-01-27,10,2021,True,0.0160215548766951,0.019252168700343155,0.020882732531585898,0.015555706751352726
22,28.01.2021,2021-01-28,10,2021,True,0.0165229842600311,0.02050698492044262,0.020882732531585898,0.015132668463160429
22,29.01.2021,2021-01-29,10,2021,True,0.0168762536122032,0.020455965381897888,0.020882732531585898,0.015247570641200747
22,01.02.2021,2021-02-01,10,2021,True,0.0184214990971156,0.019548794834215098,0.020882732531585898,0.015015657036878446
22,02.02.2021,2021-02-02,10,2021,True,0.0194200266469693,0.020737211151761144,0.020882732531585898,0.015041089373185343
22,03.02.2021,2021-02-03,10,2021,True,0.020011772155755,0.01947921639894536,0.020882732531585898,0.015380254071625287
22,04.02.2021,2021-02-04,10,2021,True,0.0203626971105277,0.022857265173068596,0.020882732531585898,0.01557966137700905
22,05.02.2021,2021-02-05,10,2021,True,0.0203570514903,0.02417581686711517,0.020882732531585898,0.014971483203305843
22,08.02.2021,2021-02-08,10,2021,True,0.020542033352349,0.01920679127053045,0.020882732531585898,0.0117811139128343
22,09.02.2021,2021-02-09,10,2021,True,0.0206975866784724,0.019120296683154524,0.020882732531585898,0.012129867026587518
22,10.02.2021,2021-02-10,10,2021,True,0.0208197727159893,0.020162876384108148,0.020882732531585898,0.012128978966402889
22,11.02.2021,2021-02-11,10,2021,True,0.0208654936967117,0.01769074341128902,0.020882732531585898,0.010901197187084903
22,12.02.2021,2021-02-12,10,2021,True,0.0206769958269763,0.017498925069735684,0.020882732531585898,0.010878313328820107
22,16.02.2021,2021-02-16,10,2021,True,0.0260689197723216,0.017706510785470368,0.020882732531585898,0.011154934070733542
22,17.02.2021,2021-02-17,10,2021,True,0.0261981420009642,0.017618282685092003,0.020882732531585898,0.010916401301730988
22,18.02.2021,2021-02-18,10,2021,True,0.0261583347609185,0.01807615569302657,0.020882732531585898,0.011120634217180443
22,19.02.2021,2021-02-19,10,2021,True,0.029110315274667,0.014880138873168993,0.020882732531585898,0.009404930775539487
22,22.02.2021,2021-02-22,10,2021,True,0.0307562345181345,0.016766696560187516,0.020882732531585898,0.010415736748180011
22,23.02.2021,2021-02-23,10,2021,True,0.0318130922787738,0.019972658288500377,0.020882732531585898,0.012314306435898474
22,24.02.2021,2021-02-24,10,2021,True,0.0326599951820505,0.019670957961108213,0.020882732531585898,0.012277975801655863
22,25.02.2021,2021-02-25,10,2021,True,0.0327041836836326,0.019257254103196505,0.020882732531585898,0.012074942845878827
22,26.02.2021,2021-02-26,10,2021,True,0.0327314264382883,0.01944601378193363,0.020882732531585898,0.012302937974199669
22,01.03.2021,2021-03-01,10,2021,True,0.0317845489461955,0.018199118076010868,0.020882732531585898,0.012895459282921089
22,02.03.2021,2021-03-02,10,2021,True,0.0318783892619205,0.021718777763480527,0.020882732531585898,0.016021554876695168
22,03.03.2021,2021-03-03,10,2021,True,0.03288170611066,0.018916439242874356,0.020882732531585898,0.016522984260031136
22,04.03.2021,2021-03-04,10,2021,True,0.0316198507180517,0.01963985368754361,0.020882732531585898,0.016876253612203216
22,05.03.2021,2021-03-05,10,2021,True,0.0303417025932378,0.021026250381186183,0.020882732531585898,0.018421499097115636
22,08.03.2021,2021-03-08,10,2021,True,0.0302366431345912,0.019862416034105997,0.020882732531585898,0.01942002664696938
22,09.03.2021,2021-03-09,10,2021,True,0.0301953003319578,0.020797776066043668,0.020882732531585898,0.020011772155755073
22,10.03.2021,2021-03-10,10,2021,True,0.030190086712134,0.025937693183884346,0.020882732531585898,0.020362697110527808
22,11.03.2021,2021-03-11,10,2021,True,0.0296059632688658,0.024256719259897783,0.020882732531585898,0.020357051490300104
22,12.03.2021,2021-03-12,10,2021,True,0.0313690700215178,0.022349829005208016,0.020882732531585898,0.020542033352349033
22,15.03.2021,2021-03-15,10,2021,True,0.0313967346963162,0.020755265793265105,0.020882732531585898,0.020697586678472442
22,16.03.2021,2021-03-16,10,2021,True,0.0313713010649393,0.020455214837595097,0.020882732531585898,0.02081977271598932
22,17.03.2021,2021-03-17,10,2021,True,0.0313727675090217,0.02044328412021616,0.020882732531585898,0.020865493696711715
22,18.03.2021,2021-03-18,10,2021,True,0.02711349511079,0.02021866185916583,0.020882732531585898,0.020676995826976356
22,19.03.2021,2021-03-19,10,2021,True,0.0271895511338224,0.033713275302744115,0.020882732531585898,0.026068919772321612
22,22.03.2021,2021-03-22,10,2021,True,0.0271893252579311,0.02841192442557913,0.020882732531585898,0.026198142000964278
22,23.03.2021,2021-03-23,10,2021,True,0.0234973243769532,0.02201816776852507,0.020882732531585898,0.0261583347609186
22,24.03.2021,2021-03-24,10,2021,True,0.0202377210466431,0.03726669260676501,0.020882732531585898,0.029110315274667085
22,25.03.2021,2021-03-25,10,2021,True,0.0182786702912916,0.04523990812315676,0.020882732531585898,0.030756234518134536
22,26.03.2021,2021-03-26,10,2021,True,0.0163394927333518,0.03901293741337403,0.020882732531585898,0.031813092278773866
22,29.03.2021,2021-03-29,10,2021,True,0.0167230157579484,0.02674645133876398,0.020882732531585898,0.03265999518205052
22,30.03.2021,2021-03-30,10,2021,True,0.0170497398778808,0.02581743053415072,0.020882732531585898,0.032704183683632634
22,31.03.2021,2021-03-31,10,2021,True,0.0168582706141053,0.02600612087246781,0.020882732531585898,0.032731426438288344
22,01.04.2021,2021-04-01,10,2021,True,0.0167993159873049,0.025632729364001506,0.020882732531585898,0.03178454894619552
22,05.04.2021,2021-04-05,10,2021,True,0.0134151020275097,0.02323440463011692,0.020882732531585898,0.031878389261920534
22,06.04.2021,2021-04-06,10,2021,True,0.0138670855864202,0.023542071430724114,0.020882732531585898,0.032881706110660096
22,07.04.2021,2021-04-07,10,2021,True,0.0138524283645466,0.022171051788454833,0.020882732531585898,0.031619850718051776
22,08.04.2021,2021-04-08,10,2021,True,0.0138529068035495,0.021615990146023823,0.020882732531585898,0.03034170259323783
22,09.04.2021,2021-04-09,10,2021,True,0.013751609178771,0.022748847623634907,0.020882732531585898,0.03023664313459126
22,12.04.2021,2021-04-12,10,2021,True,0.0138375561018776,0.02192300142398215,0.020882732531585898,0.03019530033195783
22,13.04.2021,2021-04-13,10,2021,True,0.0159582571377154,0.023978627872039745,0.020882732531585898,0.030190086712134096
22,14.04.2021,2021-04-14,10,2021,True,0.0138449863306095,0.022604547503938418,0.020882732531585898,0.029605963268865863
22,15.04.2021,2021-04-15,10,2021,True,0.013967885579631,0.02079584386024942,0.020882732531585898,0.03136907002151788
22,16.04.2021,2021-04-16,10,2021,True,0.0141981193400525,0.020573569782551114,0.020882732531585898,0.03139673469631627
22,19.04.2021,2021-04-19,10,2021,True,0.015688949144093,0.02540862414947916,0.020882732531585898,0.03137130106493934
22,20.04.2021,2021-04-20,10,2021,True,0.0164028143932218,0.025425162393133496,0.020882732531585898,0.03137276750902174
22,21.04.2021,2021-04-21,10,2021,True,0.0164879301000512,0.02367051019378554,0.020882732531585898,0.02711349511079004
22,22.04.2021,2021-04-22,10,2021,True,0.0176237174971624,0.02511645598787085,0.020882732531585898,0.027189551133822425
22,23.04.2021,2021-04-23,10,2021,True,0.0175173802730402,0.029615842032713526,0.020882732531585898,0.02718932525793118
22,26.04.2021,2021-04-26,10,2021,True,0.0174108671811311,0.025109043327058763,0.020882732531585898,0.023497324376953288
22,27.04.2021,2021-04-27,10,2021,True,0.0173423270660785,0.02162914205188387,0.020882732531585898,0.020237721046643144
22,28.04.2021,2021-04-28,10,2021,True,0.0171785465062932,0.02019609631320923,0.020882732531585898,0.018278670291291692
22,29.04.2021,2021-04-29,10,2021,True,0.0168212166793185,0.018959954447435128,0.020882732531585898,0.01633949273335182
22,30.04.2021,2021-04-30,10,2021,True,0.0164446930945611,0.020688224292312287,0.020882732531585898,0.016723015757948503
22,03.05.2021,2021-05-03,10,2021,True,0.0164529628421176,0.021361432178953657,0.020882732531585898,0.017049739877880825
22,04.05.2021,2021-05-04,10,2021,True,0.0160733416239737,0.022768374410333334,0.020882732531585898,0.016858270614105386
22,05.05.2021,2021-05-05,10,2021,True,0.0161530283201884,0.02395393810015433,0.020882732531585898,0.016799315987304917
22,06.05.2021,2021-05-06,10,2021,True,0.015920540422853,0.018589095615612984,0.020882732531585898,0.013415102027509725
22,07.05.2021,2021-05-07,10,2021,True,0.0159307060198736,0.018104685755533378,0.020882732531585898,0.013867085586420282
22,10.05.2021,2021-05-10,10,2021,True,0.0159278816121694,0.01696382520110679,0.020882732531585898,0.01385242836454668
22,11.05.2021,2021-05-11,10,2021,True,0.0159273861495614,0.016671853235403423,0.020882732531585898,0.013852906803549603
22,12.05.2021,2021-05-12,10,2021,True,0.0158137197164448,0.018005663109795306,0.020882732531585898,0.013751609178771095
22,13.05.2021,2021-05-13,10,2021,True,0.0138901896624008,0.02015016511787417,0.020882732531585898,0.01383755610187764
22,14.05.2021,2021-05-14,10,2021,True,0.0131598816254477,0.019833791312370272,0.020882732531585898,0.01595825713771549
22,17.05.2021,2021-05-17,10,2021,True,0.0138083253765454,0.015387481316037909,0.020882732531585898,0.013844986330609533
22,18.05.2021,2021-05-18,10,2021,True,0.0135060456773854,0.015756512866942154,0.020882732531585898,0.013967885579631075
22,19.05.2021,2021-05-19,10,2021,True,0.0116577206607053,0.015458855822603822,0.020882732531585898,0.01419811934005253
22,20.05.2021,2021-05-20,10,2021,True,0.0098625991137546,0.017312458142477446,0.020882732531585898,0.01568894914409301
22,21.05.2021,2021-05-21,10,2021,True,0.0093613894750521,0.017720624779192888,0.020882732531585898,0.016402814393221832
22,24.05.2021,2021-05-24,10,2021,True,0.0076237925345962,0.017704878361484752,0.020882732531585898,0.0164879301000513
22,25.05.2021,2021-05-25,10,2021,True,0.0076528701357299,0.015720395218868883,0.020882732531585898,0.017623717497162475
22,26.05.2021,2021-05-26,10,2021,True,0.0092821975554179,0.015550602752513675,0.020882732531585898,0.01751738027304027
22,27.05.2021,2021-05-27,10,2021,True,0.0092327521175812,0.016826246493092833,0.020882732531585898,0.01741086718113113
22,28.05.2021,2021-05-28,10,2021,True,0.0092365006678831,0.016849059623973112,0.020882732531585898,0.017342327066078543
22,01.06.2021,2021-06-01,10,2021,True,0.0092522961716897,0.017236586453455115,0.020882732531585898,0.017178546506293278
22,02.06.2021,2021-06-02,10,2021,True,0.0088570245722527,0.017422433332573435,0.020882732531585898,0.016821216679318608
22,03.06.2021,2021-06-03,10,2021,True,0.0102965659425029,0.018029634498842678,0.020882732531585898,0.016444693094561154
22,04.06.2021,2021-06-04,10,2021,True,0.0108014933275042,0.018865198765403917,0.020882732531585898,0.01645296284211767
22,07.06.2021,2021-06-07,10,2021,True,0.0108398586215188,0.01767883863771083,0.020882732531585898,0.016073341623973763
22,08.06.2021,2021-06-08,10,2021,True,0.0113315151165718,0.017344401118493235,0.020882732531585898,0.016153028320188417
22,09.06.2021,2021-06-09,10,2021,True,0.0114293801299871,0.017464054760130528,0.020882732531585898,0.015920540422853104
22,10.06.2021,2021-06-10,10,2021,True,0.0119063652058512,0.018752179380295324,0.020882732531585898,0.015930706019873637
22,11.06.2021,2021-06-11,10,2021,True,0.0130715016304103,0.01880095078778379,0.020882732531585898,0.015927881612169473
22,14.06.2021,2021-06-14,10,2021,True,0.0136596942979908,0.02030118545253728,0.020882732531585898,0.01592738614956145
22,15.06.2021,2021-06-15,10,2021,True,0.0132484743352052,0.02118767599840161,0.020882732531585898,0.0158137197164449
22,16.06.2021,2021-06-16,10,2021,True,0.0198223554527047,0.017869536605359043,0.020882732531585898,0.013890189662400819
22,17.06.2021,2021-06-17,10,2021,True,0.0197837200368658,0.01960165526497699,0.020882732531585898,0.013159881625447763
22,18.06.2021,2021-06-18,10,2021,True,0.0217685257703282,0.021400625499582465,0.020882732531585898,0.013808325376545442
22,21.06.2021,2021-06-21,10,2021,True,0.0218880386132313,0.02206681540783929,0.020882732531585898,0.013506045677385411
22,22.06.2021,2021-06-22,10,2021,True,0.021912097033969,0.018417771913479656,0.020882732531585898,0.011657720660705344
22,23.06.2021,2021-06-23,10,2021,True,0.0219159883750249,0.01490959239962618,0.020882732531585898,0.009862599113754636
22,24.06.2021,2021-06-24,10,2021,True,0.0218838280340129,0.01608041808474772,0.020882732531585898,0.009361389475052204
22,25.06.2021,2021-06-25,10,2021,True,0.0218165182365255,0.013141581416001044,0.020882732531585898,0.007623792534596286
22,28.06.2021,2021-06-28,10,2021,True,0.0217158462181044,0.012526279350080001,0.020882732531585898,0.007652870135729968
22,29.06.2021,2021-06-29,10,2021,True,0.0217243385754094,0.014593417332861201,0.020882732531585898,0.009282197555417938
22,30.06.2021,2021-06-30,10,2021,True,0.0238956650559042,0.014760481586039998,0.020882732531585898,0.009232752117581296
22,01.07.2021,2021-07-01,10,2021,True,0.0237952804989911,0.014962717121181197,0.020882732531585898,0.009236500667883191
22,02.07.2021,2021-07-02,10,2021,True,0.0243911583994444,0.015009040770908907,0.020882732531585898,0.009252296171689737
22,06.07.2021,2021-07-06,10,2021,True,0.0242792291600729,0.014419229854417619,0.020882732531585898,0.008857024572252757
22,07.07.2021,2021-07-07,10,2021,True,0.0241538906924619,0.016213031458024458,0.020882732531585898,0.010296565942502934
22,08.07.2021,2021-07-08,10,2021,True,0.024460629095684,0.01851173267637072,0.020882732531585898,0.010801493327504248
22,09.07.2021,2021-07-09,10,2021,True,0.0246316086667542,0.018907153969245676,0.020882732531585898,0.010839858621518834
22,12.07.2021,2021-07-12,10,2021,True,0.0248167373988545,0.021688254210247594,0.020882732531585898,0.011331515116571898
22,13.07.2021,2021-07-13,10,2021,True,0.0244194772342236,0.02147534960456359,0.020882732531585898,0.011429380129987132
22,14.07.2021,2021-07-14,10,2021,True,0.0240791712049,0.021032129963483838,0.020882732531585898,0.0119063652058513
22,15.07.2021,2021-07-15,10,2021,True,0.0240246644065503,0.0187564463160754,0.020882732531585898,0.013071501630410319
22,16.07.2021,2021-07-16,10,2021,True,0.0240235736769938,0.016888997579775317,0.020882732531585898,0.01365969429799084
22,19.07.2021,2021-07-19,10,2021,True,0.0189619475296541,0.018482523248749428,0.020882732531585898,0.01324847433520525
22,20.07.2021,2021-07-20,10,2021,True,0.0195862103066193,0.02101192249447818,0.020882732531585898,0.01982235545270474
22,21.07.2021,2021-07-21,10,2021,True,0.0174250145366931,0.02151233761226584,0.020882732531585898,0.01978372003686582
22,22.07.2021,2021-07-22,10,2021,True,0.0207192979829178,0.020459817864211426,0.020882732531585898,0.021768525770328225
22,23.07.2021,2021-07-23,10,2021,True,0.0220687044057686,0.016907971852003153,0.020882732531585898,0.021888038613231398
22,26.07.2021,2021-07-26,10,2021,True,0.0223784157509738,0.017897314964384604,0.020882732531585898,0.021912097033969062
22,27.07.2021,2021-07-27,10,2021,True,0.0226049586777077,0.017506557951073413,0.020882732531585898,0.02191598837502492
22,28.07.2021,2021-07-28,10,2021,True,0.0231945704033615,0.018044496340847982,0.020882732531585898,0.02188382803401295
22,29.07.2021,2021-07-29,10,2021,True,0.0229578961186953,0.018797810011643788,0.020882732531585898,0.021816518236525525
22,30.07.2021,2021-07-30,10,2021,True,0.0229424966909744,0.018169919535575056,0.020882732531585898,0.02171584621810447
22,02.08.2021,2021-08-02,10,2021,True,0.0211326028770243,0.018239966309996237,0.020882732531585898,0.021724338575409424
22,03.08.2021,2021-08-03,10,2021,True,0.0215392165081146,0.017121185240544415,0.020882732531585898,0.023895665055904243
22,04.08.2021,2021-08-04,10,2021,True,0.0206172203538999,0.01734604825273907,0.020882732531585898,0.02379528049899113
22,05.08.2021,2021-08-05,10,2021,True,0.0206637748817748,0.02278185406412956,0.020882732531585898,0.02439115839944447
22,06.08.2021,2021-08-06,10,2021,True,0.0207322121009799,0.018453470060502717,0.020882732531585898,0.024279229160072996
22,09.08.2021,2021-08-09,10,2021,True,0.0203483993092631,0.019143276145403298,0.020882732531585898,0.024153890692461922
22,10.08.2021,2021-08-10,10,2021,True,0.0202352281375695,0.022892066434491296,0.020882732531585898,0.02446062909568409
22,11.08.2021,2021-08-11,10,2021,True,0.0201693519113434,0.019393412235222098,0.020882732531585898,0.024631608666754227
22,12.08.2021,2021-08-12,10,2021,True,0.0201573678317407,0.017871786599051122,0.020882732531585898,0.02481673739885456
22,13.08.2021,2021-08-13,10,2021,True,0.0205816798964264,0.018685029028830732,0.020882732531585898,0.024419477234223656
22,16.08.2021,2021-08-16,10,2021,True,0.020166353314119,0.017366166403874023,0.020882732531585898,0.024079171204900014
22,17.08.2021,2021-08-17,10,2021,True,0.0201084585970045,0.023933278205580107,0.020882732531585898,0.024024664406550354
22,18.08.2021,2021-08-18,10,2021,True,0.0204400053601848,0.02543875687514813,0.020882732531585898,0.024023573676993887
22,19.08.2021,2021-08-19,10,2021,True,0.0193055243295584,0.02180497562089014,0.020882732531585898,0.018961947529654147
22,20.08.2021,2021-08-20,10,2021,True,0.018914781874537,0.024657650768200624,0.020882732531585898,0.019586210306619375
22,23.08.2021,2021-08-23,10,2021,True,0.0159615784393774,0.02141217669490856,0.020882732531585898,0.017425014536693175
22,24.08.2021,2021-08-24,10,2021,True,0.0147941873860136,0.018989522540523694,0.020882732531585898,0.020719297982917804
22,25.08.2021,2021-08-25,10,2021,True,0.0148587021339439,0.0178551975088767,0.020882732531585898,0.022068704405768674
22,26.08.2021,2021-08-26,10,2021,True,0.0143016853229462,0.01890400502076182,0.020882732531585898,0.02237841575097383
22,27.08.2021,2021-08-27,10,2021,True,0.0138923024361215,0.020184503628616228,0.020882732531585898,0.02260495867770772
22,30.08.2021,2021-08-30,10,2021,True,0.0138621443276208,0.01807738344306382,0.020882732531585898,0.023194570403361547
22,31.08.2021,2021-08-31,10,2021,True,0.013784802023846,0.018865425010630318,0.020882732531585898,0.02295789611869537
22,01.09.2021,2021-09-01,10,2021,True,0.0134603596351911,0.01924841938496763,0.020882732531585898,0.022942496690974448
22,02.09.2021,2021-09-02,10,2021,True,0.0132843135198156,0.018689927377927563,0.020882732531585898,0.021132602877024384
22,03.09.2021,2021-09-03,10,2021,True,0.0140244067791421,0.019451872864834775,0.020882732531585898,0.02153921650811461
22,07.09.2021,2021-09-07,10,2021,True,0.0134903557026135,0.017841455885395804,0.020882732531585898,0.020617220353899953
22,08.09.2021,2021-09-08,10,2021,True,0.0134114828050419,0.019420721398362855,0.020882732531585898,0.020663774881774878
22,09.09.2021,2021-09-09,10,2021,True,0.0126309967308804,0.01927630114843288,0.020882732531585898,0.020732212100979943
22,10.09.2021,2021-09-10,10,2021,True,0.0124408142197389,0.01953611238865649,0.020882732531585898,0.020348399309263195
22,13.09.2021,2021-09-13,10,2021,True,0.0125773024425269,0.020264845462765014,0.020882732531585898,0.02023522813756957
22,14.09.2021,2021-09-14,10,2021,True,0.0125676770582339,0.018858717965368078,0.020882732531585898,0.0201693519113435
22,15.09.2021,2021-09-15,10,2021,True,0.0118829966359764,0.018385509111032074,0.020882732531585898,0.020157367831740776
22,16.09.2021,2021-09-16,10,2021,True,0.0121295686706469,0.01915454272525873,0.020882732531585898,0.020581679896426418
22,17.09.2021,2021-09-17,10,2021,True,0.0119736404607116,0.01854669277155054,0.020882732531585898,0.020166353314119076
22,20.09.2021,2021-09-20,10,2021,True,0.01065206577471,0.01993391625934224,0.020882732531585898,0.02010845859700458
22,21.09.2021,2021-09-21,10,2021,True,0.0115552462131107,0.019393248601174935,0.020882732531585898,0.02044000536018483
22,22.09.2021,2021-09-22,10,2021,True,0.0108672726506443,0.02016854161526439,0.020882732531585898,0.019305524329558416
22,23.09.2021,2021-09-23,10,2021,True,0.01069831451388,0.019543319075449626,0.020882732531585898,0.018914781874537052
22,24.09.2021,2021-09-24,10,2021,True,0.0106157067155003,0.017445174592099898,0.020882732531585898,0.015961578439377493
22,27.09.2021,2021-09-27,10,2021,True,0.0115025834271141,0.01518518380950146,0.020882732531585898,0.014794187386013633
22,28.09.2021,2021-09-28,10,2021,True,0.0114290807177536,0.016436602121504863,0.020882732531585898,0.014858702133943932
22,29.09.2021,2021-09-29,10,2021,True,0.0112796116446277,0.015271623243971895,0.020882732531585898,0.0143016853229463
22,30.09.2021,2021-09-30,10,2021,True,0.0112304986078969,0.01469049879467731,0.020882732531585898,0.013892302436121504
22,01.10.2021,2021-10-01,10,2021,True,0.0111640412135999,0.015774437922468514,0.020882732531585898,0.013862144327620863
22,04.10.2021,2021-10-04,10,2021,True,0.0124943026139965,0.016516338312600753,0.020882732531585898,0.013784802023846042
22,05.10.2021,2021-10-05,10,2021,True,0.0125745145528613,0.015207045261760905,0.020882732531585898,0.01346035963519119
22,06.10.2021,2021-10-06,10,2021,True,0.0133251582378704,0.015864577468511196,0.020882732531585898,0.013284313519815688
22,07.10.2021,2021-10-07,10,2021,True,0.0132519965613515,0.016295234700101136,0.020882732531585898,0.014024406779142145
22,08.10.2021,2021-10-08,10,2021,True,0.0136177406273973,0.019521344325245542,0.020882732531585898,0.01349035570261354
22,11.10.2021,2021-10-11,10,2021,True,0.0143891824757622,0.018367528266310777,0.020882732531585898,0.013411482805041933
22,12.10.2021,2021-10-12,10,2021,True,0.0143972254847942,0.01589103632124809,0.020882732531585898,0.01263099673088042
22,13.10.2021,2021-10-13,10,2021,True,0.0144942448039211,0.01515915608114707,0.020882732531585898,0.01244081421973891
22,14.10.2021,2021-10-14,10,2021,True,0.0143084316446239,0.017943089767001243,0.020882732531585898,0.012577302442526946
22,15.10.2021,2021-10-15,10,2021,True,0.0141482932413389,0.019004277903964445,0.020882732531585898,0.012567677058233941
22,18.10.2021,2021-10-18,10,2021,True,0.015104646634297,0.017800465785843343,0.020882732531585898,0.011882996635976459
22,19.10.2021,2021-10-19,10,2021,True,0.0152240659879875,0.018898015094776142,0.020882732531585898,0.012129568670646953
22,20.10.2021,2021-10-20,10,2021,True,0.0160780062308979,0.019091973345831962,0.020882732531585898,0.011973640460711688
22,21.10.2021,2021-10-21,10,2021,True,0.0161702999102101,0.01755724057414054,0.020882732531585898,0.01065206577471004
22,22.10.2021,2021-10-22,10,2021,True,0.0176040227746642,0.018327912185420594,0.020882732531585898,0.011555246213110796
22,25.10.2021,2021-10-25,10,2021,True,0.017534661921968,0.017184570033320013,0.020882732531585898,0.01086727265064437
22,26.10.2021,2021-10-26,10,2021,True,0.0311208338293609,0.017400020509879696,0.020882732531585898,0.010698314513880093
22,27.10.2021,2021-10-27,10,2021,True,0.0311878797517265,0.017461066922812442,0.020882732531585898,0.01061570671550031
22,28.10.2021,2021-10-28,10,2021,True,0.0319763349651847,0.01872062933009085,0.020882732531585898,0.011502583427114198
22,29.10.2021,2021-10-29,10,2021,True,0.0320947603932655,0.01780009978402973,0.020882732531585898,0.011429080717753611
22,01.11.2021,2021-11-01,10,2021,True,0.0322846055615041,0.016939508995499616,0.020882732531585898,0.011279611644627732
22,02.11.2021,2021-11-02,10,2021,True,0.0323288585416351,0.017731848749386707,0.020882732531585898,0.011230498607896914
22,03.11.2021,2021-11-03,10,2021,True,0.0337810106960782,0.017569476615711246,0.020882732531585898,0.011164041213599986
22,04.11.2021,2021-11-04,10,2021,True,0.0345468131988622,0.018468090112570366,0.020882732531585898,0.012494302613996549
22,05.11.2021,2021-11-05,10,2021,True,0.0339536665459439,0.01752128152857727,0.020882732531585898,0.012574514552861344
22,08.11.2021,2021-11-08,10,2021,True,0.0339757232504096,0.013947876793507856,0.020882732531585898,0.01332515823787047
22,09.11.2021,2021-11-09,10,2021,True,0.0338144965286187,0.014547628145019953,0.020882732531585898,0.013251996561351585
22,10.11.2021,2021-11-10,10,2021,True,0.0335371619368554,0.015349321562944933,0.020882732531585898,0.013617740627397327
22,11.11.2021,2021-11-11,10,2021,True,0.0335064714903401,0.015017291322076515,0.020882732531585898,0.014389182475762293
22,12.11.2021,2021-11-12,10,2021,True,0.0335384400937021,0.015016673218062273,0.020882732531585898,0.014397225484794263
22,15.11.2021,2021-11-15,10,2021,True,0.0338083445300828,0.015848072948971583,0.020882732531585898,0.014494244803921114
22,16.11.2021,2021-11-16,10,2021,True,0.0339183725457209,0.015272006013878367,0.020882732531585898,0.014308431644623929
22,17.11.2021,2021-11-17,10,2021,True,0.0339535596402793,0.016977097454001146,0.020882732531585898,0.0141482932413389
22,18.11.2021,2021-11-18,10,2021,True,0.0347922808634652,0.016168910457458333,0.020882732531585898,0.015104646634297078
22,19.11.2021,2021-11-19,10,2021,True,0.0346177837615919,0.017350638359734584,0.020882732531585898,0.015224065987987536
22,22.11.2021,2021-11-22,10,2021,True,0.0348611767033274,0.017020247490134907,0.020882732531585898,0.016078006230897918
22,23.11.2021,2021-11-23,10,2021,True,0.0344712271196899,0.017472493001071475,0.020882732531585898,0.016170299910210163
22,24.11.2021,2021-11-24,10,2021,True,0.0344975315490177,0.016408840753199164,0.020882732531585898,0.01760402277466421
22,26.11.2021,2021-11-26,10,2021,True,0.0213614071887217,0.016641301368522165,0.020882732531585898,0.017534661921968016
22,29.11.2021,2021-11-29,10,2021,True,0.0213265040564861,0.03325332084202016,0.020882732531585898,0.031120833829360987
22,30.11.2021,2021-11-30,10,2021,True,0.0197435969515559,0.03174323510389394,0.020882732531585898,0.03118787975172652
22,01.12.2021,2021-12-01,10,2021,True,0.0187758016898537,0.0367916074921326,0.020882732531585898,0.03197633496518471
22,02.12.2021,2021-12-02,10,2021,True,0.0187951026521238,0.03571906290023379,0.020882732531585898,0.03209476039326552
22,03.12.2021,2021-12-03,10,2021,True,0.0187957685843955,0.03925123239675648,0.020882732531585898,0.03228460556150415
22,06.12.2021,2021-12-06,10,2021,True,0.01688127974424,0.038902571829968965,0.020882732531585898,0.032328858541635155
22,07.12.2021,2021-12-07,10,2021,True,0.015873382755792,0.03538502527089179,0.020882732531585898,0.03378101069607822
22,08.12.2021,2021-12-08,10,2021,True,0.0161649965856077,0.02869560724468014,0.020882732531585898,0.03454681319886219
22,09.12.2021,2021-12-09,10,2021,True,0.0167593638210165,0.024950681502977114,0.020882732531585898,0.033953666545943964
22,10.12.2021,2021-12-10,10,2021,True,0.0167815569805724,0.026786423567456044,0.020882732531585898,0.03397572325040968
22,13.12.2021,2021-12-13,10,2021,True,0.0165168994569916,0.026787808848067727,0.020882732531585898,0.033814496528618766
22,14.12.2021,2021-12-14,10,2021,True,0.0163754321506694,0.026378286421490846,0.020882732531585898,0.03353716193685548
22,15.12.2021,2021-12-15,10,2021,True,0.0164665570368522,0.028728824121583226,0.020882732531585898,0.0335064714903401
22,16.12.2021,2021-12-16,10,2021,True,0.0163929866194266,0.028584076449224526,0.020882732531585898,0.033538440093702125
22,17.12.2021,2021-12-17,10,2021,True,0.0153165480553545,0.029263662372442215,0.020882732531585898,0.03380834453008282
22,20.12.2021,2021-12-20,10,2021,True,0.0134628220439278,0.02849116114205954,0.020882732531585898,0.033918372545720894
22,21.12.2021,2021-12-21,10,2021,True,0.013568170513229,0.02934679868402737,0.020882732531585898,0.03395355964027938
22,22.12.2021,2021-12-22,10,2021,True,0.0137712466346766,0.031528159085591576,0.020882732531585898,0.034792280863465204
22,23.12.2021,2021-12-23,10,2021,True,0.0137376073561072,0.02834324937873455,0.020882732531585898,0.03461778376159193
22,27.12.2021,2021-12-27,10,2021,True,0.0136033469257113,0.025878994430082455,0.020882732531585898,0.03486117670332742
22,28.12.2021,2021-12-28,10,2021,True,0.0136046068266282,0.02996479013563972,0.020882732531585898,0.03447122711968993
22,29.12.2021,2021-12-29,10,2021,True,0.0136750337395648,0.033208207790687845,0.020882732531585898,0.034497531549017774
22,30.12.2021,2021-12-30,10,2021,True,0.0149955862588874,0.020988111313647327,0.020882732531585898,0.02136140718872175
22,31.12.2021,2021-12-31,10,2021,True,0.0139392099439945,0.02056582108155339,0.020882732531585898,0.021326504056486197
22,03.01.2022,2022-01-03,11,2022,True,0.0140393436894644,0.020210538717103967,0.020744653883776082,0.01974359695155597
22,04.01.2022,2022-01-04,11,2022,True,0.0144432301570423,0.020388599572082146,0.020744653883776082,0.018775801689853724
22,05.01.2022,2022-01-05,11,2022,True,0.0146946573407846,0.019337862648402294,0.020744653883776082,0.018795102652123877
22,06.01.2022,2022-01-06,11,2022,True,0.0156442752243912,0.020451558466527468,0.020744653883776082,0.01879576858439554
22,07.01.2022,2022-01-07,11,2022,True,0.0155703223141225,0.016691803729502092,0.020744653883776082,0.01688127974424008
22,10.01.2022,2022-01-10,11,2022,True,0.0152390043196698,0.013586197492471808,0.020744653883776082,0.0158733827557921
22,11.01.2022,2022-01-11,11,2022,True,0.0150601350350547,0.015041921964338397,0.020744653883776082,0.01616499658560772
22,12.01.2022,2022-01-12,11,2022,True,0.0153951876769399,0.01336595949649063,0.020744653883776082,0.016759363821016577
22,13.01.2022,2022-01-13,11,2022,True,0.0175077839839775,0.013140697178707136,0.020744653883776082,0.01678155698057243
22,14.01.2022,2022-01-14,11,2022,True,0.0174234388992479,0.013355290370098936,0.020744653883776082,0.01651689945699169
22,18.01.2022,2022-01-18,11,2022,True,0.0179147332394152,0.012216836500228562,0.020744653883776082,0.01637543215066941
22,19.01.2022,2022-01-19,11,2022,True,0.0178471410912766,0.014357849036987239,0.020744653883776082,0.01646655703685228
22,20.01.2022,2022-01-20,11,2022,True,0.0190907261579883,0.015157192947592255,0.020744653883776082,0.016392986619426692
22,21.01.2022,2022-01-21,11,2022,True,0.0189925484718047,0.01655567617067697,0.020744653883776082,0.01531654805535458
22,24.01.2022,2022-01-24,11,2022,True,0.0186548601275228,0.015290477915947332,0.020744653883776082,0.0134628220439279
22,25.01.2022,2022-01-25,11,2022,True,0.0186806935547882,0.01445186054325441,0.020744653883776082,0.013568170513229031
22,26.01.2022,2022-01-26,11,2022,True,0.0192408255722435,0.014341945292170952,0.020744653883776082,0.013771246634676666
22,27.01.2022,2022-01-27,11,2022,True,0.0202920607521147,0.014146574518457146,0.020744653883776082,0.013737607356107214
22,28.01.2022,2022-01-28,11,2022,True,0.024666948640495,0.012589701029846228,0.020744653883776082,0.013603346925711399
22,31.01.2022,2022-01-31,11,2022,True,0.0256021722124493,0.013064938962147558,0.020744653883776082,0.013604606826628219
22,01.02.2022,2022-02-01,11,2022,True,0.0274339741275797,0.015528870707306743,0.020744653883776082,0.013675033739564812
22,02.02.2022,2022-02-02,11,2022,True,0.0280473938244474,0.013058403479436036,0.020744653883776082,0.014995586258887477
22,03.02.2022,2022-02-03,11,2022,True,0.0284840911208605,0.013127844876960337,0.020744653883776082,0.013939209943994548
22,04.02.2022,2022-02-04,11,2022,True,0.0437773524377274,0.012232819649815834,0.020744653883776082,0.014039343689464424
22,07.02.2022,2022-02-07,11,2022,True,0.043988002409042,0.015304771475034692,0.020744653883776082,0.014443230157042344
22,08.02.2022,2022-02-08,11,2022,True,0.0437654956756442,0.014089730835119385,0.020744653883776082,0.014694657340784666
22,09.02.2022,2022-02-09,11,2022,True,0.0457451653051513,0.015182833326446661,0.020744653883776082,0.015644275224391293
22,10.02.2022,2022-02-10,11,2022,True,0.0484269193419807,0.015972231362799013,0.020744653883776082,0.01557032231412261
22,11.02.2022,2022-02-11,11,2022,True,0.0482287578548338,0.017706099867033056,0.020744653883776082,0.015239004319669871
22,14.02.2022,2022-02-14,11,2022,True,0.0512236651489923,0.015727528216180422,0.020744653883776082,0.01506013503505474
22,15.02.2022,2022-02-15,11,2022,True,0.0505193927598408,0.017239284799696258,0.020744653883776082,0.015395187676939958
22,16.02.2022,2022-02-16,11,2022,True,0.0522111983674721,0.015957621523819236,0.020744653883776082,0.017507783983977523
22,17.02.2022,2022-02-17,11,2022,True,0.051877389132175,0.015409666520620301,0.020744653883776082,0.017423438899247988
22,18.02.2022,2022-02-18,11,2022,True,0.0526236492019078,0.019416514630410765,0.020744653883776082,0.017914733239415295
22,22.02.2022,2022-02-22,11,2022,True,0.0528259061324389,0.017883594447478075,0.020744653883776082,0.01784714109127667
22,23.02.2022,2022-02-23,11,2022,True,0.052790237418824,0.01894032362274902,0.020744653883776082,0.019090726157988375
22,24.02.2022,2022-02-24,11,2022,True,0.0553697295898039,0.022915912216146053,0.020744653883776082,0.0189925484718048
22,25.02.2022,2022-02-25,11,2022,True,0.0555273502057185,0.02289995201121911,0.020744653883776082,0.018654860127522863
22,28.02.2022,2022-02-28,11,2022,True,0.0554859172541192,0.022563611166985194,0.020744653883776082,0.01868069355478826
22,01.03.2022,2022-03-01,11,2022,True,0.0561653083558701,0.023709559589069017,0.020744653883776082,0.01924082557224358
22,02.03.2022,2022-03-02,11,2022,True,0.0542288643551535,0.02574901270371538,0.020744653883776082,0.020292060752114777
22,03.03.2022,2022-03-03,11,2022,True,0.0545080186540193,0.028014288546843364,0.020744653883776082,0.024666948640495023
22,04.03.2022,2022-03-04,11,2022,True,0.0523437014940903,0.025693055167540616,0.020744653883776082,0.02560217221244934
22,07.03.2022,2022-03-07,11,2022,True,0.0522443251947148,0.02588239413191696,0.020744653883776082,0.027433974127579783
22,08.03.2022,2022-03-08,11,2022,True,0.0511974636932509,0.0321355769260796,0.020744653883776082,0.028047393824447476
22,09.03.2022,2022-03-09,11,2022,True,0.0425210226289569,0.03271978070055135,0.020744653883776082,0.02848409112086059
22,10.03.2022,2022-03-10,11,2022,True,0.043263903492709,0.04904509586548706,0.020744653883776082,0.043777352437727436
22,11.03.2022,2022-03-11,11,2022,True,0.0448970845863225,0.054377736752707066,0.020744653883776082,0.04398800240904202
22,14.03.2022,2022-03-14,11,2022,True,0.0443510954210412,0.052988807099803886,0.020744653883776082,0.043765495675644306
22,15.03.2022,2022-03-15,11,2022,True,0.0419093811523317,0.05823555323697727,0.020744653883776082,0.045745165305151325
22,16.03.2022,2022-03-16,11,2022,True,0.0415852920272297,0.04894691679086967,0.020744653883776082,0.04842691934198078
22,17.03.2022,2022-03-17,11,2022,True,0.0396564170920436,0.05514575413674299,0.020744653883776082,0.0482287578548339
22,18.03.2022,2022-03-18,11,2022,True,0.0395780125752038,0.06357091616539497,0.020744653883776082,0.05122366514899233
22,21.03.2022,2022-03-21,11,2022,True,0.0366270359970322,0.06282456837205322,0.020744653883776082,0.05051939275984081
22,22.03.2022,2022-03-22,11,2022,True,0.0367231216096002,0.0687760544428488,0.020744653883776082,0.052211198367472185
22,23.03.2022,2022-03-23,11,2022,True,0.0353920617961995,0.06584354744361232,0.020744653883776082,0.05187738913217508
22,24.03.2022,2022-03-24,11,2022,True,0.0359565928648162,0.07196042860390008,0.020744653883776082,0.05262364920190781
22,25.03.2022,2022-03-25,11,2022,True,0.0357599001187218,0.060757933251827774,0.020744653883776082,0.052825906132438954
22,28.03.2022,2022-03-28,11,2022,True,0.0331963121513791,0.058105774908345134,0.020744653883776082,0.05279023741882408
22,29.03.2022,2022-03-29,11,2022,True,0.0331524184237349,0.06412055565649186,0.020744653883776082,0.05536972958980398
22,30.03.2022,2022-03-30,11,2022,True,0.032652369250783,0.06433908997270414,0.020744653883776082,0.055527350205718556
22,31.03.2022,2022-03-31,11,2022,True,0.0313050065447476,0.061993147238791915,0.020744653883776082,0.055485917254119305
22,01.04.2022,2022-04-01,11,2022,True,0.0321423233482162,0.060383319928143483,0.020744653883776082,0.05616530835587017
22,04.04.2022,2022-04-04,11,2022,True,0.0315866891219672,0.05994429392111879,0.020744653883776082,0.05422886435515358
22,05.04.2022,2022-04-05,11,2022,True,0.0316070081559687,0.0635789692766762,0.020744653883776082,0.05450801865401932
22,06.04.2022,2022-04-06,11,2022,True,0.0320854442798596,0.06102735891639954,0.020744653883776082,0.05234370149409039
22,07.04.2022,2022-04-07,11,2022,True,0.0329473149927351,0.05980538956296785,0.020744653883776082,0.05224432519471486
22,08.04.2022,2022-04-08,11,2022,True,0.0342025779959831,0.061887211226025175,0.020744653883776082,0.05119746369325091
22,11.04.2022,2022-04-11,11,2022,True,0.0327229288461388,0.0543445229022242,0.020744653883776082,0.04252102262895694
22,12.04.2022,2022-04-12,11,2022,True,0.0311427539832437,0.05224780544970049,0.020744653883776082,0.04326390349270909
22,13.04.2022,2022-04-13,11,2022,True,0.0304774559401121,0.05222832524499082,0.020744653883776082,0.04489708458632254
22,14.04.2022,2022-04-14,11,2022,True,0.0303399999425954,0.05003547546250195,0.020744653883776082,0.0443510954210413
22,18.04.2022,2022-04-18,11,2022,True,0.0306696113230554,0.044585157145735105,0.020744653883776082,0.04190938115233172
22,19.04.2022,2022-04-19,11,2022,True,0.0289101004321454,0.042465088357198796,0.020744653883776082,0.0415852920272298
22,20.04.2022,2022-04-20,11,2022,True,0.0288810380402249,0.04459961318014436,0.020744653883776082,0.039656417092043685
22,21.04.2022,2022-04-21,11,2022,True,0.0287870118953716,0.04694810938050674,0.020744653883776082,0.039578012575203825
22,22.04.2022,2022-04-22,11,2022,True,0.028516037522337,0.04423489542002888,0.020744653883776082,0.03662703599703225
22,25.04.2022,2022-04-25,11,2022,True,0.026744906124815,0.04522207819278601,0.020744653883776082,0.036723121609600284
22,26.04.2022,2022-04-26,11,2022,True,0.026879037912628,0.040583424177822444,0.020744653883776082,0.035392061796199546
22,27.04.2022,2022-04-27,11,2022,True,0.0269964961322875,0.046016593799639544,0.020744653883776082,0.03595659286481622
22,28.04.2022,2022-04-28,11,2022,True,0.0272227912932122,0.045783302832110226,0.020744653883776082,0.03575990011872188
22,29.04.2022,2022-04-29,11,2022,True,0.030024572463102,0.04099390023315696,0.020744653883776082,0.03319631215137919
22,02.05.2022,2022-05-02,11,2022,True,0.0297661396810485,0.042617518521376144,0.020744653883776082,0.03315241842373492
22,03.05.2022,2022-05-03,11,2022,True,0.0291913693007264,0.040446603724974176,0.020744653883776082,0.03265236925078305
22,04.05.2022,2022-05-04,11,2022,True,0.0276622877476018,0.03901607097323455,0.020744653883776082,0.03130500654474767
22,05.05.2022,2022-05-05,11,2022,True,0.0276760668552573,0.04368059258035432,0.020744653883776082,0.03214232334821628
22,06.05.2022,2022-05-06,11,2022,True,0.0279654370181129,0.04607161189280774,0.020744653883776082,0.031586689121967215
22,09.05.2022,2022-05-09,11,2022,True,0.0242367448790506,0.043893986309991806,0.020744653883776082,0.03160700815596875
22,10.05.2022,2022-05-10,11,2022,True,0.0228139217701334,0.04049250272842854,0.020744653883776082,0.03208544427985961
22,11.05.2022,2022-05-11,11,2022,True,0.020991708213787,0.04246413742038971,0.020744653883776082,0.0329473149927352
22,12.05.2022,2022-05-12,11,2022,True,0.0211918021935921,0.0435085276860905,0.020744653883776082,0.03420257799598316
22,13.05.2022,2022-05-13,11,2022,True,0.0207148795107177,0.043305068306431,0.020744653883776082,0.03272292884613882
22,16.05.2022,2022-05-16,11,2022,True,0.0202672041304916,0.03664724145219063,0.020744653883776082,0.03114275398324373
22,17.05.2022,2022-05-17,11,2022,True,0.0235108857884414,0.035082557137627146,0.020744653883776082,0.030477455940112166
22,18.05.2022,2022-05-18,11,2022,True,0.0229190624691167,0.03510342168603568,0.020744653883776082,0.03033999994259543
22,19.05.2022,2022-05-19,11,2022,True,0.0229915857213102,0.03519822815517556,0.020744653883776082,0.030669611323055453
22,20.05.2022,2022-05-20,11,2022,True,0.0231865032394889,0.032394083688815,0.020744653883776082,0.028910100432145473
22,23.05.2022,2022-05-23,11,2022,True,0.0239147878684706,0.03487225538266532,0.020744653883776082,0.02888103804022492
22,24.05.2022,2022-05-24,11,2022,True,0.0242005516743563,0.03752344609714421,0.020744653883776082,0.02878701189537163
22,25.05.2022,2022-05-25,11,2022,True,0.0247390657585245,0.03705372475948509,0.020744653883776082,0.028516037522337043
22,26.05.2022,2022-05-26,11,2022,True,0.0241702553240327,0.035360783795156885,0.020744653883776082,0.026744906124815022
22,27.05.2022,2022-05-27,11,2022,True,0.023969645389907,0.033918086194343604,0.020744653883776082,0.026879037912628037
22,31.05.2022,2022-05-31,11,2022,True,0.0236203773070055,0.04240151836047531,0.020744653883776082,0.02699649613228757
22,01.06.2022,2022-06-01,11,2022,True,0.0269694669602016,0.03942583736384035,0.020744653883776082,0.027222791293212235
22,02.06.2022,2022-06-02,11,2022,True,0.0268707185852562,0.03820007399567827,0.020744653883776082,0.030024572463102018
22,03.06.2022,2022-06-03,11,2022,True,0.0281226478097824,0.040937238545944304,0.020744653883776082,0.029766139681048607
22,06.06.2022,2022-06-06,11,2022,True,0.0287649105813449,0.041855096322719464,0.020744653883776082,0.029191369300726504
22,07.06.2022,2022-06-07,11,2022,True,0.028630918745083,0.03755505648320619,0.020744653883776082,0.02766228774760186
22,08.06.2022,2022-06-08,11,2022,True,0.0312742771188482,0.041018124892171465,0.020744653883776082,0.027676066855257312
22,09.06.2022,2022-06-09,11,2022,True,0.0313349690073999,0.047836490269183546,0.020744653883776082,0.027965437018112948
22,10.06.2022,2022-06-10,11,2022,True,0.0313519461002504,0.041412093741830705,0.020744653883776082,0.024236744879050705
22,13.06.2022,2022-06-13,11,2022,True,0.0319179532012756,0.04047101716925082,0.020744653883776082,0.022813921770133472
22,14.06.2022,2022-06-14,11,2022,True,0.0342197913268623,0.03690472212920207,0.020744653883776082,0.020991708213787045
22,15.06.2022,2022-06-15,11,2022,True,0.0341832223498623,0.03844566321329976,0.020744653883776082,0.0211918021935922
22,16.06.2022,2022-06-16,11,2022,True,0.0340105940798977,0.03741246502284809,0.020744653883776082,0.02071487951071779
22,17.06.2022,2022-06-17,11,2022,True,0.0324332630845897,0.03626955822340341,0.020744653883776082,0.02026720413049165
22,21.06.2022,2022-06-21,11,2022,True,0.032203779132889,0.03635646468658743,0.020744653883776082,0.0235108857884415
22,22.06.2022,2022-06-22,11,2022,True,0.0322220156314794,0.03583649342290099,0.020744653883776082,0.022919062469116774
22,23.06.2022,2022-06-23,11,2022,True,0.0321189020002426,0.03808893252778458,0.020744653883776082,0.02299158572131025
22,24.06.2022,2022-06-24,11,2022,True,0.03186047197659,0.03557265478879097,0.020744653883776082,0.02318650323948892
22,27.06.2022,2022-06-27,11,2022,True,0.031599253427672,0.03261601517408832,0.020744653883776082,0.023914787868470674
22,28.06.2022,2022-06-28,11,2022,True,0.0316701816489112,0.03469837840075489,0.020744653883776082,0.024200551674356405
22,29.06.2022,2022-06-29,11,2022,True,0.0372164205199059,0.03255712920698586,0.020744653883776082,0.024739065758524532
22,30.06.2022,2022-06-30,11,2022,True,0.0372773247611741,0.03240227004786081,0.020744653883776082,0.0241702553240328
22,01.07.2022,2022-07-01,11,2022,True,0.0376195425178959,0.030406371691610923,0.020744653883776082,0.023969645389907066
22,05.07.2022,2022-07-05,11,2022,True,0.0339696839614774,0.03454195169072355,0.020744653883776082,0.0236203773070056
22,06.07.2022,2022-07-06,11,2022,True,0.0338620295984974,0.03278388507650868,0.020744653883776082,0.02696946696020168
22,07.07.2022,2022-07-07,11,2022,True,0.0329417999730098,0.03612854775504269,0.020744653883776082,0.02687071858525624
22,08.07.2022,2022-07-08,11,2022,True,0.032426774923203,0.037675645963475814,0.020744653883776082,0.028122647809782467
22,11.07.2022,2022-07-11,11,2022,True,0.0325892218191675,0.03614452650545507,0.020744653883776082,0.028764910581344977
22,12.07.2022,2022-07-12,11,2022,True,0.0290968595546232,0.03302391035515072,0.020744653883776082,0.028630918745083066
22,13.07.2022,2022-07-13,11,2022,True,0.0292642081810631,0.035426370949477766,0.020744653883776082,0.03127427711884821
22,14.07.2022,2022-07-14,11,2022,True,0.0299925723280321,0.03339846324080377,0.020744653883776082,0.03133496900739999
22,15.07.2022,2022-07-15,11,2022,True,0.0301058634111942,0.03412018807003147,0.020744653883776082,0.0313519461002504
22,18.07.2022,2022-07-18,11,2022,True,0.0279927194473471,0.0349972302909081,0.020744653883776082,0.03191795320127568
22,19.07.2022,2022-07-19,11,2022,True,0.0288906335533849,0.031291429133428535,0.020744653883776082,0.03421979132686231
22,20.07.2022,2022-07-20,11,2022,True,0.0289201611806779,0.03168305653290873,0.020744653883776082,0.03418322234986239
22,21.07.2022,2022-07-21,11,2022,True,0.0283992644035801,0.030666574915771027,0.020744653883776082,0.03401059407989779
22,22.07.2022,2022-07-22,11,2022,True,0.029721404707699,0.02753886889876518,0.020744653883776082,0.032433263084589735
22,25.07.2022,2022-07-25,11,2022,True,0.0294972512871832,0.031101706942973217,0.020744653883776082,0.03220377913288904
22,26.07.2022,2022-07-26,11,2022,True,0.0297015759030508,0.0306158983755489,0.020744653883776082,0.03222201563147949
22,27.07.2022,2022-07-27,11,2022,True,0.0295464919541627,0.03003964099610134,0.020744653883776082,0.032118902000242644
22,28.07.2022,2022-07-28,11,2022,True,0.0308681740216131,0.03124082159567954,0.020744653883776082,0.03186047197659002
22,29.07.2022,2022-07-29,11,2022,True,0.0324053354349936,0.030291590054646465,0.020744653883776082,0.03159925342767201
22,01.08.2022,2022-08-01,11,2022,True,0.0260537405220678,0.028593681236331155,0.020744653883776082,0.0316701816489113
22,02.08.2022,2022-08-02,11,2022,True,0.0274939024574125,0.03305632734062408,0.020744653883776082,0.037216420519905986
22,03.08.2022,2022-08-03,11,2022,True,0.0264827886992088,0.03371294783122346,0.020744653883776082,0.037277324761174194
22,04.08.2022,2022-08-04,11,2022,True,0.0258367337639486,0.03712084838922716,0.020744653883776082,0.037619542517895926
22,05.08.2022,2022-08-05,11,2022,True,0.0280729717504238,0.03948927247489096,0.020744653883776082,0.033969683961477454
22,08.08.2022,2022-08-08,11,2022,True,0.0279081412920063,0.0353061356412132,0.020744653883776082,0.033862029598497455
22,09.08.2022,2022-08-09,11,2022,True,0.0294586003970448,0.0331071685465161,0.020744653883776082,0.03294179997300982
22,10.08.2022,2022-08-10,11,2022,True,0.0294839291710609,0.03262673713862691,0.020744653883776082,0.03242677492320305
22,11.08.2022,2022-08-11,11,2022,True,0.0290238427252988,0.035815289857574456,0.020744653883776082,0.0325892218191676
22,12.08.2022,2022-08-12,11,2022,True,0.0290281995684974,0.03290823720179566,0.020744653883776082,0.029096859554623215
22,15.08.2022,2022-08-15,11,2022,True,0.0292177551864778,0.029456487443881924,0.020744653883776082,0.02926420818106315
22,16.08.2022,2022-08-16,11,2022,True,0.0286034948976153,0.03841610583895112,0.020744653883776082,0.029992572328032128
22,17.08.2022,2022-08-17,11,2022,True,0.0284722955508275,0.03904474030352116,0.020744653883776082,0.03010586341119428
22,18.08.2022,2022-08-18,11,2022,True,0.0277114323908375,0.03485464658075101,0.020744653883776082,0.027992719447347183
22,19.08.2022,2022-08-19,11,2022,True,0.0277214263799524,0.035599294288794284,0.020744653883776082,0.028890633553384962
22,22.08.2022,2022-08-22,11,2022,True,0.0278090954215743,0.034588681122943624,0.020744653883776082,0.02892016118067793
22,23.08.2022,2022-08-23,11,2022,True,0.0278819422788389,0.03313584592333359,0.020744653883776082,0.028399264403580156
22,24.08.2022,2022-08-24,11,2022,True,0.0278616267001414,0.02848333467351311,0.020744653883776082,0.029721404707699052
22,25.08.2022,2022-08-25,11,2022,True,0.0286918711073359,0.030101746391589124,0.020744653883776082,0.029497251287183283
22,26.08.2022,2022-08-26,11,2022,True,0.0296347369606192,0.030243608079151395,0.020744653883776082,0.02970157590305085
22,29.08.2022,2022-08-29,11,2022,True,0.027849807291255,0.02922904692548738,0.020744653883776082,0.0295464919541628
22,30.08.2022,2022-08-30,11,2022,True,0.0256327162439225,0.03861445332425499,0.020744653883776082,0.03086817402161315
22,31.08.2022,2022-08-31,11,2022,True,0.0252912645049258,0.035527657567424646,0.020744653883776082,0.032405335434993625
22,01.09.2022,2022-09-01,11,2022,True,0.0247706081508645,0.028683642076292957,0.020744653883776082,0.026053740522067853
22,02.09.2022,2022-09-02,11,2022,True,0.024998237028828,0.032402053944812485,0.020744653883776082,0.027493902457412588
22,06.09.2022,2022-09-06,11,2022,True,0.0251012747988376,0.030918586857568126,0.020744653883776082,0.026482788699208903
22,07.09.2022,2022-09-07,11,2022,True,0.0230896569441748,0.029390511719996265,0.020744653883776082,0.02583673376394868
22,08.09.2022,2022-09-08,11,2022,True,0.0235037683105099,0.0320972892869218,0.020744653883776082,0.02807297175042388
22,09.09.2022,2022-09-09,11,2022,True,0.0224730120780501,0.032300789913249174,0.020744653883776082,0.027908141292006368
22,12.09.2022,2022-09-12,11,2022,True,0.0227180436047872,0.032024803543042435,0.020744653883776082,0.029458600397044846
22,13.09.2022,2022-09-13,11,2022,True,0.0231723681271821,0.030185703376976885,0.020744653883776082,0.02948392917106097
22,14.09.2022,2022-09-14,11,2022,True,0.0240563127269761,0.028040457980298077,0.020744653883776082,0.029023842725298826
22,15.09.2022,2022-09-15,11,2022,True,0.0228228453201669,0.029799546951140163,0.020744653883776082,0.029028199568497427
22,16.09.2022,2022-09-16,11,2022,True,0.0231015978823032,0.030024845880138377,0.020744653883776082,0.029217755186477897
22,19.09.2022,2022-09-19,11,2022,True,0.0237513179738027,0.029018229152022897,0.020744653883776082,0.028603494897615378
22,20.09.2022,2022-09-20,11,2022,True,0.023505209070857,0.030550211785929163,0.020744653883776082,0.02847229555082755
22,21.09.2022,2022-09-21,11,2022,True,0.0235178631584243,0.03066323592026699,0.020744653883776082,0.027711432390837502
22,22.09.2022,2022-09-22,11,2022,True,0.0235061225999028,0.030953560650557346,0.020744653883776082,0.02772142637995241
22,23.09.2022,2022-09-23,11,2022,True,0.0206603314754278,0.033635470957396565,0.020744653883776082,0.027809095421574354
22,26.09.2022,2022-09-26,11,2022,True,0.0200355273049476,0.03309947945137141,0.020744653883776082,0.027881942278838924
22,27.09.2022,2022-09-27,11,2022,True,0.0196071300612476,0.038329721364242675,0.020744653883776082,0.027861626700141407
22,28.09.2022,2022-09-28,11,2022,True,0.0187945276685506,0.037087756640170694,0.020744653883776082,0.02869187110733593
22,29.09.2022,2022-09-29,11,2022,True,0.018811576864917,0.03495267035182418,0.020744653883776082,0.029634736960619232
22,30.09.2022,2022-09-30,11,2022,True,0.0187366462947901,0.03360533900364923,0.020744653883776082,0.027849807291255035
22,03.10.2022,2022-10-03,11,2022,True,0.0188731309408654,0.032009308969266445,0.020744653883776082,0.025632716243922587
22,04.10.2022,2022-10-04,11,2022,True,0.0181327192453257,0.03340566559740627,0.020744653883776082,0.025291264504925862
22,05.10.2022,2022-10-05,11,2022,True,0.0197078961975704,0.031870761968516195,0.020744653883776082,0.024770608150864595
22,06.10.2022,2022-10-06,11,2022,True,0.0196982458214081,0.03071282868295463,0.020744653883776082,0.024998237028828033
22,07.10.2022,2022-10-07,11,2022,True,0.0189658262822808,0.030448167991822987,0.020744653883776082,0.0251012747988377
22,10.10.2022,2022-10-10,11,2022,True,0.0195608751601326,0.024923114775135157,0.020744653883776082,0.02308965694417482
22,11.10.2022,2022-10-11,11,2022,True,0.0192959176051001,0.02853084259431597,0.020744653883776082,0.02350376831051
22,12.10.2022,2022-10-12,11,2022,True,0.0194776945815034,0.028602379227859808,0.020744653883776082,0.022473012078050206
22,13.10.2022,2022-10-13,11,2022,True,0.020017871899523,0.028508152052648845,0.020744653883776082,0.022718043604787276
22,14.10.2022,2022-10-14,11,2022,True,0.0188492663847833,0.028860073303802223,0.020744653883776082,0.023172368127182187
22,17.10.2022,2022-10-17,11,2022,True,0.0190162575261346,0.03379192927911977,0.020744653883776082,0.024056312726976174
22,18.10.2022,2022-10-18,11,2022,True,0.0200393935208501,0.03143215600095985,0.020744653883776082,0.02282284532016697
22,19.10.2022,2022-10-19,11,2022,True,0.0197808922898949,0.03587054600797699,0.020744653883776082,0.023101597882303305
22,20.10.2022,2022-10-20,11,2022,True,0.0197757417309751,0.032089034566503694,0.020744653883776082,0.023751317973802786
22,21.10.2022,2022-10-21,11,2022,True,0.0197194867044838,0.03353153044827143,0.020744653883776082,0.023505209070857045
22,24.10.2022,2022-10-24,11,2022,True,0.0208238982471381,0.03178743191180294,0.020744653883776082,0.023517863158424395
22,25.10.2022,2022-10-25,11,2022,True,0.0210732225989385,0.03839663152143364,0.020744653883776082,0.02350612259990282
22,26.10.2022,2022-10-26,11,2022,True,0.020123994876345,0.029115816392657982,0.020744653883776082,0.020660331475427857
22,27.10.2022,2022-10-27,11,2022,True,0.019677981343837,0.03396746152519006,0.020744653883776082,0.020035527304947617
22,28.10.2022,2022-10-28,11,2022,True,0.0210342477195799,0.02854397690546071,0.020744653883776082,0.01960713006124769
22,31.10.2022,2022-10-31,11,2022,True,0.0215164121385401,0.02595898958530841,0.020744653883776082,0.018794527668550623
22,01.11.2022,2022-11-01,11,2022,True,0.0216415082245376,0.027364377733326145,0.020744653883776082,0.018811576864917034
22,02.11.2022,2022-11-02,11,2022,True,0.0220289411474174,0.029814338905627555,0.020744653883776082,0.018736646294790146
22,03.11.2022,2022-11-03,11,2022,True,0.0231530022250262,0.029901694312128326,0.020744653883776082,0.018873130940865426
22,04.11.2022,2022-11-04,11,2022,True,0.0208133546744952,0.026053203469626796,0.020744653883776082,0.018132719245325744
22,07.11.2022,2022-11-07,11,2022,True,0.0207931972791395,0.02953625502035373,0.020744653883776082,0.019707896197570435
22,08.11.2022,2022-11-08,11,2022,True,0.0206309243156547,0.029561077604800756,0.020744653883776082,0.019698245821408198
22,09.11.2022,2022-11-09,11,2022,True,0.0214631747153672,0.023795699973834773,0.020744653883776082,0.01896582628228083
22,10.11.2022,2022-11-10,11,2022,True,0.0229280709607954,0.024315485909482876,0.020744653883776082,0.01956087516013268
22,11.11.2022,2022-11-11,11,2022,True,0.0229451903982152,0.029691437809780293,0.020744653883776082,0.01929591760510018
22,14.11.2022,2022-11-14,11,2022,True,0.0225026492573263,0.03208695309553977,0.020744653883776082,0.019477694581503422
22,15.11.2022,2022-11-15,11,2022,True,0.0226984146001376,0.023818376490523863,0.020744653883776082,0.020017871899523067
22,16.11.2022,2022-11-16,11,2022,True,0.0229850540387175,0.023748161014545036,0.020744653883776082,0.01884926638478341
22,17.11.2022,2022-11-17,11,2022,True,0.0222547335210105,0.024681469673334847,0.020744653883776082,0.0190162575261347
22,18.11.2022,2022-11-18,11,2022,True,0.0228567616531034,0.023666853299155074,0.020744653883776082,0.020039393520850195
22,21.11.2022,2022-11-21,11,2022,True,0.0229986145151096,0.02822341981342396,0.020744653883776082,0.019780892289894925
22,22.11.2022,2022-11-22,11,2022,True,0.0243192928241615,0.027853148303001236,0.020744653883776082,0.019775741730975172
22,23.11.2022,2022-11-23,11,2022,True,0.0233035628746108,0.027155495743813346,0.020744653883776082,0.01971948670448382
22,25.11.2022,2022-11-25,11,2022,True,0.0230218720456593,0.03501974809167675,0.020744653883776082,0.02082389824713819
22,28.11.2022,2022-11-28,11,2022,True,0.0231387802886937,0.03431394686161494,0.020744653883776082,0.021073222598938585
22,29.11.2022,2022-11-29,11,2022,True,0.0249547613210564,0.03125018373020015,0.020744653883776082,0.02012399487634505
22,30.11.2022,2022-11-30,11,2022,True,0.0260989769497485,0.02944140681911882,0.020744653883776082,0.01967798134383708
22,01.12.2022,2022-12-01,11,2022,True,0.0279311985658584,0.029359164042040573,0.020744653883776082,0.021034247719579985
22,02.12.2022,2022-12-02,11,2022,True,0.0280303372985178,0.030450393140497165,0.020744653883776082,0.021516412138540185
22,05.12.2022,2022-12-05,11,2022,True,0.0271878772096688,0.03048815961489183,0.020744653883776082,0.02164150822453766
22,06.12.2022,2022-12-06,11,2022,True,0.025945659473457,0.028970545742899416,0.020744653883776082,0.022028941147417498
22,07.12.2022,2022-12-07,11,2022,True,0.0251944220820281,0.03098963435547368,0.020744653883776082,0.023153002225026267
22,08.12.2022,2022-12-08,11,2022,True,0.0257336219317719,0.02701057809118875,0.020744653883776082,0.0208133546744952
22,09.12.2022,2022-12-09,11,2022,True,0.0258498949212437,0.027808008172865644,0.020744653883776082,0.020793197279139575
22,12.12.2022,2022-12-12,11,2022,True,0.0255719640589573,0.028382387993910387,0.020744653883776082,0.020630924315654796
22,13.12.2022,2022-12-13,11,2022,True,0.0247091748394369,0.026957262207268115,0.020744653883776082,0.021463174715367225
22,14.12.2022,2022-12-14,11,2022,True,0.0243753119453574,0.02991095555222965,0.020744653883776082,0.022928070960795407
22,15.12.2022,2022-12-15,11,2022,True,0.0241141887942768,0.02804237892063675,0.020744653883776082,0.022945190398215236
22,16.12.2022,2022-12-16,11,2022,True,0.0233394464965294,0.02572115864468065,0.020744653883776082,0.022502649257326316
22,19.12.2022,2022-12-19,11,2022,True,0.023317549644735,0.026224117451503368,0.020744653883776082,0.02269841460013762
22,20.12.2022,2022-12-20,11,2022,True,0.0240797565306709,0.02372011419313224,0.020744653883776082,0.02298505403871751
22,21.12.2022,2022-12-21,11,2022,True,0.0234863118673017,0.02555771686999927,0.020744653883776082,0.022254733521010515
22,22.12.2022,2022-12-22,11,2022,True,0.0233305214427017,0.024115280135896502,0.020744653883776082,0.022856761653103484
22,23.12.2022,2022-12-23,11,2022,True,0.0223272323184038,0.02519187573809006,0.020744653883776082,0.022998614515109688
22,27.12.2022,2022-12-27,11,2022,True,0.0227938147885714,0.0251601610118843,0.020744653883776082,0.024319292824161527
22,28.12.2022,2022-12-28,11,2022,True,0.0226393900950476,0.02421426666557295,0.020744653883776082,0.023303562874610842
22,29.12.2022,2022-12-29,11,2022,True,0.0229013115158169,0.022201871980716697,0.020744653883776082,0.02302187204565935
22,30.12.2022,2022-12-30,11,2022,True,0.0208248047750625,0.026791331168119888,0.020744653883776082,0.02313878028869373
22,03.01.2023,2023-01-03,12,2023,True,0.0193515590231717,0.025735882742946484,0.021227752588225558,0.024954761321056496
22,04.01.2023,2023-01-04,12,2023,True,0.015669449869361,0.02525484762220129,0.021227752588225558,0.026098976949748602
22,05.01.2023,2023-01-05,12,2023,True,0.016920937984416,0.025985516046093435,0.021227752588225558,0.02793119856585843
22,06.01.2023,2023-01-06,12,2023,True,0.0171397678512204,0.02713177247360438,0.021227752588225558,0.028030337298517845
22,09.01.2023,2023-01-09,12,2023,True,0.017128777185531,0.025717830421476427,0.021227752588225558,0.027187877209668858
22,10.01.2023,2023-01-10,12,2023,True,0.0176175237987587,0.02593096789620145,0.021227752588225558,0.025945659473457047
22,11.01.2023,2023-01-11,12,2023,True,0.0164581209322758,0.023775324770667423,0.021227752588225558,0.025194422082028132
22,12.01.2023,2023-01-12,12,2023,True,0.0164004821876756,0.024084227979498843,0.021227752588225558,0.025733621931771977
22,13.01.2023,2023-01-13,12,2023,True,0.016111298030538,0.02439509013216446,0.021227752588225558,0.025849894921243774
22,17.01.2023,2023-01-17,12,2023,True,0.0160347206739082,0.025467337860612033,0.021227752588225558,0.025571964058957397
22,18.01.2023,2023-01-18,12,2023,True,0.016768573191207,0.023626244428173324,0.021227752588225558,0.024709174839436947
22,19.01.2023,2023-01-19,12,2023,True,0.0164445852099527,0.023472546398261258,0.021227752588225558,0.024375311945357463
22,20.01.2023,2023-01-20,12,2023,True,0.0169494204714395,0.023865058524766575,0.021227752588225558,0.024114188794276844
22,23.01.2023,2023-01-23,12,2023,True,0.0175625432150422,0.021837661414124975,0.021227752588225558,0.023339446496529432
22,24.01.2023,2023-01-24,12,2023,True,0.0172085162465789,0.02325439974529953,0.021227752588225558,0.02331754964473504
22,25.01.2023,2023-01-25,12,2023,True,0.0172682845664583,0.02282717033286539,0.021227752588225558,0.024079756530671015
22,26.01.2023,2023-01-26,12,2023,True,0.0173572412098978,0.022444390900529524,0.021227752588225558,0.023486311867301754
22,27.01.2023,2023-01-27,12,2023,True,0.017334471432915,0.023045488635106613,0.021227752588225558,0.02333052144270178
22,30.01.2023,2023-01-30,12,2023,True,0.0168331691770253,0.023182464630580355,0.021227752588225558,0.022327232318403906
22,31.01.2023,2023-01-31,12,2023,True,0.0170101764179538,0.02224562767962403,0.021227752588225558,0.022793814788571422
22,01.02.2023,2023-02-01,12,2023,True,0.0163941076297617,0.020413487793912364,0.021227752588225558,0.02263939009504769
22,02.02.2023,2023-02-02,12,2023,True,0.018000409209883,0.022487774602044187,0.021227752588225558,0.022901311515816997
22,03.02.2023,2023-02-03,12,2023,True,0.0169907369903069,0.029011306610335554,0.021227752588225558,0.020824804775062593
22,06.02.2023,2023-02-06,12,2023,True,0.0170577113550186,0.025453144564008014,0.021227752588225558,0.019351559023171788
22,07.02.2023,2023-02-07,12,2023,True,0.0157986535020339,0.01994747309368582,0.021227752588225558,0.015669449869361043
22,08.02.2023,2023-02-08,12,2023,True,0.0161135454751052,0.017018688249385513,0.021227752588225558,0.016920937984416067
22,09.02.2023,2023-02-09,12,2023,True,0.0181846480464576,0.01666667364566706,0.021227752588225558,0.017139767851220483
22,10.02.2023,2023-02-10,12,2023,True,0.0196727684919191,0.01873574759973443,0.021227752588225558,0.017128777185531047
22,13.02.2023,2023-02-13,12,2023,True,0.0200720810678781,0.01915243486723671,0.021227752588225558,0.017617523798758743
22,14.02.2023,2023-02-14,12,2023,True,0.0203614514953121,0.01904338308132529,0.021227752588225558,0.016458120932275846
22,15.02.2023,2023-02-15,12,2023,True,0.0207172640731752,0.01870966224682855,0.021227752588225558,0.016400482187675706
22,16.02.2023,2023-02-16,12,2023,True,0.0215044975783279,0.019605988237010052,0.021227752588225558,0.016111298030538113
22,17.02.2023,2023-02-17,12,2023,True,0.0215878098044962,0.019729224907664784,0.021227752588225558,0.016034720673908327
22,21.02.2023,2023-02-21,12,2023,True,0.0216109647915393,0.01893805100531771,0.021227752588225558,0.016768573191207108
22,22.02.2023,2023-02-22,12,2023,True,0.0209198908057939,0.02092194987630147,0.021227752588225558,0.016444585209952796
22,23.02.2023,2023-02-23,12,2023,True,0.0224558959113802,0.019384832017016906,0.021227752588225558,0.0169494204714396
22,24.02.2023,2023-02-24,12,2023,True,0.0223397679901299,0.017923231775657713,0.021227752588225558,0.017562543215042237
22,27.02.2023,2023-02-27,12,2023,True,0.0223052078946839,0.017829512388501383,0.021227752588225558,0.01720851624657898
22,28.02.2023,2023-02-28,12,2023,True,0.022128093993961,0.018153714055969383,0.021227752588225558,0.017268284566458382
22,01.03.2023,2023-03-01,12,2023,True,0.022150873173151,0.017232409728656493,0.021227752588225558,0.017357241209897855
22,02.03.2023,2023-03-02,12,2023,True,0.0261357542311379,0.017928871763672236,0.021227752588225558,0.017334471432915062
22,03.03.2023,2023-03-03,12,2023,True,0.0259849427467869,0.017678480979530783,0.021227752588225558,0.016833169177025393
22,06.03.2023,2023-03-06,12,2023,True,0.0259665517811534,0.01792368727413979,0.021227752588225558,0.017010176417953854
22,07.03.2023,2023-03-07,12,2023,True,0.0248669651588038,0.020826737009250754,0.021227752588225558,0.016394107629761793
22,08.03.2023,2023-03-08,12,2023,True,0.0249358503016512,0.01821855715541767,0.021227752588225558,0.018000409209883068
22,09.03.2023,2023-03-09,12,2023,True,0.0249586919713104,0.01832592011073466,0.021227752588225558,0.01699073699030701
22,10.03.2023,2023-03-10,12,2023,True,0.0251118380030454,0.018549268374321064,0.021227752588225558,0.017057711355018636
22,13.03.2023,2023-03-13,12,2023,True,0.0246771311810124,0.016658331385837655,0.021227752588225558,0.01579865350203394
22,14.03.2023,2023-03-14,12,2023,True,0.0225564313182902,0.017612903247201217,0.021227752588225558,0.016113545475105268
22,15.03.2023,2023-03-15,12,2023,True,0.0197355699422465,0.0234220714174126,0.021227752588225558,0.018184648046457697
22,16.03.2023,2023-03-16,12,2023,True,0.0197091627953175,0.02760425712134562,0.021227752588225558,0.01967276849191917
22,17.03.2023,2023-03-17,12,2023,True,0.0194578296907085,0.029581116917483715,0.021227752588225558,0.020072081067878188
22,20.03.2023,2023-03-20,12,2023,True,0.02046665545334,0.031686088448737035,0.021227752588225558,0.020361451495312162
22,21.03.2023,2023-03-21,12,2023,True,0.0201558531469177,0.03223084185395458,0.021227752588225558,0.020717264073175267
22,22.03.2023,2023-03-22,12,2023,True,0.020013832184029,0.029550513827894438,0.021227752588225558,0.021504497578327966
22,23.03.2023,2023-03-23,12,2023,True,0.0206653529311021,0.02912796912563646,0.021227752588225558,0.021587809804496223
22,24.03.2023,2023-03-24,12,2023,True,0.0223065862245417,0.032510278554758444,0.021227752588225558,0.021610964791539324
22,27.03.2023,2023-03-27,12,2023,True,0.0205976253007821,0.030747678839948847,0.021227752588225558,0.020919890805793914
22,28.03.2023,2023-03-28,12,2023,True,0.0207915889079086,0.027858264912081664,0.021227752588225558,0.022455895911380235
22,29.03.2023,2023-03-29,12,2023,True,0.0207734164786863,0.02570971528893118,0.021227752588225558,0.022339767990129964
22,30.03.2023,2023-03-30,12,2023,True,0.0233582524845152,0.0249251220526315,0.021227752588225558,0.022305207894684004
22,31.03.2023,2023-03-31,12,2023,True,0.0246325857155883,0.02088215866598472,0.021227752588225558,0.022128093993961023
22,03.04.2023,2023-04-03,12,2023,True,0.0196593938881014,0.019494781736512912,0.021227752588225558,0.02215087317315103
22,04.04.2023,2023-04-04,12,2023,True,0.0218553693166903,0.019913446686473532,0.021227752588225558,0.026135754231137988
22,05.04.2023,2023-04-05,12,2023,True,0.0226278625734761,0.019477107922531857,0.021227752588225558,0.025984942746786983
22,06.04.2023,2023-04-06,12,2023,True,0.0226952475433795,0.019748620086245765,0.021227752588225558,0.025966551781153483
22,10.04.2023,2023-04-10,12,2023,True,0.0227330808461533,0.01951174929140477,0.021227752588225558,0.024866965158803826
22,11.04.2023,2023-04-11,12,2023,True,0.0224171947054902,0.018718901316479096,0.021227752588225558,0.02493585030165125
22,12.04.2023,2023-04-12,12,2023,True,0.0216704449737911,0.020575121693649435,0.021227752588225558,0.02495869197131042
22,13.04.2023,2023-04-13,12,2023,True,0.0220872531612796,0.02213442391515159,0.021227752588225558,0.025111838003045436
22,14.04.2023,2023-04-14,12,2023,True,0.0220073441575912,0.023443928865666507,0.021227752588225558,0.024677131181012495
22,17.04.2023,2023-04-17,12,2023,True,0.022949034134982,0.02129796752052488,0.021227752588225558,0.02255643131829029
22,18.04.2023,2023-04-18,12,2023,True,0.0230218377698363,0.018971534310442163,0.021227752588225558,0.019735569942246553
22,19.04.2023,2023-04-19,12,2023,True,0.02278987303652,0.018367414523285486,0.021227752588225558,0.019709162795317578
22,20.04.2023,2023-04-20,12,2023,True,0.0224132652295278,0.019094850795295267,0.021227752588225558,0.019457829690708556
22,21.04.2023,2023-04-21,12,2023,True,0.0225199430764156,0.0204554920777208,0.021227752588225558,0.020466655453340064
22,24.04.2023,2023-04-24,12,2023,True,0.0227812736856685,0.019674675441248176,0.021227752588225558,0.02015585314691779
22,25.04.2023,2023-04-25,12,2023,True,0.0229342503426524,0.019291267825326586,0.021227752588225558,0.020013832184029044
22,26.04.2023,2023-04-26,12,2023,True,0.0215594714572664,0.02053338066325131,0.021227752588225558,0.020665352931102193
22,27.04.2023,2023-04-27,12,2023,True,0.0234620179769151,0.02197647639934781,0.021227752588225558,0.02230658622454179
22,28.04.2023,2023-04-28,12,2023,True,0.0231938199585666,0.01926367828475555,0.021227752588225558,0.020597625300782137
22,01.05.2023,2023-05-01,12,2023,True,0.0238564631335598,0.018747399391009577,0.021227752588225558,0.02079158890790862
22,02.05.2023,2023-05-02,12,2023,True,0.0219115265520043,0.020143650922282944,0.021227752588225558,0.020773416478686343
22,03.05.2023,2023-05-03,12,2023,True,0.0199371724734708,0.027727897766379392,0.021227752588225558,0.023358252484515243
22,04.05.2023,2023-05-04,12,2023,True,0.0200131361145073,0.026426925427248883,0.021227752588225558,0.02463258571558836
22,05.05.2023,2023-05-05,12,2023,True,0.0184468039806321,0.02278510001364425,0.021227752588225558,0.01965939388810143
22,08.05.2023,2023-05-08,12,2023,True,0.0180240678572491,0.018755243916506698,0.021227752588225558,0.021855369316690357
22,09.05.2023,2023-05-09,12,2023,True,0.0182386494669992,0.021570504775495644,0.021227752588225558,0.022627862573476126
22,10.05.2023,2023-05-10,12,2023,True,0.0198902170101001,0.019912823291269772,0.021227752588225558,0.02269524754337953
22,11.05.2023,2023-05-11,12,2023,True,0.020981530213953,0.019363064578935385,0.021227752588225558,0.022733080846153362
22,12.05.2023,2023-05-12,12,2023,True,0.0210907620184259,0.019053553779837085,0.021227752588225558,0.022417194705490237
22,15.05.2023,2023-05-15,12,2023,True,0.0220902097591133,0.018347965619829838,0.021227752588225558,0.021670444973791128
22,16.05.2023,2023-05-16,12,2023,True,0.0222115706408367,0.017991513967796746,0.021227752588225558,0.022087253161279623
22,17.05.2023,2023-05-17,12,2023,True,0.0215277886636179,0.017913318569960254,0.021227752588225558,0.02200734415759128
22,18.05.2023,2023-05-18,12,2023,True,0.0215757692531831,0.018047942994828023,0.021227752588225558,0.022949034134982043
22,19.05.2023,2023-05-19,12,2023,True,0.0232077384845356,0.017768765800778203,0.021227752588225558,0.023021837769836382
22,22.05.2023,2023-05-22,12,2023,True,0.0231726469204681,0.018216591090902363,0.021227752588225558,0.022789873036520074
22,23.05.2023,2023-05-23,12,2023,True,0.0230457317642019,0.018271351950714814,0.021227752588225558,0.02241326522952788
22,24.05.2023,2023-05-24,12,2023,True,0.0231095559960712,0.0181393423480979,0.021227752588225558,0.022519943076415635
22,25.05.2023,2023-05-25,12,2023,True,0.0232187059881258,0.019419526354730723,0.021227752588225558,0.022781273685668565
22,26.05.2023,2023-05-26,12,2023,True,0.0231388341866983,0.018774615689759837,0.021227752588225558,0.022934250342652424
22,30.05.2023,2023-05-30,12,2023,True,0.0210263151722418,0.016533828934807444,0.021227752588225558,0.021559471457266454
22,31.05.2023,2023-05-31,12,2023,True,0.0208538657453961,0.01790781159005506,0.021227752588225558,0.023462017976915196
22,01.06.2023,2023-06-01,12,2023,True,0.0210822622601066,0.01962466784574595,0.021227752588225558,0.023193819958566692
22,02.06.2023,2023-06-02,12,2023,True,0.0204415999912974,0.02002329631558856,0.021227752588225558,0.023856463133559873
22,05.06.2023,2023-06-05,12,2023,True,0.0210763629642878,0.017744936966511183,0.021227752588225558,0.021911526552004335
22,06.06.2023,2023-06-06,12,2023,True,0.0211643094430391,0.01680720622433721,0.021227752588225558,0.019937172473470887
22,07.06.2023,2023-06-07,12,2023,True,0.0215767489306453,0.016893486584258238,0.021227752588225558,0.020013136114507325
22,08.06.2023,2023-06-08,12,2023,True,0.0213856750613018,0.015270671810222233,0.021227752588225558,0.018446803980632205
22,09.06.2023,2023-06-09,12,2023,True,0.0211676136211213,0.014471654369016424,0.021227752588225558,0.018024067857249183
22,12.06.2023,2023-06-12,12,2023,True,0.0194489535815982,0.01643897767895143,0.021227752588225558,0.018238649466999275
22,13.06.2023,2023-06-13,12,2023,True,0.0188862152061694,0.020072156150851363,0.021227752588225558,0.01989021701010012
22,14.06.2023,2023-06-14,12,2023,True,0.0186345205848223,0.01813723446049587,0.021227752588225558,0.020981530213953083
22,15.06.2023,2023-06-15,12,2023,True,0.0174697551197225,0.01792071182872893,0.021227752588225558,0.021090762018426013
22,16.06.2023,2023-06-16,12,2023,True,0.0173231414404854,0.01786444535379093,0.021227752588225558,0.022090209759113348
22,20.06.2023,2023-06-20,12,2023,True,0.0174614538385304,0.016589547227101323,0.021227752588225558,0.02221157064083676
22,21.06.2023,2023-06-21,12,2023,True,0.0176431737114109,0.01709562344881316,0.021227752588225558,0.02152778866361798
22,22.06.2023,2023-06-22,12,2023,True,0.0149047202265153,0.01671786415488846,0.021227752588225558,0.021575769253183153
22,23.06.2023,2023-06-23,12,2023,True,0.015079692264944,0.016553227515957735,0.021227752588225558,0.02320773848453562
22,26.06.2023,2023-06-26,12,2023,True,0.015243561400451,0.017334340753717772,0.021227752588225558,0.023172646920468123
22,27.06.2023,2023-06-27,12,2023,True,0.0134676771204709,0.018625623638490824,0.021227752588225558,0.023045731764202
22,28.06.2023,2023-06-28,12,2023,True,0.0129328463336767,0.01998848376325996,0.021227752588225558,0.0231095559960713
22,29.06.2023,2023-06-29,12,2023,True,0.0132774851167217,0.019858436316082806,0.021227752588225558,0.023218705988125834
22,30.06.2023,2023-06-30,12,2023,True,0.0144106945743932,0.01937178062698655,0.021227752588225558,0.023138834186698362
22,03.07.2023,2023-07-03,12,2023,True,0.0147959418403921,0.017034177799297348,0.021227752588225558,0.02102631517224181
22,05.07.2023,2023-07-05,12,2023,True,0.0141711701681135,0.017990228191373813,0.021227752588225558,0.02085386574539617
22,06.07.2023,2023-07-06,12,2023,True,0.0144998538332231,0.017253443746512602,0.021227752588225558,0.02108226226010662
22,07.07.2023,2023-07-07,12,2023,True,0.0138328008545123,0.016405139604832288,0.021227752588225558,0.020441599991297448
22,10.07.2023,2023-07-10,12,2023,True,0.013663049385961,0.017136760675001087,0.021227752588225558,0.021076362964287852
22,11.07.2023,2023-07-11,12,2023,True,0.0137070125860064,0.018377092692021806,0.021227752588225558,0.021164309443039146
22,12.07.2023,2023-07-12,12,2023,True,0.0136624481961559,0.017188525278789307,0.021227752588225558,0.021576748930645342
22,13.07.2023,2023-07-13,12,2023,True,0.0135736861477523,0.01648385769835789,0.021227752588225558,0.021385675061301908
22,14.07.2023,2023-07-14,12,2023,True,0.0133614431662723,0.01666384008359798,0.021227752588225558,0.021167613621121316
22,17.07.2023,2023-07-17,12,2023,True,0.0133476898903733,0.016537171920567324,0.021227752588225558,0.01944895358159826
22,18.07.2023,2023-07-18,12,2023,True,0.0131552133214876,0.016743234302482278,0.021227752588225558,0.01888621520616946
22,19.07.2023,2023-07-19,12,2023,True,0.0131637716422082,0.01624772769145764,0.021227752588225558,0.018634520584822394
22,20.07.2023,2023-07-20,12,2023,True,0.0132473627396547,0.014763210811972474,0.021227752588225558,0.017469755119722583
22,21.07.2023,2023-07-21,12,2023,True,0.0128973573627162,0.01510831179251373,0.021227752588225558,0.017323141440485478
22,24.07.2023,2023-07-24,12,2023,True,0.012403110879553,0.018960299011073583,0.021227752588225558,0.01746145383853043
22,25.07.2023,2023-07-25,12,2023,True,0.0121845462694473,0.018307001537948685,0.021227752588225558,0.017643173711410998
22,26.07.2023,2023-07-26,12,2023,True,0.012355495143586,0.015135703547486811,0.021227752588225558,0.014904720226515414
22,27.07.2023,2023-07-27,12,2023,True,0.011897328533569,0.018346366180716573,0.021227752588225558,0.015079692264944036
22,28.07.2023,2023-07-28,12,2023,True,0.0120538236488698,0.019242167654826812,0.021227752588225558,0.015243561400451034
22,31.07.2023,2023-07-31,12,2023,True,0.0120042978774648,0.016878038873428338,0.021227752588225558,0.013467677120470917
22,01.08.2023,2023-08-01,12,2023,True,0.0121090691454845,0.016407182209301225,0.021227752588225558,0.012932846333676805
22,02.08.2023,2023-08-02,12,2023,True,0.0117179951113208,0.01707644624774072,0.021227752588225558,0.013277485116721723
22,03.08.2023,2023-08-03,12,2023,True,0.0112650031059135,0.019436604616806852,0.021227752588225558,0.014410694574393233
22,04.08.2023,2023-08-04,12,2023,True,0.0110632735084573,0.01818880155592365,0.021227752588225558,0.01479594184039213
22,07.08.2023,2023-08-07,12,2023,True,0.0109182274017995,0.018714125125906336,0.021227752588225558,0.01417117016811353
22,08.08.2023,2023-08-08,12,2023,True,0.0108726718744491,0.01836177972462825,0.021227752588225558,0.014499853833223133
22,09.08.2023,2023-08-09,12,2023,True,0.0104475519981917,0.017033166982198,0.021227752588225558,0.013832800854512389
22,10.08.2023,2023-08-10,12,2023,True,0.0103064107787143,0.017644607961050433,0.021227752588225558,0.013663049385961053
22,11.08.2023,2023-08-11,12,2023,True,0.0103478683215413,0.017422164034992218,0.021227752588225558,0.013707012586006453
22,14.08.2023,2023-08-14,12,2023,True,0.0107265530165851,0.019244745000479072,0.021227752588225558,0.01366244819615593
22,15.08.2023,2023-08-15,12,2023,True,0.0098420906274665,0.020741996913961596,0.021227752588225558,0.01357368614775237
22,16.08.2023,2023-08-16,12,2023,True,0.0085651772566612,0.019440831889586844,0.021227752588225558,0.01336144316627233
22,17.08.2023,2023-08-17,12,2023,True,0.0086588950075788,0.018341348277636404,0.021227752588225558,0.013347689890373327
22,18.08.2023,2023-08-18,12,2023,True,0.0091162068622506,0.017788159947196215,0.021227752588225558,0.013155213321487693
22,21.08.2023,2023-08-21,12,2023,True,0.0090531900731698,0.01764540030495285,0.021227752588225558,0.013163771642208236
22,22.08.2023,2023-08-22,12,2023,True,0.0088664648381192,0.019936456513070275,0.021227752588225558,0.013247362739654715
22,23.08.2023,2023-08-23,12,2023,True,0.0083243122615552,0.020079064213608555,0.021227752588225558,0.012897357362716265
22,24.08.2023,2023-08-24,12,2023,True,0.0082985217738731,0.019366821275428728,0.021227752588225558,0.0124031108795531
22,25.08.2023,2023-08-25,12,2023,True,0.0093810110357388,0.019640757833822693,0.021227752588225558,0.012184546269447401
22,28.08.2023,2023-08-28,12,2023,True,0.0100702665634395,0.01942285784321197,0.021227752588225558,0.012355495143586057
22,29.08.2023,2023-08-29,12,2023,True,0.010026998612041,0.01883123663203231,0.021227752588225558,0.011897328533569026
22,30.08.2023,2023-08-30,12,2023,True,0.0153372834777247,0.018923910309811744,0.021227752588225558,0.012053823648869904
22,31.08.2023,2023-08-31,12,2023,True,0.0152026440030065,0.01987503908470613,0.021227752588225558,0.012004297877464895
22,01.09.2023,2023-09-01,12,2023,True,0.0193687722845591,0.021012101958507827,0.021227752588225558,0.012109069145484562
22,05.09.2023,2023-09-05,12,2023,True,0.0193345629275546,0.017060762155153886,0.021227752588225558,0.011717995111320847
22,06.09.2023,2023-09-06,12,2023,True,0.0193310990708583,0.015235447601359316,0.021227752588225558,0.011265003105913515
22,07.09.2023,2023-09-07,12,2023,True,0.0214884751820163,0.015094205797492386,0.021227752588225558,0.011063273508457348
22,08.09.2023,2023-09-08,12,2023,True,0.0214146239718779,0.015305464419277165,0.021227752588225558,0.010918227401799532
22,11.09.2023,2023-09-11,12,2023,True,0.0218122360366209,0.01545134734507601,0.021227752588225558,0.010872671874449165
22,12.09.2023,2023-09-12,12,2023,True,0.0214686453796243,0.015239136077089608,0.021227752588225558,0.010447551998191754
22,13.09.2023,2023-09-13,12,2023,True,0.0248221649210404,0.015024708064860564,0.021227752588225558,0.010306410778714333
22,14.09.2023,2023-09-14,12,2023,True,0.0245526533148331,0.01616960881644107,0.021227752588225558,0.010347868321541335
22,15.09.2023,2023-09-15,12,2023,True,0.0245556369409957,0.017183810041633666,0.021227752588225558,0.010726553016585134
22,18.09.2023,2023-09-18,12,2023,True,0.024869023276908,0.01576077564462388,0.021227752588225558,0.009842090627466611
22,19.09.2023,2023-09-19,12,2023,True,0.0249796705122023,0.013946341787046538,0.021227752588225558,0.0085651772566613
22,20.09.2023,2023-09-20,12,2023,True,0.0249238164937335,0.014010476372619674,0.021227752588225558,0.00865889500757882
22,21.09.2023,2023-09-21,12,2023,True,0.0254851956084777,0.014501238557908006,0.021227752588225558,0.009116206862250713
22,22.09.2023,2023-09-22,12,2023,True,0.025770536572527,0.016284672095788457,0.021227752588225558,0.009053190073169891
22,25.09.2023,2023-09-25,12,2023,True,0.0263463029481849,0.0158609252699251,0.021227752588225558,0.008866464838119254
22,26.09.2023,2023-09-26,12,2023,True,0.0267173525954776,0.01437681861098211,0.021227752588225558,0.008324312261555304
22,27.09.2023,2023-09-27,12,2023,True,0.0267940548140453,0.015082368400049785,0.021227752588225558,0.008298521773873212
22,28.09.2023,2023-09-28,12,2023,True,0.0275482827927616,0.016312678726095816,0.021227752588225558,0.009381011035738856
22,29.09.2023,2023-09-29,12,2023,True,0.0275498821303965,0.017479241496838514,0.021227752588225558,0.010070266563439558
22,02.10.2023,2023-10-02,12,2023,True,0.0264197539661282,0.018487615768760176,0.021227752588225558,0.010026998612041095
22,03.10.2023,2023-10-03,12,2023,True,0.0271211238889912,0.01738305164534505,0.021227752588225558,0.01533728347772471
22,04.10.2023,2023-10-04,12,2023,True,0.0246033014827405,0.021353815364520683,0.021227752588225558,0.015202644003006525
22,05.10.2023,2023-10-05,12,2023,True,0.0242027126612306,0.02084155582945399,0.021227752588225558,0.019368772284559122
22,06.10.2023,2023-10-06,12,2023,True,0.0258636256846257,0.02123250410108672,0.021227752588225558,0.019334562927554626
22,09.10.2023,2023-10-09,12,2023,True,0.0244718321558384,0.019456696018714262,0.021227752588225558,0.019331099070858324
22,10.10.2023,2023-10-10,12,2023,True,0.0245732522558827,0.018710416272316146,0.021227752588225558,0.021488475182016364
22,11.10.2023,2023-10-11,12,2023,True,0.0246863870054366,0.018283334924960766,0.021227752588225558,0.021414623971877902
22,12.10.2023,2023-10-12,12,2023,True,0.0248978451168117,0.018700351155696855,0.021227752588225558,0.02181223603662098
22,13.10.2023,2023-10-13,12,2023,True,0.0213897065568391,0.02029439584819576,0.021227752588225558,0.021468645379624344
22,16.10.2023,2023-10-16,12,2023,True,0.0214361183562219,0.01808678966191829,0.021227752588225558,0.024822164921040432
22,17.10.2023,2023-10-17,12,2023,True,0.0232208176904787,0.017731580270901947,0.021227752588225558,0.024552653314833178
22,18.10.2023,2023-10-18,12,2023,True,0.0248115702520002,0.017455633591387094,0.021227752588225558,0.02455563694099576
22,19.10.2023,2023-10-19,12,2023,True,0.0252629442295056,0.02328001883759245,0.021227752588225558,0.024869023276908042
22,20.10.2023,2023-10-20,12,2023,True,0.0252983760204304,0.025272472493427782,0.021227752588225558,0.02497967051220231
22,23.10.2023,2023-10-23,12,2023,True,0.0248818809372874,0.024314206241969866,0.021227752588225558,0.02492381649373351
22,24.10.2023,2023-10-24,12,2023,True,0.0248050693412323,0.02532732067471139,0.021227752588225558,0.025485195608477798
22,25.10.2023,2023-10-25,12,2023,True,0.0240561202846233,0.023144107712868782,0.021227752588225558,0.025770536572527057
22,26.10.2023,2023-10-26,12,2023,True,0.0242860506686515,0.025748442568553524,0.021227752588225558,0.02634630294818494
22,27.10.2023,2023-10-27,12,2023,True,0.0236883587309733,0.02547941250845194,0.021227752588225558,0.026717352595477622
22,30.10.2023,2023-10-30,12,2023,True,0.0227087651937275,0.024906908525844554,0.021227752588225558,0.026794054814045325
22,31.10.2023,2023-10-31,12,2023,True,0.0247573480248378,0.02356786251135904,0.021227752588225558,0.027548282792761638
22,01.11.2023,2023-11-01,12,2023,True,0.0240275408938579,0.02637631856884406,0.021227752588225558,0.02754988213039651
22,02.11.2023,2023-11-02,12,2023,True,0.0231318560560717,0.02480762171343182,0.021227752588225558,0.02641975396612821
22,03.11.2023,2023-11-03,12,2023,True,0.0239098275167502,0.02694006600436135,0.021227752588225558,0.027121123888991235
22,06.11.2023,2023-11-06,12,2023,True,0.0238255353970281,0.02082623226229462,0.021227752588225558,0.024603301482740567
22,07.11.2023,2023-11-07,12,2023,True,0.0232020283910743,0.023555526002069154,0.021227752588225558,0.024202712661230596
22,08.11.2023,2023-11-08,12,2023,True,0.0226810388071064,0.022004769074589547,0.021227752588225558,0.02586362568462573
22,09.11.2023,2023-11-09,12,2023,True,0.023808104887314,0.020744282012522736,0.021227752588225558,0.024471832155838407
22,10.11.2023,2023-11-10,12,2023,True,0.0236585610272213,0.01971545658010318,0.021227752588225558,0.024573252255882718
22,13.11.2023,2023-11-13,12,2023,True,0.0245756901377228,0.029018595711160958,0.021227752588225558,0.02468638700543667
22,14.11.2023,2023-11-14,12,2023,True,0.0245747663368332,0.029275855992094386,0.021227752588225558,0.024897845116811795
22,15.11.2023,2023-11-15,12,2023,True,0.0248226962977263,0.023066948022760294,0.021227752588225558,0.02138970655683917
22,16.11.2023,2023-11-16,12,2023,True,0.0228935553042145,0.02555766469945451,0.021227752588225558,0.021436118356221914
22,17.11.2023,2023-11-17,12,2023,True,0.0211901372130333,0.02569108116451893,0.021227752588225558,0.0232208176904787
22,20.11.2023,2023-11-20,12,2023,True,0.0206445732357432,0.02230364038314725,0.021227752588225558,0.02481157025200024
22,21.11.2023,2023-11-21,12,2023,True,0.0206375172444499,0.02021679142616519,0.021227752588225558,0.025262944229505636
22,22.11.2023,2023-11-22,12,2023,True,0.021388376736611,0.02193879131978603,0.021227752588225558,0.02529837602043045
22,24.11.2023,2023-11-24,12,2023,True,0.02141419502368,0.02066320692552793,0.021227752588225558,0.024881880937287403
22,27.11.2023,2023-11-27,12,2023,True,0.0216202358493343,0.021458679844607677,0.021227752588225558,0.024805069341232375
22,28.11.2023,2023-11-28,12,2023,True,0.0213121753783969,0.024635937442381475,0.021227752588225558,0.024056120284623308
22,29.11.2023,2023-11-29,12,2023,True,0.0209859018057342,0.024820377436269865,0.021227752588225558,0.024286050668651565
22,30.11.2023,2023-11-30,12,2023,True,0.0222573249556524,0.025998399321293674,0.021227752588225558,0.02368835873097339
22,01.12.2023,2023-12-01,12,2023,True,0.0197870270231866,0.02142284191683326,0.021227752588225558,0.022708765193727578
22,04.12.2023,2023-12-04,12,2023,True,0.0199249715498713,0.023023489766698997,0.021227752588225558,0.02475734802483789
22,05.12.2023,2023-12-05,12,2023,True,0.0211345669069602,0.020200366818221266,0.021227752588225558,0.024027540893857897
22,06.12.2023,2023-12-06,12,2023,True,0.0197648251281914,0.019530679035810634,0.021227752588225558,0.023131856056071737
22,07.12.2023,2023-12-07,12,2023,True,0.0199067814975298,0.021675016383457247,0.021227752588225558,0.023909827516750262
22,08.12.2023,2023-12-08,12,2023,True,0.019340702003589,0.020454039034713847,0.021227752588225558,0.023825535397028162
22,11.12.2023,2023-12-11,12,2023,True,0.0194653756529334,0.019895882176283932,0.021227752588225558,0.023202028391074395
22,12.12.2023,2023-12-12,12,2023,True,0.0174521025769769,0.018944719352336156,0.021227752588225558,0.02268103880710647
22,13.12.2023,2023-12-13,12,2023,True,0.0173637398610036,0.018131252653041243,0.021227752588225558,0.023808104887314007
22,14.12.2023,2023-12-14,12,2023,True,0.0164156206353523,0.015530288068903097,0.021227752588225558,0.023658561027221317
22,15.12.2023,2023-12-15,12,2023,True,0.0165057046167272,0.018669189414449745,0.021227752588225558,0.02457569013772285
22,18.12.2023,2023-12-18,12,2023,True,0.016545152834068,0.018625369198184243,0.021227752588225558,0.02457476633683321
22,19.12.2023,2023-12-19,12,2023,True,0.0162653982630203,0.019928708100693502,0.021227752588225558,0.024822696297726377
22,20.12.2023,2023-12-20,12,2023,True,0.0162692653760275,0.018701599660448813,0.021227752588225558,0.02289355530421454
22,21.12.2023,2023-12-21,12,2023,True,0.0173831204712133,0.017444084439830178,0.021227752588225558,0.021190137213033356
22,22.12.2023,2023-12-22,12,2023,True,0.0175086095834143,0.01757659559814453,0.021227752588225558,0.020644573235743244
22,26.12.2023,2023-12-26,12,2023,True,0.0170876248399675,0.017902109027155423,0.021227752588225558,0.020637517244449927
22,27.12.2023,2023-12-27,12,2023,True,0.0166081705586605,0.01930130752365103,0.021227752588225558,0.02138837673661105
22,28.12.2023,2023-12-28,12,2023,True,0.0165185246225759,0.018996275451749083,0.021227752588225558,0.021414195023680044
22,29.12.2023,2023-12-29,12,2023,True,0.0181194711180249,0.017895359570701097,0.021227752588225558,0.02162023584933437
22,02.01.2024,2024-01-02,13,2024,True,0.0182331624257302,0.018427187774392725,0.021146940147359863,0.02131217537839699
22,03.01.2024,2024-01-03,13,2024,True,0.017087131376673,0.01882344986018444,0.021146940147359863,0.020985901805734293
22,04.01.2024,2024-01-04,13,2024,True,0.0170592923001595,0.02008380317121026,0.021146940147359863,0.022257324955652476
22,05.01.2024,2024-01-05,13,2024,True,0.016839767321392,0.01722470429105494,0.021146940147359863,0.019787027023186632
22,08.01.2024,2024-01-08,13,2024,True,0.016150863084851,0.01690379236698754,0.021146940147359863,0.019924971549871356
22,09.01.2024,2024-01-09,13,2024,True,0.0157811836346703,0.0178050771321685,0.021146940147359863,0.021134566906960278
22,10.01.2024,2024-01-10,13,2024,True,0.0155628833361531,0.016213303661085036,0.021146940147359863,0.01976482512819146
22,11.01.2024,2024-01-11,13,2024,True,0.0155875335123138,0.016937716796487607,0.021146940147359863,0.019906781497529873
22,12.01.2024,2024-01-12,13,2024,True,0.0158911307497111,0.0172899246138061,0.021146940147359863,0.019340702003589054
22,16.01.2024,2024-01-16,13,2024,True,0.0161385851113936,0.019331856752649892,0.021146940147359863,0.019465375652933443
22,17.01.2024,2024-01-17,13,2024,True,0.0160707544126414,0.016208600365283626,0.021146940147359863,0.017452102576976967
22,18.01.2024,2024-01-18,13,2024,True,0.0162025690820137,0.01648844973359471,0.021146940147359863,0.01736373986100366
22,19.01.2024,2024-01-19,13,2024,True,0.0161389088941382,0.015051313924781942,0.021146940147359863,0.016415620635352353
22,22.01.2024,2024-01-22,13,2024,True,0.0157688186272712,0.015548366397879014,0.021146940147359863,0.016505704616727283
22,23.01.2024,2024-01-23,13,2024,True,0.0166971539071154,0.014479635881248142,0.021146940147359863,0.016545152834068058
22,24.01.2024,2024-01-24,13,2024,True,0.0168003020564435,0.01424640328893795,0.021146940147359863,0.016265398263020342
22,25.01.2024,2024-01-25,13,2024,True,0.0158506307176211,0.01413719672530374,0.021146940147359863,0.01626926537602758
22,26.01.2024,2024-01-26,13,2024,True,0.0155896561599503,0.014624143831587801,0.021146940147359863,0.017383120471213324
22,29.01.2024,2024-01-29,13,2024,True,0.015279141627168,0.01593854155456712,0.021146940147359863,0.017508609583414388
22,30.01.2024,2024-01-30,13,2024,True,0.0152403444636836,0.017752716706028453,0.021146940147359863,0.01708762483996753
22,31.01.2024,2024-01-31,13,2024,True,0.0150479780451031,0.01806240470840345,0.021146940147359863,0.016608170558660578
22,01.02.2024,2024-02-01,13,2024,True,0.0126510215374736,0.019490170616730487,0.021146940147359863,0.016518524622575984
22,02.02.2024,2024-02-02,13,2024,True,0.0120139113104586,0.018810831767987295,0.021146940147359863,0.018119471118024918
22,05.02.2024,2024-02-05,13,2024,True,0.0119717962259463,0.0179180839158449,0.021146940147359863,0.01823316242573029
22,06.02.2024,2024-02-06,13,2024,True,0.012252222569154,0.017502201653857994,0.021146940147359863,0.017087131376673025
22,07.02.2024,2024-02-07,13,2024,True,0.0121815802702951,0.01989245885900822,0.021146940147359863,0.017059292300159564
22,08.02.2024,2024-02-08,13,2024,True,0.0104318088518199,0.018558061927284847,0.021146940147359863,0.01683976732139202
22,09.02.2024,2024-02-09,13,2024,True,0.0116772974611738,0.016679927241615697,0.021146940147359863,0.016150863084851034
22,12.02.2024,2024-02-12,13,2024,True,0.0120983016943355,0.016600697841765422,0.021146940147359863,0.01578118363467034
22,13.02.2024,2024-02-13,13,2024,True,0.0119933757924729,0.01586710377970939,0.021146940147359863,0.015562883336153195
22,14.02.2024,2024-02-14,13,2024,True,0.0119625065057502,0.017295684810367536,0.021146940147359863,0.015587533512313893
22,15.02.2024,2024-02-15,13,2024,True,0.0116559156023233,0.017259730016349076,0.021146940147359863,0.01589113074971112
22,16.02.2024,2024-02-16,13,2024,True,0.012268440470372,0.017804107592562218,0.021146940147359863,0.016138585111393686
22,20.02.2024,2024-02-20,13,2024,True,0.0118357038541254,0.016769605308900985,0.021146940147359863,0.01607075441264146
22,21.02.2024,2024-02-21,13,2024,True,0.0118081378660591,0.017097651716530955,0.021146940147359863,0.016202569082013726
22,22.02.2024,2024-02-22,13,2024,True,0.0121139950372158,0.01672612020438792,0.021146940147359863,0.016138908894138226
22,23.02.2024,2024-02-23,13,2024,True,0.0107367130435762,0.015821576804026304,0.021146940147359863,0.015768818627271235
22,26.02.2024,2024-02-26,13,2024,True,0.0105979442488166,0.016600107241459473,0.021146940147359863,0.016697153907115483
22,27.02.2024,2024-02-27,13,2024,True,0.0107425628365395,0.018188207239855723,0.021146940147359863,0.016800302056443495
22,28.02.2024,2024-02-28,13,2024,True,0.0107526305570219,0.016852275268514467,0.021146940147359863,0.01585063071762113
22,29.02.2024,2024-02-29,13,2024,True,0.0111955830796837,0.0158477886249916,0.021146940147359863,0.015589656159950348
22,01.03.2024,2024-03-01,13,2024,True,0.0111731964925588,0.018811128794940422,0.021146940147359863,0.015279141627168001
22,04.03.2024,2024-03-04,13,2024,True,0.0110858434986444,0.02271258088440594,0.021146940147359863,0.015240344463683695
22,05.03.2024,2024-03-05,13,2024,True,0.0106800328602567,0.025885733675305198,0.021146940147359863,0.0150479780451031
22,06.03.2024,2024-03-06,13,2024,True,0.0109528121844719,0.01955375742369834,0.021146940147359863,0.012651021537473595
22,07.03.2024,2024-03-07,13,2024,True,0.0113625477313129,0.017468020767121666,0.021146940147359863,0.012013911310458677
22,08.03.2024,2024-03-08,13,2024,True,0.0110420656958601,0.01631563916256191,0.021146940147359863,0.011971796225946294
22,11.03.2024,2024-03-11,13,2024,True,0.0113553163926945,0.019965401642342475,0.021146940147359863,0.012252222569154047
22,12.03.2024,2024-03-12,13,2024,True,0.0112558134968294,0.01957678397584861,0.021146940147359863,0.012181580270295174
22,13.03.2024,2024-03-13,13,2024,True,0.0103595838898385,0.01699153331965088,0.021146940147359863,0.010431808851819963
22,14.03.2024,2024-03-14,13,2024,True,0.0099556704120135,0.01775117489743952,0.021146940147359863,0.01167729746117383
22,15.03.2024,2024-03-15,13,2024,True,0.0122100364788518,0.02081159018273484,0.021146940147359863,0.012098301694335541
22,18.03.2024,2024-03-18,13,2024,True,0.011616832981996,0.020193275002175395,0.021146940147359863,0.011993375792472935
22,19.03.2024,2024-03-19,13,2024,True,0.0115611155066932,0.018100845404317865,0.021146940147359863,0.011962506505750271
22,20.03.2024,2024-03-20,13,2024,True,0.010995659410846,0.018941185216248407,0.021146940147359863,0.01165591560232334
22,21.03.2024,2024-03-21,13,2024,True,0.0114686518611005,0.017296864102712285,0.021146940147359863,0.01226844047037209
22,22.03.2024,2024-03-22,13,2024,True,0.0114791545373582,0.01574541888425785,0.021146940147359863,0.011835703854125393
22,25.03.2024,2024-03-25,13,2024,True,0.0112708356151674,0.017839408162922364,0.021146940147359863,0.011808137866059098
22,26.03.2024,2024-03-26,13,2024,True,0.0111958089356493,0.01886863762428792,0.021146940147359863,0.012113995037215842
22,27.03.2024,2024-03-27,13,2024,True,0.0115718753747905,0.01686218591731992,0.021146940147359863,0.010736713043576264
22,28.03.2024,2024-03-28,13,2024,True,0.0111784000262616,0.01735936836880191,0.021146940147359863,0.010597944248816665
22,01.04.2024,2024-04-01,13,2024,True,0.0157208924154886,0.017711230040363467,0.021146940147359863,0.010742562836539534
22,02.04.2024,2024-04-02,13,2024,True,0.0151791831680394,0.01883894301234105,0.021146940147359863,0.010752630557021936
22,03.04.2024,2024-04-03,13,2024,True,0.015127990287511,0.020165397853869137,0.021146940147359863,0.011195583079683762
22,04.04.2024,2024-04-04,13,2024,True,0.0147117861896321,0.0209044518360124,0.021146940147359863,0.011173196492558879
22,05.04.2024,2024-04-05,13,2024,True,0.0145642595198065,0.022490713602851344,0.021146940147359863,0.011085843498644462
22,08.04.2024,2024-04-08,13,2024,True,0.0146554045849629,0.024668659999191055,0.021146940147359863,0.010680032860256723
22,09.04.2024,2024-04-09,13,2024,True,0.0146407264886888,0.024996018106654035,0.021146940147359863,0.010952812184471966
22,10.04.2024,2024-04-10,13,2024,True,0.0144104892026149,0.021265711249055862,0.021146940147359863,0.011362547731312993
22,11.04.2024,2024-04-11,13,2024,True,0.0145601027412762,0.021862841424382627,0.021146940147359863,0.011042065695860125
22,12.04.2024,2024-04-12,13,2024,True,0.01444184606915,0.026235775219815263,0.021146940147359863,0.011355316392694556
22,15.04.2024,2024-04-15,13,2024,True,0.0145615159140922,0.02617305968798676,0.021146940147359863,0.011255813496829444
22,16.04.2024,2024-04-16,13,2024,True,0.0147103009058658,0.02449481175597678,0.021146940147359863,0.010359583889838568
22,17.04.2024,2024-04-17,13,2024,True,0.0135860044361891,0.024926249550733564,0.021146940147359863,0.009955670412013506
22,18.04.2024,2024-04-18,13,2024,True,0.0135894839734689,0.024482175444362552,0.021146940147359863,0.012210036478851828
22,19.04.2024,2024-04-19,13,2024,True,0.0136679591103426,0.0263121057655249,0.021146940147359863,0.011616832981996082
22,22.04.2024,2024-04-22,13,2024,True,0.0138181632989988,0.02678048553491727,0.021146940147359863,0.011561115506693236
22,23.04.2024,2024-04-23,13,2024,True,0.013170199835224,0.022748934054188107,0.021146940147359863,0.010995659410846084
22,24.04.2024,2024-04-24,13,2024,True,0.0134595887916105,0.02273059037666215,0.021146940147359863,0.011468651861100543
22,25.04.2024,2024-04-25,13,2024,True,0.0144693516814315,0.023064577979290738,0.021146940147359863,0.011479154537358281
22,26.04.2024,2024-04-26,13,2024,True,0.0143904049251947,0.022517005636207323,0.021146940147359863,0.011270835615167443
22,29.04.2024,2024-04-29,13,2024,True,0.014769775271896,0.022138004732935396,0.021146940147359863,0.011195808935649313
22,30.04.2024,2024-04-30,13,2024,True,0.0147583446177617,0.021089824149225323,0.021146940147359863,0.011571875374790583
22,01.05.2024,2024-05-01,13,2024,True,0.0131628586275841,0.02141374088244578,0.021146940147359863,0.011178400026261633
22,02.05.2024,2024-05-02,13,2024,True,0.013204390611883,0.01721578320205037,0.021146940147359863,0.015720892415488644
22,03.05.2024,2024-05-03,13,2024,True,0.0135215409106726,0.017914991008902134,0.021146940147359863,0.015179183168039475
22,06.05.2024,2024-05-06,13,2024,True,0.0141806477991554,0.018416744359685776,0.021146940147359863,0.01512799028751102
22,07.05.2024,2024-05-07,13,2024,True,0.0141829819184601,0.01840888929323508,0.021146940147359863,0.01471178618963211
22,08.05.2024,2024-05-08,13,2024,True,0.0152458868364363,0.01756204677912271,0.021146940147359863,0.014564259519806527
22,09.05.2024,2024-05-09,13,2024,True,0.0152453571013082,0.019114863528967373,0.021146940147359863,0.014655404584962938
22,10.05.2024,2024-05-10,13,2024,True,0.0151237156205243,0.018689880249069805,0.021146940147359863,0.014640726488688883
22,13.05.2024,2024-05-13,13,2024,True,0.0150511268452194,0.018447152220560484,0.021146940147359863,0.014410489202614894
22,14.05.2024,2024-05-14,13,2024,True,0.0148355288697292,0.01943033842804384,0.021146940147359863,0.014560102741276205
22,15.05.2024,2024-05-15,13,2024,True,0.0153828426362777,0.019040951428178354,0.021146940147359863,0.01444184606915001
22,16.05.2024,2024-05-16,13,2024,True,0.0155529757343877,0.020052984567555665,0.021146940147359863,0.014561515914092257
22,17.05.2024,2024-05-17,13,2024,True,0.0154853219425094,0.018891488553636693,0.021146940147359863,0.014710300905865888
22,20.05.2024,2024-05-20,13,2024,True,0.0155219542027669,0.0178008879941043,0.021146940147359863,0.01358600443618911
22,21.05.2024,2024-05-21,13,2024,True,0.0154204212142047,0.017978334257301314,0.021146940147359863,0.013589483973468932
22,22.05.2024,2024-05-22,13,2024,True,0.0154120882811916,0.017710540194177768,0.021146940147359863,0.013667959110342683
22,23.05.2024,2024-05-23,13,2024,True,0.0153007262502782,0.017927190856464947,0.021146940147359863,0.013818163298998877
22,24.05.2024,2024-05-24,13,2024,True,0.0154129197360001,0.019952535419909767,0.021146940147359863,0.013170199835224052
22,28.05.2024,2024-05-28,13,2024,True,0.0145373267479743,0.01924428624790368,0.021146940147359863,0.013459588791610558
22,29.05.2024,2024-05-29,13,2024,True,0.0144117893483619,0.019616545325673442,0.021146940147359863,0.01446935168143158
22,30.05.2024,2024-05-30,13,2024,True,0.013574598880175,0.018815277814906266,0.021146940147359863,0.01439040492519469
22,31.05.2024,2024-05-31,13,2024,True,0.0136915636567781,0.027360890161239354,0.021146940147359863,0.01476977527189609
22,03.06.2024,2024-06-03,13,2024,True,0.0100481440696783,0.0310421319272772,0.021146940147359863,0.014758344617761713
22,04.06.2024,2024-06-04,13,2024,True,0.0099369164901794,0.01724855357723492,0.021146940147359863,0.013162858627584147
22,05.06.2024,2024-06-05,13,2024,True,0.0104707019708945,0.01842639738452793,0.021146940147359863,0.013204390611883065
22,06.06.2024,2024-06-06,13,2024,True,0.0099338679682777,0.016212390428629774,0.021146940147359863,0.013521540910672635
22,07.06.2024,2024-06-07,13,2024,True,0.0098436550728211,0.016069416120494433,0.021146940147359863,0.014180647799155429
22,10.06.2024,2024-06-10,13,2024,True,0.0086730915637395,0.015549641769694976,0.021146940147359863,0.014182981918460093
22,11.06.2024,2024-06-11,13,2024,True,0.0087045301318858,0.01768889038582652,0.021146940147359863,0.01524588683643632
22,12.06.2024,2024-06-12,13,2024,True,0.0091211750396269,0.017820916025435254,0.021146940147359863,0.015245357101308204
22,13.06.2024,2024-06-13,13,2024,True,0.0096928860505059,0.017285732775335447,0.021146940147359863,0.015123715620524314
22,14.06.2024,2024-06-14,13,2024,True,0.0096747540784296,0.017438707035928862,0.021146940147359863,0.015051126845219488
22,17.06.2024,2024-06-17,13,2024,True,0.0108701493612635,0.016406187659198292,0.021146940147359863,0.014835528869729206
22,18.06.2024,2024-06-18,13,2024,True,0.0104392327247216,0.01629052777676197,0.021146940147359863,0.01538284263627771
22,20.06.2024,2024-06-20,13,2024,True,0.0108433475853765,0.016294223035451416,0.021146940147359863,0.015552975734387756
22,21.06.2024,2024-06-21,13,2024,True,0.0110759151394408,0.017580244799294834,0.021146940147359863,0.015485321942509424
22,24.06.2024,2024-06-24,13,2024,True,0.0110331944072497,0.01820847132736576,0.021146940147359863,0.015521954202766917
22,25.06.2024,2024-06-25,13,2024,True,0.0112026227023383,0.018120718476882753,0.021146940147359863,0.015420421214204751
22,26.06.2024,2024-06-26,13,2024,True,0.0115643049881287,0.018108107986094236,0.021146940147359863,0.015412088281191654
22,27.06.2024,2024-06-27,13,2024,True,0.0112122373583429,0.01864883079889695,0.021146940147359863,0.015300726250278222
22,28.06.2024,2024-06-28,13,2024,True,0.012946533667273,0.019132599087599535,0.021146940147359863,0.015412919736000162
22,01.07.2024,2024-07-01,13,2024,True,0.013128708022165,0.01614129565241803,0.021146940147359863,0.014537326747974304
22,02.07.2024,2024-07-02,13,2024,True,0.0146802067147718,0.01598948071198122,0.021146940147359863,0.014411789348361927
22,03.07.2024,2024-07-03,13,2024,True,0.0141233765047889,0.02151949886399128,0.021146940147359863,0.013574598880174999
22,05.07.2024,2024-07-05,13,2024,True,0.0142188078874483,0.022153469441881662,0.021146940147359863,0.01369156365677813
22,08.07.2024,2024-07-08,13,2024,True,0.0155144553198311,0.016090469229559503,0.021146940147359863,0.010048144069678347
22,09.07.2024,2024-07-09,13,2024,True,0.0156894622807295,0.015507371055702796,0.021146940147359863,0.009936916490179474
22,10.07.2024,2024-07-10,13,2024,True,0.0157247856354849,0.014156159374968585,0.021146940147359863,0.010470701970894516
22,11.07.2024,2024-07-11,13,2024,True,0.0174251425124863,0.015834227730213264,0.021146940147359863,0.009933867968277709
22,12.07.2024,2024-07-12,13,2024,True,0.0178421630788625,0.0156372435971398,0.021146940147359863,0.009843655072821127
22,15.07.2024,2024-07-15,13,2024,True,0.017949527701373,0.013703442652480668,0.021146940147359863,0.008673091563739483
22,16.07.2024,2024-07-16,13,2024,True,0.0182160205253612,0.014276683823744562,0.021146940147359863,0.008704530131885801
22,17.07.2024,2024-07-17,13,2024,True,0.0180632668447531,0.01419122829230903,0.021146940147359863,0.009121175039626974
22,18.07.2024,2024-07-18,13,2024,True,0.0186766809138357,0.014851680141640046,0.021146940147359863,0.009692886050505957
22,19.07.2024,2024-07-19,13,2024,True,0.0178050271190988,0.015523791620135929,0.021146940147359863,0.009674754078429616
22,22.07.2024,2024-07-22,13,2024,True,0.0179848786156412,0.013235487252541582,0.021146940147359863,0.010870149361263496
22,23.07.2024,2024-07-23,13,2024,True,0.0181583032345602,0.013212519786559723,0.021146940147359863,0.01043923272472166
22,24.07.2024,2024-07-24,13,2024,True,0.0188155825571843,0.01252299068458128,0.021146940147359863,0.010843347585376563
22,25.07.2024,2024-07-25,13,2024,True,0.0199013608738821,0.014252498462119623,0.021146940147359863,0.011075915139440798
22,26.07.2024,2024-07-26,13,2024,True,0.0202616968929956,0.014303772025614735,0.021146940147359863,0.011033194407249708
22,29.07.2024,2024-07-29,13,2024,True,0.0200920392783353,0.016784201345405043,0.021146940147359863,0.011202622702338318
22,30.07.2024,2024-07-30,13,2024,True,0.0201520235289104,0.0187008402508839,0.021146940147359863,0.011564304988128715
22,31.07.2024,2024-07-31,13,2024,True,0.0195574633946778,0.018188197526945032,0.021146940147359863,0.011212237358342897
22,01.08.2024,2024-08-01,13,2024,True,0.023867841192386,0.020105821364939713,0.021146940147359863,0.012946533667273044
22,02.08.2024,2024-08-02,13,2024,True,0.0229771755652971,0.022160649855756175,0.021146940147359863,0.013128708022164998
22,05.08.2024,2024-08-05,13,2024,True,0.0229629976059289,0.022578091244670827,0.021146940147359863,0.014680206714771838
22,06.08.2024,2024-08-06,13,2024,True,0.0233434793232938,0.023269372847634393,0.021146940147359863,0.01412337650478892
22,07.08.2024,2024-08-07,13,2024,True,0.0227792195185713,0.022719389475568202,0.021146940147359863,0.014218807887448288
22,08.08.2024,2024-08-08,13,2024,True,0.023618606453021,0.024302342962177995,0.021146940147359863,0.01551445531983109
22,09.08.2024,2024-08-09,13,2024,True,0.0241525972126583,0.0214748014963104,0.021146940147359863,0.015689462280729486
22,12.08.2024,2024-08-12,13,2024,True,0.023293845448274,0.022263244842840552,0.021146940147359863,0.0157247856354849
22,13.08.2024,2024-08-13,13,2024,True,0.0230933549371986,0.02235412497133777,0.021146940147359863,0.017425142512486343
22,14.08.2024,2024-08-14,13,2024,True,0.0234800429962866,0.0211196253147282,0.021146940147359863,0.01784216307886251
22,15.08.2024,2024-08-15,13,2024,True,0.0233680417698259,0.02101992622674387,0.021146940147359863,0.017949527701373005
22,16.08.2024,2024-08-16,13,2024,True,0.0232067534945966,0.020275319638712503,0.021146940147359863,0.018216020525361205
22,19.08.2024,2024-08-19,13,2024,True,0.0230379178613176,0.02063567677665297,0.021146940147359863,0.018063266844753147
22,20.08.2024,2024-08-20,13,2024,True,0.0230320602917889,0.02191340812357881,0.021146940147359863,0.018676680913835696
22,21.08.2024,2024-08-21,13,2024,True,0.0228854657809796,0.020469888634076738,0.021146940147359863,0.017805027119098874
22,22.08.2024,2024-08-22,13,2024,True,0.0229495891231459,0.022022688622048103,0.021146940147359863,0.017984878615641253
22,23.08.2024,2024-08-23,13,2024,True,0.0227301579755006,0.02086160111222535,0.021146940147359863,0.01815830323456026
22,26.08.2024,2024-08-26,13,2024,True,0.0219248426851458,0.020038740051540223,0.021146940147359863,0.01881558255718431
22,27.08.2024,2024-08-27,13,2024,True,0.0216848316980793,0.02070329105156479,0.021146940147359863,0.01990136087388209
22,28.08.2024,2024-08-28,13,2024,True,0.0216328327982984,0.02009013952075715,0.021146940147359863,0.020261696892995642
22,29.08.2024,2024-08-29,13,2024,True,0.0220780147701043,0.021420702729629253,0.021146940147359863,0.020092039278335343
22,30.08.2024,2024-08-30,13,2024,True,0.0220154528316957,0.020320410934453234,0.021146940147359863,0.020152023528910448
22,03.09.2024,2024-09-03,13,2024,True,0.0198471195708663,0.022594821805460852,0.021146940147359863,0.019557463394677788
22,04.09.2024,2024-09-04,13,2024,True,0.0195017366739664,0.019990467340634078,0.021146940147359863,0.02386784119238607
22,05.09.2024,2024-09-05,13,2024,True,0.0207073631226051,0.020278621363344823,0.021146940147359863,0.02297717556529713
22,06.09.2024,2024-09-06,13,2024,True,0.0228402022908103,0.021086197407482094,0.021146940147359863,0.02296299760592891
22,09.09.2024,2024-09-09,13,2024,True,0.0229093226395804,0.024111651758667755,0.021146940147359863,0.02334347932329382
22,10.09.2024,2024-09-10,13,2024,True,0.0220832677807712,0.01967822382909629,0.021146940147359863,0.022779219518571356
22,11.09.2024,2024-09-11,13,2024,True,0.0219653368619007,0.02161158289165909,0.021146940147359863,0.023618606453021072
22,12.09.2024,2024-09-12,13,2024,True,0.0223695272316873,0.020402510292519233,0.021146940147359863,0.024152597212658288
22,13.09.2024,2024-09-13,13,2024,True,0.0243589610762019,0.017131314923323333,0.021146940147359863,0.023293845448274047
22,16.09.2024,2024-09-16,13,2024,True,0.0241548882920754,0.01817796107759517,0.021146940147359863,0.023093354937198607
22,17.09.2024,2024-09-17,13,2024,True,0.0240113209496501,0.016548353862847223,0.021146940147359863,0.02348004299628665
22,18.09.2024,2024-09-18,13,2024,True,0.0243622191361222,0.017288141958475643,0.021146940147359863,0.02336804176982598
22,19.09.2024,2024-09-19,13,2024,True,0.0243666275146597,0.01691641550311005,0.021146940147359863,0.023206753494596614
22,20.09.2024,2024-09-20,13,2024,True,0.0248488627570082,0.017287560343774624,0.021146940147359863,0.023037917861317665
22,23.09.2024,2024-09-23,13,2024,True,0.024993562059168,0.01649958929213916,0.021146940147359863,0.023032060291788926
22,24.09.2024,2024-09-24,13,2024,True,0.0247774693992974,0.017224177513746605,0.021146940147359863,0.02288546578097964
22,25.09.2024,2024-09-25,13,2024,True,0.0246946948172621,0.01757624257342568,0.021146940147359863,0.02294958912314595
22,26.09.2024,2024-09-26,13,2024,True,0.0277303749923369,0.016662997782478216,0.021146940147359863,0.02273015797550066
22,27.09.2024,2024-09-27,13,2024,True,0.027716135717486,0.018366064557387946,0.021146940147359863,0.021924842685145836
22,30.09.2024,2024-09-30,13,2024,True,0.028048334736306,0.017580597464752965,0.021146940147359863,0.02168483169807931
22,01.10.2024,2024-10-01,13,2024,True,0.0275923378294705,0.018726965834818705,0.021146940147359863,0.021632832798298446
22,02.10.2024,2024-10-02,13,2024,True,0.0275710795544624,0.021332334388124666,0.021146940147359863,0.022078014770104328
22,03.10.2024,2024-10-03,13,2024,True,0.0260226786879414,0.02126343081187338,0.021146940147359863,0.022015452831695773
22,04.10.2024,2024-10-04,13,2024,True,0.0260286651256768,0.019283533459261475,0.021146940147359863,0.01984711957086638
22,07.10.2024,2024-10-07,13,2024,True,0.0246484055172192,0.019718227923085436,0.021146940147359863,0.01950173667396642
22,08.10.2024,2024-10-08,13,2024,True,0.0227285971152738,0.01964867347096135,0.021146940147359863,0.020707363122605186
22,09.10.2024,2024-10-09,13,2024,True,0.0231985104121863,0.0221380748954978,0.021146940147359863,0.022840202290810366
22,10.10.2024,2024-10-10,13,2024,True,0.0222333931670077,0.02238523203338852,0.021146940147359863,0.0229093226395804
22,11.10.2024,2024-10-11,13,2024,True,0.0222630681802727,0.02465920693221189,0.021146940147359863,0.022083267780771267
22,14.10.2024,2024-10-14,13,2024,True,0.022061557765702,0.023083783222868085,0.021146940147359863,0.021965336861900723
22,15.10.2024,2024-10-15,13,2024,True,0.0202816541623702,0.025386999871451422,0.021146940147359863,0.022369527231687305
22,16.10.2024,2024-10-16,13,2024,True,0.0207286555894198,0.021886428412884962,0.021146940147359863,0.02435896107620189
22,17.10.2024,2024-10-17,13,2024,True,0.0218986677254509,0.021256710469011224,0.021146940147359863,0.02415488829207547
22,18.10.2024,2024-10-18,13,2024,True,0.0215206309783285,0.02079105455345324,0.021146940147359863,0.02401132094965017
22,21.10.2024,2024-10-21,13,2024,True,0.0212424929583164,0.02125366787693865,0.021146940147359863,0.024362219136122194
22,22.10.2024,2024-10-22,13,2024,True,0.0210431623700208,0.020265965854026475,0.021146940147359863,0.024366627514659768
22,23.10.2024,2024-10-23,13,2024,True,0.0210202333444137,0.02011719336566543,0.021146940147359863,0.02484886275700828
22,24.10.2024,2024-10-24,13,2024,True,0.0218797827435018,0.019952026098049466,0.021146940147359863,0.024993562059168032
22,25.10.2024,2024-10-25,13,2024,True,0.0212662022622113,0.01965890621859755,0.021146940147359863,0.024777469399297435
22,28.10.2024,2024-10-28,13,2024,True,0.0163600137348805,0.020227129220284714,0.021146940147359863,0.02469469481726214
22,29.10.2024,2024-10-29,13,2024,True,0.0163205405121638,0.019221117247343725,0.021146940147359863,0.027730374992336933
22,30.10.2024,2024-10-30,13,2024,True,0.0161199659310954,0.02098837117410019,0.021146940147359863,0.027716135717486066
22,31.10.2024,2024-10-31,13,2024,True,0.0168966400676919,0.017962479356964003,0.021146940147359863,0.028048334736305996
22,01.11.2024,2024-11-01,13,2024,True,0.0173390975269486,0.02180619694892721,0.021146940147359863,0.027592337829470525
22,04.11.2024,2024-11-04,13,2024,True,0.016240513018894,0.019931699637042048,0.021146940147359863,0.027571079554462457
22,05.11.2024,2024-11-05,13,2024,True,0.0163258409970066,0.01991092869939236,0.021146940147359863,0.026022678687941468
22,06.11.2024,2024-11-06,13,2024,True,0.0166672543268843,0.02260590171843051,0.021146940147359863,0.02602866512567688
22,07.11.2024,2024-11-07,13,2024,True,0.0164920573736783,0.022291098034992577,0.021146940147359863,0.02464840551721923
22,08.11.2024,2024-11-08,13,2024,True,0.0163125399721513,0.0208450130961645,0.021146940147359863,0.02272859711527387
22,11.11.2024,2024-11-11,13,2024,True,0.0150958361006008,0.01916068446074113,0.021146940147359863,0.023198510412186363
22,12.11.2024,2024-11-12,13,2024,True,0.015372073071668,0.017826897922452643,0.021146940147359863,0.02223339316700776
22,13.11.2024,2024-11-13,13,2024,True,0.0154748803562021,0.018665198591579783,0.021146940147359863,0.022263068180272714
22,14.11.2024,2024-11-14,13,2024,True,0.015628121467238,0.018061401879359357,0.021146940147359863,0.022061557765702084
22,15.11.2024,2024-11-15,13,2024,True,0.0148700810688922,0.014986599139759658,0.021146940147359863,0.020281654162370252
22,18.11.2024,2024-11-18,13,2024,True,0.0133772881810164,0.016481223783504195,0.021146940147359863,0.020728655589419866
22,19.11.2024,2024-11-19,13,2024,True,0.0133790608415546,0.015945136599589422,0.021146940147359863,0.0218986677254509
22,20.11.2024,2024-11-20,13,2024,True,0.0133294770850245,0.01722146022351761,0.021146940147359863,0.02152063097832857
22,21.11.2024,2024-11-21,13,2024,True,0.0129536500393912,0.016481678171596674,0.021146940147359863,0.021242492958316404
22,22.11.2024,2024-11-22,13,2024,True,0.0126449495319101,0.015492996586976756,0.021146940147359863,0.021043162370020872
22,25.11.2024,2024-11-25,13,2024,True,0.0112946365885678,0.016304363300336917,0.021146940147359863,0.02102023334441372
22,26.11.2024,2024-11-26,13,2024,True,0.0112768991953784,0.0183894787151538,0.021146940147359863,0.021879782743501795
22,27.11.2024,2024-11-27,13,2024,True,0.0112868978230719,0.019265212374905232,0.021146940147359863,0.02126620226221129
22,29.11.2024,2024-11-29,13,2024,True,0.011793148322839,0.014424712508563468,0.021146940147359863,0.016360013734880486
22,02.12.2024,2024-12-02,13,2024,True,0.0112030205560252,0.01337642761901034,0.021146940147359863,0.01632054051216381
22,03.12.2024,2024-12-03,13,2024,True,0.0101426004965039,0.012650357282395969,0.021146940147359863,0.0161199659310954
22,04.12.2024,2024-12-04,13,2024,True,0.009280073285598,0.013276300806399998,0.021146940147359863,0.016896640067691964
22,05.12.2024,2024-12-05,13,2024,True,0.009710928631746,0.013466753413317037,0.021146940147359863,0.017339097526948587
22,06.12.2024,2024-12-06,13,2024,True,0.0128536441777658,0.012391226056321267,0.021146940147359863,0.01624051301889402
22,09.12.2024,2024-12-09,13,2024,True,0.0129004270877763,0.012927217747711071,0.021146940147359863,0.016325840997006628
22,10.12.2024,2024-12-10,13,2024,True,0.0134850314465886,0.012422133375510113,0.021146940147359863,0.016667254326884318
22,11.12.2024,2024-12-11,13,2024,True,0.0139550807622982,0.013071370324836651,0.021146940147359863,0.016492057373678315
22,12.12.2024,2024-12-12,13,2024,True,0.014213055409172,0.013825545054172788,0.021146940147359863,0.01631253997215128
22,13.12.2024,2024-12-13,13,2024,True,0.0142092344655273,0.01359984063761218,0.021146940147359863,0.015095836100600855
22,16.12.2024,2024-12-16,13,2024,True,0.0148087602306923,0.012591909517655396,0.021146940147359863,0.01537207307166798
22,17.12.2024,2024-12-17,13,2024,True,0.0146092779554251,0.01259181730033754,0.021146940147359863,0.015474880356202076
22,18.12.2024,2024-12-18,13,2024,True,0.0148507981071064,0.0146258945666135,0.021146940147359863,0.015628121467238
22,19.12.2024,2024-12-19,13,2024,True,0.01468570566618,0.013885004282537175,0.021146940147359863,0.014870081068892187
22,20.12.2024,2024-12-20,13,2024,True,0.0153900380425454,0.012933024727559873,0.021146940147359863,0.013377288181016394
22,23.12.2024,2024-12-23,13,2024,True,0.0153246803685952,0.0116915122529764,0.021146940147359863,0.013379060841554668
22,24.12.2024,2024-12-24,13,2024,True,0.0154619847741126,0.012020904280271118,0.021146940147359863,0.013329477085024473
22,26.12.2024,2024-12-26,13,2024,True,0.0154044613755214,0.015537743713039889,0.021146940147359863,0.01295365003939126
22,27.12.2024,2024-12-27,13,2024,True,0.0152510977740918,0.012920362739807761,0.021146940147359863,0.01264494953191007
22,30.12.2024,2024-12-30,13,2024,True,0.0154599817257405,0.01181612876759652,0.021146940147359863,0.011294636588567802
22,31.12.2024,2024-12-31,13,2024,True,0.0154585551823588,0.01237895605893393,0.021146940147359863,0.0112768991953784
22,02.01.2025,2025-01-02,14,2025,True,0.0156977566319516,0.010772154768070157,0.02086416534344644,0.011286897823071945
22,03.01.2025,2025-01-03,14,2025,True,0.0155990677135808,0.011638084161197318,0.02086416534344644,0.011793148322839012
22,06.01.2025,2025-01-06,14,2025,True,0.0156525169258765,0.013398543924313031,0.02086416534344644,0.011203020556025173
22,07.01.2025,2025-01-07,14,2025,True,0.0159141238458982,0.012141853793663275,0.02086416534344644,0.010142600496503937
22,08.01.2025,2025-01-08,14,2025,True,0.0160466427895536,0.013578002276790001,0.02086416534344644,0.009280073285597983
22,10.01.2025,2025-01-10,14,2025,True,0.0132610260249441,0.015095856035596896,0.02086416534344644,0.009710928631746024
22,13.01.2025,2025-01-13,14,2025,True,0.01262350100461,0.012101775049881759,0.02086416534344644,0.012853644177765869
22,14.01.2025,2025-01-14,14,2025,True,0.0124230945566499,0.014048601834767067,0.02086416534344644,0.012900427087776306
22,15.01.2025,2025-01-15,14,2025,True,0.0113382955275358,0.014390607528437566,0.02086416534344644,0.013485031446588615
22,16.01.2025,2025-01-16,14,2025,True,0.0113425375296744,0.013784003672946509,0.02086416534344644,0.013955080762298218
22,17.01.2025,2025-01-17,14,2025,True,0.0114703067476877,0.014001059365746062,0.02086416534344644,0.01421305540917198
22,21.01.2025,2025-01-21,14,2025,True,0.01215901807041,0.014499615070321974,0.02086416534344644,0.014209234465527312
22,22.01.2025,2025-01-22,14,2025,True,0.0122632474462226,0.014825130245076024,0.02086416534344644,0.014808760230692325
22,23.01.2025,2025-01-23,14,2025,True,0.0130203752844338,0.016200499292257513,0.02086416534344644,0.014609277955425104
22,24.01.2025,2025-01-24,14,2025,True,0.0129736743306993,0.015609001388475128,0.02086416534344644,0.014850798107106473
22,27.01.2025,2025-01-27,14,2025,True,0.0135167847990555,0.013750967326750052,0.02086416534344644,0.014685705666180047
22,28.01.2025,2025-01-28,14,2025,True,0.0135749558622095,0.018394631610692266,0.02086416534344644,0.015390038042545448
22,29.01.2025,2025-01-29,14,2025,True,0.0140402090230932,0.01497449533279008,0.02086416534344644,0.015324680368595241
22,30.01.2025,2025-01-30,14,2025,True,0.0139941348886892,0.015065530100932152,0.02086416534344644,0.015461984774112626
22,31.01.2025,2025-01-31,14,2025,True,0.014692227089,0.014385884896021519,0.02086416534344644,0.015404461375521405
22,03.02.2025,2025-02-03,14,2025,True,0.0147034639731345,0.014814096770293607,0.02086416534344644,0.015251097774091803
22,04.02.2025,2025-02-04,14,2025,True,0.0150721472945956,0.019110167545136822,0.02086416534344644,0.015459981725740483
22,05.02.2025,2025-02-05,14,2025,True,0.0148074570134684,0.019202153123489416,0.02086416534344644,0.015458555182358854
22,06.02.2025,2025-02-06,14,2025,True,0.0148888799641424,0.018525386125440566,0.02086416534344644,0.015697756631951585
22,07.02.2025,2025-02-07,14,2025,True,0.015584918318364,0.020499406603821657,0.02086416534344644,0.015599067713580803
22,10.02.2025,2025-02-10,14,2025,True,0.0152499419537417,0.015704214255629918,0.02086416534344644,0.015652516925876478
22,11.02.2025,2025-02-11,14,2025,True,0.0150039523156336,0.02474982152992768,0.02086416534344644,0.015914123845898222
22,12.02.2025,2025-02-12,14,2025,True,0.0144815513482294,0.02074005464958819,0.02086416534344644,0.016046642789553617
22,13.02.2025,2025-02-13,14,2025,True,0.0145147905609126,0.017873457704591495,0.02086416534344644,0.013261026024944084
22,14.02.2025,2025-02-14,14,2025,True,0.0145667881540235,0.019767451322613365,0.02086416534344644,0.012623501004610033
22,18.02.2025,2025-02-18,14,2025,True,0.0147141013804463,0.01594801358166142,0.02086416534344644,0.012423094556649951
22,19.02.2025,2025-02-19,14,2025,True,0.0147076728992956,0.013355442689219822,0.02086416534344644,0.011338295527535848
22,20.02.2025,2025-02-20,14,2025,True,0.0149114628498595,0.014144752522656318,0.02086416534344644,0.011342537529674377
22,21.02.2025,2025-02-21,14,2025,True,0.0138240523660954,0.014711355150371037,0.02086416534344644,0.011470306747687745
22,24.02.2025,2025-02-24,14,2025,True,0.0139894104814634,0.017236596910403863,0.02086416534344644,0.012159018070410043
22,25.02.2025,2025-02-25,14,2025,True,0.0130065189996406,0.014545421789990378,0.02086416534344644,0.012263247446222602
22,26.02.2025,2025-02-26,14,2025,True,0.012974073690083,0.016401522285950636,0.02086416534344644,0.013020375284433781
22,27.02.2025,2025-02-27,14,2025,True,0.0126122460953874,0.01788518112071636,0.02086416534344644,0.012973674330699332
22,28.02.2025,2025-02-28,14,2025,True,0.0123536867686423,0.01633037968176832,0.02086416534344644,0.013516784799055525
22,03.03.2025,2025-03-03,14,2025,True,0.0113366376450015,0.013607468340826703,0.02086416534344644,0.013574955862209553
22,04.03.2025,2025-03-04,14,2025,True,0.0184115367375688,0.019870955684914995,0.02086416534344644,0.014040209023093188
22,05.03.2025,2025-03-05,14,2025,True,0.0227738388962475,0.01955193113838254,0.02086416534344644,0.013994134888689213
22,06.03.2025,2025-03-06,14,2025,True,0.0230832933546547,0.016945598812536336,0.02086416534344644,0.014692227089000054
22,07.03.2025,2025-03-07,14,2025,True,0.0230935757693971,0.02216719745558991,0.02086416534344644,0.014703463973134505
22,10.03.2025,2025-03-10,14,2025,True,0.0249948042822971,0.015640799324755282,0.02086416534344644,0.015072147294595587
22,11.03.2025,2025-03-11,14,2025,True,0.0257851335566643,0.01818573611630467,0.02086416534344644,0.014807457013468386
22,12.03.2025,2025-03-12,14,2025,True,0.0259035251232811,0.01774957408830296,0.02086416534344644,0.014888879964142395
22,13.03.2025,2025-03-13,14,2025,True,0.0258121584531549,0.016539958586235814,0.02086416534344644,0.015584918318363998
22,14.03.2025,2025-03-14,14,2025,True,0.0256400883699332,0.01799407445825862,0.02086416534344644,0.015249941953741757
22,17.03.2025,2025-03-17,14,2025,True,0.0259742326894781,0.01794806063897578,0.02086416534344644,0.015003952315633612
22,18.03.2025,2025-03-18,14,2025,True,0.027001962744571,0.01545411867580078,0.02086416534344644,0.014481551348229461
22,19.03.2025,2025-03-19,14,2025,True,0.0274377379605618,0.019567417800593578,0.02086416534344644,0.014514790560912594
22,20.03.2025,2025-03-20,14,2025,True,0.0274575960621982,0.020250485219321553,0.02086416534344644,0.014566788154023505
22,21.03.2025,2025-03-21,14,2025,True,0.0276589504857625,0.014452402129914164,0.02086416534344644,0.014714101380446286
22,24.03.2025,2025-03-24,14,2025,True,0.0275437356670162,0.014963655173228282,0.02086416534344644,0.01470767289929558
22,25.03.2025,2025-03-25,14,2025,True,0.0275955886601122,0.01529262504560246,0.02086416534344644,0.014911462849859516
22,26.03.2025,2025-03-26,14,2025,True,0.0274969749720216,0.014062933397940054,0.02086416534344644,0.01382405236609547
22,27.03.2025,2025-03-27,14,2025,True,0.0277357952683522,0.01386814185659907,0.02086416534344644,0.013989410481463387
22,28.03.2025,2025-03-28,14,2025,True,0.0278384646779957,0.014914254703847588,0.02086416534344644,0.01300651899964066
22,31.03.2025,2025-03-31,14,2025,True,0.0274527517269663,0.015480293434322402,0.02086416534344644,0.01297407369008302
22,01.04.2025,2025-04-01,14,2025,True,0.0274500602402056,0.01741211934359255,0.02086416534344644,0.012612246095387402
22,02.04.2025,2025-04-02,14,2025,True,0.027295784897381,0.017067468074594465,0.02086416534344644,0.012353686768642357
22,03.04.2025,2025-04-03,14,2025,True,0.0255788338942733,0.015567091729726333,0.02086416534344644,0.011336637645001523
22,04.04.2025,2025-04-04,14,2025,True,0.0217558101431608,0.016345060668301957,0.02086416534344644,0.018411536737568866
22,07.04.2025,2025-04-07,14,2025,True,0.0223270732195337,0.022792253745199036,0.02086416534344644,0.02277383889624755
22,08.04.2025,2025-04-08,14,2025,True,0.0221276072236165,0.026763298333042185,0.02086416534344644,0.02308329335465476
22,09.04.2025,2025-04-09,14,2025,True,0.0205153797061265,0.02701873385162295,0.02086416534344644,0.023093575769397096
22,10.04.2025,2025-04-10,14,2025,True,0.0198252023289617,0.02376005718213735,0.02086416534344644,0.024994804282297178
22,11.04.2025,2025-04-11,14,2025,True,0.0194200970342849,0.024446540103925878,0.02086416534344644,0.025785133556664373
22,14.04.2025,2025-04-14,14,2025,True,0.0201241023435439,0.02393066134461981,0.02086416534344644,0.025903525123281115
22,15.04.2025,2025-04-15,14,2025,True,0.0203223680331214,0.023347917551387213,0.02086416534344644,0.025812158453154956
22,16.04.2025,2025-04-16,14,2025,True,0.0199461493151308,0.023454660031329917,0.02086416534344644,0.025640088369933277
22,17.04.2025,2025-04-17,14,2025,True,0.0186432191200215,0.022591095668916258,0.02086416534344644,0.025974232689478127
22,21.04.2025,2025-04-21,14,2025,True,0.017939164078167,0.018457677690805842,0.02086416534344644,0.02700196274457105
22,22.04.2025,2025-04-22,14,2025,True,0.0174907453210756,0.018566691959689796,0.02086416534344644,0.02743773796056182
22,23.04.2025,2025-04-23,14,2025,True,0.0170942330554088,0.018572468703426936,0.02086416534344644,0.0274575960621982
22,24.04.2025,2025-04-24,14,2025,True,0.0171321094110816,0.01866707336304639,0.02086416534344644,0.027658950485762546
22,25.04.2025,2025-04-25,14,2025,True,0.0173510816485363,0.019942507844067908,0.02086416534344644,0.027543735667016234
22,28.04.2025,2025-04-28,14,2025,True,0.0172308283554704,0.01856082832679932,0.02086416534344644,0.027595588660112188
22,29.04.2025,2025-04-29,14,2025,True,0.0164283984720986,0.018216115579784423,0.02086416534344644,0.0274969749720216
22,30.04.2025,2025-04-30,14,2025,True,0.0161213713172419,0.022337966842478078,0.02086416534344644,0.027735795268352226
22,01.05.2025,2025-05-01,14,2025,True,0.015935273165259,0.025086822935077167,0.02086416534344644,0.027838464677995726
22,02.05.2025,2025-05-02,14,2025,True,0.0158526096041587,0.026297021631445174,0.02086416534344644,0.027452751726966373
22,05.05.2025,2025-05-05,14,2025,True,0.0152310250758552,0.02705796808462135,0.02086416534344644,0.027450060240205663
22,06.05.2025,2025-05-06,14,2025,True,0.0142713637966148,0.02930028200619563,0.02086416534344644,0.02729578489738104
22,07.05.2025,2025-05-07,14,2025,True,0.0136058437680181,0.026597128843545825,0.02086416534344644,0.025578833894273373
22,08.05.2025,2025-05-08,14,2025,True,0.012605013643343,0.021921915696339514,0.02086416534344644,0.021755810143160845
22,09.05.2025,2025-05-09,14,2025,True,0.0149278334939471,0.022593043699946545,0.02086416534344644,0.02232707321953373
22,12.05.2025,2025-05-12,14,2025,True,0.0148057479876138,0.02248563539716497,0.02086416534344644,0.022127607223616483
22,13.05.2025,2025-05-13,14,2025,True,0.0197950849911953,0.019951421294331247,0.02086416534344644,0.020515379706126515
22,14.05.2025,2025-05-14,14,2025,True,0.0199981359316265,0.01831901092518215,0.02086416534344644,0.019825202328961705
22,15.05.2025,2025-05-15,14,2025,True,0.0205309451937766,0.017914827964313228,0.02086416534344644,0.019420097034284888
22,16.05.2025,2025-05-16,14,2025,True,0.0205086707532782,0.01853363621670703,0.02086416534344644,0.020124102343543976
22,19.05.2025,2025-05-19,14,2025,True,0.0204883321081157,0.018681148083043615,0.02086416534344644,0.020322368033121433
22,20.05.2025,2025-05-20,14,2025,True,0.0268883715893347,0.017573671178227335,0.02086416534344644,0.01994614931513086
22,21.05.2025,2025-05-21,14,2025,True,0.030365964050637,0.01700282586739303,0.02086416534344644,0.018643219120021506
22,22.05.2025,2025-05-22,14,2025,True,0.0303297459714897,0.024003748841333536,0.02086416534344644,0.01793916407816702
22,23.05.2025,2025-05-23,14,2025,True,0.030323541947114,0.024561490075637377,0.02086416534344644,0.017490745321075606
22,27.05.2025,2025-05-27,14,2025,True,0.0301930217943651,0.0182316120484724,0.02086416534344644,0.017094233055408827
22,28.05.2025,2025-05-28,14,2025,True,0.0301247086770491,0.017945492730319236,0.02086416534344644,0.017132109411081616
22,29.05.2025,2025-05-29,14,2025,True,0.0300483953646778,0.018410279306100893,0.02086416534344644,0.017351081648536323
22,30.05.2025,2025-05-30,14,2025,True,0.0305671852243247,0.017315189207778605,0.02086416534344644,0.01723082835547043
22,02.06.2025,2025-06-02,14,2025,True,0.0305615182162589,0.01750231249089213,0.02086416534344644,0.01642839847209866
22,03.06.2025,2025-06-03,14,2025,True,0.0304942703448468,0.0237663102563763,0.02086416534344644,0.016121371317241926
22,04.06.2025,2025-06-04,14,2025,True,0.0303401596213933,0.023566650083734215,0.02086416534344644,0.015935273165259004
22,05.06.2025,2025-06-05,14,2025,True,0.0303341537609103,0.02585897451456607,0.02086416534344644,0.01585260960415869
22,06.06.2025,2025-06-06,14,2025,True,0.030639342138854,0.020621763515655242,0.02086416534344644,0.015231025075855258
22,09.06.2025,2025-06-09,14,2025,True,0.0310103628382492,0.0198806716615412,0.02086416534344644,0.014271363796614825
22,10.06.2025,2025-06-10,14,2025,True,0.0312532268283665,0.01851913559310263,0.02086416534344644,0.013605843768018175
22,11.06.2025,2025-06-11,14,2025,True,0.0299248514180919,0.02072528022677205,0.02086416534344644,0.01260501364334306
22,12.06.2025,2025-06-12,14,2025,True,0.0299064161357196,0.024101379357333256,0.02086416534344644,0.01492783349394716
22,13.06.2025,2025-06-13,14,2025,True,0.0260026460291435,0.02447428614739442,0.02086416534344644,0.014805747987613823
22,16.06.2025,2025-06-16,14,2025,True,0.0258958233859133,0.022501566974752283,0.02086416534344644,0.01979508499119534
22,17.06.2025,2025-06-17,14,2025,True,0.023826339139244,0.026450772001396283,0.02086416534344644,0.019998135931626575
22,18.06.2025,2025-06-18,14,2025,True,0.0237788874815522,0.025418385317801797,0.02086416534344644,0.02053094519377668
22,20.06.2025,2025-06-20,14,2025,True,0.0237097245432806,0.02788688575592849,0.02086416534344644,0.0205086707532782
22,23.06.2025,2025-06-23,14,2025,True,0.0181529859131329,0.028586688990151383,0.02086416534344644,0.020488332108115723
22,24.06.2025,2025-06-24,14,2025,True,0.012236208158877,0.024978794506032794,0.02086416534344644,0.02688837158933469
22,25.06.2025,2025-06-25,14,2025,True,0.0130518963146919,0.019525865312834418,0.02086416534344644,0.030365964050636993
22,26.06.2025,2025-06-26,14,2025,True,0.0148324511822362,0.019137691344012525,0.02086416534344644,0.030329745971489755
22,27.06.2025,2025-06-27,14,2025,True,0.014892547305315,0.017242253299725827,0.02086416534344644,0.03032354194711407
22,30.06.2025,2025-06-30,14,2025,True,0.0151129769953646,0.016091773604773794,0.02086416534344644,0.030193021794365105
22,01.07.2025,2025-07-01,14,2025,True,0.0176208963586631,0.015437844472200176,0.02086416534344644,0.03012470867704914
22,02.07.2025,2025-07-02,14,2025,True,0.016752289985975,0.015035817845608304,0.02086416534344644,0.030048395364677804
22,03.07.2025,2025-07-03,14,2025,True,0.017086539413973,0.016681677617408016,0.02086416534344644,0.030567185224324733
22,07.07.2025,2025-07-07,14,2025,True,0.0170023276045598,0.017368138394567304,0.02086416534344644,0.030561518216258996
22,08.07.2025,2025-07-08,14,2025,True,0.0168853731410392,0.018071571299183704,0.02086416534344644,0.030494270344846877
22,09.07.2025,2025-07-09,14,2025,True,0.0169056671535723,0.017788242554419194,0.02086416534344644,0.030340159621393303
22,10.07.2025,2025-07-10,14,2025,True,0.0163144737350351,0.017568640529156243,0.02086416534344644,0.030334153760910393
22,11.07.2025,2025-07-11,14,2025,True,0.0152759691006436,0.01677808826573901,0.02086416534344644,0.030639342138853998
22,14.07.2025,2025-07-14,14,2025,True,0.0150104465422522,0.018766110967807552,0.02086416534344644,0.03101036283824925
22,15.07.2025,2025-07-15,14,2025,True,0.0155936142049484,0.01648041516920344,0.02086416534344644,0.03125322682836654
22,16.07.2025,2025-07-16,14,2025,True,0.0158627791639784,0.022845518596746852,0.02086416534344644,0.02992485141809191
22,17.07.2025,2025-07-17,14,2025,True,0.0157217324602898,0.022730284201372207,0.02086416534344644,0.029906416135719604
22,18.07.2025,2025-07-18,14,2025,True,0.0158724993589012,0.020195280813071554,0.02086416534344644,0.026002646029143532
22,21.07.2025,2025-07-21,14,2025,True,0.0163395554871721,0.01979837935105933,0.02086416534344644,0.025895823385913338
22,22.07.2025,2025-07-22,14,2025,True,0.0165109354568515,0.018321869544263895,0.02086416534344644,0.023826339139243993
22,23.07.2025,2025-07-23,14,2025,True,0.0165134629449615,0.02084412269874342,0.02086416534344644,0.023778887481552234
22,24.07.2025,2025-07-24,14,2025,True,0.0167362483435218,0.028578384617863436,0.02086416534344644,0.0237097245432806
22,25.07.2025,2025-07-25,14,2025,True,0.0173107869081745,0.021289502769617188,0.02086416534344644,0.018152985913132948
22,28.07.2025,2025-07-28,14,2025,True,0.0167423677516609,0.013194119456001775,0.02086416534344644,0.012236208158877047
22,29.07.2025,2025-07-29,14,2025,True,0.014887524802962,0.014678522699663984,0.02086416534344644,0.013051896314691967
22,30.07.2025,2025-07-30,14,2025,True,0.0146499148884843,0.016519304501609273,0.02086416534344644,0.014832451182236287
22,31.07.2025,2025-07-31,14,2025,True,0.0150674678607944,0.01521030474247769,0.02086416534344644,0.014892547305315074
22,01.08.2025,2025-08-01,14,2025,True,0.0133082530255332,0.0169432550237656,0.02086416534344644,0.015112976995364603
22,04.08.2025,2025-08-04,14,2025,True,0.0131638903572966,0.015477692762862075,0.02086416534344644,0.017620896358663176
22,05.08.2025,2025-08-05,14,2025,True,0.013556266154795,0.015135067278840883,0.02086416534344644,0.01675228998597506
22,06.08.2025,2025-08-06,14,2025,True,0.0135165071704652,0.015940368900711925,0.02086416534344644,0.017086539413973062
22,07.08.2025,2025-08-07,14,2025,True,0.0135013297154084,0.017563836001731854,0.02086416534344644,0.017002327604559827
22,08.08.2025,2025-08-08,14,2025,True,0.013945615206465,0.017401237445174713,0.02086416534344644,0.016885373141039207
22,11.08.2025,2025-08-11,14,2025,True,0.0144275775053584,0.018250108368589316,0.02086416534344644,0.01690566715357234
22,12.08.2025,2025-08-12,14,2025,True,0.014461114581955,0.01741804999723918,0.02086416534344644,0.016314473735035175
22,13.08.2025,2025-08-13,14,2025,True,0.0144010877913743,0.016579374815610514,0.02086416534344644,0.015275969100643667
22,14.08.2025,2025-08-14,14,2025,True,0.0142402352727315,0.016144857372160183,0.02086416534344644,0.015010446542252281
22,15.08.2025,2025-08-15,14,2025,True,0.0139309665419624,0.017125837862532484,0.02086416534344644,0.015593614204948394
22,18.08.2025,2025-08-18,14,2025,True,0.0138729979067331,0.016585676518664844,0.02086416534344644,0.015862779163978408
22,19.08.2025,2025-08-19,14,2025,True,0.0138345699754992,0.01479066497393017,0.02086416534344644,0.01572173246028979
22,20.08.2025,2025-08-20,14,2025,True,0.0134142454098782,0.014332934993053626,0.02086416534344644,0.01587249935890124
22,21.08.2025,2025-08-21,14,2025,True,0.0135870523296515,0.015141591360936435,0.02086416534344644,0.0163395554871721
22,22.08.2025,2025-08-22,14,2025,True,0.0145633552059597,0.015313946920754664,0.02086416534344644,0.01651093545685149
22,25.08.2025,2025-08-25,14,2025,True,0.0141946573403635,0.015162480833284857,0.02086416534344644,0.016513462944961577
22,26.08.2025,2025-08-26,14,2025,True,0.0133042202300913,0.014718065531934336,0.02086416534344644,0.016736248343521845
22,27.08.2025,2025-08-27,14,2025,True,0.0148431843384656,0.0187486068765242,0.02086416534344644,0.01731078690817456
22,28.08.2025,2025-08-28,14,2025,True,0.0150079725196143,0.015943206159253504,0.02086416534344644,0.016742367751660964
22,29.08.2025,2025-08-29,14,2025,True,0.0158268055367313,0.015027240521006442,0.02086416534344644,0.014887524802962019
22,02.09.2025,2025-09-02,14,2025,True,0.0157742205673102,0.018109033370242607,0.02086416534344644,0.01464991488848435
22,03.09.2025,2025-09-03,14,2025,True,0.0153090825838569,0.015978902767412418,0.02086416534344644,0.015067467860794412
22,04.09.2025,2025-09-04,14,2025,True,0.0156189008847231,0.015276767144458558,0.02086416534344644,0.013308253025533222
22,05.09.2025,2025-09-05,14,2025,True,0.014866098841706,0.015464350424669052,0.02086416534344644,0.013163890357296672
22,08.09.2025,2025-09-08,14,2025,True,0.0150008969828527,0.014486758481619358,0.02086416534344644,0.013556266154795035
22,09.09.2025,2025-09-09,14,2025,True,0.0153157824139638,0.01561434648726957,0.02086416534344644,0.013516507170465283
22,10.09.2025,2025-09-10,14,2025,True,0.0168218590100271,0.014538598647951087,0.02086416534344644,0.013501329715408471
22,11.09.2025,2025-09-11,14,2025,True,0.0167511674490325,0.015479190867799414,0.02086416534344644,0.013945615206465013
22,12.09.2025,2025-09-12,14,2025,True,0.0167554880870738,0.01624986277207667,0.02086416534344644,0.014427577505358414
22,15.09.2025,2025-09-15,14,2025,True,0.0166301580730912,0.014658290724129603,0.02086416534344644,0.01446111458195502
22,16.09.2025,2025-09-16,14,2025,True,0.0161916840306978,0.013274734992639517,0.02086416534344644,0.014401087791374301
22,17.09.2025,2025-09-17,14,2025,True,0.0162923282631584,0.015656586130667224,0.02086416534344644,0.014240235272731544
22,18.09.2025,2025-09-18,14,2025,True,0.0162799338059826,0.016155516545624866,0.02086416534344644,0.013930966541962485
22,19.09.2025,2025-09-19,14,2025,True,0.0163301967730945,0.01721692535708729,0.02086416534344644,0.013872997906733138
22,22.09.2025,2025-09-22,14,2025,True,0.0171327130408401,0.01496450920653892,0.02086416534344644,0.013834569975499214
22,23.09.2025,2025-09-23,14,2025,True,0.0205380998849856,0.01534366351887549,0.02086416534344644,0.01341424540987827
22,24.09.2025,2025-09-24,14,2025,True,0.0197255367315316,0.017639950559937907,0.02086416534344644,0.013587052329651553
22,25.09.2025,2025-09-25,14,2025,True,0.0197134990463945,0.020257044238397214,0.02086416534344644,0.014563355205959708
22,26.09.2025,2025-09-26,14,2025,True,0.0197887916737783,0.02356328300335718,0.02086416534344644,0.014194657340363528
22,29.09.2025,2025-09-29,14,2025,True,0.018953490439878,0.023050307977386296,0.02086416534344644,0.01330422023009135
22,30.09.2025,2025-09-30,14,2025,True,0.0187725315595579,0.022501252276709155,0.02086416534344644,0.01484318433846559
22,01.10.2025,2025-10-01,14,2025,True,0.0180036030358468,0.022781585338028265,0.02086416534344644,0.015007972519614348
22,02.10.2025,2025-10-02,14,2025,True,0.0175140699856177,0.0243167052693362,0.02086416534344644,0.015826805536731343
22,03.10.2025,2025-10-03,14,2025,True,0.0175308466358036,0.022323926966303847,0.02086416534344644,0.015774220567310267
22,06.10.2025,2025-10-06,14,2025,True,0.0174712083728553,0.02228757100984966,0.02086416534344644,0.015309082583856952
22,07.10.2025,2025-10-07,14,2025,True,0.0174703711356084,0.017787391221975285,0.02086416534344644,0.015618900884723109
22,08.10.2025,2025-10-08,14,2025,True,0.0172520960419418,0.01595811967574143,0.02086416534344644,0.01486609884170606
22,09.10.2025,2025-10-09,14,2025,True,0.0170566750685261,0.016639957021319353,0.02086416534344644,0.015000896982852747
22,10.10.2025,2025-10-10,14,2025,True,0.0151706590620862,0.01847773277444556,0.02086416534344644,0.015315782413963842
22,13.10.2025,2025-10-13,14,2025,True,0.0172870559560075,0.021067608673409777,0.02086416534344644,0.016821859010027144
22,14.10.2025,2025-10-14,14,2025,True,0.0170144918109049,0.01974957683551846,0.02086416534344644,0.016751167449032576
22,15.10.2025,2025-10-15,14,2025,True,0.0174893097024747,0.02053964293148805,0.02086416534344644,0.016755488087073812
22,16.10.2025,2025-10-16,14,2025,True,0.0171780930332149,0.02027227340804528,0.02086416534344644,0.016630158073091216
22,17.10.2025,2025-10-17,14,2025,True,0.0172698394086409,0.020977888841428285,0.02086416534344644,0.01619168403069786
22,20.10.2025,2025-10-20,14,2025,True,0.017967012527667,0.02083230280508871,0.02086416534344644,0.016292328263158407
22,21.10.2025,2025-10-21,14,2025,True,0.0179699176640238,0.021752902084880087,0.02086416534344644,0.016279933805982666
22,22.10.2025,2025-10-22,14,2025,True,0.0177015522342478,0.022419641643998036,0.02086416534344644,0.016330196773094517
22,23.10.2025,2025-10-23,14,2025,True,0.0135804169169137,0.024988503597663966,0.02086416534344644,0.017132713040840186
22,24.10.2025,2025-10-24,14,2025,True,0.0138271923588082,0.02797793537284034,0.02086416534344644,0.02053809988498565
22,27.10.2025,2025-10-27,14,2025,True,0.0140788462717698,0.025120517379727366,0.02086416534344644,0.01972553673153163
22,28.10.2025,2025-10-28,14,2025,True,0.0135637191075411,0.025606623133449774,0.02086416534344644,0.01971349904639451
22,29.10.2025,2025-10-29,14,2025,True,0.0134184560797473,0.023713088426543787,0.02086416534344644,0.019788791673778346
22,30.10.2025,2025-10-30,14,2025,True,0.0135790127242714,0.02596892552860207,0.02086416534344644,0.018953490439878002
22,31.10.2025,2025-10-31,14,2025,True,0.0136137129885091,0.02563359818361597,0.02086416534344644,0.018772531559557912
22,03.11.2025,2025-11-03,14,2025,True,0.0138132173702047,0.026634243437955115,0.02086416534344644,0.018003603035846878
22,04.11.2025,2025-11-04,14,2025,True,0.0138738622451846,0.023462678535075845,0.02086416534344644,0.017514069985617754
22,05.11.2025,2025-11-05,14,2025,True,0.0141875409720882,0.023538343932978698,0.02086416534344644,0.01753084663580369
22,06.11.2025,2025-11-06,14,2025,True,0.0142902520809811,0.022293635092378108,0.02086416534344644,0.017471208372855353
22,07.11.2025,2025-11-07,14,2025,True,0.0142973750622775,0.02270578564873581,0.02086416534344644,0.017470371135608485
22,10.11.2025,2025-11-10,14,2025,True,0.0144879339877172,0.02383731431988358,0.02086416534344644,0.017252096041941795
22,11.11.2025,2025-11-11,14,2025,True,0.0138497307026739,0.022158359820514784,0.02086416534344644,0.017056675068526095
22,12.11.2025,2025-11-12,14,2025,True,0.011495213586569,0.019636944140552167,0.02086416534344644,0.015170659062086228
22,13.11.2025,2025-11-13,14,2025,True,0.0126424737200591,0.021231563682875487,0.02086416534344644,0.01728705595600751
22,14.11.2025,2025-11-14,14,2025,True,0.011939971623308,0.02115180476101753,0.02086416534344644,0.01701449181090491
22,17.11.2025,2025-11-17,14,2025,True,0.0120037493187314,0.022382435941883466,0.02086416534344644,0.01748930970247479
22,18.11.2025,2025-11-18,14,2025,True,0.0120102255813356,0.020087643844506904,0.02086416534344644,0.0171780930332149
22,19.11.2025,2025-11-19,14,2025,True,0.0128199824229697,0.02136379580879108,0.02086416534344644,0.01726983940864096
22,20.11.2025,2025-11-20,14,2025,True,0.0128811872804225,0.023577932171482314,0.02086416534344644,0.01796701252766701
22,21.11.2025,2025-11-21,14,2025,True,0.0125928836239152,0.03517467822322858,0.02086416534344644,0.01796991766402382
22,24.11.2025,2025-11-24,14,2025,True,0.0133737493857257,0.032496746847830486,0.02086416534344644,0.01770155223424783
22,25.11.2025,2025-11-25,14,2025,True,0.0139567176190463,0.021876712023016998,0.02086416534344644,0.013580416916913701
22,26.11.2025,2025-11-26,14,2025,True,0.0137494238036194,0.022245845491521015,0.02086416534344644,0.013827192358808239
22,28.11.2025,2025-11-28,14,2025,True,0.0141830956777283,0.022952293918361413,0.02086416534344644,0.01407884627176988
22,01.12.2025,2025-12-01,14,2025,True,0.0141803883791825,0.020246912505536948,0.02086416534344644,0.013563719107541129
22,02.12.2025,2025-12-02,14,2025,True,0.0145192374268626,0.020444037924553966,0.02086416534344644,0.013418456079747293
22,03.12.2025,2025-12-03,14,2025,True,0.0149181266172261,0.019786214616910963,0.02086416534344644,0.013579012724271417
22,04.12.2025,2025-12-04,14,2025,True,0.0148838545296852,0.018346694653128447,0.02086416534344644,0.013613712988509127
22,05.12.2025,2025-12-05,14,2025,True,0.0166132558463506,0.018298652247507558,0.02086416534344644,0.013813217370204751
22,08.12.2025,2025-12-08,14,2025,True,0.0167459594099644,0.016757894852425,0.02086416534344644,0.01387386224518467
22,09.12.2025,2025-12-09,14,2025,True,0.0166844004107953,0.0161788111702317,0.02086416534344644,0.01418754097208827
22,10.12.2025,2025-12-10,14,2025,True,0.0174072083478635,0.016361311131087204,0.02086416534344644,0.014290252080981109
22,11.12.2025,2025-12-11,14,2025,True,0.017185379634549,0.01646250341940349,0.02086416534344644,0.014297375062277587
22,12.12.2025,2025-12-12,14,2025,True,0.0197794327813399,0.02321495168122911,0.02086416534344644,0.01448793398771724
22,15.12.2025,2025-12-15,14,2025,True,0.0196355604870466,0.01876301564149188,0.02086416534344644,0.01384973070267392
22,16.12.2025,2025-12-16,14,2025,True,0.0185350348546149,0.01551808914564707,0.02086416534344644,0.011495213586568995
22,17.12.2025,2025-12-17,14,2025,True,0.0184406626240698,0.02159619886255417,0.02086416534344644,0.0126424737200591
22,18.12.2025,2025-12-18,14,2025,True,0.019044292385752,0.022046719675794243,0.02086416534344644,0.011939971623308012
22,19.12.2025,2025-12-19,14,2025,True,0.0197168425904423,0.01861149034565195,0.02086416534344644,0.0120037493187314
22,22.12.2025,2025-12-22,14,2025,True,0.0191444643920113,0.01993878806662413,0.02086416534344644,0.012010225581335684
22,23.12.2025,2025-12-23,14,2025,True,0.0200052405480365,0.015358489653704198,0.02086416534344644,0.01281998242296974
22,24.12.2025,2025-12-24,14,2025,True,0.0200402978104217,0.016699102994402554,0.02086416534344644,0.012881187280422536
22,26.12.2025,2025-12-26,14,2025,True,0.0197493890522123,0.015943766506960094,0.02086416534344644,0.012592883623915226
22,29.12.2025,2025-12-29,14,2025,True,0.0195425814098105,0.014670566283009147,0.02086416534344644,0.013373749385725778
22,30.12.2025,2025-12-30,14,2025,True,0.0246035384352324,0.014510889588696996,0.02086416534344644,0.013956717619046348
22,31.12.2025,2025-12-31,14,2025,True,0.0242925421278922,0.011831979596567017,0.02086416534344644,0.013749423803619395
22,02.01.2026,2026-01-02,15,2026,True,0.0248897299770288,0.014273845356030927,0.020669267412293215,0.014183095677728354
22,05.01.2026,2026-01-05,15,2026,True,0.0257885349568096,0.012983903402913029,0.020669267412293215,0.01418038837918257
22,06.01.2026,2026-01-06,15,2026,True,0.025347000416863,0.01378696132197126,0.020669267412293215,0.014519237426862671
22,07.01.2026,2026-01-07,15,2026,True,0.0251093538809658,0.015797216839054783,0.020669267412293215,0.014918126617226106
22,08.01.2026,2026-01-08,15,2026,True,0.0244497362158196,0.01939662689955134,0.020669267412293215,0.01488385452968526
22,09.01.2026,2026-01-09,15,2026,True,0.0241810448643694,0.026391252483473095,0.020669267412293215,0.016613255846350615
22,12.01.2026,2026-01-12,15,2026,True,0.0250742312263834,0.019038378574440008,0.020669267412293215,0.01674595940996442
22,13.01.2026,2026-01-13,15,2026,True,0.024581798330296,0.0242774859531736,0.020669267412293215,0.016684400410795375
22,14.01.2026,2026-01-14,15,2026,True,0.0244026865220301,0.02705044105363326,0.020669267412293215,0.017407208347863513
22,15.01.2026,2026-01-15,15,2026,True,0.0239918247576385,0.02541922466110658,0.020669267412293215,0.017185379634549077
22,16.01.2026,2026-01-16,15,2026,True,0.0241760998245812,0.029350263124621117,0.020669267412293215,0.019779432781339937
22,20.01.2026,2026-01-20,15,2026,True,0.0241329137274269,0.03425888712766321,0.020669267412293215,0.019635560487046632
22,21.01.2026,2026-01-21,15,2026,True,0.0241976555394014,0.03072709720324415,0.020669267412293215,0.01853503485461492
22,22.01.2026,2026-01-22,15,2026,True,0.0238993321782519,0.03220726165571915,0.020669267412293215,0.018440662624069806
22,23.01.2026,2026-01-23,15,2026,True,0.0233215643385728,0.032591669306350435,0.020669267412293215,0.019044292385752053
22,26.01.2026,2026-01-26,15,2026,True,0.0232830360687757,0.03355114450271382,0.020669267412293215,0.019716842590442343
22,27.01.2026,2026-01-27,15,2026,True,0.0230116001908713,0.030739157632752576,0.020669267412293215,0.019144464392011385
22,28.01.2026,2026-01-28,15,2026,True,0.0270435392550545,0.032399184252589794,0.020669267412293215,0.020005240548036537
22,29.01.2026,2026-01-29,15,2026,True,0.0277878466326955,0.03189104826978799,0.020669267412293215,0.02004029781042171
22,30.01.2026,2026-01-30,15,2026,True,0.0277846730373958,0.028748016338199924,0.020669267412293215,0.01974938905221235
22,02.02.2026,2026-02-02,15,2026,True,0.0243020398641237,0.029195280912615754,0.020669267412293215,0.01954258140981056
22,03.02.2026,2026-02-03,15,2026,True,0.0285580571539954,0.024914887901388436,0.020669267412293215,0.024603538435232417
22,04.02.2026,2026-02-04,15,2026,True,0.0303868924977153,0.026552250856442243,0.020669267412293215,0.02429254212789227
22,05.02.2026,2026-02-05,15,2026,True,0.0411157187383807,0.030670075405423925,0.020669267412293215,0.024889729977028822
22,06.02.2026,2026-02-06,15,2026,True,0.0417514661696347,0.02661286899756153,0.020669267412293215,0.02578853495680962
22,09.02.2026,2026-02-09,15,2026,True,0.0446724265548944,0.027787390948841487,0.020669267412293215,0.025347000416863
22,10.02.2026,2026-02-10,15,2026,True,0.0444716707984407,0.027358741082415285,0.020669267412293215,0.02510935388096589
22,11.02.2026,2026-02-11,15,2026,True,0.0455672817310516,0.024484050221727272,0.020669267412293215,0.024449736215819636
22,12.02.2026,2026-02-12,15,2026,True,0.0445695770977365,0.02115231610506732,0.020669267412293215,0.02418104486436941
22,13.02.2026,2026-02-13,15,2026,True,0.0445816522250786,0.021274981870166004,0.020669267412293215,0.025074231226383446
22,17.02.2026,2026-02-17,15,2026,True,0.0442628005079406,0.024275474121719452,0.020669267412293215,0.024581798330296032
22,18.02.2026,2026-02-18,15,2026,True,0.0440837613240542,0.02479900944105018,0.020669267412293215,0.024402686522030138
22,19.02.2026,2026-02-19,15,2026,True,0.0528748986962586,0.023694873084008857,0.020669267412293215,0.023991824757638586
22,20.02.2026,2026-02-20,15,2026,True,0.0531405906370583,0.025198319085593442,0.020669267412293215,0.024176099824581257
22,23.02.2026,2026-02-23,15,2026,True,0.0536199379966172,0.02518517979925359,0.020669267412293215,0.02413291372742695
22,24.02.2026,2026-02-24,15,2026,True,0.0538944478660716,0.02654100612039695,0.020669267412293215,0.024197655539401442
22,25.02.2026,2026-02-25,15,2026,True,0.0539338388398393,0.026607199772670512,0.020669267412293215,0.023899332178251933
22,26.02.2026,2026-02-26,15,2026,True,0.0538733653086086,0.027369483560813448,0.020669267412293215,0.023321564338572864
22,27.02.2026,2026-02-27,15,2026,True,0.0541794780385456,0.02622935067744925,0.020669267412293215,0.023283036068775787
22,02.03.2026,2026-03-02,15,2026,True,0.0651529597450192,0.027286383663008645,0.020669267412293215,0.023011600190871315
22,03.03.2026,2026-03-03,15,2026,True,0.0661561398381445,0.03551237317447644,0.020669267412293215,0.02704353925505456
22,04.03.2026,2026-03-04,15,2026,True,0.0661071624540776,0.042838790833504885,0.020669267412293215,0.02778784663269556
22,05.03.2026,2026-03-05,15,2026,True,0.065750952009506,0.04254573104650656,0.020669267412293215,0.027784673037395884
22,06.03.2026,2026-03-06,15,2026,True,0.071434945054168,0.03879288575119723,0.020669267412293215,0.024302039864123777
22,09.03.2026,2026-03-09,15,2026,True,0.0700360241563215,0.03510023452243592,0.020669267412293215,0.028558057153995453
22,10.03.2026,2026-03-10,15,2026,True,0.0649146725005295,0.037408882036955846,0.020669267412293215,0.030386892497715392
22,11.03.2026,2026-03-11,15,2026,True,0.0648019637502652,0.04390986064229911,0.020669267412293215,0.041115718738380734
22,12.03.2026,2026-03-12,15,2026,True,0.0627703237560363,0.04550463002647486,0.020669267412293215,0.041751466169634766
22,13.03.2026,2026-03-13,15,2026,True,0.0624469645397965,0.04708628816567613,0.020669267412293215,0.04467242655489442
22,16.03.2026,2026-03-16,15,2026,True,0.0630491478798708,0.04777314554388115,0.020669267412293215,0.0444716707984407
22,17.03.2026,2026-03-17,15,2026,True,0.0657168406871142,0.047126767036857746,0.020669267412293215,0.04556728173105163
22,18.03.2026,2026-03-18,15,2026,True,0.0663657739664835,0.041262969882665895,0.020669267412293215,0.044569577097736526
22,19.03.2026,2026-03-19,15,2026,True,0.0667260348337791,0.03989686302270278,0.020669267412293215,0.04458165222507861
22,20.03.2026,2026-03-20,15,2026,True,0.0667843053575438,0.03719323027584194,0.020669267412293215,0.04426280050794067
22,23.03.2026,2026-03-23,15,2026,True,0.0623097281126631,0.036653605624863285,0.020669267412293215,0.044083761324054296
22,24.03.2026,2026-03-24,15,2026,True,0.0615929368010337,0.04182829366528875,0.020669267412293215,0.052874898696258686
22,25.03.2026,2026-03-25,15,2026,True,0.0616353737156529,0.04200059175758654,0.020669267412293215,0.05314059063705836
22,26.03.2026,2026-03-26,15,2026,True,0.0607933564686174,0.04224702934109943,0.020669267412293215,0.05361993799661729
22,27.03.2026,2026-03-27,15,2026,True,0.0614622081541064,0.04062341049696506,0.020669267412293215,0.053894447866071685
22,30.03.2026,2026-03-30,15,2026,True,0.0619614379215962,0.04019126086223329,0.020669267412293215,0.05393383883983935
22,31.03.2026,2026-03-31,15,2026,True,0.0619916238084407,0.04007811766069131,0.020669267412293215,0.05387336530860867
22,01.04.2026,2026-04-01,15,2026,True,0.0529699873863521,0.038423864332962174,0.020669267412293215,0.05417947803854559
22,02.04.2026,2026-04-02,15,2026,True,0.0514822892681787,0.047207028031499475,0.020669267412293215,0.06515295974501922
22,06.04.2026,2026-04-06,15,2026,True,0.0543200864215505,0.04682890613300762,0.020669267412293215,0.06615613983814458
22,07.04.2026,2026-04-07,15,2026,True,0.0543492245998351,0.04676881844634071,0.020669267412293215,0.0661071624540776
22,08.04.2026,2026-04-08,15,2026,True,0.0447217486542741,0.045115604527488744,0.020669267412293215,0.06575095200950609
22,09.04.2026,2026-04-09,15,2026,True,0.0450121664849491,0.0475936166181732,0.020669267412293215,0.071434945054168
22,10.04.2026,2026-04-10,15,2026,True,0.0453729537656854,0.046880697794403924,0.020669267412293215,0.07003602415632153
22,13.04.2026,2026-04-13,15,2026,True,0.0448992283941479,0.046416032081468966,0.020669267412293215,0.0649146725005295
22,14.04.2026,2026-04-14,15,2026,True,0.0435054941627424,0.04512321222415123,0.020669267412293215,0.0648019637502653
22,15.04.2026,2026-04-15,15,2026,True,0.0439007557046396,0.04381163281955427,0.020669267412293215,0.0627703237560364
22,16.04.2026,2026-04-16,15,2026,True,0.0432399644137607,0.044407818276401105,0.020669267412293215,0.062446964539796514
22,17.04.2026,2026-04-17,15,2026,True,0.0371472463430663,0.04394003034717453,0.020669267412293215,0.06304914787987081
22,20.04.2026,2026-04-20,15,2026,True,0.0383418234948645,0.047162904753657864,0.020669267412293215,0.06571684068711425
22,21.04.2026,2026-04-21,15,2026,True,0.0382996737058662,0.04553516394107217,0.020669267412293215,0.0663657739664835
22,22.04.2026,2026-04-22,15,2026,True,0.0376594843586727,0.04509032599779796,0.020669267412293215,0.06672603483377917
22,23.04.2026,2026-04-23,15,2026,True,0.0379547094338326,0.04545729047239097,0.020669267412293215,0.06678430535754386
22,24.04.2026,2026-04-24,15,2026,True,0.0395203131878672,0.04253769499540439,0.020669267412293215,0.06230972811266313
22,27.04.2026,2026-04-27,15,2026,True,0.0388607729849784,0.04130651040992941,0.020669267412293215,0.06159293680103373
22,28.04.2026,2026-04-28,15,2026,True,0.0381605190689719,0.038344207007912676,0.020669267412293215,0.06163537371565296
22,29.04.2026,2026-04-29,15,2026,True,0.0362271800825387,0.036976509571248053,0.020669267412293215,0.06079335646861742
22,30.04.2026,2026-04-30,15,2026,True,0.0360395980266082,0.03947568954142267,0.020669267412293215,0.06146220815410642
22,01.05.2026,2026-05-01,15,2026,True,0.0350122081710312,0.043913049827070345,0.020669267412293215,0.061961437921596266
22,04.05.2026,2026-05-04,15,2026,True,0.0325795666664964,0.04556671908722237,0.020669267412293215,0.06199162380844069
22,05.05.2026,2026-05-05,15,2026,True,0.0319048300633474,0.03836717992533413,0.020669267412293215,0.052969987386352155
22,06.05.2026,2026-05-06,15,2026,True,0.0275162719669057,0.037648715645561374,0.020669267412293215,0.051482289268178785
22,07.05.2026,2026-05-07,15,2026,True,0.0280574969067254,0.04007482797135396,0.020669267412293215,0.054320086421550486
22,08.05.2026,2026-05-08,15,2026,True,0.028239659559211,0.04010411243800633,0.020669267412293215,0.05434922459983518
22,11.05.2026,2026-05-11,15,2026,True,0.0277918479891002,0.03394707276719833,0.020669267412293215,0.04472174865427418
22,12.05.2026,2026-05-12,15,2026,True,0.0268872198084046,0.034809101892233775,0.020669267412293215,0.045012166484949115
22,13.05.2026,2026-05-13,15,2026,True,0.0280933926337753,0.033567475350440204,0.020669267412293215,0.04537295376568542
22,14.05.2026,2026-05-14,15,2026,True,0.0292749639124159,0.032878582883389414,0.020669267412293215,0.044899228394147964
22,15.05.2026,2026-05-15,15,2026,True,0.0278278931555891,0.03264508652054442,0.020669267412293215,0.043505494162742464
22,18.05.2026,2026-05-18,15,2026,True,0.0266943910836354,0.037833119802202414,0.020669267412293215,0.04390075570463962
22,19.05.2026,2026-05-19,15,2026,True,0.026701141039646,0.03817470375185153,0.020669267412293215,0.043239964413760754
22,20.05.2026,2026-05-20,15,2026,True,0.025037057056453,0.03278527652789082,0.020669267412293215,0.03714724634306635
22,21.05.2026,2026-05-21,15,2026,True,0.025791676562621,0.034481811196841405,0.020669267412293215,0.038341823494864515
22,22.05.2026,2026-05-22,15,2026,True,0.0263909398629345,0.0331219609774078,0.020669267412293215,0.03829967370586622
22,26.05.2026,2026-05-26,15,2026,True,0.0266547509280008,0.03493817326937014,0.020669267412293215,0.03765948435867272
22,27.05.2026,2026-05-27,15,2026,True,0.0258667883133189,0.03590741211670006,0.020669267412293215,0.037954709433832674
22,28.05.2026,2026-05-28,15,2026,True,0.025904639140171,0.03183899130051605,0.020669267412293215,0.03952031318786723
22,29.05.2026,2026-05-29,15,2026,True,0.0259149010029311,0.032888826715381146,0.020669267412293215,0.03886077298497849
22,01.06.2026,2026-06-01,15,2026,True,0.0243508627332197,0.03235475868772417,0.020669267412293215,0.03816051906897196
22,02.06.2026,2026-06-02,15,2026,True,0.0240413597425958,0.03130123665812957,0.020669267412293215,0.03622718008253874
22,03.06.2026,2026-06-03,15,2026,True,0.0248362234714889,0.030262527204366046,0.020669267412293215,0.03603959802660824
22,04.06.2026,2026-06-04,15,2026,True,0.0279551740514663,0.03253176383290287,0.020669267412293215,0.03501220817103126
22,05.06.2026,2026-06-05,15,2026,True,0.0279905073122995,0.02973489076492745,0.020669267412293215,0.03257956666649642
22,08.06.2026,2026-06-08,15,2026,True,0.0276106278262659,0.02669387443184614,0.020669267412293215,0.03190483006334747
22,09.06.2026,2026-06-09,15,2026,True,0.0346369467883317,0.024315675592248523,0.020669267412293215,0.02751627196690578
22,10.06.2026,2026-06-10,15,2026,True,0.0346112449549678,0.025567950817391442,0.020669267412293215,0.028057496906725474
22,11.06.2026,2026-06-11,15,2026,True,0.0341656444722572,0.026550255501504992,0.020669267412293215,0.028239659559211004
22,12.06.2026,2026-06-12,15,2026,True,0.0334679772819215,0.023616168721057446,0.020669267412293215,0.027791847989100282
22,15.06.2026,2026-06-15,15,2026,True,0.033142279645154,0.021340775250901913,0.020669267412293215,0.02688721980840468
22,16.06.2026,2026-06-16,15,2026,True,0.0308608747117906,0.02150083219139448,0.020669267412293215,0.028093392633775312
22,17.06.2026,2026-06-17,15,2026,True,0.0310103581427768,0.023740611701269634,0.020669267412293215,0.02927496391241591
22,18.06.2026,2026-06-18,15,2026,True,0.0315295333010624,0.0225370705037122,0.020669267412293215,0.027827893155589156
22,22.06.2026,2026-06-22,15,2026,True,0.0331788768832367,0.022934734111502045,0.020669267412293215,0.026694391083635475
22,23.06.2026,2026-06-23,15,2026,True,0.0346500040024096,0.022035827246721797,0.020669267412293215,0.026701141039646038
22,24.06.2026,2026-06-24,15,2026,True,0.0392810539326016,0.020764102593209523,0.020669267412293215,0.02503705705645302
22,25.06.2026,2026-06-25,15,2026,True,0.0410387489886812,0.021410854436036172,0.020669267412293215,0.02579167656262102
22,26.06.2026,2026-06-26,15,2026,True,0.0421512763117659,0.021042543487433,0.020669267412293215,0.026390939862934584
22,29.06.2026,2026-06-29,15,2026,True,0.04259373500315,0.020727866841454903,0.020669267412293215,0.02665475092800087
22,30.06.2026,2026-06-30,15,2026,True,0.0425119962124519,0.020893677440080232,0.020669267412293215,0.025866788313318907
22,01.07.2026,2026-07-01,15,2026,True,0.0456981984590684,0.02074885780449675,0.020669267412293215,0.02590463914017104
22,02.07.2026,2026-07-02,15,2026,True,0.0475293371416827,0.020633253601041453,0.020669267412293215,0.02591490100293117
22,06.07.2026,2026-07-06,15,2026,True,0.0475333110567382,0.021342982802648017,0.020669267412293215,0.0243508627332197
22,07.07.2026,2026-07-07,15,2026,True,0.0477605799483979,0.023230259101803995,0.020669267412293215,0.024041359742595816
22,08.07.2026,2026-07-08,15,2026,True,0.046697061509629,0.01964555512356388,0.020669267412293215,0.02483622347148889
22,09.07.2026,2026-07-09,15,2026,True,0.0473070132117301,0.022816955242979633,0.020669267412293215,0.027955174051466337
22,10.07.2026,2026-07-10,15,2026,True,0.04727395984249,0.02169984482813402,0.020669267412293215,0.027990507312299594
22,13.07.2026,2026-07-13,15,2026,True,0.0433499775445656,0.020807509053079556,0.020669267412293215,0.0276106278262659
22,14.07.2026,2026-07-14,15,2026,True,0.0435391522534267,0.024667326432794644,0.020669267412293215,0.03463694678833176
22,15.07.2026,2026-07-15,15,2026,True,0.04366080152838,0.026558984825844213,0.020669267412293215,0.03461124495496789
22,16.07.2026,2026-07-16,15,2026,True,0.0438943352361889,0.026473482143919185,0.020669267412293215,0.0341656444722572
22,17.07.2026,2026-07-17,15,2026,True,0.0429058449007866,0.02598250780017828,0.020669267412293215,0.0334679772819215
22,20.07.2026,2026-07-20,15,2026,True,0.0428502519985121,0.025398796426112025,0.020669267412293215,0.03314227964515402
22,21.07.2026,2026-07-21,15,2026,True,0.0429277299907879,0.02475846869230498,0.020669267412293215,0.03086087471179066
22,22.07.2026,2026-07-22,15,2026,True,0.0423631426193018,0.025599675747894613,0.020669267412293215,0.031010358142776855
22,23.07.2026,2026-07-23,15,2026,True,0.0398055027512681,0.026292758921931687,0.020669267412293215,0.03152953330106242
22,24.07.2026,2026-07-24,15,2026,True,0.0398107216246869,0.028198001918773294,0.020669267412293215,0.033178876883236764
22,27.07.2026,2026-07-27,15,2026,True,0.0347939722056959,0.027792772436765086,0.020669267412293215,0.03465000400240961
22,28.07.2026,2026-07-28,15,2026,True,0.0332527757996031,0.028890186460514104,0.020669267412293215,0.039281053932601694
22,29.07.2026,2026-07-29,15,2026,True,0.0289704004213668,0.028894967850364894,0.020669267412293215,0.04103874898868126
22,30.07.2026,2026-07-30,15,2026,True,0.0288136477759307,0.032736384735627885,0.020669267412293215,0.04215127631176595
22,31.07.2026,2026-07-31,15,2026,True,0.0302446867283322,0.03279335934699438,0.020669267412293215,0.042593735003150016
