horizon,Date,Date_parsed,fold,test_year,include_in_main,y_true,pred_xgboost,pred_train_mean,pred_past_vol
126,03.01.2012,2012-01-03,1,2012,True,0.0145777760553979,0.02691485620541359,0.02419863223952334,0.019771013950296058
126,04.01.2012,2012-01-04,1,2012,True,0.0145177753319416,0.02696571729349657,0.02419863223952334,0.02013999506696082
126,05.01.2012,2012-01-05,1,2012,True,0.0146632659817655,0.02695455037855559,0.02419863223952334,0.02001156710115153
126,06.01.2012,2012-01-06,1,2012,True,0.0147964990806586,0.02668105314826627,0.02419863223952334,0.019218426855060432
126,09.01.2012,2012-01-09,1,2012,True,0.0149297760009402,0.026559272033244992,0.02419863223952334,0.019130707624550367
126,10.01.2012,2012-01-10,1,2012,True,0.0150625990665668,0.026405624971319066,0.02419863223952334,0.019125612498669828
126,11.01.2012,2012-01-11,1,2012,True,0.0150669183344674,0.026049911269161383,0.02419863223952334,0.018998389265161203
126,12.01.2012,2012-01-12,1,2012,True,0.0151004818890992,0.0257673136887293,0.02419863223952334,0.01879228879967527
126,13.01.2012,2012-01-13,1,2012,True,0.0151247579205514,0.02578933121246861,0.02419863223952334,0.018808346339462347
126,17.01.2012,2012-01-17,1,2012,True,0.0151026588834687,0.025793538867728318,0.02419863223952334,0.018811415012967278
126,18.01.2012,2012-01-18,1,2012,True,0.0151237962594057,0.024987342079436696,0.02419863223952334,0.01877424313912435
126,19.01.2012,2012-01-19,1,2012,True,0.0152717005236544,0.024469610622484657,0.02419863223952334,0.01838524553294879
126,20.01.2012,2012-01-20,1,2012,True,0.0152328130119497,0.024489795283232706,0.02419863223952334,0.018400411280764622
126,23.01.2012,2012-01-23,1,2012,True,0.0155142162233711,0.024530699756380607,0.02419863223952334,0.018431144862668416
126,24.01.2012,2012-01-24,1,2012,True,0.015510167712889,0.024538224540862966,0.02419863223952334,0.018436798610593753
126,25.01.2012,2012-01-25,1,2012,True,0.0155337261375353,0.02453562262469158,0.02419863223952334,0.018434843660496462
126,26.01.2012,2012-01-26,1,2012,True,0.0155314458129258,0.024515601983907963,0.02419863223952334,0.018419801149104985
126,27.01.2012,2012-01-27,1,2012,True,0.0155567790085071,0.024512270582560437,0.02419863223952334,0.018417298100213524
126,30.01.2012,2012-01-30,1,2012,True,0.015548624256085,0.024426801579791033,0.02419863223952334,0.01835308095243726
126,31.01.2012,2012-01-31,1,2012,True,0.015582462557518,0.02426494125895482,0.02419863223952334,0.01835535628618997
126,01.02.2012,2012-02-01,1,2012,True,0.015601470433408,0.024236129966754127,0.02419863223952334,0.018333561816227507
126,02.02.2012,2012-02-02,1,2012,True,0.0155950893675562,0.024236179626534918,0.02419863223952334,0.018333599381658214
126,03.02.2012,2012-02-03,1,2012,True,0.0156758363790959,0.02424021146206036,0.02419863223952334,0.018336649287148076
126,06.02.2012,2012-02-06,1,2012,True,0.0156474277874321,0.02437160815543863,0.02419863223952334,0.018436045081930613
126,07.02.2012,2012-02-07,1,2012,True,0.0157739757147835,0.024424886754825657,0.02419863223952334,0.018466491405632085
126,08.02.2012,2012-02-08,1,2012,True,0.0157556918286633,0.024419059451900087,0.02419863223952334,0.018462085659948464
126,09.02.2012,2012-02-09,1,2012,True,0.0157433163421685,0.024438760095584686,0.02419863223952334,0.018476980376592962
126,10.02.2012,2012-02-10,1,2012,True,0.0157162565811018,0.024475237118340643,0.02419863223952334,0.018504558912943506
126,13.02.2012,2012-02-13,1,2012,True,0.0157176361894792,0.02427984423041658,0.02419863223952334,0.01835683167384552
126,14.02.2012,2012-02-14,1,2012,True,0.0157205720320887,0.023484582858734133,0.02419863223952334,0.01769607242430484
126,15.02.2012,2012-02-15,1,2012,True,0.0158057094716609,0.02337777105375531,0.02419863223952334,0.01761558773151529
126,16.02.2012,2012-02-16,1,2012,True,0.015788469466996,0.02250204875353588,0.02419863223952334,0.016955714599363896
126,17.02.2012,2012-02-17,1,2012,True,0.0159727575562073,0.02247675037254656,0.02419863223952334,0.0169366517961241
126,21.02.2012,2012-02-21,1,2012,True,0.0158940289188971,0.02202410212008228,0.02419863223952334,0.01659557287185597
126,22.02.2012,2012-02-22,1,2012,True,0.0158846835565562,0.02239232643569688,0.02419863223952334,0.016627539462614003
126,23.02.2012,2012-02-23,1,2012,True,0.0158764882234562,0.022419218630325075,0.02419863223952334,0.01664750840280879
126,24.02.2012,2012-02-24,1,2012,True,0.0158164964465513,0.022341029527694473,0.02419863223952334,0.016589448674478636
126,27.02.2012,2012-02-27,1,2012,True,0.0158273839580247,0.02239449777877952,0.02419863223952334,0.016629151804810654
126,28.02.2012,2012-02-28,1,2012,True,0.0157505450560947,0.02164895441607063,0.02419863223952334,0.01637647778701355
126,29.02.2012,2012-02-29,1,2012,True,0.0157295218600711,0.02174617751042604,0.02419863223952334,0.016450022763574365
126,01.03.2012,2012-03-01,1,2012,True,0.0155105302744304,0.021763959462759636,0.02419863223952334,0.016463474025090474
126,02.03.2012,2012-03-02,1,2012,True,0.0154120991494354,0.02198490747579546,0.02419863223952334,0.016630611437735213
126,05.03.2012,2012-03-05,1,2012,True,0.0154911582020053,0.022116733167820528,0.02419863223952334,0.016730331751045293
126,06.03.2012,2012-03-06,1,2012,True,0.0154407954247908,0.021559926058210013,0.02419863223952334,0.016706211304063908
126,07.03.2012,2012-03-07,1,2012,True,0.0153773147752347,0.021630064644571654,0.02419863223952334,0.016760559822753734
126,08.03.2012,2012-03-08,1,2012,True,0.0153486097930676,0.02161330279763323,0.02419863223952334,0.01674757151490687
126,09.03.2012,2012-03-09,1,2012,True,0.0153563816467997,0.02163016696696243,0.02419863223952334,0.016760639109643535
126,12.03.2012,2012-03-12,1,2012,True,0.0153596796658207,0.021624325173574432,0.02419863223952334,0.01675611245985489
126,13.03.2012,2012-03-13,1,2012,True,0.0153530871676082,0.02168009289317259,0.02419863223952334,0.01668594159156297
126,14.03.2012,2012-03-14,1,2012,True,0.0153384085228211,0.021686529320319656,0.02419863223952334,0.01669089534558808
126,15.03.2012,2012-03-15,1,2012,True,0.0153265992474743,0.021531559799162246,0.02419863223952334,0.016571624067958115
126,16.03.2012,2012-03-16,1,2012,True,0.0156876197708906,0.02153579176080653,0.02419863223952334,0.016574881169537994
126,19.03.2012,2012-03-19,1,2012,True,0.0159766134082811,0.021546352249662403,0.02419863223952334,0.016583008980663883
126,20.03.2012,2012-03-20,1,2012,True,0.0160230952172777,0.02232342517752745,0.02419863223952334,0.016576376471911545
126,21.03.2012,2012-03-21,1,2012,True,0.0160676775486692,0.022377983055266903,0.02419863223952334,0.01661688871023186
126,22.03.2012,2012-03-22,1,2012,True,0.0160994593336958,0.022373456992893295,0.02419863223952334,0.01661352785887309
126,23.03.2012,2012-03-23,1,2012,True,0.0160390596628814,0.022195024245732366,0.02419863223952334,0.016481031686429334
126,26.03.2012,2012-03-26,1,2012,True,0.0160342107790585,0.022012828837924513,0.02419863223952334,0.01634574153058368
126,27.03.2012,2012-03-27,1,2012,True,0.0161214232004501,0.021740686919561037,0.02419863223952334,0.016143661121475028
126,28.03.2012,2012-03-28,1,2012,True,0.0161000155616072,0.021696360011466388,0.02419863223952334,0.01611074594333505
126,29.03.2012,2012-03-29,1,2012,True,0.0160541455035582,0.0217424027326256,0.02419863223952334,0.016144935207467095
126,30.03.2012,2012-03-30,1,2012,True,0.0160543573774603,0.02110039623342654,0.02419863223952334,0.01566820991358832
126,02.04.2012,2012-04-02,1,2012,True,0.0161626137497834,0.02101735517867767,0.02419863223952334,0.015606547342759914
126,03.04.2012,2012-04-03,1,2012,True,0.0165695380970189,0.0199894749762291,0.02419863223952334,0.015489310673355199
126,04.04.2012,2012-04-04,1,2012,True,0.0164806018006992,0.019636569205216635,0.02419863223952334,0.015215853409863669
126,05.04.2012,2012-04-05,1,2012,True,0.0164584285477043,0.01979667553823226,0.02419863223952334,0.015339915534346665
126,09.04.2012,2012-04-09,1,2012,True,0.0165945849532195,0.019759661041755038,0.02419863223952334,0.0153112339888816
126,10.04.2012,2012-04-10,1,2012,True,0.0164718679069038,0.019732879944322,0.02419863223952334,0.015290482031223534
126,11.04.2012,2012-04-11,1,2012,True,0.01650683269344,0.019792791733510277,0.02419863223952334,0.015336906077719866
126,12.04.2012,2012-04-12,1,2012,True,0.0164855811909426,0.018684635056512997,0.02419863223952334,0.014478225043566873
126,13.04.2012,2012-04-13,1,2012,True,0.0165127513757646,0.018732416695890125,0.02419863223952334,0.014515249760708001
126,16.04.2012,2012-04-16,1,2012,True,0.0163586105498799,0.018459791849627084,0.02419863223952334,0.014304000043240906
126,17.04.2012,2012-04-17,1,2012,True,0.0168117902428712,0.01863383201758526,0.02419863223952334,0.014438859124550087
126,18.04.2012,2012-04-18,1,2012,True,0.0168104546224176,0.01862441051425063,0.02419863223952334,0.014431558653060284
126,19.04.2012,2012-04-19,1,2012,True,0.0168354554749493,0.01864096749069895,0.02419863223952334,0.014444388212232019
126,20.04.2012,2012-04-20,1,2012,True,0.0168254304503602,0.018288091871265847,0.02419863223952334,0.014170954312394641
126,23.04.2012,2012-04-23,1,2012,True,0.0168359361172124,0.01769032672950539,0.02419863223952334,0.013707762057398426
126,24.04.2012,2012-04-24,1,2012,True,0.0168577479884028,0.01789551193983574,0.02419863223952334,0.013687499834521178
126,25.04.2012,2012-04-25,1,2012,True,0.0168516069352749,0.01765105033721367,0.02419863223952334,0.013500521772273745
126,26.04.2012,2012-04-26,1,2012,True,0.0168423936254744,0.01761757933818616,0.02419863223952334,0.013474921258849453
126,27.04.2012,2012-04-27,1,2012,True,0.0169609295270334,0.01762915516818118,0.02419863223952334,0.013483775108444479
126,30.04.2012,2012-04-30,1,2012,True,0.0170551131181471,0.017524552000265495,0.02419863223952334,0.013403768688491259
126,01.05.2012,2012-05-01,1,2012,True,0.0172812479340279,0.017222457341620707,0.02419863223952334,0.013399077395922472
126,02.05.2012,2012-05-02,1,2012,True,0.0175873583852976,0.01708435676777228,0.02419863223952334,0.013291635104691212
126,03.05.2012,2012-05-03,1,2012,True,0.0175236155355761,0.016841029917869562,0.02419863223952334,0.01310232673657156
126,04.05.2012,2012-05-04,1,2012,True,0.017476617050301,0.01681906793318213,0.02419863223952334,0.01308524030536387
126,07.05.2012,2012-05-07,1,2012,True,0.0174783329886654,0.017070699419307528,0.02419863223952334,0.01328100968315743
126,08.05.2012,2012-05-08,1,2012,True,0.0174872177771769,0.017377566552525654,0.02419863223952334,0.013281008143976274
126,09.05.2012,2012-05-09,1,2012,True,0.0175194452325314,0.01738235211488906,0.02419863223952334,0.013284665565890315
126,10.05.2012,2012-05-10,1,2012,True,0.0175521285348176,0.017318392165705902,0.02419863223952334,0.013235783427909587
126,11.05.2012,2012-05-11,1,2012,True,0.017548662997306,0.017285055433068155,0.02419863223952334,0.013210305440740484
126,14.05.2012,2012-05-14,1,2012,True,0.0175589416927499,0.017082453412021102,0.02419863223952334,0.013055464480507137
126,15.05.2012,2012-05-15,1,2012,True,0.0175707905067438,0.01709019082553105,0.02419863223952334,0.013061377889126712
126,16.05.2012,2012-05-16,1,2012,True,0.0175709363710586,0.016881707584003695,0.02419863223952334,0.012902042137470222
126,17.05.2012,2012-05-17,1,2012,True,0.0172322241290958,0.016827438015379993,0.02419863223952334,0.012860565985980144
126,18.05.2012,2012-05-18,1,2012,True,0.017251394909336,0.01740401096645001,0.02419863223952334,0.013301218596091678
126,21.05.2012,2012-05-21,1,2012,True,0.0171994360318269,0.017254263787018814,0.02419863223952334,0.013186772565713843
126,22.05.2012,2012-05-22,1,2012,True,0.0172254478141715,0.01734371544658237,0.02419863223952334,0.013255137041002424
126,23.05.2012,2012-05-23,1,2012,True,0.0170598064987337,0.017341076330123655,0.02419863223952334,0.013253120065433653
126,24.05.2012,2012-05-24,1,2012,True,0.0170432807237621,0.017184947821122537,0.02419863223952334,0.013133797029421494
126,25.05.2012,2012-05-25,1,2012,True,0.0170656896979821,0.017206424221210246,0.02419863223952334,0.013150210618954068
126,29.05.2012,2012-05-29,1,2012,True,0.0170867285832886,0.017134648431943084,0.02419863223952334,0.01309535513392881
126,30.05.2012,2012-05-30,1,2012,True,0.0169297815169168,0.016997797899947435,0.02419863223952334,0.012990765516939107
126,31.05.2012,2012-05-31,1,2012,True,0.0168698800908178,0.017354066960860046,0.02419863223952334,0.013263048306656837
126,01.06.2012,2012-06-01,1,2012,True,0.0165800498917023,0.017099846551522545,0.02419863223952334,0.013150951330509626
126,04.06.2012,2012-06-04,1,2012,True,0.0165846080978857,0.01742524554854591,0.02419863223952334,0.013401205410858078
126,05.06.2012,2012-06-05,1,2012,True,0.0166247829353357,0.017338383700965642,0.02419863223952334,0.01333440271022773
126,06.06.2012,2012-06-06,1,2012,True,0.0166086269711941,0.017303427191861113,0.02419863223952334,0.013307518764308504
126,07.06.2012,2012-06-07,1,2012,True,0.0166224003599285,0.017199097305294574,0.02419863223952334,0.013413462026368351
126,08.06.2012,2012-06-08,1,2012,True,0.0166407768348307,0.01735515922012497,0.02419863223952334,0.013396610421899996
126,11.06.2012,2012-06-11,1,2012,True,0.0165822248662574,0.01731542640404747,0.02419863223952334,0.01336594028795285
126,12.06.2012,2012-06-12,1,2012,True,0.0165949408091549,0.017334238466512712,0.02419863223952334,0.01338046149567459
126,13.06.2012,2012-06-13,1,2012,True,0.0165961628618157,0.017347021433174247,0.02419863223952334,0.013390328787713152
126,14.06.2012,2012-06-14,1,2012,True,0.0166881119428615,0.017616227653799707,0.02419863223952334,0.013349093663535387
126,15.06.2012,2012-06-15,1,2012,True,0.0166851995889412,0.016877073441053804,0.02419863223952334,0.01320931379792729
126,18.06.2012,2012-06-18,1,2012,True,0.0166160781137284,0.016519009718072738,0.02419863223952334,0.012704248086439544
126,19.06.2012,2012-06-19,1,2012,True,0.0166144565132832,0.01661591725312094,0.02419863223952334,0.012778776607683206
126,20.06.2012,2012-06-20,1,2012,True,0.0163633198089996,0.016513208079864908,0.02419863223952334,0.012699786229926475
126,21.06.2012,2012-06-21,1,2012,True,0.0159783758534747,0.016918239201801546,0.02419863223952334,0.013011282859786944
126,22.06.2012,2012-06-22,1,2012,True,0.0159206037691158,0.016761377308021824,0.02419863223952334,0.01314238159763392
126,25.06.2012,2012-06-25,1,2012,True,0.0159203552096618,0.016608040608140258,0.02419863223952334,0.013240045809447152
126,26.06.2012,2012-06-26,1,2012,True,0.0158191466045016,0.016605658901453484,0.02419863223952334,0.01323814709626469
126,27.06.2012,2012-06-27,1,2012,True,0.0158180320184503,0.01680551313919029,0.02419863223952334,0.013397472288518283
126,28.06.2012,2012-06-28,1,2012,True,0.0156634551722749,0.016825989609941278,0.02419863223952334,0.01335689442756466
126,29.06.2012,2012-06-29,1,2012,True,0.014521607376904,0.016927020369518438,0.02419863223952334,0.013437095189653058
126,02.07.2012,2012-07-02,1,2012,True,0.0145405835718965,0.0188103495915489,0.02419863223952334,0.014785167880515272
126,03.07.2012,2012-07-03,1,2012,True,0.0143053526534763,0.018840507361048076,0.02419863223952334,0.014782404175753827
126,05.07.2012,2012-07-05,1,2012,True,0.014306472648866,0.018579704208732402,0.02419863223952334,0.014577776055398024
126,06.07.2012,2012-07-06,1,2012,True,0.0141151278394292,0.018503231934093756,0.02419863223952334,0.014517775331941664
126,09.07.2012,2012-07-09,1,2012,True,0.013994559380958,0.018688663047083314,0.02419863223952334,0.0146632659817656
126,10.07.2012,2012-07-10,1,2012,True,0.0138875472805067,0.01885847163509015,0.02419863223952334,0.014796499080658722
126,11.07.2012,2012-07-11,1,2012,True,0.0137517117055267,0.019182439065645984,0.02419863223952334,0.014929776000940283
126,12.07.2012,2012-07-12,1,2012,True,0.0137388880144689,0.01925563436661604,0.02419863223952334,0.015062599066566863
126,13.07.2012,2012-07-13,1,2012,True,0.0136955547456999,0.019009412299299255,0.02419863223952334,0.015066918334467487
126,16.07.2012,2012-07-16,1,2012,True,0.0136641979136459,0.01905175828100987,0.02419863223952334,0.015100481889099328
126,17.07.2012,2012-07-17,1,2012,True,0.0136746890047312,0.019082386514376527,0.02419863223952334,0.015124757920551464
126,18.07.2012,2012-07-18,1,2012,True,0.0136478838652665,0.019139711373319414,0.02419863223952334,0.0151026588834688
126,19.07.2012,2012-07-19,1,2012,True,0.013483073335198,0.019081173219606805,0.02419863223952334,0.015123796259405754
126,20.07.2012,2012-07-20,1,2012,True,0.0134837769772735,0.01971350987221816,0.02419863223952334,0.01527170052365446
126,23.07.2012,2012-07-23,1,2012,True,0.0131552430516285,0.01919058772448911,0.02419863223952334,0.01523281301194981
126,24.07.2012,2012-07-24,1,2012,True,0.0131700385875092,0.01955019080196355,0.02419863223952334,0.015514216223371215
126,25.07.2012,2012-07-25,1,2012,True,0.0131492215206664,0.019235294645074244,0.02419863223952334,0.015510167712889057
126,26.07.2012,2012-07-26,1,2012,True,0.0131356947747843,0.019104181702230823,0.02419863223952334,0.015533726137535347
126,27.07.2012,2012-07-27,1,2012,True,0.0131547075021821,0.01910137724080975,0.02419863223952334,0.015531445812925938
126,30.07.2012,2012-07-30,1,2012,True,0.0131676479571898,0.019132533318057268,0.02419863223952334,0.015556779008507214
126,31.07.2012,2012-07-31,1,2012,True,0.0131197947636473,0.019949279606046602,0.02419863223952334,0.015548624256085046
126,01.08.2012,2012-08-01,1,2012,True,0.0130955498689713,0.01997848270483495,0.02419863223952334,0.015582462557518056
126,02.08.2012,2012-08-02,1,2012,True,0.013096214453905,0.020002852955578285,0.02419863223952334,0.015601470433408123
126,03.08.2012,2012-08-03,1,2012,True,0.012863062696721,0.019994671706094192,0.02419863223952334,0.015595089367556273
126,06.08.2012,2012-08-06,1,2012,True,0.0128839946358593,0.02011249598901575,0.02419863223952334,0.015675836379096014
126,07.08.2012,2012-08-07,1,2012,True,0.0128259150716641,0.020076047044788776,0.02419863223952334,0.01564742778743216
126,08.08.2012,2012-08-08,1,2012,True,0.0129289361297168,0.020238411247866833,0.02419863223952334,0.015773975714783593
126,09.08.2012,2012-08-09,1,2012,True,0.0129084828742818,0.02021495255785741,0.02419863223952334,0.015755691828663418
126,10.08.2012,2012-08-10,1,2012,True,0.0129091847697804,0.020199074494545888,0.02419863223952334,0.015743316342168637
126,13.08.2012,2012-08-13,1,2012,True,0.0129710003642036,0.020164356134213607,0.02419863223952334,0.01571625658110186
126,14.08.2012,2012-08-14,1,2012,True,0.0129831061741439,0.020151790618030255,0.02419863223952334,0.0157176361894793
126,15.08.2012,2012-08-15,1,2012,True,0.0128704288895695,0.02015555470092678,0.02419863223952334,0.015720572032088827
126,16.08.2012,2012-08-16,1,2012,True,0.0128814800678675,0.02026471054569446,0.02419863223952334,0.015805709471661
126,17.08.2012,2012-08-17,1,2012,True,0.0126496317530657,0.020242606906185748,0.02419863223952334,0.01578846946699608
126,20.08.2012,2012-08-20,1,2012,True,0.0127107034633888,0.020478885118915307,0.02419863223952334,0.01597275755620741
126,21.08.2012,2012-08-21,1,2012,True,0.0126953870544374,0.020377946084852414,0.02419863223952334,0.01589402891889721
126,22.08.2012,2012-08-22,1,2012,True,0.0126935993556436,0.020365964271373972,0.02419863223952334,0.015884683556556263
126,23.08.2012,2012-08-23,1,2012,True,0.0126950362914378,0.020355456925696482,0.02419863223952334,0.01587648822345628
126,24.08.2012,2012-08-24,1,2012,True,0.0126577104140312,0.02027854066981576,0.02419863223952334,0.01581649644655143
126,27.08.2012,2012-08-27,1,2012,True,0.0126232094436122,0.020322240867608157,0.02419863223952334,0.01582738395802478
126,28.08.2012,2012-08-28,1,2012,True,0.0126526105812828,0.020313968508076354,0.02419863223952334,0.015750545056094797
126,29.08.2012,2012-08-29,1,2012,True,0.0126755168961718,0.020286854237399267,0.02419863223952334,0.015729521860071195
126,30.08.2012,2012-08-30,1,2012,True,0.0126750642916616,0.02000441396892636,0.02419863223952334,0.015510530274430537
126,31.08.2012,2012-08-31,1,2012,True,0.0126768068950112,0.019990678411995026,0.02419863223952334,0.015412099149435537
126,04.09.2012,2012-09-04,1,2012,True,0.0127209226953875,0.019979429203778307,0.02419863223952334,0.0154911582020054
126,05.09.2012,2012-09-05,1,2012,True,0.0127335417963875,0.019914474761460892,0.02419863223952334,0.015440795424790934
126,06.09.2012,2012-09-06,1,2012,True,0.0127301492076352,0.019945560402328196,0.02419863223952334,0.015377314775234754
126,07.09.2012,2012-09-07,1,2012,True,0.0127226455699972,0.01990832783188084,0.02419863223952334,0.015348609793067729
126,10.09.2012,2012-09-10,1,2012,True,0.0127542862601167,0.019918408524141947,0.02419863223952334,0.015356381646799814
126,11.09.2012,2012-09-11,1,2012,True,0.0127483694237048,0.019922686308563472,0.02419863223952334,0.015359679665820764
126,12.09.2012,2012-09-12,1,2012,True,0.0127433740453059,0.01991413533115154,0.02419863223952334,0.015353087167608286
126,13.09.2012,2012-09-13,1,2012,True,0.012752161028638,0.01989509599947982,0.02419863223952334,0.01533840852282115
126,18.09.2012,2012-09-18,1,2012,True,0.0121814386527972,0.019879778460743135,0.02419863223952334,0.015326599247474424
126,19.09.2012,2012-09-19,1,2012,True,0.0121369632543216,0.020479236203652103,0.02419863223952334,0.015687619770890712
126,20.09.2012,2012-09-20,1,2012,True,0.0120573482120742,0.020722896839747738,0.02419863223952334,0.015976613408281163
126,21.09.2012,2012-09-21,1,2012,True,0.0121433930437303,0.02078318732235171,0.02419863223952334,0.016023095217277808
126,24.09.2012,2012-09-24,1,2012,True,0.0120882699866894,0.02084101403635491,0.02419863223952334,0.016067677548669255
126,25.09.2012,2012-09-25,1,2012,True,0.0121523590351855,0.020882237456842107,0.02419863223952334,0.016099459333695935
126,26.09.2012,2012-09-26,1,2012,True,0.0121533886841604,0.020803894436612732,0.02419863223952334,0.01603905966288152
126,27.09.2012,2012-09-27,1,2012,True,0.0121092754506453,0.020797605061218666,0.02419863223952334,0.016034210779058585
126,28.09.2012,2012-09-28,1,2012,True,0.0121407589144143,0.020910726281934102,0.02419863223952334,0.016121423200450218
126,01.10.2012,2012-10-01,1,2012,True,0.0123603242616177,0.020882958927239573,0.02419863223952334,0.016100015561607263
126,02.10.2012,2012-10-02,1,2012,True,0.0123533351283096,0.0208234619326832,0.02419863223952334,0.016054145503558305
126,03.10.2012,2012-10-03,1,2012,True,0.0120539581854097,0.020823736749435887,0.02419863223952334,0.016054357377460384
126,04.10.2012,2012-10-04,1,2012,True,0.0115355443527678,0.020964153593642267,0.02419863223952334,0.016162613749783446
126,05.10.2012,2012-10-05,1,2012,True,0.011543279501,0.021491965780984317,0.02419863223952334,0.01656953809701896
126,08.10.2012,2012-10-08,1,2012,True,0.0115667969097538,0.021376608561851397,0.02419863223952334,0.016480601800699324
126,09.10.2012,2012-10-09,1,2012,True,0.0113549551301897,0.021347848146694933,0.02419863223952334,0.01645842854770435
126,10.10.2012,2012-10-10,1,2012,True,0.0114343306431833,0.021150172613835207,0.02419863223952334,0.016594584953219617
126,11.10.2012,2012-10-11,1,2012,True,0.0114805194207736,0.020993766971901202,0.02419863223952334,0.016471867906903935
126,12.10.2012,2012-10-12,1,2012,True,0.0114555631753657,0.021038330380551036,0.02419863223952334,0.016506832693440047
126,15.10.2012,2012-10-15,1,2012,True,0.0114303248988334,0.02101124486154648,0.02419863223952334,0.016485581190942657
126,16.10.2012,2012-10-16,1,2012,True,0.0114797010897771,0.020955357564083982,0.02419863223952334,0.016512751375764717
126,19.10.2012,2012-10-19,1,2012,True,0.0110133040038899,0.021127117771370357,0.02419863223952334,0.01635861054987995
126,22.10.2012,2012-10-22,1,2012,True,0.011307766250225,0.02171239857601003,0.02419863223952334,0.016811790242871254
126,23.10.2012,2012-10-23,1,2012,True,0.01133145705696,0.021637915763325685,0.02419863223952334,0.016810454622417675
126,24.10.2012,2012-10-24,1,2012,True,0.0113810135211671,0.02167009611497248,0.02419863223952334,0.01683545547494936
126,25.10.2012,2012-10-25,1,2012,True,0.0114018397844662,0.02165719220235054,0.02419863223952334,0.016825430450360328
126,26.10.2012,2012-10-26,1,2012,True,0.0113662350072431,0.021670714783356845,0.02419863223952334,0.016835936117212482
126,31.10.2012,2012-10-31,1,2012,True,0.0113476443296173,0.02169879037334298,0.02419863223952334,0.016857747988402935
126,01.11.2012,2012-11-01,1,2012,True,0.0113492973345829,0.02176382176669697,0.02419863223952334,0.016851606935274977
126,02.11.2012,2012-11-02,1,2012,True,0.0111987539881377,0.02175192279272079,0.02419863223952334,0.01684239362547447
126,05.11.2012,2012-11-05,1,2012,True,0.0110631141429004,0.02190501170847784,0.02419863223952334,0.01696092952703349
126,06.11.2012,2012-11-06,1,2012,True,0.0107546255031646,0.022121793943790227,0.02419863223952334,0.01705511311814716
126,07.11.2012,2012-11-07,1,2012,True,0.0101854695406239,0.02241510819892168,0.02419863223952334,0.01728124793402796
126,08.11.2012,2012-11-08,1,2012,True,0.0101784348639986,0.02281215700652087,0.02419863223952334,0.01758735838529769
126,09.11.2012,2012-11-09,1,2012,True,0.0100169614085346,0.02272947762602303,0.02419863223952334,0.01752361553557619
126,12.11.2012,2012-11-12,1,2012,True,0.0100162193468918,0.022668516974532527,0.02419863223952334,0.017476617050301072
126,13.11.2012,2012-11-13,1,2012,True,0.0100565365115152,0.022670742678616337,0.02419863223952334,0.017478332988665444
126,14.11.2012,2012-11-14,1,2012,True,0.0099908578535509,0.022529168974259186,0.02419863223952334,0.01748721777717696
126,15.11.2012,2012-11-15,1,2012,True,0.0099255441687491,0.022570688316932482,0.02419863223952334,0.017519445232531516
126,19.11.2012,2012-11-19,1,2012,True,0.0100270431732346,0.02261279493727798,0.02419863223952334,0.017552128534817718
126,20.11.2012,2012-11-20,1,2012,True,0.0101108907652939,0.022761966111051822,0.02419863223952334,0.017548662997306067
126,21.11.2012,2012-11-21,1,2012,True,0.0100729817759733,0.022775298369890968,0.02419863223952334,0.01755894169275002
126,23.11.2012,2012-11-23,1,2012,True,0.0101760576078795,0.02279066719329508,0.02419863223952334,0.017570790506743855
126,26.11.2012,2012-11-26,1,2012,True,0.0102877530919564,0.022790856390534336,0.02419863223952334,0.017570936371058717
126,27.11.2012,2012-11-27,1,2012,True,0.0103133584559331,0.02203109795604335,0.02419863223952334,0.017232224129095856
126,28.11.2012,2012-11-28,1,2012,True,0.0103111478970504,0.022055607464171952,0.02419863223952334,0.01725139490933607
126,29.11.2012,2012-11-29,1,2012,True,0.0102706092270808,0.02198917894562942,0.02419863223952334,0.017199436031826984
126,30.11.2012,2012-11-30,1,2012,True,0.0102979782140386,0.02202243455561643,0.02419863223952334,0.01722544781417162
126,03.12.2012,2012-12-03,1,2012,True,0.0103070507352108,0.021810665023219475,0.02419863223952334,0.017059806498733815
126,04.12.2012,2012-12-04,1,2012,True,0.0103055212567898,0.02210644641788212,0.02419863223952334,0.017043280723762166
126,05.12.2012,2012-12-05,1,2012,True,0.0102864306481827,0.022135512581604008,0.02419863223952334,0.017065689697982205
126,06.12.2012,2012-12-06,1,2012,True,0.0102067668218004,0.022162801634589648,0.02419863223952334,0.017086728583288694
126,07.12.2012,2012-12-07,1,2012,True,0.0102068984688736,0.021959229213913977,0.02419863223952334,0.016929781516916927
126,10.12.2012,2012-12-10,1,2012,True,0.0103107745044765,0.021881532455415676,0.02419863223952334,0.0168698800908179
126,11.12.2012,2012-12-11,1,2012,True,0.0102951384075359,0.021505600387471804,0.02419863223952334,0.016580049891702357
126,12.12.2012,2012-12-12,1,2012,True,0.0107625065818783,0.021511512731602494,0.02419863223952334,0.01658460809788575
126,13.12.2012,2012-12-13,1,2012,True,0.0107393761581447,0.02156362258684879,0.02419863223952334,0.016624782935335824
126,14.12.2012,2012-12-14,1,2012,True,0.0106891309786576,0.02154266705830859,0.02419863223952334,0.016608626971194227
126,19.12.2012,2012-12-19,1,2012,True,0.010639064986288,0.02156053220322902,0.02419863223952334,0.016622400359928624
126,20.12.2012,2012-12-20,1,2012,True,0.010646797528319,0.02158436790507303,0.02419863223952334,0.01664077683483084
126,21.12.2012,2012-12-21,1,2012,True,0.010657162439974,0.021508421496813573,0.02419863223952334,0.01658222486625753
126,24.12.2012,2012-12-24,1,2012,True,0.0106700451804097,0.021524915053122987,0.02419863223952334,0.016594940809154943
126,26.12.2012,2012-12-26,1,2012,True,0.0105292769556878,0.02152650014944947,0.02419863223952334,0.016596162861815773
126,27.12.2012,2012-12-27,1,2012,True,0.0105674820272498,0.021645765182177472,0.02419863223952334,0.01668811194286155
126,28.12.2012,2012-12-28,1,2012,True,0.0106784834549151,0.021641987635064863,0.02419863223952334,0.016685199588941324
126,31.12.2012,2012-12-31,1,2012,True,0.0107999306495142,0.021552331763470496,0.02419863223952334,0.01661607811372854
126,02.01.2013,2013-01-02,2,2013,True,0.0107443047282774,0.014946947856712843,0.022095531735505824,0.016614456513283343
126,03.01.2013,2013-01-03,2,2013,True,0.0107473603252732,0.0147210164685369,0.022095531735505824,0.016363319808999657
126,04.01.2013,2013-01-04,2,2013,True,0.0107450715906409,0.015859321009672633,0.022095531735505824,0.015978375853474808
126,07.01.2013,2013-01-07,2,2013,True,0.0107627904113426,0.015801979384988885,0.022095531735505824,0.015920603769115898
126,08.01.2013,2013-01-08,2,2013,True,0.0107919780770458,0.01571133123789851,0.022095531735505824,0.015920355209661945
126,09.01.2013,2013-01-09,2,2013,True,0.0107941119079015,0.01561145143629505,0.022095531735505824,0.015819146604501743
126,10.01.2013,2013-01-10,2,2013,True,0.0107968248483131,0.01561035148403801,0.022095531735505824,0.015818032018450404
126,11.01.2013,2013-01-11,2,2013,True,0.0107511085511163,0.01604083903160105,0.022095531735505824,0.015663455172275006
126,14.01.2013,2013-01-14,2,2013,True,0.0107541349214398,0.015166710897515054,0.022095531735505824,0.014521607376904073
126,15.01.2013,2013-01-15,2,2013,True,0.0106812495145931,0.015186530085289267,0.022095531735505824,0.014540583571896583
126,16.01.2013,2013-01-16,2,2013,True,0.0106805910061292,0.01483188721970979,0.022095531735505824,0.014305352653476386
126,17.01.2013,2013-01-17,2,2013,True,0.0107274979448349,0.014833048438570218,0.022095531735505824,0.014306472648866064
126,18.01.2013,2013-01-18,2,2013,True,0.0107350746722115,0.01463466083482571,0.022095531735505824,0.014115127839429274
126,22.01.2013,2013-01-22,2,2013,True,0.0106393345102574,0.014509654634586108,0.022095531735505824,0.013994559380958109
126,23.01.2013,2013-01-23,2,2013,True,0.0106373925541146,0.015931961286607364,0.022095531735505824,0.013887547280506828
126,24.01.2013,2013-01-24,2,2013,True,0.0106372074467559,0.015776129081091588,0.022095531735505824,0.013751711705526791
126,25.01.2013,2013-01-25,2,2013,True,0.01065994646638,0.015761417588460266,0.022095531735505824,0.013738888014468991
126,28.01.2013,2013-01-28,2,2013,True,0.0107697752293355,0.01571170514129411,0.022095531735505824,0.013695554745700002
126,29.01.2013,2013-01-29,2,2013,True,0.0107551939258713,0.01604117414117768,0.022095531735505824,0.01366419791364604
126,30.01.2013,2013-01-30,2,2013,True,0.0107467499799474,0.01605349022589002,0.022095531735505824,0.013674689004731365
126,31.01.2013,2013-01-31,2,2013,True,0.0107397197760086,0.016101474482756714,0.022095531735505824,0.013647883865266634
126,01.02.2013,2013-02-01,2,2013,True,0.0107091902538446,0.01600548382628154,0.022095531735505824,0.013483073335198104
126,04.02.2013,2013-02-04,2,2013,True,0.0106921616890942,0.016109007309878357,0.022095531735505824,0.013483776977273624
126,05.02.2013,2013-02-05,2,2013,True,0.0107482884970342,0.015358462664573542,0.022095531735505824,0.013155243051628625
126,06.02.2013,2013-02-06,2,2013,True,0.0107669684813361,0.015378061290342105,0.022095531735505824,0.013170038587509352
126,07.02.2013,2013-02-07,2,2013,True,0.0107836733023707,0.015353754138341941,0.022095531735505824,0.013149221520666495
126,08.02.2013,2013-02-08,2,2013,True,0.0107101104377653,0.015337959565998743,0.022095531735505824,0.01313569477478444
126,11.02.2013,2013-02-11,2,2013,True,0.0107255815691764,0.015360159872040107,0.022095531735505824,0.013154707502182197
126,12.02.2013,2013-02-12,2,2013,True,0.010716739284755,0.014239546785927011,0.022095531735505824,0.013167647957189936
126,13.02.2013,2013-02-13,2,2013,True,0.0107442842732947,0.014152700396713352,0.022095531735505824,0.01311979476364743
126,14.02.2013,2013-02-14,2,2013,True,0.0107464667132603,0.014126546730693332,0.022095531735505824,0.013095549868971407
126,15.02.2013,2013-02-15,2,2013,True,0.010747086492271,0.014127263637598088,0.022095531735505824,0.013096214453905122
126,19.02.2013,2013-02-19,2,2013,True,0.0107642668437487,0.013875756123506828,0.022095531735505824,0.012863062696721115
126,20.02.2013,2013-02-20,2,2013,True,0.0106699500040636,0.015010504477434052,0.022095531735505824,0.012883994635859455
126,21.02.2013,2013-02-21,2,2013,True,0.010939565649331,0.015413840570941164,0.022095531735505824,0.01282591507166422
126,22.02.2013,2013-02-22,2,2013,True,0.0110672334992401,0.015517422699668017,0.022095531735505824,0.012928936129716948
126,25.02.2013,2013-02-25,2,2013,True,0.0111217312444749,0.015513068340556917,0.022095531735505824,0.012908482874281929
126,26.02.2013,2013-02-26,2,2013,True,0.0110741423869844,0.015513911859732945,0.022095531735505824,0.01290918476978054
126,27.02.2013,2013-02-27,2,2013,True,0.0111273423791435,0.01558820018239163,0.022095531735505824,0.012971000364203709
126,28.02.2013,2013-02-28,2,2013,True,0.0111368671714775,0.01560274861993859,0.022095531735505824,0.012983106174144061
126,01.03.2013,2013-03-01,2,2013,True,0.0111095882973593,0.015385737218044059,0.022095531735505824,0.01287042888956964
126,04.03.2013,2013-03-04,2,2013,True,0.0111238059903458,0.015398948162815292,0.022095531735505824,0.012881480067867601
126,05.03.2013,2013-03-05,2,2013,True,0.0112197372292167,0.015071616371237134,0.022095531735505824,0.01264963175306579
126,06.03.2013,2013-03-06,2,2013,True,0.011382753046337,0.014681612177353231,0.022095531735505824,0.012710703463388954
126,07.03.2013,2013-03-07,2,2013,True,0.0113842735101306,0.014663920821652753,0.022095531735505824,0.01269538705443756
126,08.03.2013,2013-03-08,2,2013,True,0.0114167059786266,0.014739998825089829,0.022095531735505824,0.012693599355643667
126,11.03.2013,2013-03-11,2,2013,True,0.0114051789948087,0.01474166741658429,0.022095531735505824,0.012695036291437914
126,12.03.2013,2013-03-12,2,2013,True,0.0115299479772156,0.014604630882824805,0.022095531735505824,0.012657710414031288
126,13.03.2013,2013-03-13,2,2013,True,0.011590393846042,0.014564823214487795,0.022095531735505824,0.012623209443612362
126,14.03.2013,2013-03-14,2,2013,True,0.0115729907714766,0.014598746629478989,0.022095531735505824,0.012652610581282914
126,15.03.2013,2013-03-15,2,2013,True,0.0116054371000544,0.014625176233482917,0.022095531735505824,0.01267551689617189
126,19.03.2013,2013-03-19,2,2013,True,0.0115025171051487,0.014624654012513229,0.022095531735505824,0.012675064291661754
126,20.03.2013,2013-03-20,2,2013,True,0.0114577404966416,0.01454298535297205,0.022095531735505824,0.012676806895011319
126,21.03.2013,2013-03-21,2,2013,True,0.0114337288681184,0.014593595529810767,0.022095531735505824,0.012720922695387592
126,22.03.2013,2013-03-22,2,2013,True,0.0114430464805213,0.014608072314266862,0.022095531735505824,0.012733541796387589
126,25.03.2013,2013-03-25,2,2013,True,0.0114374589710701,0.01460418029564245,0.022095531735505824,0.01273014920763528
126,26.03.2013,2013-03-26,2,2013,True,0.0114005975028366,0.014595572032286605,0.022095531735505824,0.012722645569997281
126,27.03.2013,2013-03-27,2,2013,True,0.0114442600557637,0.01463187061258194,0.022095531735505824,0.012754286260116864
126,28.03.2013,2013-03-28,2,2013,True,0.0114419833727775,0.014625082746679435,0.022095531735505824,0.012748369423704888
126,01.04.2013,2013-04-01,2,2013,True,0.01141565357704,0.014619351988493366,0.022095531735505824,0.012743374045306054
126,02.04.2013,2013-04-02,2,2013,True,0.0114130979502196,0.01462943252146619,0.022095531735505824,0.012752161028638137
126,03.04.2013,2013-04-03,2,2013,True,0.0110326502850014,0.013974692946965522,0.022095531735505824,0.01218143865279729
126,04.04.2013,2013-04-04,2,2013,True,0.0110507110435521,0.014526154153121619,0.022095531735505824,0.012136963254321719
126,05.04.2013,2013-04-05,2,2013,True,0.0110996394798622,0.014363973960520774,0.022095531735505824,0.01205734821207427
126,08.04.2013,2013-04-08,2,2013,True,0.0111015557239568,0.014630413618605571,0.022095531735505824,0.012143393043730457
126,09.04.2013,2013-04-09,2,2013,True,0.0110282621290634,0.014564001115812792,0.022095531735505824,0.012088269986689543
126,10.04.2013,2013-04-10,2,2013,True,0.0110579648274307,0.014940090386949366,0.022095531735505824,0.012152359035185651
126,11.04.2013,2013-04-11,2,2013,True,0.010999591141578,0.01494135623572053,0.022095531735505824,0.012153388684160524
126,12.04.2013,2013-04-12,2,2013,True,0.0109495861486697,0.01492956351918019,0.022095531735505824,0.012109275450645371
126,15.04.2013,2013-04-15,2,2013,True,0.0107325849960955,0.015055150479271242,0.022095531735505824,0.012140758914414422
126,16.04.2013,2013-04-16,2,2013,True,0.0107341626555067,0.015374610263047636,0.022095531735505824,0.012360324261617768
126,17.04.2013,2013-04-17,2,2013,True,0.0108906413480466,0.015546750061087635,0.022095531735505824,0.012353335128309684
126,18.04.2013,2013-04-18,2,2013,True,0.0108535552239011,0.015169982292952614,0.022095531735505824,0.012053958185409788
126,19.04.2013,2013-04-19,2,2013,True,0.0108460678903433,0.014517555219568726,0.022095531735505824,0.011535544352767931
126,22.04.2013,2013-04-22,2,2013,True,0.0110420524824523,0.014527289952335437,0.022095531735505824,0.011543279501000146
126,23.04.2013,2013-04-23,2,2013,True,0.0110550359697271,0.014608082810303643,0.022095531735505824,0.011566796909753893
126,24.04.2013,2013-04-24,2,2013,True,0.0110081605898431,0.014340540959028944,0.022095531735505824,0.011354955130189822
126,25.04.2013,2013-04-25,2,2013,True,0.0109516402656084,0.014528608648050185,0.022095531735505824,0.011434330643183473
126,26.04.2013,2013-04-26,2,2013,True,0.0112237022129593,0.014587296707236224,0.022095531735505824,0.011480519420773676
126,29.04.2013,2013-04-29,2,2013,True,0.0112133366033378,0.014555586978510513,0.022095531735505824,0.011455563175365821
126,30.04.2013,2013-04-30,2,2013,True,0.0111686709442916,0.01450461280975081,0.022095531735505824,0.011430324898833517
126,01.05.2013,2013-05-01,2,2013,True,0.0109566884294848,0.014498086675627997,0.022095531735505824,0.011479701089777177
126,02.05.2013,2013-05-02,2,2013,True,0.0107702918313224,0.013764391530573704,0.022095531735505824,0.011013304003889985
126,03.05.2013,2013-05-03,2,2013,True,0.0108019829971935,0.014280944592668578,0.022095531735505824,0.011307766250225134
126,06.05.2013,2013-05-06,2,2013,True,0.0108018712241113,0.014379153579291372,0.022095531735505824,0.01133145705696014
126,07.05.2013,2013-05-07,2,2013,True,0.0107752005325305,0.01415890427081283,0.022095531735505824,0.011381013521167197
126,08.05.2013,2013-05-08,2,2013,True,0.0108296388402093,0.014154499478163008,0.022095531735505824,0.011401839784466317
126,09.05.2013,2013-05-09,2,2013,True,0.0108906943236442,0.01412868843762366,0.022095531735505824,0.011366235007243175
126,10.05.2013,2013-05-10,2,2013,True,0.0108787754181127,0.014105579475698123,0.022095531735505824,0.011347644329617386
126,13.05.2013,2013-05-13,2,2013,True,0.0109230753669028,0.01410763422752493,0.022095531735505824,0.011349297334583003
126,14.05.2013,2013-05-14,2,2013,True,0.010959156493664,0.012284464448941235,0.022095531735505824,0.011198753988137859
126,15.05.2013,2013-05-15,2,2013,True,0.011041420544553,0.012135674426547447,0.022095531735505824,0.011063114142900555
126,16.05.2013,2013-05-16,2,2013,True,0.0110660019309858,0.01179727805390179,0.022095531735505824,0.010754625503164734
126,17.05.2013,2013-05-17,2,2013,True,0.0110657358552697,0.011172942864903071,0.022095531735505824,0.010185469540624029
126,20.05.2013,2013-05-20,2,2013,True,0.0110665764284558,0.01117977684282265,0.022095531735505824,0.010178434863998699
126,21.05.2013,2013-05-21,2,2013,True,0.0110699867826625,0.011307504618225519,0.022095531735505824,0.010016961408534697
126,22.05.2013,2013-05-22,2,2013,True,0.0110902386590268,0.01130666695247931,0.022095531735505824,0.010016219346891893
126,23.05.2013,2013-05-23,2,2013,True,0.0111728786717705,0.01136168395462263,0.022095531735505824,0.010056536511515321
126,24.05.2013,2013-05-24,2,2013,True,0.0112062390635474,0.011278037990922961,0.022095531735505824,0.009990857853551078
126,28.05.2013,2013-05-28,2,2013,True,0.0111474301573887,0.011204309565464463,0.022095531735505824,0.009925544168749266
126,29.05.2013,2013-05-29,2,2013,True,0.0110575648692397,0.011318885275119026,0.022095531735505824,0.010027043173234778
126,30.05.2013,2013-05-30,2,2013,True,0.0110632943468242,0.011398677556237162,0.022095531735505824,0.010110890765294013
126,31.05.2013,2013-05-31,2,2013,True,0.0110961624918872,0.011355940239043367,0.022095531735505824,0.01007298177597343
126,03.06.2013,2013-06-03,2,2013,True,0.0110050326394849,0.011234699701748237,0.022095531735505824,0.010176057607879638
126,04.06.2013,2013-06-04,2,2013,True,0.0109632382305524,0.012713040189091048,0.022095531735505824,0.010287753091956496
126,05.06.2013,2013-06-05,2,2013,True,0.0109967562176848,0.012744681891451368,0.022095531735505824,0.0103133584559332
126,06.06.2013,2013-06-06,2,2013,True,0.0109876654371687,0.012714718848238516,0.022095531735505824,0.010311147897050578
126,07.06.2013,2013-06-07,2,2013,True,0.0110369146643118,0.012664730447694622,0.022095531735505824,0.01027060922708097
126,10.06.2013,2013-06-10,2,2013,True,0.0110228453410319,0.012715029958928826,0.022095531735505824,0.010297978214038725
126,11.06.2013,2013-06-11,2,2013,True,0.0109868322439333,0.012653425510178631,0.022095531735505824,0.010307050735210896
126,12.06.2013,2013-06-12,2,2013,True,0.0110383529930052,0.0126515478497532,0.022095531735505824,0.010305521256789985
126,13.06.2013,2013-06-13,2,2013,True,0.011024053625497,0.012628111311003156,0.022095531735505824,0.010286430648182843
126,14.06.2013,2013-06-14,2,2013,True,0.0110263016560406,0.012494693321911497,0.022095531735505824,0.010206766821800545
126,18.06.2013,2013-06-18,2,2013,True,0.0109335735211533,0.012465002559645178,0.022095531735505824,0.01020689846887377
126,19.06.2013,2013-06-19,2,2013,True,0.0109341438485911,0.012629649328163562,0.022095531735505824,0.010310774504476606
126,20.06.2013,2013-06-20,2,2013,True,0.0104050991135432,0.012610496700867302,0.022095531735505824,0.01029513840753608
126,21.06.2013,2013-06-21,2,2013,True,0.0103482059777734,0.01353580145419765,0.022095531735505824,0.010762506581878403
126,24.06.2013,2013-06-24,2,2013,True,0.0106510899620658,0.013569280883998417,0.022095531735505824,0.010739376158144867
126,25.06.2013,2013-06-25,2,2013,True,0.0106797553202678,0.013269726791421438,0.022095531735505824,0.010689130978657774
126,26.06.2013,2013-06-26,2,2013,True,0.0106764358361713,0.013224786779712616,0.022095531735505824,0.010639064986288162
126,27.06.2013,2013-06-27,2,2013,True,0.0106422366502706,0.013234398641258367,0.022095531735505824,0.01064679752831911
126,28.06.2013,2013-06-28,2,2013,True,0.0106267065939205,0.013247282644392611,0.022095531735505824,0.010657162439974173
126,01.07.2013,2013-07-01,2,2013,True,0.0106241994324245,0.01322559526372716,0.022095531735505824,0.010670045180409793
126,02.07.2013,2013-07-02,2,2013,True,0.0106137551618417,0.011617507054257849,0.022095531735505824,0.010529276955687969
126,03.07.2013,2013-07-03,2,2013,True,0.0105179915540702,0.011641544376312351,0.022095531735505824,0.010567482027249973
126,05.07.2013,2013-07-05,2,2013,True,0.01039315088756,0.01177367809162394,0.022095531735505824,0.010678483454915191
126,08.07.2013,2013-07-08,2,2013,True,0.0104092799501496,0.011764591441523822,0.022095531735505824,0.0107999306495143
126,09.07.2013,2013-07-09,2,2013,True,0.0104044284466601,0.013325265217165757,0.022095531735505824,0.010744304728277532
126,10.07.2013,2013-07-10,2,2013,True,0.010387927090015,0.013300568947831538,0.022095531735505824,0.010747360325273342
126,11.07.2013,2013-07-11,2,2013,True,0.0104169589979708,0.01325367310255091,0.022095531735505824,0.010745071590641028
126,12.07.2013,2013-07-12,2,2013,True,0.0103941036724703,0.013337025305321546,0.022095531735505824,0.010762790411342732
126,15.07.2013,2013-07-15,2,2013,True,0.0103945609024203,0.013373194051641918,0.022095531735505824,0.010791978077045957
126,16.07.2013,2013-07-16,2,2013,True,0.0104371782208867,0.013234886733878001,0.022095531735505824,0.010794111907901617
126,17.07.2013,2013-07-17,2,2013,True,0.0104553772034162,0.013220980388467288,0.022095531735505824,0.010796824848313255
126,19.07.2013,2013-07-19,2,2013,True,0.0104087691708499,0.013182159417255377,0.022095531735505824,0.010751108551116469
126,22.07.2013,2013-07-22,2,2013,True,0.0104088910139405,0.013185870113307744,0.022095531735505824,0.010754134921439907
126,23.07.2013,2013-07-23,2,2013,True,0.0104855308099092,0.012696076368245433,0.022095531735505824,0.010681249514593275
126,24.07.2013,2013-07-24,2,2013,True,0.0104408760570217,0.012711840484679996,0.022095531735505824,0.010680591006129378
126,25.07.2013,2013-07-25,2,2013,True,0.0104355783212737,0.012767668249464601,0.022095531735505824,0.010727497944835018
126,26.07.2013,2013-07-26,2,2013,True,0.0104361650781525,0.012776685929268325,0.022095531735505824,0.010735074672211662
126,29.07.2013,2013-07-29,2,2013,True,0.0104634647405883,0.012662737771714087,0.022095531735505824,0.010639334510257495
126,30.07.2013,2013-07-30,2,2013,True,0.0106349049894655,0.01109222732511632,0.022095531735505824,0.010637392554114694
126,31.07.2013,2013-07-31,2,2013,True,0.0106440187212226,0.011092034302917378,0.022095531735505824,0.010637207446756034
126,01.08.2013,2013-08-01,2,2013,True,0.0105357394795243,0.011115745599979833,0.022095531735505824,0.010659946466380112
126,02.08.2013,2013-08-02,2,2013,True,0.0105252294936441,0.011247746297891386,0.022095531735505824,0.010769775229335666
126,05.08.2013,2013-08-05,2,2013,True,0.0105233456294285,0.011215065660553167,0.022095531735505824,0.010755193925871386
126,06.08.2013,2013-08-06,2,2013,True,0.0105145242069877,0.011206260667484426,0.022095531735505824,0.010746749979947524
126,07.08.2013,2013-08-07,2,2013,True,0.0105899608257879,0.011198929865332101,0.022095531735505824,0.010739719776008749
126,08.08.2013,2013-08-08,2,2013,True,0.0105707851543791,0.011167094958587072,0.022095531735505824,0.010709190253844725
126,09.08.2013,2013-08-09,2,2013,True,0.0105018261404646,0.011149338284639852,0.022095531735505824,0.010692161689094317
126,12.08.2013,2013-08-12,2,2013,True,0.0105031931652152,0.011207864968649716,0.022095531735505824,0.01074828849703431
126,13.08.2013,2013-08-13,2,2013,True,0.0105209957124609,0.01144879112234028,0.022095531735505824,0.010766968481336243
126,14.08.2013,2013-08-14,2,2013,True,0.0105163700806962,0.011466553782934406,0.022095531735505824,0.010783673302370879
126,15.08.2013,2013-08-15,2,2013,True,0.0104995910102662,0.011388332520125945,0.022095531735505824,0.01071011043776541
126,16.08.2013,2013-08-16,2,2013,True,0.0104999226441065,0.011389936392210781,0.022095531735505824,0.010725581569176483
126,20.08.2013,2013-08-20,2,2013,True,0.010610301271258,0.011380546406551631,0.022095531735505824,0.010716739284755169
126,21.08.2013,2013-08-21,2,2013,True,0.0107183226117886,0.01125348391251063,0.022095531735505824,0.010744284273294855
126,22.08.2013,2013-08-22,2,2013,True,0.0107918818379734,0.011279879684415397,0.022095531735505824,0.010746466713260473
126,23.08.2013,2013-08-23,2,2013,True,0.01075504427637,0.011271090694899774,0.022095531735505824,0.010747086492271182
126,26.08.2013,2013-08-26,2,2013,True,0.0107790710733413,0.011289108722373051,0.022095531735505824,0.010764266843748883
126,27.08.2013,2013-08-27,2,2013,True,0.0104044447729961,0.01112617686999996,0.022095531735505824,0.010669950004063731
126,28.08.2013,2013-08-28,2,2013,True,0.0102588019193923,0.011557718462563999,0.022095531735505824,0.010939565649331085
126,29.08.2013,2013-08-29,2,2013,True,0.0102101793767201,0.011692600332033886,0.022095531735505824,0.011067233499240192
126,30.08.2013,2013-08-30,2,2013,True,0.0101857044227695,0.011897507254814595,0.022095531735505824,0.011121731244475073
126,03.09.2013,2013-09-03,2,2013,True,0.0101481041148154,0.011846598923656807,0.022095531735505824,0.011074142386984566
126,04.09.2013,2013-09-04,2,2013,True,0.0101329548576242,0.014089188292394963,0.022095531735505824,0.011127342379143623
126,05.09.2013,2013-09-05,2,2013,True,0.0102251194823019,0.014101248368203525,0.022095531735505824,0.011136867171477667
126,06.09.2013,2013-09-06,2,2013,True,0.0102255455512989,0.014066708477117147,0.022095531735505824,0.011109588297359424
126,09.09.2013,2013-09-09,2,2013,True,0.010079448980109,0.014084710597187251,0.022095531735505824,0.011123805990345941
126,10.09.2013,2013-09-10,2,2013,True,0.0099030242549928,0.014206176553883978,0.022095531735505824,0.011219737229216833
126,11.09.2013,2013-09-11,2,2013,True,0.0099005490781742,0.014320734252257303,0.022095531735505824,0.011382753046337124
126,12.09.2013,2013-09-12,2,2013,True,0.0098579827197693,0.014561201516453917,0.022095531735505824,0.011384273510130704
126,13.09.2013,2013-09-13,2,2013,True,0.0098570009835289,0.014512862895576755,0.022095531735505824,0.011416705978626679
126,18.09.2013,2013-09-18,2,2013,True,0.0097308383258476,0.014498209848011147,0.022095531735505824,0.011405178994808871
126,19.09.2013,2013-09-19,2,2013,True,0.0096184947550126,0.014081342727318959,0.022095531735505824,0.011529947977215693
126,20.09.2013,2013-09-20,2,2013,True,0.0096140534525956,0.013761741237469535,0.022095531735505824,0.011590393846042085
126,23.09.2013,2013-09-23,2,2013,True,0.0097397948910105,0.013741077866398126,0.022095531735505824,0.011572990771476749
126,24.09.2013,2013-09-24,2,2013,True,0.0097548904119568,0.014673288016700682,0.022095531735505824,0.011605437100054513
126,25.09.2013,2013-09-25,2,2013,True,0.0098221762839313,0.014577991558725653,0.022095531735505824,0.011502517105148855
126,26.09.2013,2013-09-26,2,2013,True,0.0098061790258143,0.014521242847562843,0.022095531735505824,0.011457740496641722
126,27.09.2013,2013-09-27,2,2013,True,0.0098233529289338,0.014088060373576102,0.022095531735505824,0.011433728868118491
126,30.09.2013,2013-09-30,2,2013,True,0.0099446619441968,0.014099541062648265,0.022095531735505824,0.011443046480521437
126,01.10.2013,2013-10-01,2,2013,True,0.0099417620477105,0.014008076075550642,0.022095531735505824,0.0114374589710702
126,02.10.2013,2013-10-02,2,2013,True,0.0098968835435804,0.013923237214484118,0.022095531735505824,0.011400597502836732
126,03.10.2013,2013-10-03,2,2013,True,0.009896303291695,0.01358810519287705,0.022095531735505824,0.011444260055763829
126,04.10.2013,2013-10-04,2,2013,True,0.0099939092969324,0.01359228608158617,0.022095531735505824,0.011441983372777619
126,07.10.2013,2013-10-07,2,2013,True,0.0099957757107483,0.013554139882738951,0.022095531735505824,0.011415653577040155
126,08.10.2013,2013-10-08,2,2013,True,0.0099880086921582,0.013912250547541445,0.022095531735505824,0.011413097950219706
126,09.10.2013,2013-10-09,2,2013,True,0.0099659899478988,0.013441683980596255,0.022095531735505824,0.011032650285001519
126,10.10.2013,2013-10-10,2,2013,True,0.0097209045963768,0.013381968065615025,0.022095531735505824,0.01105071104355218
126,11.10.2013,2013-10-11,2,2013,True,0.0097276200247279,0.013185605178530518,0.022095531735505824,0.011099639479862297
126,14.10.2013,2013-10-14,2,2013,True,0.0097266670551586,0.013181202301125456,0.022095531735505824,0.011101555723956873
126,15.10.2013,2013-10-15,2,2013,True,0.0097391861968827,0.013513754697583431,0.022095531735505824,0.011028262129063484
126,16.10.2013,2013-10-16,2,2013,True,0.0097305978483725,0.01324146062863049,0.022095531735505824,0.011057964827430796
126,17.10.2013,2013-10-17,2,2013,True,0.0098021195746493,0.012948600236376479,0.022095531735505824,0.010999591141578086
126,21.10.2013,2013-10-21,2,2013,True,0.0097704283148933,0.012561496936888428,0.022095531735505824,0.010949586148669817
126,22.10.2013,2013-10-22,2,2013,True,0.0097946179339633,0.01231255060445626,0.022095531735505824,0.010732584996095668
126,23.10.2013,2013-10-23,2,2013,True,0.0096354666280415,0.012636140680994334,0.022095531735505824,0.010734162655506864
126,24.10.2013,2013-10-24,2,2013,True,0.0096355647728639,0.012888437147845691,0.022095531735505824,0.010890641348046735
126,25.10.2013,2013-10-25,2,2013,True,0.0096628044499886,0.01295974275565122,0.022095531735505824,0.010853555223901246
126,28.10.2013,2013-10-28,2,2013,True,0.0094200881526069,0.012443466184817478,0.022095531735505824,0.010846067890343463
126,29.10.2013,2013-10-29,2,2013,True,0.009450885054591,0.01202410262415157,0.022095531735505824,0.01104205248245244
126,30.10.2013,2013-10-30,2,2013,True,0.0094248922125789,0.012038240827502707,0.022095531735505824,0.011055035969727178
126,31.10.2013,2013-10-31,2,2013,True,0.0093893976809128,0.011987196478712851,0.022095531735505824,0.011008160589843271
126,01.11.2013,2013-11-01,2,2013,True,0.0090751566276377,0.011925649390431132,0.022095531735505824,0.010951640265608527
126,04.11.2013,2013-11-04,2,2013,True,0.0090959334951002,0.012264804430353526,0.022095531735505824,0.011223702212959392
126,05.11.2013,2013-11-05,2,2013,True,0.0090926931199881,0.01214205252440827,0.022095531735505824,0.011213336603337924
126,06.11.2013,2013-11-06,2,2013,True,0.0090936138296728,0.012074896035141499,0.022095531735505824,0.011168670944291728
126,07.11.2013,2013-11-07,2,2013,True,0.0089579418246108,0.011778107518695846,0.022095531735505824,0.010956688429484952
126,08.11.2013,2013-11-08,2,2013,True,0.0088948017955875,0.0116600321786608,0.022095531735505824,0.010770291831322536
126,11.11.2013,2013-11-11,2,2013,True,0.0088348615017696,0.011694341370985663,0.022095531735505824,0.010801982997193588
126,12.11.2013,2013-11-12,2,2013,True,0.0088449022824869,0.011611683721727556,0.022095531735505824,0.010801871224111425
126,13.11.2013,2013-11-13,2,2013,True,0.0087812457685381,0.011868977525311682,0.022095531735505824,0.01077520053253065
126,14.11.2013,2013-11-14,2,2013,True,0.0087051331222046,0.01185020668206251,0.022095531735505824,0.010829638840209382
126,15.11.2013,2013-11-15,2,2013,True,0.0087158951068991,0.011917015936595578,0.022095531735505824,0.010890694323644277
126,19.11.2013,2013-11-19,2,2013,True,0.0086099364924776,0.011903973812471588,0.022095531735505824,0.0108787754181128
126,20.11.2013,2013-11-20,2,2013,True,0.008560010910125,0.012969407141244638,0.022095531735505824,0.010923075366902959
126,21.11.2013,2013-11-21,2,2013,True,0.0084116150157852,0.013012247715658221,0.022095531735505824,0.010959156493664168
126,22.11.2013,2013-11-22,2,2013,True,0.0083870143631597,0.01310992313519254,0.022095531735505824,0.011041420544553147
126,25.11.2013,2013-11-25,2,2013,True,0.0083869759649723,0.01313910960493983,0.022095531735505824,0.011066001930985964
126,26.11.2013,2013-11-26,2,2013,True,0.0083931000800571,0.013138793682530006,0.022095531735505824,0.011065735855269857
126,27.11.2013,2013-11-27,2,2013,True,0.0083920588839845,0.01313979172891493,0.022095531735505824,0.011066576428455929
126,29.11.2013,2013-11-29,2,2013,True,0.0082919324239659,0.013143840979763857,0.022095531735505824,0.011069986782662612
126,02.12.2013,2013-12-02,2,2013,True,0.0082461883699118,0.013167886847902668,0.022095531735505824,0.011090238659026919
126,03.12.2013,2013-12-03,2,2013,True,0.0081997194131769,0.013723771797256716,0.022095531735505824,0.011172878671770605
126,04.12.2013,2013-12-04,2,2013,True,0.0081878440505985,0.013382177192089874,0.022095531735505824,0.011206239063547532
126,05.12.2013,2013-12-05,2,2013,True,0.0085196406651844,0.013311949241550351,0.022095531735505824,0.011147430157388819
126,06.12.2013,2013-12-06,2,2013,True,0.008510445615678,0.013204634628448772,0.022095531735505824,0.011057564869239799
126,09.12.2013,2013-12-09,2,2013,True,0.0083163688436568,0.013211476610296537,0.022095531735505824,0.011063294346824345
126,10.12.2013,2013-12-10,2,2013,True,0.0083177711248275,0.013111091719599158,0.022095531735505824,0.011096162491887334
126,11.12.2013,2013-12-11,2,2013,True,0.0083367494399589,0.013003413785528382,0.022095531735505824,0.011005032639485038
126,12.12.2013,2013-12-12,2,2013,True,0.0083112528122774,0.012954030016204368,0.022095531735505824,0.010963238230552484
126,13.12.2013,2013-12-13,2,2013,True,0.008314028415767,0.012993634465388567,0.022095531735505824,0.010996756217684908
126,16.12.2013,2013-12-16,2,2013,True,0.0082303500979988,0.012982892908815638,0.022095531735505824,0.010987665437168833
126,17.12.2013,2013-12-17,2,2013,True,0.0082335771062795,0.013041085201391106,0.022095531735505824,0.011036914664311955
126,19.12.2013,2013-12-19,2,2013,True,0.0082416600701463,0.013024461058757089,0.022095531735505824,0.011022845341032062
126,20.12.2013,2013-12-20,2,2013,True,0.0081822630454137,0.012821151854838628,0.022095531735505824,0.010986832243933445
126,23.12.2013,2013-12-23,2,2013,True,0.0081805491156704,0.01288127431169061,0.022095531735505824,0.011038352993005344
126,24.12.2013,2013-12-24,2,2013,True,0.00821076791293,0.012719696435334594,0.022095531735505824,0.011024053625497075
126,26.12.2013,2013-12-26,2,2013,True,0.0082107437995654,0.012722290242210376,0.022095531735505824,0.011026301656040741
126,27.12.2013,2013-12-27,2,2013,True,0.0082518440156145,0.012615299314294965,0.022095531735505824,0.010933573521153445
126,30.12.2013,2013-12-30,2,2013,True,0.0082177346182512,0.01261595736550944,0.022095531735505824,0.010934143848591177
126,31.12.2013,2013-12-31,2,2013,True,0.0082339689277104,0.012106367043296021,0.022095531735505824,0.01040509911354331
126,02.01.2014,2014-01-02,3,2014,True,0.0079252088137793,0.009519027250608854,0.019982377263753695,0.010348205977773507
126,03.01.2014,2014-01-03,3,2014,True,0.0079089189813748,0.010140705723524018,0.019982377263753695,0.01065108996206594
126,06.01.2014,2014-01-06,3,2014,True,0.0079136877967974,0.01020101664132359,0.019982377263753695,0.010679755320267893
126,07.01.2014,2014-01-07,3,2014,True,0.008072448531585,0.01019006703111466,0.019982377263753695,0.010676435836171418
126,08.01.2014,2014-01-08,3,2014,True,0.0080753253552023,0.010124548646522501,0.019982377263753695,0.010642236650270693
126,09.01.2014,2014-01-09,3,2014,True,0.0080904246935456,0.010109774044512927,0.019982377263753695,0.01062670659392063
126,10.01.2014,2014-01-10,3,2014,True,0.0080589600049483,0.010095661656045156,0.019982377263753695,0.010624199432424642
126,13.01.2014,2014-01-13,3,2014,True,0.0080491140709896,0.010085736972051923,0.019982377263753695,0.010613755161841865
126,14.01.2014,2014-01-14,3,2014,True,0.0081147948768956,0.009178251651995855,0.019982377263753695,0.010517991554070282
126,15.01.2014,2014-01-15,3,2014,True,0.0080995071923888,0.009069312692714292,0.019982377263753695,0.01039315088756017
126,16.01.2014,2014-01-16,3,2014,True,0.0081047542763585,0.009083387299505552,0.019982377263753695,0.010409279950149683
126,17.01.2014,2014-01-17,3,2014,True,0.0081252472949434,0.008992666086506541,0.019982377263753695,0.010404428446660197
126,22.01.2014,2014-01-22,3,2014,True,0.0081020902428428,0.00903806315721099,0.019982377263753695,0.010387927090015165
126,23.01.2014,2014-01-23,3,2014,True,0.0081561188773123,0.009308821674564705,0.019982377263753695,0.010416958997970967
126,24.01.2014,2014-01-24,3,2014,True,0.0081807481354817,0.009288397657398115,0.019982377263753695,0.010394103672470475
126,27.01.2014,2014-01-27,3,2014,True,0.0081209960325021,0.009288806248050042,0.019982377263753695,0.010394560902420396
126,28.01.2014,2014-01-28,3,2014,True,0.0081615507050646,0.010857972058036064,0.019982377263753695,0.010437178220886875
126,29.01.2014,2014-01-29,3,2014,True,0.0081629171858606,0.01087690476567102,0.019982377263753695,0.010455377203416372
126,30.01.2014,2014-01-30,3,2014,True,0.008221486399409,0.01082841764543835,0.019982377263753695,0.01040876917084998
126,31.01.2014,2014-01-31,3,2014,True,0.0081365490146757,0.009923184797891886,0.019982377263753695,0.010408891013940645
126,03.02.2014,2014-02-03,3,2014,True,0.0081590256257639,0.010128559862490314,0.019982377263753695,0.01048553080990928
126,04.02.2014,2014-02-04,3,2014,True,0.008156307714747,0.011090926575958556,0.019982377263753695,0.01044087605702179
126,05.02.2014,2014-02-05,3,2014,True,0.0081790374416177,0.010787071840573,0.019982377263753695,0.010435578321273856
126,06.02.2014,2014-02-06,3,2014,True,0.0081474282331552,0.010021342032312778,0.019982377263753695,0.010436165078152607
126,07.02.2014,2014-02-07,3,2014,True,0.0079057426958415,0.009916303117344639,0.019982377263753695,0.010463464740588449
126,10.02.2014,2014-02-10,3,2014,True,0.0079940518552484,0.010046154543314964,0.019982377263753695,0.01063490498946561
126,11.02.2014,2014-02-11,3,2014,True,0.0080718942183936,0.009295315768460861,0.019982377263753695,0.01064401872122276
126,12.02.2014,2014-02-12,3,2014,True,0.0082986683796835,0.009200756582770144,0.019982377263753695,0.01053573947952442
126,13.02.2014,2014-02-13,3,2014,True,0.0082986704762226,0.009191578316549702,0.019982377263753695,0.010525229493644195
126,14.02.2014,2014-02-14,3,2014,True,0.0083026306141036,0.009189933156652154,0.019982377263753695,0.010523345629428596
126,19.02.2014,2014-02-19,3,2014,True,0.0081707738223737,0.009182229496102381,0.019982377263753695,0.01051452420698785
126,20.02.2014,2014-02-20,3,2014,True,0.0081993292773381,0.009248107545607776,0.019982377263753695,0.01058996082578807
126,21.02.2014,2014-02-21,3,2014,True,0.0082010374596257,0.009143424306488129,0.019982377263753695,0.010570785154379217
126,24.02.2014,2014-02-24,3,2014,True,0.0081753786062379,0.00917114040080179,0.019982377263753695,0.010501826140464774
126,25.02.2014,2014-02-25,3,2014,True,0.0081374265560371,0.009988294162556751,0.019982377263753695,0.010503193165215346
126,26.02.2014,2014-02-26,3,2014,True,0.0081376800449616,0.010005223973894696,0.019982377263753695,0.01052099571246107
126,27.02.2014,2014-02-27,3,2014,True,0.0081305707922006,0.010000825104900574,0.019982377263753695,0.010516370080696344
126,28.02.2014,2014-02-28,3,2014,True,0.0081315489175781,0.009984868596380432,0.019982377263753695,0.010499591010266308
126,03.03.2014,2014-03-03,3,2014,True,0.0079640559306581,0.009985183972504523,0.019982377263753695,0.010499922644106593
126,04.03.2014,2014-03-04,3,2014,True,0.0081985288496546,0.011055746049414726,0.019982377263753695,0.010610301271258114
126,05.03.2014,2014-03-05,3,2014,True,0.0083968814440847,0.01029623619561754,0.019982377263753695,0.01071832261178871
126,06.03.2014,2014-03-06,3,2014,True,0.0084273203884597,0.010374955970164534,0.019982377263753695,0.010791881837973537
126,07.03.2014,2014-03-07,3,2014,True,0.0084323758661095,0.010339541564649198,0.019982377263753695,0.010755044276370128
126,10.03.2014,2014-03-10,3,2014,True,0.0084176678405398,0.01036264012747851,0.019982377263753695,0.010779071073341391
126,11.03.2014,2014-03-11,3,2014,True,0.0084511231980594,0.010729016852095756,0.019982377263753695,0.010404444772996213
126,12.03.2014,2014-03-12,3,2014,True,0.008496184494221,0.010944328344172739,0.019982377263753695,0.010258801919392473
126,13.03.2014,2014-03-13,3,2014,True,0.0084845334395365,0.010892456685462987,0.019982377263753695,0.010210179376720223
126,14.03.2014,2014-03-14,3,2014,True,0.008458976130403,0.010866346235690388,0.019982377263753695,0.01018570442276967
126,17.03.2014,2014-03-17,3,2014,True,0.0084657788538408,0.01112890390505179,0.019982377263753695,0.010148104114815515
126,18.03.2014,2014-03-18,3,2014,True,0.008353212970812,0.0103090571489495,0.019982377263753695,0.010132954857624351
126,19.03.2014,2014-03-19,3,2014,True,0.0086069084749462,0.010519940676004858,0.019982377263753695,0.010225119482302052
126,20.03.2014,2014-03-20,3,2014,True,0.0086589469190273,0.010450654591673592,0.019982377263753695,0.010225545551299028
126,21.03.2014,2014-03-21,3,2014,True,0.0086744768955752,0.010267997193890176,0.019982377263753695,0.010079448980109089
126,24.03.2014,2014-03-24,3,2014,True,0.0087621107333593,0.010201847721004135,0.019982377263753695,0.009903024254992928
126,25.03.2014,2014-03-25,3,2014,True,0.0087594385788074,0.010085750754161382,0.019982377263753695,0.009900549078174371
126,26.03.2014,2014-03-26,3,2014,True,0.0087603345036558,0.0100423881408361,0.019982377263753695,0.0098579827197694
126,27.03.2014,2014-03-27,3,2014,True,0.0087299394917874,0.01004138804003881,0.019982377263753695,0.00985700098352903
126,28.03.2014,2014-03-28,3,2014,True,0.0087259444161472,0.00991286535813408,0.019982377263753695,0.00973083832584771
126,31.03.2014,2014-03-31,3,2014,True,0.0087278961390166,0.009908732551719548,0.019982377263753695,0.009618494755012712
126,01.04.2014,2014-04-01,3,2014,True,0.0088564444876783,0.009790001488324152,0.019982377263753695,0.009614053452595703
126,02.04.2014,2014-04-02,3,2014,True,0.0088434309399634,0.00991804413706702,0.019982377263753695,0.009739794891010602
126,03.04.2014,2014-04-03,3,2014,True,0.0087786295782492,0.009933415923094654,0.019982377263753695,0.009754890411956926
126,04.04.2014,2014-04-04,3,2014,True,0.0088135174487437,0.010005772566094173,0.019982377263753695,0.009822176283931453
126,07.04.2014,2014-04-07,3,2014,True,0.0088067687142961,0.009813212824413496,0.019982377263753695,0.009806179025814453
126,08.04.2014,2014-04-08,3,2014,True,0.0086682375102638,0.010139120154030287,0.019982377263753695,0.009823352928933922
126,09.04.2014,2014-04-09,3,2014,True,0.008680815994564,0.01027624994120907,0.019982377263753695,0.009944661944196971
126,10.04.2014,2014-04-10,3,2014,True,0.0087564392804445,0.01027325335256035,0.019982377263753695,0.009941762047710623
126,11.04.2014,2014-04-11,3,2014,True,0.0087610024075224,0.010226878450324712,0.019982377263753695,0.009896883543580513
126,14.04.2014,2014-04-14,3,2014,True,0.0086996585849359,0.010218336899910084,0.019982377263753695,0.009896303291695156
126,15.04.2014,2014-04-15,3,2014,True,0.0094929044200846,0.010309141385288614,0.019982377263753695,0.009993909296932542
126,16.04.2014,2014-04-16,3,2014,True,0.0095601776053032,0.010237948366399331,0.019982377263753695,0.009995775710748481
126,17.04.2014,2014-04-17,3,2014,True,0.0095722300023082,0.010226067555070162,0.019982377263753695,0.00998800869215837
126,21.04.2014,2014-04-21,3,2014,True,0.0095611918750106,0.010203524005778763,0.019982377263753695,0.009965989947898955
126,22.04.2014,2014-04-22,3,2014,True,0.0096153986513947,0.009784491484334119,0.019982377263753695,0.009720904596376976
126,23.04.2014,2014-04-23,3,2014,True,0.0096698759675798,0.009963295938506018,0.019982377263753695,0.009727620024728
126,24.04.2014,2014-04-24,3,2014,True,0.0097005904371331,0.009962319880866561,0.019982377263753695,0.009726667055158745
126,25.04.2014,2014-04-25,3,2014,True,0.0099806032526384,0.009982895497895126,0.019982377263753695,0.009739186196882818
126,28.04.2014,2014-04-28,3,2014,True,0.0099424680918687,0.009974092238162346,0.019982377263753695,0.009730597848372593
126,29.04.2014,2014-04-29,3,2014,True,0.0099050563310044,0.010097898244895126,0.019982377263753695,0.009802119574649396
126,30.04.2014,2014-04-30,3,2014,True,0.0098948741852763,0.010065250702306912,0.019982377263753695,0.009770428314893444
126,01.05.2014,2014-05-01,3,2014,True,0.0099771413792684,0.009970088616626379,0.019982377263753695,0.009794617933963428
126,02.05.2014,2014-05-02,3,2014,True,0.0099697299544915,0.00980808611339547,0.019982377263753695,0.009635466628041602
126,05.05.2014,2014-05-05,3,2014,True,0.0099568672763966,0.009635121968739651,0.019982377263753695,0.009635564772864
126,06.05.2014,2014-05-06,3,2014,True,0.0099964317454296,0.009843421751185551,0.019982377263753695,0.00966280444998871
126,07.05.2014,2014-05-07,3,2014,True,0.0101220544715068,0.009430464321636493,0.019982377263753695,0.009420088152607009
126,08.05.2014,2014-05-08,3,2014,True,0.0101267496383727,0.009457664007115042,0.019982377263753695,0.009450885054591159
126,09.05.2014,2014-05-09,3,2014,True,0.010126955729656,0.009317355897150291,0.019982377263753695,0.009424892212579082
126,12.05.2014,2014-05-12,3,2014,True,0.0101364637817792,0.009248503123451206,0.019982377263753695,0.009389397680912978
126,13.05.2014,2014-05-13,3,2014,True,0.0101422170416158,0.008938977479581696,0.019982377263753695,0.009075156627637866
126,14.05.2014,2014-05-14,3,2014,True,0.0101082480421515,0.008959442575443208,0.019982377263753695,0.00909593349510029
126,15.05.2014,2014-05-15,3,2014,True,0.0101710744722501,0.008956250824453046,0.019982377263753695,0.009092693119988225
126,16.05.2014,2014-05-16,3,2014,True,0.0104819970637204,0.0089571577182373,0.019982377263753695,0.009093613829672921
126,19.05.2014,2014-05-19,3,2014,True,0.0104643193769868,0.008823521567631887,0.019982377263753695,0.00895794182461094
126,20.05.2014,2014-05-20,3,2014,True,0.0106467570008355,0.008257733404906663,0.019982377263753695,0.008894801795587605
126,21.05.2014,2014-05-21,3,2014,True,0.0106297127111351,0.008202086187808993,0.019982377263753695,0.008834861501769728
126,22.05.2014,2014-05-22,3,2014,True,0.0106308237386176,0.00821140782220241,0.019982377263753695,0.008844902282487003
126,23.05.2014,2014-05-23,3,2014,True,0.0107493592472959,0.008152310550137817,0.019982377263753695,0.008781245768538254
126,27.05.2014,2014-05-27,3,2014,True,0.0108362619278828,0.008081649285659055,0.019982377263753695,0.008705133122204731
126,28.05.2014,2014-05-28,3,2014,True,0.0108493112211205,0.008011393653315114,0.019982377263753695,0.008715895106899277
126,29.05.2014,2014-05-29,3,2014,True,0.0109201409624939,0.007913999620840073,0.019982377263753695,0.008609936492477786
126,30.05.2014,2014-05-30,3,2014,True,0.0109262193786736,0.007868109498403733,0.019982377263753695,0.008560010910125157
126,02.06.2014,2014-06-02,3,2014,True,0.0141055511479636,0.007731708370176444,0.019982377263753695,0.008411615015785372
126,03.06.2014,2014-06-03,3,2014,True,0.0144826614556004,0.007714981557735094,0.019982377263753695,0.00838701436315987
126,04.06.2014,2014-06-04,3,2014,True,0.0146493554196168,0.007714946236309037,0.019982377263753695,0.008386975964972466
126,05.06.2014,2014-06-05,3,2014,True,0.0146436521810522,0.007682188092092997,0.019982377263753695,0.008393100080057296
126,06.06.2014,2014-06-06,3,2014,True,0.0146427720928209,0.007681235087363578,0.019982377263753695,0.008392058883984655
126,09.06.2014,2014-06-09,3,2014,True,0.014576415149215,0.007589589534287677,0.019982377263753695,0.008291932423966066
126,10.06.2014,2014-06-10,3,2014,True,0.0149826775159915,0.007585439638082542,0.019982377263753695,0.008246188369911972
126,11.06.2014,2014-06-11,3,2014,True,0.0150164543714288,0.007542694135488426,0.019982377263753695,0.008199719413177022
126,12.06.2014,2014-06-12,3,2014,True,0.0150826029453182,0.00753177031929872,0.019982377263753695,0.008187844050598646
126,13.06.2014,2014-06-13,3,2014,True,0.0150704533521479,0.008245444509261426,0.019982377263753695,0.008519640665184536
126,16.06.2014,2014-06-16,3,2014,True,0.0152261546764316,0.008870610828735746,0.019982377263753695,0.008510445615678193
126,17.06.2014,2014-06-17,3,2014,True,0.0152304961011622,0.008741794434477144,0.019982377263753695,0.008316368843656961
126,18.06.2014,2014-06-18,3,2014,True,0.0152495095518849,0.007986321360060467,0.019982377263753695,0.00831777112482763
126,19.06.2014,2014-06-19,3,2014,True,0.0152153545063404,0.008004543419941336,0.019982377263753695,0.008336749439959044
126,20.06.2014,2014-06-20,3,2014,True,0.0152164793465544,0.007980062791752993,0.019982377263753695,0.008311252812277499
126,23.06.2014,2014-06-23,3,2014,True,0.015632532154163,0.008114654366915787,0.019982377263753695,0.008314028415767128
126,24.06.2014,2014-06-24,3,2014,True,0.0156807320286769,0.008361861324549934,0.019982377263753695,0.008230350097998905
126,25.06.2014,2014-06-25,3,2014,True,0.0159227903983976,0.008338062735325039,0.019982377263753695,0.008233577106279696
126,26.06.2014,2014-06-26,3,2014,True,0.016010741071471,0.008346248273510744,0.019982377263753695,0.008241660070146456
126,27.06.2014,2014-06-27,3,2014,True,0.0160187140181209,0.008379383938817608,0.019982377263753695,0.008182263045413866
126,30.06.2014,2014-06-30,3,2014,True,0.0161320563823392,0.008284361809625307,0.019982377263753695,0.008180549115670543
126,01.07.2014,2014-07-01,3,2014,True,0.0161345166175716,0.008464984735870285,0.019982377263753695,0.008210767912930178
126,02.07.2014,2014-07-02,3,2014,True,0.0161356005326523,0.008318788299238813,0.019982377263753695,0.00821074379956556
126,03.07.2014,2014-07-03,3,2014,True,0.0161614113473736,0.008360429349637159,0.019982377263753695,0.008251844015614681
126,07.07.2014,2014-07-07,3,2014,True,0.0168898835965722,0.008195057156308,0.019982377263753695,0.008217734618251376
126,08.07.2014,2014-07-08,3,2014,True,0.0171326344407693,0.008482428698246442,0.019982377263753695,0.008233968927710536
126,09.07.2014,2014-07-09,3,2014,True,0.017143932130536,0.008164351756946724,0.019982377263753695,0.007925208813779427
126,10.07.2014,2014-07-10,3,2014,True,0.0171237144710392,0.00814757037932788,0.019982377263753695,0.007908918981374906
126,11.07.2014,2014-07-11,3,2014,True,0.0171135675588126,0.008152483093615787,0.019982377263753695,0.00791368779679751
126,14.07.2014,2014-07-14,3,2014,True,0.0176408282729368,0.008213913038734061,0.019982377263753695,0.008072448531585119
126,15.07.2014,2014-07-15,3,2014,True,0.0176687187351078,0.008206136529263351,0.019982377263753695,0.008075325355202407
126,16.07.2014,2014-07-16,3,2014,True,0.0182304991055793,0.008221480459878786,0.019982377263753695,0.008090424693545782
126,17.07.2014,2014-07-17,3,2014,True,0.0182676449586554,0.008200188134279064,0.019982377263753695,0.008058960004948493
126,18.07.2014,2014-07-18,3,2014,True,0.0182035953079765,0.008179500651772956,0.019982377263753695,0.008049114070989766
126,21.07.2014,2014-07-21,3,2014,True,0.0182146922801515,0.008257001476712796,0.019982377263753695,0.008114794876895752
126,22.07.2014,2014-07-22,3,2014,True,0.0183810532065276,0.00819277608703396,0.019982377263753695,0.008099507192388939
126,23.07.2014,2014-07-23,3,2014,True,0.0183492347124171,0.008198083593163952,0.019982377263753695,0.008104754276358626
126,24.07.2014,2014-07-24,3,2014,True,0.0183782854827946,0.00821881259662379,0.019982377263753695,0.008125247294943587
126,25.07.2014,2014-07-25,3,2014,True,0.0183125936764987,0.008198534637574351,0.019982377263753695,0.00810209024284294
126,28.07.2014,2014-07-28,3,2014,True,0.0185893459875423,0.008352609925189939,0.019982377263753695,0.00815611887731241
126,29.07.2014,2014-07-29,3,2014,True,0.0186375072982366,0.008377832532821197,0.019982377263753695,0.008180748135481876
126,30.07.2014,2014-07-30,3,2014,True,0.018715692033659,0.008316640927364507,0.019982377263753695,0.008120996032502277
126,31.07.2014,2014-07-31,3,2014,True,0.020083475620336,0.008358172612428659,0.019982377263753695,0.008161550705064772
126,01.08.2014,2014-08-01,3,2014,True,0.0203623579406307,0.009127320081626025,0.019982377263753695,0.008162917185860782
126,04.08.2014,2014-08-04,3,2014,True,0.0210617696564862,0.00919280891935568,0.019982377263753695,0.008221486399409192
126,05.08.2014,2014-08-05,3,2014,True,0.0217773619852692,0.009151882396975453,0.019982377263753695,0.008136549014675852
126,06.08.2014,2014-08-06,3,2014,True,0.0222024842358083,0.009177163790965804,0.019982377263753695,0.008159025625764059
126,07.08.2014,2014-08-07,3,2014,True,0.0222971557101198,0.00923458911795407,0.019982377263753695,0.008156307714747141
126,08.08.2014,2014-08-08,3,2014,True,0.0223322827324649,0.009198984453799682,0.019982377263753695,0.008179037441617805
126,11.08.2014,2014-08-11,3,2014,True,0.02247689576992,0.008806142020269097,0.019982377263753695,0.008147428233155314
126,12.08.2014,2014-08-12,3,2014,True,0.022583828318403,0.008032067081359584,0.019982377263753695,0.007905742695841675
126,13.08.2014,2014-08-13,3,2014,True,0.0229326244656368,0.008262026634347554,0.019982377263753695,0.007994051855248594
126,14.08.2014,2014-08-14,3,2014,True,0.0228998650272171,0.008469549569663552,0.019982377263753695,0.008071894218393718
126,15.08.2014,2014-08-15,3,2014,True,0.0242713069767869,0.008790209140734433,0.019982377263753695,0.008298668379683653
126,18.08.2014,2014-08-18,3,2014,True,0.0244048661680212,0.009355932314104379,0.019982377263753695,0.008298670476222724
126,19.08.2014,2014-08-19,3,2014,True,0.0244028030280838,0.009679112539321372,0.019982377263753695,0.008302630614103725
126,20.08.2014,2014-08-20,3,2014,True,0.0243851753949741,0.009525395388029642,0.019982377263753695,0.008170773822373828
126,21.08.2014,2014-08-21,3,2014,True,0.0244276690479891,0.008783082532345011,0.019982377263753695,0.008199329277338284
126,22.08.2014,2014-08-22,3,2014,True,0.0244274913834906,0.008756477674076463,0.019982377263753695,0.008201037459625901
126,25.08.2014,2014-08-25,3,2014,True,0.0248842302530319,0.008729080996773253,0.019982377263753695,0.008175378606238074
126,26.08.2014,2014-08-26,3,2014,True,0.0249595256884533,0.00868193013012198,0.019982377263753695,0.008137426556037242
126,27.08.2014,2014-08-27,3,2014,True,0.0252809195136513,0.00868220058087401,0.019982377263753695,0.008137680044961789
126,28.08.2014,2014-08-28,3,2014,True,0.0256085091083431,0.008674615623231229,0.019982377263753695,0.008130570792200743
126,29.08.2014,2014-08-29,3,2014,True,0.0257176823968388,0.008675659198387028,0.019982377263753695,0.00813154891757825
126,02.09.2014,2014-09-02,3,2014,True,0.0256306189754128,0.008496958671910915,0.019982377263753695,0.007964055930658286
126,03.09.2014,2014-09-03,3,2014,True,0.0255090101164613,0.00873572617479745,0.019982377263753695,0.008198528849654775
126,04.09.2014,2014-09-04,3,2014,True,0.0255158313734646,0.009020893282711474,0.019982377263753695,0.008396881444084833
126,05.09.2014,2014-09-05,3,2014,True,0.0255509589737422,0.009557414676682642,0.019982377263753695,0.00842732038845989
126,08.09.2014,2014-09-08,3,2014,True,0.0257184508493814,0.009059025462539156,0.019982377263753695,0.008432375866109669
126,09.09.2014,2014-09-09,3,2014,True,0.0258070601977882,0.009805737796261657,0.019982377263753695,0.008417667840539985
126,10.09.2014,2014-09-10,3,2014,True,0.0258014947468771,0.009844709928440264,0.019982377263753695,0.008451123198059558
126,11.09.2014,2014-09-11,3,2014,True,0.0260286737213645,0.009897201813757011,0.019982377263753695,0.008496184494221133
126,12.09.2014,2014-09-12,3,2014,True,0.0260745556495032,0.009883629504959574,0.019982377263753695,0.008484533439536639
126,15.09.2014,2014-09-15,3,2014,True,0.0260777105450158,0.009662043147381739,0.019982377263753695,0.008458976130403159
126,16.09.2014,2014-09-16,3,2014,True,0.0264539856442887,0.009869308905558198,0.019982377263753695,0.008465778853840988
126,17.09.2014,2014-09-17,3,2014,True,0.0264064571916292,0.008980830569775512,0.019982377263753695,0.008353212970812181
126,18.09.2014,2014-09-18,3,2014,True,0.0264618423763258,0.009768535281995757,0.019982377263753695,0.008606908474946344
126,19.09.2014,2014-09-19,3,2014,True,0.0264770427077641,0.00930953579948106,0.019982377263753695,0.008658946919027487
126,22.09.2014,2014-09-22,3,2014,True,0.0264772052323862,0.009270768799016447,0.019982377263753695,0.008674476895575323
126,23.09.2014,2014-09-23,3,2014,True,0.0266019256544153,0.010214769247485858,0.019982377263753695,0.008762110733359401
126,24.09.2014,2014-09-24,3,2014,True,0.0269857484339178,0.01021165408003683,0.019982377263753695,0.008759438578807495
126,25.09.2014,2014-09-25,3,2014,True,0.027268028653938,0.009942668372755238,0.019982377263753695,0.00876033450365596
126,26.09.2014,2014-09-26,3,2014,True,0.0272660007106323,0.009979156571369191,0.019982377263753695,0.008729939491787572
126,29.09.2014,2014-09-29,3,2014,True,0.0273011148686514,0.009381567145064523,0.019982377263753695,0.008725944416147387
126,30.09.2014,2014-09-30,3,2014,True,0.0274602715017152,0.009905851981551465,0.019982377263753695,0.008727896139016717
126,01.10.2014,2014-10-01,3,2014,True,0.0276302580806063,0.010324742467631265,0.019982377263753695,0.008856444487678455
126,02.10.2014,2014-10-02,3,2014,True,0.0281462933713462,0.010309571421402278,0.019982377263753695,0.008843430939963511
126,03.10.2014,2014-10-03,3,2014,True,0.0281954511669438,0.010234026729378188,0.019982377263753695,0.00877862957824939
126,06.10.2014,2014-10-06,3,2014,True,0.028659736686894,0.010274698612841216,0.019982377263753695,0.008813517448743875
126,07.10.2014,2014-10-07,3,2014,True,0.0287266326092424,0.0102668310148169,0.019982377263753695,0.008806768714296294
126,08.10.2014,2014-10-08,3,2014,True,0.0288215535087968,0.010105332909414117,0.019982377263753695,0.008668237510263934
126,09.10.2014,2014-10-09,3,2014,True,0.0288073921395824,0.010119996763651912,0.019982377263753695,0.008680815994564108
126,10.10.2014,2014-10-10,3,2014,True,0.02882378384501,0.010208157532045924,0.019982377263753695,0.008756439280444648
126,13.10.2014,2014-10-13,3,2014,True,0.0289760329993471,0.010213477173804181,0.019982377263753695,0.008761002407522544
126,14.10.2014,2014-10-14,3,2014,True,0.028741147859365,0.010223693451691227,0.019982377263753695,0.008699658584936066
126,15.10.2014,2014-10-15,3,2014,True,0.0290897391921558,0.0112525098862774,0.019982377263753695,0.009492904420084766
126,16.10.2014,2014-10-16,3,2014,True,0.0290754357357437,0.011332252834089269,0.019982377263753695,0.009560177605303385
126,17.10.2014,2014-10-17,3,2014,True,0.0291261297229604,0.011346539264295508,0.019982377263753695,0.009572230002308378
126,20.10.2014,2014-10-20,3,2014,True,0.0291271587452271,0.011830113223952115,0.019982377263753695,0.009561191875010706
126,21.10.2014,2014-10-21,3,2014,True,0.0292812324222631,0.011855819017163698,0.019982377263753695,0.009615398651394854
126,22.10.2014,2014-10-22,3,2014,True,0.0292588997347338,0.011607738658248367,0.019982377263753695,0.009669875967579926
126,23.10.2014,2014-10-23,3,2014,True,0.0291627795478355,0.011960860776749628,0.019982377263753695,0.009700590437133191
126,24.10.2014,2014-10-24,3,2014,True,0.0291582270312371,0.01241456007901355,0.019982377263753695,0.009980603252638498
126,27.10.2014,2014-10-27,3,2014,True,0.0292160698639878,0.012367124945834362,0.019982377263753695,0.009942468091868857
126,28.10.2014,2014-10-28,3,2014,True,0.0292494977106283,0.012207715828570324,0.019982377263753695,0.009905056331004516
126,29.10.2014,2014-10-29,3,2014,True,0.0292210689938373,0.011957777612865502,0.019982377263753695,0.009894874185276428
126,30.10.2014,2014-10-30,3,2014,True,0.0292127356287998,0.011971428337651309,0.019982377263753695,0.009977141379268568
126,31.10.2014,2014-10-31,3,2014,True,0.0292560737202196,0.012048239464583395,0.019982377263753695,0.009969729954491656
126,03.11.2014,2014-11-03,3,2014,True,0.0292442691418531,0.01194710173342525,0.019982377263753695,0.009956867276396686
126,04.11.2014,2014-11-04,3,2014,True,0.029317464757293,0.012080508099022226,0.019982377263753695,0.009996431745429748
126,05.11.2014,2014-11-05,3,2014,True,0.0293158732193978,0.012475160207083284,0.019982377263753695,0.010122054471506907
126,06.11.2014,2014-11-06,3,2014,True,0.0293198394820134,0.012150941134403764,0.019982377263753695,0.010126749638372807
126,07.11.2014,2014-11-07,3,2014,True,0.0294452439306724,0.01215118842036828,0.019982377263753695,0.01012695572965611
126,10.11.2014,2014-11-10,3,2014,True,0.0294290302506607,0.011293223803097068,0.019982377263753695,0.010136463781779344
126,11.11.2014,2014-11-11,3,2014,True,0.0294236065885887,0.01216950024892927,0.019982377263753695,0.010142217041615963
126,12.11.2014,2014-11-12,3,2014,True,0.0293957625671065,0.012128741335395762,0.019982377263753695,0.010108248042151612
126,13.11.2014,2014-11-13,3,2014,True,0.0292768869208117,0.01220412586459559,0.019982377263753695,0.010171074472250248
126,14.11.2014,2014-11-14,3,2014,True,0.029426343077446,0.012667305059137277,0.019982377263753695,0.010481997063720501
126,17.11.2014,2014-11-17,3,2014,True,0.029403459636084,0.012555986205046499,0.019982377263753695,0.010464319376986907
126,18.11.2014,2014-11-18,3,2014,True,0.0294728199228569,0.012729084063361111,0.019982377263753695,0.010646757000835606
126,19.11.2014,2014-11-19,3,2014,True,0.0295076725627169,0.012508137498197321,0.019982377263753695,0.010629712711135261
126,20.11.2014,2014-11-20,3,2014,True,0.0295455482482627,0.012509444860389796,0.019982377263753695,0.010630823738617763
126,21.11.2014,2014-11-21,3,2014,True,0.0295971448054621,0.012648927316901872,0.019982377263753695,0.010749359247296052
126,24.11.2014,2014-11-24,3,2014,True,0.0296058255473851,0.01284253928093465,0.019982377263753695,0.010836261927882932
126,25.11.2014,2014-11-25,3,2014,True,0.0298860522374695,0.013166414125021958,0.019982377263753695,0.010849311221120678
126,26.11.2014,2014-11-26,3,2014,True,0.0298920668382091,0.013252371075494035,0.019982377263753695,0.01092014096249405
126,28.11.2014,2014-11-28,3,2014,True,0.0284845476647833,0.0129491518843473,0.019982377263753695,0.010926219378673682
126,01.12.2014,2014-12-01,3,2014,True,0.0284097142562959,0.016705734818477022,0.019982377263753695,0.014105551147963682
126,02.12.2014,2014-12-02,3,2014,True,0.0284110601686428,0.017845088674401568,0.019982377263753695,0.01448266145560048
126,03.12.2014,2014-12-03,3,2014,True,0.02846621831019,0.017651071598901228,0.019982377263753695,0.014649355419616941
126,04.12.2014,2014-12-04,3,2014,True,0.028476234648003,0.016927880638061922,0.019982377263753695,0.014643652181052319
126,05.12.2014,2014-12-05,3,2014,True,0.0286398537676702,0.016926863266961665,0.019982377263753695,0.014642772092820973
126,08.12.2014,2014-12-08,3,2014,True,0.028411904726464,0.01564571788364359,0.019982377263753695,0.01457641514921515
126,09.12.2014,2014-12-09,3,2014,True,0.0284092096266748,0.017782066847722187,0.019982377263753695,0.014982677515991654
126,10.12.2014,2014-12-10,3,2014,True,0.0282398539959357,0.017404692368636673,0.019982377263753695,0.015016454371428945
126,11.12.2014,2014-12-11,3,2014,True,0.0282849064141455,0.01790066251676577,0.019982377263753695,0.015082602945318276
126,12.12.2014,2014-12-12,3,2014,True,0.0281645748190137,0.017486031687136482,0.019982377263753695,0.015070453352148003
126,15.12.2014,2014-12-15,3,2014,True,0.0281935746114216,0.017167666333535184,0.019982377263753695,0.015226154676431675
126,16.12.2014,2014-12-16,3,2014,True,0.0281395012136319,0.01729695286621924,0.019982377263753695,0.01523049610116232
126,17.12.2014,2014-12-17,3,2014,True,0.0281958447184672,0.017374151452092784,0.019982377263753695,0.01524950955188504
126,18.12.2014,2014-12-18,3,2014,True,0.0281863701420894,0.01733523774590931,0.019982377263753695,0.01521535450634049
126,19.12.2014,2014-12-19,3,2014,True,0.0280575391210007,0.017336519304779884,0.019982377263753695,0.015216479346554528
126,22.12.2014,2014-12-22,3,2014,True,0.0280266187464696,0.01610732751648898,0.019982377263753695,0.015632532154163097
126,23.12.2014,2014-12-23,3,2014,True,0.027936115138294,0.016375589715661037,0.019982377263753695,0.015680732028676987
126,24.12.2014,2014-12-24,3,2014,True,0.0278530617040772,0.017165063355206244,0.019982377263753695,0.01592279039839766
126,26.12.2014,2014-12-26,3,2014,True,0.0278859180143621,0.01725987581192175,0.019982377263753695,0.016010741071471074
126,29.12.2014,2014-12-29,3,2014,True,0.0278659169456861,0.017268470796277524,0.019982377263753695,0.01601871401812105
126,30.12.2014,2014-12-30,3,2014,True,0.0279613346748004,0.01720030072936695,0.019982377263753695,0.016132056382339294
126,31.12.2014,2014-12-31,3,2014,True,0.0279456370457332,0.016313735639834785,0.019982377263753695,0.01613451661757165
126,02.01.2015,2015-01-02,4,2015,True,0.0291371161061665,0.01578889684617568,0.01824805653678574,0.016135600532652377
126,05.01.2015,2015-01-05,4,2015,True,0.0286299703062783,0.016499252453984172,0.01824805653678574,0.016161411347373707
126,06.01.2015,2015-01-06,4,2015,True,0.0284146057529057,0.018904182409486457,0.01824805653678574,0.016889883596572276
126,07.01.2015,2015-01-07,4,2015,True,0.0285096089007595,0.019175883881703243,0.01824805653678574,0.017132634440769377
126,08.01.2015,2015-01-08,4,2015,True,0.0285064669760889,0.018391763789965317,0.01824805653678574,0.017143932130536076
126,09.01.2015,2015-01-09,4,2015,True,0.0284982004051666,0.018134224140618903,0.01824805653678574,0.017123714471039272
126,12.01.2015,2015-01-12,4,2015,True,0.0280627611895377,0.015895412839036043,0.01824805653678574,0.017113567558812697
126,13.01.2015,2015-01-13,4,2015,True,0.0281116770296067,0.01865802337786864,0.01824805653678574,0.01764082827293689
126,14.01.2015,2015-01-14,4,2015,True,0.0278581647562869,0.018687522043529605,0.01824805653678574,0.01766871873510788
126,15.01.2015,2015-01-15,4,2015,True,0.0277850961330543,0.019467038478093855,0.01824805653678574,0.018230499105579383
126,16.01.2015,2015-01-16,4,2015,True,0.0278249230082424,0.0203517738155304,0.01824805653678574,0.018267644958655516
126,20.01.2015,2015-01-20,4,2015,True,0.02782580427796,0.01943830984811461,0.01824805653678574,0.018203595307976553
126,21.01.2015,2015-01-21,4,2015,True,0.0278100883096263,0.019221456616242416,0.01824805653678574,0.018214692280151615
126,22.01.2015,2015-01-22,4,2015,True,0.0278301554586465,0.019263143958762937,0.01824805653678574,0.018381053206527737
126,23.01.2015,2015-01-23,4,2015,True,0.0278506571310297,0.019229798522801496,0.01824805653678574,0.01834923471241721
126,26.01.2015,2015-01-26,4,2015,True,0.0278934517608945,0.01926024341437579,0.01824805653678574,0.018378285482794677
126,27.01.2015,2015-01-27,4,2015,True,0.0277767461112141,0.019283518669484506,0.01824805653678574,0.018312593676498824
126,28.01.2015,2015-01-28,4,2015,True,0.0276957447338525,0.017870173483430236,0.01824805653678574,0.01858934598754237
126,29.01.2015,2015-01-29,4,2015,True,0.0276725949217813,0.01791647156072002,0.01824805653678574,0.01863750729823674
126,30.01.2015,2015-01-30,4,2015,True,0.0269053222183667,0.01834887053120934,0.01824805653678574,0.018715692033659095
126,02.02.2015,2015-02-02,4,2015,True,0.0271498544032722,0.02174537529853758,0.01824805653678574,0.020083475620336053
126,03.02.2015,2015-02-03,4,2015,True,0.0266815693841088,0.021817299289536497,0.01824805653678574,0.020362357940630828
126,04.02.2015,2015-02-04,4,2015,True,0.026027805216937,0.02286018084617203,0.01824805653678574,0.02106176965648629
126,05.02.2015,2015-02-05,4,2015,True,0.0257229076484048,0.02414207500971748,0.01824805653678574,0.021777361985269316
126,06.02.2015,2015-02-06,4,2015,True,0.0256892908482205,0.024756169792763967,0.01824805653678574,0.022202484235808433
126,09.02.2015,2015-02-09,4,2015,True,0.025891561568421,0.024341471695347793,0.01824805653678574,0.02229715571011993
126,10.02.2015,2015-02-10,4,2015,True,0.0258175337477786,0.02160139008636459,0.01824805653678574,0.02233228273246501
126,11.02.2015,2015-02-11,4,2015,True,0.0256863995928541,0.024163792074906716,0.01824805653678574,0.022476895769920086
126,12.02.2015,2015-02-12,4,2015,True,0.0253963271265366,0.024278749936260537,0.01824805653678574,0.02258382831840307
126,13.02.2015,2015-02-13,4,2015,True,0.0253893804710132,0.02279935670014312,0.01824805653678574,0.022932624465636882
126,17.02.2015,2015-02-17,4,2015,True,0.0241573585328665,0.022106800374696513,0.01824805653678574,0.02289986502721716
126,18.02.2015,2015-02-18,4,2015,True,0.0240021084919089,0.0229601408949386,0.01824805653678574,0.024271306976786946
126,19.02.2015,2015-02-19,4,2015,True,0.0241762014286123,0.02304104635792357,0.01824805653678574,0.024404866168021296
126,20.02.2015,2015-02-20,4,2015,True,0.0241904620138804,0.02260756558052388,0.01824805653678574,0.02440280302808392
126,23.02.2015,2015-02-23,4,2015,True,0.0242121573539883,0.02222575252918617,0.01824805653678574,0.024385175394974146
126,24.02.2015,2015-02-24,4,2015,True,0.0248105131022793,0.02351970732235738,0.01824805653678574,0.024427669047989153
126,25.02.2015,2015-02-25,4,2015,True,0.0244054477212744,0.02226432123634383,0.01824805653678574,0.024427491383490704
126,26.02.2015,2015-02-26,4,2015,True,0.0243168898968968,0.022680613714066895,0.01824805653678574,0.02488423025303201
126,27.02.2015,2015-02-27,4,2015,True,0.0256117856459226,0.02274924138178494,0.01824805653678574,0.024959525688453374
126,02.03.2015,2015-03-02,4,2015,True,0.0256870905991803,0.023042174260370342,0.01824805653678574,0.025280919513651395
126,03.03.2015,2015-03-03,4,2015,True,0.0265632480456785,0.023478457164678956,0.01824805653678574,0.02560850910834318
126,04.03.2015,2015-03-04,4,2015,True,0.0276812111562334,0.02357854969121492,0.01824805653678574,0.025717682396838873
126,05.03.2015,2015-03-05,4,2015,True,0.027740675232572,0.021763144790578177,0.01824805653678574,0.025630618975412914
126,06.03.2015,2015-03-06,4,2015,True,0.0277263697274759,0.021659885824896648,0.01824805653678574,0.025509010116461412
126,09.03.2015,2015-03-09,4,2015,True,0.0277322454323636,0.021665677803777733,0.01824805653678574,0.02551583137346463
126,10.03.2015,2015-03-10,4,2015,True,0.0275439463363619,0.021914621697864036,0.01824805653678574,0.025550958973742276
126,11.03.2015,2015-03-11,4,2015,True,0.0276941023851064,0.02237371870455649,0.01824805653678574,0.02571845084938149
126,12.03.2015,2015-03-12,4,2015,True,0.0278050357445051,0.022134275349497867,0.01824805653678574,0.02580706019778831
126,13.03.2015,2015-03-13,4,2015,True,0.0275797043832853,0.02212950195717933,0.01824805653678574,0.02580149474687713
126,16.03.2015,2015-03-16,4,2015,True,0.0277032988411242,0.02410468971149555,0.01824805653678574,0.026028673721364536
126,17.03.2015,2015-03-17,4,2015,True,0.0277096483389736,0.023765530154595253,0.01824805653678574,0.026074555649503246
126,18.03.2015,2015-03-18,4,2015,True,0.0273940336267545,0.026351416507308496,0.01824805653678574,0.026077710545015835
126,19.03.2015,2015-03-19,4,2015,True,0.0277024850585731,0.02222896309683438,0.01824805653678574,0.026453985644288795
126,20.03.2015,2015-03-20,4,2015,True,0.0278103514936168,0.02297421440873607,0.01824805653678574,0.02640645719162932
126,23.03.2015,2015-03-23,4,2015,True,0.0279298864150095,0.0216269157750619,0.01824805653678574,0.026461842376325914
126,24.03.2015,2015-03-24,4,2015,True,0.0279059797609978,0.021676853122022225,0.01824805653678574,0.026477042707764145
126,25.03.2015,2015-03-25,4,2015,True,0.0279109380780449,0.02167698618153347,0.01824805653678574,0.026477205232386242
126,26.03.2015,2015-03-26,4,2015,True,0.027589089647661,0.020704143623558203,0.01824805653678574,0.026601925654415378
126,27.03.2015,2015-03-27,4,2015,True,0.0272866425188829,0.021338249438160775,0.01824805653678574,0.026985748433917833
126,30.03.2015,2015-03-30,4,2015,True,0.027377925784696,0.02328095198997529,0.01824805653678574,0.027268028653938126
126,31.03.2015,2015-03-31,4,2015,True,0.0273771843362902,0.022684237189948206,0.01824805653678574,0.02726600071063239
126,01.04.2015,2015-04-01,4,2015,True,0.0271825654343442,0.022713450784478763,0.01824805653678574,0.027301114868651475
126,02.04.2015,2015-04-02,4,2015,True,0.0270034097437298,0.021461077347470138,0.01824805653678574,0.027460271501715237
126,06.04.2015,2015-04-06,4,2015,True,0.0265275338910459,0.021289477932753088,0.01824805653678574,0.027630258080606384
126,07.04.2015,2015-04-07,4,2015,True,0.0265679243925836,0.022865561749376703,0.01824805653678574,0.028146293371346227
126,08.04.2015,2015-04-08,4,2015,True,0.0264437812295859,0.022905496691995,0.01824805653678574,0.028195451166943927
126,09.04.2015,2015-04-09,4,2015,True,0.0264075743674314,0.0232826742153619,0.01824805653678574,0.02865973668689412
126,10.04.2015,2015-04-10,4,2015,True,0.0264960490461604,0.02333701930524844,0.01824805653678574,0.028726632609242513
126,13.04.2015,2015-04-13,4,2015,True,0.0265026520541169,0.023414131401730574,0.01824805653678574,0.02882155350879683
126,14.04.2015,2015-04-14,4,2015,True,0.0269165056906118,0.023552881227626807,0.01824805653678574,0.02880739213958244
126,15.04.2015,2015-04-15,4,2015,True,0.0267698601289287,0.023566283061752753,0.01824805653678574,0.028823783845010092
126,16.04.2015,2015-04-16,4,2015,True,0.0267685672482668,0.02369076174527029,0.01824805653678574,0.028976032999347208
126,17.04.2015,2015-04-17,4,2015,True,0.0263827238363713,0.023498720002049424,0.01824805653678574,0.028741147859365126
126,20.04.2015,2015-04-20,4,2015,True,0.0263830103636497,0.023611870422497492,0.01824805653678574,0.029089739192155895
126,21.04.2015,2015-04-21,4,2015,True,0.0263234738181493,0.02360026044011963,0.01824805653678574,0.029075435735743744
126,22.04.2015,2015-04-22,4,2015,True,0.0263026046321323,0.023641408277487785,0.01824805653678574,0.029126129722960463
126,23.04.2015,2015-04-23,4,2015,True,0.0261480897070268,0.022900924604604467,0.01824805653678574,0.029127158745227203
126,24.04.2015,2015-04-24,4,2015,True,0.0261435827745301,0.02302206342532563,0.01824805653678574,0.029281232422263177
126,27.04.2015,2015-04-27,4,2015,True,0.0261405139680324,0.022218277476315905,0.01824805653678574,0.029258899734733838
126,28.04.2015,2015-04-28,4,2015,True,0.0261479870302737,0.021826692336839596,0.01824805653678574,0.029162779547835575
126,29.04.2015,2015-04-29,4,2015,True,0.0261061657432325,0.021823285035454356,0.01824805653678574,0.029158227031237213
126,30.04.2015,2015-04-30,4,2015,True,0.0264338245303068,0.021630390959763577,0.01824805653678574,0.02921606986398791
126,01.05.2015,2015-05-01,4,2015,True,0.0264340570355912,0.02183845522487792,0.01824805653678574,0.02924949771062839
126,04.05.2015,2015-05-04,4,2015,True,0.0264814333396592,0.021936184994329186,0.01824805653678574,0.029221068993837408
126,05.05.2015,2015-05-05,4,2015,True,0.0264564730301915,0.02111402205329514,0.01824805653678574,0.029212735628799866
126,06.05.2015,2015-05-06,4,2015,True,0.0266647451504263,0.021145345426416134,0.01824805653678574,0.029256073720219693
126,07.05.2015,2015-05-07,4,2015,True,0.0267271189118591,0.020959390864569757,0.01824805653678574,0.029244269141853206
126,08.05.2015,2015-05-08,4,2015,True,0.0267421111050859,0.02094664036457212,0.01824805653678574,0.02931746475729311
126,11.05.2015,2015-05-11,4,2015,True,0.0267513701246011,0.021541654307853295,0.01824805653678574,0.029315873219397836
126,12.05.2015,2015-05-12,4,2015,True,0.0265963674263215,0.02128765079715495,0.01824805653678574,0.029319839482013454
126,13.05.2015,2015-05-13,4,2015,True,0.0266054541396511,0.02137870061729808,0.01824805653678574,0.029445243930672462
126,14.05.2015,2015-05-14,4,2015,True,0.0267600864780657,0.021366928685243758,0.01824805653678574,0.02942903025066076
126,15.05.2015,2015-05-15,4,2015,True,0.0269500967128638,0.021362990838847948,0.01824805653678574,0.029423606588588787
126,18.05.2015,2015-05-18,4,2015,True,0.0269570810654808,0.021342774704770355,0.01824805653678574,0.02939576256710657
126,19.05.2015,2015-05-19,4,2015,True,0.0268117331868524,0.021256465117428947,0.01824805653678574,0.029276886920811814
126,20.05.2015,2015-05-20,4,2015,True,0.0267603733692701,0.021364977664841345,0.01824805653678574,0.029426343077446113
126,21.05.2015,2015-05-21,4,2015,True,0.0266972116163644,0.021348363156803184,0.01824805653678574,0.02940345963608411
126,22.05.2015,2015-05-22,4,2015,True,0.0266679542490905,0.02139872214887463,0.01824805653678574,0.02947281992285695
126,26.05.2015,2015-05-26,4,2015,True,0.0266197467579781,0.02142402688586527,0.01824805653678574,0.029507672562717017
126,27.05.2015,2015-05-27,4,2015,True,0.0265416089106483,0.021589253089823644,0.01824805653678574,0.029545548248262804
126,28.05.2015,2015-05-28,4,2015,True,0.0266672080539254,0.02162695525471767,0.01824805653678574,0.029597144805462154
126,29.05.2015,2015-05-29,4,2015,True,0.0263048388366941,0.021633298367148973,0.01824805653678574,0.029605825547385164
126,01.06.2015,2015-06-01,4,2015,True,0.0263981838057048,0.02183806305399522,0.01824805653678574,0.029886052237469585
126,02.06.2015,2015-06-02,4,2015,True,0.0263761037374972,0.02170311610496286,0.01824805653678574,0.029892066838209146
126,03.06.2015,2015-06-03,4,2015,True,0.0262945649087558,0.02068118770482377,0.01824805653678574,0.02848454766478333
126,04.06.2015,2015-06-04,4,2015,True,0.0264649306586065,0.02045370813063747,0.01824805653678574,0.028409714256295977
126,05.06.2015,2015-06-05,4,2015,True,0.0265592810262101,0.02074718856926439,0.01824805653678574,0.02841106016864286
126,08.06.2015,2015-06-08,4,2015,True,0.0265925851509776,0.020667879688585897,0.01824805653678574,0.02846621831019008
126,09.06.2015,2015-06-09,4,2015,True,0.0267680107914932,0.02068451104388174,0.01824805653678574,0.02847623464800312
126,10.06.2015,2015-06-10,4,2015,True,0.0267371721460161,0.020803360376652737,0.01824805653678574,0.028639853767670274
126,11.06.2015,2015-06-11,4,2015,True,0.026733199100359,0.02063778320261431,0.01824805653678574,0.028411904726464095
126,12.06.2015,2015-06-12,4,2015,True,0.0267024774198494,0.02063582554135595,0.01824805653678574,0.02840920962667488
126,15.06.2015,2015-06-15,4,2015,True,0.0269333467361088,0.020512809333010015,0.01824805653678574,0.02823985399593578
126,16.06.2015,2015-06-16,4,2015,True,0.0269326525530773,0.020514803619230703,0.01824805653678574,0.02828490641414553
126,17.06.2015,2015-06-17,4,2015,True,0.0268973456144983,0.0204275281300644,0.01824805653678574,0.02816457481901373
126,18.06.2015,2015-06-18,4,2015,True,0.0270076620807768,0.020448561434454265,0.01824805653678574,0.02819357461142168
126,19.06.2015,2015-06-19,4,2015,True,0.0269756940733292,0.02040934245594897,0.01824805653678574,0.028139501213631957
126,22.06.2015,2015-06-22,4,2015,True,0.0269650639533587,0.02045020792391236,0.01824805653678574,0.02819584471846723
126,23.06.2015,2015-06-23,4,2015,True,0.0269095668579953,0.0199244242576117,0.01824805653678574,0.02818637014208951
126,24.06.2015,2015-06-24,4,2015,True,0.0268938519729164,0.019833355989197828,0.01824805653678574,0.028057539121000813
126,25.06.2015,2015-06-25,4,2015,True,0.0271117755177298,0.019811498947753435,0.01824805653678574,0.028026618746469674
126,26.06.2015,2015-06-26,4,2015,True,0.0271568533612156,0.01974752361935729,0.01824805653678574,0.027936115138294068
126,29.06.2015,2015-06-29,4,2015,True,0.0272520465036888,0.019688814681276742,0.01824805653678574,0.027853061704077257
126,30.06.2015,2015-06-30,4,2015,True,0.0273119126797005,0.019945248707165793,0.01824805653678574,0.027885918014362163
126,01.07.2015,2015-07-01,4,2015,True,0.0273940418481402,0.019649942226959847,0.01824805653678574,0.027865916945686183
126,02.07.2015,2015-07-02,4,2015,True,0.0274916237942312,0.020270561674025418,0.01824805653678574,0.027961334674800484
126,06.07.2015,2015-07-06,4,2015,True,0.026297380296878,0.020259181682267396,0.01824805653678574,0.027945637045733294
126,07.07.2015,2015-07-07,4,2015,True,0.0263362698184807,0.02669360692414129,0.01824805653678574,0.029137116106166608
126,08.07.2015,2015-07-08,4,2015,True,0.0268382185835217,0.026389950132349755,0.01824805653678574,0.028629970306278382
126,09.07.2015,2015-07-09,4,2015,True,0.0267074898656284,0.026692477897660626,0.01824805653678574,0.02841460575290573
126,10.07.2015,2015-07-10,4,2015,True,0.0267015954077753,0.026972536448512132,0.01824805653678574,0.028509608900759514
126,13.07.2015,2015-07-13,4,2015,True,0.0271650608406429,0.026813622281235298,0.01824805653678574,0.028506466976088912
126,14.07.2015,2015-07-14,4,2015,True,0.0271693930896844,0.02309786520307341,0.01824805653678574,0.028498200405166627
126,15.07.2015,2015-07-15,4,2015,True,0.0271338020891251,0.02118041287192559,0.01824805653678574,0.028062761189537714
126,16.07.2015,2015-07-16,4,2015,True,0.0272279618621001,0.021793119002468872,0.01824805653678574,0.028111677029606798
126,17.07.2015,2015-07-17,4,2015,True,0.0272268398128832,0.021025993394130613,0.01824805653678574,0.027858164756286996
126,20.07.2015,2015-07-20,4,2015,True,0.0279265012566438,0.020970844736534256,0.01824805653678574,0.027785096133054375
126,21.07.2015,2015-07-21,4,2015,True,0.0279978846219842,0.021465528092549715,0.01824805653678574,0.027824923008242478
126,22.07.2015,2015-07-22,4,2015,True,0.0283863225346091,0.021466207947795826,0.01824805653678574,0.027825804277960057
126,23.07.2015,2015-07-23,4,2015,True,0.029752040535644,0.022656937169087593,0.01824805653678574,0.027810088309626356
126,24.07.2015,2015-07-24,4,2015,True,0.03006796897525,0.025010972290482266,0.01824805653678574,0.027830155458646536
126,27.07.2015,2015-07-27,4,2015,True,0.0303118534196582,0.024842617382458316,0.01824805653678574,0.027850657131029726
126,28.07.2015,2015-07-28,4,2015,True,0.0305664117063589,0.026463340962900494,0.01824805653678574,0.027893451760894587
126,29.07.2015,2015-07-29,4,2015,True,0.0306601269733903,0.02635261886847263,0.01824805653678574,0.0277767461112142
126,30.07.2015,2015-07-30,4,2015,True,0.0307636210294579,0.024845866676077858,0.01824805653678574,0.027695744733852574
126,31.07.2015,2015-07-31,4,2015,True,0.0307241072590291,0.021181639777384877,0.01824805653678574,0.027672594921781334
126,03.08.2015,2015-08-03,4,2015,True,0.0307999971797804,0.024450692606445567,0.01824805653678574,0.026905322218366806
126,04.08.2015,2015-08-04,4,2015,True,0.0314381021271934,0.024684927926355238,0.01824805653678574,0.027149854403272236
126,05.08.2015,2015-08-05,4,2015,True,0.0314590412815834,0.0235655259968893,0.01824805653678574,0.026681569384108827
126,06.08.2015,2015-08-06,4,2015,True,0.0314684731504042,0.02282946554193379,0.01824805653678574,0.026027805216937084
126,07.08.2015,2015-08-07,4,2015,True,0.0315697079987849,0.023534799056270303,0.01824805653678574,0.025722907648404906
126,10.08.2015,2015-08-10,4,2015,True,0.0321236233400914,0.023504041855410038,0.01824805653678574,0.025689290848220615
126,11.08.2015,2015-08-11,4,2015,True,0.0321238363953034,0.024063526963356605,0.01824805653678574,0.025891561568421106
126,12.08.2015,2015-08-12,4,2015,True,0.0321599623487808,0.024700990955670438,0.01824805653678574,0.025817533747778693
126,13.08.2015,2015-08-13,4,2015,True,0.0335681902091257,0.024575528020038564,0.01824805653678574,0.025686399592854122
126,14.08.2015,2015-08-14,4,2015,True,0.0336960779805077,0.024298000451487854,0.01824805653678574,0.02539632712653665
126,17.08.2015,2015-08-17,4,2015,True,0.0343163140703485,0.02343395270029046,0.01824805653678574,0.02538938047101327
126,18.08.2015,2015-08-18,4,2015,True,0.0343174880185895,0.02004542213243244,0.01824805653678574,0.024157358532866578
126,19.08.2015,2015-08-19,4,2015,True,0.0343435425137062,0.01900146225725353,0.01824805653678574,0.024002108491909018
126,20.08.2015,2015-08-20,4,2015,True,0.0346506074104268,0.02231420973023008,0.01824805653678574,0.02417620142861241
126,21.08.2015,2015-08-21,4,2015,True,0.0347695247448498,0.022482530973992665,0.01824805653678574,0.024190462013880438
126,24.08.2015,2015-08-24,4,2015,True,0.0344908268489735,0.023165043015372932,0.01824805653678574,0.02421215735398835
126,25.08.2015,2015-08-25,4,2015,True,0.0345527840250335,0.023845886501922143,0.01824805653678574,0.02481051310227933
126,26.08.2015,2015-08-26,4,2015,True,0.034554435163204,0.02384359578368422,0.01824805653678574,0.024405447721274436
126,27.08.2015,2015-08-27,4,2015,True,0.0334729413997534,0.023757076700237904,0.01824805653678574,0.024316889896896853
126,28.08.2015,2015-08-28,4,2015,True,0.0331303288045523,0.028888797151779805,0.01824805653678574,0.025611785645922716
126,31.08.2015,2015-08-31,4,2015,True,0.0324242445040567,0.029184623832717454,0.01824805653678574,0.02568709059918033
126,01.09.2015,2015-09-01,4,2015,True,0.0315060400478785,0.02970893133965644,0.01824805653678574,0.026563248045678577
126,02.09.2015,2015-09-02,4,2015,True,0.0317151685948143,0.03196145634002921,0.01824805653678574,0.027681211156233468
126,03.09.2015,2015-09-03,4,2015,True,0.0320936666830039,0.03203011513060628,0.01824805653678574,0.02774067523257204
126,04.09.2015,2015-09-04,4,2015,True,0.0321422812022273,0.032013597617193724,0.01824805653678574,0.02772636972747601
126,08.09.2015,2015-09-08,4,2015,True,0.0323105384023398,0.030904077894215978,0.01824805653678574,0.027732245432363623
126,09.09.2015,2015-09-09,4,2015,True,0.0321961455734772,0.030979078943114795,0.01824805653678574,0.027543946336361945
126,10.09.2015,2015-09-10,4,2015,True,0.0321065500271139,0.02985460742611762,0.01824805653678574,0.027694102385106504
126,11.09.2015,2015-09-11,4,2015,True,0.0321321477839319,0.029974195049838188,0.01824805653678574,0.027805035744505217
126,14.09.2015,2015-09-14,4,2015,True,0.0320144016969052,0.029731284872195857,0.01824805653678574,0.027579704383285376
126,15.09.2015,2015-09-15,4,2015,True,0.032223118240724,0.03018538800851782,0.01824805653678574,0.02770329884112425
126,16.09.2015,2015-09-16,4,2015,True,0.0323390545157287,0.030402125369858615,0.01824805653678574,0.027709648338973696
126,17.09.2015,2015-09-17,4,2015,True,0.0319987719512152,0.02984841404210232,0.01824805653678574,0.02739403362675453
126,18.09.2015,2015-09-18,4,2015,True,0.0318806552553293,0.02541141154697706,0.01824805653678574,0.02770248505857318
126,21.09.2015,2015-09-21,4,2015,True,0.031764394225564,0.025929849251546996,0.01824805653678574,0.027810351493616905
126,22.09.2015,2015-09-22,4,2015,True,0.0318801814134761,0.0274479426773085,0.01824805653678574,0.02792988641500961
126,23.09.2015,2015-09-23,4,2015,True,0.0317949965096624,0.028206838843172714,0.01824805653678574,0.02790597976099783
126,24.09.2015,2015-09-24,4,2015,True,0.0317831072124192,0.03157987240707429,0.01824805653678574,0.027910938078044994
126,25.09.2015,2015-09-25,4,2015,True,0.0318602658128379,0.030814943986287074,0.01824805653678574,0.027589089647661092
126,28.09.2015,2015-09-28,4,2015,True,0.0317865240269461,0.026346456817783262,0.01824805653678574,0.02728664251888294
126,29.09.2015,2015-09-29,4,2015,True,0.0317483633300582,0.027570500585059374,0.01824805653678574,0.027377925784696073
126,30.09.2015,2015-09-30,4,2015,True,0.0317470458064504,0.02653296227792751,0.01824805653678574,0.0273771843362903
126,01.10.2015,2015-10-01,4,2015,True,0.0320316051323708,0.021819545268149217,0.01824805653678574,0.027182565434344292
126,02.10.2015,2015-10-02,4,2015,True,0.0320218245989711,0.02167573633624947,0.01824805653678574,0.027003409743729865
126,05.10.2015,2015-10-05,4,2015,True,0.0322882726651027,0.021612586063101992,0.01824805653678574,0.026527533891046
126,06.10.2015,2015-10-06,4,2015,True,0.0319239288994945,0.021518536598228336,0.01824805653678574,0.02656792439258367
126,07.10.2015,2015-10-07,4,2015,True,0.0324156822316775,0.021355150305277296,0.01824805653678574,0.026443781229585975
126,08.10.2015,2015-10-08,4,2015,True,0.032331061429943,0.02132591080368413,0.01824805653678574,0.026407574367431474
126,09.10.2015,2015-10-09,4,2015,True,0.0325652929750476,0.02118215533676157,0.01824805653678574,0.026496049046160503
126,12.10.2015,2015-10-12,4,2015,True,0.0322275253189149,0.020731594969165216,0.01824805653678574,0.02650265205411696
126,13.10.2015,2015-10-13,4,2015,True,0.0322166164930165,0.0210553303429236,0.01824805653678574,0.02691650569061184
126,14.10.2015,2015-10-14,4,2015,True,0.0322484615142595,0.021276904582712843,0.01824805653678574,0.026769860128928825
126,15.10.2015,2015-10-15,4,2015,True,0.032242014052719,0.021275876990549565,0.01824805653678574,0.026768567248266904
126,16.10.2015,2015-10-16,4,2015,True,0.0323299353590463,0.01961337549080386,0.01824805653678574,0.02638272383637139
126,19.10.2015,2015-10-19,4,2015,True,0.032527389976455,0.01915872056124297,0.01824805653678574,0.026383010363649748
126,20.10.2015,2015-10-20,4,2015,True,0.0326195898956657,0.018679920778932862,0.01824805653678574,0.026323473818149364
126,21.10.2015,2015-10-21,4,2015,True,0.032605662340804,0.018932028352535338,0.01824805653678574,0.026302604632132347
126,22.10.2015,2015-10-22,4,2015,True,0.032624590456565,0.018820811954619664,0.01824805653678574,0.02614808970702692
126,23.10.2015,2015-10-23,4,2015,True,0.032723329088,0.018552264738287947,0.01824805653678574,0.026143582774530227
126,26.10.2015,2015-10-26,4,2015,True,0.0328319260635097,0.018550087021826193,0.01824805653678574,0.02614051396803245
126,27.10.2015,2015-10-27,4,2015,True,0.032851476814968,0.019333800553665674,0.01824805653678574,0.026147987030273826
126,28.10.2015,2015-10-28,4,2015,True,0.0325847735873086,0.01930287792770533,0.01824805653678574,0.026106165743232573
126,29.10.2015,2015-10-29,4,2015,True,0.0325817618123866,0.019684406096282015,0.01824805653678574,0.026433824530306908
126,30.10.2015,2015-10-30,4,2015,True,0.0326487510712896,0.019684579235376254,0.01824805653678574,0.026434057035591246
126,02.11.2015,2015-11-02,4,2015,True,0.0328798618789417,0.01865969964464208,0.01824805653678574,0.026481433339659233
126,03.11.2015,2015-11-03,4,2015,True,0.0327324104474444,0.01814751125384865,0.01824805653678574,0.02645647303019156
126,04.11.2015,2015-11-04,4,2015,True,0.0325570063596613,0.018290373102497592,0.01824805653678574,0.026664745150426366
126,05.11.2015,2015-11-05,4,2015,True,0.0327212556553573,0.018333157661733986,0.01824805653678574,0.02672711891185915
126,06.11.2015,2015-11-06,4,2015,True,0.0329307138875738,0.018343441383037038,0.01824805653678574,0.026742111105086005
126,09.11.2015,2015-11-09,4,2015,True,0.0331710009144396,0.01834979250023466,0.01824805653678574,0.026751370124601135
126,10.11.2015,2015-11-10,4,2015,True,0.0331796728784682,0.018243470194604774,0.01824805653678574,0.026596367426321595
126,11.11.2015,2015-11-11,4,2015,True,0.0330336471407466,0.018249703120370123,0.01824805653678574,0.026605454139651236
126,12.11.2015,2015-11-12,4,2015,True,0.0329079483240938,0.018528834833173264,0.01824805653678574,0.026760086478065798
126,13.11.2015,2015-11-13,4,2015,True,0.0328963323773073,0.019333452004231973,0.01824805653678574,0.02695009671286388
126,16.11.2015,2015-11-16,4,2015,True,0.032903930350447,0.019338462436941727,0.01824805653678574,0.026957081065480865
126,17.11.2015,2015-11-17,4,2015,True,0.0329051494586459,0.020155149695590898,0.01824805653678574,0.026811733186852493
126,18.11.2015,2015-11-18,4,2015,True,0.0328880629660637,0.020116541045993547,0.01824805653678574,0.026760373369270226
126,19.11.2015,2015-11-19,4,2015,True,0.0328965859173635,0.02006906054273853,0.01824805653678574,0.02669721161636449
126,20.11.2015,2015-11-20,4,2015,True,0.0328868022414174,0.020047066939676946,0.01824805653678574,0.02666795424909057
126,23.11.2015,2015-11-23,4,2015,True,0.0329457312787996,0.020010827984401357,0.01824805653678574,0.026619746757978166
126,24.11.2015,2015-11-24,4,2015,True,0.0328543370053044,0.020223635619224693,0.01824805653678574,0.026541608910648412
126,25.11.2015,2015-11-25,4,2015,True,0.0328586986127799,0.020319337101236363,0.01824805653678574,0.02666720805392553
126,27.11.2015,2015-11-27,4,2015,True,0.0327585963000535,0.020235694346733363,0.01824805653678574,0.02630483883669413
126,30.11.2015,2015-11-30,4,2015,True,0.0327535800696662,0.02065193631938083,0.01824805653678574,0.02639818380570485
126,01.12.2015,2015-12-01,4,2015,True,0.0327548511081314,0.02063466254911294,0.01824805653678574,0.02637610373749733
126,02.12.2015,2015-12-02,4,2015,True,0.0325061030147777,0.023551679165734585,0.01824805653678574,0.026294564908755903
126,03.12.2015,2015-12-03,4,2015,True,0.0324300533875956,0.025661594616044604,0.01824805653678574,0.026464930658606566
126,04.12.2015,2015-12-04,4,2015,True,0.0324098667017851,0.02601472700002821,0.01824805653678574,0.026559281026210208
126,07.12.2015,2015-12-07,4,2015,True,0.0320655630479015,0.020660410075359393,0.01824805653678574,0.02659258515097765
126,08.12.2015,2015-12-08,4,2015,True,0.0320626530352546,0.02498977587030757,0.01824805653678574,0.026768010791493265
126,09.12.2015,2015-12-09,4,2015,True,0.0321666530228221,0.02618897075733911,0.01824805653678574,0.02673717214601623
126,10.12.2015,2015-12-10,4,2015,True,0.0321544896241692,0.02618507917239644,0.01824805653678574,0.026733199100359067
126,11.12.2015,2015-12-11,4,2015,True,0.0318812114862425,0.02615498738901382,0.01824805653678574,0.026702477419849484
126,14.12.2015,2015-12-14,4,2015,True,0.0319282198026606,0.026381123112689593,0.01824805653678574,0.026933346736108837
126,15.12.2015,2015-12-15,4,2015,True,0.0320986896310835,0.02702646051767604,0.01824805653678574,0.026932652553077405
126,16.12.2015,2015-12-16,4,2015,True,0.0321352177274813,0.025725433558452495,0.01824805653678574,0.026897345614498386
126,17.12.2015,2015-12-17,4,2015,True,0.0322271519173984,0.021169954696006885,0.01824805653678574,0.027007662080776852
126,18.12.2015,2015-12-18,4,2015,True,0.0322144170533095,0.021075682308116274,0.01824805653678574,0.026975694073329257
126,21.12.2015,2015-12-21,4,2015,True,0.0322154851301602,0.025459088458446577,0.01824805653678574,0.026965063953358816
126,22.12.2015,2015-12-22,4,2015,True,0.0322442952977124,0.0228728309310575,0.01824805653678574,0.02690956685799538
126,23.12.2015,2015-12-23,4,2015,True,0.0324644685794078,0.022068406521913414,0.01824805653678574,0.026893851972916456
126,24.12.2015,2015-12-24,4,2015,True,0.0325430567095848,0.02118200058420665,0.01824805653678574,0.027111775517729912
126,28.12.2015,2015-12-28,4,2015,True,0.0324771073874598,0.021217219188994312,0.01824805653678574,0.0271568533612157
126,29.12.2015,2015-12-29,4,2015,True,0.0325562641572612,0.021495506302457137,0.01824805653678574,0.02725204650368889
126,30.12.2015,2015-12-30,4,2015,True,0.0324304266174764,0.02189817588075742,0.01824805653678574,0.027311912679700564
126,31.12.2015,2015-12-31,4,2015,True,0.0323818220148291,0.021964025497242565,0.01824805653678574,0.027394041848140316
126,04.01.2016,2016-01-04,5,2016,True,0.0325831455425556,0.025016640990935278,0.0194364437950971,0.02749162379423132
126,05.01.2016,2016-01-05,5,2016,True,0.0325413694771395,0.02964892784166444,0.0194364437950971,0.026297380296878038
126,06.01.2016,2016-01-06,5,2016,True,0.032374070119308,0.02969277375356822,0.0194364437950971,0.0263362698184808
126,07.01.2016,2016-01-07,5,2016,True,0.0323432906559643,0.030258694866124043,0.0194364437950971,0.026838218583521787
126,08.01.2016,2016-01-08,5,2016,True,0.0323569829524189,0.030111305039460946,0.0194364437950971,0.02670748986562853
126,11.01.2016,2016-01-11,5,2016,True,0.0320807567679372,0.030104659344962835,0.0194364437950971,0.026701595407775384
126,12.01.2016,2016-01-12,5,2016,True,0.0323107802488133,0.03390463910392553,0.0194364437950971,0.02716506084064293
126,13.01.2016,2016-01-13,5,2016,True,0.0323054720732478,0.033543166112750974,0.0194364437950971,0.027169393089684506
126,14.01.2016,2016-01-14,5,2016,True,0.0322561869040482,0.03349922568169538,0.0194364437950971,0.027133802089125206
126,15.01.2016,2016-01-15,5,2016,True,0.0322904221775026,0.03407676830384792,0.0194364437950971,0.027227961862100185
126,19.01.2016,2016-01-19,5,2016,True,0.0315226414292687,0.033614089484963576,0.0194364437950971,0.027226839812883295
126,20.01.2016,2016-01-20,5,2016,True,0.0313720787665138,0.03509259524083108,0.0194364437950971,0.027926501256643834
126,21.01.2016,2016-01-21,5,2016,True,0.0312016469012069,0.036227925147792564,0.0194364437950971,0.027997884621984246
126,22.01.2016,2016-01-22,5,2016,True,0.0301178292225402,0.03706865910308151,0.0194364437950971,0.028386322534609217
126,25.01.2016,2016-01-25,5,2016,True,0.0297702989632848,0.03999773677161063,0.0194364437950971,0.029752040535644116
126,26.01.2016,2016-01-26,5,2016,True,0.0295667877109083,0.03991672307148737,0.0194364437950971,0.030067968975250072
126,27.01.2016,2016-01-27,5,2016,True,0.0295330486118247,0.040240491791513,0.0194364437950971,0.030311853419658304
126,28.01.2016,2016-01-28,5,2016,True,0.0295234020712672,0.040578430567628776,0.0194364437950971,0.03056641170635898
126,29.01.2016,2016-01-29,5,2016,True,0.0294586125297134,0.04070284224188392,0.0194364437950971,0.030660126973390375
126,01.02.2016,2016-02-01,5,2016,True,0.0294578156545121,0.040198467600266276,0.0194364437950971,0.030763621029457965
126,02.02.2016,2016-02-02,5,2016,True,0.0290017557351758,0.04075519676994167,0.0194364437950971,0.030724107259029187
126,03.02.2016,2016-02-03,5,2016,True,0.0284982549684931,0.040855863930975754,0.0194364437950971,0.030799997179780454
126,04.02.2016,2016-02-04,5,2016,True,0.0285408275025556,0.041702303258648904,0.0194364437950971,0.03143810212719346
126,05.02.2016,2016-02-05,5,2016,True,0.0285153336430241,0.041245596696558445,0.0194364437950971,0.03145904128158344
126,08.02.2016,2016-02-08,5,2016,True,0.0283890172430472,0.041257962714136606,0.0194364437950971,0.0314684731504043
126,09.02.2016,2016-02-09,5,2016,True,0.0273999417620847,0.04111044129893438,0.0194364437950971,0.031569707998784974
126,10.02.2016,2016-02-10,5,2016,True,0.0274543680134777,0.042323122510623645,0.0194364437950971,0.03212362334009144
126,11.02.2016,2016-02-11,5,2016,True,0.0275797332754741,0.042323403212515424,0.0194364437950971,0.032123836395303515
126,12.02.2016,2016-02-12,5,2016,True,0.0260988415768635,0.0423709994359753,0.0194364437950971,0.032159962348780886
126,16.02.2016,2016-02-16,5,2016,True,0.0259690521462538,0.04422635054706453,0.0194364437950971,0.033568190209125784
126,17.02.2016,2016-02-17,5,2016,True,0.0253125028472876,0.044178550458669696,0.0194364437950971,0.03369607798050776
126,18.02.2016,2016-02-18,5,2016,True,0.0253134722343841,0.04452544663294004,0.0194364437950971,0.03431631407034858
126,19.02.2016,2016-02-19,5,2016,True,0.0250955713377954,0.04452696983177917,0.0194364437950971,0.0343174880185896
126,22.02.2016,2016-02-22,5,2016,True,0.0247518866458515,0.03407075058193034,0.0194364437950971,0.03434354251370624
126,23.02.2016,2016-02-23,5,2016,True,0.0246531665225618,0.03437537645168326,0.0194364437950971,0.03465060741042685
126,24.02.2016,2016-02-24,5,2016,True,0.0245282077732499,0.03581956040645624,0.0194364437950971,0.03476952474484986
126,25.02.2016,2016-02-25,5,2016,True,0.0245189724482846,0.035532445866072127,0.0194364437950971,0.034490826848973616
126,26.02.2016,2016-02-26,5,2016,True,0.0245242274404094,0.034278330080783036,0.0194364437950971,0.034552784025033624
126,29.02.2016,2016-02-29,5,2016,True,0.02444744666493,0.03277247947865197,0.0194364437950971,0.03455443516320405
126,01.03.2016,2016-03-01,5,2016,True,0.0244872554257768,0.03197807668026438,0.0194364437950971,0.033472941399753486
126,02.03.2016,2016-03-02,5,2016,True,0.0244598027613882,0.03165076478645371,0.0194364437950971,0.033130328804552335
126,03.03.2016,2016-03-03,5,2016,True,0.0246050367806878,0.029902703946174277,0.0194364437950971,0.03242424450405676
126,04.03.2016,2016-03-04,5,2016,True,0.0243192944836216,0.029055905618715374,0.0194364437950971,0.03150604004787859
126,07.03.2016,2016-03-07,5,2016,True,0.0238766251719111,0.029248770837978447,0.0194364437950971,0.03171516859481437
126,08.03.2016,2016-03-08,5,2016,True,0.0237275808814959,0.02959783421473379,0.0194364437950971,0.03209366668300399
126,09.03.2016,2016-03-09,5,2016,True,0.0235657351933164,0.02964266812214037,0.0194364437950971,0.032142281202227396
126,10.03.2016,2016-03-10,5,2016,True,0.0237101725541663,0.02874965361916798,0.0194364437950971,0.032310538402339925
126,11.03.2016,2016-03-11,5,2016,True,0.0239977251931647,0.0288889414330472,0.0194364437950971,0.0321961455734773
126,14.03.2016,2016-03-14,5,2016,True,0.0239134543777399,0.02856814642615694,0.0194364437950971,0.032106550027113934
126,15.03.2016,2016-03-15,5,2016,True,0.0239574676598052,0.028351855109059673,0.0194364437950971,0.03213214778393199
126,16.03.2016,2016-03-16,5,2016,True,0.0238366211701518,0.02824796164941643,0.0194364437950971,0.032014401696905254
126,17.03.2016,2016-03-17,5,2016,True,0.0237371739358831,0.025569146318080282,0.0194364437950971,0.0322231182407241
126,18.03.2016,2016-03-18,5,2016,True,0.0237816896398344,0.02566114211926325,0.0194364437950971,0.03233905451572883
126,21.03.2016,2016-03-21,5,2016,True,0.0237740999743976,0.025391126827244016,0.0194364437950971,0.03199877195121524
126,22.03.2016,2016-03-22,5,2016,True,0.0237703852305619,0.025297400855190305,0.0194364437950971,0.03188065525532939
126,23.03.2016,2016-03-23,5,2016,True,0.023650603467116,0.025205147360076896,0.0194364437950971,0.031764394225564097
126,24.03.2016,2016-03-24,5,2016,True,0.0236939005521536,0.025123564474360927,0.0194364437950971,0.03188018141347618
126,28.03.2016,2016-03-28,5,2016,True,0.0239419247163981,0.02505643347546705,0.0194364437950971,0.03179499650966252
126,29.03.2016,2016-03-29,5,2016,True,0.0239450169117702,0.025398571858106813,0.0194364437950971,0.03178310721241928
126,30.03.2016,2016-03-30,5,2016,True,0.0241041325058732,0.025460230972934962,0.0194364437950971,0.031860265812838004
126,31.03.2016,2016-03-31,5,2016,True,0.0246113719532385,0.02540130230886819,0.0194364437950971,0.03178652402694617
126,01.04.2016,2016-04-01,5,2016,True,0.0246261986110362,0.02537080726646769,0.0194364437950971,0.03174836333005829
126,04.04.2016,2016-04-04,5,2016,True,0.0241733312751896,0.025369754404713042,0.0194364437950971,0.03174704580645047
126,05.04.2016,2016-04-05,5,2016,True,0.0241723994423918,0.025597151947658738,0.0194364437950971,0.032031605132370876
126,06.04.2016,2016-04-06,5,2016,True,0.0239635992734597,0.025589336110814927,0.0194364437950971,0.032021824598971224
126,07.04.2016,2016-04-07,5,2016,True,0.023987395265786,0.02580226055237018,0.0194364437950971,0.03228827266510275
126,08.04.2016,2016-04-08,5,2016,True,0.0234035945216472,0.025511105529357283,0.0194364437950971,0.03192392889949454
126,11.04.2016,2016-04-11,5,2016,True,0.023367465307106,0.02590407630658304,0.0194364437950971,0.03241568223167756
126,12.04.2016,2016-04-12,5,2016,True,0.023086851676663,0.025654799580392216,0.0194364437950971,0.03233106142994312
126,13.04.2016,2016-04-13,5,2016,True,0.0230870138429585,0.025840663052832964,0.0194364437950971,0.032565292975047726
126,14.04.2016,2016-04-14,5,2016,True,0.0230743423448382,0.025572643348574235,0.0194364437950971,0.03222752531891499
126,15.04.2016,2016-04-15,5,2016,True,0.0230168147563234,0.025563987160694784,0.0194364437950971,0.03221661649301664
126,18.04.2016,2016-04-18,5,2016,True,0.0230274108247387,0.025589256285848364,0.0194364437950971,0.03224846151425959
126,19.04.2016,2016-04-19,5,2016,True,0.0229242458861618,0.025584140204708197,0.0194364437950971,0.03224201405271911
126,20.04.2016,2016-04-20,5,2016,True,0.0227236382024638,0.02565390603957138,0.0194364437950971,0.0323299353590464
126,21.04.2016,2016-04-21,5,2016,True,0.0226913385635803,0.02581058690347738,0.0194364437950971,0.03252738997645503
126,22.04.2016,2016-04-22,5,2016,True,0.0226744514335215,0.02570626431644296,0.0194364437950971,0.032619589895665754
126,25.04.2016,2016-04-25,5,2016,True,0.0226431907485979,0.02552994184674994,0.0194364437950971,0.03260566234080412
126,26.04.2016,2016-04-26,5,2016,True,0.0225499109751569,0.024490846315482137,0.0194364437950971,0.03262459045656505
126,27.04.2016,2016-04-27,5,2016,True,0.0224357976213036,0.024390901026406186,0.0194364437950971,0.032723329088000054
126,28.04.2016,2016-04-28,5,2016,True,0.0223819044006714,0.024259923272670493,0.0194364437950971,0.03283192606350975
126,29.04.2016,2016-04-29,5,2016,True,0.0224246887693784,0.02427436956891835,0.0194364437950971,0.03285147681496804
126,02.05.2016,2016-05-02,5,2016,True,0.0225732697196155,0.02407729919823486,0.0194364437950971,0.03258477358730871
126,03.05.2016,2016-05-03,5,2016,True,0.0224277322322026,0.023949506350139597,0.0194364437950971,0.03258176181238666
126,04.05.2016,2016-05-04,5,2016,True,0.0222071419922827,0.02399874738537663,0.0194364437950971,0.03264875107128965
126,05.05.2016,2016-05-05,5,2016,True,0.0222172682133694,0.02416862738718014,0.0194364437950971,0.03287986187894175
126,06.05.2016,2016-05-06,5,2016,True,0.0222575307248278,0.024060241934750766,0.0194364437950971,0.03273241044744445
126,09.05.2016,2016-05-09,5,2016,True,0.0220045493410784,0.023931309640101053,0.0194364437950971,0.03255700635966137
126,10.05.2016,2016-05-10,5,2016,True,0.0216806611174792,0.02417814751558761,0.0194364437950971,0.032721255655357336
126,11.05.2016,2016-05-11,5,2016,True,0.0213173108309287,0.024332918838859168,0.0194364437950971,0.03293071388757391
126,12.05.2016,2016-05-12,5,2016,True,0.0213199430935269,0.024510469946397186,0.0194364437950971,0.03317100091443971
126,13.05.2016,2016-05-13,5,2016,True,0.0214925666219085,0.02451687776973201,0.0194364437950971,0.033179672878468305
126,16.05.2016,2016-05-16,5,2016,True,0.0219561536419523,0.02440897751477562,0.0194364437950971,0.033033647140746664
126,17.05.2016,2016-05-17,5,2016,True,0.0219555683380012,0.024189272572065993,0.0194364437950971,0.03290794832409387
126,18.05.2016,2016-05-18,5,2016,True,0.0219485930361938,0.024180734169725177,0.0194364437950971,0.032896332377307345
126,19.05.2016,2016-05-19,5,2016,True,0.0219603237705206,0.02418631912572007,0.0194364437950971,0.03290393035044708
126,20.05.2016,2016-05-20,5,2016,True,0.0222903606246144,0.024187215241765578,0.0194364437950971,0.03290514945864598
126,23.05.2016,2016-05-23,5,2016,True,0.0222832100495465,0.024174655667333848,0.0194364437950971,0.03288806296606375
126,24.05.2016,2016-05-24,5,2016,True,0.0222804907393631,0.02430770125225908,0.0194364437950971,0.032896585917363594
126,25.05.2016,2016-05-25,5,2016,True,0.0224085914183478,0.02430047197100042,0.0194364437950971,0.03288680224141751
126,26.05.2016,2016-05-26,5,2016,True,0.0224878383201795,0.024468968757046933,0.0194364437950971,0.03294573127879968
126,27.05.2016,2016-05-27,5,2016,True,0.0227517382377708,0.02466570504416294,0.0194364437950971,0.03285433700530446
126,31.05.2016,2016-05-31,5,2016,True,0.0239698916622215,0.025431521878811775,0.0194364437950971,0.03285869861277999
126,01.06.2016,2016-06-01,5,2016,True,0.0239698954948225,0.024608693627916792,0.0194364437950971,0.03275859630005358
126,02.06.2016,2016-06-02,5,2016,True,0.0249062416821737,0.024461808689219683,0.0194364437950971,0.03275358006966626
126,03.06.2016,2016-06-03,5,2016,True,0.0249042787125134,0.0244627579564359,0.0194364437950971,0.032754851108131526
126,06.06.2016,2016-06-06,5,2016,True,0.024914347676608,0.025200895564803902,0.0194364437950971,0.0325061030147778
126,07.06.2016,2016-06-07,5,2016,True,0.0249182227784541,0.027026681080930762,0.0194364437950971,0.032430053387595706
126,08.06.2016,2016-06-08,5,2016,True,0.0248949709007205,0.02700985782402884,0.0194364437950971,0.03240986670178516
126,09.06.2016,2016-06-09,5,2016,True,0.0248854219871767,0.026722920737083766,0.0194364437950971,0.032065563047901605
126,10.06.2016,2016-06-10,5,2016,True,0.0248524985702641,0.026720495579690064,0.0194364437950971,0.032062653035254636
126,13.06.2016,2016-06-13,5,2016,True,0.0248491707591692,0.025967250369632152,0.0194364437950971,0.03216665302282224
126,14.06.2016,2016-06-14,5,2016,True,0.0250140421522212,0.024749467523941904,0.0194364437950971,0.03215448962416931
126,15.06.2016,2016-06-15,5,2016,True,0.0249619103256769,0.024539124008038704,0.0194364437950971,0.03188121148624259
126,16.06.2016,2016-06-16,5,2016,True,0.024798695494443,0.02457530653850783,0.0194364437950971,0.031928219802660716
126,17.06.2016,2016-06-17,5,2016,True,0.0245452663621206,0.025570963590562937,0.0194364437950971,0.03209868963108355
126,20.06.2016,2016-06-20,5,2016,True,0.0244171594778278,0.024734633851046503,0.0194364437950971,0.03213521772748135
126,21.06.2016,2016-06-21,5,2016,True,0.0244633914184239,0.024071292221544062,0.0194364437950971,0.03222715191739848
126,22.06.2016,2016-06-22,5,2016,True,0.0244412219600469,0.024925600124921045,0.0194364437950971,0.03221441705330961
126,23.06.2016,2016-06-23,5,2016,True,0.0243777047221089,0.02492642653926956,0.0194364437950971,0.03221548513016026
126,24.06.2016,2016-06-24,5,2016,True,0.0239845143028718,0.024084097055128494,0.0194364437950971,0.032244295297712444
126,27.06.2016,2016-06-27,5,2016,True,0.0238587713167137,0.025119075125255155,0.0194364437950971,0.0324644685794079
126,28.06.2016,2016-06-28,5,2016,True,0.0237244400733584,0.025179881946751057,0.0194364437950971,0.03254305670958482
126,29.06.2016,2016-06-29,5,2016,True,0.0234540032379133,0.025128854283296052,0.0194364437950971,0.032477107387459896
126,30.06.2016,2016-06-30,5,2016,True,0.0234172256004718,0.02431711465474355,0.0194364437950971,0.03255626415726128
126,01.07.2016,2016-07-01,5,2016,True,0.023464256161436,0.024223123345788758,0.0194364437950971,0.032430426617476436
126,05.07.2016,2016-07-05,5,2016,True,0.0232021682280144,0.024310959934495148,0.0194364437950971,0.032381822014829156
126,06.07.2016,2016-07-06,5,2016,True,0.0231586298852779,0.026295801953130873,0.0194364437950971,0.032583145542555696
126,07.07.2016,2016-07-07,5,2016,True,0.022970129115111,0.026262087125287447,0.0194364437950971,0.03254136947713953
126,08.07.2016,2016-07-08,5,2016,True,0.0230727615539779,0.027328880253613474,0.0194364437950971,0.03237407011930807
126,11.07.2016,2016-07-11,5,2016,True,0.0231605157214719,0.026102230200303687,0.0194364437950971,0.032343290655964384
126,12.07.2016,2016-07-12,5,2016,True,0.0228383578808612,0.02667900632178876,0.0194364437950971,0.03235698295241895
126,13.07.2016,2016-07-13,5,2016,True,0.0224548011065866,0.02589035565563977,0.0194364437950971,0.032080756767937244
126,14.07.2016,2016-07-14,5,2016,True,0.0223656867861931,0.031157708337118846,0.0194364437950971,0.03231078024881333
126,15.07.2016,2016-07-15,5,2016,True,0.0225176346730012,0.02768600886451645,0.0194364437950971,0.03230547207324784
126,18.07.2016,2016-07-18,5,2016,True,0.022480690515792,0.027485033983599208,0.0194364437950971,0.032256186904048224
126,19.07.2016,2016-07-19,5,2016,True,0.022564265302319,0.025285565560164685,0.0194364437950971,0.03229042217750265
126,20.07.2016,2016-07-20,5,2016,True,0.0225544754537252,0.024684341756444187,0.0194364437950971,0.03152264142926882
126,21.07.2016,2016-07-21,5,2016,True,0.0224685362040368,0.024566441096642525,0.0194364437950971,0.031372078766513926
126,22.07.2016,2016-07-22,5,2016,True,0.0224517569020455,0.025180881522137495,0.0194364437950971,0.031201646901206945
126,25.07.2016,2016-07-25,5,2016,True,0.0224221993993155,0.02602936096226978,0.0194364437950971,0.03011782922254023
126,26.07.2016,2016-07-26,5,2016,True,0.0224599478104245,0.025911188434921444,0.0194364437950971,0.029770298963284925
126,27.07.2016,2016-07-27,5,2016,True,0.0222681457613241,0.0259872962849832,0.0194364437950971,0.029566787710908343
126,28.07.2016,2016-07-28,5,2016,True,0.0222046021437829,0.02657591085845995,0.0194364437950971,0.029533048611824736
126,29.07.2016,2016-07-29,5,2016,True,0.0221951977333022,0.028267002772144754,0.0194364437950971,0.029523402071267257
126,01.08.2016,2016-08-01,5,2016,True,0.0222285490936905,0.02610347480453145,0.0194364437950971,0.029458612529713435
126,02.08.2016,2016-08-02,5,2016,True,0.0221723059223665,0.032480436232574246,0.0194364437950971,0.029457815654512175
126,03.08.2016,2016-08-03,5,2016,True,0.0221110627991661,0.031977580715316395,0.0194364437950971,0.02900175573517586
126,04.08.2016,2016-08-04,5,2016,True,0.0220299787584352,0.03108530673412184,0.0194364437950971,0.028498254968493127
126,05.08.2016,2016-08-05,5,2016,True,0.0220291510005507,0.031131743973217548,0.0194364437950971,0.02854082750255565
126,08.08.2016,2016-08-08,5,2016,True,0.0219406373086781,0.025411995295065302,0.0194364437950971,0.028515333643024197
126,09.08.2016,2016-08-09,5,2016,True,0.021974071353521,0.024710851740778292,0.0194364437950971,0.028389017243047283
126,10.08.2016,2016-08-10,5,2016,True,0.0219650141923867,0.023617516446683945,0.0194364437950971,0.027399941762084764
126,11.08.2016,2016-08-11,5,2016,True,0.0216386223745114,0.023921060723449364,0.0194364437950971,0.027454368013477753
126,12.08.2016,2016-08-12,5,2016,True,0.0215803571570164,0.024030291795290315,0.0194364437950971,0.0275797332754742
126,15.08.2016,2016-08-15,5,2016,True,0.0214391853004271,0.022739987089316904,0.0194364437950971,0.0260988415768636
126,16.08.2016,2016-08-16,5,2016,True,0.0213859332723093,0.021954853657961414,0.0194364437950971,0.025969052146253925
126,17.08.2016,2016-08-17,5,2016,True,0.0213983886620817,0.021399791282297444,0.0194364437950971,0.025312502847287675
126,18.08.2016,2016-08-18,5,2016,True,0.0213699434415408,0.0220621263078138,0.0194364437950971,0.02531347223438418
126,19.08.2016,2016-08-19,5,2016,True,0.0213984090343191,0.022023830384085247,0.0194364437950971,0.025095571337795528
126,22.08.2016,2016-08-22,5,2016,True,0.0211884668092787,0.02227044495356741,0.0194364437950971,0.024751886645851543
126,23.08.2016,2016-08-23,5,2016,True,0.0211457152938164,0.022181621782106264,0.0194364437950971,0.024653166522561904
126,24.08.2016,2016-08-24,5,2016,True,0.0210843477248656,0.021903948478390348,0.0194364437950971,0.02452820777324994
126,25.08.2016,2016-08-25,5,2016,True,0.021058841670508,0.021895701235701826,0.0194364437950971,0.024518972448284666
126,26.08.2016,2016-08-26,5,2016,True,0.0210754071776817,0.02152241995920837,0.0194364437950971,0.024524227440409503
126,29.08.2016,2016-08-29,5,2016,True,0.0210737231693712,0.021996525880900942,0.0194364437950971,0.024447446664930053
126,30.08.2016,2016-08-30,5,2016,True,0.0210029299509356,0.022032343708842408,0.0194364437950971,0.024487255425776826
126,31.08.2016,2016-08-31,5,2016,True,0.020842064704826,0.02184286208066687,0.0194364437950971,0.02445980276138831
126,01.09.2016,2016-09-01,5,2016,True,0.0213687332959664,0.021438431168570218,0.0194364437950971,0.024605036780687834
126,02.09.2016,2016-09-02,5,2016,True,0.0214260638773058,0.021907642111194742,0.0194364437950971,0.024319294483621693
126,06.09.2016,2016-09-06,5,2016,True,0.0214643503446315,0.020803764279984125,0.0194364437950971,0.023876625171911192
126,07.09.2016,2016-09-07,5,2016,True,0.0214252092416808,0.019693768693804358,0.0194364437950971,0.023727580881496003
126,08.09.2016,2016-09-08,5,2016,True,0.0211282475244532,0.019559437614584077,0.0194364437950971,0.02356573519331644
126,09.09.2016,2016-09-09,5,2016,True,0.0208660436457202,0.019679319872683995,0.0194364437950971,0.023710172554166378
126,12.09.2016,2016-09-12,5,2016,True,0.0208601649260109,0.01991798706711948,0.0194364437950971,0.023997725193164787
126,13.09.2016,2016-09-13,5,2016,True,0.0207279475725671,0.020835853660755643,0.0194364437950971,0.02391345437773994
126,14.09.2016,2016-09-14,5,2016,True,0.0205813414400075,0.02220958176862816,0.0194364437950971,0.023957467659805307
126,15.09.2016,2016-09-15,5,2016,True,0.0205729752747098,0.026595069654173523,0.0194364437950971,0.023836621170151867
126,16.09.2016,2016-09-16,5,2016,True,0.0205159320258015,0.020885781389849617,0.0194364437950971,0.023737173935883173
126,19.09.2016,2016-09-19,5,2016,True,0.0205150917293295,0.020721046709268047,0.0194364437950971,0.02378168963983448
126,20.09.2016,2016-09-20,5,2016,True,0.0205170979820305,0.02071443381445676,0.0194364437950971,0.023774099974397712
126,21.09.2016,2016-09-21,5,2016,True,0.0204413146407446,0.021633999596805,0.0194364437950971,0.023770385230561932
126,22.09.2016,2016-09-22,5,2016,True,0.0204090366207583,0.02060683099335496,0.0194364437950971,0.023650603467116105
126,23.09.2016,2016-09-23,5,2016,True,0.0201979510473105,0.02196524395663436,0.0194364437950971,0.02369390055215371
126,26.09.2016,2016-09-26,5,2016,True,0.0200319239470838,0.026712559256716586,0.0194364437950971,0.023941924716398125
126,27.09.2016,2016-09-27,5,2016,True,0.0198467943727104,0.026905177769562454,0.0194364437950971,0.02394501691177027
126,28.09.2016,2016-09-28,5,2016,True,0.0191949476478684,0.02942051589059146,0.0194364437950971,0.024104132505873267
126,29.09.2016,2016-09-29,5,2016,True,0.0192459093055243,0.0303681965573004,0.0194364437950971,0.024611371953238557
126,30.09.2016,2016-09-30,5,2016,True,0.0192433298845381,0.025247803595593712,0.0194364437950971,0.024626198611036317
126,03.10.2016,2016-10-03,5,2016,True,0.019259614746124,0.02308352531115954,0.0194364437950971,0.024173331275189648
126,04.10.2016,2016-10-04,5,2016,True,0.0190152644269929,0.02292034232713307,0.0194364437950971,0.024172399442391853
126,05.10.2016,2016-10-05,5,2016,True,0.0189759075780704,0.022722357374861668,0.0194364437950971,0.023963599273459743
126,06.10.2016,2016-10-06,5,2016,True,0.0189493095012068,0.02206937056273359,0.0194364437950971,0.02398739526578607
126,07.10.2016,2016-10-07,5,2016,True,0.0189313931966491,0.021532250345451195,0.0194364437950971,0.023403594521647315
126,11.10.2016,2016-10-11,5,2016,True,0.0189155549304702,0.02162479324205495,0.0194364437950971,0.023367465307106067
126,12.10.2016,2016-10-12,5,2016,True,0.0189062799956515,0.021891022649446337,0.0194364437950971,0.02308685167666309
126,13.10.2016,2016-10-13,5,2016,True,0.018920423406757,0.02189117641601864,0.0194364437950971,0.02308701384295858
126,14.10.2016,2016-10-14,5,2016,True,0.0192015628759575,0.01950759721924246,0.0194364437950971,0.023074342344838225
126,17.10.2016,2016-10-17,5,2016,True,0.0191867022062218,0.020199517171849618,0.0194364437950971,0.02301681475632344
126,18.10.2016,2016-10-18,5,2016,True,0.019266121201285,0.020718852366006568,0.0194364437950971,0.023027410824738796
126,19.10.2016,2016-10-19,5,2016,True,0.0192006455595507,0.02062602998367314,0.0194364437950971,0.0229242458861619
126,20.10.2016,2016-10-20,5,2016,True,0.0190919893811398,0.020445533747528326,0.0194364437950971,0.022723638202463887
126,21.10.2016,2016-10-21,5,2016,True,0.0190857934745485,0.021144655056865136,0.0194364437950971,0.022691338563580396
126,24.10.2016,2016-10-24,5,2016,True,0.019089093075288,0.021128918984751336,0.0194364437950971,0.02267445143352153
126,25.10.2016,2016-10-25,5,2016,True,0.0190591443341472,0.02037315136235467,0.0194364437950971,0.022643190748598007
126,26.10.2016,2016-10-26,5,2016,True,0.019007329735261,0.02028922313137077,0.0194364437950971,0.022549910975156948
126,27.10.2016,2016-10-27,5,2016,True,0.0190796514827418,0.02018654994116845,0.0194364437950971,0.0224357976213037
126,28.10.2016,2016-10-28,5,2016,True,0.0190394837606953,0.020138059657553564,0.0194364437950971,0.022381904400671455
126,31.10.2016,2016-10-31,5,2016,True,0.0193600896009623,0.020530890241990507,0.0194364437950971,0.022424688769378507
126,01.11.2016,2016-11-01,5,2016,True,0.0194046412918744,0.02144575634286364,0.0194364437950971,0.022573269719615548
126,02.11.2016,2016-11-02,5,2016,True,0.0192079341014132,0.020083774971566385,0.0194364437950971,0.022427732232202666
126,03.11.2016,2016-11-03,5,2016,True,0.0192154742111173,0.02109791634767136,0.0194364437950971,0.022207141992282776
126,04.11.2016,2016-11-04,5,2016,True,0.01933413702553,0.024788320099658336,0.0194364437950971,0.02221726821336949
126,07.11.2016,2016-11-07,5,2016,True,0.019327211711509,0.024833241915088625,0.0194364437950971,0.02225753072482786
126,08.11.2016,2016-11-08,5,2016,True,0.0193252227983991,0.024119482348156578,0.0194364437950971,0.022004549341078494
126,09.11.2016,2016-11-09,5,2016,True,0.019386440516442,0.02376446411211879,0.0194364437950971,0.021680661117479315
126,10.11.2016,2016-11-10,5,2016,True,0.0193593769763964,0.018753894323240462,0.0194364437950971,0.021317310830928755
126,14.11.2016,2016-11-14,5,2016,True,0.0191613738743267,0.023369076236797123,0.0194364437950971,0.021319943093527
126,15.11.2016,2016-11-15,5,2016,True,0.0185453594879901,0.024468243785889087,0.0194364437950971,0.021492566621908606
126,16.11.2016,2016-11-16,5,2016,True,0.0186159770853591,0.024059658781455225,0.0194364437950971,0.021956153641952428
126,17.11.2016,2016-11-17,5,2016,True,0.0186152266469445,0.024059017402569965,0.0194364437950971,0.021955568338001306
126,18.11.2016,2016-11-18,5,2016,True,0.0186088633977701,0.023964370767274614,0.0194364437950971,0.021948593036193915
126,21.11.2016,2016-11-21,5,2016,True,0.0182365997467193,0.02397717886236821,0.0194364437950971,0.021960323770520648
126,22.11.2016,2016-11-22,5,2016,True,0.018732152231377,0.026775223884843893,0.0194364437950971,0.022290360624614453
126,23.11.2016,2016-11-23,5,2016,True,0.0187643155280735,0.026766634600373686,0.0194364437950971,0.022283210049546556
126,25.11.2016,2016-11-25,5,2016,True,0.0184925697483842,0.026936698770185504,0.0194364437950971,0.022280490739363196
126,28.11.2016,2016-11-28,5,2016,True,0.0186032468926001,0.028445762474934237,0.0194364437950971,0.022408591418347855
126,29.11.2016,2016-11-29,5,2016,True,0.0182592812027521,0.02854635954077805,0.0194364437950971,0.022487838320179542
126,30.11.2016,2016-11-30,5,2016,True,0.0166475714002091,0.029341558695444976,0.0194364437950971,0.02275173823777085
126,01.12.2016,2016-12-01,5,2016,True,0.0166694066813486,0.024907438536924533,0.0194364437950971,0.02396989166222158
126,02.12.2016,2016-12-02,5,2016,True,0.015240192582656,0.02290551410910383,0.0194364437950971,0.023969895494822615
126,05.12.2016,2016-12-05,5,2016,True,0.0156537712459361,0.022671089290000133,0.0194364437950971,0.024906241682173827
126,06.12.2016,2016-12-06,5,2016,True,0.0155774419177731,0.02278816073050207,0.0194364437950971,0.024904278712513474
126,07.12.2016,2016-12-07,5,2016,True,0.015519292755166,0.022797374134143542,0.0194364437950971,0.024914347676608103
126,08.12.2016,2016-12-08,5,2016,True,0.0154440193853193,0.022917949597346658,0.0194364437950971,0.024918222778454156
126,09.12.2016,2016-12-09,5,2016,True,0.0154475775100937,0.023030523772120427,0.0194364437950971,0.024894970900720584
126,12.12.2016,2016-12-12,5,2016,True,0.0155884196574488,0.02318127682088561,0.0194364437950971,0.024885421987176814
126,13.12.2016,2016-12-13,5,2016,True,0.0155875303185997,0.023319292317201142,0.0194364437950971,0.024852498570264173
126,14.12.2016,2016-12-14,5,2016,True,0.0153523490911855,0.023316169806219818,0.0194364437950971,0.024849170759169245
126,15.12.2016,2016-12-15,5,2016,True,0.0153691650284178,0.02347086991407634,0.0194364437950971,0.025014042152221253
126,16.12.2016,2016-12-16,5,2016,True,0.0153136525907615,0.023421954216574982,0.0194364437950971,0.02496191032567696
126,19.12.2016,2016-12-19,5,2016,True,0.0154710494360852,0.02326880847353089,0.0194364437950971,0.02479869549444309
126,20.12.2016,2016-12-20,5,2016,True,0.0154766360870263,0.022864414936418807,0.0194364437950971,0.024545266362120646
126,21.12.2016,2016-12-21,5,2016,True,0.0154397098502526,0.022745080767643974,0.0194364437950971,0.024417159477827924
126,22.12.2016,2016-12-22,5,2016,True,0.0154167545058207,0.022788146760797538,0.0194364437950971,0.024463391418423956
126,23.12.2016,2016-12-23,5,2016,True,0.0155084171269929,0.022767495459329896,0.0194364437950971,0.02444122196004694
126,27.12.2016,2016-12-27,5,2016,True,0.0154853585440453,0.022147326751688266,0.0194364437950971,0.024377704722108987
126,28.12.2016,2016-12-28,5,2016,True,0.0154853723503503,0.022792058832734094,0.0194364437950971,0.02398451430287187
126,29.12.2016,2016-12-29,5,2016,True,0.0155212489268484,0.022036438019510333,0.0194364437950971,0.023858771316713816
126,30.12.2016,2016-12-30,5,2016,True,0.0158733199676313,0.021346002600431752,0.0194364437950971,0.023724440073358492
126,03.01.2017,2017-01-03,6,2017,True,0.0161991940046424,0.022484605020635887,0.02059782358443063,0.023454003237913367
126,04.01.2017,2017-01-04,6,2017,True,0.0161260814648273,0.02244934747235832,0.02059782358443063,0.023417225600471926
126,05.01.2017,2017-01-05,6,2017,True,0.0163010786126295,0.022494434171479626,0.02059782358443063,0.023464256161436083
126,06.01.2017,2017-01-06,6,2017,True,0.0163009463075051,0.022243178826970498,0.02059782358443063,0.023202168228014446
126,09.01.2017,2017-01-09,6,2017,True,0.016013370674951,0.02220144000610684,0.02059782358443063,0.023158629885277962
126,10.01.2017,2017-01-10,6,2017,True,0.0158897982800888,0.02202073032851812,0.02059782358443063,0.02297012911511108
126,11.01.2017,2017-01-11,6,2017,True,0.0157517688334053,0.022119120774994047,0.02059782358443063,0.023072761553977948
126,12.01.2017,2017-01-12,6,2017,True,0.0157059418875373,0.022203247897131923,0.02059782358443063,0.023160515721471982
126,13.01.2017,2017-01-13,6,2017,True,0.0157060355438066,0.021894405448064515,0.02059782358443063,0.0228383578808613
126,17.01.2017,2017-01-17,6,2017,True,0.0157293796207617,0.021526701799136322,0.02059782358443063,0.022454801106586667
126,18.01.2017,2017-01-18,6,2017,True,0.0156215336700907,0.021441270741785243,0.02059782358443063,0.02236568678619315
126,19.01.2017,2017-01-19,6,2017,True,0.0156287357874299,0.021586938335668656,0.02059782358443063,0.02251763467300126
126,20.01.2017,2017-01-20,6,2017,True,0.0156201606076572,0.021551521150199607,0.02059782358443063,0.022480690515792073
126,23.01.2017,2017-01-23,6,2017,True,0.01565520318902,0.021631641633073375,0.02059782358443063,0.022564265302319118
126,24.01.2017,2017-01-24,6,2017,True,0.0159303585346849,0.021622256417397758,0.02059782358443063,0.02255447545372527
126,25.01.2017,2017-01-25,6,2017,True,0.0159854489756784,0.021539869199087385,0.02059782358443063,0.02246853620403684
126,26.01.2017,2017-01-26,6,2017,True,0.0158987834810405,0.021523783417314053,0.02059782358443063,0.022451756902045553
126,27.01.2017,2017-01-27,6,2017,True,0.0159649600047278,0.02149544758195413,0.02059782358443063,0.022422199399315543
126,30.01.2017,2017-01-30,6,2017,True,0.0159612040807409,0.021531635779991554,0.02059782358443063,0.02245994781042461
126,31.01.2017,2017-01-31,6,2017,True,0.0159413918233877,0.02134776127155791,0.02059782358443063,0.022268145761324156
126,01.02.2017,2017-02-01,6,2017,True,0.0159468610937605,0.02128684403165206,0.02059782358443063,0.022204602143782937
126,02.02.2017,2017-02-02,6,2017,True,0.0158869292740427,0.021277828323205048,0.02059782358443063,0.022195197733302335
126,03.02.2017,2017-02-03,6,2017,True,0.0158986813828355,0.021309801208926234,0.02059782358443063,0.02222854909369056
126,06.02.2017,2017-02-06,6,2017,True,0.015809470161925,0.021255882674017734,0.02059782358443063,0.022172305922366586
126,07.02.2017,2017-02-07,6,2017,True,0.0157791129180066,0.021197170844679952,0.02059782358443063,0.022111062799166144
126,08.02.2017,2017-02-08,6,2017,True,0.0158094843965158,0.021119438160377996,0.02059782358443063,0.022029978758435317
126,09.02.2017,2017-02-09,6,2017,True,0.0158415671221456,0.02111864461528906,0.02059782358443063,0.022029151000550834
126,10.02.2017,2017-02-10,6,2017,True,0.0157486887833009,0.02103378936134852,0.02059782358443063,0.02194063730867816
126,13.02.2017,2017-02-13,6,2017,True,0.0158271258420905,0.02106584151401988,0.02059782358443063,0.021974071353521116
126,14.02.2017,2017-02-14,6,2017,True,0.015813818044315,0.02141314524270769,0.02059782358443063,0.021965014192386827
126,15.02.2017,2017-02-15,6,2017,True,0.0158350681151763,0.021094953989063154,0.02059782358443063,0.021638622374511512
126,16.02.2017,2017-02-16,6,2017,True,0.0158974105059599,0.02103815267976775,0.02059782358443063,0.02158035715701645
126,17.02.2017,2017-02-17,6,2017,True,0.0161686409888709,0.02090052775301595,0.02059782358443063,0.021439185300427144
126,21.02.2017,2017-02-21,6,2017,True,0.0162037516158127,0.02084861367717846,0.02059782358443063,0.02138593327230935
126,22.02.2017,2017-02-22,6,2017,True,0.01616136252979,0.020513952874672142,0.02059782358443063,0.021398388662081807
126,23.02.2017,2017-02-23,6,2017,True,0.016163009505164,0.02048668334877931,0.02059782358443063,0.021369943441540914
126,24.02.2017,2017-02-24,6,2017,True,0.0161613268659172,0.020513972404886505,0.02059782358443063,0.02139840903431919
126,27.02.2017,2017-02-27,6,2017,True,0.0161756728582897,0.020312707488219527,0.02059782358443063,0.02118846680927884
126,28.02.2017,2017-02-28,6,2017,True,0.0161900413575835,0.019939715444358797,0.02059782358443063,0.02114571529381647
126,01.03.2017,2017-03-01,6,2017,True,0.0161916572857308,0.019881847841140457,0.02059782358443063,0.021084347724865695
126,02.03.2017,2017-03-02,6,2017,True,0.0162872802600928,0.019857796469080816,0.02059782358443063,0.0210588416705081
126,03.03.2017,2017-03-03,6,2017,True,0.0164499483603814,0.019873417198606688,0.02059782358443063,0.021075407177681835
126,06.03.2017,2017-03-06,6,2017,True,0.0164485281612154,0.01987182923404502,0.02059782358443063,0.021073723169371315
126,07.03.2017,2017-03-07,6,2017,True,0.0165502114349988,0.01980507355274584,0.02059782358443063,0.021002929950935667
126,08.03.2017,2017-03-08,6,2017,True,0.0159566560581563,0.019653382905835008,0.02059782358443063,0.020842064704826108
126,09.03.2017,2017-03-09,6,2017,True,0.0158842050838902,0.023813314461265136,0.02059782358443063,0.02136873329596644
126,10.03.2017,2017-03-10,6,2017,True,0.0158638702767263,0.024757917588183992,0.02059782358443063,0.021426063877305918
126,13.03.2017,2017-03-13,6,2017,True,0.0158638649536232,0.024802157781260065,0.02059782358443063,0.021464350344631615
126,14.03.2017,2017-03-14,6,2017,True,0.0158583525236221,0.024756930052699452,0.02059782358443063,0.02142520924168087
126,15.03.2017,2017-03-15,6,2017,True,0.0158496280194657,0.02441378939167708,0.02059782358443063,0.02112824752445328
126,16.03.2017,2017-03-16,6,2017,True,0.0158552493890635,0.020386705416096603,0.02059782358443063,0.020866043645720242
126,17.03.2017,2017-03-17,6,2017,True,0.0158563956799618,0.020380961743315544,0.02059782358443063,0.02086016492601099
126,20.03.2017,2017-03-20,6,2017,True,0.0158560931635773,0.01954577419584573,0.02059782358443063,0.020727947572567237
126,21.03.2017,2017-03-21,6,2017,True,0.0158217843448005,0.020108543436867434,0.02059782358443063,0.02058134144000764
126,22.03.2017,2017-03-22,6,2017,True,0.0159092494443135,0.020617316289687184,0.02059782358443063,0.020572975274709877
126,23.03.2017,2017-03-23,6,2017,True,0.0159084234026467,0.020044636618617682,0.02059782358443063,0.020515932025801577
126,24.03.2017,2017-03-24,6,2017,True,0.0159160042416849,0.020043815625576167,0.02059782358443063,0.020515091729329565
126,27.03.2017,2017-03-27,6,2017,True,0.0162416663533556,0.02103929707891903,0.02059782358443063,0.020517097982030556
126,28.03.2017,2017-03-28,6,2017,True,0.0162455352750616,0.020485371887036884,0.02059782358443063,0.02044131464074469
126,29.03.2017,2017-03-29,6,2017,True,0.0161714358049812,0.019940196832621278,0.02059782358443063,0.020409036620758346
126,30.03.2017,2017-03-30,6,2017,True,0.0161699501060156,0.019733960352120612,0.02059782358443063,0.02019795104731062
126,31.03.2017,2017-03-31,6,2017,True,0.016168182570549,0.019571747254090194,0.02059782358443063,0.020031923947083936
126,03.04.2017,2017-04-03,6,2017,True,0.0163229004648334,0.01939087050713043,0.02059782358443063,0.01984679437271051
126,04.04.2017,2017-04-04,6,2017,True,0.0162336144099124,0.01810020558537388,0.02059782358443063,0.019194947647868534
126,05.04.2017,2017-04-05,6,2017,True,0.0162345696477483,0.018803789071778078,0.02059782358443063,0.01924590930552442
126,06.04.2017,2017-04-06,6,2017,True,0.0163212445419337,0.018801268905680353,0.02059782358443063,0.019243329884538227
126,07.04.2017,2017-04-07,6,2017,True,0.0164606341220783,0.01816118453642434,0.02059782358443063,0.01925961474612411
126,10.04.2017,2017-04-10,6,2017,True,0.0164198842914472,0.018578442605807457,0.02059782358443063,0.019015264426992983
126,11.04.2017,2017-04-11,6,2017,True,0.0164667783462373,0.017893657989229775,0.02059782358443063,0.01897590757807049
126,12.04.2017,2017-04-12,6,2017,True,0.0164637779333342,0.018514002807560524,0.02059782358443063,0.018949309501206872
126,13.04.2017,2017-04-13,6,2017,True,0.0165004092469134,0.017851682388670114,0.02059782358443063,0.018931393196649233
126,17.04.2017,2017-04-17,6,2017,True,0.0165402437586686,0.017836747423531692,0.02059782358443063,0.01891555493047029
126,18.04.2017,2017-04-18,6,2017,True,0.0165503662382586,0.017828001464434074,0.02059782358443063,0.018906279995651604
126,19.04.2017,2017-04-19,6,2017,True,0.0162176001983793,0.018485780289283042,0.02059782358443063,0.01892042340675705
126,20.04.2017,2017-04-20,6,2017,True,0.0162213687506367,0.01969027910675466,0.02059782358443063,0.019201562875957583
126,21.04.2017,2017-04-21,6,2017,True,0.0161876720702678,0.018745942087820964,0.02059782358443063,0.01918670220622188
126,24.04.2017,2017-04-24,6,2017,True,0.0161893805913828,0.019756480564030603,0.02059782358443063,0.019266121201285128
126,25.04.2017,2017-04-25,6,2017,True,0.0161838284782708,0.020022203333138554,0.02059782358443063,0.01920064555955077
126,26.04.2017,2017-04-26,6,2017,True,0.0162353778172601,0.019456597644018303,0.02059782358443063,0.019091989381139887
126,27.04.2017,2017-04-27,6,2017,True,0.0162184517667504,0.019450283411426864,0.02059782358443063,0.01908579347454864
126,28.04.2017,2017-04-28,6,2017,True,0.0162585956303345,0.019905877737975804,0.02059782358443063,0.019089093075288107
126,01.05.2017,2017-05-01,6,2017,True,0.016330205154251,0.018936122021185654,0.02059782358443063,0.019059144334147342
126,02.05.2017,2017-05-02,6,2017,True,0.016218865562128,0.019491102363861295,0.02059782358443063,0.019007329735261095
126,03.05.2017,2017-05-03,6,2017,True,0.0162220986874094,0.02204662702986355,0.02059782358443063,0.019079651482741867
126,04.05.2017,2017-05-04,6,2017,True,0.0155879917547742,0.022000213038109145,0.02059782358443063,0.019039483760695437
126,05.05.2017,2017-05-05,6,2017,True,0.0155864667804664,0.022370674594514212,0.02059782358443063,0.019360089600962447
126,08.05.2017,2017-05-08,6,2017,True,0.0157064718066481,0.0224221542829129,0.02059782358443063,0.01940464129187447
126,09.05.2017,2017-05-09,6,2017,True,0.0159260995338104,0.022194858199118477,0.02059782358443063,0.0192079341014133
126,10.05.2017,2017-05-10,6,2017,True,0.0157582002396269,0.022203570831346633,0.02059782358443063,0.0192154742111174
126,11.05.2017,2017-05-11,6,2017,True,0.0157436310667102,0.022340686271533676,0.02059782358443063,0.01933413702553014
126,12.05.2017,2017-05-12,6,2017,True,0.0157502193575305,0.02233268403860896,0.02059782358443063,0.019327211711509064
126,15.05.2017,2017-05-15,6,2017,True,0.0156903022263632,0.022330385840155655,0.02059782358443063,0.01932522279839923
126,16.05.2017,2017-05-16,6,2017,True,0.0156977467410159,0.022401123201293012,0.02059782358443063,0.019386440516442064
126,17.05.2017,2017-05-17,6,2017,True,0.0157463129982326,0.022369851153476356,0.02059782358443063,0.01935937697639645
126,18.05.2017,2017-05-18,6,2017,True,0.0157532694530893,0.022141057637722998,0.02059782358443063,0.01916137387432681
126,19.05.2017,2017-05-19,6,2017,True,0.0156788352864348,0.021429250116874018,0.02059782358443063,0.018545359487990222
126,22.05.2017,2017-05-22,6,2017,True,0.0157851778846064,0.018188327759482283,0.02059782358443063,0.018615977085359187
126,23.05.2017,2017-05-23,6,2017,True,0.0158023103350003,0.018187594560263927,0.02059782358443063,0.018615226646944594
126,24.05.2017,2017-05-24,6,2017,True,0.0158018875622546,0.019082494301563127,0.02059782358443063,0.01860886339777023
126,25.05.2017,2017-05-25,6,2017,True,0.015214890709524,0.01827590516228066,0.02059782358443063,0.01823659974671938
126,26.05.2017,2017-05-26,6,2017,True,0.0151913201475658,0.022203440972118543,0.02059782358443063,0.018732152231377103
126,30.05.2017,2017-05-30,6,2017,True,0.0151771301980762,0.018470821119049866,0.02059782358443063,0.018764315528073623
126,31.05.2017,2017-05-31,6,2017,True,0.0149173994837909,0.01851106538677737,0.02059782358443063,0.018492569748384334
126,01.06.2017,2017-06-01,6,2017,True,0.0149421644241587,0.019727446465911774,0.02059782358443063,0.018603246892600178
126,02.06.2017,2017-06-02,6,2017,True,0.0149261609111743,0.018277543513887797,0.02059782358443063,0.018259281202752137
126,05.06.2017,2017-06-05,6,2017,True,0.0148927993648417,0.019184871922811965,0.02059782358443063,0.016647571400209227
126,06.06.2017,2017-06-06,6,2017,True,0.0149497811813485,0.0202615028144894,0.02059782358443063,0.016669406681348663
126,07.06.2017,2017-06-07,6,2017,True,0.0144306055856096,0.018028200807165946,0.02059782358443063,0.015240192582656154
126,08.06.2017,2017-06-08,6,2017,True,0.0146431472026343,0.0213507431810689,0.02059782358443063,0.01565377124593619
126,09.06.2017,2017-06-09,6,2017,True,0.0146912795656568,0.020881694548464055,0.02059782358443063,0.015577441917773235
126,12.06.2017,2017-06-12,6,2017,True,0.0147696953299118,0.019890065784148484,0.02059782358443063,0.015519292755166083
126,13.06.2017,2017-06-13,6,2017,True,0.0148446315136786,0.02097990505138068,0.02059782358443063,0.015444019385319422
126,14.06.2017,2017-06-14,6,2017,True,0.0145958176096481,0.01827352428952667,0.02059782358443063,0.015447577510093792
126,15.06.2017,2017-06-15,6,2017,True,0.0146669929434738,0.01774733362896737,0.02059782358443063,0.015588419657448891
126,16.06.2017,2017-06-16,6,2017,True,0.0146889973771711,0.017746321121374475,0.02059782358443063,0.01558753031859978
126,19.06.2017,2017-06-19,6,2017,True,0.0146526525004083,0.016666373196732157,0.02059782358443063,0.015352349091185637
126,20.06.2017,2017-06-20,6,2017,True,0.0145246329932366,0.016876542187673742,0.02059782358443063,0.015369165028417939
126,21.06.2017,2017-06-21,6,2017,True,0.0142929555411646,0.01781393998079303,0.02059782358443063,0.015313652590761612
126,22.06.2017,2017-06-22,6,2017,True,0.0143054438665991,0.019818735514907006,0.02059782358443063,0.015471049436085271
126,23.06.2017,2017-06-23,6,2017,True,0.0143020900172622,0.017765776088743326,0.02059782358443063,0.015476636087026428
126,26.06.2017,2017-06-26,6,2017,True,0.0143004330450214,0.017390031980765025,0.02059782358443063,0.015439709850252753
126,27.06.2017,2017-06-27,6,2017,True,0.0143981600493227,0.017214993720721373,0.02059782358443063,0.015416754505820772
126,28.06.2017,2017-06-28,6,2017,True,0.0143995091272998,0.01752814221942172,0.02059782358443063,0.015508417126992958
126,29.06.2017,2017-06-29,6,2017,True,0.0144000964171245,0.017063242453241017,0.02059782358443063,0.015485358544045391
126,30.06.2017,2017-06-30,6,2017,True,0.0143886010120954,0.017063257666342434,0.02059782358443063,0.015485372350350418
126,03.07.2017,2017-07-03,6,2017,True,0.0140736355897646,0.016506564016345166,0.02059782358443063,0.015521248926848533
126,05.07.2017,2017-07-05,6,2017,True,0.0136577636858671,0.01575648789512291,0.02059782358443063,0.01587331996763142
126,06.07.2017,2017-07-06,6,2017,True,0.0136534056841569,0.017332354410319165,0.02059782358443063,0.016199194004642536
126,07.07.2017,2017-07-07,6,2017,True,0.0133696659582127,0.016957758245772104,0.02059782358443063,0.01612608146482742
126,10.07.2017,2017-07-10,6,2017,True,0.0133696150027462,0.017141780590729332,0.02059782358443063,0.01630107861262959
126,11.07.2017,2017-07-11,6,2017,True,0.0133810470777991,0.017141641462180418,0.02059782358443063,0.016300946307505212
126,12.07.2017,2017-07-12,6,2017,True,0.0133821718112139,0.018623486901334238,0.02059782358443063,0.0160133706749511
126,13.07.2017,2017-07-13,6,2017,True,0.013345521637328,0.015888125691277868,0.02059782358443063,0.015889798280088945
126,14.07.2017,2017-07-14,6,2017,True,0.0133403900275066,0.016227569967653028,0.02059782358443063,0.015751768833405375
126,17.07.2017,2017-07-17,6,2017,True,0.0133426532356316,0.017018590482378845,0.02059782358443063,0.015705941887537423
126,18.07.2017,2017-07-18,6,2017,True,0.0133325404591674,0.01701869196611693,0.02059782358443063,0.015706035543806698
126,19.07.2017,2017-07-19,6,2017,True,0.0132713509136385,0.01563959196130145,0.02059782358443063,0.0157293796207618
126,20.07.2017,2017-07-20,6,2017,True,0.0132860008097283,0.016337025524574028,0.02059782358443063,0.015621533670090792
126,21.07.2017,2017-07-21,6,2017,True,0.0130474471403679,0.0163445575106957,0.02059782358443063,0.015628735787430043
126,24.07.2017,2017-07-24,6,2017,True,0.0130601676602247,0.0163355895736299,0.02059782358443063,0.01562016060765733
126,25.07.2017,2017-07-25,6,2017,True,0.0127979173019443,0.016372237162673393,0.02059782358443063,0.0156552031890201
126,26.07.2017,2017-07-26,6,2017,True,0.0127537923629165,0.0152618390157605,0.02059782358443063,0.015930358534685052
126,27.07.2017,2017-07-27,6,2017,True,0.0127359583327194,0.015314617579401703,0.02059782358443063,0.01598544897567855
126,28.07.2017,2017-07-28,6,2017,True,0.0127365474826215,0.015231589013252014,0.02059782358443063,0.01589878348104062
126,31.07.2017,2017-07-31,6,2017,True,0.012759397161585,0.015294988430718965,0.02059782358443063,0.01596496000472795
126,01.08.2017,2017-08-01,6,2017,True,0.0127583120182976,0.015711553399266612,0.02059782358443063,0.015961204080741035
126,02.08.2017,2017-08-02,6,2017,True,0.0127424524940169,0.015692051027278244,0.02059782358443063,0.01594139182338783
126,03.08.2017,2017-08-03,6,2017,True,0.0127456651891952,0.015580527144952614,0.02059782358443063,0.01594686109376064
126,04.08.2017,2017-08-04,6,2017,True,0.0128175199546294,0.014980852839804425,0.02059782358443063,0.01588692927404276
126,07.08.2017,2017-08-07,6,2017,True,0.0128697855783766,0.014991934692649951,0.02059782358443063,0.015898681382835556
126,08.08.2017,2017-08-08,6,2017,True,0.0130109559943117,0.014907811439561505,0.02059782358443063,0.015809470161925118
126,09.08.2017,2017-08-09,6,2017,True,0.0130340770272929,0.015442290518444153,0.02059782358443063,0.015779112918006745
126,10.08.2017,2017-08-10,6,2017,True,0.0132834125435087,0.014907824862313387,0.02059782358443063,0.015809484396515906
126,11.08.2017,2017-08-11,6,2017,True,0.0132883100518147,0.014938077819512936,0.02059782358443063,0.015841567122145708
126,14.08.2017,2017-08-14,6,2017,True,0.0130465122400952,0.01541251582012365,0.02059782358443063,0.015748688783300973
126,15.08.2017,2017-08-15,6,2017,True,0.0132223355561967,0.01517677207703314,0.02059782358443063,0.015827125842090596
126,16.08.2017,2017-08-16,6,2017,True,0.0131774227344863,0.01571174355248805,0.02059782358443063,0.01581381804431512
126,17.08.2017,2017-08-17,6,2017,True,0.0131362656992426,0.015184387993504573,0.02059782358443063,0.015835068115176362
126,18.08.2017,2017-08-18,6,2017,True,0.0128507746140642,0.015794796444370623,0.02059782358443063,0.01589741050595998
126,21.08.2017,2017-08-21,6,2017,True,0.0126981291179042,0.015504253996065935,0.02059782358443063,0.016168640988871046
126,22.08.2017,2017-08-22,6,2017,True,0.012748213960772,0.015537921889269883,0.02059782358443063,0.016203751615812813
126,23.08.2017,2017-08-23,6,2017,True,0.0127508199326214,0.015497274616761961,0.02059782358443063,0.01616136252979009
126,24.08.2017,2017-08-24,6,2017,True,0.0127046610171793,0.015498853916131773,0.02059782358443063,0.016163009505164132
126,25.08.2017,2017-08-25,6,2017,True,0.0127667598701595,0.015497240418356392,0.02059782358443063,0.01616132686591731
126,28.08.2017,2017-08-28,6,2017,True,0.012790635919766,0.015510996918344346,0.02059782358443063,0.016175672858289795
126,29.08.2017,2017-08-29,6,2017,True,0.0127933095172791,0.01608553843238216,0.02059782358443063,0.016190041357583625
126,30.08.2017,2017-08-30,6,2017,True,0.012770558202055,0.01608714393009171,0.02059782358443063,0.01619165728573091
126,31.08.2017,2017-08-31,6,2017,True,0.0126126574927122,0.016182149680549443,0.02059782358443063,0.016287280260092928
126,01.09.2017,2017-09-01,6,2017,True,0.0126111870678085,0.01634376779634804,0.02059782358443063,0.016449948360381477
126,05.09.2017,2017-09-05,6,2017,True,0.012685230170075,0.016342356764235046,0.02059782358443063,0.016448528161215482
126,06.09.2017,2017-09-06,6,2017,True,0.0126761380616324,0.01642839725205871,0.02059782358443063,0.016550211434998886
126,07.09.2017,2017-09-07,6,2017,True,0.0129121659167716,0.015839210608724178,0.02059782358443063,0.0159566560581564
126,08.09.2017,2017-09-08,6,2017,True,0.012875632273697,0.015767292893883088,0.02059782358443063,0.01588420508389031
126,11.09.2017,2017-09-11,6,2017,True,0.0128877553199647,0.015747107756584677,0.02059782358443063,0.01586387027672637
126,12.09.2017,2017-09-12,6,2017,True,0.0128763811623268,0.01519813584627213,0.02059782358443063,0.01586386495362332
126,13.09.2017,2017-09-13,6,2017,True,0.0128087135851531,0.014953905902148595,0.02059782358443063,0.015858352523622204
126,14.09.2017,2017-09-14,6,2017,True,0.0128754356200906,0.014945678981098444,0.02059782358443063,0.01584962801946583
126,15.09.2017,2017-09-15,6,2017,True,0.0128793918673561,0.014950979748115757,0.02059782358443063,0.015855249389063592
126,18.09.2017,2017-09-18,6,2017,True,0.0129870262654634,0.014952060662807534,0.02059782358443063,0.015856395679961926
126,19.09.2017,2017-09-19,6,2017,True,0.0132121866034794,0.014951775399786621,0.02059782358443063,0.01585609316357743
126,20.09.2017,2017-09-20,6,2017,True,0.0131327034192957,0.014919423309817737,0.02059782358443063,0.015821784344800607
126,21.09.2017,2017-09-21,6,2017,True,0.0132588879257559,0.015001900027742345,0.02059782358443063,0.015909249444313628
126,22.09.2017,2017-09-22,6,2017,True,0.0132608473159328,0.015001121097564128,0.02059782358443063,0.015908423402646768
126,25.09.2017,2017-09-25,6,2017,True,0.0128699881007641,0.01500826957994703,0.02059782358443063,0.015916004241684996
126,26.09.2017,2017-09-26,6,2017,True,0.0128597804972496,0.015315358261861754,0.02059782358443063,0.016241666353355663
126,27.09.2017,2017-09-27,6,2017,True,0.0128498119888629,0.015872340133220135,0.02059782358443063,0.01624553527506168
126,28.09.2017,2017-09-28,6,2017,True,0.0132986286086856,0.015249133159961585,0.02059782358443063,0.016171435804981357
126,29.09.2017,2017-09-29,6,2017,True,0.0133083061578778,0.015247732194602896,0.02059782358443063,0.01616995010601569
126,02.10.2017,2017-10-02,6,2017,True,0.0130993818556309,0.015246065466674756,0.02059782358443063,0.016168182570549146
126,03.10.2017,2017-10-03,6,2017,True,0.013097954413495,0.015947928076968293,0.02059782358443063,0.01632290046483354
126,04.10.2017,2017-10-04,6,2017,True,0.0132061417233883,0.015860693116170416,0.02059782358443063,0.016233614409912472
126,05.10.2017,2017-10-05,6,2017,True,0.013223659039338,0.015308666301413296,0.02059782358443063,0.016234569647748432
126,06.10.2017,2017-10-06,6,2017,True,0.0133350311890665,0.015390397881651257,0.02059782358443063,0.016321244541933774
126,09.10.2017,2017-10-09,6,2017,True,0.0133797716652039,0.016082497693701046,0.02059782358443063,0.016460634122078443
126,10.10.2017,2017-10-10,6,2017,True,0.013333986729537,0.016042683974965548,0.02059782358443063,0.016419884291447282
126,11.10.2017,2017-10-11,6,2017,True,0.0133396231669872,0.015527631482171652,0.02059782358443063,0.016466778346237415
126,12.10.2017,2017-10-12,6,2017,True,0.0133773258021798,0.015524802191288229,0.02059782358443063,0.016463777933334273
126,13.10.2017,2017-10-13,6,2017,True,0.0133153666608608,0.015559344317623281,0.02059782358443063,0.01650040924691356
126,16.10.2017,2017-10-16,6,2017,True,0.013465801741681,0.015596906954697785,0.02059782358443063,0.016540243758668697
126,17.10.2017,2017-10-17,6,2017,True,0.0134669592316898,0.015606452120695318,0.02059782358443063,0.016550366238258705
126,18.10.2017,2017-10-18,6,2017,True,0.0134657768012531,0.015292664667656108,0.02059782358443063,0.016217600198379426
126,19.10.2017,2017-10-19,6,2017,True,0.0133830701469842,0.015296218288737467,0.02059782358443063,0.016221368750636764
126,20.10.2017,2017-10-20,6,2017,True,0.013422603090221,0.01526444342519477,0.02059782358443063,0.016187672070267948
126,23.10.2017,2017-10-23,6,2017,True,0.0134006070050388,0.01526605450452647,0.02059782358443063,0.016189380591382953
126,24.10.2017,2017-10-24,6,2017,True,0.0133557905184558,0.01526081904410194,0.02059782358443063,0.016183828478270903
126,25.10.2017,2017-10-25,6,2017,True,0.0133590373168516,0.015309428378735893,0.02059782358443063,0.016235377817260203
126,26.10.2017,2017-10-26,6,2017,True,0.0133186908381465,0.015293467668678543,0.02059782358443063,0.016218451766750522
126,27.10.2017,2017-10-27,6,2017,True,0.0132301621279724,0.015331322014373748,0.02059782358443063,0.016258595630334643
126,30.10.2017,2017-10-30,6,2017,True,0.013421995085197,0.01539884744494728,0.02059782358443063,0.016330205154251105
126,31.10.2017,2017-10-31,6,2017,True,0.0134117209506907,0.015293857864137362,0.02059782358443063,0.0162188655621281
126,01.11.2017,2017-11-01,6,2017,True,0.0134791787648789,0.015296906595155002,0.02059782358443063,0.01622209868740947
126,02.11.2017,2017-11-02,6,2017,True,0.0135027779220591,0.01604555386159075,0.02059782358443063,0.015587991754774355
126,03.11.2017,2017-11-03,6,2017,True,0.0134679169584769,0.016043984123950465,0.02059782358443063,0.015586466780466518
126,06.11.2017,2017-11-06,6,2017,True,0.0133969434846391,0.016167511717597706,0.02059782358443063,0.015706471806648234
126,07.11.2017,2017-11-07,6,2017,True,0.0133645720039854,0.015560242523015251,0.02059782358443063,0.01592609953381051
126,08.11.2017,2017-11-08,6,2017,True,0.0133690297416507,0.01873786781559321,0.02059782358443063,0.01575820023962704
126,09.11.2017,2017-11-09,6,2017,True,0.0134088522536363,0.01596409724434152,0.02059782358443063,0.015743631066710326
126,10.11.2017,2017-11-10,6,2017,True,0.0133896530194719,0.01676233042474641,0.02059782358443063,0.015750219357530616
126,13.11.2017,2017-11-13,6,2017,True,0.0133976092432581,0.020968462414760202,0.02059782358443063,0.015690302226363285
126,14.11.2017,2017-11-14,6,2017,True,0.01331161599077,0.020978411236869533,0.02059782358443063,0.015697746741016008
126,15.11.2017,2017-11-15,6,2017,True,0.0133378845098557,0.020006849845270548,0.02059782358443063,0.01574631299823268
126,16.11.2017,2017-11-16,6,2017,True,0.013321330498796,0.02001568853327257,0.02059782358443063,0.015753269453089386
126,17.11.2017,2017-11-17,6,2017,True,0.0132029287786025,0.017550804494592627,0.02059782358443063,0.01567883528643493
126,20.11.2017,2017-11-20,6,2017,True,0.0131732639372481,0.01600622586373547,0.02059782358443063,0.015785177884606545
126,21.11.2017,2017-11-21,6,2017,True,0.0132340273812436,0.014840938107351955,0.02059782358443063,0.015802310335000406
126,22.11.2017,2017-11-22,6,2017,True,0.0135078011182203,0.014840541055021049,0.02059782358443063,0.01580188756225472
126,24.11.2017,2017-11-24,6,2017,True,0.0135615789362048,0.015807062194097207,0.02059782358443063,0.015214890709524103
126,27.11.2017,2017-11-27,6,2017,True,0.0137612971329311,0.015782574253569975,0.02059782358443063,0.0151913201475659
126,28.11.2017,2017-11-28,6,2017,True,0.0137535803841266,0.019235886011585632,0.02059782358443063,0.015177130198076337
126,29.11.2017,2017-11-29,6,2017,True,0.0137280638104922,0.016921931796937326,0.02059782358443063,0.014917399483791047
126,30.11.2017,2017-11-30,6,2017,True,0.0140061703608104,0.01695002453738546,0.02059782358443063,0.014942164424158855
126,01.12.2017,2017-12-01,6,2017,True,0.0140042291329384,0.016132311212398814,0.02059782358443063,0.014926160911174432
126,04.12.2017,2017-12-04,6,2017,True,0.013912789634026,0.015398269220908688,0.02059782358443063,0.014892799364841797
126,05.12.2017,2017-12-05,6,2017,True,0.0140718669543016,0.0154571850318166,0.02059782358443063,0.01494978118134862
126,06.12.2017,2017-12-06,6,2017,True,0.0138928611043695,0.014920388328908856,0.02059782358443063,0.014430605585609697
126,07.12.2017,2017-12-07,6,2017,True,0.0138356857187802,0.015140143726092256,0.02059782358443063,0.014643147202634389
126,08.12.2017,2017-12-08,6,2017,True,0.0137704021446198,0.015189909728164952,0.02059782358443063,0.01469127956565689
126,11.12.2017,2017-12-11,6,2017,True,0.0136964110107105,0.015270986966874903,0.02059782358443063,0.014769695329911948
126,12.12.2017,2017-12-12,6,2017,True,0.0135895091417311,0.015348466526208275,0.02059782358443063,0.01484463151367872
126,13.12.2017,2017-12-13,6,2017,True,0.0138715180902314,0.01509120774051534,0.02059782358443063,0.014595817609648173
126,14.12.2017,2017-12-14,6,2017,True,0.0139948805659861,0.01516479880457844,0.02059782358443063,0.014666992943473924
126,15.12.2017,2017-12-15,6,2017,True,0.0139995579392743,0.015187550080938474,0.02059782358443063,0.014688997377171184
126,18.12.2017,2017-12-18,6,2017,True,0.0140087592402666,0.015149971638935505,0.02059782358443063,0.014652652500408436
126,19.12.2017,2017-12-19,6,2017,True,0.0141662041983333,0.014351112743186487,0.02059782358443063,0.01452463299323676
126,20.12.2017,2017-12-20,6,2017,True,0.014429596135233,0.014122203053262578,0.02059782358443063,0.014292955541164694
126,21.12.2017,2017-12-21,6,2017,True,0.0144655240801146,0.014134542185436689,0.02059782358443063,0.014305443866599186
126,22.12.2017,2017-12-22,6,2017,True,0.0145680538164756,0.01413122840325859,0.02059782358443063,0.014302090017262363
126,26.12.2017,2017-12-26,6,2017,True,0.0144569275258651,0.01412959122623304,0.02059782358443063,0.014300433045021491
126,27.12.2017,2017-12-27,6,2017,True,0.0144306123110593,0.014232341758001435,0.02059782358443063,0.014398160049322832
126,28.12.2017,2017-12-28,6,2017,True,0.0145269661153699,0.014302919421494328,0.02059782358443063,0.01439950912729994
126,29.12.2017,2017-12-29,6,2017,True,0.0147477645267919,0.014234255825370485,0.02059782358443063,0.014400096417124657
126,02.01.2018,2018-01-02,7,2018,True,0.0147530740480115,0.01399548088295581,0.02027351161269439,0.014388601012095555
126,03.01.2018,2018-01-03,7,2018,True,0.0146768365737847,0.013791803278015314,0.02027351161269439,0.014073635589764774
126,04.01.2018,2018-01-04,7,2018,True,0.0146811815862165,0.0133842594382714,0.02027351161269439,0.013657763685867179
126,05.01.2018,2018-01-05,7,2018,True,0.0146998630098374,0.013379988707948187,0.02027351161269439,0.01365340568415707
126,08.01.2018,2018-01-08,7,2018,True,0.014721001463368,0.012849235081838961,0.02027351161269439,0.013369665958212842
126,09.01.2018,2018-01-09,7,2018,True,0.0160383779892954,0.012849186109877337,0.02027351161269439,0.013369615002746305
126,10.01.2018,2018-01-10,7,2018,True,0.016078713177954,0.013018323839674934,0.02027351161269439,0.013381047077799175
126,11.01.2018,2018-01-11,7,2018,True,0.0161094711864138,0.013458084766952155,0.02027351161269439,0.013382171811214035
126,12.01.2018,2018-01-12,7,2018,True,0.0166523628509297,0.013421226687872123,0.02027351161269439,0.013345521637328113
126,16.01.2018,2018-01-16,7,2018,True,0.0166293319798404,0.013416065968002306,0.02027351161269439,0.013340390027506704
126,17.01.2018,2018-01-17,7,2018,True,0.0166504954189933,0.013756539762026046,0.02027351161269439,0.013342653235631746
126,18.01.2018,2018-01-18,7,2018,True,0.0166555169641479,0.013408171871469816,0.02027351161269439,0.013332540459167567
126,19.01.2018,2018-01-19,7,2018,True,0.0166381249596297,0.013346635216418797,0.02027351161269439,0.013271350913638597
126,22.01.2018,2018-01-22,7,2018,True,0.0166305989624489,0.012768826703320508,0.02027351161269439,0.013286000809728424
126,23.01.2018,2018-01-23,7,2018,True,0.0165956073821011,0.012539559032248782,0.02027351161269439,0.013047447140368075
126,24.01.2018,2018-01-24,7,2018,True,0.0165906626736693,0.012706142577088977,0.02027351161269439,0.013060167660224801
126,25.01.2018,2018-01-25,7,2018,True,0.0166044045050761,0.012870515961070084,0.02027351161269439,0.012797917301944477
126,26.01.2018,2018-01-26,7,2018,True,0.0166076333105496,0.012408072268118039,0.02027351161269439,0.012753792362916645
126,29.01.2018,2018-01-29,7,2018,True,0.0165663771900687,0.012390721669235659,0.02027351161269439,0.012735958332719488
126,30.01.2018,2018-01-30,7,2018,True,0.0165800502606919,0.012465758319663485,0.02027351161269439,0.012736547482621673
126,31.01.2018,2018-01-31,7,2018,True,0.0165801258959641,0.012831777307770475,0.02027351161269439,0.012759397161585173
126,01.02.2018,2018-02-01,7,2018,True,0.0166112523604796,0.012412469408121548,0.02027351161269439,0.012758312018297724
126,02.02.2018,2018-02-02,7,2018,True,0.0166001546563861,0.012397039791752322,0.02027351161269439,0.01274245249401705
126,05.02.2018,2018-02-05,7,2018,True,0.0165589927784874,0.012817967438113502,0.02027351161269439,0.01274566518919532
126,06.02.2018,2018-02-06,7,2018,True,0.0165548217736941,0.013135286760803383,0.02027351161269439,0.01281751995462953
126,07.02.2018,2018-02-07,7,2018,True,0.0167098129544011,0.013909430247412416,0.02027351161269439,0.012869785578376713
126,08.02.2018,2018-02-08,7,2018,True,0.0166811439654598,0.014062004666115036,0.02027351161269439,0.013010955994311865
126,09.02.2018,2018-02-09,7,2018,True,0.0164437981244631,0.015410077026566221,0.02027351161269439,0.013034077027293067
126,12.02.2018,2018-02-12,7,2018,True,0.0164429109247201,0.015704864260238257,0.02027351161269439,0.013283412543508856
126,13.02.2018,2018-02-13,7,2018,True,0.0164452462078024,0.015710654542133624,0.02027351161269439,0.013288310051814873
126,14.02.2018,2018-02-14,7,2018,True,0.0164431597343548,0.015424779071576586,0.02027351161269439,0.01304651224009528
126,15.02.2018,2018-02-15,7,2018,True,0.016460892833836,0.015170600377034483,0.02027351161269439,0.013222335556196852
126,16.02.2018,2018-02-16,7,2018,True,0.0164542403634879,0.01511906980839342,0.02027351161269439,0.013177422734486435
126,20.02.2018,2018-02-20,7,2018,True,0.0164517525595933,0.015049569445545287,0.02027351161269439,0.013136265699242766
126,21.02.2018,2018-02-21,7,2018,True,0.0164570128572858,0.01533082499021812,0.02027351161269439,0.01285077461406428
126,22.02.2018,2018-02-22,7,2018,True,0.016604315701817,0.01438380165305696,0.02027351161269439,0.012698129117904345
126,23.02.2018,2018-02-23,7,2018,True,0.0165649182418895,0.013282033323523419,0.02027351161269439,0.0127482139607721
126,26.02.2018,2018-02-26,7,2018,True,0.0166086400991796,0.012903453877890375,0.02027351161269439,0.012750819932621492
126,27.02.2018,2018-02-27,7,2018,True,0.0165657226297118,0.012856742416226889,0.02027351161269439,0.012704661017179385
126,28.02.2018,2018-02-28,7,2018,True,0.0165236651870512,0.013588275109674182,0.02027351161269439,0.012766759870159653
126,01.03.2018,2018-03-01,7,2018,True,0.0165721238879002,0.015594274891790872,0.02027351161269439,0.01279063591976609
126,02.03.2018,2018-03-02,7,2018,True,0.0164660532423212,0.015597534527576907,0.02027351161269439,0.01279330951727925
126,05.03.2018,2018-03-05,7,2018,True,0.0164075169060327,0.014524586289153903,0.02027351161269439,0.01277055820205509
126,06.03.2018,2018-03-06,7,2018,True,0.0164228088387138,0.014687302803526339,0.02027351161269439,0.012612657492712346
126,07.03.2018,2018-03-07,7,2018,True,0.0163268583098328,0.013422691511374514,0.02027351161269439,0.01261118706780862
126,08.03.2018,2018-03-08,7,2018,True,0.0163185317544238,0.015963992938855018,0.02027351161269439,0.012685230170075163
126,09.03.2018,2018-03-09,7,2018,True,0.016130662410761,0.013561203231831302,0.02027351161269439,0.01267613806163257
126,12.03.2018,2018-03-12,7,2018,True,0.0161157534405734,0.014044696903110701,0.02027351161269439,0.012912165916771695
126,13.03.2018,2018-03-13,7,2018,True,0.0162061390361558,0.013116765809300386,0.02027351161269439,0.01287563227369709
126,14.03.2018,2018-03-14,7,2018,True,0.0162168066583674,0.013517078656201364,0.02027351161269439,0.012887755319964818
126,15.03.2018,2018-03-15,7,2018,True,0.0163273598354675,0.01350514908587495,0.02027351161269439,0.012876381162326946
126,16.03.2018,2018-03-16,7,2018,True,0.0162720896314551,0.013434177226119432,0.02027351161269439,0.01280871358515321
126,19.03.2018,2018-03-19,7,2018,True,0.0162694798383222,0.013116565472785204,0.02027351161269439,0.012875435620090707
126,20.03.2018,2018-03-20,7,2018,True,0.0162091453962012,0.013597445759813814,0.02027351161269439,0.012879391867356238
126,21.03.2018,2018-03-21,7,2018,True,0.0160063370201077,0.013452758857850819,0.02027351161269439,0.012987026265463547
126,22.03.2018,2018-03-22,7,2018,True,0.0160099649109134,0.013948794520701968,0.02027351161269439,0.013212186603479571
126,23.03.2018,2018-03-23,7,2018,True,0.0158980440416333,0.014279953228025487,0.02027351161269439,0.013132703419295854
126,26.03.2018,2018-03-26,7,2018,True,0.01609976840638,0.016822208681822125,0.02027351161269439,0.013258887925756059
126,27.03.2018,2018-03-27,7,2018,True,0.0161115613658325,0.01682469465731489,0.02027351161269439,0.01326084731593295
126,28.03.2018,2018-03-28,7,2018,True,0.0161037853856257,0.016304655803814027,0.02027351161269439,0.012869988100764226
126,29.03.2018,2018-03-29,7,2018,True,0.0160849278219153,0.013983188240860062,0.02027351161269439,0.012859780497249732
126,02.04.2018,2018-04-02,7,2018,True,0.0157207739560924,0.013176842654871745,0.02027351161269439,0.012849811988862994
126,03.04.2018,2018-04-03,7,2018,True,0.0158751952254163,0.01710706678890291,0.02027351161269439,0.013298628608685768
126,04.04.2018,2018-04-04,7,2018,True,0.0158763593218321,0.01469367847105616,0.02027351161269439,0.013308306157877939
126,05.04.2018,2018-04-05,7,2018,True,0.0159357964757891,0.013639567267609865,0.02027351161269439,0.013099381855631006
126,06.04.2018,2018-04-06,7,2018,True,0.0159567269224516,0.013525368335476101,0.02027351161269439,0.013097954413495086
126,09.04.2018,2018-04-09,7,2018,True,0.015857541250362,0.01363708602583726,0.02027351161269439,0.013206141723388404
126,10.04.2018,2018-04-10,7,2018,True,0.0155896627240641,0.01356020419863349,0.02027351161269439,0.013223659039338123
126,11.04.2018,2018-04-11,7,2018,True,0.0155811664313018,0.017179287499431397,0.02027351161269439,0.013335031189066595
126,12.04.2018,2018-04-12,7,2018,True,0.0157269246416119,0.01723692587249017,0.02027351161269439,0.013379771665203993
126,13.04.2018,2018-04-13,7,2018,True,0.0160349139484544,0.017177941940483395,0.02027351161269439,0.01333398672953712
126,16.04.2018,2018-04-16,7,2018,True,0.01596319936167,0.0171852032642896,0.02027351161269439,0.013339623166987329
126,17.04.2018,2018-04-17,7,2018,True,0.0159656655498178,0.01736601872162799,0.02027351161269439,0.013377325802179936
126,18.04.2018,2018-04-18,7,2018,True,0.0158163269282284,0.016282743275929785,0.02027351161269439,0.01331536666086089
126,19.04.2018,2018-04-19,7,2018,True,0.0158914554111445,0.017803345748028564,0.02027351161269439,0.013465801741681114
126,20.04.2018,2018-04-20,7,2018,True,0.0159147207980665,0.017657726343913095,0.02027351161269439,0.01346695923168995
126,23.04.2018,2018-04-23,7,2018,True,0.0159057542471031,0.017656175954347555,0.02027351161269439,0.01346577680125323
126,24.04.2018,2018-04-24,7,2018,True,0.0158694307475205,0.01742568805420559,0.02027351161269439,0.013383070146984293
126,25.04.2018,2018-04-25,7,2018,True,0.0163459692197355,0.01759956706725284,0.02027351161269439,0.013422603090221136
126,26.04.2018,2018-04-26,7,2018,True,0.0163261392805531,0.015058661764931954,0.02027351161269439,0.013400607005038897
126,27.04.2018,2018-04-27,7,2018,True,0.0163463572169469,0.014055375921612177,0.02027351161269439,0.013355790518455892
126,30.04.2018,2018-04-30,7,2018,True,0.0163556683453587,0.014058792789519124,0.02027351161269439,0.013359037316851676
126,01.05.2018,2018-05-01,7,2018,True,0.0163592866564596,0.014727381668780569,0.02027351161269439,0.013318690838146657
126,02.05.2018,2018-05-02,7,2018,True,0.0162983882184267,0.014282599813461742,0.02027351161269439,0.013230162127972555
126,03.05.2018,2018-05-03,7,2018,True,0.0163046832284933,0.014125048328647185,0.02027351161269439,0.013421995085197173
126,04.05.2018,2018-05-04,7,2018,True,0.0162360972638022,0.014114236027978302,0.02027351161269439,0.013411720950690808
126,07.05.2018,2018-05-07,7,2018,True,0.0164768831131178,0.014185227328414998,0.02027351161269439,0.013479178764878998
126,08.05.2018,2018-05-08,7,2018,True,0.0164107072079956,0.016878153690574525,0.02027351161269439,0.013502777922059206
126,09.05.2018,2018-05-09,7,2018,True,0.0162166615149494,0.013794167567552884,0.02027351161269439,0.013467916958477075
126,10.05.2018,2018-05-10,7,2018,True,0.0162128922044056,0.013991321889422852,0.02027351161269439,0.013396943484639176
126,11.05.2018,2018-05-11,7,2018,True,0.0163004847492377,0.013957514192437211,0.02027351161269439,0.013364572003985525
126,14.05.2018,2018-05-14,7,2018,True,0.016253223476869,0.013962169705289509,0.02027351161269439,0.013369029741650856
126,15.05.2018,2018-05-15,7,2018,True,0.0162503302589385,0.013855623352457982,0.02027351161269439,0.013408852253636387
126,16.05.2018,2018-05-16,7,2018,True,0.0172996991181905,0.01383578441679031,0.02027351161269439,0.013389653019472012
126,17.05.2018,2018-05-17,7,2018,True,0.0173288190678004,0.013576999300322799,0.02027351161269439,0.013397609243258264
126,18.05.2018,2018-05-18,7,2018,True,0.0173299018639567,0.013128577081564792,0.02027351161269439,0.013311615990770154
126,21.05.2018,2018-05-21,7,2018,True,0.0173079567145584,0.013516474870262654,0.02027351161269439,0.013337884509855836
126,22.05.2018,2018-05-22,7,2018,True,0.0173009967113374,0.013499699205851649,0.02027351161269439,0.013321330498796165
126,23.05.2018,2018-05-23,7,2018,True,0.0182257429107465,0.013379712121362427,0.02027351161269439,0.013202928778602649
126,24.05.2018,2018-05-24,7,2018,True,0.0182622818387725,0.013460512300696607,0.02027351161269439,0.013173263937248268
126,25.05.2018,2018-05-25,7,2018,True,0.0192792408539762,0.013522600716235015,0.02027351161269439,0.013234027381243685
126,29.05.2018,2018-05-29,7,2018,True,0.0194369435084382,0.014659061249636422,0.02027351161269439,0.013507801118220425
126,30.05.2018,2018-05-30,7,2018,True,0.0192586719714574,0.017172559688574125,0.02027351161269439,0.013561578936204905
126,31.05.2018,2018-05-31,7,2018,True,0.019359224703572,0.015078281508336176,0.02027351161269439,0.01376129713293121
126,01.06.2018,2018-06-01,7,2018,True,0.0194037092475353,0.014356124877690958,0.02027351161269439,0.013753580384126768
126,04.06.2018,2018-06-04,7,2018,True,0.0192682610758603,0.016978237014191332,0.02027351161269439,0.013728063810492344
126,05.06.2018,2018-06-05,7,2018,True,0.0198051431041522,0.01809813008887053,0.02027351161269439,0.014006170360810508
126,06.06.2018,2018-06-06,7,2018,True,0.0198172970747682,0.01792266166192622,0.02027351161269439,0.01400422913293854
126,07.06.2018,2018-06-07,7,2018,True,0.0198630275053544,0.01780563706985575,0.02027351161269439,0.01391278963402611
126,08.06.2018,2018-06-08,7,2018,True,0.0200063670261096,0.01543447114049181,0.02027351161269439,0.014071866954301683
126,11.06.2018,2018-06-11,7,2018,True,0.0201418236386121,0.014509241746011104,0.02027351161269439,0.013892861104369634
126,12.06.2018,2018-06-12,7,2018,True,0.0201417745803103,0.01444952967625065,0.02027351161269439,0.013835685718780343
126,13.06.2018,2018-06-13,7,2018,True,0.0201075985264891,0.014381349684208589,0.02027351161269439,0.013770402144619909
126,14.06.2018,2018-06-14,7,2018,True,0.0201993979321718,0.014304075806575558,0.02027351161269439,0.013696411010710592
126,15.06.2018,2018-06-15,7,2018,True,0.0200593561461273,0.014192431052592198,0.02027351161269439,0.013589509141731205
126,18.06.2018,2018-06-18,7,2018,True,0.0199286605127918,0.014486951812397592,0.02027351161269439,0.013871518090231539
126,19.06.2018,2018-06-19,7,2018,True,0.0205429849518793,0.014840802105171618,0.02027351161269439,0.01399488056598618
126,20.06.2018,2018-06-20,7,2018,True,0.0206156290801662,0.014723068008283676,0.02027351161269439,0.013999557939274423
126,21.06.2018,2018-06-21,7,2018,True,0.0210061634437016,0.015050544278157765,0.02027351161269439,0.0140087592402667
126,22.06.2018,2018-06-22,7,2018,True,0.0207657622708524,0.015022481406514408,0.02027351161269439,0.014166204198333391
126,25.06.2018,2018-06-25,7,2018,True,0.0214668727283265,0.014803033782119312,0.02027351161269439,0.014429596135233118
126,26.06.2018,2018-06-26,7,2018,True,0.0225039320054109,0.01533989369958225,0.02027351161269439,0.014465524080114733
126,27.06.2018,2018-06-27,7,2018,True,0.0227226035774122,0.014762560055830173,0.02027351161269439,0.014568053816475671
126,28.06.2018,2018-06-28,7,2018,True,0.0227187241044963,0.015330777526007068,0.02027351161269439,0.014456927525865214
126,29.06.2018,2018-06-29,7,2018,True,0.0228180199478984,0.015302871686193287,0.02027351161269439,0.014430612311059451
126,02.07.2018,2018-07-02,7,2018,True,0.0228089928229027,0.015405049602975906,0.02027351161269439,0.014526966115370049
126,03.07.2018,2018-07-03,7,2018,True,0.0228764431064633,0.01838081728055233,0.02027351161269439,0.014747764526792025
126,05.07.2018,2018-07-05,7,2018,True,0.0229612652341293,0.018209522578738663,0.02027351161269439,0.014753074048011622
126,06.07.2018,2018-07-06,7,2018,True,0.0229697934957478,0.019390331579491913,0.02027351161269439,0.014676836573784813
126,09.07.2018,2018-07-09,7,2018,True,0.0230522325733087,0.015332537419848375,0.02027351161269439,0.014681181586216601
126,10.07.2018,2018-07-10,7,2018,True,0.0234135007784804,0.015352047676910589,0.02027351161269439,0.014699863009837543
126,11.07.2018,2018-07-11,7,2018,True,0.0225646492082504,0.015481796399240091,0.02027351161269439,0.014721001463368081
126,12.07.2018,2018-07-12,7,2018,True,0.0225791257155334,0.0174843715782722,0.02027351161269439,0.016038377989295555
126,13.07.2018,2018-07-13,7,2018,True,0.0226414738805782,0.01491387107201164,0.02027351161269439,0.016078713177954104
126,16.07.2018,2018-07-16,7,2018,True,0.0224208470247296,0.01494240077880626,0.02027351161269439,0.01610947118641394
126,17.07.2018,2018-07-17,7,2018,True,0.0224426525122627,0.01960177328161425,0.02027351161269439,0.016652362850929785
126,18.07.2018,2018-07-18,7,2018,True,0.0224190463032028,0.015542962026732863,0.02027351161269439,0.01662933197984049
126,19.07.2018,2018-07-19,7,2018,True,0.0225359239817612,0.015562742889337998,0.02027351161269439,0.01665049541899338
126,20.07.2018,2018-07-20,7,2018,True,0.0225824251876952,0.01556743638428712,0.02027351161269439,0.016655516964148055
126,23.07.2018,2018-07-23,7,2018,True,0.0225857014986833,0.01555118057400416,0.02027351161269439,0.016638124959629758
126,24.07.2018,2018-07-24,7,2018,True,0.0225779943965862,0.015425774813644252,0.02027351161269439,0.01663059896244896
126,25.07.2018,2018-07-25,7,2018,True,0.0225855806104667,0.014981061636992537,0.02027351161269439,0.016595607382101196
126,26.07.2018,2018-07-26,7,2018,True,0.0226931096857126,0.01488713692986663,0.02027351161269439,0.016590662673669383
126,27.07.2018,2018-07-27,7,2018,True,0.0227986220075691,0.014771205649684866,0.02027351161269439,0.016604404505076224
126,30.07.2018,2018-07-30,7,2018,True,0.0227870866003225,0.01490236502533175,0.02027351161269439,0.016607633310549694
126,31.07.2018,2018-07-31,7,2018,True,0.022780510383416,0.015366205666369061,0.02027351161269439,0.016566377190068846
126,01.08.2018,2018-08-01,7,2018,True,0.0227803645571639,0.015378888174613041,0.02027351161269439,0.016580050260691984
126,02.08.2018,2018-08-02,7,2018,True,0.022788470733651,0.015378958330395195,0.02027351161269439,0.01658012589596425
126,03.08.2018,2018-08-03,7,2018,True,0.0227969212543347,0.015407829799994336,0.02027351161269439,0.016611252360479674
126,06.08.2018,2018-08-06,7,2018,True,0.0228120552196516,0.015397536082691638,0.02027351161269439,0.016600154656386226
126,07.08.2018,2018-08-07,7,2018,True,0.0228228647620052,0.014948009177933859,0.02027351161269439,0.0165589927784875
126,08.08.2018,2018-08-08,7,2018,True,0.0226690731021199,0.01485497616594088,0.02027351161269439,0.016554821773694238
126,09.08.2018,2018-08-09,7,2018,True,0.0226807730623911,0.014969854494926098,0.02027351161269439,0.016709812954401194
126,10.08.2018,2018-08-10,7,2018,True,0.0227023506889478,0.01454394378373414,0.02027351161269439,0.01668114396545986
126,13.08.2018,2018-08-13,7,2018,True,0.0227724094032981,0.014519660342864837,0.02027351161269439,0.016443798124463175
126,14.08.2018,2018-08-14,7,2018,True,0.0228169112726861,0.014359949159172925,0.02027351161269439,0.0164429109247202
126,15.08.2018,2018-08-15,7,2018,True,0.0228462007919328,0.014845889412670898,0.02027351161269439,0.016445246207802543
126,16.08.2018,2018-08-16,7,2018,True,0.0228310065844761,0.014844005855947265,0.02027351161269439,0.016443159734354878
126,17.08.2018,2018-08-17,7,2018,True,0.0228418942527149,0.014860014350469982,0.02027351161269439,0.016460892833836116
126,20.08.2018,2018-08-20,7,2018,True,0.0228359495916695,0.014854008855759722,0.02027351161269439,0.016454240363487953
126,21.08.2018,2018-08-21,7,2018,True,0.0228290812317095,0.014258257266257686,0.02027351161269439,0.01645175255959338
126,22.08.2018,2018-08-22,7,2018,True,0.0228842633639287,0.014262816213854671,0.02027351161269439,0.016457012857285947
126,23.08.2018,2018-08-23,7,2018,True,0.0228955147599219,0.014390479321220805,0.02027351161269439,0.016604315701817078
126,24.08.2018,2018-08-24,7,2018,True,0.0229163488253274,0.014242831354980962,0.02027351161269439,0.01656491824188957
126,27.08.2018,2018-08-27,7,2018,True,0.0229128708407079,0.014280424238375614,0.02027351161269439,0.01660864009917966
126,28.08.2018,2018-08-28,7,2018,True,0.0229436203859699,0.014243522982909984,0.02027351161269439,0.01656572262971194
126,29.08.2018,2018-08-29,7,2018,True,0.0229133687769631,0.014320581856861202,0.02027351161269439,0.01652366518705126
126,30.08.2018,2018-08-30,7,2018,True,0.0229008956720867,0.014362579608832696,0.02027351161269439,0.016572123887900296
126,31.08.2018,2018-08-31,7,2018,True,0.0229009504096603,0.014356410638992513,0.02027351161269439,0.01646605324232126
126,04.09.2018,2018-09-04,7,2018,True,0.0228863200687629,0.014699035912407286,0.02027351161269439,0.01640751690603284
126,05.09.2018,2018-09-05,7,2018,True,0.0228768579227179,0.014712735527585903,0.02027351161269439,0.01642280883871392
126,06.09.2018,2018-09-06,7,2018,True,0.0228969688936158,0.014626776129956548,0.02027351161269439,0.016326858309832937
126,07.09.2018,2018-09-07,7,2018,True,0.022892900811566,0.014619316601638847,0.02027351161269439,0.016318531754423923
126,10.09.2018,2018-09-10,7,2018,True,0.0229167133466862,0.014451009706381326,0.02027351161269439,0.016130662410761137
126,11.09.2018,2018-09-11,7,2018,True,0.0228281088829185,0.014343004001818784,0.02027351161269439,0.016115753440573474
126,12.09.2018,2018-09-12,7,2018,True,0.0228109816882123,0.014921769064373681,0.02027351161269439,0.016206139036155948
126,13.09.2018,2018-09-13,7,2018,True,0.0227592950263376,0.014432941261814793,0.02027351161269439,0.016216806658367503
126,14.09.2018,2018-09-14,7,2018,True,0.0227601365993894,0.014531333475831174,0.02027351161269439,0.016327359835467577
126,17.09.2018,2018-09-17,7,2018,True,0.0227953266758197,0.014482143051054917,0.02027351161269439,0.016272089631455173
126,18.09.2018,2018-09-18,7,2018,True,0.0227748445212653,0.014479820337848424,0.02027351161269439,0.01626947983832228
126,19.09.2018,2018-09-19,7,2018,True,0.0227899933178278,0.014426122746359446,0.02027351161269439,0.01620914539620128
126,20.09.2018,2018-09-20,7,2018,True,0.0227827493118561,0.014245623500038893,0.02027351161269439,0.016006337020107786
126,21.09.2018,2018-09-21,7,2018,True,0.0228088982578738,0.014248852319128025,0.02027351161269439,0.01600996491091351
126,24.09.2018,2018-09-24,7,2018,True,0.0226365093209817,0.01414924286047682,0.02027351161269439,0.015898044041633388
126,25.09.2018,2018-09-25,7,2018,True,0.0226202557651671,0.014703037195743536,0.02027351161269439,0.01609976840638012
126,26.09.2018,2018-09-26,7,2018,True,0.022632725042596,0.01463939444265492,0.02027351161269439,0.016111561365832625
126,27.09.2018,2018-09-27,7,2018,True,0.0226453729925181,0.014632328979610056,0.02027351161269439,0.016103785385625843
126,28.09.2018,2018-09-28,7,2018,True,0.0226206450984681,0.014790886776092258,0.02027351161269439,0.016084927821915403
126,01.10.2018,2018-10-01,7,2018,True,0.0224770166387467,0.01445602928353176,0.02027351161269439,0.015720773956092476
126,02.10.2018,2018-10-02,7,2018,True,0.0224784676940734,0.016724006203650624,0.02027351161269439,0.015875195225416364
126,03.10.2018,2018-10-03,7,2018,True,0.0224544093564397,0.016725232541683233,0.02027351161269439,0.015876359321832196
126,04.10.2018,2018-10-04,7,2018,True,0.022420027393709,0.01678784766656141,0.02027351161269439,0.015935796475789233
126,05.10.2018,2018-10-05,7,2018,True,0.0224231805194033,0.016809897217124878,0.02027351161269439,0.01595672692245167
126,08.10.2018,2018-10-08,7,2018,True,0.0224745284587407,0.016705408310261974,0.02027351161269439,0.015857541250362116
126,09.10.2018,2018-10-09,7,2018,True,0.0224610183879148,0.017367240513839123,0.02027351161269439,0.015589662724064188
126,10.10.2018,2018-10-10,7,2018,True,0.0224025803925882,0.016948751182236935,0.02027351161269439,0.01558116643130188
126,11.10.2018,2018-10-11,7,2018,True,0.0222033432619936,0.016177396757967574,0.02027351161269439,0.015726924641612006
126,12.10.2018,2018-10-12,7,2018,True,0.0222146501943187,0.01734568271156632,0.02027351161269439,0.01603491394845449
126,15.10.2018,2018-10-15,7,2018,True,0.0222096786854982,0.01726810583948886,0.02027351161269439,0.015963199361670143
126,16.10.2018,2018-10-16,7,2018,True,0.0222020801516009,0.017872560222014902,0.02027351161269439,0.0159656655498179
126,17.10.2018,2018-10-17,7,2018,True,0.0223085667908244,0.017705385010965875,0.02027351161269439,0.015816326928228513
126,18.10.2018,2018-10-18,7,2018,True,0.022302595109122,0.01778948663085245,0.02027351161269439,0.015891455411144634
126,19.10.2018,2018-10-19,7,2018,True,0.0222949137203035,0.017815530770857353,0.02027351161269439,0.01591472079806658
126,22.10.2018,2018-10-22,7,2018,True,0.0222957024936178,0.015664925058466304,0.02027351161269439,0.01590575424710321
126,23.10.2018,2018-10-23,7,2018,True,0.0221215123682601,0.015601722563455737,0.02027351161269439,0.01586943074752065
126,24.10.2018,2018-10-24,7,2018,True,0.022119997083376,0.018298286304153432,0.02027351161269439,0.016345969219735638
126,25.10.2018,2018-10-25,7,2018,True,0.0221240784701199,0.018276087932207627,0.02027351161269439,0.01632613928055319
126,26.10.2018,2018-10-26,7,2018,True,0.0221178712314479,0.018298720642672177,0.02027351161269439,0.01634635721694698
126,29.10.2018,2018-10-29,7,2018,True,0.0221840198125232,0.018309143866355262,0.02027351161269439,0.016355668345358797
126,30.10.2018,2018-10-30,7,2018,True,0.0221260422898071,0.017233980914572088,0.02027351161269439,0.016359286656459738
126,31.10.2018,2018-10-31,7,2018,True,0.0221274348235901,0.01805617643514094,0.02027351161269439,0.016298388218426798
126,01.11.2018,2018-11-01,7,2018,True,0.0221906657162015,0.017176457964140072,0.02027351161269439,0.016304683228493367
126,02.11.2018,2018-11-02,7,2018,True,0.0219715841833127,0.017104204862197703,0.02027351161269439,0.016236097263802284
126,05.11.2018,2018-11-05,7,2018,True,0.0219671874120909,0.01871444390587633,0.02027351161269439,0.016476883113117884
126,06.11.2018,2018-11-06,7,2018,True,0.0219333043557931,0.01863928131257356,0.02027351161269439,0.016410707207995763
126,07.11.2018,2018-11-07,7,2018,True,0.0219384500629956,0.018404526510297774,0.02027351161269439,0.01621666151494955
126,08.11.2018,2018-11-08,7,2018,True,0.0219042632190187,0.017329411406453978,0.02027351161269439,0.016212892204405752
126,09.11.2018,2018-11-09,7,2018,True,0.0219055327447973,0.017071588699031418,0.02027351161269439,0.016300484749237776
126,12.11.2018,2018-11-12,7,2018,True,0.0219296478284777,0.017540535442167327,0.02027351161269439,0.016253223476869128
126,13.11.2018,2018-11-13,7,2018,True,0.0210468266714424,0.01864093547719242,0.02027351161269439,0.01625033025893865
126,14.11.2018,2018-11-14,7,2018,True,0.0210340212526604,0.020851417629036032,0.02027351161269439,0.017299699118190626
126,15.11.2018,2018-11-15,7,2018,True,0.0210259912500019,0.020886516056269008,0.02027351161269439,0.01732881906780051
126,16.11.2018,2018-11-16,7,2018,True,0.0210816564301708,0.021089395781448833,0.02027351161269439,0.017329901863956814
126,19.11.2018,2018-11-19,7,2018,True,0.0214943917019974,0.02106268992097844,0.02027351161269439,0.01730795671455848
126,20.11.2018,2018-11-20,7,2018,True,0.0206929531421704,0.020914566069088387,0.02027351161269439,0.01730099671133752
126,21.11.2018,2018-11-21,7,2018,True,0.0207283100135833,0.022312387021950267,0.02027351161269439,0.018225742910746592
126,23.11.2018,2018-11-23,7,2018,True,0.0195531581398411,0.022543431561067105,0.02027351161269439,0.018262281838772612
126,26.11.2018,2018-11-26,7,2018,True,0.0197119523502502,0.02394275988125281,0.02027351161269439,0.019279240853976268
126,27.11.2018,2018-11-27,7,2018,True,0.0199812132587307,0.024526643861790282,0.02027351161269439,0.01943694350843826
126,28.11.2018,2018-11-28,7,2018,True,0.0203847156232341,0.024301690669107354,0.02027351161269439,0.019258671971457506
126,29.11.2018,2018-11-29,7,2018,True,0.020377941772588,0.02442857384129097,0.02027351161269439,0.019359224703572087
126,30.11.2018,2018-11-30,7,2018,True,0.0204366484854513,0.02549962922647996,0.02027351161269439,0.019403709247535362
126,03.12.2018,2018-12-03,7,2018,True,0.020010625270385,0.02532162830340617,0.02027351161269439,0.01926826107586038
126,04.12.2018,2018-12-04,7,2018,True,0.020136101294573,0.02590593164328879,0.02027351161269439,0.01980514310415228
126,06.12.2018,2018-12-06,7,2018,True,0.019966894161973,0.025921829530535477,0.02027351161269439,0.019817297074768345
126,07.12.2018,2018-12-07,7,2018,True,0.0198281770741694,0.025981646791261852,0.02027351161269439,0.019863027505354545
126,10.12.2018,2018-12-10,7,2018,True,0.0199608991039183,0.021220179912014553,0.02027351161269439,0.020006367026109705
126,11.12.2018,2018-12-11,7,2018,True,0.0200550700430874,0.02371994366703387,0.02027351161269439,0.020141823638612215
126,12.12.2018,2018-12-12,7,2018,True,0.0200796832976185,0.020246509979460463,0.02027351161269439,0.020141774580310433
126,13.12.2018,2018-12-13,7,2018,True,0.0200502924246091,0.019407680454344153,0.02027351161269439,0.020107598526489228
126,14.12.2018,2018-12-14,7,2018,True,0.0200510773384953,0.019379050708135614,0.02027351161269439,0.02019939793217185
126,17.12.2018,2018-12-17,7,2018,True,0.0200308273687705,0.019244696363410776,0.02027351161269439,0.020059356146127406
126,18.12.2018,2018-12-18,7,2018,True,0.0196791361881184,0.02249081633917246,0.02027351161269439,0.01992866051279191
126,19.12.2018,2018-12-19,7,2018,True,0.0196481491609373,0.026095401771504483,0.02027351161269439,0.02054298495187942
126,20.12.2018,2018-12-20,7,2018,True,0.019075839298848,0.027273198390613384,0.02027351161269439,0.020615629080166335
126,21.12.2018,2018-12-21,7,2018,True,0.0190497225131718,0.027789851126924985,0.02027351161269439,0.021006163443701736
126,24.12.2018,2018-12-24,7,2018,True,0.0181972902874308,0.027471815288437704,0.02027351161269439,0.020765762270852497
126,26.12.2018,2018-12-26,7,2018,True,0.0169377529248813,0.02839934093056425,0.02027351161269439,0.021466872728326564
126,27.12.2018,2018-12-27,7,2018,True,0.016451237091611,0.029771306020582266,0.02027351161269439,0.022503932005410947
126,28.12.2018,2018-12-28,7,2018,True,0.016596080098768,0.030060594945135004,0.02027351161269439,0.02272260357741227
126,31.12.2018,2018-12-31,7,2018,True,0.0168452356170953,0.030055462643128875,0.02027351161269439,0.022718724104496393
126,02.01.2019,2019-01-02,8,2019,True,0.016865246360979,0.025936077122361307,0.01975798293696999,0.022818019947898473
126,03.01.2019,2019-01-03,8,2019,True,0.0167980508080535,0.02828789333036216,0.01975798293696999,0.022808992822902826
126,04.01.2019,2019-01-04,8,2019,True,0.0167171400734202,0.028366236072021704,0.01975798293696999,0.02287644310646336
126,07.01.2019,2019-01-07,8,2019,True,0.0167136671411858,0.02488896297060577,0.01975798293696999,0.022961265234129356
126,08.01.2019,2019-01-08,8,2019,True,0.0170165788083586,0.023444602327195967,0.01975798293696999,0.02296979349574787
126,09.01.2019,2019-01-09,8,2019,True,0.0165619681885923,0.022481952386870917,0.01975798293696999,0.02305223257330882
126,10.01.2019,2019-01-10,8,2019,True,0.016560745465286,0.022834283318885,0.01975798293696999,0.023413500778480464
126,11.01.2019,2019-01-11,8,2019,True,0.0164650471390834,0.022006431156421206,0.01975798293696999,0.022564649208250444
126,14.01.2019,2019-01-14,8,2019,True,0.0165738090916502,0.021004401022660702,0.01975798293696999,0.022579125715533464
126,15.01.2019,2019-01-15,8,2019,True,0.016427504837841,0.02106240087075617,0.01975798293696999,0.02264147388057833
126,16.01.2019,2019-01-16,8,2019,True,0.0165856752723467,0.02003157617426279,0.01975798293696999,0.022420847024729646
126,17.01.2019,2019-01-17,8,2019,True,0.0166019392468415,0.020051057966545466,0.01975798293696999,0.022442652512262806
126,18.01.2019,2019-01-18,8,2019,True,0.0164952193576408,0.01941959104545033,0.01975798293696999,0.02241904630320293
126,22.01.2019,2019-01-22,8,2019,True,0.0164215031877503,0.0195208316017723,0.01975798293696999,0.022535923981761255
126,23.01.2019,2019-01-23,8,2019,True,0.0164392079802365,0.019925266982403503,0.01975798293696999,0.02258242518769526
126,24.01.2019,2019-01-24,8,2019,True,0.0164411668616704,0.02008512753543547,0.01975798293696999,0.022585701498683393
126,25.01.2019,2019-01-25,8,2019,True,0.0164229113826575,0.01982585750005219,0.01975798293696999,0.02257799439658627
126,28.01.2019,2019-01-28,8,2019,True,0.0162271329349644,0.019397835967053172,0.01975798293696999,0.022585580610466817
126,29.01.2019,2019-01-29,8,2019,True,0.0161600055000157,0.01949018831341444,0.01975798293696999,0.022693109685712677
126,30.01.2019,2019-01-30,8,2019,True,0.0161644222129085,0.019580808552370245,0.01975798293696999,0.02279862200756922
126,31.01.2019,2019-01-31,8,2019,True,0.0174803062782358,0.019570901260570116,0.01975798293696999,0.022787086600322592
126,01.02.2019,2019-02-01,8,2019,True,0.0175988886956035,0.01956525321551713,0.01975798293696999,0.022780510383416108
126,04.02.2019,2019-02-04,8,2019,True,0.0178353344418164,0.019565127971284266,0.01975798293696999,0.022780364557164038
126,05.02.2019,2019-02-05,8,2019,True,0.0178661692976055,0.019737634049085954,0.01975798293696999,0.022788470733651093
126,06.02.2019,2019-02-06,8,2019,True,0.0183110929006283,0.019744953245127216,0.01975798293696999,0.022796921254334846
126,07.02.2019,2019-02-07,8,2019,True,0.0183487169658662,0.019758061130804423,0.01975798293696999,0.022812055219651673
126,08.02.2019,2019-02-08,8,2019,True,0.0184245872877697,0.019767423531366856,0.01975798293696999,0.022822864762005284
126,11.02.2019,2019-02-11,8,2019,True,0.0184068022972013,0.01963422093352273,0.01975798293696999,0.02266907310212
126,12.02.2019,2019-02-12,8,2019,True,0.0188101067472644,0.019558031637537526,0.01975798293696999,0.022680773062391146
126,13.02.2019,2019-02-13,8,2019,True,0.0189200655001035,0.01957663840643817,0.01975798293696999,0.022702350688947895
126,14.02.2019,2019-02-14,8,2019,True,0.0189576037800997,0.019637051274552474,0.01975798293696999,0.022772409403298208
126,15.02.2019,2019-02-15,8,2019,True,0.0188212500347477,0.019675426023377206,0.01975798293696999,0.022816911272686206
126,19.02.2019,2019-02-19,8,2019,True,0.0188985656952048,0.019700682893700763,0.01975798293696999,0.022846200791932888
126,20.02.2019,2019-02-20,8,2019,True,0.0188829981176363,0.01960862234744321,0.01975798293696999,0.02283100658447617
126,21.02.2019,2019-02-21,8,2019,True,0.0188889536466782,0.01961797332257209,0.01975798293696999,0.022841894252714965
126,22.02.2019,2019-02-22,8,2019,True,0.0188946867464054,0.019612867695144295,0.01975798293696999,0.02283594959166961
126,25.02.2019,2019-02-25,8,2019,True,0.0186507069210778,0.019606968740312668,0.01975798293696999,0.022829081231709587
126,26.02.2019,2019-02-26,8,2019,True,0.0186598156673283,0.019654362427796834,0.01975798293696999,0.02288426336392882
126,27.02.2019,2019-02-27,8,2019,True,0.0186295656579612,0.019664025793890486,0.01975798293696999,0.02289551475992203
126,28.02.2019,2019-02-28,8,2019,True,0.01868772039841,0.01968191932473359,0.01975798293696999,0.02291634882532753
126,01.03.2019,2019-03-01,8,2019,True,0.0186682083405282,0.01967893222529575,0.01975798293696999,0.02291287084070804
126,04.03.2019,2019-03-04,8,2019,True,0.018669733391073,0.01970534175823365,0.01975798293696999,0.02294362038597004
126,05.03.2019,2019-03-05,8,2019,True,0.0189387310059044,0.019679359882479583,0.01975798293696999,0.02291336877696317
126,06.03.2019,2019-03-06,8,2019,True,0.0193034207941268,0.019668647240349012,0.01975798293696999,0.02290089567208683
126,07.03.2019,2019-03-07,8,2019,True,0.0193022106631377,0.01966869425222316,0.01975798293696999,0.022900950409660396
126,08.03.2019,2019-03-08,8,2019,True,0.0193110040129075,0.01965612884787233,0.01975798293696999,0.02288632006876305
126,11.03.2019,2019-03-11,8,2019,True,0.0193377679099839,0.019648002195737792,0.01975798293696999,0.022876857922718017
126,12.03.2019,2019-03-12,8,2019,True,0.0193387343640404,0.019744461125428724,0.01975798293696999,0.022896968893615928
126,13.03.2019,2019-03-13,8,2019,True,0.0194264891647512,0.01974095314634813,0.01975798293696999,0.022892900811566103
126,14.03.2019,2019-03-14,8,2019,True,0.0194313991040954,0.01976148711641914,0.01975798293696999,0.022916713346686286
126,15.03.2019,2019-03-15,8,2019,True,0.0194320548595738,0.019685081920669038,0.01975798293696999,0.022828108882918592
126,18.03.2019,2019-03-18,8,2019,True,0.0229542423325098,0.019670312837842582,0.01975798293696999,0.022810981688212374
126,19.03.2019,2019-03-19,8,2019,True,0.0237201865191683,0.019267064062281628,0.01975798293696999,0.022759295026337698
126,20.03.2019,2019-03-20,8,2019,True,0.0237239142443463,0.019267776502710193,0.01975798293696999,0.02276013659938951
126,21.03.2019,2019-03-21,8,2019,True,0.0237391047226086,0.019211411311640746,0.01975798293696999,0.02279532667581977
126,22.03.2019,2019-03-22,8,2019,True,0.0237154757051132,0.019194149392068833,0.01975798293696999,0.022774844521265356
126,25.03.2019,2019-03-25,8,2019,True,0.0237245062610255,0.019206916472171605,0.01975798293696999,0.02278999331782788
126,26.03.2019,2019-03-26,8,2019,True,0.0238125040408925,0.019382180207362633,0.01975798293696999,0.02278274931185617
126,27.03.2019,2019-03-27,8,2019,True,0.0238313429695261,0.01940442614340005,0.01975798293696999,0.022808898257873893
126,28.03.2019,2019-03-28,8,2019,True,0.0238378261815173,0.01925776809985748,0.01975798293696999,0.02263650932098183
126,29.03.2019,2019-03-29,8,2019,True,0.023850705372405,0.019243940561157125,0.01975798293696999,0.022620255765167168
126,01.04.2019,2019-04-01,8,2019,True,0.0238856537651834,0.019254548665511663,0.01975798293696999,0.022632725042596114
126,02.04.2019,2019-04-02,8,2019,True,0.0240335553576121,0.019265308773578012,0.01975798293696999,0.02264537299251823
126,03.04.2019,2019-04-03,8,2019,True,0.0240948473234417,0.019244271782297227,0.01975798293696999,0.02262064509846822
126,04.04.2019,2019-04-04,8,2019,True,0.0240941265814274,0.019122081406977718,0.01975798293696999,0.022477016638746825
126,05.04.2019,2019-04-05,8,2019,True,0.0240845257856604,0.019123315876770946,0.01975798293696999,0.022478467694073485
126,08.04.2019,2019-04-08,8,2019,True,0.0240597359486857,0.019102848503447227,0.01975798293696999,0.02245440935643976
126,09.04.2019,2019-04-09,8,2019,True,0.0240549656354486,0.018997099760965714,0.01975798293696999,0.022420027393709064
126,10.04.2019,2019-04-10,8,2019,True,0.0240064724051278,0.018999771490233616,0.01975798293696999,0.02242318051940344
126,11.04.2019,2019-04-11,8,2019,True,0.024022609664325,0.019043279997559774,0.01975798293696999,0.0224745284587408
126,12.04.2019,2019-04-12,8,2019,True,0.0241042061130941,0.019031832546637893,0.01975798293696999,0.022461018387914932
126,15.04.2019,2019-04-15,8,2019,True,0.0241553464353252,0.018982316441793084,0.01975798293696999,0.022402580392588328
126,16.04.2019,2019-04-16,8,2019,True,0.0241545949086663,0.01881349739534284,0.01975798293696999,0.02220334326199372
126,17.04.2019,2019-04-17,8,2019,True,0.0241827479971597,0.018823078067016327,0.01975798293696999,0.022214650194318782
126,18.04.2019,2019-04-18,8,2019,True,0.0241915933761079,0.018818865572206807,0.01975798293696999,0.022209678685498297
126,22.04.2019,2019-04-22,8,2019,True,0.0240500234950578,0.018812427127509593,0.01975798293696999,0.022202080151600977
126,23.04.2019,2019-04-23,8,2019,True,0.0240449581092207,0.018902656156806263,0.01975798293696999,0.022308566790824495
126,24.04.2019,2019-04-24,8,2019,True,0.0240777399864813,0.01889759618827687,0.01975798293696999,0.022302595109122143
126,25.04.2019,2019-04-25,8,2019,True,0.0241893462969879,0.018891087538348596,0.01975798293696999,0.022294913720303636
126,26.04.2019,2019-04-26,8,2019,True,0.0240684565412743,0.018891755887457912,0.01975798293696999,0.02229570249361788
126,29.04.2019,2019-04-29,8,2019,True,0.024076298017084,0.020212943697252975,0.01975798293696999,0.02212151236826023
126,30.04.2019,2019-04-30,8,2019,True,0.0240593674557792,0.019513430859642928,0.01975798293696999,0.022119997083376076
126,01.05.2019,2019-05-01,8,2019,True,0.024051042556729,0.01951703130577949,0.01975798293696999,0.022124078470120028
126,02.05.2019,2019-05-02,8,2019,True,0.0240288671107404,0.01951155551289402,0.01975798293696999,0.022117871231448007
126,03.05.2019,2019-05-03,8,2019,True,0.0240318931183478,0.02023519390287013,0.01975798293696999,0.02218401981252331
126,06.05.2019,2019-05-06,8,2019,True,0.0241296329037579,0.01990024015268659,0.01975798293696999,0.022126042289807194
126,07.05.2019,2019-05-07,8,2019,True,0.0240854536445594,0.021385199975553642,0.01975798293696999,0.022127434823590232
126,08.05.2019,2019-05-08,8,2019,True,0.0241084759751512,0.022196202399205976,0.01975798293696999,0.022190665716201596
126,09.05.2019,2019-05-09,8,2019,True,0.0241655864458409,0.021977066204369868,0.01975798293696999,0.021971584183312777
126,10.05.2019,2019-05-10,8,2019,True,0.0241787311612871,0.02197266833613149,0.01975798293696999,0.021967187412090996
126,13.05.2019,2019-05-13,8,2019,True,0.0241785933987517,0.021938776825840327,0.01975798293696999,0.02193330435579325
126,14.05.2019,2019-05-14,8,2019,True,0.0241429845778933,0.02212691143685409,0.01975798293696999,0.021938450062995687
126,15.05.2019,2019-05-15,8,2019,True,0.0241310403902985,0.02190972844315578,0.01975798293696999,0.021904263219018782
126,16.05.2019,2019-05-16,8,2019,True,0.0241095094353387,0.019683983612361167,0.01975798293696999,0.02190553274479743
126,17.05.2019,2019-05-17,8,2019,True,0.024106203299094,0.01992561334580124,0.01975798293696999,0.021929647828477835
126,20.05.2019,2019-05-20,8,2019,True,0.0241552263171202,0.019123468543195892,0.01975798293696999,0.02104682667144249
126,21.05.2019,2019-05-21,8,2019,True,0.0241788351812288,0.018914616075345957,0.01975798293696999,0.021034021252660545
126,22.05.2019,2019-05-22,8,2019,True,0.0242316750345193,0.018907395182320083,0.01975798293696999,0.021025991250002048
126,23.05.2019,2019-05-23,8,2019,True,0.0239907657961173,0.018943660696472613,0.01975798293696999,0.021081656430170924
126,24.05.2019,2019-05-24,8,2019,True,0.0240649005023604,0.02149975466112399,0.01975798293696999,0.021494391701997483
126,28.05.2019,2019-05-28,8,2019,True,0.02400230819022,0.02069811613833469,0.01975798293696999,0.02069295314217054
126,29.05.2019,2019-05-29,8,2019,True,0.023993558981236,0.02073348183146524,0.01975798293696999,0.020728310013583363
126,30.05.2019,2019-05-30,8,2019,True,0.0237773139849452,0.02033403900928082,0.01975798293696999,0.019553158139841195
126,31.05.2019,2019-05-31,8,2019,True,0.0235592119465047,0.02050301217508008,0.01975798293696999,0.019711952350250344
126,03.06.2019,2019-06-03,8,2019,True,0.0232266567903451,0.02093058080649392,0.01975798293696999,0.019981213258730833
126,04.06.2019,2019-06-04,8,2019,True,0.0233082373019011,0.0228099929071967,0.01975798293696999,0.020384715623234233
126,05.06.2019,2019-06-05,8,2019,True,0.0232269317343753,0.02280241313576163,0.01975798293696999,0.020377941772588087
126,06.06.2019,2019-06-06,8,2019,True,0.023389513317289,0.022868104496326418,0.01975798293696999,0.02043664848545138
126,07.06.2019,2019-06-07,8,2019,True,0.0232814075059479,0.02239139504923038,0.01975798293696999,0.020010625270385145
126,10.06.2019,2019-06-10,8,2019,True,0.0232784237901664,0.023254779205931542,0.01975798293696999,0.02013610129457314
126,11.06.2019,2019-06-11,8,2019,True,0.0232794282334691,0.02306367827843192,0.01975798293696999,0.019966894161973107
126,12.06.2019,2019-06-12,8,2019,True,0.0230253933476295,0.02206267761193676,0.01975798293696999,0.019828177074169544
126,13.06.2019,2019-06-13,8,2019,True,0.022961528450952,0.02305675341124365,0.01975798293696999,0.019960899103918416
126,14.06.2019,2019-06-14,8,2019,True,0.0229492741924129,0.023296287205655544,0.01975798293696999,0.02005507004308755
126,17.06.2019,2019-06-17,8,2019,True,0.0229350651492032,0.02332487835220295,0.01975798293696999,0.020079683297618566
126,18.06.2019,2019-06-18,8,2019,True,0.0228721364557857,0.023137357135967884,0.01975798293696999,0.020050292424609248
126,19.06.2019,2019-06-19,8,2019,True,0.0228881372845607,0.02330132982919402,0.01975798293696999,0.020051077338495444
126,20.06.2019,2019-06-20,8,2019,True,0.0225882711016209,0.023273439521014867,0.01975798293696999,0.020030827368770585
126,21.06.2019,2019-06-21,8,2019,True,0.0225704592330597,0.02286909752188831,0.01975798293696999,0.019679136188118493
126,24.06.2019,2019-06-24,8,2019,True,0.0225721027930522,0.022833087539552537,0.01975798293696999,0.01964814916093742
126,25.06.2019,2019-06-25,8,2019,True,0.0225730612040327,0.021677606107514368,0.01975798293696999,0.019075839298848082
126,26.06.2019,2019-06-26,8,2019,True,0.0225145190815595,0.0216479272355228,0.01975798293696999,0.01904972251317192
126,27.06.2019,2019-06-27,8,2019,True,0.0225341182731795,0.017881542026158402,0.01975798293696999,0.018197290287430917
126,28.06.2019,2019-06-28,8,2019,True,0.0225361068193984,0.016643859386260017,0.01975798293696999,0.016937752924881467
126,01.07.2019,2019-07-01,8,2019,True,0.0224450901782146,0.016822051458013604,0.01975798293696999,0.016451237091611108
126,02.07.2019,2019-07-02,8,2019,True,0.0223684470819528,0.015485266934184031,0.01975798293696999,0.016596080098768094
126,03.07.2019,2019-07-03,8,2019,True,0.0222827823059665,0.016275537223829926,0.01975798293696999,0.016845235617095455
126,05.07.2019,2019-07-05,8,2019,True,0.0224883971297818,0.01611465655925963,0.01975798293696999,0.016865246360979115
126,08.07.2019,2019-07-08,8,2019,True,0.0224901481694807,0.015873270793181325,0.01975798293696999,0.016798050808053574
126,09.07.2019,2019-07-09,8,2019,True,0.022507435357702,0.015554702493386002,0.01975798293696999,0.016717140073420334
126,10.07.2019,2019-07-10,8,2019,True,0.0224949193429866,0.014752475003954752,0.01975798293696999,0.01671366714118589
126,11.07.2019,2019-07-11,8,2019,True,0.0224859070605752,0.015125694788011101,0.01975798293696999,0.017016578808358683
126,12.07.2019,2019-07-12,8,2019,True,0.0224901165347547,0.014618576501169201,0.01975798293696999,0.01656196818859245
126,15.07.2019,2019-07-15,8,2019,True,0.0225130003660408,0.014617497252979042,0.01975798293696999,0.016560745465286145
126,16.07.2019,2019-07-16,8,2019,True,0.0223291569335561,0.014533028228120644,0.01975798293696999,0.016465047139083568
126,17.07.2019,2019-07-17,8,2019,True,0.0223187224502892,0.014930062451934956,0.01975798293696999,0.016573809091650318
126,18.07.2019,2019-07-18,8,2019,True,0.0221964680997692,0.015392929041018657,0.01975798293696999,0.016427504837841143
126,19.07.2019,2019-07-19,8,2019,True,0.0221857436408359,0.014940751776150306,0.01975798293696999,0.016585675272346768
126,22.07.2019,2019-07-22,8,2019,True,0.0221615484643832,0.015360808616508015,0.01975798293696999,0.016601939246841627
126,23.07.2019,2019-07-23,8,2019,True,0.0222315860422308,0.015165541083756406,0.01975798293696999,0.016495219357640888
126,24.07.2019,2019-07-24,8,2019,True,0.0222751603506435,0.014436460009675373,0.01975798293696999,0.016421503187750434
126,25.07.2019,2019-07-25,8,2019,True,0.0223577188038895,0.014705176554849613,0.01975798293696999,0.016439207980236577
126,26.07.2019,2019-07-26,8,2019,True,0.0224468197654893,0.014372621875375661,0.01975798293696999,0.016441166861670506
126,29.07.2019,2019-07-29,8,2019,True,0.0224457464891179,0.014356663208985744,0.01975798293696999,0.0164229113826576
126,30.07.2019,2019-07-30,8,2019,True,0.0224039001064484,0.014185516621659242,0.01975798293696999,0.01622713293496453
126,31.07.2019,2019-07-31,8,2019,True,0.0225045973807333,0.01412683482321398,0.01975798293696999,0.016160005500015836
126,01.08.2019,2019-08-01,8,2019,True,0.0215164583287161,0.014130695847487662,0.01975798293696999,0.016164422212908654
126,02.08.2019,2019-08-02,8,2019,True,0.02219562321572,0.016452882387367408,0.01975798293696999,0.017480306278235963
126,05.08.2019,2019-08-05,8,2019,True,0.0220072477309497,0.0165644949950131,0.01975798293696999,0.017598888695603592
126,06.08.2019,2019-08-06,8,2019,True,0.0220836092753576,0.01678704338698712,0.01975798293696999,0.01783533444181653
126,07.08.2019,2019-08-07,8,2019,True,0.0216912519005329,0.016816065890806767,0.01975798293696999,0.01786616929760558
126,08.08.2019,2019-08-08,8,2019,True,0.0216254459120437,0.017427217773838558,0.01975798293696999,0.01831109290062839
126,09.08.2019,2019-08-09,8,2019,True,0.0216353597296185,0.017270251298420435,0.01975798293696999,0.018348716965866322
126,12.08.2019,2019-08-12,8,2019,True,0.0216737984746822,0.017231982632380405,0.01975798293696999,0.01842458728776983
126,13.08.2019,2019-08-13,8,2019,True,0.0214805736724674,0.017215348846027108,0.01975798293696999,0.018406802297201392
126,14.08.2019,2019-08-14,8,2019,True,0.0213376240220817,0.01672754742623276,0.01975798293696999,0.0188101067472645
126,15.08.2019,2019-08-15,8,2019,True,0.0213127983103376,0.017808018205153903,0.01975798293696999,0.018920065500103594
126,16.08.2019,2019-08-16,8,2019,True,0.0213140632821207,0.01784335013217913,0.01975798293696999,0.018957603780099773
126,19.08.2019,2019-08-19,8,2019,True,0.0213525586899308,0.017602969806208357,0.01975798293696999,0.01882125003474777
126,20.08.2019,2019-08-20,8,2019,True,0.021350039573628,0.01680621264949969,0.01975798293696999,0.01889856569520494
126,21.08.2019,2019-08-21,8,2019,True,0.0213805231778585,0.01679236863491815,0.01975798293696999,0.018882998117636392
126,22.08.2019,2019-08-22,8,2019,True,0.0216419428035955,0.01679766479808384,0.01975798293696999,0.018888953646678343
126,23.08.2019,2019-08-23,8,2019,True,0.0217301837176858,0.01680276315817685,0.01975798293696999,0.018894686746405508
126,26.08.2019,2019-08-26,8,2019,True,0.0218487626139111,0.017443465773530117,0.01975798293696999,0.018650706921077887
126,27.08.2019,2019-08-27,8,2019,True,0.0219046580480567,0.017451984919969594,0.01975798293696999,0.01865981566732839
126,28.08.2019,2019-08-28,8,2019,True,0.0220245069411103,0.01685719356431,0.01975798293696999,0.01862956565796136
126,29.08.2019,2019-08-29,8,2019,True,0.0221474803877526,0.016618711071272527,0.01975798293696999,0.01868772039841012
126,30.08.2019,2019-08-30,8,2019,True,0.0221314027010438,0.01648517992418834,0.01975798293696999,0.018668208340528347
126,03.09.2019,2019-09-03,8,2019,True,0.0219342405197062,0.01639399263166379,0.01975798293696999,0.018669733391073112
126,04.09.2019,2019-09-04,8,2019,True,0.0216887400721731,0.01760149116547135,0.01975798293696999,0.018938731005904503
126,05.09.2019,2019-09-05,8,2019,True,0.023360945128286,0.017927585666055405,0.01975798293696999,0.01930342079412687
126,06.09.2019,2019-09-06,8,2019,True,0.0337246681138718,0.017825848136834205,0.01975798293696999,0.01930221066313779
126,09.09.2019,2019-09-09,8,2019,True,0.034505306728194,0.017254130591057747,0.01975798293696999,0.019311004012907577
126,10.09.2019,2019-09-10,8,2019,True,0.0346462058588445,0.017532298098707162,0.01975798293696999,0.01933776790998399
126,11.09.2019,2019-09-11,8,2019,True,0.0351563888961954,0.01753317431982517,0.01975798293696999,0.01933873436404052
126,12.09.2019,2019-09-12,8,2019,True,0.0352184186364884,0.01740490165581694,0.01975798293696999,0.019426489164751284
126,13.09.2019,2019-09-13,8,2019,True,0.0366646662612253,0.017340730479968397,0.01975798293696999,0.019431399104095533
126,16.09.2019,2019-09-16,8,2019,True,0.0345474611583297,0.017411308168359042,0.01975798293696999,0.019432054859573965
126,17.09.2019,2019-09-17,8,2019,True,0.0362537109387926,0.02705123657191813,0.01975798293696999,0.022954242332509867
126,18.09.2019,2019-09-18,8,2019,True,0.0384005720614201,0.027953890516842314,0.01975798293696999,0.023720186519168414
126,19.09.2019,2019-09-19,8,2019,True,0.0385931297887378,0.026886288125761312,0.01975798293696999,0.023723914244346375
126,20.09.2019,2019-09-20,8,2019,True,0.0385984326076301,0.026903503479480846,0.01975798293696999,0.023739104722608675
126,23.09.2019,2019-09-23,8,2019,True,0.0385899714622324,0.026876724737745106,0.01975798293696999,0.023715475705113266
126,24.09.2019,2019-09-24,8,2019,True,0.0385762246138793,0.026392822007823526,0.01975798293696999,0.02372450626102562
126,25.09.2019,2019-09-25,8,2019,True,0.0386824541666925,0.02649071697413223,0.01975798293696999,0.023812504040892635
126,26.09.2019,2019-09-26,8,2019,True,0.0389027825385979,0.026435799509729328,0.01975798293696999,0.02383134296952616
126,27.09.2019,2019-09-27,8,2019,True,0.0396088094967065,0.023265136068080138,0.01975798293696999,0.02383782618151737
126,30.09.2019,2019-09-30,8,2019,True,0.0396025103263228,0.02653321484245355,0.01975798293696999,0.023850705372405065
126,01.10.2019,2019-10-01,8,2019,True,0.0403836203140781,0.027364699591837585,0.01975798293696999,0.023885653765183534
126,02.10.2019,2019-10-02,8,2019,True,0.0440345783594204,0.027534143672613202,0.01975798293696999,0.024033555357612247
126,03.10.2019,2019-10-03,8,2019,True,0.0456598732510126,0.027604363070784486,0.01975798293696999,0.0240948473234418
126,04.10.2019,2019-10-04,8,2019,True,0.045703150964548,0.02760353734966761,0.01975798293696999,0.024094126581427507
126,07.10.2019,2019-10-07,8,2019,True,0.0457893862003255,0.027592538157659302,0.01975798293696999,0.024084525785660484
126,08.10.2019,2019-10-08,8,2019,True,0.0458935057068374,0.026863137362736367,0.01975798293696999,0.024059735948685778
126,09.10.2019,2019-10-09,8,2019,True,0.0460131683353167,0.026492129407248557,0.01975798293696999,0.02405496563544871
126,10.10.2019,2019-10-10,8,2019,True,0.0459993798826556,0.023148918506432116,0.01975798293696999,0.024006472405127946
126,11.10.2019,2019-10-11,8,2019,True,0.0462876934361386,0.02645649524392883,0.01975798293696999,0.024022609664325092
126,14.10.2019,2019-10-14,8,2019,True,0.0465908382520479,0.026546358755385222,0.01975798293696999,0.024104206113094242
126,15.10.2019,2019-10-15,8,2019,True,0.0465990036628722,0.024139271393855393,0.01975798293696999,0.02415534643532535
126,16.10.2019,2019-10-16,8,2019,True,0.0465928083777478,0.023618756227939935,0.01975798293696999,0.024154594908666366
126,17.10.2019,2019-10-17,8,2019,True,0.0472243725718263,0.023646284776305374,0.01975798293696999,0.02418274799715983
126,18.10.2019,2019-10-18,8,2019,True,0.0531196079977874,0.02207942640955025,0.01975798293696999,0.024191593376107975
126,21.10.2019,2019-10-21,8,2019,True,0.0533997291390417,0.021707909348263568,0.01975798293696999,0.024050023495057877
126,22.10.2019,2019-10-22,8,2019,True,0.0535883602388676,0.021703337255575637,0.01975798293696999,0.02404495810922075
126,23.10.2019,2019-10-23,8,2019,True,0.0535225209652922,0.021748747706174503,0.01975798293696999,0.024077739986481418
126,24.10.2019,2019-10-24,8,2019,True,0.0537825729563737,0.021849558558479913,0.01975798293696999,0.02418934629698803
126,25.10.2019,2019-10-25,8,2019,True,0.0538435221922939,0.021740362230304906,0.01975798293696999,0.024068456541274423
126,28.10.2019,2019-10-28,8,2019,True,0.0546595391118483,0.021040365721251963,0.01975798293696999,0.024076298017084136
126,29.10.2019,2019-10-29,8,2019,True,0.0557310548878919,0.021732152314115773,0.01975798293696999,0.024059367455779322
126,30.10.2019,2019-10-30,8,2019,True,0.0559193728167961,0.021724632666124528,0.01975798293696999,0.02405104255672908
126,31.10.2019,2019-10-31,8,2019,True,0.0560058597489461,0.020998915677094363,0.01975798293696999,0.02402886711074054
126,01.11.2019,2019-11-01,8,2019,True,0.057243596176357,0.021707335515133607,0.01975798293696999,0.024031893118347945
126,04.11.2019,2019-11-04,8,2019,True,0.0573204042960387,0.021086975275616284,0.01975798293696999,0.024129632903757966
126,05.11.2019,2019-11-05,8,2019,True,0.0572952110636509,0.021755715237326737,0.01975798293696999,0.024085453644559468
126,06.11.2019,2019-11-06,8,2019,True,0.057498409885371,0.021068486157600406,0.01975798293696999,0.024108475975151266
126,07.11.2019,2019-11-07,8,2019,True,0.0575869632095542,0.02083841247153589,0.01975798293696999,0.02416558644584103
126,08.11.2019,2019-11-08,8,2019,True,0.0576023710389404,0.020849747392080942,0.01975798293696999,0.024178731161287197
126,11.11.2019,2019-11-11,8,2019,True,0.0576323436215929,0.02084962859701087,0.01975798293696999,0.024178593398751825
126,12.11.2019,2019-11-12,8,2019,True,0.0579712486312683,0.021098643352934522,0.01975798293696999,0.024142984577893385
126,13.11.2019,2019-11-13,8,2019,True,0.0581253003150971,0.020702796810889615,0.01975798293696999,0.024131040390298585
126,14.11.2019,2019-11-14,8,2019,True,0.0584956718114887,0.021379436159792244,0.01975798293696999,0.024109509435338777
126,15.11.2019,2019-11-15,8,2019,True,0.0584656672836194,0.020681488270343364,0.01975798293696999,0.024106203299094107
126,18.11.2019,2019-11-18,8,2019,True,0.0585479374517584,0.020448800911991978,0.01975798293696999,0.024155226317120342
126,19.11.2019,2019-11-19,8,2019,True,0.0585305967023824,0.02074380150149743,0.01975798293696999,0.024178835181228882
126,20.11.2019,2019-11-20,8,2019,True,0.058507358736457,0.020431246365964956,0.01975798293696999,0.024231675034519423
126,21.11.2019,2019-11-21,8,2019,True,0.0585260186129619,0.020228120663981167,0.01975798293696999,0.023990765796117346
126,22.11.2019,2019-11-22,8,2019,True,0.0586116492490775,0.020290628288623873,0.01975798293696999,0.024064900502360473
126,25.11.2019,2019-11-25,8,2019,True,0.0586348337463248,0.020237852781023417,0.01975798293696999,0.024002308190220062
126,26.11.2019,2019-11-26,8,2019,True,0.0586230028713464,0.020346935351288467,0.01975798293696999,0.023993558981236115
126,27.11.2019,2019-11-27,8,2019,True,0.0591213792910344,0.02016355601339989,0.01975798293696999,0.023777313984945262
126,29.11.2019,2019-11-29,8,2019,True,0.0591762584798297,0.019978601873015648,0.01975798293696999,0.02355921194650476
126,02.12.2019,2019-12-02,8,2019,True,0.0591520164751219,0.020617034216702038,0.01975798293696999,0.02322665679034519
126,03.12.2019,2019-12-03,8,2019,True,0.0591565533341607,0.02070450995542011,0.01975798293696999,0.023308237301901145
126,04.12.2019,2019-12-04,8,2019,True,0.0592949660675824,0.020632286907814053,0.01975798293696999,0.02322693173437537
126,05.12.2019,2019-12-05,8,2019,True,0.059361308136978,0.019755145930733815,0.01975798293696999,0.023389513317289133
126,06.12.2019,2019-12-06,8,2019,True,0.0593475599943627,0.019663838084775946,0.01975798293696999,0.023281407505947996
126,09.12.2019,2019-12-09,8,2019,True,0.0593663601086512,0.019661317992122476,0.01975798293696999,0.023278423790166505
126,10.12.2019,2019-12-10,8,2019,True,0.0597476185845296,0.01966216636052395,0.01975798293696999,0.023279428233469217
126,11.12.2019,2019-12-11,8,2019,True,0.0597504913976667,0.019510042819266705,0.01975798293696999,0.023025393347629628
126,12.12.2019,2019-12-12,8,2019,True,0.0597985670506117,0.0194559283531199,0.01975798293696999,0.02296152845095207
126,13.12.2019,2019-12-13,8,2019,True,0.0598526519065456,0.01944554498614738,0.01975798293696999,0.022949274192413032
126,16.12.2019,2019-12-16,8,2019,True,0.059850969291645,0.01943350527689,0.01975798293696999,0.02293506514920332
126,17.12.2019,2019-12-17,8,2019,True,0.059871268628506,0.019380184081260438,0.01975798293696999,0.022872136455785785
126,18.12.2019,2019-12-18,8,2019,True,0.0598962003138823,0.01939374201922183,0.01975798293696999,0.022888137284560777
126,19.12.2019,2019-12-19,8,2019,True,0.0599303922139217,0.019139657236352872,0.01975798293696999,0.022588271101621014
126,20.12.2019,2019-12-20,8,2019,True,0.0599332551631505,0.019124564755061742,0.01975798293696999,0.022570459233059822
126,23.12.2019,2019-12-23,8,2019,True,0.0601113484675199,0.019125957388201408,0.01975798293696999,0.022572102793052322
126,24.12.2019,2019-12-24,8,2019,True,0.060126757802455,0.019203790293242016,0.01975798293696999,0.022573061204032796
126,26.12.2019,2019-12-26,8,2019,True,0.0601132401422326,0.019153986208933934,0.01975798293696999,0.02251451908155957
126,27.12.2019,2019-12-27,8,2019,True,0.0601378373513459,0.019170660011498215,0.01975798293696999,0.022534118273179565
126,30.12.2019,2019-12-30,8,2019,True,0.0601395739047602,0.019172351745917037,0.01975798293696999,0.02253610681939851
126,31.12.2019,2019-12-31,8,2019,True,0.0601108107717703,0.019018336140796132,0.01975798293696999,0.0224450901782147
126,02.01.2020,2020-01-02,9,2020,True,0.0601654111227235,0.020180051297055215,0.01992808945847394,0.02236844708195284
126,03.01.2020,2020-01-03,9,2020,True,0.060067735261944,0.02010276745310222,0.01992808945847394,0.022282782305966628
126,06.01.2020,2020-01-06,9,2020,True,0.060063939610465,0.02151303092219097,0.01992808945847394,0.02248839712978192
126,07.01.2020,2020-01-07,9,2020,True,0.0600666574951492,0.02202266019041564,0.01992808945847394,0.022490148169480834
126,08.01.2020,2020-01-08,9,2020,True,0.0599889367216574,0.02160701806269247,0.01992808945847394,0.02250743535770207
126,09.01.2020,2020-01-09,9,2020,True,0.0600275081957901,0.021595002755229353,0.01992808945847394,0.022494919342986648
126,10.01.2020,2020-01-10,9,2020,True,0.0600321833276722,0.021586351012116266,0.01992808945847394,0.022485907060575246
126,13.01.2020,2020-01-13,9,2020,True,0.0600307256823087,0.021371865284803095,0.01992808945847394,0.0224901165347548
126,14.01.2020,2020-01-14,9,2020,True,0.0600641547301579,0.022264257525461604,0.01992808945847394,0.022513000366040915
126,15.01.2020,2020-01-15,9,2020,True,0.0600656414572276,0.022082445352110458,0.01992808945847394,0.022329156933556173
126,16.01.2020,2020-01-16,9,2020,True,0.0600550629102772,0.022130928057456752,0.01992808945847394,0.02231872245028927
126,17.01.2020,2020-01-17,9,2020,True,0.0600547876139236,0.02153047149683972,0.01992808945847394,0.02219646809976927
126,21.01.2020,2020-01-21,9,2020,True,0.0601027109577142,0.02024337948520901,0.01992808945847394,0.02218574364083596
126,22.01.2020,2020-01-22,9,2020,True,0.0600797868533381,0.02022130259896298,0.01992808945847394,0.022161548464383323
126,23.01.2020,2020-01-23,9,2020,True,0.060088484098374,0.02178503201692054,0.01992808945847394,0.022231586042230914
126,24.01.2020,2020-01-24,9,2020,True,0.0600646364616671,0.02182773107141361,0.01992808945847394,0.022275160350643558
126,27.01.2020,2020-01-27,9,2020,True,0.0600384719676801,0.024703523306454152,0.01992808945847394,0.022357718803889558
126,28.01.2020,2020-01-28,9,2020,True,0.0600365376570527,0.0246490496085955,0.01992808945847394,0.022446819765489383
126,29.01.2020,2020-01-29,9,2020,True,0.060047144151272,0.024346052745540792,0.01992808945847394,0.022445746489117964
126,30.01.2020,2020-01-30,9,2020,True,0.0600285682866787,0.024300663556093522,0.01992808945847394,0.022403900106448535
126,31.01.2020,2020-01-31,9,2020,True,0.0600362416941848,0.02416819918179136,0.01992808945847394,0.0225045973807334
126,03.02.2020,2020-02-03,9,2020,True,0.0597942373749183,0.0224647092835083,0.01992808945847394,0.021516458328716227
126,04.02.2020,2020-02-04,9,2020,True,0.0597947394854565,0.023173805618463442,0.01992808945847394,0.022195623215720054
126,05.02.2020,2020-02-05,9,2020,True,0.0597723045408413,0.02294177176222842,0.01992808945847394,0.022007247730949836
126,06.02.2020,2020-02-06,9,2020,True,0.0597707863655234,0.023169289607062975,0.01992808945847394,0.02208360927535772
126,07.02.2020,2020-02-07,9,2020,True,0.0597804710722858,0.022757643053574764,0.01992808945847394,0.021691251900532983
126,10.02.2020,2020-02-10,9,2020,True,0.0597659580153842,0.022688601893401467,0.01992808945847394,0.02162544591204382
126,11.02.2020,2020-02-11,9,2020,True,0.0597564790946027,0.02256858135444193,0.01992808945847394,0.021635359729618536
126,12.02.2020,2020-02-12,9,2020,True,0.0597122300666349,0.022256708535573787,0.01992808945847394,0.021673798474682326
126,13.02.2020,2020-02-13,9,2020,True,0.0597083964340035,0.022150033756879912,0.01992808945847394,0.021480573672467508
126,14.02.2020,2020-02-14,9,2020,True,0.0596840973406928,0.022404694978953678,0.01992808945847394,0.021337624022081763
126,18.02.2020,2020-02-18,9,2020,True,0.0596924069019545,0.022378627760847,0.01992808945847394,0.021312798310337666
126,19.02.2020,2020-02-19,9,2020,True,0.0596500654548041,0.020117720325438952,0.01992808945847394,0.02131406328212081
126,20.02.2020,2020-02-20,9,2020,True,0.0596481724855963,0.0200284867344966,0.01992808945847394,0.021352558689930863
126,21.02.2020,2020-02-21,9,2020,True,0.0596437093141127,0.02002612382857111,0.01992808945847394,0.021350039573628087
126,24.02.2020,2020-02-24,9,2020,True,0.059562264169219,0.021894694118110163,0.01992808945847394,0.02138052317785856
126,25.02.2020,2020-02-25,9,2020,True,0.0595527960496972,0.02316952928584216,0.01992808945847394,0.021641942803595552
126,26.02.2020,2020-02-26,9,2020,True,0.0595254508255035,0.023605457461206927,0.01992808945847394,0.02173018371768585
126,27.02.2020,2020-02-27,9,2020,True,0.0594922208906821,0.02432249723400561,0.01992808945847394,0.021848762613911152
126,28.02.2020,2020-02-28,9,2020,True,0.0594344693007615,0.02452670468889608,0.01992808945847394,0.021904658048056778
126,02.03.2020,2020-03-02,9,2020,True,0.0593818245563386,0.024660899817656737,0.01992808945847394,0.022024506941110397
126,03.03.2020,2020-03-03,9,2020,True,0.0593844003325534,0.02479859351749696,0.01992808945847394,0.022147480387752713
126,04.03.2020,2020-03-04,9,2020,True,0.0593765840068874,0.02366458775938321,0.01992808945847394,0.022131402701043884
126,05.03.2020,2020-03-05,9,2020,True,0.0593859492197312,0.023764850730488427,0.01992808945847394,0.02193424051970626
126,06.03.2020,2020-03-06,9,2020,True,0.0587313069986041,0.023191259034122794,0.01992808945847394,0.021688740072173182
126,09.03.2020,2020-03-09,9,2020,True,0.0533534258552843,0.02617171646107162,0.01992808945847394,0.023360945128286067
126,10.03.2020,2020-03-10,9,2020,True,0.0532656052083726,0.035163338264376565,0.01992808945847394,0.03372466811387183
126,11.03.2020,2020-03-11,9,2020,True,0.0531899414006425,0.03570335372562685,0.01992808945847394,0.0345053067281941
126,12.03.2020,2020-03-12,9,2020,True,0.0527846314838682,0.03584914496698212,0.01992808945847394,0.034646205858844585
126,13.03.2020,2020-03-13,9,2020,True,0.0527655596960374,0.0363770418957311,0.01992808945847394,0.035156388896195524
126,16.03.2020,2020-03-16,9,2020,True,0.0516512579259068,0.036441225349500526,0.01992808945847394,0.0352184186364885
126,17.03.2020,2020-03-17,9,2020,True,0.0515097415534538,0.03629606402922923,0.01992808945847394,0.036664666261225415
126,18.03.2020,2020-03-18,9,2020,True,0.0499075115945311,0.03600224534594358,0.01992808945847394,0.03454746115832977
126,19.03.2020,2020-03-19,9,2020,True,0.0485501556841431,0.0358892401789888,0.01992808945847394,0.03625371093879265
126,20.03.2020,2020-03-20,9,2020,True,0.0482831147522444,0.03743598554821678,0.01992808945847394,0.038400572061420175
126,23.03.2020,2020-03-23,9,2020,True,0.048442959203062,0.037623706405227275,0.01992808945847394,0.03859312978873788
126,24.03.2020,2020-03-24,9,2020,True,0.0484437893792722,0.03803758345943685,0.01992808945847394,0.03859843260763018
126,25.03.2020,2020-03-25,9,2020,True,0.0484417553441031,0.03802924525753366,0.01992808945847394,0.038589971462232434
126,26.03.2020,2020-03-26,9,2020,True,0.0482916277409362,0.038015698155845615,0.01992808945847394,0.03857622461387935
126,27.03.2020,2020-03-27,9,2020,True,0.0480047705427901,0.03812038415493955,0.01992808945847394,0.03868245416669252
126,30.03.2020,2020-03-30,9,2020,True,0.0472419133643857,0.03833751107612902,0.01992808945847394,0.038902782538597934
126,31.03.2020,2020-03-31,9,2020,True,0.0473636421140481,0.03903327920787328,0.01992808945847394,0.03960880949670652
126,01.04.2020,2020-04-01,9,2020,True,0.0468240331240188,0.03902707156670743,0.01992808945847394,0.039602510326322886
126,02.04.2020,2020-04-02,9,2020,True,0.0437178522390999,0.03979683174459521,0.01992808945847394,0.04038362031407811
126,03.04.2020,2020-04-03,9,2020,True,0.0423543112493724,0.04339474005264291,0.01992808945847394,0.044034578359420457
126,06.04.2020,2020-04-06,9,2020,True,0.0424753638907237,0.04499641882321849,0.01992808945847394,0.045659873251012624
126,07.04.2020,2020-04-07,9,2020,True,0.0424233427279567,0.04503906769596606,0.01992808945847394,0.04570315096454808
126,08.04.2020,2020-04-08,9,2020,True,0.0423798161870125,0.0451240499026627,0.01992808945847394,0.04578938620032551
126,09.04.2020,2020-04-09,9,2020,True,0.0422740361312964,0.0452266565151893,0.01992808945847394,0.04589350570683749
126,13.04.2020,2020-04-13,9,2020,True,0.0422889864358194,0.0421653656443591,0.01992808945847394,0.04601316833531675
126,14.04.2020,2020-04-14,9,2020,True,0.041872813472749,0.03858773782698495,0.01992808945847394,0.04599937988265567
126,15.04.2020,2020-04-15,9,2020,True,0.0414250379781865,0.038829596909480124,0.01992808945847394,0.046287693436138616
126,16.04.2020,2020-04-16,9,2020,True,0.0414522483332587,0.03908389756983162,0.01992808945847394,0.04659083825204794
126,17.04.2020,2020-04-17,9,2020,True,0.0414539097837072,0.03816369268355772,0.01992808945847394,0.0465990036628723
126,20.04.2020,2020-04-20,9,2020,True,0.0405363565860483,0.03723674187669093,0.01992808945847394,0.0465928083777479
126,21.04.2020,2020-04-21,9,2020,True,0.031541063508861,0.045914100992183966,0.01992808945847394,0.0472243725718264
126,22.04.2020,2020-04-22,9,2020,True,0.0312735256013391,0.051645769196109595,0.01992808945847394,0.05311960799778742
126,23.04.2020,2020-04-23,9,2020,True,0.0312625892660942,0.051918118190265865,0.01992808945847394,0.053399729139041764
126,24.04.2020,2020-04-24,9,2020,True,0.0312809020264661,0.052101515594953435,0.01992808945847394,0.05358836023886764
126,27.04.2020,2020-04-27,9,2020,True,0.0306035257341944,0.0519432456969057,0.01992808945847394,0.05352252096529225
126,28.04.2020,2020-04-28,9,2020,True,0.0307464120977587,0.05243160494381084,0.01992808945847394,0.05378257295637375
126,29.04.2020,2020-04-29,9,2020,True,0.0296546399841604,0.052491023191836815,0.01992808945847394,0.053843522192293984
126,30.04.2020,2020-04-30,9,2020,True,0.02841258037658,0.053286542528337276,0.01992808945847394,0.05465953911184839
126,01.05.2020,2020-05-01,9,2020,True,0.0284045127674609,0.04071256440613424,0.01992808945847394,0.05573105488789191
126,04.05.2020,2020-05-04,9,2020,True,0.0283200378274347,0.0446904860210131,0.01992808945847394,0.055919372816796126
126,05.05.2020,2020-05-05,9,2020,True,0.0261320032274214,0.03956726829280968,0.01992808945847394,0.05600585974894622
126,06.05.2020,2020-05-06,9,2020,True,0.0258873345870945,0.04044170981586958,0.01992808945847394,0.05724359617635704
126,07.05.2020,2020-05-07,9,2020,True,0.0260572897563127,0.04395322715093336,0.01992808945847394,0.05732040429603879
126,08.05.2020,2020-05-08,9,2020,True,0.0257227024087858,0.0412673442329616,0.01992808945847394,0.057295211063651
126,11.05.2020,2020-05-11,9,2020,True,0.0256240407662803,0.04062173173561934,0.01992808945847394,0.057498409885371
126,12.05.2020,2020-05-12,9,2020,True,0.0263565217794068,0.04068429328099842,0.01992808945847394,0.05758696320955423
126,13.05.2020,2020-05-13,9,2020,True,0.0263190133697726,0.04069517867266757,0.01992808945847394,0.05760237103894047
126,14.05.2020,2020-05-14,9,2020,True,0.0257400224327318,0.040716353835847936,0.01992808945847394,0.05763234362159298
126,15.05.2020,2020-05-15,9,2020,True,0.0254950440817442,0.04095578495080116,0.01992808945847394,0.05797124863126839
126,18.05.2020,2020-05-18,9,2020,True,0.0248478914577701,0.04106462006791809,0.01992808945847394,0.05812530031509713
126,19.05.2020,2020-05-19,9,2020,True,0.024921115461981,0.04132628176602304,0.01992808945847394,0.05849567181148876
126,20.05.2020,2020-05-20,9,2020,True,0.0247826477395759,0.039375020494676394,0.01992808945847394,0.05846566728361947
126,21.05.2020,2020-05-21,9,2020,True,0.0247970815973588,0.039430427192437285,0.01992808945847394,0.058547937451758444
126,22.05.2020,2020-05-22,9,2020,True,0.0246754383064213,0.03941874867419234,0.01992808945847394,0.05853059670238239
126,26.05.2020,2020-05-26,9,2020,True,0.0245914118515249,0.03940309854263519,0.01992808945847394,0.05850735873645705
126,27.05.2020,2020-05-27,9,2020,True,0.0243792552345061,0.04000423908616073,0.01992808945847394,0.058526018612961916
126,28.05.2020,2020-05-28,9,2020,True,0.0245619205529889,0.04006277012109964,0.01992808945847394,0.05861164924907757
126,29.05.2020,2020-05-29,9,2020,True,0.0245894476322413,0.04007861740053117,0.01992808945847394,0.05863483374632489
126,01.06.2020,2020-06-01,9,2020,True,0.0235713792484008,0.040070530652748654,0.01992808945847394,0.05862300287134641
126,02.06.2020,2020-06-02,9,2020,True,0.0234467014038928,0.040411185457579185,0.01992808945847394,0.05912137929103448
126,03.06.2020,2020-06-03,9,2020,True,0.0234480884106901,0.040448696982221574,0.01992808945847394,0.05917625847982977
126,04.06.2020,2020-06-04,9,2020,True,0.0234890592742561,0.040432126865626555,0.01992808945847394,0.059152016475121964
126,05.06.2020,2020-06-05,9,2020,True,0.0229826284236271,0.04007506765074996,0.01992808945847394,0.059156553334160804
126,08.06.2020,2020-06-08,9,2020,True,0.0227543311113699,0.0401688340949217,0.01992808945847394,0.059294966067582514
126,09.06.2020,2020-06-09,9,2020,True,0.0227640128880577,0.04021377692490876,0.01992808945847394,0.05936130813697807
126,10.06.2020,2020-06-10,9,2020,True,0.0227388338693555,0.040204463371053295,0.01992808945847394,0.05934755999436274
126,11.06.2020,2020-06-11,9,2020,True,0.0215591884937771,0.04021719933705352,0.01992808945847394,0.059366360108651255
126,12.06.2020,2020-06-12,9,2020,True,0.0216836645440714,0.04047547941511927,0.01992808945847394,0.059747618584529635
126,15.06.2020,2020-06-15,9,2020,True,0.0215938300210002,0.04025187455978184,0.01992808945847394,0.05975049139766673
126,16.06.2020,2020-06-16,9,2020,True,0.0214413562034454,0.04050999398890467,0.01992808945847394,0.05979856705061173
126,17.06.2020,2020-06-17,9,2020,True,0.0214407818381355,0.04054663328139674,0.01992808945847394,0.05985265190654565
126,18.06.2020,2020-06-18,9,2020,True,0.0213857780178534,0.03982544311345913,0.01992808945847394,0.05985096929164503
126,19.06.2020,2020-06-19,9,2020,True,0.0213537806846833,0.03887007761983521,0.01992808945847394,0.05987126862850605
126,22.06.2020,2020-06-22,9,2020,True,0.0213159476769203,0.038669566528464976,0.01992808945847394,0.05989620031388235
126,23.06.2020,2020-06-23,9,2020,True,0.0214321270248569,0.03869164114999988,0.01992808945847394,0.05993039221392174
126,24.06.2020,2020-06-24,9,2020,True,0.020867599313176,0.03869348949772631,0.01992808945847394,0.05993325516315057
126,25.06.2020,2020-06-25,9,2020,True,0.020895303852147,0.03880846825840722,0.01992808945847394,0.06011134846751994
126,26.06.2020,2020-06-26,9,2020,True,0.0208941126596097,0.038818416674154976,0.01992808945847394,0.06012675780245508
126,29.06.2020,2020-06-29,9,2020,True,0.0208704832155065,0.03902717219517651,0.01992808945847394,0.06011324014223262
126,30.06.2020,2020-06-30,9,2020,True,0.0208279517191128,0.03882556973813395,0.01992808945847394,0.06013783735134599
126,01.07.2020,2020-07-01,9,2020,True,0.0207567523436227,0.03882669087382257,0.01992808945847394,0.060139573904760296
126,02.07.2020,2020-07-02,9,2020,True,0.0206509172467309,0.03880812111682809,0.01992808945847394,0.06011081077177036
126,06.07.2020,2020-07-06,9,2020,True,0.020694585153248,0.03884337163176221,0.01992808945847394,0.060165411122723535
126,07.07.2020,2020-07-07,9,2020,True,0.0211061834615145,0.03878031115084948,0.01992808945847394,0.06006773526194401
126,08.07.2020,2020-07-08,9,2020,True,0.0211281658651707,0.038777860641524754,0.01992808945847394,0.06006393961046505
126,09.07.2020,2020-07-09,9,2020,True,0.0210202817490388,0.03877961533417739,0.01992808945847394,0.06006665749514923
126,10.07.2020,2020-07-10,9,2020,True,0.0210934029085374,0.03872943805071979,0.01992808945847394,0.05998893672165748
126,13.07.2020,2020-07-13,9,2020,True,0.0210673845009169,0.038754340167669765,0.01992808945847394,0.06002750819579018
126,14.07.2020,2020-07-14,9,2020,True,0.0211050785529054,0.038757358478053325,0.01992808945847394,0.06003218332767226
126,15.07.2020,2020-07-15,9,2020,True,0.021064739352467,0.038756417408101276,0.01992808945847394,0.0600307256823088
126,16.07.2020,2020-07-16,9,2020,True,0.0210425415176593,0.03877799952488017,0.01992808945847394,0.06006415473015795
126,17.07.2020,2020-07-17,9,2020,True,0.0211574529156044,0.038778959370263155,0.01992808945847394,0.060065641457227606
126,20.07.2020,2020-07-20,9,2020,True,0.0211863386889341,0.03877212975798512,0.01992808945847394,0.06005506291027725
126,21.07.2020,2020-07-21,9,2020,True,0.0210967576133832,0.03877195202399525,0.01992808945847394,0.06005478761392367
126,22.07.2020,2020-07-22,9,2020,True,0.0210959610799295,0.0388028917984929,0.01992808945847394,0.060102710957714287
126,23.07.2020,2020-07-23,9,2020,True,0.0210226803333913,0.038788091774874835,0.01992808945847394,0.06007978685333817
126,24.07.2020,2020-07-24,9,2020,True,0.0210303016129278,0.03879370680043184,0.01992808945847394,0.06008848409837406
126,27.07.2020,2020-07-27,9,2020,True,0.0210306856911825,0.038960413914988896,0.01992808945847394,0.06006463646166721
126,28.07.2020,2020-07-28,9,2020,True,0.021025641356458,0.038943442539223355,0.01992808945847394,0.06003847196768017
126,29.07.2020,2020-07-29,9,2020,True,0.0210150347067914,0.03894218786514019,0.01992808945847394,0.06003653765705278
126,30.07.2020,2020-07-30,9,2020,True,0.0209370003282711,0.03894906767711133,0.01992808945847394,0.06004714415127208
126,31.07.2020,2020-07-31,9,2020,True,0.0209370645585909,0.038937018601048944,0.01992808945847394,0.06002856828667873
126,03.08.2020,2020-08-03,9,2020,True,0.0209375061041464,0.03894199589135131,0.01992808945847394,0.06003624169418482
126,04.08.2020,2020-08-04,9,2020,True,0.0209777879103466,0.0387850218546591,0.01992808945847394,0.05979423737491832
126,05.08.2020,2020-08-05,9,2020,True,0.0209419210824678,0.038785347544375244,0.01992808945847394,0.05979473948545652
126,06.08.2020,2020-08-06,9,2020,True,0.0209466340385442,0.038770795308985855,0.01992808945847394,0.059772304540841315
126,07.08.2020,2020-08-07,9,2020,True,0.0209485946044869,0.038769810557520386,0.01992808945847394,0.05977078636552348
126,10.08.2020,2020-08-10,9,2020,True,0.0209340040852933,0.03908819259985229,0.01992808945847394,0.059780471072285894
126,11.08.2020,2020-08-11,9,2020,True,0.020902052056674,0.038852484500731116,0.01992808945847394,0.05976595801538425
126,12.08.2020,2020-08-12,9,2020,True,0.0208502117815155,0.03907250515163199,0.01992808945847394,0.05975647909460272
126,13.08.2020,2020-08-13,9,2020,True,0.0208832957361097,0.03877519646740256,0.01992808945847394,0.05971223006663492
126,14.08.2020,2020-08-14,9,2020,True,0.0209031808608981,0.038548261583903384,0.01992808945847394,0.05970839643400358
126,17.08.2020,2020-08-17,9,2020,True,0.0209155765239139,0.03875692798246486,0.01992808945847394,0.05968409734069282
126,18.08.2020,2020-08-18,9,2020,True,0.0209314092196863,0.03853793860253323,0.01992808945847394,0.05969240690195456
126,19.08.2020,2020-08-19,9,2020,True,0.0209942816571666,0.038270661455842334,0.01992808945847394,0.059650065454804176
126,20.08.2020,2020-08-20,9,2020,True,0.0211752828254514,0.038269446952838064,0.01992808945847394,0.05964817248559633
126,21.08.2020,2020-08-21,9,2020,True,0.0211309439377497,0.03826658344340909,0.01992808945847394,0.05964370931411272
126,24.08.2020,2020-08-24,9,2020,True,0.0211846216944762,0.03856471157357573,0.01992808945847394,0.05956226416921904
126,25.08.2020,2020-08-25,9,2020,True,0.0211584246472364,0.03855858126097606,0.01992808945847394,0.059552796049697265
126,26.08.2020,2020-08-26,9,2020,True,0.0211853406779412,0.038540876079706424,0.01992808945847394,0.059525450825503534
126,27.08.2020,2020-08-27,9,2020,True,0.0214501280842067,0.03851936073152632,0.01992808945847394,0.05949222089068213
126,28.08.2020,2020-08-28,9,2020,True,0.021510447825274,0.03848196837515322,0.01992808945847394,0.05943446930076152
126,31.08.2020,2020-08-31,9,2020,True,0.0215758790582085,0.03844788254223787,0.01992808945847394,0.05938182455633866
126,01.09.2020,2020-09-01,9,2020,True,0.0218385514280316,0.038449550277139914,0.01992808945847394,0.059384400332553405
126,02.09.2020,2020-09-02,9,2020,True,0.0219134042290661,0.03874584199534767,0.01992808945847394,0.059376584006887445
126,03.09.2020,2020-09-03,9,2020,True,0.0219600621942513,0.03845055313336281,0.01992808945847394,0.059385949219731206
126,04.09.2020,2020-09-04,9,2020,True,0.0217586359251065,0.03852994737091849,0.01992808945847394,0.058731306998604155
126,08.09.2020,2020-09-08,9,2020,True,0.020732589409802,0.03810939999851536,0.01992808945847394,0.053353425855284346
126,09.09.2020,2020-09-09,9,2020,True,0.0207332875064523,0.044521278288755545,0.01992808945847394,0.053265605208372604
126,10.09.2020,2020-09-10,9,2020,True,0.0206568312305012,0.03821384153700138,0.01992808945847394,0.05318994140064258
126,11.09.2020,2020-09-11,9,2020,True,0.0206537032874056,0.03851805458470253,0.01992808945847394,0.05278463148386826
126,14.09.2020,2020-09-14,9,2020,True,0.0206603226412005,0.038504137500429234,0.01992808945847394,0.052765559696037426
126,15.09.2020,2020-09-15,9,2020,True,0.0206113987880139,0.037994886717601054,0.01992808945847394,0.05165125792590689
126,16.09.2020,2020-09-16,9,2020,True,0.0214355700543344,0.03730507468665998,0.01992808945847394,0.051509741553453794
126,17.09.2020,2020-09-17,9,2020,True,0.0213946598203762,0.03577885227485506,0.01992808945847394,0.04990751159453112
126,18.09.2020,2020-09-18,9,2020,True,0.0213869760621499,0.031596741775926605,0.01992808945847394,0.04855015568414311
126,21.09.2020,2020-09-21,9,2020,True,0.0217995220778328,0.03166926341060295,0.01992808945847394,0.048283114752244435
126,22.09.2020,2020-09-22,9,2020,True,0.0223376532059226,0.03480341428890672,0.01992808945847394,0.04844295920306204
126,23.09.2020,2020-09-23,9,2020,True,0.0226539616683322,0.03480401072164021,0.01992808945847394,0.04844378937927222
126,24.09.2020,2020-09-24,9,2020,True,0.022909340848091,0.03480254938711743,0.01992808945847394,0.0484417553441031
126,25.09.2020,2020-09-25,9,2020,True,0.0229080921035552,0.03469469154244461,0.01992808945847394,0.048291627740936274
126,28.09.2020,2020-09-28,9,2020,True,0.0229417186375412,0.03448860153322393,0.01992808945847394,0.04800477054279011
126,29.09.2020,2020-09-29,9,2020,True,0.0227314474145315,0.0339405335609107,0.01992808945847394,0.047241913364385706
126,30.09.2020,2020-09-30,9,2020,True,0.022776915840527,0.034562244748014774,0.01992808945847394,0.047363642114048116
126,01.10.2020,2020-10-01,9,2020,True,0.0231454032037641,0.03364031120934725,0.01992808945847394,0.04682403312401885
126,02.10.2020,2020-10-02,9,2020,True,0.022800203840767,0.037129299474758126,0.01992808945847394,0.04371785223909994
126,05.10.2020,2020-10-05,9,2020,True,0.022417513839762,0.036861800053818096,0.01992808945847394,0.04235431124937244
126,06.10.2020,2020-10-06,9,2020,True,0.0222665070045878,0.03607406186316525,0.01992808945847394,0.042475363890723726
126,07.10.2020,2020-10-07,9,2020,True,0.0222123317490734,0.034336609976745855,0.01992808945847394,0.042423342727956746
126,08.10.2020,2020-10-08,9,2020,True,0.0220660220514221,0.030925442260213373,0.01992808945847394,0.04237981618701254
126,09.10.2020,2020-10-09,9,2020,True,0.0220298837108447,0.030371406234174128,0.01992808945847394,0.04227403613129643
126,12.10.2020,2020-10-12,9,2020,True,0.0221735212306471,0.030382147147830524,0.01992808945847394,0.042288986435819464
126,13.10.2020,2020-10-13,9,2020,True,0.0221402569647922,0.03055547172762452,0.01992808945847394,0.04187281347274906
126,14.10.2020,2020-10-14,9,2020,True,0.0220960949173032,0.033528601964491714,0.01992808945847394,0.04142503797818654
126,15.10.2020,2020-10-15,9,2020,True,0.0220868928135393,0.029781000080974708,0.01992808945847394,0.04145224833325868
126,16.10.2020,2020-10-16,9,2020,True,0.0220933966322006,0.029782193735310315,0.01992808945847394,0.041453909783707256
126,19.10.2020,2020-10-19,9,2020,True,0.0221633950666308,0.029469880421482315,0.01992808945847394,0.040536356586048296
126,20.10.2020,2020-10-20,9,2020,True,0.0221487690905847,0.026844769221150578,0.01992808945847394,0.03154106350886105
126,21.10.2020,2020-10-21,9,2020,True,0.0219076411768709,0.026617066265499863,0.01992808945847394,0.03127352560133916
126,22.10.2020,2020-10-22,9,2020,True,0.0218932038821131,0.03113481250795062,0.01992808945847394,0.0312625892660942
126,23.10.2020,2020-10-23,9,2020,True,0.0218323338847756,0.029993281673829305,0.01992808945847394,0.03128090202646609
126,26.10.2020,2020-10-26,9,2020,True,0.0216117954122628,0.026455773498059353,0.01992808945847394,0.030603525734194403
126,27.10.2020,2020-10-27,9,2020,True,0.0216164738647109,0.031700456748620175,0.01992808945847394,0.030746412097758673
126,28.10.2020,2020-10-28,9,2020,True,0.021133153758083,0.03064826355368086,0.01992808945847394,0.029654639984160396
126,29.10.2020,2020-10-29,9,2020,True,0.0207840203756282,0.031176810947892177,0.01992808945847394,0.02841258037657998
126,30.10.2020,2020-10-30,9,2020,True,0.0208066321940948,0.03198888011787358,0.01992808945847394,0.0284045127674609
126,02.11.2020,2020-11-02,9,2020,True,0.0205744113342053,0.031075265029812994,0.01992808945847394,0.0283200378274347
126,03.11.2020,2020-11-03,9,2020,True,0.0205909108554352,0.02942960244822368,0.01992808945847394,0.026132003227421378
126,04.11.2020,2020-11-04,9,2020,True,0.0203731270712391,0.0284058866062001,0.01992808945847394,0.025887334587094545
126,05.11.2020,2020-11-05,9,2020,True,0.0203502120993034,0.028920970309536043,0.01992808945847394,0.02605728975631268
126,06.11.2020,2020-11-06,9,2020,True,0.0200163202456371,0.027981981205108943,0.01992808945847394,0.02572270240878578
126,09.11.2020,2020-11-09,9,2020,True,0.019081079511366,0.028440107514727322,0.01992808945847394,0.025624040766280363
126,10.11.2020,2020-11-10,9,2020,True,0.0192410281717181,0.02640062522257854,0.01992808945847394,0.026356521779406856
126,11.11.2020,2020-11-11,9,2020,True,0.0193320124730787,0.02573784551903471,0.01992808945847394,0.026319013369772656
126,12.11.2020,2020-11-12,9,2020,True,0.0193228102606551,0.025171639670619667,0.01992808945847394,0.02574002243273179
126,13.11.2020,2020-11-13,9,2020,True,0.019274533855855,0.02553770597913834,0.01992808945847394,0.025495044081744227
126,16.11.2020,2020-11-16,9,2020,True,0.01942452588727,0.02431258972468479,0.01992808945847394,0.024847891457770166
126,17.11.2020,2020-11-17,9,2020,True,0.019566745558304,0.024189213247863973,0.01992808945847394,0.024921115461981027
126,18.11.2020,2020-11-18,9,2020,True,0.019604734080012,0.02405481215051692,0.01992808945847394,0.024782647739575933
126,19.11.2020,2020-11-19,9,2020,True,0.0197401031452333,0.024055574599445833,0.01992808945847394,0.024797081597358796
126,20.11.2020,2020-11-20,9,2020,True,0.0197024924098208,0.023937568807184336,0.01992808945847394,0.02467543830642129
126,23.11.2020,2020-11-23,9,2020,True,0.0196136473160117,0.021991366343637835,0.01992808945847394,0.02459141185152491
126,24.11.2020,2020-11-24,9,2020,True,0.0193645737943464,0.021456050586554046,0.01992808945847394,0.02437925523450613
126,25.11.2020,2020-11-25,9,2020,True,0.0193315603548621,0.021616813344730014,0.01992808945847394,0.02456192055298889
126,27.11.2020,2020-11-27,9,2020,True,0.0193100055262916,0.02164103977819807,0.01992808945847394,0.024589447632241287
126,30.11.2020,2020-11-30,9,2020,True,0.019292735135221,0.02263508053820494,0.01992808945847394,0.023571379248400828
126,01.12.2020,2020-12-01,9,2020,True,0.0192861069606565,0.021382799137831754,0.01992808945847394,0.023446701403892795
126,02.12.2020,2020-12-02,9,2020,True,0.0192495211045138,0.021384064052978585,0.01992808945847394,0.023448088410690075
126,03.12.2020,2020-12-03,9,2020,True,0.0192567236782598,0.021204610012602935,0.01992808945847394,0.023489059274256124
126,04.12.2020,2020-12-04,9,2020,True,0.0192540083725423,0.01967418898368612,0.01992808945847394,0.02298262842362713
126,07.12.2020,2020-12-07,9,2020,True,0.0192236993259236,0.019040929589507722,0.01992808945847394,0.022754331111369923
126,08.12.2020,2020-12-08,9,2020,True,0.019222997639507,0.0194191585473044,0.01992808945847394,0.02276401288805774
126,09.12.2020,2020-12-09,9,2020,True,0.0192215746976213,0.019397679234379763,0.01992808945847394,0.022738833869355567
126,10.12.2020,2020-12-10,9,2020,True,0.0190911683654965,0.018477731732820198,0.01992808945847394,0.021559188493777092
126,11.12.2020,2020-12-11,9,2020,True,0.0191075937274062,0.01849755233132857,0.01992808945847394,0.02168366454407143
126,14.12.2020,2020-12-14,9,2020,True,0.0191064408086537,0.018569183080287845,0.01992808945847394,0.021593830021000182
126,15.12.2020,2020-12-15,9,2020,True,0.019188234008032,0.018524651063950657,0.01992808945847394,0.02144135620344544
126,16.12.2020,2020-12-16,9,2020,True,0.0191876793247282,0.018524154830557176,0.01992808945847394,0.02144078183813551
126,17.12.2020,2020-12-17,9,2020,True,0.0192339121474345,0.01847663327603226,0.01992808945847394,0.021385778017853407
126,18.12.2020,2020-12-18,9,2020,True,0.0192087513912748,0.018448988595988258,0.01992808945847394,0.021353780684683275
126,21.12.2020,2020-12-21,9,2020,True,0.0190319951851155,0.018416302078360428,0.01992808945847394,0.02131594767692032
126,22.12.2020,2020-12-22,9,2020,True,0.0189515718735262,0.01843012981659656,0.01992808945847394,0.021432127024856945
126,23.12.2020,2020-12-23,9,2020,True,0.0188811753899635,0.01784079654707864,0.01992808945847394,0.020867599313176013
126,24.12.2020,2020-12-24,9,2020,True,0.0189921105024417,0.017948374102739768,0.01992808945847394,0.020895303852146975
126,28.12.2020,2020-12-28,9,2020,True,0.0189653345896064,0.018051850015343103,0.01992808945847394,0.02089411265960969
126,29.12.2020,2020-12-29,9,2020,True,0.0189656331015873,0.018031434925798753,0.01992808945847394,0.020870483215506556
126,30.12.2020,2020-12-30,9,2020,True,0.0189733898428466,0.017994689063156218,0.01992808945847394,0.02082795171911283
126,31.12.2020,2020-12-31,9,2020,True,0.0189665309293492,0.01793317506308963,0.01992808945847394,0.020756752343622665
126,04.01.2021,2021-01-04,10,2021,True,0.0190363196702613,0.018220736727210432,0.021786037880959022,0.02065091724673086
126,05.01.2021,2021-01-05,10,2021,True,0.0186684438248515,0.01828593766327783,0.021786037880959022,0.02069458515324804
126,06.01.2021,2021-01-06,10,2021,True,0.0186549650757609,0.018432444243826136,0.021786037880959022,0.021106183461514525
126,07.01.2021,2021-01-07,10,2021,True,0.0187134995997197,0.018389373999240854,0.021786037880959022,0.021128165865170745
126,08.01.2021,2021-01-08,10,2021,True,0.018573057907314,0.018295474634156945,0.021786037880959022,0.021020281749038843
126,11.01.2021,2021-01-11,10,2021,True,0.0186072178326577,0.018359117278665595,0.021786037880959022,0.02109340290853739
126,12.01.2021,2021-01-12,10,2021,True,0.0187016765605578,0.017818691730370963,0.021786037880959022,0.021067384500916934
126,13.01.2021,2021-01-13,10,2021,True,0.018755781607228,0.017547926699458906,0.021786037880959022,0.02110507855290537
126,14.01.2021,2021-01-14,10,2021,True,0.0187519386216753,0.018070566517479143,0.021786037880959022,0.021064739352466985
126,15.01.2021,2021-01-15,10,2021,True,0.0196899009342231,0.01805152391535031,0.021786037880959022,0.021042541517659285
126,19.01.2021,2021-01-19,10,2021,True,0.0196731194054126,0.01840216554136215,0.021786037880959022,0.021157452915604363
126,20.01.2021,2021-01-20,10,2021,True,0.0199769571356545,0.018030327087937163,0.021786037880959022,0.021186338688934162
126,21.01.2021,2021-01-21,10,2021,True,0.0200506152917596,0.018603358437804293,0.021786037880959022,0.021096757613383255
126,22.01.2021,2021-01-22,10,2021,True,0.020008709040294,0.018077359923272918,0.021786037880959022,0.02109596107992952
126,25.01.2021,2021-01-25,10,2021,True,0.0200030500385964,0.01827150012161901,0.021786037880959022,0.021022680333391334
126,26.01.2021,2021-01-26,10,2021,True,0.0200037407882462,0.018232135483141988,0.021786037880959022,0.021030301612927762
126,27.01.2021,2021-01-27,10,2021,True,0.0200006822328789,0.018232468458241734,0.021786037880959022,0.02103068569118254
126,28.01.2021,2021-01-28,10,2021,True,0.0200344051485092,0.018815067446689777,0.021786037880959022,0.021025641356457986
126,29.01.2021,2021-01-29,10,2021,True,0.0200318079124964,0.020304968160024587,0.021786037880959022,0.021015034706791454
126,01.02.2021,2021-02-01,10,2021,True,0.0204864331514369,0.020230450245715254,0.021786037880959022,0.02093700032827114
126,02.02.2021,2021-02-02,10,2021,True,0.0204403811371097,0.01952002029192922,0.021786037880959022,0.020937064558590894
126,03.02.2021,2021-02-03,10,2021,True,0.0205695254036571,0.01850058498924917,0.021786037880959022,0.02093750610414636
126,04.02.2021,2021-02-04,10,2021,True,0.0205897371041547,0.01851205742977914,0.021786037880959022,0.02097778791034659
126,05.02.2021,2021-02-05,10,2021,True,0.0205987357129599,0.0182122778588804,0.021786037880959022,0.02094192108246777
126,08.02.2021,2021-02-08,10,2021,True,0.0206486876840837,0.018358686188644273,0.021786037880959022,0.020946634038544232
126,09.02.2021,2021-02-09,10,2021,True,0.0207282856790433,0.019255527436869244,0.021786037880959022,0.020948594604486896
126,10.02.2021,2021-02-10,10,2021,True,0.0207435980840952,0.019409962825894213,0.021786037880959022,0.020934004085293317
126,11.02.2021,2021-02-11,10,2021,True,0.0207369913055972,0.019825908618018567,0.021786037880959022,0.02090205205667404
126,12.02.2021,2021-02-12,10,2021,True,0.0206858438682364,0.02127324305137324,0.021786037880959022,0.020850211781515523
126,16.02.2021,2021-02-16,10,2021,True,0.0207003654734817,0.02130699824842147,0.021786037880959022,0.020883295736109697
126,17.02.2021,2021-02-17,10,2021,True,0.0206687700847024,0.021265122558500982,0.021786037880959022,0.02090318086089806
126,18.02.2021,2021-02-18,10,2021,True,0.0206882439362583,0.022228706757840066,0.021786037880959022,0.020915576523913897
126,19.02.2021,2021-02-19,10,2021,True,0.0207750587967473,0.022245533468359356,0.021786037880959022,0.02093140921968635
126,22.02.2021,2021-02-22,10,2021,True,0.0205959094010414,0.02231235318878642,0.021786037880959022,0.02099428165716659
126,23.02.2021,2021-02-23,10,2021,True,0.021136369376838,0.022504718046051007,0.021786037880959022,0.021175282825451384
126,24.02.2021,2021-02-24,10,2021,True,0.0212194589290053,0.02278475876354327,0.021786037880959022,0.021130943937749704
126,25.02.2021,2021-02-25,10,2021,True,0.0212673317598878,0.022842637613706557,0.021786037880959022,0.02118462169447622
126,26.02.2021,2021-02-26,10,2021,True,0.0212955497390725,0.022626477813045272,0.021786037880959022,0.021158424647236405
126,01.03.2021,2021-03-01,10,2021,True,0.0211074636413339,0.026535519281671322,0.021786037880959022,0.02118534067794119
126,02.03.2021,2021-03-02,10,2021,True,0.0210677440258376,0.02701459325852271,0.021786037880959022,0.02145012808420675
126,03.03.2021,2021-03-03,10,2021,True,0.0209970443116563,0.0269040837498671,0.021786037880959022,0.021510447825273993
126,04.03.2021,2021-03-04,10,2021,True,0.0207679387179548,0.023388579363652913,0.021786037880959022,0.021575879058208482
126,05.03.2021,2021-03-05,10,2021,True,0.0205611806765641,0.023172408035667363,0.021786037880959022,0.021838551428031594
126,08.03.2021,2021-03-08,10,2021,True,0.0205141967199089,0.023060315906564245,0.021786037880959022,0.02191340422906608
126,09.03.2021,2021-03-09,10,2021,True,0.020524365384341,0.024896423850625085,0.021786037880959022,0.021960062194251315
126,10.03.2021,2021-03-10,10,2021,True,0.0205478472511069,0.02393896661427855,0.021786037880959022,0.021758635925106542
126,11.03.2021,2021-03-11,10,2021,True,0.0204800334274149,0.022810104797797184,0.021786037880959022,0.02073258940980199
126,12.03.2021,2021-03-12,10,2021,True,0.0205509306522845,0.022810872847433373,0.021786037880959022,0.020733287506452338
126,15.03.2021,2021-03-15,10,2021,True,0.0205565015508673,0.02272675524724255,0.021786037880959022,0.020656831230501226
126,16.03.2021,2021-03-16,10,2021,True,0.0205450835934348,0.02202034359010346,0.021786037880959022,0.020653703287405605
126,17.03.2021,2021-03-17,10,2021,True,0.0206512992332454,0.022027400941653483,0.021786037880959022,0.020660322641200546
126,18.03.2021,2021-03-18,10,2021,True,0.0195906807866835,0.021510251582044573,0.021786037880959022,0.020611398788013952
126,19.03.2021,2021-03-19,10,2021,True,0.0195293008557145,0.027480726725273102,0.021786037880959022,0.021435570054334406
126,22.03.2021,2021-03-22,10,2021,True,0.0196124871844722,0.027468555766502707,0.021786037880959022,0.021394659820376173
126,23.03.2021,2021-03-23,10,2021,True,0.0188052435781751,0.02360774597688286,0.021786037880959022,0.021386976062149947
126,24.03.2021,2021-03-24,10,2021,True,0.0182314364169694,0.027951606617221042,0.021786037880959022,0.021799522077832787
126,25.03.2021,2021-03-25,10,2021,True,0.0179019296313384,0.028845390442426604,0.021786037880959022,0.022337653205922636
126,26.03.2021,2021-03-26,10,2021,True,0.0175637905434192,0.029253850588814297,0.021786037880959022,0.02265396166833224
126,29.03.2021,2021-03-29,10,2021,True,0.0176221417207653,0.029175459896463588,0.021786037880959022,0.022909340848091014
126,30.03.2021,2021-03-30,10,2021,True,0.0175851274370323,0.029672420383565722,0.021786037880959022,0.022908092103555246
126,31.03.2021,2021-03-31,10,2021,True,0.0175696157603446,0.025084354859190715,0.021786037880959022,0.022941718637541197
126,01.04.2021,2021-04-01,10,2021,True,0.0174898519505102,0.029443615843775073,0.021786037880959022,0.022731447414531536
126,05.04.2021,2021-04-05,10,2021,True,0.0170476100218729,0.024406520262103538,0.021786037880959022,0.022776915840526987
126,06.04.2021,2021-04-06,10,2021,True,0.0171548753061121,0.025548438200019435,0.021786037880959022,0.023145403203764143
126,07.04.2021,2021-04-07,10,2021,True,0.0171942228129531,0.025167399057405417,0.021786037880959022,0.02280020384076702
126,08.04.2021,2021-04-08,10,2021,True,0.0172878659248322,0.024511192082062715,0.021786037880959022,0.022417513839762055
126,09.04.2021,2021-04-09,10,2021,True,0.0172967997995073,0.023859593554224085,0.021786037880959022,0.022266507004587783
126,12.04.2021,2021-04-12,10,2021,True,0.0172969865429937,0.023569018137918247,0.021786037880959022,0.02221233174907337
126,13.04.2021,2021-04-13,10,2021,True,0.017332589914505,0.02122096755046792,0.021786037880959022,0.02206602205142215
126,14.04.2021,2021-04-14,10,2021,True,0.0169116103639001,0.02131795746989612,0.021786037880959022,0.022029883710844682
126,15.04.2021,2021-04-15,10,2021,True,0.0169135712656956,0.021296596651995528,0.021786037880959022,0.022173521230647114
126,16.04.2021,2021-04-16,10,2021,True,0.0169244386511162,0.021192886022426215,0.021786037880959022,0.0221402569647922
126,19.04.2021,2021-04-19,10,2021,True,0.0169395790580426,0.02097640615326252,0.021786037880959022,0.02209609491730325
126,20.04.2021,2021-04-20,10,2021,True,0.0169358449991656,0.0219665387674385,0.021786037880959022,0.022086892813539268
126,21.04.2021,2021-04-21,10,2021,True,0.0168431362588157,0.021973007146036023,0.021786037880959022,0.022093396632200616
126,22.04.2021,2021-04-22,10,2021,True,0.0168530755121312,0.025357863135707485,0.021786037880959022,0.02216339506663078
126,23.04.2021,2021-04-23,10,2021,True,0.0168976129227,0.024733964637703842,0.021786037880959022,0.02214876909058472
126,26.04.2021,2021-04-26,10,2021,True,0.0168966635785539,0.0244646923694993,0.021786037880959022,0.02190764117687092
126,27.04.2021,2021-04-27,10,2021,True,0.0168774598437158,0.02514977766313397,0.021786037880959022,0.0218932038821131
126,28.04.2021,2021-04-28,10,2021,True,0.0168520930255346,0.024719292010170764,0.021786037880959022,0.021832333884775575
126,29.04.2021,2021-04-29,10,2021,True,0.0169088699648036,0.022122768607254834,0.021786037880959022,0.0216117954122628
126,30.04.2021,2021-04-30,10,2021,True,0.0168094964359426,0.02194529978719773,0.021786037880959022,0.02161647386471091
126,03.05.2021,2021-05-03,10,2021,True,0.016807876753754,0.02373057726233068,0.021786037880959022,0.02113315375808301
126,04.05.2021,2021-05-04,10,2021,True,0.0167347605264188,0.024499588488479065,0.021786037880959022,0.020784020375628248
126,05.05.2021,2021-05-05,10,2021,True,0.016735258112984,0.02284333181497709,0.021786037880959022,0.02080663219409479
126,06.05.2021,2021-05-06,10,2021,True,0.016966462017355,0.024015575596197807,0.021786037880959022,0.020574411334205338
126,07.05.2021,2021-05-07,10,2021,True,0.0170530174675148,0.023868877348481286,0.021786037880959022,0.02059091085543525
126,10.05.2021,2021-05-10,10,2021,True,0.017205108424172,0.023160169459558875,0.021786037880959022,0.020373127071239117
126,11.05.2021,2021-05-11,10,2021,True,0.0172149753283091,0.02115462523671497,0.021786037880959022,0.020350212099303388
126,12.05.2021,2021-05-12,10,2021,True,0.017242250102799,0.020807535142546164,0.021786037880959022,0.020016320245637098
126,13.05.2021,2021-05-13,10,2021,True,0.0171305091988503,0.018073529142046088,0.021786037880959022,0.019081079511366013
126,14.05.2021,2021-05-14,10,2021,True,0.0170081438145613,0.020001596944324008,0.021786037880959022,0.01924102817171813
126,17.05.2021,2021-05-17,10,2021,True,0.0170101784518455,0.01843843376367098,0.021786037880959022,0.01933201247307875
126,18.05.2021,2021-05-18,10,2021,True,0.0169768756599472,0.018592142864190076,0.021786037880959022,0.019322810260655136
126,19.05.2021,2021-05-19,10,2021,True,0.0167386221554386,0.018671580846362747,0.021786037880959022,0.01927453385585504
126,20.05.2021,2021-05-20,10,2021,True,0.0167755462548847,0.02081300790182525,0.021786037880959022,0.019424525887270002
126,21.05.2021,2021-05-21,10,2021,True,0.0167181180647197,0.020965393558711014,0.021786037880959022,0.019566745558304028
126,24.05.2021,2021-05-24,10,2021,True,0.0167482352325847,0.021034413429773097,0.021786037880959022,0.019604734080012013
126,25.05.2021,2021-05-25,10,2021,True,0.0167672049325544,0.02003629383176693,0.021786037880959022,0.019740103145233348
126,26.05.2021,2021-05-26,10,2021,True,0.0169929488877497,0.01996803166071642,0.021786037880959022,0.019702492409820787
126,27.05.2021,2021-05-27,10,2021,True,0.0169819493705805,0.020317113162434258,0.021786037880959022,0.019613647316011763
126,28.05.2021,2021-05-28,10,2021,True,0.0202818656581982,0.020234081248771206,0.021786037880959022,0.019364573794346408
126,01.06.2021,2021-06-01,10,2021,True,0.0202853747706719,0.020199585440915005,0.021786037880959022,0.019331560354862096
126,02.06.2021,2021-06-02,10,2021,True,0.0205522668163539,0.021964595856764243,0.021786037880959022,0.019310005526291647
126,03.06.2021,2021-06-03,10,2021,True,0.0206659299767016,0.022058307418490943,0.021786037880959022,0.01929273513522097
126,04.06.2021,2021-06-04,10,2021,True,0.0206793916693462,0.02205072910929107,0.021786037880959022,0.019286106960656527
126,07.06.2021,2021-06-07,10,2021,True,0.0206758355549353,0.02200889874898666,0.021786037880959022,0.01924952110451385
126,08.06.2021,2021-06-08,10,2021,True,0.0210410819060306,0.022273088709567648,0.021786037880959022,0.019256723678259802
126,09.06.2021,2021-06-09,10,2021,True,0.0212296124294819,0.022269948079513914,0.021786037880959022,0.01925400837254226
126,10.06.2021,2021-06-10,10,2021,True,0.0212310154322663,0.022402316622014293,0.021786037880959022,0.019223699325923643
126,11.06.2021,2021-06-11,10,2021,True,0.0212974548131794,0.022401498912529353,0.021786037880959022,0.019222997639507022
126,14.06.2021,2021-06-14,10,2021,True,0.0213137170571907,0.022399840688785984,0.021786037880959022,0.019221574697621348
126,15.06.2021,2021-06-15,10,2021,True,0.0212900259191363,0.021798078436206285,0.021786037880959022,0.019091168365496482
126,16.06.2021,2021-06-16,10,2021,True,0.0213007909545029,0.021816832727216445,0.021786037880959022,0.019107593727406173
126,17.06.2021,2021-06-17,10,2021,True,0.0212425051438811,0.02185939100314098,0.021786037880959022,0.019106440808653747
126,18.06.2021,2021-06-18,10,2021,True,0.0212797028723716,0.023991971764012056,0.021786037880959022,0.019188234008032053
126,21.06.2021,2021-06-21,10,2021,True,0.0212905202473641,0.02178827690097585,0.021786037880959022,0.019187679324728257
126,22.06.2021,2021-06-22,10,2021,True,0.0214302035363145,0.021301864121228125,0.021786037880959022,0.019233912147434553
126,23.06.2021,2021-06-23,10,2021,True,0.0216404501678482,0.02023182033955526,0.021786037880959022,0.01920875139127486
126,24.06.2021,2021-06-24,10,2021,True,0.0216932463878585,0.021078237868694488,0.021786037880959022,0.01903199518511548
126,25.06.2021,2021-06-25,10,2021,True,0.0217582926562966,0.019665590854870414,0.021786037880959022,0.018951571873526182
126,28.06.2021,2021-06-28,10,2021,True,0.0217750776731789,0.019592542115029567,0.021786037880959022,0.01888117538996355
126,29.06.2021,2021-06-29,10,2021,True,0.0217777899263641,0.0197375194510674,0.021786037880959022,0.01899211050244167
126,30.06.2021,2021-06-30,10,2021,True,0.0217759820439108,0.019709692627906346,0.021786037880959022,0.018965334589606378
126,01.07.2021,2021-07-01,10,2021,True,0.0217611442310434,0.019843792670034503,0.021786037880959022,0.01896563310158727
126,02.07.2021,2021-07-02,10,2021,True,0.0218305236472739,0.019718064036523156,0.021786037880959022,0.01897338984284657
126,06.07.2021,2021-07-06,10,2021,True,0.0217823602156058,0.019844732069624556,0.021786037880959022,0.01896653092934918
126,07.07.2021,2021-07-07,10,2021,True,0.0217661902705143,0.02087885783115188,0.021786037880959022,0.01903631967026127
126,08.07.2021,2021-07-08,10,2021,True,0.0217681598816385,0.02375569562460474,0.021786037880959022,0.018668443824851458
126,09.07.2021,2021-07-09,10,2021,True,0.0217414210756708,0.023384545503716922,0.021786037880959022,0.01865496507576092
126,12.07.2021,2021-07-12,10,2021,True,0.0217375302349916,0.02033087750065293,0.021786037880959022,0.018713499599719758
126,13.07.2021,2021-07-13,10,2021,True,0.0217082357740825,0.02216566565289583,0.021786037880959022,0.018573057907313967
126,14.07.2021,2021-07-14,10,2021,True,0.0218183552396963,0.01892089797003038,0.021786037880959022,0.018607217832657733
126,15.07.2021,2021-07-15,10,2021,True,0.0217754634276272,0.019646548851833333,0.021786037880959022,0.018701676560557812
126,16.07.2021,2021-07-16,10,2021,True,0.0217776316230784,0.01970338746943507,0.021786037880959022,0.018755781607228017
126,19.07.2021,2021-07-19,10,2021,True,0.020877793089546,0.019513232714911694,0.021786037880959022,0.018751938621675367
126,20.07.2021,2021-07-20,10,2021,True,0.0209055306821711,0.024462855963781845,0.021786037880959022,0.019689900934223084
126,21.07.2021,2021-07-21,10,2021,True,0.0206281883837023,0.024442006487519225,0.021786037880959022,0.01967311940541266
126,22.07.2021,2021-07-22,10,2021,True,0.0205525951724152,0.024695263860865485,0.021786037880959022,0.019976957135654557
126,23.07.2021,2021-07-23,10,2021,True,0.0205604773745676,0.021048818802776578,0.021786037880959022,0.020050615291759652
126,26.07.2021,2021-07-26,10,2021,True,0.0206337979662053,0.020234100781183914,0.021786037880959022,0.020008709040294056
126,27.07.2021,2021-07-27,10,2021,True,0.0207176310666524,0.020611479736658094,0.021786037880959022,0.02000305003859638
126,28.07.2021,2021-07-28,10,2021,True,0.0207817220967646,0.020612191496733833,0.021786037880959022,0.020003740788246207
126,29.07.2021,2021-07-29,10,2021,True,0.0207456396859751,0.020609039909758063,0.021786037880959022,0.02000068223287887
126,30.07.2021,2021-07-30,10,2021,True,0.020752441914354,0.01981972678828673,0.021786037880959022,0.020034405148509214
126,02.08.2021,2021-08-02,10,2021,True,0.0203358357134002,0.01981715738291649,0.021786037880959022,0.020031807912496424
126,03.08.2021,2021-08-03,10,2021,True,0.0204395091332137,0.021441686733527275,0.021786037880959022,0.020486433151436965
126,04.08.2021,2021-08-04,10,2021,True,0.0202606422497786,0.02164242625586002,0.021786037880959022,0.020440381137109703
126,05.08.2021,2021-08-05,10,2021,True,0.020289133210728,0.02580051261152179,0.021786037880959022,0.020569525403657096
126,06.08.2021,2021-08-06,10,2021,True,0.0203576945006292,0.02386199168973314,0.021786037880959022,0.020589737104154685
126,09.08.2021,2021-08-09,10,2021,True,0.0202384531815968,0.023872420415823443,0.021786037880959022,0.02059873571295996
126,10.08.2021,2021-08-10,10,2021,True,0.0202589696301601,0.02441289855478996,0.021786037880959022,0.02064868768408376
126,11.08.2021,2021-08-11,10,2021,True,0.0202496918292971,0.02206590450370332,0.021786037880959022,0.020728285679043282
126,12.08.2021,2021-08-12,10,2021,True,0.0202492726419114,0.022082205034911224,0.021786037880959022,0.020743598084095198
126,13.08.2021,2021-08-13,10,2021,True,0.0204022555214995,0.021429669834476445,0.021786037880959022,0.020736991305597176
126,16.08.2021,2021-08-16,10,2021,True,0.0204097626612516,0.021315042001252026,0.021786037880959022,0.02068584386823641
126,17.08.2021,2021-08-17,10,2021,True,0.0206481526134322,0.022126748748697342,0.021786037880959022,0.020700365473481693
126,18.08.2021,2021-08-18,10,2021,True,0.0206460531662935,0.023953585104234034,0.021786037880959022,0.020668770084702436
126,19.08.2021,2021-08-19,10,2021,True,0.0205779797430465,0.02544918176944754,0.021786037880959022,0.020688243936258316
126,20.08.2021,2021-08-20,10,2021,True,0.0204853252630514,0.02555597513343149,0.021786037880959022,0.020775058796747306
126,23.08.2021,2021-08-23,10,2021,True,0.0201829395659353,0.025546006263715164,0.021786037880959022,0.020595909401041383
126,24.08.2021,2021-08-24,10,2021,True,0.0200012698067678,0.02397492317544041,0.021786037880959022,0.02113636937683797
126,25.08.2021,2021-08-25,10,2021,True,0.0200436299401715,0.023373414337331973,0.021786037880959022,0.02121945892900535
126,26.08.2021,2021-08-26,10,2021,True,0.0200118601786854,0.023197288430357597,0.021786037880959022,0.021267331759887854
126,27.08.2021,2021-08-27,10,2021,True,0.0200898220490943,0.023228067119920464,0.021786037880959022,0.021295549739072505
126,30.08.2021,2021-08-30,10,2021,True,0.0203356097157148,0.023182867882815587,0.021786037880959022,0.021107463641333944
126,31.08.2021,2021-08-31,10,2021,True,0.0212612460196841,0.02272380033546675,0.021786037880959022,0.021067744025837637
126,01.09.2021,2021-09-01,10,2021,True,0.0212862442950734,0.021936671536140935,0.021786037880959022,0.020997044311656266
126,02.09.2021,2021-09-02,10,2021,True,0.0219788997796721,0.0224004284572302,0.021786037880959022,0.020767938717954834
126,03.09.2021,2021-09-03,10,2021,True,0.0222266322268212,0.0206721265310067,0.021786037880959022,0.0205611806765641
126,07.09.2021,2021-09-07,10,2021,True,0.0223762013660686,0.022190866203201917,0.021786037880959022,0.02051419671990895
126,08.09.2021,2021-09-08,10,2021,True,0.0258547563081117,0.021509441498186937,0.021786037880959022,0.020524365384341055
126,09.09.2021,2021-09-09,10,2021,True,0.0258574980490083,0.021469760960992016,0.021786037880959022,0.020547847251106914
126,10.09.2021,2021-09-10,10,2021,True,0.0259230644931209,0.021720291799415103,0.021786037880959022,0.020480033427414928
126,13.09.2021,2021-09-13,10,2021,True,0.0263952722716232,0.02179548251711556,0.021786037880959022,0.02055093065228454
126,14.09.2021,2021-09-14,10,2021,True,0.0271340260790318,0.02112930708958269,0.021786037880959022,0.02055650155086731
126,15.09.2021,2021-09-15,10,2021,True,0.0271252059923579,0.02126091324088901,0.021786037880959022,0.020545083593434845
126,16.09.2021,2021-09-16,10,2021,True,0.0280966281131234,0.021226746303030165,0.021786037880959022,0.020651299233245445
126,17.09.2021,2021-09-17,10,2021,True,0.0281014774416827,0.020136573794501428,0.021786037880959022,0.01959068078668348
126,20.09.2021,2021-09-20,10,2021,True,0.0286390034550865,0.020073483515867605,0.021786037880959022,0.01952930085571451
126,21.09.2021,2021-09-21,10,2021,True,0.0286413195332229,0.0217211420058753,0.021786037880959022,0.01961248718447225
126,22.09.2021,2021-09-22,10,2021,True,0.028902505490595,0.020349343018626703,0.021786037880959022,0.01880524357817512
126,23.09.2021,2021-09-23,10,2021,True,0.028973917697414,0.019072988339448524,0.021786037880959022,0.018231436416969376
126,24.09.2021,2021-09-24,10,2021,True,0.0289804289719037,0.018690684236600957,0.021786037880959022,0.01790192963133836
126,27.09.2021,2021-09-27,10,2021,True,0.0296801908850899,0.01849924794786225,0.021786037880959022,0.017563790543419232
126,28.09.2021,2021-09-28,10,2021,True,0.0297416451692073,0.01854435911552444,0.021786037880959022,0.017622141720765268
126,29.09.2021,2021-09-29,10,2021,True,0.0298229340364117,0.018505407767792435,0.021786037880959022,0.01758512743703229
126,30.09.2021,2021-09-30,10,2021,True,0.0301918810153416,0.018489084320419343,0.021786037880959022,0.01756961576034462
126,01.10.2021,2021-10-01,10,2021,True,0.0303515667337202,0.018834842508438587,0.021786037880959022,0.017489851950510213
126,04.10.2021,2021-10-04,10,2021,True,0.0303842178536477,0.017991749116128032,0.021786037880959022,0.017047610021872855
126,05.10.2021,2021-10-05,10,2021,True,0.030373691797646,0.018104955018916017,0.021786037880959022,0.017154875306112153
126,06.10.2021,2021-10-06,10,2021,True,0.0307252557672217,0.018146481688667292,0.021786037880959022,0.017194222812953068
126,07.10.2021,2021-10-07,10,2021,True,0.0307203248318093,0.021618927043949986,0.021786037880959022,0.01728786592483224
126,08.10.2021,2021-10-08,10,2021,True,0.0307703425861807,0.021777758678250186,0.021786037880959022,0.017296799799507274
126,11.10.2021,2021-10-11,10,2021,True,0.0309999387395732,0.01838851884231178,0.021786037880959022,0.017296986542993657
126,12.10.2021,2021-10-12,10,2021,True,0.0314454242020138,0.018505370352935625,0.021786037880959022,0.017332589914504967
126,13.10.2021,2021-10-13,10,2021,True,0.0316145993399873,0.017848217458436094,0.021786037880959022,0.016911610363900095
126,14.10.2021,2021-10-14,10,2021,True,0.0316818635054321,0.01779870712919531,0.021786037880959022,0.016913571265695624
126,15.10.2021,2021-10-15,10,2021,True,0.0316884475472426,0.01786175620814274,0.021786037880959022,0.016924438651116248
126,18.10.2021,2021-10-18,10,2021,True,0.0320694675100769,0.017553677085870932,0.021786037880959022,0.016939579058042584
126,19.10.2021,2021-10-19,10,2021,True,0.0320679411170315,0.017995916118182822,0.021786037880959022,0.016935844999165593
126,20.10.2021,2021-10-20,10,2021,True,0.0320812855295531,0.017897404428046278,0.021786037880959022,0.01684313625881574
126,21.10.2021,2021-10-21,10,2021,True,0.0320872609596943,0.017907965812432532,0.021786037880959022,0.01685307551213119
126,22.10.2021,2021-10-22,10,2021,True,0.0323073150481491,0.018007325720336267,0.021786037880959022,0.016897612922699975
126,25.10.2021,2021-10-25,10,2021,True,0.0323782395896187,0.018006314030144487,0.021786037880959022,0.016896663578553937
126,26.10.2021,2021-10-26,10,2021,True,0.032377292037987,0.018568574234773046,0.021786037880959022,0.01687745984371583
126,27.10.2021,2021-10-27,10,2021,True,0.0323591405190082,0.018540665672059302,0.021786037880959022,0.01685209302553466
126,28.10.2021,2021-10-28,10,2021,True,0.0323807075085014,0.018874141745608534,0.021786037880959022,0.01690886996480365
126,29.10.2021,2021-10-29,10,2021,True,0.0324214977394872,0.018683118481646013,0.021786037880959022,0.01680949643594265
126,01.11.2021,2021-11-01,10,2021,True,0.032506672569372,0.01876141036943363,0.021786037880959022,0.016807876753754024
126,02.11.2021,2021-11-02,10,2021,True,0.032767717982807,0.018433548762978577,0.021786037880959022,0.01673476052641878
126,03.11.2021,2021-11-03,10,2021,True,0.0326205235202784,0.01838082841308365,0.021786037880959022,0.016735258112983965
126,04.11.2021,2021-11-04,10,2021,True,0.0325840213962511,0.02110439503439716,0.021786037880959022,0.016966462017354963
126,05.11.2021,2021-11-05,10,2021,True,0.0329700440375221,0.020468951980539295,0.021786037880959022,0.01705301746751477
126,08.11.2021,2021-11-08,10,2021,True,0.0331148806108877,0.019172169387846816,0.021786037880959022,0.01720510842417196
126,09.11.2021,2021-11-09,10,2021,True,0.0333489131836645,0.018702838168327234,0.021786037880959022,0.017214975328309116
126,10.11.2021,2021-11-10,10,2021,True,0.0332585271756278,0.018358156793403666,0.021786037880959022,0.01724225010279897
126,11.11.2021,2021-11-11,10,2021,True,0.033407397635659,0.018611071766119584,0.021786037880959022,0.017130509198850345
126,12.11.2021,2021-11-12,10,2021,True,0.0334474994853716,0.01810889930553719,0.021786037880959022,0.017008143814561286
126,15.11.2021,2021-11-15,10,2021,True,0.0335086147558526,0.018111065623161542,0.021786037880959022,0.017010178451845492
126,16.11.2021,2021-11-16,10,2021,True,0.0336005393285598,0.018954694157137422,0.021786037880959022,0.016976875659947235
126,17.11.2021,2021-11-17,10,2021,True,0.0335702781991626,0.018634680458726793,0.021786037880959022,0.016738622155438566
126,18.11.2021,2021-11-18,10,2021,True,0.0335604774257003,0.018366763873881434,0.021786037880959022,0.016775546254884727
126,19.11.2021,2021-11-19,10,2021,True,0.0334404853915232,0.01888299131703241,0.021786037880959022,0.016718118064719678
126,22.11.2021,2021-11-22,10,2021,True,0.0334342995471841,0.018917008436488497,0.021786037880959022,0.016748235232584688
126,23.11.2021,2021-11-23,10,2021,True,0.0333300947824586,0.019985673306136056,0.021786037880959022,0.016767204932554364
126,24.11.2021,2021-11-24,10,2021,True,0.0334123465353917,0.020188441052643693,0.021786037880959022,0.016992948887749666
126,26.11.2021,2021-11-26,10,2021,True,0.0314615049747094,0.020175373096902507,0.021786037880959022,0.016981949370580493
126,29.11.2021,2021-11-29,10,2021,True,0.0315311910059997,0.027385840670862725,0.021786037880959022,0.02028186565819825
126,30.11.2021,2021-11-30,10,2021,True,0.0317251445910638,0.02717450259368813,0.021786037880959022,0.020285374770671917
126,01.12.2021,2021-12-01,10,2021,True,0.0316291618270367,0.027532034000902005,0.021786037880959022,0.020552266816353876
126,02.12.2021,2021-12-02,10,2021,True,0.0316455417476621,0.02768429837267701,0.021786037880959022,0.020665929976701632
126,03.12.2021,2021-12-03,10,2021,True,0.0316499394185301,0.027702331798522987,0.021786037880959022,0.020679391669346184
126,06.12.2021,2021-12-06,10,2021,True,0.0314431420556725,0.02769756799004646,0.021786037880959022,0.0206758355549353
126,07.12.2021,2021-12-07,10,2021,True,0.0313991071901523,0.027248162540937957,0.021786037880959022,0.021041081906030587
126,08.12.2021,2021-12-08,10,2021,True,0.0314071255993504,0.024054282479643096,0.021786037880959022,0.021229612429481914
126,09.12.2021,2021-12-09,10,2021,True,0.0313625045318781,0.024055872156581736,0.021786037880959022,0.0212310154322663
126,10.12.2021,2021-12-10,10,2021,True,0.0313585096538933,0.024131151516558983,0.021786037880959022,0.021297454813179406
126,13.12.2021,2021-12-13,10,2021,True,0.0313546355539242,0.024149577505846363,0.021786037880959022,0.021313717057190713
126,14.12.2021,2021-12-14,10,2021,True,0.0314189031258031,0.02628645669719915,0.021786037880959022,0.02129002591913634
126,15.12.2021,2021-12-15,10,2021,True,0.0314250949299126,0.029846349534142017,0.021786037880959022,0.021300790954502945
126,16.12.2021,2021-12-16,10,2021,True,0.0318779454828838,0.029764680328504697,0.021786037880959022,0.021242505143881086
126,17.12.2021,2021-12-17,10,2021,True,0.0318207186528334,0.026273710995395147,0.021786037880959022,0.02127970287237159
126,20.12.2021,2021-12-20,10,2021,True,0.0318065195050482,0.02628706703640696,0.021786037880959022,0.021290520247364123
126,21.12.2021,2021-12-21,10,2021,True,0.0317331120371123,0.02967076625682757,0.021786037880959022,0.021430203536314498
126,22.12.2021,2021-12-22,10,2021,True,0.0317816507801293,0.028357341688435164,0.021786037880959022,0.021640450167848255
126,23.12.2021,2021-12-23,10,2021,True,0.0317688578886934,0.02637459308341963,0.021786037880959022,0.021693246387858568
126,27.12.2021,2021-12-27,10,2021,True,0.0317806169479979,0.026141645752528357,0.021786037880959022,0.021758292656296595
126,28.12.2021,2021-12-28,10,2021,True,0.0318204511184493,0.026806949485803918,0.021786037880959022,0.021775077673178957
126,29.12.2021,2021-12-29,10,2021,True,0.0318508119886884,0.02654836387241906,0.021786037880959022,0.02177778992636412
126,30.12.2021,2021-12-30,10,2021,True,0.0319702675670838,0.024000177160791388,0.021786037880959022,0.02177598204391082
126,31.12.2021,2021-12-31,10,2021,True,0.0328057486524351,0.023983823816231403,0.021786037880959022,0.021761144231043427
126,03.01.2022,2022-01-03,11,2022,True,0.0328461622498707,0.026516618068624532,0.021647154636150252,0.021830523647273947
126,04.01.2022,2022-01-04,11,2022,True,0.0329942627096103,0.025297372742830625,0.021647154636150252,0.021782360215605794
126,05.01.2022,2022-01-05,11,2022,True,0.0330364503233883,0.02527859345885212,0.021647154636150252,0.021766190270514286
126,06.01.2022,2022-01-06,11,2022,True,0.0330179401779777,0.028098890372595237,0.021647154636150252,0.021768159881638553
126,07.01.2022,2022-01-07,11,2022,True,0.0336995413634938,0.025249827266929308,0.021647154636150252,0.02174142107567086
126,10.01.2022,2022-01-10,11,2022,True,0.0336812804032398,0.025245308562529472,0.021647154636150252,0.021737530234991646
126,11.01.2022,2022-01-11,11,2022,True,0.0335552168134612,0.022121430942793646,0.021647154636150252,0.021708235774082464
126,12.01.2022,2022-01-12,11,2022,True,0.0335874370783618,0.02223364642540517,0.021647154636150252,0.02181835523969628
126,13.01.2022,2022-01-13,11,2022,True,0.0338550244316469,0.022189938209381935,0.021647154636150252,0.021775463427627224
126,14.01.2022,2022-01-14,11,2022,True,0.033829614497597,0.022192147674326222,0.021647154636150252,0.02177763162307847
126,18.01.2022,2022-01-18,11,2022,True,0.0338066964786511,0.02268739671571035,0.021647154636150252,0.020877793089546022
126,19.01.2022,2022-01-19,11,2022,True,0.0339065166209731,0.025393068053604268,0.021647154636150252,0.02090553068217117
126,20.01.2022,2022-01-20,11,2022,True,0.0339129400960524,0.025056192039011202,0.021647154636150252,0.020628188383702305
126,21.01.2022,2022-01-21,11,2022,True,0.0339430125371272,0.02421595713730047,0.021647154636150252,0.020552595172415183
126,24.01.2022,2022-01-24,11,2022,True,0.0339042796949252,0.02497394632666474,0.021647154636150252,0.020560477374567593
126,25.01.2022,2022-01-25,11,2022,True,0.0338991467432075,0.025987277814037795,0.021647154636150252,0.020633797966205358
126,26.01.2022,2022-01-26,11,2022,True,0.0338609366539043,0.026092861578834614,0.021647154636150252,0.020717631066652382
126,27.01.2022,2022-01-27,11,2022,True,0.033925802192561,0.02617358115395316,0.021647154636150252,0.0207817220967646
126,28.01.2022,2022-01-28,11,2022,True,0.0349983733525793,0.026128137090047847,0.021647154636150252,0.02074563968597515
126,31.01.2022,2022-01-31,11,2022,True,0.0349834058999987,0.026136704170084506,0.021647154636150252,0.02075244191435404
126,01.02.2022,2022-02-01,11,2022,True,0.035092765457506,0.02523002423461236,0.021647154636150252,0.020335835713400252
126,02.02.2022,2022-02-02,11,2022,True,0.035183570131687,0.023941356119893373,0.021647154636150252,0.020439509133213754
126,03.02.2022,2022-02-03,11,2022,True,0.035154994418948,0.023731844446865054,0.021647154636150252,0.020260642249778568
126,04.02.2022,2022-02-04,11,2022,True,0.0351300086421561,0.02458295606469131,0.021647154636150252,0.02028913321072801
126,07.02.2022,2022-02-07,11,2022,True,0.0351268108309671,0.025428351478021704,0.021647154636150252,0.02035769450062924
126,08.02.2022,2022-02-08,11,2022,True,0.0350886930778386,0.02527940975129689,0.021647154636150252,0.020238453181596793
126,09.02.2022,2022-02-09,11,2022,True,0.0351354580412287,0.02372988526175554,0.021647154636150252,0.02025896963016007
126,10.02.2022,2022-02-10,11,2022,True,0.0351615107140696,0.02371901791983349,0.021647154636150252,0.020249691829297114
126,11.02.2022,2022-02-11,11,2022,True,0.0351584300101813,0.02529292410282006,0.021647154636150252,0.02024927264191142
126,14.02.2022,2022-02-14,11,2022,True,0.035203430867733,0.02594531293126084,0.021647154636150252,0.0204022555214995
126,15.02.2022,2022-02-15,11,2022,True,0.0350982693264962,0.025954859674261005,0.021647154636150252,0.02040976266125162
126,16.02.2022,2022-02-16,11,2022,True,0.0351766093129213,0.02625801742573981,0.021647154636150252,0.020648152613432214
126,17.02.2022,2022-02-17,11,2022,True,0.0351320132030049,0.026255347583038435,0.021647154636150252,0.020646053166293536
126,18.02.2022,2022-02-18,11,2022,True,0.035129009753637,0.026168779396173694,0.021647154636150252,0.020577979743046468
126,22.02.2022,2022-02-22,11,2022,True,0.0351566250548576,0.026050951763075862,0.021647154636150252,0.020485325263051392
126,23.02.2022,2022-02-23,11,2022,True,0.0351671350598068,0.02566641136119006,0.021647154636150252,0.02018293956593531
126,24.02.2022,2022-02-24,11,2022,True,0.0351493917040409,0.025435384024688968,0.021647154636150252,0.020001269806767842
126,25.02.2022,2022-02-25,11,2022,True,0.0351639106487345,0.025489252917557683,0.021647154636150252,0.020043629940171497
126,28.02.2022,2022-02-28,11,2022,True,0.0352357214869483,0.02544885167845745,0.021647154636150252,0.020011860178685406
126,01.03.2022,2022-03-01,11,2022,True,0.0354275475345878,0.02832834160829635,0.021647154636150252,0.020089822049094354
126,02.03.2022,2022-03-02,11,2022,True,0.0348945836598397,0.02938939338011694,0.021647154636150252,0.020335609715714832
126,03.03.2022,2022-03-03,11,2022,True,0.035050918558814,0.029789900602642392,0.021647154636150252,0.02126124601968411
126,04.03.2022,2022-03-04,11,2022,True,0.0345182984121376,0.02944025407749532,0.021647154636150252,0.021286244295073385
126,07.03.2022,2022-03-07,11,2022,True,0.034289665324616,0.030398241459960774,0.021647154636150252,0.021978899779672125
126,08.03.2022,2022-03-08,11,2022,True,0.0343985831120525,0.030740871474265248,0.021647154636150252,0.022226632226821235
126,09.03.2022,2022-03-09,11,2022,True,0.0321122305483058,0.030947735277975987,0.021647154636150252,0.022376201366068608
126,10.03.2022,2022-03-10,11,2022,True,0.0323045905297404,0.0357588019883199,0.021647154636150252,0.025854756308111695
126,11.03.2022,2022-03-11,11,2022,True,0.0322054172106455,0.038761957336213244,0.021647154636150252,0.025857498049008314
126,14.03.2022,2022-03-14,11,2022,True,0.0318840709928499,0.035853276630927924,0.021647154636150252,0.02592306449312092
126,15.03.2022,2022-03-15,11,2022,True,0.031333226185301,0.03650637056256598,0.021647154636150252,0.026395272271623235
126,16.03.2022,2022-03-16,11,2022,True,0.0314429449479754,0.038194956108926446,0.021647154636150252,0.027134026079031825
126,17.03.2022,2022-03-17,11,2022,True,0.0305110090021669,0.03729547354611724,0.021647154636150252,0.0271252059923579
126,18.03.2022,2022-03-18,11,2022,True,0.0304970275934656,0.039367201620471685,0.021647154636150252,0.02809662811312345
126,21.03.2022,2022-03-21,11,2022,True,0.0298638621121033,0.039702114444130514,0.021647154636150252,0.02810147744168274
126,22.03.2022,2022-03-22,11,2022,True,0.0298699653798466,0.04289390822156374,0.021647154636150252,0.028639003455086475
126,23.03.2022,2022-03-23,11,2022,True,0.0294910436464554,0.04202333730843886,0.021647154636150252,0.028641319533222923
126,24.03.2022,2022-03-24,11,2022,True,0.0297331010708738,0.043171242564239556,0.021647154636150252,0.028902505490595004
126,25.03.2022,2022-03-25,11,2022,True,0.0297618104983222,0.0429154755155892,0.021647154636150252,0.02897391769741404
126,28.03.2022,2022-03-28,11,2022,True,0.0292513718077733,0.04291358104058644,0.021647154636150252,0.02898042897190375
126,29.03.2022,2022-03-29,11,2022,True,0.0293886498606125,0.04281299942271239,0.021647154636150252,0.029680190885089896
126,30.03.2022,2022-03-30,11,2022,True,0.0292685316818862,0.037958122246098375,0.021647154636150252,0.029741645169207343
126,31.03.2022,2022-03-31,11,2022,True,0.0289508341019002,0.03740609197656839,0.021647154636150252,0.0298229340364117
126,01.04.2022,2022-04-01,11,2022,True,0.0288303140874426,0.03692213457636662,0.021647154636150252,0.030191881015341593
126,04.04.2022,2022-04-04,11,2022,True,0.0288564703600989,0.037776965562315294,0.021647154636150252,0.030351566733720203
126,05.04.2022,2022-04-05,11,2022,True,0.0288948223087713,0.03715734637467504,0.021647154636150252,0.030384217853647734
126,06.04.2022,2022-04-06,11,2022,True,0.0285257031898755,0.036794448621589676,0.021647154636150252,0.030373691797645982
126,07.04.2022,2022-04-07,11,2022,True,0.0287119095737146,0.0339776260724707,0.021647154636150252,0.030725255767221755
126,08.04.2022,2022-04-08,11,2022,True,0.0286868807167811,0.035142493173142504,0.021647154636150252,0.030720324831809347
126,11.04.2022,2022-04-11,11,2022,True,0.0284897916383113,0.03472613218133014,0.021647154636150252,0.030770342586180725
126,12.04.2022,2022-04-12,11,2022,True,0.0280084298381889,0.03616131312245977,0.021647154636150252,0.03099993873957322
126,13.04.2022,2022-04-13,11,2022,True,0.0278616173636607,0.03668097025578998,0.021647154636150252,0.03144542420201383
126,14.04.2022,2022-04-14,11,2022,True,0.0278816982433876,0.03266991073954082,0.021647154636150252,0.031614599339987295
126,18.04.2022,2022-04-18,11,2022,True,0.0278513886053008,0.03442381162728191,0.021647154636150252,0.03168186350543211
126,19.04.2022,2022-04-19,11,2022,True,0.0274958085434394,0.03193268551570733,0.021647154636150252,0.03168844754724261
126,20.04.2022,2022-04-20,11,2022,True,0.0276032531546807,0.0323166421809954,0.021647154636150252,0.03206946751007693
126,21.04.2022,2022-04-21,11,2022,True,0.0275688410383833,0.03231510402331133,0.021647154636150252,0.03206794111703157
126,22.04.2022,2022-04-22,11,2022,True,0.027563738814054,0.03172622176794513,0.021647154636150252,0.032081285529553104
126,25.04.2022,2022-04-25,11,2022,True,0.0273244063318994,0.03173213106424325,0.021647154636150252,0.032087260959694316
126,26.04.2022,2022-04-26,11,2022,True,0.0272226481915866,0.031087382505659157,0.021647154636150252,0.032307315048149106
126,27.04.2022,2022-04-27,11,2022,True,0.0273032816671641,0.032511981207033754,0.021647154636150252,0.03237823958961877
126,28.04.2022,2022-04-28,11,2022,True,0.0272602043086221,0.03172834382328287,0.021647154636150252,0.032377292037987025
126,29.04.2022,2022-04-29,11,2022,True,0.0272365260631908,0.029938252012996477,0.021647154636150252,0.03235914051900822
126,02.05.2022,2022-05-02,11,2022,True,0.0272140504575492,0.029246599550904303,0.021647154636150252,0.03238070750850138
126,03.05.2022,2022-05-03,11,2022,True,0.0271318667975298,0.034163389220911784,0.021647154636150252,0.03242149773948727
126,04.05.2022,2022-05-04,11,2022,True,0.0268171727712527,0.03466580318184975,0.021647154636150252,0.03250667256937206
126,05.05.2022,2022-05-05,11,2022,True,0.0268386585271802,0.03202287478396655,0.021647154636150252,0.032767717982807004
126,06.05.2022,2022-05-06,11,2022,True,0.027063315529413,0.03437310794731979,0.021647154636150252,0.032620523520278465
126,09.05.2022,2022-05-09,11,2022,True,0.0265617846593607,0.03433464469430917,0.021647154636150252,0.03258402139625109
126,10.05.2022,2022-05-10,11,2022,True,0.0265006443772661,0.03547470144593639,0.021647154636150252,0.032970044037522094
126,11.05.2022,2022-05-11,11,2022,True,0.0262552553004382,0.035514062989588854,0.021647154636150252,0.03311488061088773
126,12.05.2022,2022-05-12,11,2022,True,0.0262774416124957,0.03222699322195076,0.021647154636150252,0.03334891318366457
126,13.05.2022,2022-05-13,11,2022,True,0.0261502822733319,0.031693089053138855,0.021647154636150252,0.033258527175627786
126,16.05.2022,2022-05-16,11,2022,True,0.0261791497500867,0.03183495236302738,0.021647154636150252,0.03340739763565903
126,17.05.2022,2022-05-17,11,2022,True,0.0261373878475612,0.02987285770691722,0.021647154636150252,0.033447499485371596
126,18.05.2022,2022-05-18,11,2022,True,0.0260612552338165,0.029927441392002468,0.021647154636150252,0.033508614755852595
126,19.05.2022,2022-05-19,11,2022,True,0.0260999938347386,0.030009541690156367,0.021647154636150252,0.033600539328559796
126,20.05.2022,2022-05-20,11,2022,True,0.0261710427046353,0.029982514664924517,0.021647154636150252,0.033570278199162584
126,23.05.2022,2022-05-23,11,2022,True,0.0261565829739671,0.029973761331624205,0.021647154636150252,0.03356047742570027
126,24.05.2022,2022-05-24,11,2022,True,0.0261783846386198,0.029866593231823453,0.021647154636150252,0.03344048539152324
126,25.05.2022,2022-05-25,11,2022,True,0.0263266008135532,0.02986106848855167,0.021647154636150252,0.03343429954718412
126,26.05.2022,2022-05-26,11,2022,True,0.026226903491181,0.02976800042197205,0.021647154636150252,0.033330094782458665
126,27.05.2022,2022-05-27,11,2022,True,0.0261672386219336,0.029841461665691897,0.021647154636150252,0.03341234653539174
126,31.05.2022,2022-05-31,11,2022,True,0.0260187453610275,0.02841636604211107,0.021647154636150252,0.031461504974709405
126,01.06.2022,2022-06-01,11,2022,True,0.0257517520756101,0.028711238994071055,0.021647154636150252,0.03153119100599969
126,02.06.2022,2022-06-02,11,2022,True,0.0257801246196223,0.028887846586644245,0.021647154636150252,0.03172514459106388
126,03.06.2022,2022-06-03,11,2022,True,0.0257409176001181,0.028800447919186057,0.021647154636150252,0.03162916182703677
126,06.06.2022,2022-06-06,11,2022,True,0.0258950899151605,0.02908025817955869,0.021647154636150252,0.031645541747662084
126,07.06.2022,2022-06-07,11,2022,True,0.0260951519596806,0.029084299361891795,0.021647154636150252,0.03164993941853016
126,08.06.2022,2022-06-08,11,2022,True,0.0260640766635484,0.029421379861176548,0.021647154636150252,0.031443142055672536
126,09.06.2022,2022-06-09,11,2022,True,0.0260779972024879,0.029918255124868322,0.021647154636150252,0.031399107190152285
126,10.06.2022,2022-06-10,11,2022,True,0.0260758505548554,0.03330654988682623,0.021647154636150252,0.031407125599350445
126,13.06.2022,2022-06-13,11,2022,True,0.0261923558440211,0.033259230248960304,0.021647154636150252,0.0313625045318781
126,14.06.2022,2022-06-14,11,2022,True,0.0263992506553393,0.03325499377076142,0.021647154636150252,0.03135850965389334
126,15.06.2022,2022-06-15,11,2022,True,0.0264604333874061,0.03325088537493002,0.021647154636150252,0.031354635553924204
126,16.06.2022,2022-06-16,11,2022,True,0.0264662806257415,0.03331903968857834,0.021647154636150252,0.03141890312580312
126,17.06.2022,2022-06-17,11,2022,True,0.0261029209098568,0.03332560595749111,0.021647154636150252,0.03142509492991262
126,21.06.2022,2022-06-21,11,2022,True,0.0260859007703074,0.035229344729891976,0.021647154636150252,0.03187794548288383
126,22.06.2022,2022-06-22,11,2022,True,0.0260091145537961,0.03333314398870742,0.021647154636150252,0.031820718652833424
126,23.06.2022,2022-06-23,11,2022,True,0.0261198621045042,0.035529887545118655,0.021647154636150252,0.0318065195050482
126,24.06.2022,2022-06-24,11,2022,True,0.026005607495094,0.03157697548468605,0.021647154636150252,0.03173311203711236
126,27.06.2022,2022-06-27,11,2022,True,0.0261694538732079,0.02965670623622227,0.021647154636150252,0.03178165078012931
126,28.06.2022,2022-06-28,11,2022,True,0.0260631019538887,0.02997930217480092,0.021647154636150252,0.03176885788869348
126,29.06.2022,2022-06-29,11,2022,True,0.0260565883141399,0.029990398840391338,0.021647154636150252,0.031780616947997956
126,30.06.2022,2022-06-30,11,2022,True,0.0260552012267548,0.032021199790230236,0.021647154636150252,0.03182045111844934
126,01.07.2022,2022-07-01,11,2022,True,0.0262743854789421,0.032051752200946027,0.021647154636150252,0.03185081198868848
126,05.07.2022,2022-07-05,11,2022,True,0.0255587324080871,0.031593348358066466,0.021647154636150252,0.03197026756708386
126,06.07.2022,2022-07-06,11,2022,True,0.0259154724140479,0.032723969004018486,0.021647154636150252,0.03280574865243517
126,07.07.2022,2022-07-07,11,2022,True,0.0256845584776685,0.03774301424456078,0.021647154636150252,0.03284616224987071
126,08.07.2022,2022-07-08,11,2022,True,0.0255890762307542,0.032612209130721194,0.021647154636150252,0.032994262709610325
126,11.07.2022,2022-07-11,11,2022,True,0.0256277823228612,0.032083806910920366,0.021647154636150252,0.033036450323388325
126,12.07.2022,2022-07-12,11,2022,True,0.0248225792077436,0.03554550308577006,0.021647154636150252,0.033017940177977746
126,13.07.2022,2022-07-13,11,2022,True,0.0249984237754594,0.03855067421753132,0.021647154636150252,0.033699541363493804
126,14.07.2022,2022-07-14,11,2022,True,0.0250467784026951,0.03279954566715093,0.021647154636150252,0.03368128040323979
126,15.07.2022,2022-07-15,11,2022,True,0.0250115029586098,0.03752067356040579,0.021647154636150252,0.03355521681346119
126,18.07.2022,2022-07-18,11,2022,True,0.0246084799964745,0.03270815904576839,0.021647154636150252,0.033587437078361884
126,19.07.2022,2022-07-19,11,2022,True,0.0245993757365832,0.033634322863692286,0.021647154636150252,0.033855024431646924
126,20.07.2022,2022-07-20,11,2022,True,0.0246379772070649,0.03269161358056545,0.021647154636150252,0.03382961449759709
126,21.07.2022,2022-07-21,11,2022,True,0.0245703059874566,0.03266946650527239,0.021647154636150252,0.03380669647865112
126,22.07.2022,2022-07-22,11,2022,True,0.024575681906732,0.033951802872544457,0.021647154636150252,0.03390651662097311
126,25.07.2022,2022-07-25,11,2022,True,0.0245900565552553,0.03376307177435939,0.021647154636150252,0.03391294009605242
126,26.07.2022,2022-07-26,11,2022,True,0.0245852872184625,0.03320302311799072,0.021647154636150252,0.03394301253712719
126,27.07.2022,2022-07-27,11,2022,True,0.0245498234843748,0.03375444964534243,0.021647154636150252,0.03390427969492522
126,28.07.2022,2022-07-28,11,2022,True,0.0245525549839626,0.033160113639404756,0.021647154636150252,0.03389914674320749
126,29.07.2022,2022-07-29,11,2022,True,0.0244785763154744,0.03269552349036533,0.021647154636150252,0.03386093665390434
126,01.08.2022,2022-08-01,11,2022,True,0.0230105788239709,0.03037610528904223,0.021647154636150252,0.03392580219256099
126,02.08.2022,2022-08-02,11,2022,True,0.0230612359803982,0.03589780974585172,0.021647154636150252,0.034998373352579354
126,03.08.2022,2022-08-03,11,2022,True,0.0228343249288321,0.041407871270941504,0.021647154636150252,0.034983405899998786
126,04.08.2022,2022-08-04,11,2022,True,0.0228310336797828,0.03583223289960905,0.021647154636150252,0.03509276545750601
126,05.08.2022,2022-08-05,11,2022,True,0.022850361632584,0.0417644089363756,0.021647154636150252,0.035183570131687034
126,08.08.2022,2022-08-08,11,2022,True,0.0229872968455093,0.035557512560688696,0.021647154636150252,0.035154994418948
126,09.08.2022,2022-08-09,11,2022,True,0.023040406404869,0.03533527480474179,0.021647154636150252,0.03513000864215614
126,10.08.2022,2022-08-10,11,2022,True,0.0230201408538348,0.03533205830860346,0.021647154636150252,0.035126810830967144
126,11.08.2022,2022-08-11,11,2022,True,0.0230183912982525,0.035532967058597244,0.021647154636150252,0.03508869307783865
126,12.08.2022,2022-08-12,11,2022,True,0.0229884682544504,0.032993054106262625,0.021647154636150252,0.03513545804122877
126,15.08.2022,2022-08-15,11,2022,True,0.022845773925653,0.03301751820300627,0.021647154636150252,0.03516151071406968
126,16.08.2022,2022-08-16,11,2022,True,0.0227013322154002,0.03560358696211441,0.021647154636150252,0.03515843001018134
126,17.08.2022,2022-08-17,11,2022,True,0.0226636267399143,0.03629446088849736,0.021647154636150252,0.035203430867733
126,18.08.2022,2022-08-18,11,2022,True,0.0225897491217888,0.04194745453384156,0.021647154636150252,0.035098269326496255
126,19.08.2022,2022-08-19,11,2022,True,0.0225891756552733,0.035621996441315425,0.021647154636150252,0.0351766093129213
126,22.08.2022,2022-08-22,11,2022,True,0.0227335771280167,0.03622082983676949,0.021647154636150252,0.035132013203004936
126,23.08.2022,2022-08-23,11,2022,True,0.0225374244854415,0.03546898852685534,0.021647154636150252,0.03512900975363706
126,24.08.2022,2022-08-24,11,2022,True,0.0225442249467869,0.03486574476595188,0.021647154636150252,0.03515662505485768
126,25.08.2022,2022-08-25,11,2022,True,0.0225003476737344,0.03517288263344093,0.021647154636150252,0.0351671350598069
126,26.08.2022,2022-08-26,11,2022,True,0.0225058410396157,0.035155136377773,0.021647154636150252,0.035149391704040925
126,29.08.2022,2022-08-29,11,2022,True,0.0222068940819413,0.03487297007999109,0.021647154636150252,0.035163910648734566
126,30.08.2022,2022-08-30,11,2022,True,0.0216621054122705,0.03326929237092397,0.021647154636150252,0.035235721486948327
126,31.08.2022,2022-08-31,11,2022,True,0.0215549666079725,0.03483419390492175,0.021647154636150252,0.0354275475345878
126,01.09.2022,2022-09-01,11,2022,True,0.021213332639367,0.04058794116213698,0.021647154636150252,0.03489458365983969
126,02.09.2022,2022-09-02,11,2022,True,0.021411143816937,0.04119103255197118,0.021647154636150252,0.03505091855881401
126,06.09.2022,2022-09-06,11,2022,True,0.0214192677255438,0.04056510961751888,0.021647154636150252,0.03451829841213765
126,07.09.2022,2022-09-07,11,2022,True,0.0209235285557448,0.03380106483381748,0.021647154636150252,0.03428966532461603
126,08.09.2022,2022-09-08,11,2022,True,0.0209317226817899,0.04012592984634042,0.021647154636150252,0.03439858311205259
126,09.09.2022,2022-09-09,11,2022,True,0.0207106037645868,0.031654656773292246,0.021647154636150252,0.03211223054830588
126,12.09.2022,2022-09-12,11,2022,True,0.0209914210004688,0.031544201439050026,0.021647154636150252,0.03230459052974044
126,13.09.2022,2022-09-13,11,2022,True,0.0214175469013234,0.02660677225499707,0.021647154636150252,0.03220541721064552
126,14.09.2022,2022-09-14,11,2022,True,0.021436263097162,0.026341289414766544,0.021647154636150252,0.03188407099284996
126,15.09.2022,2022-09-15,11,2022,True,0.0213142757216949,0.025886204413183102,0.021647154636150252,0.03133322618530103
126,16.09.2022,2022-09-16,11,2022,True,0.0213354105400921,0.02751464401203591,0.021647154636150252,0.03144294494797539
126,19.09.2022,2022-09-19,11,2022,True,0.021413070738843,0.029906408871441657,0.021647154636150252,0.030511009002166946
126,20.09.2022,2022-09-20,11,2022,True,0.0214490957339325,0.03285236321993292,0.021647154636150252,0.03049702759346567
126,21.09.2022,2022-09-21,11,2022,True,0.0214535592612728,0.03299517510204665,0.021647154636150252,0.0298638621121033
126,22.09.2022,2022-09-22,11,2022,True,0.0214620705130511,0.03300191831520277,0.021647154636150252,0.029869965379846666
126,23.09.2022,2022-09-23,11,2022,True,0.0213672059873734,0.032583265533580506,0.021647154636150252,0.029491043646455398
126,26.09.2022,2022-09-26,11,2022,True,0.0212702814190392,0.03344535066095678,0.021647154636150252,0.0297331010708738
126,27.09.2022,2022-09-27,11,2022,True,0.0211399227065261,0.03933774176996333,0.021647154636150252,0.02976181049832224
126,28.09.2022,2022-09-28,11,2022,True,0.0209331808521474,0.03935070462926263,0.021647154636150252,0.02925137180777338
126,29.09.2022,2022-09-29,11,2022,True,0.0209293667585018,0.03953537932229423,0.021647154636150252,0.029388649860612532
126,30.09.2022,2022-09-30,11,2022,True,0.0216745286021369,0.039373789123970306,0.021647154636150252,0.0292685316818862
126,03.10.2022,2022-10-03,11,2022,True,0.0216542150847256,0.03894640323199863,0.021647154636150252,0.02895083410190021
126,04.10.2022,2022-10-04,11,2022,True,0.0214518924254235,0.03878427246008137,0.021647154636150252,0.028830314087442667
126,05.10.2022,2022-10-05,11,2022,True,0.0213947589575058,0.039500014125224026,0.021647154636150252,0.028856470360098932
126,06.10.2022,2022-10-06,11,2022,True,0.021387576732684,0.03887105279914868,0.021647154636150252,0.02889482230877131
126,07.10.2022,2022-10-07,11,2022,True,0.0211846792641429,0.03781280241292776,0.021647154636150252,0.028525703189875566
126,10.10.2022,2022-10-10,11,2022,True,0.0212124337392789,0.03851436507160749,0.021647154636150252,0.02871190957371466
126,11.10.2022,2022-10-11,11,2022,True,0.021177503307816,0.03434972493654887,0.021647154636150252,0.028686880716781153
126,12.10.2022,2022-10-12,11,2022,True,0.0211106008764467,0.0344655813774412,0.021647154636150252,0.028489791638311304
126,13.10.2022,2022-10-13,11,2022,True,0.0210644411947212,0.03561799704445941,0.021647154636150252,0.028008429838188915
126,14.10.2022,2022-10-14,11,2022,True,0.0208832146740866,0.03543129731462647,0.021647154636150252,0.02786161736366073
126,17.10.2022,2022-10-17,11,2022,True,0.0209518996939296,0.03545683393766805,0.021647154636150252,0.02788169824338767
126,18.10.2022,2022-10-18,11,2022,True,0.0210067023050376,0.0354182895206467,0.021647154636150252,0.027851388605300814
126,19.10.2022,2022-10-19,11,2022,True,0.0208790718920236,0.034344413793681784,0.021647154636150252,0.02749580854343946
126,20.10.2022,2022-10-20,11,2022,True,0.0209162324785699,0.03447862051040892,0.021647154636150252,0.027603253154680773
126,21.10.2022,2022-10-21,11,2022,True,0.0209842536212052,0.03443563708768949,0.021647154636150252,0.02756884103838335
126,24.10.2022,2022-10-24,11,2022,True,0.0212513567055234,0.03364566675867863,0.021647154636150252,0.027563738814054016
126,25.10.2022,2022-10-25,11,2022,True,0.0212673705956396,0.034130319035603235,0.021647154636150252,0.027324406331899465
126,26.10.2022,2022-10-26,11,2022,True,0.021205235285525,0.03377427332142897,0.021647154636150252,0.02722264819158661
126,27.10.2022,2022-10-27,11,2022,True,0.021164699830965,0.03410393267835981,0.021647154636150252,0.027303281667164107
126,28.10.2022,2022-10-28,11,2022,True,0.0216088034507285,0.034050125690848705,0.021647154636150252,0.027260204308622128
126,31.10.2022,2022-10-31,11,2022,True,0.0218699360122511,0.034020549711742044,0.021647154636150252,0.02723652606319081
126,01.11.2022,2022-11-01,11,2022,True,0.0218735971171897,0.033992475923724605,0.021647154636150252,0.027214050457549273
126,02.11.2022,2022-11-02,11,2022,True,0.0221055118943229,0.03366164373470408,0.021647154636150252,0.027131866797529786
126,03.11.2022,2022-11-03,11,2022,True,0.0221771665536244,0.033496744675737766,0.021647154636150252,0.026817172771252756
126,04.11.2022,2022-11-04,11,2022,True,0.0218643013074062,0.031436854837932376,0.021647154636150252,0.026838658527180186
126,07.11.2022,2022-11-07,11,2022,True,0.0218842717916262,0.03380419621785981,0.021647154636150252,0.027063315529412983
126,08.11.2022,2022-11-08,11,2022,True,0.0218265416431699,0.031112544903356364,0.021647154636150252,0.02656178465936071
126,09.11.2022,2022-11-09,11,2022,True,0.0217076112394107,0.031040929618597984,0.021647154636150252,0.02650064437726615
126,10.11.2022,2022-11-10,11,2022,True,0.0217247137576215,0.03075349868089885,0.021647154636150252,0.026255255300438207
126,11.11.2022,2022-11-11,11,2022,True,0.0215978629785814,0.030779486115063384,0.021647154636150252,0.02627744161249567
126,14.11.2022,2022-11-14,11,2022,True,0.0216014651349424,0.030630540902972004,0.021647154636150252,0.026150282273331896
126,15.11.2022,2022-11-15,11,2022,True,0.0216157464262414,0.03066435416809328,0.021647154636150252,0.026179149750086724
126,16.11.2022,2022-11-16,11,2022,True,0.0216013546783169,0.03242782534818042,0.021647154636150252,0.026137387847561266
126,17.11.2022,2022-11-17,11,2022,True,0.021416737912839,0.030526261096473464,0.021647154636150252,0.02606125523381655
126,18.11.2022,2022-11-18,11,2022,True,0.0213446330004719,0.030571636679331948,0.021647154636150252,0.026099993834738586
126,21.11.2022,2022-11-21,11,2022,True,0.0214234054087854,0.030654858164007842,0.021647154636150252,0.026171042704635272
126,22.11.2022,2022-11-22,11,2022,True,0.0215266396251325,0.03267161639082042,0.021647154636150252,0.026156582973967075
126,23.11.2022,2022-11-23,11,2022,True,0.0213426183387463,0.031718559523060574,0.021647154636150252,0.026178384638619843
126,25.11.2022,2022-11-25,11,2022,True,0.0216341366397449,0.033479234479944546,0.021647154636150252,0.02632660081355324
126,28.11.2022,2022-11-28,11,2022,True,0.0216531594647254,0.033352450545460974,0.021647154636150252,0.026226903491181064
126,29.11.2022,2022-11-29,11,2022,True,0.0217507482689717,0.035242766116885024,0.021647154636150252,0.0261672386219336
126,30.11.2022,2022-11-30,11,2022,True,0.0217113948111339,0.033995009543705726,0.021647154636150252,0.026018745361027537
126,01.12.2022,2022-12-01,11,2022,True,0.0216665341610931,0.03206697905762568,0.021647154636150252,0.02575175207561012
126,02.12.2022,2022-12-02,11,2022,True,0.0216328597060199,0.030247326144024634,0.021647154636150252,0.025780124619622292
126,05.12.2022,2022-12-05,11,2022,True,0.0214392193951431,0.03124052571211251,0.021647154636150252,0.025740917600118093
126,06.12.2022,2022-12-06,11,2022,True,0.0211581711492066,0.028154936445599365,0.021647154636150252,0.0258950899151605
126,07.12.2022,2022-12-07,11,2022,True,0.0210581614605448,0.030592198504545427,0.021647154636150252,0.026095151959680644
126,08.12.2022,2022-12-08,11,2022,True,0.0213268022451138,0.030986303576304827,0.021647154636150252,0.026064076663548447
126,09.12.2022,2022-12-09,11,2022,True,0.0215407648741624,0.03100285302292794,0.021647154636150252,0.026077997202487917
126,12.12.2022,2022-12-12,11,2022,True,0.0214643747973542,0.031000300978745753,0.021647154636150252,0.026075850554855375
126,13.12.2022,2022-12-13,11,2022,True,0.021455186692047,0.028802362320876,0.021647154636150252,0.02619235584402114
126,14.12.2022,2022-12-14,11,2022,True,0.0213668371261351,0.029029873712114844,0.021647154636150252,0.02639925065533934
126,15.12.2022,2022-12-15,11,2022,True,0.0213230390546186,0.029097153159113154,0.021647154636150252,0.02646043338740613
126,16.12.2022,2022-12-16,11,2022,True,0.021238871000821,0.029103583060956072,0.021647154636150252,0.0264662806257415
126,19.12.2022,2022-12-19,11,2022,True,0.0215052413619191,0.028704015406482895,0.021647154636150252,0.02610292090985678
126,20.12.2022,2022-12-20,11,2022,True,0.0215056201723879,0.026582420537364638,0.021647154636150252,0.02608590077030743
126,21.12.2022,2022-12-21,11,2022,True,0.0213645608800274,0.02650417276985418,0.021647154636150252,0.026009114553796155
126,22.12.2022,2022-12-22,11,2022,True,0.0214476627222567,0.026617028292549208,0.021647154636150252,0.026119862104504173
126,23.12.2022,2022-12-23,11,2022,True,0.0213152293194556,0.026500598957698365,0.021647154636150252,0.02600560749509406
126,27.12.2022,2022-12-27,11,2022,True,0.0213137882311634,0.0266675639923697,0.021647154636150252,0.026169453873207946
126,28.12.2022,2022-12-28,11,2022,True,0.0213007557531426,0.02704900683525997,0.021647154636150252,0.02606310195388872
126,29.12.2022,2022-12-29,11,2022,True,0.0212780676170751,0.027042246800080733,0.021647154636150252,0.026056588314139897
126,30.12.2022,2022-12-30,11,2022,True,0.021048555763095,0.027040807242493716,0.021647154636150252,0.02605520122675486
126,03.01.2023,2023-01-03,12,2023,True,0.0206667410437392,0.028352226147770665,0.02216415900184466,0.026274385478942074
126,04.01.2023,2023-01-04,12,2023,True,0.0202429804395313,0.029684136275676117,0.02216415900184466,0.025558732408087127
126,05.01.2023,2023-01-05,12,2023,True,0.0202392373151631,0.03133622371817814,0.02216415900184466,0.02591547241404796
126,06.01.2023,2023-01-06,12,2023,True,0.0203323279649401,0.029752972616539215,0.02216415900184466,0.025684558477668547
126,09.01.2023,2023-01-09,12,2023,True,0.0203113621875484,0.027892917568661083,0.02216415900184466,0.025589076230754248
126,10.01.2023,2023-01-10,12,2023,True,0.0203519521927018,0.02789727447270815,0.02216415900184466,0.025627782322861236
126,11.01.2023,2023-01-11,12,2023,True,0.0202211844265255,0.027020765845245733,0.02216415900184466,0.024822579207743587
126,12.01.2023,2023-01-12,12,2023,True,0.0202223207374922,0.027212182492550724,0.02216415900184466,0.024998423775459452
126,13.01.2023,2023-01-13,12,2023,True,0.0202194954116529,0.027264819208869945,0.02216415900184466,0.02504677840269513
126,17.01.2023,2023-01-17,12,2023,True,0.0202071219252996,0.027226419914955377,0.02216415900184466,0.025011502958609835
126,18.01.2023,2023-01-18,12,2023,True,0.0201871518509467,0.026012707417671473,0.02216415900184466,0.024608479996474485
126,19.01.2023,2023-01-19,12,2023,True,0.0202130029324882,0.02600308364371871,0.02216415900184466,0.024599375736583173
126,20.01.2023,2023-01-20,12,2023,True,0.0202392708529053,0.026043887820070787,0.02216415900184466,0.024637977207064888
126,23.01.2023,2023-01-23,12,2023,True,0.0202551471269099,0.02597235509490783,0.02216415900184466,0.024570305987456655
126,24.01.2023,2023-01-24,12,2023,True,0.0201615052363508,0.025978037778894465,0.02216415900184466,0.02457568190673203
126,25.01.2023,2023-01-25,12,2023,True,0.0202124304384591,0.025993232684322246,0.02216415900184466,0.02459005655525531
126,26.01.2023,2023-01-26,12,2023,True,0.0201795395104967,0.025988191196079792,0.02216415900184466,0.02458528721846253
126,27.01.2023,2023-01-27,12,2023,True,0.0201722825776812,0.025950703803973678,0.02216415900184466,0.024549823484374757
126,30.01.2023,2023-01-30,12,2023,True,0.0201004617848679,0.025953591170426202,0.02216415900184466,0.02455255498396258
126,31.01.2023,2023-01-31,12,2023,True,0.02017764306014,0.02587539107603564,0.02216415900184466,0.024478576315474374
126,01.02.2023,2023-02-01,12,2023,True,0.0202050307666478,0.024323625617875447,0.02216415900184466,0.023010578823970913
126,02.02.2023,2023-02-02,12,2023,True,0.0202220983375812,0.024377173410707123,0.02216415900184466,0.02306123598039818
126,03.02.2023,2023-02-03,12,2023,True,0.0200906625127008,0.02413731419164646,0.02216415900184466,0.022834324928832108
126,06.02.2023,2023-02-06,12,2023,True,0.0200760838889342,0.024133835134891615,0.02216415900184466,0.022831033679782807
126,07.02.2023,2023-02-07,12,2023,True,0.0199143171146471,0.02465742238137589,0.02216415900184466,0.022850361632584013
126,08.02.2023,2023-02-08,12,2023,True,0.0198970132940854,0.024805186755448943,0.02216415900184466,0.022987296845509268
126,09.02.2023,2023-02-09,12,2023,True,0.019890997078162,0.024862496344622075,0.02216415900184466,0.023040406404868968
126,10.02.2023,2023-02-10,12,2023,True,0.0198032321433656,0.02637678461503169,0.02216415900184466,0.023020140853834838
126,13.02.2023,2023-02-13,12,2023,True,0.019849323199747,0.026374779950896068,0.02216415900184466,0.023018391298252526
126,14.02.2023,2023-02-14,12,2023,True,0.0198790711113203,0.024806450802185166,0.02216415900184466,0.022988468254450414
126,15.02.2023,2023-02-15,12,2023,True,0.0198914945813407,0.024786608890580798,0.02216415900184466,0.022845773925653
126,16.02.2023,2023-02-16,12,2023,True,0.0199032600180172,0.024629896310338448,0.02216415900184466,0.02270133221540021
126,17.02.2023,2023-02-17,12,2023,True,0.0197753986334379,0.024588987611996963,0.02216415900184466,0.022663626739914313
126,21.02.2023,2023-02-21,12,2023,True,0.019780861414107,0.0245088338105891,0.02216415900184466,0.022589749121788762
126,22.02.2023,2023-02-22,12,2023,True,0.0196169004978324,0.02465093481657656,0.02216415900184466,0.02258917565527331
126,23.02.2023,2023-02-23,12,2023,True,0.0195389742785095,0.024808516100034463,0.02216415900184466,0.02273357712801666
126,24.02.2023,2023-02-24,12,2023,True,0.0195483228043541,0.024594460214153045,0.02216415900184466,0.02253742448544146
126,27.02.2023,2023-02-27,12,2023,True,0.0195328731876842,0.024601881367182655,0.02216415900184466,0.02254422494678696
126,28.02.2023,2023-02-28,12,2023,True,0.0195042726067608,0.025921474986760652,0.02216415900184466,0.02250034767373442
126,01.03.2023,2023-03-01,12,2023,True,0.0195030235033753,0.025927803606582457,0.02216415900184466,0.02250584103961573
126,02.03.2023,2023-03-02,12,2023,True,0.0195245110037242,0.02558340243562755,0.02216415900184466,0.02220689408194127
126,03.03.2023,2023-03-03,12,2023,True,0.0195670879489332,0.0251389183046981,0.02216415900184466,0.021662105412270483
126,06.03.2023,2023-03-06,12,2023,True,0.0196190187833633,0.025014583499874128,0.02216415900184466,0.021554966607972462
126,07.03.2023,2023-03-07,12,2023,True,0.0193798413818887,0.023184385847769703,0.02216415900184466,0.021213332639367023
126,08.03.2023,2023-03-08,12,2023,True,0.0193796415175688,0.023508020386778433,0.02216415900184466,0.021411143816936998
126,09.03.2023,2023-03-09,12,2023,True,0.0193515222747106,0.02351693990134439,0.02216415900184466,0.021419267725543794
126,10.03.2023,2023-03-10,12,2023,True,0.0193128394215688,0.022972651066997248,0.02216415900184466,0.02092352855574479
126,13.03.2023,2023-03-13,12,2023,True,0.0192229220062369,0.02413310342199639,0.02216415900184466,0.02093172268178995
126,14.03.2023,2023-03-14,12,2023,True,0.0188332417608086,0.026187252868422006,0.02216415900184466,0.020710603764586805
126,15.03.2023,2023-03-15,12,2023,True,0.0183342661625395,0.028957223010861087,0.02216415900184466,0.020991421000468843
126,16.03.2023,2023-03-16,12,2023,True,0.0183041929652558,0.029545054713225292,0.02216415900184466,0.021417546901323394
126,17.03.2023,2023-03-17,12,2023,True,0.0181655765332947,0.029570873311061063,0.02216415900184466,0.021436263097161967
126,20.03.2023,2023-03-20,12,2023,True,0.0181489435156316,0.029549351810156894,0.02216415900184466,0.02131427572169492
126,21.03.2023,2023-03-21,12,2023,True,0.018095993114955,0.02929004496502099,0.02216415900184466,0.021335410540092095
126,22.03.2023,2023-03-22,12,2023,True,0.0180402539580654,0.028782645929166933,0.02216415900184466,0.021413070738843056
126,23.03.2023,2023-03-23,12,2023,True,0.0180100754278741,0.02883106937533708,0.02216415900184466,0.021449095733932517
126,24.03.2023,2023-03-24,12,2023,True,0.0179677324300151,0.028837069081245576,0.02216415900184466,0.02145355926127281
126,27.03.2023,2023-03-27,12,2023,True,0.0176276884681429,0.028848509586408777,0.02216415900184466,0.021462070513051074
126,28.03.2023,2023-03-28,12,2023,True,0.0177701821220427,0.028319852724529693,0.02216415900184466,0.02136720598737342
126,29.03.2023,2023-03-29,12,2023,True,0.0178039828191126,0.027750271570134745,0.02216415900184466,0.02127028141903923
126,30.03.2023,2023-03-30,12,2023,True,0.0177776561809762,0.02530304152106279,0.02216415900184466,0.02113992270652616
126,31.03.2023,2023-03-31,12,2023,True,0.018341538388136,0.02505558566239622,0.02216415900184466,0.020933180852147355
126,03.04.2023,2023-04-03,12,2023,True,0.0174865213238842,0.025051020453184265,0.02216415900184466,0.020929366758501756
126,04.04.2023,2023-04-04,12,2023,True,0.0182437518145343,0.02494615044209075,0.02216415900184466,0.021674528602136905
126,05.04.2023,2023-04-05,12,2023,True,0.0183354330952946,0.024922770738169557,0.02216415900184466,0.02165421508472564
126,06.04.2023,2023-04-06,12,2023,True,0.0183430368162616,0.0246899088573212,0.02216415900184466,0.0214518924254235
126,10.04.2023,2023-04-10,12,2023,True,0.0186821187701611,0.022699905341278137,0.02216415900184466,0.021394758957505835
126,11.04.2023,2023-04-11,12,2023,True,0.018630890321852,0.024740764452270126,0.02216415900184466,0.02138757673268404
126,12.04.2023,2023-04-12,12,2023,True,0.018641941364035,0.024506056306514326,0.02216415900184466,0.021184679264142903
126,13.04.2023,2023-04-13,12,2023,True,0.0185994685241064,0.024538162184633106,0.02216415900184466,0.02121243373927888
126,14.04.2023,2023-04-14,12,2023,True,0.019240206430114,0.02449775528917967,0.02216415900184466,0.021177503307815974
126,17.04.2023,2023-04-17,12,2023,True,0.0192103607303609,0.02455323413545257,0.02216415900184466,0.021110600876446728
126,18.04.2023,2023-04-18,12,2023,True,0.0192114663795395,0.022853945201914222,0.02216415900184466,0.02106444119472126
126,19.04.2023,2023-04-19,12,2023,True,0.0191862587234657,0.022657322802419663,0.02216415900184466,0.0208832146740866
126,20.04.2023,2023-04-20,12,2023,True,0.019065996297026,0.02289866165801688,0.02216415900184466,0.020951899693929594
126,21.04.2023,2023-04-21,12,2023,True,0.019061128945519,0.024219550726400668,0.02216415900184466,0.021006702305037633
126,24.04.2023,2023-04-24,12,2023,True,0.0191759040488888,0.02311050657189757,0.02216415900184466,0.020879071892023586
126,25.04.2023,2023-04-25,12,2023,True,0.0191364447557939,0.022859680395757313,0.02216415900184466,0.020916232478569902
126,26.04.2023,2023-04-26,12,2023,True,0.018906673514733,0.02480081457879982,0.02216415900184466,0.020984253621205238
126,27.04.2023,2023-04-27,12,2023,True,0.0190341720185735,0.0254364203958406,0.02216415900184466,0.021251356705523444
126,28.04.2023,2023-04-28,12,2023,True,0.0191537921002299,0.025266847355068935,0.02216415900184466,0.021267370595639608
126,01.05.2023,2023-05-01,12,2023,True,0.0194043963313762,0.023471528426125945,0.02216415900184466,0.02120523528552496
126,02.05.2023,2023-05-02,12,2023,True,0.018825928689615,0.023426660776172555,0.02216415900184466,0.021164699830964993
126,03.05.2023,2023-05-03,12,2023,True,0.0186945824492899,0.02586425970069771,0.02216415900184466,0.021608803450728534
126,04.05.2023,2023-05-04,12,2023,True,0.0188229225671923,0.028532610904630485,0.02216415900184466,0.021869936012251106
126,05.05.2023,2023-05-05,12,2023,True,0.0186585548814006,0.028537387365002134,0.02216415900184466,0.02187359711718967
126,08.05.2023,2023-05-08,12,2023,True,0.0185598418093311,0.026126004362935655,0.02216415900184466,0.022105511894322905
126,09.05.2023,2023-05-09,12,2023,True,0.0189566730746504,0.02440260870004606,0.02216415900184466,0.022177166553624433
126,10.05.2023,2023-05-10,12,2023,True,0.0190597482953456,0.02405834794153812,0.02216415900184466,0.021864301307406176
126,11.05.2023,2023-05-11,12,2023,True,0.0189876547955118,0.02386528617334505,0.02216415900184466,0.021884271791626168
126,12.05.2023,2023-05-12,12,2023,True,0.0190204381191343,0.024193048455961454,0.02216415900184466,0.02182654164316992
126,15.05.2023,2023-05-15,12,2023,True,0.019015549666522,0.025407520293484236,0.02216415900184466,0.021707611239410732
126,16.05.2023,2023-05-16,12,2023,True,0.0190106524748547,0.024046525758643064,0.02216415900184466,0.021724713757621514
126,17.05.2023,2023-05-17,12,2023,True,0.0189200443016973,0.023906117900582297,0.02216415900184466,0.021597862978581447
126,18.05.2023,2023-05-18,12,2023,True,0.0193508867745727,0.024905278943989664,0.02216415900184466,0.0216014651349424
126,19.05.2023,2023-05-19,12,2023,True,0.0196762029040964,0.02392591262789638,0.02216415900184466,0.02161574642624141
126,22.05.2023,2023-05-22,12,2023,True,0.0197560375444055,0.023909982773029675,0.02216415900184466,0.021601354678316857
126,23.05.2023,2023-05-23,12,2023,True,0.0197337849825915,0.02370563523335348,0.02216415900184466,0.02141673791283905
126,24.05.2023,2023-05-24,12,2023,True,0.0196678434484359,0.023625824164176388,0.02216415900184466,0.021344633000471867
126,25.05.2023,2023-05-25,12,2023,True,0.0195745413472768,0.023713015312778658,0.02216415900184466,0.021423405408785436
126,26.05.2023,2023-05-26,12,2023,True,0.0195718820708434,0.025441848325167785,0.02216415900184466,0.02152663962513252
126,30.05.2023,2023-05-30,12,2023,True,0.0192238567774869,0.023623594187035163,0.02216415900184466,0.021342618338746285
126,31.05.2023,2023-05-31,12,2023,True,0.0192439374941907,0.025894581795174638,0.02216415900184466,0.021634136639744908
126,01.06.2023,2023-06-01,12,2023,True,0.019155019039559,0.02591735081552587,0.02216415900184466,0.021653159464725364
126,02.06.2023,2023-06-02,12,2023,True,0.0195409156567846,0.026034157939190224,0.02216415900184466,0.021750748268971706
126,05.06.2023,2023-06-05,12,2023,True,0.0195547202758209,0.025987054541912438,0.02216415900184466,0.02171139481113391
126,06.06.2023,2023-06-06,12,2023,True,0.0195721839502491,0.027395966593162673,0.02216415900184466,0.02166653416109312
126,07.06.2023,2023-06-07,12,2023,True,0.019852852753731,0.02543088439113999,0.02216415900184466,0.021632859706019875
126,08.06.2023,2023-06-08,12,2023,True,0.0198222611865582,0.024880258619077177,0.02216415900184466,0.021439219395143087
126,09.06.2023,2023-06-09,12,2023,True,0.0198893760468509,0.02505538623190663,0.02216415900184466,0.021158171149206595
126,12.06.2023,2023-06-12,12,2023,True,0.0195573465423918,0.024438040094842843,0.02216415900184466,0.02105816146054482
126,13.06.2023,2023-06-13,12,2023,True,0.0196180038598805,0.02576673946068542,0.02216415900184466,0.02132680224511378
126,14.06.2023,2023-06-14,12,2023,True,0.0196124532278659,0.024467913885515072,0.02216415900184466,0.021540764874162364
126,15.06.2023,2023-06-15,12,2023,True,0.0195858680786038,0.024381143251697383,0.02216415900184466,0.021464374797354246
126,16.06.2023,2023-06-16,12,2023,True,0.0195550866468767,0.024370706585648546,0.02216415900184466,0.021455186692047025
126,20.06.2023,2023-06-20,12,2023,True,0.0196033280314245,0.02427035130192562,0.02216415900184466,0.02136683712613511
126,21.06.2023,2023-06-21,12,2023,True,0.0196055444617857,0.02458426927393127,0.02216415900184466,0.021323039054618607
126,22.06.2023,2023-06-22,12,2023,True,0.0192859496343296,0.023405802941436793,0.02216415900184466,0.021238871000821054
126,23.06.2023,2023-06-23,12,2023,True,0.0192859086159809,0.025112271350349352,0.02216415900184466,0.02150524136191913
126,26.06.2023,2023-06-26,12,2023,True,0.019287073619016,0.025417005909541372,0.02216415900184466,0.021505620172387864
126,27.06.2023,2023-06-27,12,2023,True,0.0192587625836138,0.025571918049620914,0.02216415900184466,0.02136456088002741
126,28.06.2023,2023-06-28,12,2023,True,0.0192149265406241,0.0281816512141366,0.02216415900184466,0.021447662722256712
126,29.06.2023,2023-06-29,12,2023,True,0.0192683446400432,0.025512871545867066,0.02216415900184466,0.021315229319455613
126,30.06.2023,2023-06-30,12,2023,True,0.0193225511856253,0.025190284078473235,0.02216415900184466,0.021313788231163453
126,03.07.2023,2023-07-03,12,2023,True,0.019367867582838,0.02338682159065976,0.02216415900184466,0.021300755753142563
126,05.07.2023,2023-07-05,12,2023,True,0.0194168694985184,0.02454791039632592,0.02216415900184466,0.021278067617075083
126,06.07.2023,2023-07-06,12,2023,True,0.0194314331624049,0.024283129001333306,0.02216415900184466,0.02104855576309506
126,07.07.2023,2023-07-07,12,2023,True,0.019347301429212,0.024639993731686818,0.02216415900184466,0.0206667410437392
126,10.07.2023,2023-07-10,12,2023,True,0.01956510716566,0.023845822594649457,0.02216415900184466,0.020242980439531287
126,11.07.2023,2023-07-11,12,2023,True,0.019542796476234,0.026405119932519976,0.02216415900184466,0.020239237315163142
126,12.07.2023,2023-07-12,12,2023,True,0.0195459829415575,0.022406768310314382,0.02216415900184466,0.02033232796494009
126,13.07.2023,2023-07-13,12,2023,True,0.0195085660879774,0.02238366346382206,0.02216415900184466,0.020311362187548386
126,14.07.2023,2023-07-14,12,2023,True,0.0194680556539224,0.02242839473329379,0.02216415900184466,0.020351952192701816
126,17.07.2023,2023-07-17,12,2023,True,0.019407093696409,0.02228428516334082,0.02216415900184466,0.02022118442652549
126,18.07.2023,2023-07-18,12,2023,True,0.0193698426638074,0.022202771240501875,0.02216415900184466,0.020222320737492173
126,19.07.2023,2023-07-19,12,2023,True,0.0194195047587209,0.022199669219517132,0.02216415900184466,0.020219495411652962
126,20.07.2023,2023-07-20,12,2023,True,0.019427842966135,0.022186083949531733,0.02216415900184466,0.020207121925299644
126,21.07.2023,2023-07-21,12,2023,True,0.0194363329130336,0.022164158128145064,0.02216415900184466,0.020187151850946702
126,24.07.2023,2023-07-24,12,2023,True,0.0193567432326003,0.022192540906622194,0.02216415900184466,0.020213002932488212
126,25.07.2023,2023-07-25,12,2023,True,0.0193397019620063,0.02359556152857241,0.02216415900184466,0.02023927085290532
126,26.07.2023,2023-07-26,12,2023,True,0.0195057026473885,0.023614070574814308,0.02216415900184466,0.020255147126909866
126,27.07.2023,2023-07-27,12,2023,True,0.0194918438363586,0.023504899992217904,0.02216415900184466,0.020161505236350807
126,28.07.2023,2023-07-28,12,2023,True,0.019513679643094,0.023564270151767378,0.02216415900184466,0.020212430438459134
126,31.07.2023,2023-07-31,12,2023,True,0.0195110500951192,0.02352592490108564,0.02216415900184466,0.020179539510496666
126,01.08.2023,2023-08-01,12,2023,True,0.0195391064095938,0.023605126336205668,0.02216415900184466,0.020172282577681225
126,02.08.2023,2023-08-02,12,2023,True,0.0197391189353931,0.023521083348933554,0.02216415900184466,0.020100461784867876
126,03.08.2023,2023-08-03,12,2023,True,0.0196839582029877,0.023611399045561973,0.02216415900184466,0.020177643060140027
126,04.08.2023,2023-08-04,12,2023,True,0.0196637605859579,0.02364344748974197,0.02216415900184466,0.02020503076664776
126,07.08.2023,2023-08-07,12,2023,True,0.0196586819765362,0.023663419556194224,0.02216415900184466,0.020222098337581162
126,08.08.2023,2023-08-08,12,2023,True,0.0196516940297895,0.022058219213812243,0.02216415900184466,0.020090662512700853
126,09.08.2023,2023-08-09,12,2023,True,0.0197877254265659,0.022042212848732073,0.02216415900184466,0.020076083888934188
126,10.08.2023,2023-08-10,12,2023,True,0.0197656812414369,0.021864603625219397,0.02216415900184466,0.019914317114647095
126,11.08.2023,2023-08-11,12,2023,True,0.0197610183922584,0.021845605174225288,0.02216415900184466,0.01989701329408538
126,14.08.2023,2023-08-14,12,2023,True,0.0197715171073418,0.021838999766882843,0.02216415900184466,0.01989099707816198
126,15.08.2023,2023-08-15,12,2023,True,0.0197645065743192,0.02174263967075354,0.02216415900184466,0.019803232143365566
126,16.08.2023,2023-08-16,12,2023,True,0.019755213779053,0.021793244603508507,0.02216415900184466,0.019849323199747006
126,17.08.2023,2023-08-17,12,2023,True,0.0197531430813059,0.021825905843735015,0.02216415900184466,0.01987907111132031
126,18.08.2023,2023-08-18,12,2023,True,0.0197763285452484,0.021839545992482317,0.02216415900184466,0.01989149458134066
126,21.08.2023,2023-08-21,12,2023,True,0.0197880688440754,0.021852463664121708,0.02216415900184466,0.019903260018017177
126,22.08.2023,2023-08-22,12,2023,True,0.0197951576254512,0.021712080316969896,0.02216415900184466,0.01977539863343794
126,23.08.2023,2023-08-23,12,2023,True,0.0198992268794075,0.021718078088991583,0.02216415900184466,0.019780861414107034
126,24.08.2023,2023-08-24,12,2023,True,0.0199237048265385,0.021538059842634728,0.02216415900184466,0.01961690049783238
126,25.08.2023,2023-08-25,12,2023,True,0.0199244270742012,0.02145250200564253,0.02216415900184466,0.019538974278509535
126,28.08.2023,2023-08-28,12,2023,True,0.019924383343799,0.021462766068974213,0.02216415900184466,0.019548322804354118
126,29.08.2023,2023-08-29,12,2023,True,0.0198919568265811,0.02181543880504417,0.02216415900184466,0.019532873187684204
126,30.08.2023,2023-08-30,12,2023,True,0.0198879405682672,0.021783496027505657,0.02216415900184466,0.019504272606760846
126,31.08.2023,2023-08-31,12,2023,True,0.0198748509901715,0.02178210095683649,0.02216415900184466,0.019503023503375294
126,01.09.2023,2023-09-01,12,2023,True,0.0198114770577724,0.021806099435935332,0.02216415900184466,0.019524511003724203
126,05.09.2023,2023-09-05,12,2023,True,0.0197789364234755,0.021853651822816084,0.02216415900184466,0.019567087948933238
126,06.09.2023,2023-09-06,12,2023,True,0.0197694681316114,0.021396537236101555,0.02216415900184466,0.019619018783363258
126,07.09.2023,2023-09-07,12,2023,True,0.0197800898323901,0.020964978101515527,0.02216415900184466,0.019379841381888707
126,08.09.2023,2023-09-08,12,2023,True,0.0197653979757211,0.020964761889679343,0.02216415900184466,0.0193796415175688
126,11.09.2023,2023-09-11,12,2023,True,0.0197668290906163,0.020934342687626225,0.02216415900184466,0.019351522274710615
126,12.09.2023,2023-09-12,12,2023,True,0.0198516732401415,0.020771532284111938,0.02216415900184466,0.01931283942156879
126,13.09.2023,2023-09-13,12,2023,True,0.0199098732558821,0.020674823433864706,0.02216415900184466,0.019222922006236945
126,14.09.2023,2023-09-14,12,2023,True,0.019827129755991,0.020255710758524146,0.02216415900184466,0.018833241760808563
126,15.09.2023,2023-09-15,12,2023,True,0.0198954283562402,0.019719047685726326,0.02216415900184466,0.018334266162539494
126,18.09.2023,2023-09-18,12,2023,True,0.0198961975257224,0.019686703069037463,0.02216415900184466,0.018304192965255827
126,19.09.2023,2023-09-19,12,2023,True,0.019946454633661,0.020224101704741173,0.02216415900184466,0.01816557653329474
126,20.09.2023,2023-09-20,12,2023,True,0.0199342250454668,0.021849549507959004,0.02216415900184466,0.01814894351563155
126,21.09.2023,2023-09-21,12,2023,True,0.0199359105578622,0.021785802414358128,0.02216415900184466,0.018095993114955022
126,22.09.2023,2023-09-22,12,2023,True,0.0199869995359058,0.021718697931557607,0.02216415900184466,0.018040253958065373
126,25.09.2023,2023-09-25,12,2023,True,0.0199922393807692,0.021682365938517686,0.02216415900184466,0.01801007542787409
126,26.09.2023,2023-09-26,12,2023,True,0.0199803044695484,0.023775194626413223,0.02216415900184466,0.017967732430015128
126,27.09.2023,2023-09-27,12,2023,True,0.0198800823441343,0.023325242947394235,0.02216415900184466,0.017627688468142885
126,28.09.2023,2023-09-28,12,2023,True,0.0198536641992953,0.025330497052796348,0.02216415900184466,0.01777018212204268
126,29.09.2023,2023-09-29,12,2023,True,0.0199162145043328,0.025244379125363547,0.02216415900184466,0.01780398281911255
126,02.10.2023,2023-10-02,12,2023,True,0.0194308287444779,0.025341150946295462,0.02216415900184466,0.017777656180976206
126,03.10.2023,2023-10-03,12,2023,True,0.0194729930385042,0.02528429797360844,0.02216415900184466,0.018341538388136024
126,04.10.2023,2023-10-04,12,2023,True,0.018773886595153,0.024105634234090935,0.02216415900184466,0.01748652132388415
126,05.10.2023,2023-10-05,12,2023,True,0.0186978058968354,0.02514949658386443,0.02216415900184466,0.018243751814534314
126,06.10.2023,2023-10-06,12,2023,True,0.0187180002777024,0.025275881665218568,0.02216415900184466,0.01833543309529458
126,09.10.2023,2023-10-09,12,2023,True,0.0183835412321141,0.025286363596590374,0.02216415900184466,0.01834303681626158
126,10.10.2023,2023-10-10,12,2023,True,0.0183913899848252,0.026121492788757562,0.02216415900184466,0.018682118770161123
126,11.10.2023,2023-10-11,12,2023,True,0.0183040564996638,0.026093926676129572,0.02216415900184466,0.018630890321851987
126,12.10.2023,2023-10-12,12,2023,True,0.0183074083438163,0.026109404470235832,0.02216415900184466,0.018641941364034985
126,13.10.2023,2023-10-13,12,2023,True,0.0176304357128845,0.025920540592227308,0.02216415900184466,0.018599468524106412
126,16.10.2023,2023-10-16,12,2023,True,0.0178008558120678,0.02694731852036822,0.02216415900184466,0.019240206430113985
126,17.10.2023,2023-10-17,12,2023,True,0.0177995673645468,0.027360741127439976,0.02216415900184466,0.01921036073036096
126,18.10.2023,2023-10-18,12,2023,True,0.017728262154004,0.02736231587043293,0.02216415900184466,0.019211466379539514
126,19.10.2023,2023-10-19,12,2023,True,0.0177076041294154,0.027326413361263794,0.02216415900184466,0.019186258723465736
126,20.10.2023,2023-10-20,12,2023,True,0.0177688020888074,0.027155127191089246,0.02216415900184466,0.019065996297026013
126,23.10.2023,2023-10-23,12,2023,True,0.0176275812665895,0.027148194768193593,0.02216415900184466,0.019061128945518955
126,24.10.2023,2023-10-24,12,2023,True,0.0175675647582065,0.0273116655085538,0.02216415900184466,0.019175904048888845
126,25.10.2023,2023-10-25,12,2023,True,0.0174524438078117,0.027255464819842225,0.02216415900184466,0.019136444755793847
126,26.10.2023,2023-10-26,12,2023,True,0.0173472511574217,0.02692820852656182,0.02216415900184466,0.018906673514732963
126,27.10.2023,2023-10-27,12,2023,True,0.0171649745681349,0.027109800824940848,0.02216415900184466,0.01903417201857349
126,30.10.2023,2023-10-30,12,2023,True,0.0175095414370971,0.02728017212268918,0.02216415900184466,0.01915379210022993
126,31.10.2023,2023-10-31,12,2023,True,0.0175117521271814,0.027637100219463393,0.02216415900184466,0.019404396331376188
126,01.11.2023,2023-11-01,12,2023,True,0.0172910811530705,0.02668003598981681,0.02216415900184466,0.018825928689615037
126,02.11.2023,2023-11-02,12,2023,True,0.0171374613627497,0.026542018511082597,0.02216415900184466,0.01869458244928992
126,03.11.2023,2023-11-03,12,2023,True,0.0170187965717627,0.026534611793234155,0.02216415900184466,0.018822922567192344
126,06.11.2023,2023-11-06,12,2023,True,0.0170221476753812,0.02454635695211357,0.02216415900184466,0.018658554881400606
126,07.11.2023,2023-11-07,12,2023,True,0.0165881389004346,0.024385860115210944,0.02216415900184466,0.018559841809331068
126,08.11.2023,2023-11-08,12,2023,True,0.0164681647245645,0.024907258509918862,0.02216415900184466,0.01895667307465035
126,09.11.2023,2023-11-09,12,2023,True,0.0164710166471378,0.02683475537870317,0.02216415900184466,0.019059748295345635
126,10.11.2023,2023-11-10,12,2023,True,0.0164327608544007,0.027069172876352476,0.02216415900184466,0.018987654795511833
126,13.11.2023,2023-11-13,12,2023,True,0.0163948126544592,0.024991039690329783,0.02216415900184466,0.019020438119134293
126,14.11.2023,2023-11-14,12,2023,True,0.0164041290136011,0.02531341364543941,0.02216415900184466,0.019015549666522
126,15.11.2023,2023-11-15,12,2023,True,0.016358991383958,0.0253068945260582,0.02216415900184466,0.0190106524748547
126,16.11.2023,2023-11-16,12,2023,True,0.0157921825661046,0.025186277336073475,0.02216415900184466,0.0189200443016973
126,17.11.2023,2023-11-17,12,2023,True,0.0154104843934935,0.02804198166804316,0.02216415900184466,0.01935088677457269
126,20.11.2023,2023-11-20,12,2023,True,0.0153341811774433,0.02619287224496454,0.02216415900184466,0.01967620290409642
126,21.11.2023,2023-11-21,12,2023,True,0.0153446310501887,0.025726485572878866,0.02216415900184466,0.01975603754440555
126,22.11.2023,2023-11-22,12,2023,True,0.0153582573434472,0.02569750809147945,0.02216415900184466,0.01973378498259148
126,24.11.2023,2023-11-24,12,2023,True,0.0154449478985528,0.027880673689844,0.02216415900184466,0.019667843448435907
126,27.11.2023,2023-11-27,12,2023,True,0.0154446055727046,0.027748410819041055,0.02216415900184466,0.01957454134727683
126,28.11.2023,2023-11-28,12,2023,True,0.0154486282584494,0.02774464109112528,0.02216415900184466,0.019571882070843434
126,29.11.2023,2023-11-29,12,2023,True,0.0153731058652128,0.02716195272416923,0.02216415900184466,0.01922385677748688
126,30.11.2023,2023-11-30,12,2023,True,0.0157912720243028,0.026852901821486568,0.02216415900184466,0.019243937494190667
126,01.12.2023,2023-12-01,12,2023,True,0.0152108272032784,0.02494383399817853,0.02216415900184466,0.019155019039559
126,04.12.2023,2023-12-04,12,2023,True,0.0152148097566034,0.024795258944950216,0.02216415900184466,0.01954091565678455
126,05.12.2023,2023-12-05,12,2023,True,0.0152717558383722,0.025265557524379628,0.02216415900184466,0.01955472027582091
126,06.12.2023,2023-12-06,12,2023,True,0.0148777311896073,0.024829960595347728,0.02216415900184466,0.01957218395024909
126,07.12.2023,2023-12-07,12,2023,True,0.0150309426851331,0.02564561742931545,0.02216415900184466,0.019852852753731033
126,08.12.2023,2023-12-08,12,2023,True,0.0148892999813665,0.025416247016594642,0.02216415900184466,0.019822261186558224
126,11.12.2023,2023-12-11,12,2023,True,0.0149040025524189,0.024614645429529375,0.02216415900184466,0.019889376046850944
126,12.12.2023,2023-12-12,12,2023,True,0.0145073638919081,0.022866560381239756,0.02216415900184466,0.019557346542391774
126,13.12.2023,2023-12-13,12,2023,True,0.0144629449865454,0.024067509104349814,0.02216415900184466,0.01961800385988052
126,14.12.2023,2023-12-14,12,2023,True,0.0143043325321793,0.024060699548826194,0.02216415900184466,0.019612453227865912
126,15.12.2023,2023-12-15,12,2023,True,0.0143433662849891,0.022709179022838814,0.02216415900184466,0.019585868078603824
126,18.12.2023,2023-12-18,12,2023,True,0.0142632109460586,0.02267348895074881,0.02216415900184466,0.019555086646876694
126,19.12.2023,2023-12-19,12,2023,True,0.0142053237330959,0.02464815039620093,0.02216415900184466,0.019603328031424526
126,20.12.2023,2023-12-20,12,2023,True,0.0142172133557571,0.02273199315118917,0.02216415900184466,0.019605544461785664
126,21.12.2023,2023-12-21,12,2023,True,0.0142538893250926,0.02236143331067842,0.02216415900184466,0.019285949634329645
126,22.12.2023,2023-12-22,12,2023,True,0.014249347113902,0.022525485718627124,0.02216415900184466,0.019285908615980864
126,26.12.2023,2023-12-26,12,2023,True,0.0141268138161365,0.022526846414654092,0.02216415900184466,0.019287073619016003
126,27.12.2023,2023-12-27,12,2023,True,0.0140322616453145,0.02249377979402814,0.02216415900184466,0.019258762583613823
126,28.12.2023,2023-12-28,12,2023,True,0.0139535039561815,0.021000296300811343,0.02216415900184466,0.019214926540624098
126,29.12.2023,2023-12-29,12,2023,True,0.0138653100329523,0.02105867778425107,0.02216415900184466,0.019268344640043185
126,02.01.2024,2024-01-02,13,2024,True,0.0138302782459354,0.02015858714301848,0.022069682861218565,0.019322551185625283
126,03.01.2024,2024-01-03,13,2024,True,0.0136037251817229,0.022500635531932805,0.022069682861218565,0.01936786758283804
126,04.01.2024,2024-01-04,13,2024,True,0.0136076853199321,0.022507520354617446,0.022069682861218565,0.01941686949851836
126,05.01.2024,2024-01-05,13,2024,True,0.0136010984776855,0.022163026407450447,0.022069682861218565,0.019431433162404917
126,08.01.2024,2024-01-08,13,2024,True,0.0132450577310567,0.020949415415381704,0.022069682861218565,0.01934730142921201
126,09.01.2024,2024-01-09,13,2024,True,0.0131460893981285,0.02116071633102956,0.022069682861218565,0.019565107165659956
126,10.01.2024,2024-01-10,13,2024,True,0.0131171140641715,0.020388361867945997,0.022069682861218565,0.01954279647623398
126,11.01.2024,2024-01-11,13,2024,True,0.0131040897687639,0.02039168620324131,0.022069682861218565,0.019545982941557474
126,12.01.2024,2024-01-12,13,2024,True,0.0131284272934166,0.021099564112656226,0.022069682861218565,0.01950856608797736
126,16.01.2024,2024-01-16,13,2024,True,0.0132003615568966,0.0220854722736598,0.022069682861218565,0.01946805565392237
126,17.01.2024,2024-01-17,13,2024,True,0.0131897234230836,0.022496188503982308,0.022069682861218565,0.019407093696408997
126,18.01.2024,2024-01-18,13,2024,True,0.0133944474131368,0.02209277776261521,0.022069682861218565,0.019369842663807375
126,19.01.2024,2024-01-19,13,2024,True,0.0133818682237963,0.020869224989248807,0.022069682861218565,0.01941950475872092
126,22.01.2024,2024-01-22,13,2024,True,0.0133665190523224,0.02103662644692351,0.022069682861218565,0.019427842966134947
126,23.01.2024,2024-01-23,13,2024,True,0.0133750731423684,0.02104581943050752,0.022069682861218565,0.01943633291303356
126,24.01.2024,2024-01-24,13,2024,True,0.0133828985618354,0.020959639076917884,0.022069682861218565,0.019356743232600258
126,25.01.2024,2024-01-25,13,2024,True,0.0131929230017726,0.02094118665045492,0.022069682861218565,0.01933970196200627
126,26.01.2024,2024-01-26,13,2024,True,0.0132185223665455,0.021120933543324397,0.022069682861218565,0.019505702647388483
126,29.01.2024,2024-01-29,13,2024,True,0.0132240394127815,0.021105927109972965,0.022069682861218565,0.019491843836358637
126,30.01.2024,2024-01-30,13,2024,True,0.0134245005090444,0.022256834769818615,0.022069682861218565,0.019513679643093987
126,31.01.2024,2024-01-31,13,2024,True,0.0134320201760734,0.022253835570494592,0.022069682861218565,0.01951105009511917
126,01.02.2024,2024-02-01,13,2024,True,0.0133707394773046,0.022699572374786932,0.022069682861218565,0.019539106409593773
126,02.02.2024,2024-02-02,13,2024,True,0.0132925043980913,0.02215806346065366,0.022069682861218565,0.019739118935393107
126,05.02.2024,2024-02-05,13,2024,True,0.0132719414661817,0.021313950109381967,0.022069682861218565,0.01968395820298768
126,06.02.2024,2024-02-06,13,2024,True,0.013426404470553,0.02129207996531528,0.022069682861218565,0.01966376058595786
126,07.02.2024,2024-02-07,13,2024,True,0.0134411242264859,0.021286580805709224,0.022069682861218565,0.019658681976536252
126,08.02.2024,2024-02-08,13,2024,True,0.013179446076656,0.021337309063125226,0.022069682861218565,0.01965169402978949
126,09.02.2024,2024-02-09,13,2024,True,0.0134857536547043,0.021485008490508235,0.022069682861218565,0.01978772542656586
126,12.02.2024,2024-02-12,13,2024,True,0.0135988561362682,0.02146107347552031,0.022069682861218565,0.019765681241436912
126,13.02.2024,2024-02-13,13,2024,True,0.0136100875938391,0.020616025672193877,0.022069682861218565,0.019761018392258356
126,14.02.2024,2024-02-14,13,2024,True,0.0136280942776351,0.020626978639059722,0.022069682861218565,0.019771517107341822
126,15.02.2024,2024-02-15,13,2024,True,0.0136397862305653,0.020619664778716063,0.022069682861218565,0.019764506574319232
126,16.02.2024,2024-02-16,13,2024,True,0.0138077910472512,0.020609969908645515,0.022069682861218565,0.01975521377905302
126,20.02.2024,2024-02-20,13,2024,True,0.0137665485313843,0.02060780961725436,0.022069682861218565,0.019753143081305935
126,21.02.2024,2024-02-21,13,2024,True,0.0138035131811705,0.021413969467593857,0.022069682861218565,0.019776328545248446
126,22.02.2024,2024-02-22,13,2024,True,0.0138568043304084,0.021426681958693797,0.022069682861218565,0.019788068844075406
126,23.02.2024,2024-02-23,13,2024,True,0.0138447816680574,0.021434357748848543,0.022069682861218565,0.019795157625451244
126,26.02.2024,2024-02-26,13,2024,True,0.0140701882785,0.021547044783837666,0.022069682861218565,0.01989922687940751
126,27.02.2024,2024-02-27,13,2024,True,0.0141680073585912,0.02157354970416666,0.022069682861218565,0.019923704826538473
126,28.02.2024,2024-02-28,13,2024,True,0.0142015300416477,0.021574331759812746,0.022069682861218565,0.019924427074201202
126,29.02.2024,2024-02-29,13,2024,True,0.0142797797368484,0.021574284408177446,0.022069682861218565,0.01992438334379903
126,01.03.2024,2024-03-01,13,2024,True,0.0143341559627714,0.021539172711481275,0.022069682861218565,0.01989195682658113
126,04.03.2024,2024-03-04,13,2024,True,0.015468610528366,0.021534823874298937,0.022069682861218565,0.019887940568267235
126,05.03.2024,2024-03-05,13,2024,True,0.0154972831166784,0.021520650372627712,0.022069682861218565,0.01987485099017145
126,06.03.2024,2024-03-06,13,2024,True,0.0154592920735394,0.021452028562956124,0.022069682861218565,0.019811477057772392
126,07.03.2024,2024-03-07,13,2024,True,0.0155785514709429,0.021416793299358274,0.022069682861218565,0.019778936423475512
126,08.03.2024,2024-03-08,13,2024,True,0.015592614631557,0.021406540955884904,0.022069682861218565,0.01976946813161141
126,11.03.2024,2024-03-11,13,2024,True,0.015926408655279,0.021418042219916243,0.022069682861218565,0.01978008983239013
126,12.03.2024,2024-03-12,13,2024,True,0.0160417696740706,0.021402133757968303,0.022069682861218565,0.01976539797572114
126,13.03.2024,2024-03-13,13,2024,True,0.0159672732692376,0.021403683380821718,0.022069682861218565,0.019766829090616337
126,14.03.2024,2024-03-14,13,2024,True,0.0158918559528901,0.021495553316299282,0.022069682861218565,0.019851673240141466
126,15.03.2024,2024-03-15,13,2024,True,0.0159654814187517,0.021558572766913316,0.022069682861218565,0.019909873255882136
126,18.03.2024,2024-03-18,13,2024,True,0.0159231836357351,0.02146897743195233,0.022069682861218565,0.019827129755991026
126,19.03.2024,2024-03-19,13,2024,True,0.0159111344401091,0.021542931712043766,0.022069682861218565,0.019895428356240218
126,20.03.2024,2024-03-20,13,2024,True,0.0159320079456965,0.021543764575017776,0.022069682861218565,0.019896197525722418
126,21.03.2024,2024-03-21,13,2024,True,0.0159360671653115,0.021598183380432796,0.022069682861218565,0.019946454633661046
126,22.03.2024,2024-03-22,13,2024,True,0.0159455386211473,0.021584941082824605,0.022069682861218565,0.019934225045466766
126,25.03.2024,2024-03-25,13,2024,True,0.0159603670133183,0.021586766169361334,0.022069682861218565,0.019935910557862237
126,26.03.2024,2024-03-26,13,2024,True,0.0160738848551598,0.020986374768642874,0.022069682861218565,0.019986999535905825
126,27.03.2024,2024-03-27,13,2024,True,0.016219837106849,0.020991876612370557,0.022069682861218565,0.019992239380769175
126,28.03.2024,2024-03-28,13,2024,True,0.0161553904691643,0.020979344940507613,0.022069682861218565,0.019980304469548443
126,01.04.2024,2024-04-01,13,2024,True,0.016155664287908,0.020874111582180284,0.022069682861218565,0.019880082344134346
126,02.04.2024,2024-04-02,13,2024,True,0.0162398333358598,0.020712680019575234,0.022069682861218565,0.0198536641992953
126,03.04.2024,2024-04-03,13,2024,True,0.0162391812861609,0.020777936711758784,0.022069682861218565,0.01991621450433282
126,04.04.2024,2024-04-04,13,2024,True,0.0167957557320056,0.020271549586993638,0.022069682861218565,0.019430828744477872
126,05.04.2024,2024-04-05,13,2024,True,0.0167951177658761,0.022091073473503576,0.022069682861218565,0.019472993038504242
126,08.04.2024,2024-04-08,13,2024,True,0.0171094190958545,0.021297974447825573,0.022069682861218565,0.01877388659515299
126,09.04.2024,2024-04-09,13,2024,True,0.0175848279664163,0.020882528956301848,0.022069682861218565,0.018697805896835423
126,10.04.2024,2024-04-10,13,2024,True,0.0175559651702149,0.01952787890771978,0.022069682861218565,0.01871800027770239
126,11.04.2024,2024-04-11,13,2024,True,0.017859142702611,0.020202143904260304,0.022069682861218565,0.018383541232114057
126,12.04.2024,2024-04-12,13,2024,True,0.0178441700463691,0.020585980634207083,0.022069682861218565,0.018391389984825184
126,15.04.2024,2024-04-15,13,2024,True,0.0179237203352807,0.020764977227573256,0.022069682861218565,0.018304056499663775
126,16.04.2024,2024-04-16,13,2024,True,0.0182942497268648,0.022634812790032106,0.022069682861218565,0.01830740834381633
126,17.04.2024,2024-04-17,13,2024,True,0.0181046514140484,0.021932761494414154,0.022069682861218565,0.017630435712884498
126,18.04.2024,2024-04-18,13,2024,True,0.0181087121491321,0.020959499925469027,0.022069682861218565,0.01780085581206781
126,19.04.2024,2024-04-19,13,2024,True,0.01817383256764,0.02095798285145829,0.022069682861218565,0.01779956736454676
126,22.04.2024,2024-04-22,13,2024,True,0.018244355243893,0.020874025002979826,0.022069682861218565,0.017728262154004
126,23.04.2024,2024-04-23,13,2024,True,0.0183094363482986,0.020719859218632463,0.022069682861218565,0.01770760412941541
126,24.04.2024,2024-04-24,13,2024,True,0.0183443403317535,0.01973842466474447,0.022069682861218565,0.01776880208880744
126,25.04.2024,2024-04-25,13,2024,True,0.0183190443163369,0.020300164301477283,0.022069682861218565,0.017627581266589493
126,26.04.2024,2024-04-26,13,2024,True,0.0184296985256815,0.019514880732522787,0.022069682861218565,0.017567564758206505
126,29.04.2024,2024-04-29,13,2024,True,0.0192038923324049,0.019386998943117708,0.022069682861218565,0.01745244380781171
126,30.04.2024,2024-04-30,13,2024,True,0.0192011090258717,0.01878374470679805,0.022069682861218565,0.01734725115742166
126,01.05.2024,2024-05-01,13,2024,True,0.0187652249463579,0.018586374132744665,0.022069682861218565,0.017164974568134893
126,02.05.2024,2024-05-02,13,2024,True,0.0187811525904257,0.01965526078443559,0.022069682861218565,0.017509541437097084
126,03.05.2024,2024-05-03,13,2024,True,0.0187692195074833,0.018961867695388476,0.022069682861218565,0.017511752127181455
126,06.05.2024,2024-05-06,13,2024,True,0.0189252679414214,0.018722923369034635,0.022069682861218565,0.01729108115307048
126,07.05.2024,2024-05-07,13,2024,True,0.0189346279876462,0.019893146423432505,0.022069682861218565,0.01713746136274968
126,08.05.2024,2024-05-08,13,2024,True,0.0189386251757109,0.019056069512045908,0.022069682861218565,0.01701879657176273
126,09.05.2024,2024-05-09,13,2024,True,0.0189567830119568,0.019059821766985136,0.022069682861218565,0.017022147675381225
126,10.05.2024,2024-05-10,13,2024,True,0.0190337009921727,0.019255493509432765,0.022069682861218565,0.016588138900434556
126,13.05.2024,2024-05-13,13,2024,True,0.0191728271236713,0.019116227617181018,0.022069682861218565,0.016468164724564523
126,14.05.2024,2024-05-14,13,2024,True,0.0191497575617446,0.01848946922723909,0.022069682861218565,0.016471016647137845
126,15.05.2024,2024-05-15,13,2024,True,0.0191520948029045,0.018446525350869394,0.022069682861218565,0.016432760854400656
126,16.05.2024,2024-05-16,13,2024,True,0.0191459352227282,0.01840392676147584,0.022069682861218565,0.01639481265445925
126,17.05.2024,2024-05-17,13,2024,True,0.0192094066833791,0.01776252437534083,0.022069682861218565,0.016404129013601085
126,20.05.2024,2024-05-20,13,2024,True,0.0194273725743224,0.018363715747620277,0.022069682861218565,0.016358991383958008
126,21.05.2024,2024-05-21,13,2024,True,0.0194111424544184,0.017727446935564266,0.022069682861218565,0.015792182566104554
126,22.05.2024,2024-05-22,13,2024,True,0.0193936160346419,0.016686597895461723,0.022069682861218565,0.01541048439349354
126,23.05.2024,2024-05-23,13,2024,True,0.0194702731874137,0.01721331943735931,0.022069682861218565,0.015334181177443293
126,24.05.2024,2024-05-24,13,2024,True,0.019486003381762,0.017787089505987154,0.022069682861218565,0.01534463105018874
126,28.05.2024,2024-05-28,13,2024,True,0.019509102471308,0.01724034603444044,0.022069682861218565,0.015358257343447182
126,29.05.2024,2024-05-29,13,2024,True,0.0195015743546678,0.017337660145964648,0.022069682861218565,0.015444947898552747
126,30.05.2024,2024-05-30,13,2024,True,0.0194195257969336,0.016723544585953494,0.022069682861218565,0.015444605572704644
126,31.05.2024,2024-05-31,13,2024,True,0.0194198857500808,0.0181898851521541,0.022069682861218565,0.01544862825844937
126,03.06.2024,2024-06-03,13,2024,True,0.0191322689020319,0.0181009618098089,0.022069682861218565,0.015373105865212754
126,04.06.2024,2024-06-04,13,2024,True,0.019242478140498,0.019518937476823716,0.022069682861218565,0.01579127202430281
126,05.06.2024,2024-06-05,13,2024,True,0.0192759443536201,0.017795149466473828,0.022069682861218565,0.01521082720327836
126,06.06.2024,2024-06-06,13,2024,True,0.0192005996137872,0.017799808656321265,0.022069682861218565,0.015214809756603364
126,07.06.2024,2024-06-07,13,2024,True,0.0192330474867912,0.01703342035646942,0.022069682861218565,0.01527175583837217
126,10.06.2024,2024-06-10,13,2024,True,0.0191415567368123,0.01600652471581345,0.022069682861218565,0.014877731189607259
126,11.06.2024,2024-06-11,13,2024,True,0.0191378453726509,0.015681292032771858,0.022069682861218565,0.015030942685133115
126,12.06.2024,2024-06-12,13,2024,True,0.0191971536818096,0.015533520821836922,0.022069682861218565,0.014889299981366498
126,13.06.2024,2024-06-13,13,2024,True,0.0191956412073402,0.015548859534460243,0.022069682861218565,0.014904002552418874
126,14.06.2024,2024-06-14,13,2024,True,0.0192454835113319,0.015135059362558219,0.022069682861218565,0.014507363891908058
126,17.06.2024,2024-06-17,13,2024,True,0.019168115477036,0.015088718568014657,0.022069682861218565,0.014462944986545406
126,18.06.2024,2024-06-18,13,2024,True,0.0191436297420926,0.014923243370014598,0.022069682861218565,0.014304332532179278
126,20.06.2024,2024-06-20,13,2024,True,0.0191401824470986,0.014963966010621233,0.022069682861218565,0.014343366284989086
126,21.06.2024,2024-06-21,13,2024,True,0.0191432633566024,0.014880342561042283,0.022069682861218565,0.014263210946058627
126,24.06.2024,2024-06-24,13,2024,True,0.0191221396924549,0.01481995072066027,0.022069682861218565,0.014205323733095902
126,25.06.2024,2024-06-25,13,2024,True,0.0191012917483729,0.015394514306225893,0.022069682861218565,0.014217213355757126
126,26.06.2024,2024-06-26,13,2024,True,0.0191401040175268,0.015434227344252505,0.022069682861218565,0.014253889325092597
126,27.06.2024,2024-06-27,13,2024,True,0.0190980185166673,0.015429309001015648,0.022069682861218565,0.01424934711390202
126,28.06.2024,2024-06-28,13,2024,True,0.0191362831360624,0.015296628949149085,0.022069682861218565,0.014126813816136534
126,01.07.2024,2024-07-01,13,2024,True,0.0191374953279816,0.015751855239894575,0.022069682861218565,0.014032261645314459
126,02.07.2024,2024-07-02,13,2024,True,0.0191399190774818,0.015684473011883863,0.022069682861218565,0.013953503956181508
126,03.07.2024,2024-07-03,13,2024,True,0.0191697911763744,0.014558593055061768,0.022069682861218565,0.013865310032952313
126,05.07.2024,2024-07-05,13,2024,True,0.019171533102214,0.01452180963442719,0.022069682861218565,0.013830278245935393
126,08.07.2024,2024-07-08,13,2024,True,0.0191581091973298,0.014283928630727378,0.022069682861218565,0.013603725181722846
126,09.07.2024,2024-07-09,13,2024,True,0.0191518066612311,0.014564065286877462,0.022069682861218565,0.01360768531993209
126,10.07.2024,2024-07-10,13,2024,True,0.0191692477254941,0.014557015505944201,0.022069682861218565,0.013601098477685461
126,11.07.2024,2024-07-11,13,2024,True,0.0196187340572659,0.014175951382489275,0.022069682861218565,0.013245057731056664
126,12.07.2024,2024-07-12,13,2024,True,0.0196678902058292,0.014070027323532103,0.022069682861218565,0.013146089398128506
126,15.07.2024,2024-07-15,13,2024,True,0.0197022707942658,0.014039015535300892,0.022069682861218565,0.013117114064171514
126,16.07.2024,2024-07-16,13,2024,True,0.0198090966099576,0.01422808705260747,0.022069682861218565,0.013104089768763849
126,17.07.2024,2024-07-17,13,2024,True,0.0197713305492214,0.014254512117263996,0.022069682861218565,0.013128427293416612
126,18.07.2024,2024-07-18,13,2024,True,0.0197779828924689,0.014858605237325578,0.022069682861218565,0.013200361556896613
126,19.07.2024,2024-07-19,13,2024,True,0.0196735035050697,0.015085096160805098,0.022069682861218565,0.013189723423083574
126,22.07.2024,2024-07-22,13,2024,True,0.0196745356564647,0.015997030804259172,0.022069682861218565,0.013394447413136794
126,23.07.2024,2024-07-23,13,2024,True,0.0196332007918716,0.01518101678360858,0.022069682861218565,0.013381868223796257
126,24.07.2024,2024-07-24,13,2024,True,0.0196188648218704,0.01516360396606603,0.022069682861218565,0.013366519052322381
126,25.07.2024,2024-07-25,13,2024,True,0.0196690166496449,0.015173308125633703,0.022069682861218565,0.013375073142368412
126,26.07.2024,2024-07-26,13,2024,True,0.0196316233543688,0.014979840612961731,0.022069682861218565,0.013382898561835428
126,29.07.2024,2024-07-29,13,2024,True,0.0196033631647728,0.0160305169452705,0.022069682861218565,0.013192923001772579
126,30.07.2024,2024-07-30,13,2024,True,0.0195651083058174,0.016256020437006902,0.022069682861218565,0.013218522366545507
126,31.07.2024,2024-07-31,13,2024,True,0.0194210281649778,0.016262805251063824,0.022069682861218565,0.013224039412781503
126,01.08.2024,2024-08-01,13,2024,True,0.0193981240766589,0.01686174131810895,0.022069682861218565,0.013424500509044394
126,02.08.2024,2024-08-02,13,2024,True,0.019154055792515,0.016966404581060197,0.022069682861218565,0.013432020176073381
126,05.08.2024,2024-08-05,13,2024,True,0.0192367420498721,0.017912591376292353,0.022069682861218565,0.013370739477304619
126,06.08.2024,2024-08-06,13,2024,True,0.0192388638685615,0.017496085749991782,0.022069682861218565,0.013292504398091244
126,07.08.2024,2024-08-07,13,2024,True,0.0191224612859247,0.017279066902704452,0.022069682861218565,0.013271941466181724
126,08.08.2024,2024-08-08,13,2024,True,0.0191540916555693,0.01748016608576856,0.022069682861218565,0.013426404470552988
126,09.08.2024,2024-08-09,13,2024,True,0.019192492907417,0.017159878182940336,0.022069682861218565,0.013441124226485888
126,12.08.2024,2024-08-12,13,2024,True,0.019078224423005,0.01682580157606178,0.022069682861218565,0.013179446076656031
126,13.08.2024,2024-08-13,13,2024,True,0.0190019793615345,0.017363281121447287,0.022069682861218565,0.01348575365470433
126,14.08.2024,2024-08-14,13,2024,True,0.0189784279551195,0.017508903697182297,0.022069682861218565,0.013598856136268149
126,15.08.2024,2024-08-15,13,2024,True,0.0189697064190586,0.015583893994514993,0.022069682861218565,0.013610087593839111
126,16.08.2024,2024-08-16,13,2024,True,0.0189143920260142,0.01560451210218951,0.022069682861218565,0.013628094277635096
126,19.08.2024,2024-08-19,13,2024,True,0.018784821158522,0.01552938570804989,0.022069682861218565,0.01363978623056528
126,20.08.2024,2024-08-20,13,2024,True,0.0189320633925331,0.01581026944133569,0.022069682861218565,0.01380779104725124
126,21.08.2024,2024-08-21,13,2024,True,0.0188908405404115,0.015763045719158597,0.022069682861218565,0.013766548531384308
126,22.08.2024,2024-08-22,13,2024,True,0.018956702422551,0.01699438326994422,0.022069682861218565,0.013803513181170481
126,23.08.2024,2024-08-23,13,2024,True,0.0188468529381592,0.015866390888297593,0.022069682861218565,0.01385680433040841
126,26.08.2024,2024-08-26,13,2024,True,0.0187422396778465,0.015762780364197187,0.022069682861218565,0.013844781668057391
126,27.08.2024,2024-08-27,13,2024,True,0.0186582738290657,0.01601941387263616,0.022069682861218565,0.01407018827850001
126,28.08.2024,2024-08-28,13,2024,True,0.0187268679510571,0.016130784402838317,0.022069682861218565,0.014168007358591164
126,29.08.2024,2024-08-29,13,2024,True,0.0186756321738916,0.016261110533127003,0.022069682861218565,0.01420153004164773
126,30.08.2024,2024-08-30,13,2024,True,0.0187585998239496,0.016350708410194426,0.022069682861218565,0.014279779736848354
126,03.09.2024,2024-09-03,13,2024,True,0.0178228500576731,0.017647691358370337,0.022069682861218565,0.014334155962771392
126,04.09.2024,2024-09-04,13,2024,True,0.0178183881099487,0.019748308835882744,0.022069682861218565,0.015468610528365997
126,05.09.2024,2024-09-05,13,2024,True,0.0178698189170065,0.020398097016258297,0.022069682861218565,0.015497283116678405
126,06.09.2024,2024-09-06,13,2024,True,0.0177612906490085,0.019736412245464883,0.022069682861218565,0.015459292073539374
126,09.09.2024,2024-09-09,13,2024,True,0.0178230428715934,0.019888667123638196,0.022069682861218565,0.015578551470942935
126,10.09.2024,2024-09-10,13,2024,True,0.0175559318841089,0.01990662113692892,0.022069682861218565,0.015592614631557006
126,11.09.2024,2024-09-11,13,2024,True,0.0174845660726466,0.020962927916140944,0.022069682861218565,0.01592640865527903
126,12.09.2024,2024-09-12,13,2024,True,0.0174118146886121,0.02048004384212196,0.022069682861218565,0.016041769674070634
126,13.09.2024,2024-09-13,13,2024,True,0.0174178431585339,0.02038493652740174,0.022069682861218565,0.015967273269237595
126,16.09.2024,2024-09-16,13,2024,True,0.017361715006169,0.019691623011803147,0.022069682861218565,0.015891855952890114
126,17.09.2024,2024-09-17,13,2024,True,0.0173905809503638,0.018280879405497098,0.022069682861218565,0.015965481418751676
126,18.09.2024,2024-09-18,13,2024,True,0.0173918399810556,0.019248349926711802,0.022069682861218565,0.015923183635735135
126,19.09.2024,2024-09-19,13,2024,True,0.0173591063378593,0.01958920989068768,0.022069682861218565,0.01591113444010905
126,20.09.2024,2024-09-20,13,2024,True,0.0173532951232539,0.01813916232338066,0.022069682861218565,0.01593200794569647
126,23.09.2024,2024-09-23,13,2024,True,0.0173648024093299,0.018078619446506284,0.022069682861218565,0.015936067165311502
126,24.09.2024,2024-09-24,13,2024,True,0.0172998068010462,0.018154567482553566,0.022069682861218565,0.015945538621147292
126,25.09.2024,2024-09-25,13,2024,True,0.0171841939750755,0.018171450138744896,0.022069682861218565,0.015960367013318304
126,26.09.2024,2024-09-26,13,2024,True,0.0170794986375552,0.01830069427211343,0.022069682861218565,0.016073884855159766
126,27.09.2024,2024-09-27,13,2024,True,0.0170768058283556,0.02070737716657739,0.022069682861218565,0.01621983710684899
126,30.09.2024,2024-09-30,13,2024,True,0.0170823727004091,0.02062510008667437,0.022069682861218565,0.01615539046916432
126,01.10.2024,2024-10-01,13,2024,True,0.0179477869791321,0.02098683615569618,0.022069682861218565,0.01615566428790799
126,02.10.2024,2024-10-02,13,2024,True,0.0189034886411241,0.021414840260241107,0.022069682861218565,0.016239833335859818
126,03.10.2024,2024-10-03,13,2024,True,0.0184454112739987,0.02064038510022185,0.022069682861218565,0.016239181286160895
126,04.10.2024,2024-10-04,13,2024,True,0.0185233085564114,0.021961007314095827,0.022069682861218565,0.016795755732005598
126,07.10.2024,2024-10-07,13,2024,True,0.0186147999387197,0.0219601731522361,0.022069682861218565,0.016795117765876062
126,08.10.2024,2024-10-08,13,2024,True,0.0183789436620686,0.022371132558685006,0.022069682861218565,0.017109419095854467
126,09.10.2024,2024-10-09,13,2024,True,0.0184928667172423,0.022992745414348214,0.022069682861218565,0.017584827966416267
126,10.10.2024,2024-10-10,13,2024,True,0.0181864396447801,0.02295500635165892,0.022069682861218565,0.017555965170214866
126,11.10.2024,2024-10-11,13,2024,True,0.0181851245570664,0.023351421024071235,0.022069682861218565,0.017859142702610964
126,14.10.2024,2024-10-14,13,2024,True,0.0181916132866075,0.023331843779767065,0.022069682861218565,0.017844170046369116
126,15.10.2024,2024-10-15,13,2024,True,0.0180482431473016,0.0234358584192094,0.022069682861218565,0.017923720335280717
126,16.10.2024,2024-10-16,13,2024,True,0.0181810928014193,0.023644847058493155,0.022069682861218565,0.018294249726864834
126,17.10.2024,2024-10-17,13,2024,True,0.0182527953391399,0.023399796117567755,0.022069682861218565,0.01810465141404842
126,18.10.2024,2024-10-18,13,2024,True,0.0182602633851004,0.02295103622262464,0.022069682861218565,0.018108712149132105
126,21.10.2024,2024-10-21,13,2024,True,0.0182045990630827,0.023033570036829532,0.022069682861218565,0.018173832567639967
126,22.10.2024,2024-10-22,13,2024,True,0.0180824414754515,0.0231229506887429,0.022069682861218565,0.01824435524389305
126,23.10.2024,2024-10-23,13,2024,True,0.0180879978082308,0.02320543467613637,0.022069682861218565,0.018309436348298635
126,24.10.2024,2024-10-24,13,2024,True,0.0182015357972874,0.023249672089707747,0.022069682861218565,0.018344340331753486
126,25.10.2024,2024-10-25,13,2024,True,0.0181390896124624,0.02321761184371491,0.022069682861218565,0.018319044316336876
126,28.10.2024,2024-10-28,13,2024,True,0.0173330317349713,0.023357855321326094,0.022069682861218565,0.018429698525681493
126,29.10.2024,2024-10-29,13,2024,True,0.0173667093836444,0.02252827829230274,0.022069682861218565,0.019203892332404927
126,30.10.2024,2024-10-30,13,2024,True,0.0173226135792739,0.02252501316755259,0.022069682861218565,0.01920110902587168
126,31.10.2024,2024-10-31,13,2024,True,0.0175470793585637,0.02193460904748639,0.022069682861218565,0.01876522494635788
126,01.11.2024,2024-11-01,13,2024,True,0.0176006734375079,0.02422035152858474,0.022069682861218565,0.01878115259042574
126,04.11.2024,2024-11-04,13,2024,True,0.0176140422518358,0.021472941279172902,0.022069682861218565,0.018769219507483285
126,05.11.2024,2024-11-05,13,2024,True,0.0176773395497867,0.02151261216294229,0.022069682861218565,0.018925267941421405
126,06.11.2024,2024-11-06,13,2024,True,0.0177360256190803,0.021523251856123148,0.022069682861218565,0.018934627987646252
126,07.11.2024,2024-11-07,13,2024,True,0.0178684673243018,0.021527795514730427,0.022069682861218565,0.018938625175710898
126,08.11.2024,2024-11-08,13,2024,True,0.0177653969727611,0.02134935878534039,0.022069682861218565,0.01895678301195686
126,11.11.2024,2024-11-11,13,2024,True,0.0177188364319272,0.020877163297324985,0.022069682861218565,0.019033700992172727
126,12.11.2024,2024-11-12,13,2024,True,0.0177646288781752,0.020082688736469064,0.022069682861218565,0.01917282712367132
126,13.11.2024,2024-11-13,13,2024,True,0.0177577470314348,0.01987721754594832,0.022069682861218565,0.019149757561744633
126,14.11.2024,2024-11-14,13,2024,True,0.017753445264602,0.020352235434841298,0.022069682861218565,0.019152094802904557
126,15.11.2024,2024-11-15,13,2024,True,0.0176688409426217,0.019873250004118125,0.022069682861218565,0.019145935222728186
126,18.11.2024,2024-11-18,13,2024,True,0.0174421171453446,0.01993913261528168,0.022069682861218565,0.019209406683379074
126,19.11.2024,2024-11-19,13,2024,True,0.0174508172490008,0.020009528525748416,0.022069682861218565,0.019427372574322387
126,20.11.2024,2024-11-20,13,2024,True,0.0174645946729845,0.019992812057993845,0.022069682861218565,0.019411142454418422
126,21.11.2024,2024-11-21,13,2024,True,0.0174119795934017,0.01962222818597681,0.022069682861218565,0.01939361603464186
126,22.11.2024,2024-11-22,13,2024,True,0.0173937050713083,0.019699788974077873,0.022069682861218565,0.019470273187413695
126,25.11.2024,2024-11-25,13,2024,True,0.0172142477544193,0.019715704596123904,0.022069682861218565,0.019486003381762054
126,26.11.2024,2024-11-26,13,2024,True,0.0172490125433141,0.020855279492451386,0.022069682861218565,0.019509102471308
126,27.11.2024,2024-11-27,13,2024,True,0.0173097547332975,0.02120124073907747,0.022069682861218565,0.019501574354667817
126,29.11.2024,2024-11-29,13,2024,True,0.0173359867948867,0.020393137931973254,0.022069682861218565,0.019419525796933616
126,02.12.2024,2024-12-02,13,2024,True,0.0173030596430715,0.020393515931634812,0.022069682861218565,0.019419885750080766
126,03.12.2024,2024-12-03,13,2024,True,0.0172281025317072,0.020091479202460613,0.022069682861218565,0.019132268902031905
126,04.12.2024,2024-12-04,13,2024,True,0.0171787969740953,0.02020721386173697,0.022069682861218565,0.01924247814049799
126,05.12.2024,2024-12-05,13,2024,True,0.0171782776936737,0.020564581573255674,0.022069682861218565,0.019275944353620098
126,06.12.2024,2024-12-06,13,2024,True,0.0175607227671014,0.020790565495935907,0.022069682861218565,0.019200599613787256
126,09.12.2024,2024-12-09,13,2024,True,0.0175202713451214,0.020825700316850996,0.022069682861218565,0.019233047486791218
126,10.12.2024,2024-12-10,13,2024,True,0.0185429925795622,0.020252854868246628,0.022069682861218565,0.019141556736812265
126,11.12.2024,2024-12-11,13,2024,True,0.0185120598280503,0.0202489280340421,0.022069682861218565,0.019137845372650963
126,12.12.2024,2024-12-12,13,2024,True,0.01890472637793,0.020786834212751213,0.022069682861218565,0.01919715368180965
126,13.12.2024,2024-12-13,13,2024,True,0.0188631346747285,0.02078519649308878,0.022069682861218565,0.0191956412073402
126,16.12.2024,2024-12-16,13,2024,True,0.0188522226040059,0.020839166145414874,0.022069682861218565,0.01924548351133194
126,17.12.2024,2024-12-17,13,2024,True,0.0199783456461508,0.020755391408340207,0.022069682861218565,0.019168115477036028
126,18.12.2024,2024-12-18,13,2024,True,0.0207363233669758,0.020728878055304472,0.022069682861218565,0.019143629742092567
126,19.12.2024,2024-12-19,13,2024,True,0.020743060354037,0.020725145296234607,0.022069682861218565,0.01914018244709863
126,20.12.2024,2024-12-20,13,2024,True,0.0207430157733015,0.02072848133011447,0.022069682861218565,0.019143263356602408
126,23.12.2024,2024-12-23,13,2024,True,0.0207406486935094,0.02070560845469357,0.022069682861218565,0.01912213969245491
126,24.12.2024,2024-12-24,13,2024,True,0.0207055097892187,0.02068303413120316,0.022069682861218565,0.019101291748372953
126,26.12.2024,2024-12-26,13,2024,True,0.0207116737498426,0.02072506037205607,0.022069682861218565,0.01914010401752682
126,27.12.2024,2024-12-27,13,2024,True,0.0208524445509808,0.020679489849278254,0.022069682861218565,0.01909801851666736
126,30.12.2024,2024-12-30,13,2024,True,0.0208529496529276,0.020720923090516152,0.022069682861218565,0.019136283136062436
126,31.12.2024,2024-12-31,13,2024,True,0.0208769428768026,0.020589482903151525,0.022069682861218565,0.019137495327981657
126,02.01.2025,2025-01-02,14,2025,True,0.0208313504276539,0.018356694969056755,0.021765088590807884,0.019139919077481797
126,03.01.2025,2025-01-03,14,2025,True,0.0208185155103497,0.018278285675218543,0.021765088590807884,0.01916979117637445
126,06.01.2025,2025-01-06,14,2025,True,0.0209069512999382,0.01834267121895763,0.021765088590807884,0.019171533102213978
126,07.01.2025,2025-01-07,14,2025,True,0.0210100530504313,0.019033989040612286,0.021765088590807884,0.019158109197329812
126,08.01.2025,2025-01-08,14,2025,True,0.021034674146546,0.018971927884773174,0.021765088590807884,0.019151806661231088
126,10.01.2025,2025-01-10,14,2025,True,0.0206151039323214,0.01896603483521379,0.021765088590807884,0.01916924772549414
126,13.01.2025,2025-01-13,14,2025,True,0.0205606685693195,0.01999770273319399,0.021765088590807884,0.01961873405726595
126,14.01.2025,2025-01-14,14,2025,True,0.0205790827293948,0.021831041889467412,0.021765088590807884,0.019667890205829253
126,15.01.2025,2025-01-15,14,2025,True,0.0204348702911476,0.021612115776997055,0.021765088590807884,0.01970227079426585
126,16.01.2025,2025-01-16,14,2025,True,0.0204231175675352,0.021258749126763028,0.021765088590807884,0.019809096609957656
126,17.01.2025,2025-01-17,14,2025,True,0.020430093144964,0.021687869858098483,0.021765088590807884,0.019771330549221432
126,21.01.2025,2025-01-21,14,2025,True,0.0203699649392603,0.02295392979944531,0.021765088590807884,0.01977798289246895
126,22.01.2025,2025-01-22,14,2025,True,0.0203917374994192,0.02063195911438435,0.021765088590807884,0.019673503505069745
126,23.01.2025,2025-01-23,14,2025,True,0.020397717563356,0.020633041550228864,0.021765088590807884,0.019674535656464723
126,24.01.2025,2025-01-24,14,2025,True,0.0205086331797137,0.021247755364009073,0.021765088590807884,0.019633200791871634
126,27.01.2025,2025-01-27,14,2025,True,0.0206914471528727,0.018875630822784144,0.021765088590807884,0.01961886482187041
126,28.01.2025,2025-01-28,14,2025,True,0.0207062491553722,0.02079707070201893,0.021765088590807884,0.01966901664964487
126,29.01.2025,2025-01-29,14,2025,True,0.0206979739960328,0.019083074158607244,0.021765088590807884,0.0196316233543688
126,30.01.2025,2025-01-30,14,2025,True,0.0209955500718418,0.020402544261943923,0.021765088590807884,0.019603363164772795
126,31.01.2025,2025-01-31,14,2025,True,0.0210243802208499,0.018749956878098425,0.021765088590807884,0.019565108305817407
126,03.02.2025,2025-02-03,14,2025,True,0.0210527610525573,0.018558966483070406,0.021765088590807884,0.01942102816497784
126,04.02.2025,2025-02-04,14,2025,True,0.0210691720863198,0.020658725759220495,0.021765088590807884,0.01939812407665888
126,05.02.2025,2025-02-05,14,2025,True,0.0209989449911629,0.02030579373619369,0.021765088590807884,0.019154055792514987
126,06.02.2025,2025-02-06,14,2025,True,0.0209988140593095,0.019832393442478377,0.021765088590807884,0.019236742049872104
126,07.02.2025,2025-02-07,14,2025,True,0.0209927062912707,0.02188230500329561,0.021765088590807884,0.01923886386856152
126,10.02.2025,2025-02-10,14,2025,True,0.0209456229436938,0.017169896997748905,0.021765088590807884,0.019122461285924673
126,11.02.2025,2025-02-11,14,2025,True,0.0209043946324184,0.019728531189580727,0.021765088590807884,0.019154091655569267
126,12.02.2025,2025-02-12,14,2025,True,0.0208765238064901,0.01796761305290345,0.021765088590807884,0.019192492907417046
126,13.02.2025,2025-02-13,14,2025,True,0.0209134629920139,0.019650388665736408,0.021765088590807884,0.019078224423004986
126,14.02.2025,2025-02-14,14,2025,True,0.0209409202154685,0.019125521783876685,0.021765088590807884,0.019001979361534537
126,18.02.2025,2025-02-18,14,2025,True,0.0209182562083993,0.017767209892687402,0.021765088590807884,0.018978427955119507
126,19.02.2025,2025-02-19,14,2025,True,0.0209702370668842,0.017493855802577885,0.021765088590807884,0.01896970641905861
126,20.02.2025,2025-02-20,14,2025,True,0.0209954244096731,0.017442844891056658,0.021765088590807884,0.01891439202601419
126,21.02.2025,2025-02-21,14,2025,True,0.0208637104729032,0.01752930206623433,0.021765088590807884,0.018784821158521963
126,24.02.2025,2025-02-24,14,2025,True,0.0209095138981811,0.02177178894555793,0.021765088590807884,0.01893206339253312
126,25.02.2025,2025-02-25,14,2025,True,0.0209044026233283,0.019389326212726033,0.021765088590807884,0.01889084054041147
126,26.02.2025,2025-02-26,14,2025,True,0.0209287595913532,0.01976696136066188,0.021765088590807884,0.018956702422551038
126,27.02.2025,2025-02-27,14,2025,True,0.0208581913479595,0.019858580138564962,0.021765088590807884,0.01884685293815921
126,28.02.2025,2025-02-28,14,2025,True,0.0208432478098973,0.01938931395841117,0.021765088590807884,0.018742239677846485
126,03.03.2025,2025-03-03,14,2025,True,0.0208024229179597,0.018150654538632748,0.021765088590807884,0.01865827382906569
126,04.03.2025,2025-03-04,14,2025,True,0.020885245009022,0.020718980552361363,0.021765088590807884,0.01872686795105713
126,05.03.2025,2025-03-05,14,2025,True,0.0207849623358664,0.020662294454426963,0.021765088590807884,0.01867563217389158
126,06.03.2025,2025-03-06,14,2025,True,0.0208775921120142,0.02075408797443901,0.021765088590807884,0.018758599823949652
126,07.03.2025,2025-03-07,14,2025,True,0.0208568838055016,0.019793840464639615,0.021765088590807884,0.017822850057673152
126,10.03.2025,2025-03-10,14,2025,True,0.0208203584307503,0.016941237020945497,0.021765088590807884,0.01781838810994872
126,11.03.2025,2025-03-11,14,2025,True,0.0208704300018767,0.019829023298317896,0.021765088590807884,0.017869818917006557
126,12.03.2025,2025-03-12,14,2025,True,0.0208436692897191,0.019147453826902045,0.021765088590807884,0.017761290649008464
126,13.03.2025,2025-03-13,14,2025,True,0.0208199982521624,0.018608262254849878,0.021765088590807884,0.01782304287159338
126,14.03.2025,2025-03-14,14,2025,True,0.0208090819465478,0.01967143577344808,0.021765088590807884,0.017555931884108946
126,17.03.2025,2025-03-17,14,2025,True,0.0208450530656858,0.019591470324398275,0.021765088590807884,0.01748456607264665
126,18.03.2025,2025-03-18,14,2025,True,0.0208462045598215,0.019754079921836646,0.021765088590807884,0.017411814688612064
126,19.03.2025,2025-03-19,14,2025,True,0.0208538394083953,0.021283688710960848,0.021765088590807884,0.017417843158533893
126,20.03.2025,2025-03-20,14,2025,True,0.0208170111973617,0.020937317125966838,0.021765088590807884,0.017361715006169044
126,21.03.2025,2025-03-21,14,2025,True,0.0208156590130746,0.018853616130521007,0.021765088590807884,0.017390580950363832
126,24.03.2025,2025-03-24,14,2025,True,0.0208388752951164,0.01840462561309675,0.021765088590807884,0.01739183998105557
126,25.03.2025,2025-03-25,14,2025,True,0.0209588379195861,0.01839774633394063,0.021765088590807884,0.017359106337859323
126,26.03.2025,2025-03-26,14,2025,True,0.020936778860335,0.017944724877647963,0.021765088590807884,0.017353295123253905
126,27.03.2025,2025-03-27,14,2025,True,0.0209557478553067,0.017876368677513237,0.021765088590807884,0.017364802409329902
126,28.03.2025,2025-03-28,14,2025,True,0.021130970022466,0.017881176765698514,0.021765088590807884,0.0172998068010462
126,31.03.2025,2025-03-31,14,2025,True,0.0211178420217687,0.017767889803332344,0.021765088590807884,0.017184193975075486
126,01.04.2025,2025-04-01,14,2025,True,0.0212281408520534,0.021198368732664324,0.021765088590807884,0.01707949863755519
126,02.04.2025,2025-04-02,14,2025,True,0.0212792206064724,0.018897749867778903,0.021765088590807884,0.01707680582835564
126,03.04.2025,2025-04-03,14,2025,True,0.0204709417531297,0.018289692055077664,0.021765088590807884,0.01708237270040908
126,04.04.2025,2025-04-04,14,2025,True,0.0196219982798697,0.020421791823661443,0.021765088590807884,0.017947786979132064
126,07.04.2025,2025-04-07,14,2025,True,0.0195303566523755,0.022222139991379782,0.021765088590807884,0.018903488641124143
126,08.04.2025,2025-04-08,14,2025,True,0.0194583561049424,0.022805123854736924,0.021765088590807884,0.018445411273998708
126,09.04.2025,2025-04-09,14,2025,True,0.019157539207022,0.021805797073968576,0.021765088590807884,0.018523308556411437
126,10.04.2025,2025-04-10,14,2025,True,0.0192408906761494,0.02193458033397994,0.021765088590807884,0.01861479993871975
126,11.04.2025,2025-04-11,14,2025,True,0.0191545802930846,0.02214559158652506,0.021765088590807884,0.018378943662068582
126,14.04.2025,2025-04-14,14,2025,True,0.0191978338958383,0.02151203166497443,0.021765088590807884,0.018492866717242335
126,15.04.2025,2025-04-15,14,2025,True,0.0192074566448655,0.01996855336839735,0.021765088590807884,0.018186439644780113
126,16.04.2025,2025-04-16,14,2025,True,0.0191728543229357,0.020134581230889452,0.021765088590807884,0.018185124557066366
126,17.04.2025,2025-04-17,14,2025,True,0.018958847518612,0.020037876159358186,0.021765088590807884,0.01819161328660748
126,21.04.2025,2025-04-21,14,2025,True,0.0188339189622356,0.019637933280158407,0.021765088590807884,0.01804824314730161
126,22.04.2025,2025-04-22,14,2025,True,0.0187693186221907,0.019703648961813598,0.021765088590807884,0.01818109280141928
126,23.04.2025,2025-04-23,14,2025,True,0.0187858124474752,0.019916449250872922,0.021765088590807884,0.0182527953391399
126,24.04.2025,2025-04-24,14,2025,True,0.0193685952670327,0.019956551117877194,0.021765088590807884,0.01826026338510039
126,25.04.2025,2025-04-25,14,2025,True,0.0193637567970929,0.01986386011762848,0.021765088590807884,0.018204599063082735
126,28.04.2025,2025-04-28,14,2025,True,0.0193210511480959,0.019883244940170013,0.021765088590807884,0.018082441475451495
126,29.04.2025,2025-04-29,14,2025,True,0.0192670902770557,0.0218237783862116,0.021765088590807884,0.018087997808230824
126,30.04.2025,2025-04-30,14,2025,True,0.0192137840526125,0.021896867583822203,0.021765088590807884,0.01820153579728741
126,01.05.2025,2025-05-01,14,2025,True,0.019159933137917,0.021984730361895664,0.021765088590807884,0.018139089612462442
126,02.05.2025,2025-05-02,14,2025,True,0.0191188918639113,0.023208321781736402,0.021765088590807884,0.017333031734971333
126,05.05.2025,2025-05-05,14,2025,True,0.0190534317011857,0.022834851300265226,0.021765088590807884,0.017366709383644388
126,06.05.2025,2025-05-06,14,2025,True,0.018862989724448,0.020635350151410298,0.021765088590807884,0.017322613579273935
126,07.05.2025,2025-05-07,14,2025,True,0.0188473152657669,0.019414030260203764,0.021765088590807884,0.017547079358563675
126,08.05.2025,2025-05-08,14,2025,True,0.0186865750153127,0.019403780834430614,0.021765088590807884,0.017600673437507916
126,09.05.2025,2025-05-09,14,2025,True,0.0186288735250259,0.01935927876450614,0.021765088590807884,0.017614042251835844
126,12.05.2025,2025-05-12,14,2025,True,0.0185812336585726,0.018990530757258102,0.021765088590807884,0.01767733954978671
126,13.05.2025,2025-05-13,14,2025,True,0.0185042576696406,0.018493758671035258,0.021765088590807884,0.017736025619080262
126,14.05.2025,2025-05-14,14,2025,True,0.0188011921664462,0.01800208131006096,0.021765088590807884,0.017868467324301765
126,15.05.2025,2025-05-15,14,2025,True,0.0186879951566106,0.018163782750322415,0.021765088590807884,0.017765396972761107
126,16.05.2025,2025-05-16,14,2025,True,0.0187496338107456,0.018191285479917763,0.021765088590807884,0.01771883643192725
126,19.05.2025,2025-05-19,14,2025,True,0.0187503516200343,0.018144226060661774,0.021765088590807884,0.017764628878175235
126,20.05.2025,2025-05-20,14,2025,True,0.0187740688110672,0.018627985037596682,0.021765088590807884,0.0177577470314348
126,21.05.2025,2025-05-21,14,2025,True,0.0188605234677576,0.01742109387358901,0.021765088590807884,0.017753445264601982
126,22.05.2025,2025-05-22,14,2025,True,0.018850547972275,0.018849542851543392,0.021765088590807884,0.017668840942621673
126,23.05.2025,2025-05-23,14,2025,True,0.018879049749928,0.020847183776776797,0.021765088590807884,0.017442117145344622
126,27.05.2025,2025-05-27,14,2025,True,0.0188916429672912,0.020782267158858617,0.021765088590807884,0.017450817249000772
126,28.05.2025,2025-05-28,14,2025,True,0.018898389424424,0.02009783898140618,0.021765088590807884,0.017464594672984543
126,29.05.2025,2025-05-29,14,2025,True,0.01889445854114,0.019586264378658572,0.021765088590807884,0.017411979593401686
126,30.05.2025,2025-05-30,14,2025,True,0.0188917183044959,0.019797880822933656,0.021765088590807884,0.017393705071308278
126,02.06.2025,2025-06-02,14,2025,True,0.0188637513558215,0.019691312972824365,0.021765088590807884,0.017214247754419324
126,03.06.2025,2025-06-03,14,2025,True,0.0188383352103362,0.019202529309704296,0.021765088590807884,0.01724901254331407
126,04.06.2025,2025-06-04,14,2025,True,0.0188135394122381,0.019285998339231124,0.021765088590807884,0.017309754733297555
126,05.06.2025,2025-06-05,14,2025,True,0.0188208722983221,0.019606958393639795,0.021765088590807884,0.017335986794886737
126,06.06.2025,2025-06-06,14,2025,True,0.018769793567596,0.017938195557887882,0.021765088590807884,0.017303059643071543
126,09.06.2025,2025-06-09,14,2025,True,0.018833669991997,0.018095783096374312,0.021765088590807884,0.017228102531707222
126,10.06.2025,2025-06-10,14,2025,True,0.0188473344878187,0.018952557369326373,0.021765088590807884,0.017178796974095283
126,11.06.2025,2025-06-11,14,2025,True,0.0184524297141226,0.01937292006590821,0.021765088590807884,0.01717827769367369
126,12.06.2025,2025-06-12,14,2025,True,0.0184902779460126,0.020696338535744135,0.021765088590807884,0.01756072276710144
126,13.06.2025,2025-06-13,14,2025,True,0.0174265198814494,0.02039195482405964,0.021765088590807884,0.017520271345121387
126,16.06.2025,2025-06-16,14,2025,True,0.0174067815766959,0.02175940493448394,0.021765088590807884,0.018542992579562184
126,17.06.2025,2025-06-17,14,2025,True,0.0170937492865009,0.021537134429671048,0.021765088590807884,0.01851205982805027
126,18.06.2025,2025-06-18,14,2025,True,0.0171387044911849,0.022059310704394812,0.021765088590807884,0.01890472637793002
126,20.06.2025,2025-06-20,14,2025,True,0.0171346113407095,0.022121696144613002,0.021765088590807884,0.01886313467472847
126,23.06.2025,2025-06-23,14,2025,True,0.0158865020724247,0.02210889903973116,0.021765088590807884,0.01885222260400592
126,24.06.2025,2025-06-24,14,2025,True,0.0150941773137381,0.0285534360989339,0.021765088590807884,0.019978345646150832
126,25.06.2025,2025-06-25,14,2025,True,0.0150827249377152,0.028601635504097254,0.021765088590807884,0.02073632336697582
126,26.06.2025,2025-06-26,14,2025,True,0.0150828755275611,0.02739879303278786,0.021765088590807884,0.020743060354036964
126,27.06.2025,2025-06-27,14,2025,True,0.0152507507120253,0.02739873414763185,0.021765088590807884,0.020743015773301468
126,30.06.2025,2025-06-30,14,2025,True,0.0153765275409481,0.027012907519503436,0.021765088590807884,0.020740648693509403
126,01.07.2025,2025-07-01,14,2025,True,0.015364680717241,0.0202568093847484,0.021765088590807884,0.020705509789218715
126,02.07.2025,2025-07-02,14,2025,True,0.0151982830176672,0.02062894663460937,0.021765088590807884,0.02071167374984258
126,03.07.2025,2025-07-03,14,2025,True,0.0151951743998576,0.020614504529680822,0.021765088590807884,0.020852444550980852
126,07.07.2025,2025-07-07,14,2025,True,0.01523588968796,0.019970631533865205,0.021765088590807884,0.020852949652927655
126,08.07.2025,2025-07-08,14,2025,True,0.0152830205936791,0.021607602827215647,0.021765088590807884,0.020876942876802574
126,09.07.2025,2025-07-09,14,2025,True,0.0153142241147443,0.019615332743025692,0.021765088590807884,0.020831350427653886
126,10.07.2025,2025-07-10,14,2025,True,0.0155022974426012,0.019790839605663996,0.021765088590807884,0.02081851551034973
126,11.07.2025,2025-07-11,14,2025,True,0.0154625977079655,0.01996014415425783,0.021765088590807884,0.020906951299938234
126,14.07.2025,2025-07-14,14,2025,True,0.0154196909448938,0.020202550817771246,0.021765088590807884,0.0210100530504313
126,15.07.2025,2025-07-15,14,2025,True,0.0155725709624356,0.02002570608807276,0.021765088590807884,0.021034674146546056
126,16.07.2025,2025-07-16,14,2025,True,0.0156384529727621,0.019542451598432917,0.021765088590807884,0.020615103932321414
126,17.07.2025,2025-07-17,14,2025,True,0.016025878858784,0.019574437087777653,0.021765088590807884,0.020560668569319554
126,18.07.2025,2025-07-18,14,2025,True,0.0160342466589304,0.019443716344323157,0.021765088590807884,0.020579082729394793
126,21.07.2025,2025-07-21,14,2025,True,0.016075041795413,0.020115772760984394,0.021765088590807884,0.02043487029114765
126,22.07.2025,2025-07-22,14,2025,True,0.0160640393393461,0.0187800485768339,0.021765088590807884,0.02042311756753523
126,23.07.2025,2025-07-23,14,2025,True,0.0161425078816354,0.019274550438812432,0.021765088590807884,0.020430093144964048
126,24.07.2025,2025-07-24,14,2025,True,0.0163167449702458,0.019795276339866327,0.021765088590807884,0.020369964939260302
126,25.07.2025,2025-07-25,14,2025,True,0.016294276223768,0.020419678086322165,0.021765088590807884,0.02039173749941927
126,28.07.2025,2025-07-28,14,2025,True,0.016381099339329,0.02104621973185783,0.021765088590807884,0.020397717563355986
126,29.07.2025,2025-07-29,14,2025,True,0.0161179740828705,0.021140252321051482,0.021765088590807884,0.020508633179713725
126,30.07.2025,2025-07-30,14,2025,True,0.0163691628344005,0.02299320627355849,0.021765088590807884,0.02069144715287272
126,31.07.2025,2025-07-31,14,2025,True,0.0163470948689052,0.022596589226921003,0.021765088590807884,0.02070624915537223
126,01.08.2025,2025-08-01,14,2025,True,0.0169425644884708,0.021586084164270287,0.021765088590807884,0.02069797399603283
126,04.08.2025,2025-08-04,14,2025,True,0.0169616294557926,0.02176748107131241,0.021765088590807884,0.020995550071841774
126,05.08.2025,2025-08-05,14,2025,True,0.0171254972747714,0.021276875052050642,0.021765088590807884,0.021024380220849886
126,06.08.2025,2025-08-06,14,2025,True,0.0172784943954197,0.01973095028225963,0.021765088590807884,0.021052761052557285
126,07.08.2025,2025-08-07,14,2025,True,0.0172791712410666,0.020754823885018564,0.021765088590807884,0.02106917208631984
126,08.08.2025,2025-08-08,14,2025,True,0.0173247309188919,0.019873679124166873,0.021765088590807884,0.02099894499116293
126,11.08.2025,2025-08-11,14,2025,True,0.017327957184138,0.020405257560202752,0.021765088590807884,0.02099881405930953
126,12.08.2025,2025-08-12,14,2025,True,0.0173293207298079,0.02073248366899642,0.021765088590807884,0.02099270629127076
126,13.08.2025,2025-08-13,14,2025,True,0.0174926880487947,0.021448351372949735,0.021765088590807884,0.020945622943693853
126,14.08.2025,2025-08-14,14,2025,True,0.017419995140188,0.022206189484678656,0.021765088590807884,0.020904394632418416
126,15.08.2025,2025-08-15,14,2025,True,0.0173735988458638,0.021874408050298933,0.021765088590807884,0.020876523806490143
126,18.08.2025,2025-08-18,14,2025,True,0.0177521419584859,0.022896502955996184,0.021765088590807884,0.020913462992013878
126,19.08.2025,2025-08-19,14,2025,True,0.0177873727013795,0.021531369924641167,0.021765088590807884,0.020940920215468478
126,20.08.2025,2025-08-20,14,2025,True,0.0177353878476989,0.021927239551678496,0.021765088590807884,0.020918256208399287
126,21.08.2025,2025-08-21,14,2025,True,0.0177078524191806,0.021295764651510063,0.021765088590807884,0.02097023706688427
126,22.08.2025,2025-08-22,14,2025,True,0.0177327530649095,0.021321342985341794,0.021765088590807884,0.020995424409673075
126,25.08.2025,2025-08-25,14,2025,True,0.0176794478696385,0.02118758441171062,0.021765088590807884,0.020863710472903252
126,26.08.2025,2025-08-26,14,2025,True,0.0175541758643828,0.021609298721817077,0.021765088590807884,0.020909513898181145
126,27.08.2025,2025-08-27,14,2025,True,0.0176501275735759,0.021906385575301703,0.021765088590807884,0.020904402623328284
126,28.08.2025,2025-08-28,14,2025,True,0.0186949346710541,0.02185380958370521,0.021765088590807884,0.02092875959135325
126,29.08.2025,2025-08-29,14,2025,True,0.0191044318231598,0.021877403669423204,0.021765088590807884,0.020858191347959545
126,02.09.2025,2025-09-02,14,2025,True,0.0190665746614243,0.021476644798432656,0.021765088590807884,0.02084324780989732
126,03.09.2025,2025-09-03,14,2025,True,0.0193957303444946,0.020903754224092203,0.021765088590807884,0.02080242291795969
126,04.09.2025,2025-09-04,14,2025,True,0.020635917656928,0.02125367555693652,0.021765088590807884,0.020885245009022006
126,05.09.2025,2025-09-05,14,2025,True,0.0212591381491397,0.02119704117791506,0.021765088590807884,0.020784962335866384
126,08.09.2025,2025-09-08,14,2025,True,0.0239089743623979,0.021224610881202477,0.021765088590807884,0.020877592112014266
126,09.09.2025,2025-09-09,14,2025,True,0.024230282004478,0.02223733887693179,0.021765088590807884,0.020856883805501675
126,10.09.2025,2025-09-10,14,2025,True,0.0253745193998988,0.021497894332433053,0.021765088590807884,0.020820358430750308
126,11.09.2025,2025-09-11,14,2025,True,0.0253944533008438,0.021549595332140337,0.021765088590807884,0.020870430001876685
126,12.09.2025,2025-09-12,14,2025,True,0.0255513717515015,0.022270969528416493,0.021765088590807884,0.02084366928971908
126,15.09.2025,2025-09-15,14,2025,True,0.0256740743763841,0.021045268800191256,0.021765088590807884,0.020819998252162398
126,16.09.2025,2025-09-16,14,2025,True,0.0258334366512931,0.02080004623037295,0.021765088590807884,0.020809081946547826
126,17.09.2025,2025-09-17,14,2025,True,0.025823945366093,0.021353498328341557,0.021765088590807884,0.02084505306568581
126,18.09.2025,2025-09-18,14,2025,True,0.0259265586723443,0.020617969080778047,0.021765088590807884,0.020846204559821495
126,19.09.2025,2025-09-19,14,2025,True,0.0280028490157562,0.020713886677599658,0.021765088590807884,0.02085383940839533
126,22.09.2025,2025-09-22,14,2025,True,0.0282398115841337,0.020721707315415002,0.021765088590807884,0.020817011197361693
126,23.09.2025,2025-09-23,14,2025,True,0.0283093811533351,0.02076103055348126,0.021765088590807884,0.020815659013074656
126,24.09.2025,2025-09-24,14,2025,True,0.0286221430684721,0.021186495107208173,0.021765088590807884,0.020838875295116403
126,25.09.2025,2025-09-25,14,2025,True,0.0288191931265891,0.022009849458141145,0.021765088590807884,0.0209588379195861
126,26.09.2025,2025-09-26,14,2025,True,0.028814079257063,0.023716438971734345,0.021765088590807884,0.020936778860335063
126,29.09.2025,2025-09-29,14,2025,True,0.0289104879320765,0.022582815758095225,0.021765088590807884,0.02095574785530673
126,30.09.2025,2025-09-30,14,2025,True,0.0322497296878304,0.02290901932257253,0.021765088590807884,0.02113097002246604
126,01.10.2025,2025-10-01,14,2025,True,0.032771661335673,0.022937172863156476,0.021765088590807884,0.021117842021768723
126,02.10.2025,2025-10-02,14,2025,True,0.0327060295540716,0.024079983452017454,0.021765088590807884,0.021228140852053424
126,03.10.2025,2025-10-03,14,2025,True,0.0327148266310726,0.024551721441680503,0.021765088590807884,0.021279220606472433
126,06.10.2025,2025-10-06,14,2025,True,0.0352158563340667,0.023807712326075176,0.021765088590807884,0.02047094175312971
126,07.10.2025,2025-10-07,14,2025,True,0.0352244271726371,0.02121863318543175,0.021765088590807884,0.01962199827986972
126,08.10.2025,2025-10-08,14,2025,True,0.0352273249189945,0.020984496787052283,0.021765088590807884,0.0195303566523755
126,09.10.2025,2025-10-09,14,2025,True,0.0353656187262171,0.019644127256172313,0.021765088590807884,0.01945835610494239
126,10.10.2025,2025-10-10,14,2025,True,0.0354509990211161,0.02075473465474036,0.021765088590807884,0.019157539207022047
126,13.10.2025,2025-10-13,14,2025,True,0.0354471309945891,0.022383077932905743,0.021765088590807884,0.019240890676149435
126,14.10.2025,2025-10-14,14,2025,True,0.0356125695137737,0.021480103869960656,0.021765088590807884,0.019154580293084627
126,15.10.2025,2025-10-15,14,2025,True,0.036670146771758,0.02260431446960513,0.021765088590807884,0.019197833895838283
126,16.10.2025,2025-10-16,14,2025,True,0.0369279850523225,0.022725005685890504,0.021765088590807884,0.019207456644865492
126,17.10.2025,2025-10-17,14,2025,True,0.0370085112404018,0.022747676525278003,0.021765088590807884,0.01917285432293576
126,20.10.2025,2025-10-20,14,2025,True,0.0370999483739675,0.022585176227804753,0.021765088590807884,0.018958847518612067
126,21.10.2025,2025-10-21,14,2025,True,0.0371747245467167,0.023264571384118696,0.021765088590807884,0.018833918962235647
126,22.10.2025,2025-10-22,14,2025,True,0.0371464583242835,0.02230493077164098,0.021765088590807884,0.018769318622190678
126,23.10.2025,2025-10-23,14,2025,True,0.0369463742133941,0.022630435053553243,0.021765088590807884,0.018785812447475243
126,24.10.2025,2025-10-24,14,2025,True,0.0370039941132595,0.023297990147121327,0.021765088590807884,0.01936859526703269
126,27.10.2025,2025-10-27,14,2025,True,0.0373163889113828,0.02329217007481206,0.021765088590807884,0.019363756797092957
126,28.10.2025,2025-10-28,14,2025,True,0.0374228534289741,0.023114764460333725,0.021765088590807884,0.01932105114809589
126,29.10.2025,2025-10-29,14,2025,True,0.0377655308547639,0.023057287090023523,0.021765088590807884,0.019267090277055716
126,30.10.2025,2025-10-30,14,2025,True,0.0380507119034549,0.022871332768208626,0.021765088590807884,0.019213784052612554
126,31.10.2025,2025-10-31,14,2025,True,0.0382626090761388,0.02168744718203733,0.021765088590807884,0.019159933137917067
126,03.11.2025,2025-11-03,14,2025,True,0.0390122773694097,0.02203166545782645,0.021765088590807884,0.019118891863911296
126,04.11.2025,2025-11-04,14,2025,True,0.0390257696011433,0.02071034230794046,0.021765088590807884,0.01905343170118571
126,05.11.2025,2025-11-05,14,2025,True,0.0390002504310376,0.02182152561675307,0.021765088590807884,0.018862989724448068
126,06.11.2025,2025-11-06,14,2025,True,0.0390585200049818,0.021631894134989102,0.021765088590807884,0.01884731526576696
126,07.11.2025,2025-11-07,14,2025,True,0.0391477025891863,0.02144740546739761,0.021765088590807884,0.018686575015312703
126,10.11.2025,2025-11-10,14,2025,True,0.0392064412144263,0.0213404439866593,0.021765088590807884,0.018628873525025944
126,11.11.2025,2025-11-11,14,2025,True,0.0391898251481032,0.01922588573840776,0.021765088590807884,0.01858123365857262
126,12.11.2025,2025-11-12,14,2025,True,0.0390905191919808,0.01914623916622633,0.021765088590807884,0.01850425766964062
126,13.11.2025,2025-11-13,14,2025,True,0.0391363507332632,0.022402551869221583,0.021765088590807884,0.018801192166446178
126,14.11.2025,2025-11-14,14,2025,True,0.0391203116801321,0.0223581890601385,0.021765088590807884,0.018687995156610588
126,17.11.2025,2025-11-17,14,2025,True,0.0395066123493292,0.022512100549197375,0.021765088590807884,0.018749633810745646
126,18.11.2025,2025-11-18,14,2025,True,0.0395770391687017,0.019660817721762484,0.021765088590807884,0.01875035162003436
126,19.11.2025,2025-11-19,14,2025,True,0.0395156612741121,0.020005520862030397,0.021765088590807884,0.01877406881106719
126,20.11.2025,2025-11-20,14,2025,True,0.0396966786175072,0.020731703431578537,0.021765088590807884,0.01886052346775767
126,21.11.2025,2025-11-21,14,2025,True,0.0400072726049871,0.022279539512105012,0.021765088590807884,0.018850547972275054
126,24.11.2025,2025-11-24,14,2025,True,0.0400066381828609,0.0219259475895329,0.021765088590807884,0.01887904974992801
126,25.11.2025,2025-11-25,14,2025,True,0.0400208766569894,0.022377481751116538,0.021765088590807884,0.018891642967291265
126,26.11.2025,2025-11-26,14,2025,True,0.040094986235018,0.02399403566451554,0.021765088590807884,0.01889838942442401
126,28.11.2025,2025-11-28,14,2025,True,0.0400999814234132,0.02199236880951893,0.021765088590807884,0.01889445854113998
126,01.12.2025,2025-12-01,14,2025,True,0.0401217868124733,0.02555433180177582,0.021765088590807884,0.018891718304495975
126,02.12.2025,2025-12-02,14,2025,True,0.0402032714763621,0.021867095803678203,0.021765088590807884,0.018863751355821547
126,03.12.2025,2025-12-03,14,2025,True,0.0402598756183308,0.02183763309089096,0.021765088590807884,0.01883833521033628
126,04.12.2025,2025-12-04,14,2025,True,0.0402645014804977,0.02110069674586728,0.021765088590807884,0.01881353941223816
126,05.12.2025,2025-12-05,14,2025,True,0.040371481298978,0.020887493466200644,0.021765088590807884,0.018820872298322112
126,08.12.2025,2025-12-08,14,2025,True,0.0403410660719609,0.019819051459563395,0.021765088590807884,0.018769793567596022
126,09.12.2025,2025-12-09,14,2025,True,0.0404331048891073,0.020441943894696623,0.021765088590807884,0.01883366999199701
126,10.12.2025,2025-12-10,14,2025,True,0.0405693639176524,0.019990238673026853,0.021765088590807884,0.018847334487818706
126,11.12.2025,2025-12-11,14,2025,True,0.0407982440512327,0.019532852472919596,0.021765088590807884,0.018452429714122642
126,12.12.2025,2025-12-12,14,2025,True,0.0410826891671888,0.019646416265540412,0.021765088590807884,0.018490277946012674
126,15.12.2025,2025-12-15,14,2025,True,0.041073031107068,0.019438667551114477,0.021765088590807884,0.017426519881449453
126,16.12.2025,2025-12-16,14,2025,True,0.0409870016180778,0.020331232635477182,0.021765088590807884,0.017406781576695955
126,17.12.2025,2025-12-17,14,2025,True,0.0410471671852485,0.021093319273211095,0.021765088590807884,0.017093749286500926
126,18.12.2025,2025-12-18,14,2025,True,0.0410627391007721,0.02134856664233556,0.021765088590807884,0.01713870449118494
126,19.12.2025,2025-12-19,14,2025,True,0.0412612908020027,0.01996014866492532,0.021765088590807884,0.017134611340709566
126,22.12.2025,2025-12-22,14,2025,True,0.0412372434959423,0.01850622327089856,0.021765088590807884,0.015886502072424726
126,23.12.2025,2025-12-23,14,2025,True,0.0414385301499784,0.01781602271442858,0.021765088590807884,0.015094177313738147
126,24.12.2025,2025-12-24,14,2025,True,0.0414584457228574,0.01782092212136545,0.021765088590807884,0.01508272493771522
126,26.12.2025,2025-12-26,14,2025,True,0.0413878395096646,0.01739028393927525,0.021765088590807884,0.01508287552756113
126,29.12.2025,2025-12-29,14,2025,True,0.0413881710383068,0.01752802926612371,0.021765088590807884,0.01525075071202535
126,30.12.2025,2025-12-30,14,2025,True,0.041388363445709,0.017948914066072987,0.021765088590807884,0.015376527540948107
126,31.12.2025,2025-12-31,14,2025,True,0.041354790671326,0.017973598670501627,0.021765088590807884,0.015364680717240982
126,02.01.2026,2026-01-02,15,2026,False,0.0414309216070683,0.016921043334568828,0.02160385454689754,0.015198283017667237
126,05.01.2026,2026-01-05,15,2026,False,0.0416413346606189,0.017485168286530534,0.02160385454689754,0.015195174399857651
126,06.01.2026,2026-01-06,15,2026,False,0.0416620308369402,0.01815057403156224,0.02160385454689754,0.015235889687959987
126,07.01.2026,2026-01-07,15,2026,False,0.0416459718271782,0.018206721260962663,0.02160385454689754,0.015283020593679105
126,08.01.2026,2026-01-08,15,2026,False,0.0423160429380117,0.01942172053012962,0.02160385454689754,0.015314224114744314
126,09.01.2026,2026-01-09,15,2026,False,0.0423015428157304,0.019957877754090178,0.02160385454689754,0.015502297442601221
126,12.01.2026,2026-01-12,15,2026,False,0.0422980946570083,0.019821840225925227,0.02160385454689754,0.015462597707965552
126,13.01.2026,2026-01-13,15,2026,False,0.042260443788389,0.020065072908509705,0.02160385454689754,0.01541969094489382
126,14.01.2026,2026-01-14,15,2026,False,0.0424155833770117,0.019528185111653402,0.02160385454689754,0.015572570962435603
126,15.01.2026,2026-01-15,15,2026,False,0.0422354993102402,0.01961802401899413,0.02160385454689754,0.01563845297276215
126,16.01.2026,2026-01-16,15,2026,False,0.0422624305482103,0.019858789498772643,0.02160385454689754,0.016025878858784006
126,20.01.2026,2026-01-20,15,2026,False,0.0423403989928023,0.01986915862630312,0.02160385454689754,0.016034246658930384
126,21.01.2026,2026-01-21,15,2026,False,0.0427351366310522,0.020506529880581242,0.02160385454689754,0.016075041795413053
126,22.01.2026,2026-01-22,15,2026,False,0.0428640130381664,0.020877631815865254,0.02160385454689754,0.016064039339346078
126,23.01.2026,2026-01-23,15,2026,False,0.0436195013460575,0.020198215307555435,0.02160385454689754,0.01614250788163539
126,26.01.2026,2026-01-26,15,2026,False,0.0438598359934713,0.02031914031082684,0.02160385454689754,0.016316744970245822
126,27.01.2026,2026-01-27,15,2026,False,0.0442871555683861,0.02166912320456429,0.02160385454689754,0.01629427622376807
126,28.01.2026,2026-01-28,15,2026,False,0.0443188753247728,0.022222242761253667,0.02160385454689754,0.016381099339329037
126,29.01.2026,2026-01-29,15,2026,False,0.0442402332512763,0.021983144507470017,0.02160385454689754,0.016117974082870513
126,30.01.2026,2026-01-30,15,2026,False,0.044741631863514,0.021557469868955417,0.02160385454689754,0.016369162834400507
126,02.02.2026,2026-02-02,15,2026,False,0.0446329856988635,0.021190699031471943,0.02160385454689754,0.016347094868905197
126,03.02.2026,2026-02-03,15,2026,False,0.0446153070233635,0.020715003052744537,0.02160385454689754,0.016942564488470806
126,04.02.2026,2026-02-04,15,2026,False,0.0446531948091602,0.020738313033741823,0.02160385454689754,0.016961629455792604
126,05.02.2026,2026-02-05,15,2026,False,0.0445869931505968,0.021126156693951428,0.02160385454689754,0.01712549727477144
126,06.02.2026,2026-02-06,15,2026,False,0.0447807760033318,0.02131489522181309,0.02160385454689754,0.017278494395419737
126,09.02.2026,2026-02-09,15,2026,False,0.0447787086256526,0.021315730184265,0.02160385454689754,0.01727917124106667
126,10.02.2026,2026-02-10,15,2026,False,0.0447761365986844,0.02118261804820639,0.02160385454689754,0.01732473091889191
126,11.02.2026,2026-02-11,15,2026,False,0.0448218677241551,0.0211867465843445,0.02160385454689754,0.01732795718413804
126,12.02.2026,2026-02-12,15,2026,False,0.0447633640214564,0.020143949599020404,0.02160385454689754,0.017329320729807876
126,13.02.2026,2026-02-13,15,2026,False,0.0448145210580709,0.018877763297783092,0.02160385454689754,0.0174926880487947
126,17.02.2026,2026-02-17,15,2026,False,0.0448098882083934,0.018992988923996847,0.02160385454689754,0.01741999514018801
126,18.02.2026,2026-02-18,15,2026,False,0.0446663439596313,0.020041684103821376,0.02160385454689754,0.01737359884586378
126,19.02.2026,2026-02-19,15,2026,False,0.0446826439121951,0.02106557569301546,0.02160385454689754,0.01775214195848595
126,20.02.2026,2026-02-20,15,2026,False,0.0446842691291786,0.021107382247000896,0.02160385454689754,0.017787372701379468
126,23.02.2026,2026-02-23,15,2026,False,0.0447411852405975,0.02116139951212455,0.02160385454689754,0.0177353878476989
126,24.02.2026,2026-02-24,15,2026,False,0.0448829630358587,0.019936517966640477,0.02160385454689754,0.017707852419180645
126,25.02.2026,2026-02-25,15,2026,False,0.044892079089087,0.01966924581384687,0.02160385454689754,0.017732753064909526
126,26.02.2026,2026-02-26,15,2026,False,0.0449238582600422,0.020459630390586184,0.02160385454689754,0.017679447869638543
126,27.02.2026,2026-02-27,15,2026,False,0.04488255447282,0.02050341312861595,0.02160385454689754,0.017554175864382855
126,02.03.2026,2026-03-02,15,2026,False,0.0444731317650921,0.01953508474870633,0.02160385454689754,0.01765012757357588
126,03.03.2026,2026-03-03,15,2026,False,0.0444646981369981,0.020150408583362305,0.02160385454689754,0.018694934671054084
