horizon,Date,Date_parsed,fold,test_year,include_in_main,y_true,pred_xgboost,pred_train_mean,pred_past_vol
66,03.01.2012,2012-01-03,1,2012,True,0.011081465940709,0.022983250491370077,0.024565673818770357,0.019175576574052555
66,04.01.2012,2012-01-04,1,2012,True,0.011366441582479,0.021668182643970666,0.024565673818770357,0.019091802300024788
66,05.01.2012,2012-01-05,1,2012,True,0.0113087148130505,0.021630599099068965,0.024565673818770357,0.019058687496592158
66,06.01.2012,2012-01-06,1,2012,True,0.011397833752044,0.02376420287918904,0.024565673818770357,0.01875426947353218
66,09.01.2012,2012-01-09,1,2012,True,0.0113686383359912,0.02320677441531271,0.024565673818770357,0.018314357237599
66,10.01.2012,2012-01-10,1,2012,True,0.0118305510452301,0.023230307073063568,0.024565673818770357,0.0183329287759389
66,11.01.2012,2012-01-11,1,2012,True,0.0117652872152008,0.022981834589474264,0.024565673818770357,0.01827879765565829
66,12.01.2012,2012-01-12,1,2012,True,0.0117433988358324,0.02296938267086639,0.024565673818770357,0.018268893916260468
66,13.01.2012,2012-01-13,1,2012,True,0.0116980336918317,0.022800090938575792,0.024565673818770357,0.018134246296756105
66,17.01.2012,2012-01-17,1,2012,True,0.0116660384978806,0.021230125771188723,0.024565673818770357,0.016750372776299326
66,18.01.2012,2012-01-18,1,2012,True,0.011615761424939,0.021132198808650283,0.024565673818770357,0.016788114673388827
66,19.01.2012,2012-01-19,1,2012,True,0.011603768086385,0.020713727116793094,0.024565673818770357,0.01645566697998601
66,20.01.2012,2012-01-20,1,2012,True,0.0114592872644639,0.020598305422062636,0.024565673818770357,0.016363972184547184
66,23.01.2012,2012-01-23,1,2012,True,0.0114604513190568,0.02071566590806709,0.024565673818770357,0.016457207219623654
66,24.01.2012,2012-01-24,1,2012,True,0.0114369500899386,0.020739223080280218,0.024565673818770357,0.016475921813030415
66,25.01.2012,2012-01-25,1,2012,True,0.0114420847398348,0.020142422619739173,0.024565673818770357,0.016001803872942085
66,26.01.2012,2012-01-26,1,2012,True,0.0114026324594229,0.01929010396508543,0.024565673818770357,0.015219713523659388
66,27.01.2012,2012-01-27,1,2012,True,0.0115047175639531,0.01928939396284667,0.024565673818770357,0.015219153338463152
66,30.01.2012,2012-01-30,1,2012,True,0.0117071806499053,0.018766723380650104,0.024565673818770357,0.014908903091956287
66,31.01.2012,2012-01-31,1,2012,True,0.0121352672498902,0.01869753989967915,0.024565673818770357,0.014853941456275992
66,01.02.2012,2012-02-01,1,2012,True,0.0121198075948522,0.018697335576879217,0.024565673818770357,0.014853779135514831
66,02.02.2012,2012-02-02,1,2012,True,0.0121174213647809,0.018525186230627884,0.024565673818770357,0.014717018025514613
66,03.02.2012,2012-02-03,1,2012,True,0.0118120382160809,0.018522872857551293,0.024565673818770357,0.014715180205757008
66,06.02.2012,2012-02-06,1,2012,True,0.0117273766977042,0.018600857772548333,0.024565673818770357,0.014777133990482376
66,07.02.2012,2012-02-07,1,2012,True,0.0117302278458437,0.018160403224382116,0.024565673818770357,0.014427222392073447
66,08.02.2012,2012-02-08,1,2012,True,0.0116977367419737,0.017886086632006727,0.024565673818770357,0.014209296257111752
66,09.02.2012,2012-02-09,1,2012,True,0.0116236341939918,0.017911560169860917,0.024565673818770357,0.014229533274494817
66,10.02.2012,2012-02-10,1,2012,True,0.0115667611620975,0.017987847455798643,0.024565673818770357,0.014290138406788002
66,13.02.2012,2012-02-13,1,2012,True,0.0124390995763414,0.018079025346650006,0.024565673818770357,0.014362573126012006
66,14.02.2012,2012-02-14,1,2012,True,0.012434024744646,0.01798518561279108,0.024565673818770357,0.014288023751041188
66,15.02.2012,2012-02-15,1,2012,True,0.0125708773731465,0.017926552842297848,0.024565673818770357,0.014241443947227497
66,16.02.2012,2012-02-16,1,2012,True,0.0124952456500481,0.017612332312282958,0.024565673818770357,0.013991816810061645
66,17.02.2012,2012-02-17,1,2012,True,0.0128675031117193,0.017664417069098572,0.024565673818770357,0.014033194656166242
66,21.02.2012,2012-02-21,1,2012,True,0.0127225686167177,0.017265482683699897,0.024565673818770357,0.0137162680424298
66,22.02.2012,2012-02-22,1,2012,True,0.0126455437710447,0.017360042996180134,0.024565673818770357,0.013791389868787966
66,23.02.2012,2012-02-23,1,2012,True,0.0126067268289318,0.017411902786779745,0.024565673818770357,0.013832588994321831
66,24.02.2012,2012-02-24,1,2012,True,0.0128955387074382,0.017102971418571134,0.024565673818770357,0.013587163741481126
66,27.02.2012,2012-02-27,1,2012,True,0.0129573027417211,0.017222085990904364,0.024565673818770357,0.013681792280503926
66,28.02.2012,2012-02-28,1,2012,True,0.0133344613021465,0.017297533163843037,0.024565673818770357,0.013741729999363496
66,29.02.2012,2012-02-29,1,2012,True,0.0132791046836166,0.016803345198456235,0.024565673818770357,0.013349130804729466
66,01.03.2012,2012-03-01,1,2012,True,0.0126814133368782,0.01679476964175465,0.024565673818770357,0.01334231810006972
66,02.03.2012,2012-03-02,1,2012,True,0.0127849649245685,0.01719825212810188,0.024565673818770357,0.013662857874980817
66,05.03.2012,2012-03-05,1,2012,True,0.0127824814381642,0.017253728142799407,0.024565673818770357,0.013706929848029997
66,06.03.2012,2012-03-06,1,2012,True,0.0127019203615712,0.01720861989679126,0.024565673818770357,0.013671094371866001
66,07.03.2012,2012-03-07,1,2012,True,0.0125212919217891,0.017060869448368713,0.024565673818770357,0.013553716549821897
66,08.03.2012,2012-03-08,1,2012,True,0.0124109801882662,0.017079013539581345,0.024565673818770357,0.013568130813414639
66,09.03.2012,2012-03-09,1,2012,True,0.0123782029841304,0.01688515242074453,0.024565673818770357,0.013414121156245802
66,12.03.2012,2012-03-12,1,2012,True,0.0123824851082754,0.0168573480275077,0.024565673818770357,0.013392032430585468
66,13.03.2012,2012-03-13,1,2012,True,0.0123691280548072,0.016886565391697,0.024565673818770357,0.013415243666903356
66,14.03.2012,2012-03-14,1,2012,True,0.0124385639613102,0.016868508879458496,0.024565673818770357,0.013400898978931871
66,15.03.2012,2012-03-15,1,2012,True,0.0124041993078877,0.016837737394955078,0.024565673818770357,0.013376453098255114
66,16.03.2012,2012-03-16,1,2012,True,0.0125904826606854,0.01680425527297751,0.024565673818770357,0.013349853797900353
66,19.03.2012,2012-03-19,1,2012,True,0.0132343447966213,0.016984193708951323,0.024565673818770357,0.013492802817291656
66,20.03.2012,2012-03-20,1,2012,True,0.0135408790877847,0.01683079934404749,0.024565673818770357,0.013370941282125562
66,21.03.2012,2012-03-21,1,2012,True,0.013539021830464,0.01674262552448796,0.024565673818770357,0.01330089309606789
66,22.03.2012,2012-03-22,1,2012,True,0.0139179664836934,0.015270755702989247,0.024565673818770357,0.01213159123726151
66,23.03.2012,2012-03-23,1,2012,True,0.0137372666153777,0.015365191101500237,0.024565673818770357,0.012206613827848756
66,26.03.2012,2012-03-26,1,2012,True,0.0138857128808237,0.015209585696865856,0.024565673818770357,0.012082995769905267
66,27.03.2012,2012-03-27,1,2012,True,0.0165325556734367,0.015210807804795919,0.024565673818770357,0.01208396665269219
66,28.03.2012,2012-03-28,1,2012,True,0.0165080661554909,0.01463943896636481,0.024565673818770357,0.011630052430739293
66,29.03.2012,2012-03-29,1,2012,True,0.017081356288809,0.01474875056403853,0.024565673818770357,0.011716893163854419
66,30.03.2012,2012-03-30,1,2012,True,0.0170639596037127,0.015228500051901487,0.024565673818770357,0.011891871216961416
66,02.04.2012,2012-04-02,1,2012,True,0.0170221361777912,0.015230640922644798,0.024565673818770357,0.01189354301386097
66,03.04.2012,2012-04-03,1,2012,True,0.0173011935344263,0.015685231242399917,0.024565673818770357,0.012049080126482805
66,04.04.2012,2012-04-04,1,2012,True,0.0173562405975074,0.015453445677531468,0.024565673818770357,0.011871027103221497
66,05.04.2012,2012-04-05,1,2012,True,0.0175905811981979,0.01586974302578653,0.024565673818770357,0.012190818378724561
66,09.04.2012,2012-04-09,1,2012,True,0.0176429496529825,0.015857914192443423,0.024565673818770357,0.012181731706137379
66,10.04.2012,2012-04-10,1,2012,True,0.0175702706918138,0.014425612076623996,0.024565673818770357,0.011081465940709072
66,11.04.2012,2012-04-11,1,2012,True,0.0176396288099788,0.014796587187810217,0.024565673818770357,0.011366441582479065
66,12.04.2012,2012-04-12,1,2012,True,0.0175610445972493,0.01472143973108663,0.024565673818770357,0.011308714813050489
66,13.04.2012,2012-04-13,1,2012,True,0.0176347755707779,0.014837452833457755,0.024565673818770357,0.011397833752044064
66,16.04.2012,2012-04-16,1,2012,True,0.0176855283974094,0.014799446873899058,0.024565673818770357,0.01136863833599124
66,17.04.2012,2012-04-17,1,2012,True,0.0177075760656086,0.015400754822900986,0.024565673818770357,0.01183055104523012
66,18.04.2012,2012-04-18,1,2012,True,0.0181410314001809,0.015315795784117302,0.024565673818770357,0.011765287215200863
66,19.04.2012,2012-04-19,1,2012,True,0.0181442237532646,0.015287301966472258,0.024565673818770357,0.011743398835832477
66,20.04.2012,2012-04-20,1,2012,True,0.0181676548586167,0.015228246605687336,0.024565673818770357,0.011698033691831769
66,23.04.2012,2012-04-23,1,2012,True,0.0182114715686315,0.015186595955969625,0.024565673818770357,0.011666038497880648
66,24.04.2012,2012-04-24,1,2012,True,0.0182804987057537,0.01512114635259725,0.024565673818770357,0.01161576142493903
66,25.04.2012,2012-04-25,1,2012,True,0.0182407740990325,0.015105533684525259,0.024565673818770357,0.011603768086385049
66,26.04.2012,2012-04-26,1,2012,True,0.0182540099411595,0.014917451683398612,0.024565673818770357,0.011459287264463965
66,27.04.2012,2012-04-27,1,2012,True,0.0183120707487224,0.014918967024426825,0.024565673818770357,0.011460451319056831
66,30.04.2012,2012-04-30,1,2012,True,0.0183121892190016,0.014888373633949768,0.024565673818770357,0.01143695008993868
66,01.05.2012,2012-05-01,1,2012,True,0.0186803577475778,0.01421549115842485,0.024565673818770357,0.01144208473983488
66,02.05.2012,2012-05-02,1,2012,True,0.0186500397934817,0.014166476179412973,0.024565673818770357,0.011402632459422976
66,03.05.2012,2012-05-03,1,2012,True,0.0187445628158454,0.014293305331079977,0.024565673818770357,0.011504717563953127
66,04.05.2012,2012-05-04,1,2012,True,0.0184882003771904,0.014544842727778364,0.024565673818770357,0.011707180649905292
66,07.05.2012,2012-05-07,1,2012,True,0.0185269052506194,0.015076691723437285,0.024565673818770357,0.012135267249890188
66,08.05.2012,2012-05-08,1,2012,True,0.0185232315880569,0.015057484857337124,0.024565673818770357,0.012119807594852207
66,09.05.2012,2012-05-09,1,2012,True,0.0185296618487302,0.015054520237405437,0.024565673818770357,0.012117421364780962
66,10.05.2012,2012-05-10,1,2012,True,0.0185276526397749,0.014675116348255472,0.024565673818770357,0.011812038216080959
66,11.05.2012,2012-05-11,1,2012,True,0.018667386098234,0.014569934024115395,0.024565673818770357,0.011727376697704208
66,14.05.2012,2012-05-14,1,2012,True,0.0186585501294738,0.01457347625196023,0.024565673818770357,0.011730227845843707
66,15.05.2012,2012-05-15,1,2012,True,0.0189693171028607,0.014533109744431774,0.024565673818770357,0.011697736741973682
66,16.05.2012,2012-05-16,1,2012,True,0.018959357526478,0.014381090261099867,0.024565673818770357,0.011623634193991846
66,17.05.2012,2012-05-17,1,2012,True,0.0183519012306315,0.01437038745736311,0.024565673818770357,0.011566761162097504
66,18.05.2012,2012-05-18,1,2012,True,0.0183449689093339,0.015390007186103683,0.024565673818770357,0.012439099576341416
66,21.05.2012,2012-05-21,1,2012,True,0.0182563947770032,0.015463269027140703,0.024565673818770357,0.012434024744646065
66,22.05.2012,2012-05-22,1,2012,True,0.0183212953934733,0.015617887842542394,0.024565673818770357,0.012570877373146497
66,23.05.2012,2012-05-23,1,2012,True,0.0180695886344848,0.015523924013795445,0.024565673818770357,0.012495245650048085
66,24.05.2012,2012-05-24,1,2012,True,0.0180407981734107,0.01598641164392305,0.024565673818770357,0.012867503111719344
66,25.05.2012,2012-05-25,1,2012,True,0.0180399773675471,0.01580634698970199,0.024565673818770357,0.012722568616717713
66,29.05.2012,2012-05-29,1,2012,True,0.0180379030393135,0.015744047265029492,0.024565673818770357,0.01264554377104472
66,30.05.2012,2012-05-30,1,2012,True,0.0177107388710312,0.01569571911225292,0.024565673818770357,0.01260672682893179
66,31.05.2012,2012-05-31,1,2012,True,0.0175926062935777,0.016249729906969483,0.024565673818770357,0.012895538707438226
66,01.06.2012,2012-06-01,1,2012,True,0.01706754233292,0.015494979861569775,0.024565673818770357,0.012957302741721147
66,04.06.2012,2012-06-04,1,2012,True,0.0170663650040114,0.01594600461686798,0.024565673818770357,0.013334461302146505
66,05.06.2012,2012-06-05,1,2012,True,0.0170733426552482,0.01590577861014494,0.024565673818770357,0.013279104683616589
66,06.06.2012,2012-06-06,1,2012,True,0.0169618490297796,0.01516505774295662,0.024565673818770357,0.012681413336878281
66,07.06.2012,2012-06-07,1,2012,True,0.0169278791986475,0.015288889824206627,0.024565673818770357,0.012784964924568515
66,08.06.2012,2012-06-08,1,2012,True,0.0169094899924966,0.015285919949026025,0.024565673818770357,0.012782481438164274
66,11.06.2012,2012-06-11,1,2012,True,0.0167856606387039,0.015189581051624473,0.024565673818770357,0.012701920361571235
66,12.06.2012,2012-06-12,1,2012,True,0.0176331609563623,0.014973576679986295,0.024565673818770357,0.01252129192178909
66,13.06.2012,2012-06-13,1,2012,True,0.0182118934705602,0.01484166048388416,0.024565673818770357,0.012410980188266226
66,14.06.2012,2012-06-14,1,2012,True,0.0183045848185263,0.014802463891188469,0.024565673818770357,0.012378202984130476
66,15.06.2012,2012-06-15,1,2012,True,0.0183450076242671,0.01474601328011511,0.024565673818770357,0.012382485108275448
66,18.06.2012,2012-06-18,1,2012,True,0.0183223569006399,0.014687708472677398,0.024565673818770357,0.012369128054807247
66,19.06.2012,2012-06-19,1,2012,True,0.0183171504476455,0.014781189078589595,0.024565673818770357,0.012438563961310187
66,20.06.2012,2012-06-20,1,2012,True,0.0178123948869065,0.014757156234505955,0.024565673818770357,0.01240419930788777
66,21.06.2012,2012-06-21,1,2012,True,0.0171659934681902,0.014961719486040505,0.024565673818770357,0.012590482660685475
66,22.06.2012,2012-06-22,1,2012,True,0.0170494606801738,0.015760473153662524,0.024565673818770357,0.01323434479662138
66,25.06.2012,2012-06-25,1,2012,True,0.0170569095459999,0.016014441473198582,0.024565673818770357,0.013540879087784763
66,26.06.2012,2012-06-26,1,2012,True,0.0169282446417151,0.015963945062927018,0.024565673818770357,0.013539021830464085
66,27.06.2012,2012-06-27,1,2012,True,0.017425535740498,0.016479177812829253,0.024565673818770357,0.013917966483693396
66,28.06.2012,2012-06-28,1,2012,True,0.0177412274519139,0.01626522520242327,0.024565673818770357,0.0137372666153777
66,29.06.2012,2012-06-29,1,2012,True,0.0157994572828801,0.016440988839072437,0.024565673818770357,0.013885712880823705
66,02.07.2012,2012-07-02,1,2012,True,0.0157842556209613,0.019462088398400183,0.024565673818770357,0.01653255567343672
66,03.07.2012,2012-07-03,1,2012,True,0.0155205786632396,0.018218083786276353,0.024565673818770357,0.016508066155490924
66,05.07.2012,2012-07-05,1,2012,True,0.0155248853242407,0.018876921027488305,0.024565673818770357,0.017081356288809024
66,06.07.2012,2012-07-06,1,2012,True,0.015195645843567,0.018988493565627932,0.024565673818770357,0.017063959603712705
66,09.07.2012,2012-07-09,1,2012,True,0.0150779453291053,0.01875473133530624,0.024565673818770357,0.017022136177791195
66,10.07.2012,2012-07-10,1,2012,True,0.014762680276693,0.01906219249624217,0.024565673818770357,0.017301193534426353
66,11.07.2012,2012-07-11,1,2012,True,0.0145815970941236,0.018843484813574816,0.024565673818770357,0.017356240597507417
66,12.07.2012,2012-07-12,1,2012,True,0.0156132149767726,0.01885910191772245,0.024565673818770357,0.017590581198197893
66,13.07.2012,2012-07-13,1,2012,True,0.0155711109176402,0.01891524685204432,0.024565673818770357,0.017642949652982493
66,16.07.2012,2012-07-16,1,2012,True,0.0155868818021706,0.02004310286029657,0.024565673818770357,0.017570270691813834
66,17.07.2012,2012-07-17,1,2012,True,0.0155892183732884,0.01978035635813814,0.024565673818770357,0.017639628809978873
66,18.07.2012,2012-07-18,1,2012,True,0.0155483407572024,0.02003257828924133,0.024565673818770357,0.0175610445972493
66,19.07.2012,2012-07-19,1,2012,True,0.0152942266424288,0.020116686127552207,0.024565673818770357,0.017634775570777993
66,20.07.2012,2012-07-20,1,2012,True,0.0152833281464718,0.019803235897915192,0.024565673818770357,0.01768552839740943
66,23.07.2012,2012-07-23,1,2012,True,0.0146881593465103,0.019755838224325473,0.024565673818770357,0.01770757606560861
66,24.07.2012,2012-07-24,1,2012,True,0.0149814241052374,0.020411210006392722,0.024565673818770357,0.018141031400180946
66,25.07.2012,2012-07-25,1,2012,True,0.015122324929041,0.02024299361173689,0.024565673818770357,0.01814422375326466
66,26.07.2012,2012-07-26,1,2012,True,0.0155403397003882,0.019835627033571494,0.024565673818770357,0.018167654858616773
66,27.07.2012,2012-07-27,1,2012,True,0.0162351849319456,0.0198834665552079,0.024565673818770357,0.018211471568631562
66,30.07.2012,2012-07-30,1,2012,True,0.0162391589632791,0.019958831072962445,0.024565673818770357,0.01828049870575374
66,31.07.2012,2012-07-31,1,2012,True,0.0163439303743162,0.020092376381560705,0.024565673818770357,0.018240774099032533
66,01.08.2012,2012-08-01,1,2012,True,0.0163088987567563,0.020106955780455616,0.024565673818770357,0.018254009941159492
66,02.08.2012,2012-08-02,1,2012,True,0.0163374386942963,0.020170910281083608,0.024565673818770357,0.018312070748722414
66,03.08.2012,2012-08-03,1,2012,True,0.0160329672778307,0.020171040777159477,0.024565673818770357,0.018312189219001667
66,06.08.2012,2012-08-06,1,2012,True,0.0160909800850891,0.02004889095060802,0.024565673818770357,0.0186803577475778
66,07.08.2012,2012-08-07,1,2012,True,0.0158566075153787,0.01918815271180317,0.024565673818770357,0.01865003979348171
66,08.08.2012,2012-08-08,1,2012,True,0.0158940688423538,0.020127405944559355,0.024565673818770357,0.01874456281584546
66,09.08.2012,2012-08-09,1,2012,True,0.0158916996072394,0.01999209148102777,0.024565673818770357,0.018488200377190452
66,10.08.2012,2012-08-10,1,2012,True,0.0159013545342245,0.020033944736324024,0.024565673818770357,0.018526905250619487
66,13.08.2012,2012-08-13,1,2012,True,0.0158909661050298,0.02002997224595062,0.024565673818770357,0.018523231588056986
66,14.08.2012,2012-08-14,1,2012,True,0.0159218686480555,0.020257906912884246,0.024565673818770357,0.018529661848730238
66,15.08.2012,2012-08-15,1,2012,True,0.0157303016041974,0.02025571030679838,0.024565673818770357,0.01852765263977489
66,16.08.2012,2012-08-16,1,2012,True,0.0157828676356787,0.020265599535320294,0.024565673818770357,0.018667386098234068
66,17.08.2012,2012-08-17,1,2012,True,0.0154325353335765,0.020256007072644487,0.024565673818770357,0.0186585501294738
66,20.08.2012,2012-08-20,1,2012,True,0.0154354583564022,0.020433444150795357,0.024565673818770357,0.018969317102860726
66,21.08.2012,2012-08-21,1,2012,True,0.0154401982076673,0.020282813712456667,0.024565673818770357,0.01895935752647806
66,22.08.2012,2012-08-22,1,2012,True,0.0154729797486416,0.019632953986466122,0.024565673818770357,0.018351901230631545
66,23.08.2012,2012-08-23,1,2012,True,0.0155908650898947,0.019625537755126123,0.024565673818770357,0.018344968909333945
66,24.08.2012,2012-08-24,1,2012,True,0.0155267047152318,0.019530780713739218,0.024565673818770357,0.018256394777003266
66,27.08.2012,2012-08-27,1,2012,True,0.0154735415491954,0.01960021171169614,0.024565673818770357,0.018321295393473307
66,28.08.2012,2012-08-28,1,2012,True,0.0154915883675576,0.01994256780022616,0.024565673818770357,0.018069588634484848
66,29.08.2012,2012-08-29,1,2012,True,0.0155916871565513,0.01991079310221921,0.024565673818770357,0.018040798173410717
66,30.08.2012,2012-08-30,1,2012,True,0.0156882622386564,0.02044616990353836,0.024565673818770357,0.018039977367547175
66,31.08.2012,2012-08-31,1,2012,True,0.0156083006813545,0.02098051728468393,0.024565673818770357,0.018037903039313578
66,04.09.2012,2012-09-04,1,2012,True,0.0156712355724351,0.020073017204873714,0.024565673818770357,0.01771073887103129
66,05.09.2012,2012-09-05,1,2012,True,0.0156306802281762,0.01873960387039515,0.024565673818770357,0.01759260629357776
66,06.09.2012,2012-09-06,1,2012,True,0.015679150582947,0.01865757955905641,0.024565673818770357,0.01706754233292004
66,07.09.2012,2012-09-07,1,2012,True,0.0156529894702848,0.018656292548463422,0.024565673818770357,0.017066365004011475
66,10.09.2012,2012-09-10,1,2012,True,0.0158590469568737,0.01849767075238363,0.024565673818770357,0.017073342655248253
66,11.09.2012,2012-09-11,1,2012,True,0.015845070207106,0.018376875872520248,0.024565673818770357,0.01696184902977969
66,12.09.2012,2012-09-12,1,2012,True,0.015830792854477,0.01834007213909293,0.024565673818770357,0.01692787919864752
66,13.09.2012,2012-09-13,1,2012,True,0.0158059578058133,0.018484802831252083,0.024565673818770357,0.01690948999249669
66,18.09.2012,2012-09-18,1,2012,True,0.0149948822915722,0.01818598912501456,0.024565673818770357,0.016785660638703993
66,19.09.2012,2012-09-19,1,2012,True,0.0143516020095824,0.018455910689963616,0.024565673818770357,0.017633160956362293
66,20.09.2012,2012-09-20,1,2012,True,0.014237653333373,0.019214371646404407,0.024565673818770357,0.01821189347056026
66,21.09.2012,2012-09-21,1,2012,True,0.0141537069874078,0.019176269849032066,0.024565673818770357,0.018304584818526315
66,24.09.2012,2012-09-24,1,2012,True,0.0140478409913276,0.019218617634498173,0.024565673818770357,0.01834500762426714
66,25.09.2012,2012-09-25,1,2012,True,0.0140326670695039,0.019194888257795195,0.024565673818770357,0.018322356900639974
66,26.09.2012,2012-09-26,1,2012,True,0.0140246700363852,0.019189433867620932,0.024565673818770357,0.018317150447645508
66,27.09.2012,2012-09-27,1,2012,True,0.0139218774259656,0.018828356134016205,0.024565673818770357,0.017812394886906505
66,28.09.2012,2012-09-28,1,2012,True,0.0139851235240016,0.018145086074352917,0.024565673818770357,0.01716599346819027
66,01.10.2012,2012-10-01,1,2012,True,0.0140920039391074,0.019175493026519077,0.024565673818770357,0.017049460680173843
66,02.10.2012,2012-10-02,1,2012,True,0.0140813056026423,0.01802978035894885,0.024565673818770357,0.017056909545999956
66,03.10.2012,2012-10-03,1,2012,True,0.0135443490953709,0.017893776825723576,0.024565673818770357,0.01692824464171517
66,04.10.2012,2012-10-04,1,2012,True,0.0126066051362126,0.018349716009724654,0.024565673818770357,0.01742553574049809
66,05.10.2012,2012-10-05,1,2012,True,0.0127540886731764,0.018536843105618372,0.024565673818770357,0.01774122745191392
66,08.10.2012,2012-10-08,1,2012,True,0.0127584503392247,0.016507993125079588,0.024565673818770357,0.015799457282880115
66,09.10.2012,2012-10-09,1,2012,True,0.0124264413603077,0.016492109735799027,0.024565673818770357,0.0157842556209613
66,10.10.2012,2012-10-10,1,2012,True,0.0124253525978561,0.017409716918640846,0.024565673818770357,0.015520578663239613
66,11.10.2012,2012-10-11,1,2012,True,0.0123350787646965,0.016617183944320896,0.024565673818770357,0.015524885324240725
66,12.10.2012,2012-10-12,1,2012,True,0.0123199471558745,0.017045233832615594,0.024565673818770357,0.015195645843567043
66,15.10.2012,2012-10-15,1,2012,True,0.0122676655289886,0.016913207013099497,0.024565673818770357,0.015077945329105322
66,16.10.2012,2012-10-16,1,2012,True,0.0122629556641273,0.016559568438409132,0.024565673818770357,0.014762680276693071
66,19.10.2012,2012-10-19,1,2012,True,0.0110345238688234,0.01635644412096808,0.024565673818770357,0.01458159709412362
66,22.10.2012,2012-10-22,1,2012,True,0.0110799015100954,0.017513628765614433,0.024565673818770357,0.01561321497677262
66,23.10.2012,2012-10-23,1,2012,True,0.0110148798292835,0.01746639987250906,0.024565673818770357,0.015571110917640282
66,24.10.2012,2012-10-24,1,2012,True,0.0109986680700062,0.017464178950644973,0.024565673818770357,0.015586881802170653
66,25.10.2012,2012-10-25,1,2012,True,0.0109900590747303,0.01748671133664916,0.024565673818770357,0.01558921837328848
66,26.10.2012,2012-10-26,1,2012,True,0.0110547238465037,0.017440858167137335,0.024565673818770357,0.015548340757202427
66,31.10.2012,2012-10-31,1,2012,True,0.0110396184503248,0.01715581371749208,0.024565673818770357,0.015294226642428846
66,01.11.2012,2012-11-01,1,2012,True,0.0110195422312143,0.017143588675271236,0.024565673818770357,0.015283328146471863
66,02.11.2012,2012-11-02,1,2012,True,0.0105797789357735,0.015484792409059398,0.024565673818770357,0.014688159346510387
66,05.11.2012,2012-11-05,1,2012,True,0.0103577801369592,0.015761246437396514,0.024565673818770357,0.01498142410523749
66,06.11.2012,2012-11-06,1,2012,True,0.0097000084989707,0.01603400631583842,0.024565673818770357,0.015122324929041078
66,07.11.2012,2012-11-07,1,2012,True,0.0084134172760186,0.01649619769190839,0.024565673818770357,0.015540339700388232
66,08.11.2012,2012-11-08,1,2012,True,0.0086905624622445,0.01721395744100889,0.024565673818770357,0.016235184931945625
66,09.11.2012,2012-11-09,1,2012,True,0.0086878068229853,0.017218171055238235,0.024565673818770357,0.016239158963279193
66,12.11.2012,2012-11-12,1,2012,True,0.0086930840165873,0.017329258832691093,0.024565673818770357,0.016343930374316227
66,13.11.2012,2012-11-13,1,2012,True,0.0086375062015641,0.017447532388268922,0.024565673818770357,0.016308898756756316
66,14.11.2012,2012-11-14,1,2012,True,0.0087378763377334,0.017478064890310608,0.024565673818770357,0.016337438694296318
66,15.11.2012,2012-11-15,1,2012,True,0.0086604922518362,0.01699954866732714,0.024565673818770357,0.016032967277830705
66,19.11.2012,2012-11-19,1,2012,True,0.0086767180866452,0.01706105889953985,0.024565673818770357,0.016090980085089142
66,20.11.2012,2012-11-20,1,2012,True,0.0086716280761031,0.016963663661105705,0.024565673818770357,0.015856607515378752
66,21.11.2012,2012-11-21,1,2012,True,0.0086007686776341,0.018092153221157016,0.024565673818770357,0.015894068842353865
66,23.11.2012,2012-11-23,1,2012,True,0.0087486828459687,0.018051088273298176,0.024565673818770357,0.015891699607239494
66,26.11.2012,2012-11-26,1,2012,True,0.008755114157859,0.01814852432255538,0.024565673818770357,0.0159013545342245
66,27.11.2012,2012-11-27,1,2012,True,0.0086740672242786,0.018136667806841162,0.024565673818770357,0.015890966105029842
66,28.11.2012,2012-11-28,1,2012,True,0.0086708075041604,0.0181719374785238,0.024565673818770357,0.015921868648055577
66,29.11.2012,2012-11-29,1,2012,True,0.0085866032340673,0.017953298296095856,0.024565673818770357,0.015730301604197423
66,30.11.2012,2012-11-30,1,2012,True,0.0085921675945883,0.01692962961791515,0.024565673818770357,0.015782867635678724
66,03.12.2012,2012-12-03,1,2012,True,0.0086771305282622,0.016425276936145154,0.024565673818770357,0.015432535333576537
66,04.12.2012,2012-12-04,1,2012,True,0.0086589437747428,0.01628205065230094,0.024565673818770357,0.015435458356402284
66,05.12.2012,2012-12-05,1,2012,True,0.0085796741952465,0.016433432746344075,0.024565673818770357,0.015440198207667375
66,06.12.2012,2012-12-06,1,2012,True,0.0086199737134216,0.016597225692866955,0.024565673818770357,0.015472979748641664
66,07.12.2012,2012-12-07,1,2012,True,0.0087391988328159,0.016574704128052342,0.024565673818770357,0.015590865089894775
66,10.12.2012,2012-12-10,1,2012,True,0.008852102319441,0.01650649500555327,0.024565673818770357,0.015526704715231838
66,11.12.2012,2012-12-11,1,2012,True,0.0088199779953412,0.016449977054658164,0.024565673818770357,0.015473541549195495
66,12.12.2012,2012-12-12,1,2012,True,0.0086726823165625,0.016617186389061116,0.024565673818770357,0.01549158836755764
66,13.12.2012,2012-12-13,1,2012,True,0.0085882980654065,0.01672455822173328,0.024565673818770357,0.01559168715655133
66,14.12.2012,2012-12-14,1,2012,True,0.0084809219464853,0.017905317952887783,0.024565673818770357,0.01568826223865644
66,19.12.2012,2012-12-19,1,2012,True,0.0083784499785202,0.01781405627675582,0.024565673818770357,0.015608300681354596
66,20.12.2012,2012-12-20,1,2012,True,0.0084597857373383,0.017885885088512406,0.024565673818770357,0.01567123557243519
66,21.12.2012,2012-12-21,1,2012,True,0.0083533019977508,0.017839598487574757,0.024565673818770357,0.015630680228176208
66,24.12.2012,2012-12-24,1,2012,True,0.0092935224287488,0.017894918643514227,0.024565673818770357,0.015679150582947082
66,26.12.2012,2012-12-26,1,2012,True,0.0089569063359458,0.01679031467931661,0.024565673818770357,0.015652989470284796
66,27.12.2012,2012-12-27,1,2012,True,0.0093017666122673,0.016859809224662133,0.024565673818770357,0.015859046956873714
66,28.12.2012,2012-12-28,1,2012,True,0.0093316768727862,0.016844950492273993,0.024565673818770357,0.01584507020710608
66,31.12.2012,2012-12-31,1,2012,True,0.0095097418930258,0.016981037018797083,0.024565673818770357,0.015830792854477083
66,02.01.2013,2013-01-02,2,2013,True,0.0093818700620437,0.016948298278394145,0.022319583881271064,0.01580595780581337
66,03.01.2013,2013-01-03,2,2013,True,0.0095262104584456,0.01616079110447049,0.022319583881271064,0.014994882291572231
66,04.01.2013,2013-01-04,2,2013,True,0.0095757133192196,0.015880713566317047,0.022319583881271064,0.014351602009582421
66,07.01.2013,2013-01-07,2,2013,True,0.0100757217855641,0.01568370743155718,0.022319583881271064,0.014237653333373016
66,08.01.2013,2013-01-08,2,2013,True,0.0100452248358639,0.015591235034650285,0.022319583881271064,0.014153706987407816
66,09.01.2013,2013-01-09,2,2013,True,0.0100472892860936,0.01547461670783797,0.022319583881271064,0.014047840991327649
66,10.01.2013,2013-01-10,2,2013,True,0.0101265722623555,0.015457901639357287,0.022319583881271064,0.014032667069503992
66,11.01.2013,2013-01-11,2,2013,True,0.0100942134638718,0.015847375512955092,0.022319583881271064,0.014024670036385219
66,14.01.2013,2013-01-14,2,2013,True,0.0100318628838887,0.01816086814738773,0.022319583881271064,0.013921877425965689
66,15.01.2013,2013-01-15,2,2013,True,0.0099081849616889,0.018243371678493846,0.022319583881271064,0.013985123524001697
66,16.01.2013,2013-01-16,2,2013,True,0.0100776654353776,0.018382795483695067,0.022319583881271064,0.014092003939107419
66,17.01.2013,2013-01-17,2,2013,True,0.0103084104344037,0.01836883967357025,0.022319583881271064,0.014081305602642393
66,18.01.2013,2013-01-18,2,2013,True,0.0103090320284354,0.01766838843189711,0.022319583881271064,0.013544349095370925
66,22.01.2013,2013-01-22,2,2013,True,0.0101234074612753,0.01662085661039437,0.022319583881271064,0.012606605136212631
66,23.01.2013,2013-01-23,2,2013,True,0.010227203514572,0.01681530251345732,0.022319583881271064,0.012754088673176416
66,24.01.2013,2013-01-24,2,2013,True,0.0105671386564296,0.016821053040676055,0.022319583881271064,0.012758450339224743
66,25.01.2013,2013-01-25,2,2013,True,0.0112128694078234,0.01638332428084597,0.022319583881271064,0.012426441360307799
66,28.01.2013,2013-01-28,2,2013,True,0.0113460467046315,0.01638188882979502,0.022319583881271064,0.012425352597856149
66,29.01.2013,2013-01-29,2,2013,True,0.0114124207421569,0.016262869599764095,0.022319583881271064,0.012335078764696576
66,30.01.2013,2013-01-30,2,2013,True,0.0114394624627303,0.01624291971652445,0.022319583881271064,0.012319947155874532
66,31.01.2013,2013-01-31,2,2013,True,0.0114057039120575,0.016173990340658438,0.022319583881271064,0.012267665528988649
66,01.02.2013,2013-02-01,2,2013,True,0.0113131984078451,0.01599683103789648,0.022319583881271064,0.012262955664127348
66,04.02.2013,2013-02-04,2,2013,True,0.0112753373412844,0.014743749366247907,0.022319583881271064,0.011034523868823403
66,05.02.2013,2013-02-05,2,2013,True,0.0112640882750602,0.014871321422172892,0.022319583881271064,0.011079901510095427
66,06.02.2013,2013-02-06,2,2013,True,0.0112546367938658,0.014717502035691627,0.022319583881271064,0.011014879829283555
66,07.02.2013,2013-02-07,2,2013,True,0.0113322677346934,0.014695840737169601,0.022319583881271064,0.010998668070006217
66,08.02.2013,2013-02-08,2,2013,True,0.0111634015498728,0.014529071939352708,0.022319583881271064,0.010990059074730378
66,11.02.2013,2013-02-11,2,2013,True,0.0111506132565392,0.014614560025872424,0.022319583881271064,0.011054723846503764
66,12.02.2013,2013-02-12,2,2013,True,0.0111243740938626,0.01459459039820584,0.022319583881271064,0.011039618450324832
66,13.02.2013,2013-02-13,2,2013,True,0.0111302289949345,0.014701741495140535,0.022319583881271064,0.01101954223121433
66,14.02.2013,2013-02-14,2,2013,True,0.0112067528752724,0.014558451056260698,0.022319583881271064,0.01057977893577351
66,15.02.2013,2013-02-15,2,2013,True,0.011203700159921,0.014252966540307499,0.022319583881271064,0.010357780136959214
66,19.02.2013,2013-02-19,2,2013,True,0.0111829627409641,0.01340818548791799,0.022319583881271064,0.00970000849897074
66,20.02.2013,2013-02-20,2,2013,True,0.0112380208051389,0.0115773991472214,0.022319583881271064,0.008413417276018614
66,21.02.2013,2013-02-21,2,2013,True,0.0112236477282902,0.012028595763259776,0.022319583881271064,0.008690562462244575
66,22.02.2013,2013-02-22,2,2013,True,0.0111939140594652,0.011897635921827786,0.022319583881271064,0.008687806822985304
66,25.02.2013,2013-02-25,2,2013,True,0.011351635916211,0.011904862846809547,0.022319583881271064,0.008693084016587317
66,26.02.2013,2013-02-26,2,2013,True,0.0114534062252025,0.011828751047600646,0.022319583881271064,0.008637506201564112
66,27.02.2013,2013-02-27,2,2013,True,0.011538924440512,0.011844081854018935,0.022319583881271064,0.008737876337733468
66,28.02.2013,2013-02-28,2,2013,True,0.0115324969122651,0.011621877883818976,0.022319583881271064,0.008660492251836247
66,01.03.2013,2013-03-01,2,2013,True,0.0115211934811056,0.011504430155941641,0.022319583881271064,0.008676718086645243
66,04.03.2013,2013-03-04,2,2013,True,0.0115852475070153,0.011421995121808026,0.022319583881271064,0.00867162807610316
66,05.03.2013,2013-03-05,2,2013,True,0.0114582978376514,0.011361491190631356,0.022319583881271064,0.008600768677634136
66,06.03.2013,2013-03-06,2,2013,True,0.0114964134484519,0.011541747710596444,0.022319583881271064,0.008748682845968775
66,07.03.2013,2013-03-07,2,2013,True,0.011520039588932,0.011550232253994869,0.022319583881271064,0.008755114157859047
66,08.03.2013,2013-03-08,2,2013,True,0.0115642864533325,0.011391801503343206,0.022319583881271064,0.008674067224278624
66,11.03.2013,2013-03-11,2,2013,True,0.011549921340606,0.011387520456911047,0.022319583881271064,0.00867080750416044
66,12.03.2013,2013-03-12,2,2013,True,0.0117303055226826,0.011276933542395378,0.022319583881271064,0.008586603234067342
66,13.03.2013,2013-03-13,2,2013,True,0.0116666377239254,0.011208346260436455,0.022319583881271064,0.008592167594588383
66,14.03.2013,2013-03-14,2,2013,True,0.0125076501806971,0.011319179058963211,0.022319583881271064,0.008677130528262245
66,15.03.2013,2013-03-15,2,2013,True,0.0125825922488452,0.01129545472764003,0.022319583881271064,0.008658943774742875
66,19.03.2013,2013-03-19,2,2013,True,0.0124179745971332,0.011192048819278383,0.022319583881271064,0.008579674195246557
66,20.03.2013,2013-03-20,2,2013,True,0.0123193892515057,0.0112954646337493,0.022319583881271064,0.008619973713421642
66,21.03.2013,2013-03-21,2,2013,True,0.0122640518417714,0.01140014617716453,0.022319583881271064,0.008739198832815988
66,22.03.2013,2013-03-22,2,2013,True,0.0123517710964824,0.011547426983570227,0.022319583881271064,0.008852102319441016
66,25.03.2013,2013-03-25,2,2013,True,0.012352818778916,0.011505521312628776,0.022319583881271064,0.008819977995341255
66,26.03.2013,2013-03-26,2,2013,True,0.0123169380799189,0.011313376437398697,0.022319583881271064,0.008672682316562517
66,27.03.2013,2013-03-27,2,2013,True,0.0123765466745269,0.01120329852103229,0.022319583881271064,0.008588298065406591
66,28.03.2013,2013-03-28,2,2013,True,0.0125566944027243,0.011063228078071103,0.022319583881271064,0.008480921946485379
66,01.04.2013,2013-04-01,2,2013,True,0.0127117002773531,0.010929555022198124,0.022319583881271064,0.00837844997852026
66,02.04.2013,2013-04-02,2,2013,True,0.0127090684154534,0.011035656228692658,0.022319583881271064,0.0084597857373384
66,03.04.2013,2013-04-03,2,2013,True,0.0120532685778533,0.0108967498804093,0.022319583881271064,0.008353301997750896
66,04.04.2013,2013-04-04,2,2013,True,0.012043239528338,0.012194039024890625,0.022319583881271064,0.009293522428748825
66,05.04.2013,2013-04-05,2,2013,True,0.0117820609987329,0.011752364750844891,0.022319583881271064,0.008956906335945874
66,08.04.2013,2013-04-08,2,2013,True,0.0118260055197291,0.01220485622540039,0.022319583881271064,0.009301766612267393
66,09.04.2013,2013-04-09,2,2013,True,0.0116932984913991,0.012244101504766576,0.022319583881271064,0.009331676872786297
66,10.04.2013,2013-04-10,2,2013,True,0.0116830708126654,0.012441687318389837,0.022319583881271064,0.009509741893025832
66,11.04.2013,2013-04-11,2,2013,True,0.0115328595621978,0.012274391364850238,0.022319583881271064,0.009381870062043737
66,12.04.2013,2013-04-12,2,2013,True,0.0115439403640087,0.012499349195119644,0.022319583881271064,0.009526210458445693
66,15.04.2013,2013-04-15,2,2013,True,0.0110226109330942,0.012564301942664986,0.022319583881271064,0.00957571331921966
66,16.04.2013,2013-04-16,2,2013,True,0.0110224081901642,0.014290116676216805,0.022319583881271064,0.01007572178556413
66,17.04.2013,2013-04-17,2,2013,True,0.0111299946000567,0.014246863698538446,0.022319583881271064,0.010045224835863946
66,18.04.2013,2013-04-18,2,2013,True,0.0110111343429101,0.014402072268634297,0.022319583881271064,0.010047289286093651
66,19.04.2013,2013-04-19,2,2013,True,0.0110218944537383,0.014515718757879556,0.022319583881271064,0.010126572262355533
66,22.04.2013,2013-04-22,2,2013,True,0.0109955383440285,0.01446933472921096,0.022319583881271064,0.010094213463871873
66,23.04.2013,2013-04-23,2,2013,True,0.0110187467764981,0.013448082893438192,0.022319583881271064,0.010031862883888796
66,24.04.2013,2013-04-24,2,2013,True,0.0109268080314726,0.013282288068580433,0.022319583881271064,0.009908184961688975
66,25.04.2013,2013-04-25,2,2013,True,0.0109392698645323,0.013513192679134072,0.022319583881271064,0.01007766543537768
66,26.04.2013,2013-04-26,2,2013,True,0.0109592049741051,0.013822599818275615,0.022319583881271064,0.010308410434403744
66,29.04.2013,2013-04-29,2,2013,True,0.0109443889748858,0.013823433316864427,0.022319583881271064,0.01030903202843547
66,30.04.2013,2013-04-30,2,2013,True,0.0108127282789142,0.013574528393586275,0.022319583881271064,0.01012340746127535
66,01.05.2013,2013-05-01,2,2013,True,0.0104080619166861,0.013668751871330287,0.022319583881271064,0.010227203514572084
66,02.05.2013,2013-05-02,2,2013,True,0.0098703230770538,0.014747905183215018,0.022319583881271064,0.01056713865642969
66,03.05.2013,2013-05-03,2,2013,True,0.0098985660387283,0.014827648253083275,0.022319583881271064,0.011212869407823484
66,06.05.2013,2013-05-06,2,2013,True,0.0098256306838543,0.015007880170642092,0.022319583881271064,0.011346046704631518
66,07.05.2013,2013-05-07,2,2013,True,0.0097752018910185,0.015091530483965778,0.022319583881271064,0.011412420742156988
66,08.05.2013,2013-05-08,2,2013,True,0.0097792737201727,0.01512728985172762,0.022319583881271064,0.011439462462730343
66,09.05.2013,2013-05-09,2,2013,True,0.0098214916262031,0.015086791199626201,0.022319583881271064,0.011405703912057497
66,10.05.2013,2013-05-10,2,2013,True,0.0097899784480204,0.014964430384578823,0.022319583881271064,0.01131319840784511
66,13.05.2013,2013-05-13,2,2013,True,0.0097671767938629,0.014914350002850544,0.022319583881271064,0.011275337341284468
66,14.05.2013,2013-05-14,2,2013,True,0.0097726387993012,0.014899470402729008,0.022319583881271064,0.011264088275060216
66,15.05.2013,2013-05-15,2,2013,True,0.0097011224299811,0.014886968541870096,0.022319583881271064,0.011254636793865857
66,16.05.2013,2013-05-16,2,2013,True,0.009770420784241,0.014989654163373764,0.022319583881271064,0.01133226773469345
66,17.05.2013,2013-05-17,2,2013,True,0.0097793100292342,0.014766287951984376,0.022319583881271064,0.011163401549872881
66,20.05.2013,2013-05-20,2,2013,True,0.0105079175986436,0.014749372353191686,0.022319583881271064,0.011150613256539217
66,21.05.2013,2013-05-21,2,2013,True,0.0107391173379139,0.014714664739211326,0.022319583881271064,0.011124374093862677
66,22.05.2013,2013-05-22,2,2013,True,0.0107355254304436,0.014722409256397359,0.022319583881271064,0.011130228994934545
66,23.05.2013,2013-05-23,2,2013,True,0.0108260458269591,0.014819559886948237,0.022319583881271064,0.011206752875272478
66,24.05.2013,2013-05-24,2,2013,True,0.0109422501184122,0.014819592572209403,0.022319583881271064,0.011203700159921014
66,28.05.2013,2013-05-28,2,2013,True,0.0108581619928488,0.014792162339736771,0.022319583881271064,0.011182962740964126
66,29.05.2013,2013-05-29,2,2013,True,0.0105992957763989,0.015023844711291364,0.022319583881271064,0.011238020805138941
66,30.05.2013,2013-05-30,2,2013,True,0.0106089696315005,0.015004629684166725,0.022319583881271064,0.011223647728290263
66,31.05.2013,2013-05-31,2,2013,True,0.0107044461230902,0.014964879444256137,0.022319583881271064,0.011193914059465218
66,03.06.2013,2013-06-03,2,2013,True,0.0109410621946506,0.01491163686108816,0.022319583881271064,0.011351635916211092
66,04.06.2013,2013-06-04,2,2013,True,0.0108675308211698,0.014886240814076279,0.022319583881271064,0.011453406225202533
66,05.06.2013,2013-06-05,2,2013,True,0.0109153352806123,0.014997390695784468,0.022319583881271064,0.011538924440512023
66,06.06.2013,2013-06-06,2,2013,True,0.0109028972951237,0.014989036697730006,0.022319583881271064,0.011532496912265145
66,07.06.2013,2013-06-07,2,2013,True,0.011153214177962,0.014978457442035204,0.022319583881271064,0.011521193481105649
66,10.06.2013,2013-06-10,2,2013,True,0.0113338296508179,0.01522268941343886,0.022319583881271064,0.011585247507015357
66,11.06.2013,2013-06-11,2,2013,True,0.0112687968684971,0.015055881118087781,0.022319583881271064,0.011458297837651446
66,12.06.2013,2013-06-12,2,2013,True,0.0113314368719123,0.015105963958758007,0.022319583881271064,0.01149641344845191
66,13.06.2013,2013-06-13,2,2013,True,0.011310922390285,0.015137008042913323,0.022319583881271064,0.011520039588932083
66,14.06.2013,2013-06-14,2,2013,True,0.0113194559964773,0.015151242469169457,0.022319583881271064,0.011564286453332547
66,18.06.2013,2013-06-18,2,2013,True,0.0111859821197433,0.014972418371577634,0.022319583881271064,0.011549921340606032
66,19.06.2013,2013-06-19,2,2013,True,0.0112083109393884,0.01522341087047759,0.022319583881271064,0.011730305522682621
66,20.06.2013,2013-06-20,2,2013,True,0.0101322249383097,0.015072630405035984,0.022319583881271064,0.011666637723925493
66,21.06.2013,2013-06-21,2,2013,True,0.0100183591403667,0.01677690346135344,0.022319583881271064,0.012507650180697182
66,24.06.2013,2013-06-24,2,2013,True,0.0101000011656448,0.016533172355975016,0.022319583881271064,0.01258259224884527
66,25.06.2013,2013-06-25,2,2013,True,0.0101062920969085,0.01631686939115146,0.022319583881271064,0.012417974597133225
66,26.06.2013,2013-06-26,2,2013,True,0.0101075029038666,0.016187331019502905,0.022319583881271064,0.012319389251505705
66,27.06.2013,2013-06-27,2,2013,True,0.0100271966956269,0.016114619219360665,0.022319583881271064,0.01226405184177147
66,28.06.2013,2013-06-28,2,2013,True,0.0099923698129155,0.016058273650714504,0.022319583881271064,0.012351771096482429
66,01.07.2013,2013-07-01,2,2013,True,0.0100463151201817,0.015694061196000902,0.022319583881271064,0.012352818778916022
66,02.07.2013,2013-07-02,2,2013,True,0.0104166845814904,0.015603262174680374,0.022319583881271064,0.012316938079918988
66,03.07.2013,2013-07-03,2,2013,True,0.0102530438081522,0.01572420711268886,0.022319583881271064,0.012376546674526976
66,05.07.2013,2013-07-05,2,2013,True,0.0100198596341269,0.015948703598401576,0.022319583881271064,0.012556694402724312
66,08.07.2013,2013-07-08,2,2013,True,0.0100917755196324,0.016674020426061864,0.022319583881271064,0.012711700277353197
66,09.07.2013,2013-07-09,2,2013,True,0.010130116885771,0.015964285791762855,0.022319583881271064,0.012709068415453408
66,10.07.2013,2013-07-10,2,2013,True,0.0101021913931509,0.015140513687671449,0.022319583881271064,0.012053268577853306
66,11.07.2013,2013-07-11,2,2013,True,0.0101752369217497,0.015447149125566552,0.022319583881271064,0.012043239528338082
66,12.07.2013,2013-07-12,2,2013,True,0.0101088760616268,0.014803905492192493,0.022319583881271064,0.011782060998732923
66,15.07.2013,2013-07-15,2,2013,True,0.0104015282865262,0.01485912083489004,0.022319583881271064,0.011826005519729194
66,16.07.2013,2013-07-16,2,2013,True,0.0104336190508344,0.014692377316437825,0.022319583881271064,0.011693298491399173
66,17.07.2013,2013-07-17,2,2013,True,0.0104336548423777,0.014679526458731806,0.022319583881271064,0.011683070812665461
66,19.07.2013,2013-07-19,2,2013,True,0.0107792961464893,0.01449078926275009,0.022319583881271064,0.011532859562197862
66,22.07.2013,2013-07-22,2,2013,True,0.0108018686635269,0.01450471205119967,0.022319583881271064,0.011543940364008704
66,23.07.2013,2013-07-23,2,2013,True,0.0108391377178815,0.013849672866935942,0.022319583881271064,0.011022610933094288
66,24.07.2013,2013-07-24,2,2013,True,0.0108078200491245,0.013849418124817795,0.022319583881271064,0.011022408190164288
66,25.07.2013,2013-07-25,2,2013,True,0.0113126590842051,0.013984598128084124,0.022319583881271064,0.011129994600056784
66,26.07.2013,2013-07-26,2,2013,True,0.0113072029947257,0.013835252778932898,0.022319583881271064,0.011011134342910126
66,29.07.2013,2013-07-29,2,2013,True,0.0113484507131093,0.013848772626080506,0.022319583881271064,0.011021894453738358
66,30.07.2013,2013-07-30,2,2013,True,0.0113332628076081,0.013815656742761948,0.022319583881271064,0.010995538344028529
66,31.07.2013,2013-07-31,2,2013,True,0.0114790010877343,0.013844817637527282,0.022319583881271064,0.01101874677649819
66,01.08.2013,2013-08-01,2,2013,True,0.0114556139064839,0.01372929858762805,0.022319583881271064,0.01092680803147268
66,02.08.2013,2013-08-02,2,2013,True,0.011545588443204,0.01374495661205133,0.022319583881271064,0.010939269864532345
66,05.08.2013,2013-08-05,2,2013,True,0.0115609948158774,0.013770004647206147,0.022319583881271064,0.01095920497410516
66,06.08.2013,2013-08-06,2,2013,True,0.0116524170537703,0.013751388663785308,0.022319583881271064,0.010944388974885805
66,07.08.2013,2013-08-07,2,2013,True,0.0117354366496355,0.013585959839370897,0.022319583881271064,0.010812728278914245
66,08.08.2013,2013-08-08,2,2013,True,0.0117003892743128,0.013077505284353872,0.022319583881271064,0.01040806191668614
66,09.08.2013,2013-08-09,2,2013,True,0.0117173784394162,0.012401848032006148,0.022319583881271064,0.009870323077053884
66,12.08.2013,2013-08-12,2,2013,True,0.0117605811793225,0.012437334704116645,0.022319583881271064,0.009898566038728317
66,13.08.2013,2013-08-13,2,2013,True,0.0119446540366626,0.012345693004017694,0.022319583881271064,0.009825630683854369
66,14.08.2013,2013-08-14,2,2013,True,0.0119859448701201,0.012282330313627035,0.022319583881271064,0.009775201891018567
66,15.08.2013,2013-08-15,2,2013,True,0.0119431588627307,0.01228744647912519,0.022319583881271064,0.00977927372017275
66,16.08.2013,2013-08-16,2,2013,True,0.011943667749928,0.012337104034428047,0.022319583881271064,0.009821491626203119
66,20.08.2013,2013-08-20,2,2013,True,0.0118975034766857,0.012300896738752416,0.022319583881271064,0.009789978448020435
66,21.08.2013,2013-08-21,2,2013,True,0.0120306123263462,0.012268877357392047,0.022319583881271064,0.009767176793862986
66,22.08.2013,2013-08-22,2,2013,True,0.0121892560688002,0.012275738365056946,0.022319583881271064,0.00977263879930122
66,23.08.2013,2013-08-23,2,2013,True,0.0121908432908256,0.012189251068813427,0.022319583881271064,0.009701122429981187
66,26.08.2013,2013-08-26,2,2013,True,0.0122142006782513,0.012276322956095053,0.022319583881271064,0.009770420784241013
66,27.08.2013,2013-08-27,2,2013,True,0.0115757477961756,0.012287492100677753,0.022319583881271064,0.009779310029234264
66,28.08.2013,2013-08-28,2,2013,True,0.0113319380147289,0.014113989068083813,0.022319583881271064,0.010507917598643626
66,29.08.2013,2013-08-29,2,2013,True,0.0114911273399075,0.014424531148564781,0.022319583881271064,0.010739117337913964
66,30.08.2013,2013-08-30,2,2013,True,0.0114329238124186,0.014573800373795853,0.022319583881271064,0.010735525430443687
66,03.09.2013,2013-09-03,2,2013,True,0.0112842269231431,0.014696684549062351,0.022319583881271064,0.010826045826959108
66,04.09.2013,2013-09-04,2,2013,True,0.0113113552096684,0.014854435388291294,0.022319583881271064,0.010942250118412227
66,05.09.2013,2013-09-05,2,2013,True,0.0113047038248339,0.0147402832153299,0.022319583881271064,0.010858161992848841
66,06.09.2013,2013-09-06,2,2013,True,0.0114269863171335,0.014422517477742557,0.022319583881271064,0.01059929577639895
66,09.09.2013,2013-09-09,2,2013,True,0.0111466006740255,0.014435680743229554,0.022319583881271064,0.010608969631500547
66,10.09.2013,2013-09-10,2,2013,True,0.0108181374507717,0.014664220960333839,0.022319583881271064,0.010704446123090298
66,11.09.2013,2013-09-11,2,2013,True,0.0109409486276025,0.014538751720312226,0.022319583881271064,0.01094106219465069
66,12.09.2013,2013-09-12,2,2013,True,0.0108708156322802,0.013800739186696932,0.022319583881271064,0.010867530821169816
66,13.09.2013,2013-09-13,2,2013,True,0.0108764325229588,0.01386144634157727,0.022319583881271064,0.010915335280612361
66,18.09.2013,2013-09-18,2,2013,True,0.0106029117796869,0.013845651273078161,0.022319583881271064,0.01090289729512373
66,19.09.2013,2013-09-19,2,2013,True,0.0103900499915662,0.014163530105991029,0.022319583881271064,0.01115321417796201
66,20.09.2013,2013-09-20,2,2013,True,0.0104396761500777,0.014222061918644268,0.022319583881271064,0.011333829650817952
66,23.09.2013,2013-09-23,2,2013,True,0.0103766027029485,0.014140456646163231,0.022319583881271064,0.011268796868497116
66,24.09.2013,2013-09-24,2,2013,True,0.0109197957338561,0.014348276757714575,0.022319583881271064,0.011331436871912392
66,25.09.2013,2013-09-25,2,2013,True,0.0109608113639929,0.014322300576294912,0.022319583881271064,0.011310922390285043
66,26.09.2013,2013-09-26,2,2013,True,0.0109115512956998,0.014333106138270255,0.022319583881271064,0.01131945599647739
66,27.09.2013,2013-09-27,2,2013,True,0.0109193449595202,0.014186540353499259,0.022319583881271064,0.011185982119743372
66,30.09.2013,2013-09-30,2,2013,True,0.0109178809274264,0.0142148587163886,0.022319583881271064,0.011208310939388427
66,01.10.2013,2013-10-01,2,2013,True,0.0109415521545069,0.012208814523407168,0.022319583881271064,0.010132224938309755
66,02.10.2013,2013-10-02,2,2013,True,0.0108926149172539,0.01203673066255425,0.022319583881271064,0.010018359140366771
66,03.10.2013,2013-10-03,2,2013,True,0.0109046702033229,0.012154048987236904,0.022319583881271064,0.010100001165644806
66,04.10.2013,2013-10-04,2,2013,True,0.0108962066457657,0.0121616193117845,0.022319583881271064,0.010106292096908562
66,07.10.2013,2013-10-07,2,2013,True,0.0109299632033575,0.012163076361822494,0.022319583881271064,0.010107502903866606
66,08.10.2013,2013-10-08,2,2013,True,0.0109140112669034,0.012047348695995823,0.022319583881271064,0.010027196695626942
66,09.10.2013,2013-10-09,2,2013,True,0.0108477527827453,0.012005505336106304,0.022319583881271064,0.009992369812915597
66,10.10.2013,2013-10-10,2,2013,True,0.0104873472122374,0.012105297572130335,0.022319583881271064,0.010046315120181712
66,11.10.2013,2013-10-11,2,2013,True,0.0105001101542134,0.012535136641239,0.022319583881271064,0.010416684581490495
66,14.10.2013,2013-10-14,2,2013,True,0.010505814486722,0.012338216072335742,0.022319583881271064,0.010253043808152252
66,15.10.2013,2013-10-15,2,2013,True,0.0105250719700868,0.011945762110366177,0.022319583881271064,0.01001985963412695
66,16.10.2013,2013-10-16,2,2013,True,0.0105085822140125,0.012160075035958194,0.022319583881271064,0.010091775519632444
66,17.10.2013,2013-10-17,2,2013,True,0.0105221517497916,0.012042314404645482,0.022319583881271064,0.010130116885771014
66,21.10.2013,2013-10-21,2,2013,True,0.0104223560754333,0.012028146345196285,0.022319583881271064,0.010102191393150906
66,22.10.2013,2013-10-22,2,2013,True,0.0105596801845623,0.012115117802542158,0.022319583881271064,0.010175236921749762
66,23.10.2013,2013-10-23,2,2013,True,0.0102841371972375,0.012017064085676606,0.022319583881271064,0.010108876061626857
66,24.10.2013,2013-10-24,2,2013,True,0.0102476350360873,0.012400790732824848,0.022319583881271064,0.010401528286526246
66,25.10.2013,2013-10-25,2,2013,True,0.0102631491290616,0.012403106736599539,0.022319583881271064,0.01043361905083445
66,28.10.2013,2013-10-28,2,2013,True,0.0098484463155933,0.01242280238765528,0.022319583881271064,0.010433654842377769
66,29.10.2013,2013-10-29,2,2013,True,0.0102008805949521,0.012834339253965002,0.022319583881271064,0.010779296146489332
66,30.10.2013,2013-10-30,2,2013,True,0.0102102146072167,0.012861215159176207,0.022319583881271064,0.01080186866352694
66,31.10.2013,2013-10-31,2,2013,True,0.0101460415941128,0.012905589456046907,0.022319583881271064,0.010839137717881548
66,01.11.2013,2013-11-01,2,2013,True,0.0095568672853311,0.012693984224856264,0.022319583881271064,0.010807820049124523
66,04.11.2013,2013-11-04,2,2013,True,0.0095519651044723,0.013286926993913999,0.022319583881271064,0.011312659084205187
66,05.11.2013,2013-11-05,2,2013,True,0.0094877388335552,0.01325950997828063,0.022319583881271064,0.011307202994725795
66,06.11.2013,2013-11-06,2,2013,True,0.0096731924862868,0.013346442272600631,0.022319583881271064,0.011348450713109332
66,07.11.2013,2013-11-07,2,2013,True,0.0094193087877529,0.013311126447519073,0.022319583881271064,0.011333262807608172
66,08.11.2013,2013-11-08,2,2013,True,0.0092512879875041,0.013482298748729794,0.022319583881271064,0.011479001087734399
66,11.11.2013,2013-11-11,2,2013,True,0.0091770567635728,0.013394265020838224,0.022319583881271064,0.011455613906483966
66,12.11.2013,2013-11-12,2,2013,True,0.0092436228829757,0.013499466086428769,0.022319583881271064,0.011545588443204052
66,13.11.2013,2013-11-13,2,2013,True,0.0091255850135672,0.013578601896529612,0.022319583881271064,0.011560994815877421
66,14.11.2013,2013-11-14,2,2013,True,0.0090068585192508,0.013624373466636733,0.022319583881271064,0.011652417053770344
66,15.11.2013,2013-11-15,2,2013,True,0.0090076182750113,0.013783487051520696,0.022319583881271064,0.011735436649635545
66,19.11.2013,2013-11-19,2,2013,True,0.0091113265666553,0.013680464099651232,0.022319583881271064,0.011700389274312847
66,20.11.2013,2013-11-20,2,2013,True,0.0092835282284154,0.01376227735015533,0.022319583881271064,0.011717378439416275
66,21.11.2013,2013-11-21,2,2013,True,0.0091612764331291,0.013813019765956842,0.022319583881271064,0.011760581179322532
66,22.11.2013,2013-11-22,2,2013,True,0.0091013356179098,0.013966066162436681,0.022319583881271064,0.011944654036662663
66,25.11.2013,2013-11-25,2,2013,True,0.0091640980518337,0.01401434470698053,0.022319583881271064,0.011985944870120183
66,26.11.2013,2013-11-26,2,2013,True,0.0092191421396333,0.013964317957926638,0.022319583881271064,0.011943158862730724
66,27.11.2013,2013-11-27,2,2013,True,0.0092226520357952,0.014114149581839364,0.022319583881271064,0.011943667749928034
66,29.11.2013,2013-11-29,2,2013,True,0.0090670382627739,0.013973837532616468,0.022319583881271064,0.011897503476685715
66,02.12.2013,2013-12-02,2,2013,True,0.008864159625365,0.014130176334530209,0.022319583881271064,0.012030612326346238
66,03.12.2013,2013-12-03,2,2013,True,0.0088736147265619,0.014293858750697502,0.022319583881271064,0.012189256068800227
66,04.12.2013,2013-12-04,2,2013,True,0.0088415001939956,0.014318370561135553,0.022319583881271064,0.012190843290825615
66,05.12.2013,2013-12-05,2,2013,True,0.0090056713709821,0.014345804243984505,0.022319583881271064,0.012214200678251358
66,06.12.2013,2013-12-06,2,2013,True,0.0090278753628042,0.013595929544318394,0.022319583881271064,0.011575747796175683
66,09.12.2013,2013-12-09,2,2013,True,0.008733008210428,0.01324965926820212,0.022319583881271064,0.011331938014728909
66,10.12.2013,2013-12-10,2,2013,True,0.008753073713007,0.01343578844707789,0.022319583881271064,0.011491127339907594
66,11.12.2013,2013-12-11,2,2013,True,0.0087438992205671,0.013367735047347559,0.022319583881271064,0.01143292381241867
66,12.12.2013,2013-12-12,2,2013,True,0.0086740900686525,0.013193873955398306,0.022319583881271064,0.011284226923143166
66,13.12.2013,2013-12-13,2,2013,True,0.0086718182839482,0.013285395569193219,0.022319583881271064,0.011311355209668415
66,16.12.2013,2013-12-16,2,2013,True,0.0085170615208493,0.01327758339488068,0.022319583881271064,0.011304703824833937
66,17.12.2013,2013-12-17,2,2013,True,0.0085229837077255,0.01336079274062724,0.022319583881271064,0.011426986317133589
66,19.12.2013,2013-12-19,2,2013,True,0.0085282729247904,0.013032957005023318,0.022319583881271064,0.01114660067402559
66,20.12.2013,2013-12-20,2,2013,True,0.0086929159324488,0.01264890744663422,0.022319583881271064,0.010818137450771714
66,23.12.2013,2013-12-23,2,2013,True,0.0087351589690435,0.012792502147313032,0.022319583881271064,0.010940948627602576
66,24.12.2013,2013-12-24,2,2013,True,0.0088872691949708,0.01271050043760795,0.022319583881271064,0.010870815632280208
66,26.12.2013,2013-12-26,2,2013,True,0.0089177373525015,0.012717067883312482,0.022319583881271064,0.010876432522958859
66,27.12.2013,2013-12-27,2,2013,True,0.0089624787175298,0.012397258805074684,0.022319583881271064,0.01060291177968694
66,30.12.2013,2013-12-30,2,2013,True,0.0091835212147998,0.012148374090019424,0.022319583881271064,0.010390049991566227
66,31.12.2013,2013-12-31,2,2013,True,0.009183864211943,0.01220639855946262,0.022319583881271064,0.010439676150077778
66,02.01.2014,2014-01-02,3,2014,True,0.0085501973681491,0.010629144820929418,0.02012930664733307,0.010376602702948549
66,03.01.2014,2014-01-03,3,2014,True,0.0084893333737022,0.011269021626912061,0.02012930664733307,0.010919795733856145
66,06.01.2014,2014-01-06,3,2014,True,0.0087124806984432,0.011311348977561995,0.02012930664733307,0.010960811363992908
66,07.01.2014,2014-01-07,3,2014,True,0.0086950268715376,0.01126051352345034,0.02012930664733307,0.010911551295699897
66,08.01.2014,2014-01-08,3,2014,True,0.0086913072614687,0.011198215855077376,0.02012930664733307,0.010919344959520247
66,09.01.2014,2014-01-09,3,2014,True,0.0086778162436978,0.011196714432833987,0.02012930664733307,0.010917880927426418
66,10.01.2014,2014-01-10,3,2014,True,0.0086363045270992,0.011220990203164955,0.02012930664733307,0.010941552154506913
66,13.01.2014,2014-01-13,3,2014,True,0.0086521172204404,0.011170803149990903,0.02012930664733307,0.010892614917253999
66,14.01.2014,2014-01-14,3,2014,True,0.0086426238149024,0.011183166317936886,0.02012930664733307,0.010904670203322937
66,15.01.2014,2014-01-15,3,2014,True,0.0087065817948847,0.011174486608231029,0.02012930664733307,0.010896206645765794
66,16.01.2014,2014-01-16,3,2014,True,0.0087519704261528,0.011209105279940576,0.02012930664733307,0.010929963203357559
66,17.01.2014,2014-01-17,3,2014,True,0.0089142688501384,0.011100730376076047,0.02012930664733307,0.010914011266903419
66,22.01.2014,2014-01-22,3,2014,True,0.0088599848044842,0.011042399450775573,0.02012930664733307,0.010847752782745357
66,23.01.2014,2014-01-23,3,2014,True,0.008885795911515,0.010755185248304405,0.02012930664733307,0.010487347212237475
66,24.01.2014,2014-01-24,3,2014,True,0.0088864810561444,0.010768274145094651,0.02012930664733307,0.010500110154213402
66,27.01.2014,2014-01-27,3,2014,True,0.008826669605942,0.010774124161462669,0.02012930664733307,0.010505814486722073
66,28.01.2014,2014-01-28,3,2014,True,0.0088476161519031,0.011331680968017547,0.02012930664733307,0.01052507197008684
66,29.01.2014,2014-01-29,3,2014,True,0.0088653056664293,0.011313927487983856,0.02012930664733307,0.010508582214012565
66,30.01.2014,2014-01-30,3,2014,True,0.0089506368771642,0.011328536951061114,0.02012930664733307,0.01052215174979163
66,31.01.2014,2014-01-31,3,2014,True,0.0087665702069782,0.010688534292473455,0.02012930664733307,0.010422356075433311
66,03.02.2014,2014-02-03,3,2014,True,0.0087573134471165,0.01082936554396647,0.02012930664733307,0.01055968018456235
66,04.02.2014,2014-02-04,3,2014,True,0.008768274071789,0.011825573249740784,0.02012930664733307,0.010284137197237586
66,05.02.2014,2014-02-05,3,2014,True,0.008799785711447,0.011288526522702702,0.02012930664733307,0.010247635036087322
66,06.02.2014,2014-02-06,3,2014,True,0.0087976155360387,0.010508805760927838,0.02012930664733307,0.010263149129061618
66,07.02.2014,2014-02-07,3,2014,True,0.0083797704775012,0.010099967359580613,0.02012930664733307,0.00984844631559333
66,10.02.2014,2014-02-10,3,2014,True,0.0083085066744357,0.01046140251431005,0.02012930664733307,0.01020088059495211
66,11.02.2014,2014-02-11,3,2014,True,0.0083955596624206,0.010470974909405269,0.02012930664733307,0.010210214607216765
66,12.02.2014,2014-02-12,3,2014,True,0.0084020538182667,0.010405162971466498,0.02012930664733307,0.010146041594112884
66,13.02.2014,2014-02-13,3,2014,True,0.0084545695177938,0.009800941645877585,0.02012930664733307,0.009556867285331143
66,14.02.2014,2014-02-14,3,2014,True,0.0084580075569798,0.009795914267438557,0.02012930664733307,0.009551965104472312
66,19.02.2014,2014-02-19,3,2014,True,0.0082311911573664,0.009730047711526814,0.02012930664733307,0.009487738833555259
66,20.02.2014,2014-02-20,3,2014,True,0.0082496467742066,0.009920237694726362,0.02012930664733307,0.009673192486286878
66,21.02.2014,2014-02-21,3,2014,True,0.0082375469343535,0.009580456225011429,0.02012930664733307,0.009419308787752996
66,24.02.2014,2014-02-24,3,2014,True,0.0081909233365716,0.009547153348733958,0.02012930664733307,0.009251287987504103
66,25.02.2014,2014-02-25,3,2014,True,0.0081166054141002,0.009470548136671307,0.02012930664733307,0.009177056763572899
66,26.02.2014,2014-02-26,3,2014,True,0.0081427690605105,0.009479697244681859,0.02012930664733307,0.009243622882975727
66,27.02.2014,2014-02-27,3,2014,True,0.0081184634851018,0.009358644787267124,0.02012930664733307,0.009125585013567288
66,28.02.2014,2014-02-28,3,2014,True,0.0081311365340627,0.009236886118042813,0.02012930664733307,0.009006858519250826
66,03.03.2014,2014-03-03,3,2014,True,0.0077753500526064,0.009237665277327068,0.02012930664733307,0.009007618275011323
66,04.03.2014,2014-03-04,3,2014,True,0.0074854161729662,0.010021313547272764,0.02012930664733307,0.009111326566655331
66,05.03.2014,2014-03-05,3,2014,True,0.0074362495354142,0.009580424664511476,0.02012930664733307,0.009283528228415477
66,06.03.2014,2014-03-06,3,2014,True,0.0074488493600894,0.009454263135615874,0.02012930664733307,0.009161276433129103
66,07.03.2014,2014-03-07,3,2014,True,0.0073950078280064,0.009392405353702758,0.02012930664733307,0.009101335617909836
66,10.03.2014,2014-03-10,3,2014,True,0.0080498739815002,0.009457174992483932,0.02012930664733307,0.009164098051833738
66,11.03.2014,2014-03-11,3,2014,True,0.0080443653694608,0.009513979444780074,0.02012930664733307,0.009219142139633348
66,12.03.2014,2014-03-12,3,2014,True,0.0080198744393588,0.009991819118755643,0.02012930664733307,0.009222652035795203
66,13.03.2014,2014-03-13,3,2014,True,0.0079792359977337,0.009972601981901264,0.02012930664733307,0.009067038262773901
66,14.03.2014,2014-03-14,3,2014,True,0.0079185751324539,0.009603428522800972,0.02012930664733307,0.008864159625365024
66,17.03.2014,2014-03-17,3,2014,True,0.0079540296301711,0.010203634872463873,0.02012930664733307,0.008873614726561903
66,18.03.2014,2014-03-18,3,2014,True,0.0076710840489486,0.009124260135340467,0.02012930664733307,0.008841500193995683
66,19.03.2014,2014-03-19,3,2014,True,0.0076226729401735,0.009293681669320228,0.02012930664733307,0.0090056713709821
66,20.03.2014,2014-03-20,3,2014,True,0.0076053926053931,0.009316595766813068,0.02012930664733307,0.009027875362804243
66,21.03.2014,2014-03-21,3,2014,True,0.007619811188821,0.009012298470583371,0.02012930664733307,0.008733008210428075
66,24.03.2014,2014-03-24,3,2014,True,0.0076784176563288,0.009033005687826983,0.02012930664733307,0.008753073713007004
66,25.03.2014,2014-03-25,3,2014,True,0.0076777686720965,0.009023537786023609,0.02012930664733307,0.008743899220567116
66,26.03.2014,2014-03-26,3,2014,True,0.0077607151027174,0.00895149606822455,0.02012930664733307,0.008674090068652532
66,27.03.2014,2014-03-27,3,2014,True,0.0077168120312775,0.008949151629593253,0.02012930664733307,0.008671818283948243
66,28.03.2014,2014-03-28,3,2014,True,0.007811471270171,0.008789445591790268,0.02012930664733307,0.00851706152084937
66,31.03.2014,2014-03-31,3,2014,True,0.007807315238361,0.008795557176073733,0.02012930664733307,0.008522983707725496
66,01.04.2014,2014-04-01,3,2014,True,0.0074342189559252,0.008801015547543948,0.02012930664733307,0.008528272924790439
66,02.04.2014,2014-04-02,3,2014,True,0.0075200100573031,0.008970924001808336,0.02012930664733307,0.008692915932448838
66,03.04.2014,2014-04-03,3,2014,True,0.0074040652542784,0.009014518012591526,0.02012930664733307,0.008735158969043524
66,04.04.2014,2014-04-04,3,2014,True,0.0073887341468863,0.009096094289251374,0.02012930664733307,0.008887269194970855
66,07.04.2014,2014-04-07,3,2014,True,0.0076755522688239,0.009127278360267891,0.02012930664733307,0.00891773735250154
66,08.04.2014,2014-04-08,3,2014,True,0.0073780682461032,0.00924910767199092,0.02012930664733307,0.00896247871752982
66,09.04.2014,2014-04-09,3,2014,True,0.0074491762936247,0.009477219327457164,0.02012930664733307,0.009183521214799897
66,10.04.2014,2014-04-10,3,2014,True,0.0074294299641605,0.009477573293988998,0.02012930664733307,0.009183864211943057
66,11.04.2014,2014-04-11,3,2014,True,0.0074300158008535,0.008823641156336394,0.02012930664733307,0.008550197368149177
66,14.04.2014,2014-04-14,3,2014,True,0.0073086460499621,0.00876083067100875,0.02012930664733307,0.008489333373702288
66,15.04.2014,2014-04-15,3,2014,True,0.0073196548439941,0.008991114468415088,0.02012930664733307,0.008712480698443291
66,16.04.2014,2014-04-16,3,2014,True,0.007329049337665,0.008973102450821885,0.02012930664733307,0.00869502687153762
66,17.04.2014,2014-04-17,3,2014,True,0.0073263879841619,0.008969263883935506,0.02012930664733307,0.00869130726146873
66,21.04.2014,2014-04-21,3,2014,True,0.0073862368618005,0.008955341410041767,0.02012930664733307,0.008677816243697806
66,22.04.2014,2014-04-22,3,2014,True,0.0075115343661248,0.008839232678316614,0.02012930664733307,0.008636304527099216
66,23.04.2014,2014-04-23,3,2014,True,0.0075660741178691,0.00892882050654359,0.02012930664733307,0.008652117220440474
66,24.04.2014,2014-04-24,3,2014,True,0.0074355027020738,0.008919023492485054,0.02012930664733307,0.00864262381490246
66,25.04.2014,2014-04-25,3,2014,True,0.0075152844331641,0.008985026912072763,0.02012930664733307,0.008706581794884727
66,28.04.2014,2014-04-28,3,2014,True,0.007357804209757,0.009031867116765492,0.02012930664733307,0.008751970426152868
66,29.04.2014,2014-04-29,3,2014,True,0.0074053273273251,0.009199356005246871,0.02012930664733307,0.00891426885013845
66,30.04.2014,2014-04-30,3,2014,True,0.0073766060232324,0.009143335901997405,0.02012930664733307,0.008859984804484229
66,01.05.2014,2014-05-01,3,2014,True,0.0074242774801304,0.009104393104169106,0.02012930664733307,0.008885795911515008
66,02.05.2014,2014-05-02,3,2014,True,0.0073546972088866,0.009105095103866333,0.02012930664733307,0.008886481056144434
66,05.05.2014,2014-05-05,3,2014,True,0.0073705964389647,0.00896946125848732,0.02012930664733307,0.008826669605942063
66,06.05.2014,2014-05-06,3,2014,True,0.0073491550550087,0.009065274094055558,0.02012930664733307,0.008847616151903102
66,07.05.2014,2014-05-07,3,2014,True,0.0072451028538231,0.009008722345986072,0.02012930664733307,0.008865305666429369
66,08.05.2014,2014-05-08,3,2014,True,0.0074919515207926,0.009095433985029553,0.02012930664733307,0.00895063687716427
66,09.05.2014,2014-05-09,3,2014,True,0.0076570793024175,0.008915706055018438,0.02012930664733307,0.008766570206978212
66,12.05.2014,2014-05-12,3,2014,True,0.0080705719575139,0.00890629182026075,0.02012930664733307,0.008757313447116574
66,13.05.2014,2014-05-13,3,2014,True,0.007999734664223,0.008917438905774483,0.02012930664733307,0.008768274071789067
66,14.05.2014,2014-05-14,3,2014,True,0.0079120523324505,0.008949486617692497,0.02012930664733307,0.008799785711447055
66,15.05.2014,2014-05-15,3,2014,True,0.0079007370108833,0.008947279523518634,0.02012930664733307,0.008797615536038715
66,16.05.2014,2014-05-16,3,2014,True,0.0079661677201205,0.008522326134621276,0.02012930664733307,0.008379770477501252
66,19.05.2014,2014-05-19,3,2014,True,0.0079157272477792,0.008449850000227393,0.02012930664733307,0.008308506674435792
66,20.05.2014,2014-05-20,3,2014,True,0.0079058659429942,0.008538383923273678,0.02012930664733307,0.008395559662420697
66,21.05.2014,2014-05-21,3,2014,True,0.0078492081165672,0.008544988556925375,0.02012930664733307,0.00840205381826676
66,22.05.2014,2014-05-22,3,2014,True,0.0078489706833275,0.008598397647276825,0.02012930664733307,0.008454569517793806
66,23.05.2014,2014-05-23,3,2014,True,0.0078519970914653,0.008601894173975938,0.02012930664733307,0.008458007556979844
66,27.05.2014,2014-05-27,3,2014,True,0.0078411798381642,0.008371219200791922,0.02012930664733307,0.008231191157366464
66,28.05.2014,2014-05-28,3,2014,True,0.0079046494037652,0.008389988782387229,0.02012930664733307,0.008249646774206618
66,29.05.2014,2014-05-29,3,2014,True,0.0085710263689305,0.008377683101499979,0.02012930664733307,0.008237546934353551
66,30.05.2014,2014-05-30,3,2014,True,0.0091057513970178,0.008330266348626653,0.02012930664733307,0.008190923336571638
66,02.06.2014,2014-06-02,3,2014,True,0.0091467182293927,0.008061208856080936,0.02012930664733307,0.008116605414100274
66,03.06.2014,2014-06-03,3,2014,True,0.0092120642181957,0.008087193933264023,0.02012930664733307,0.008142769060510572
66,04.06.2014,2014-06-04,3,2014,True,0.0092268254189253,0.008000195394317086,0.02012930664733307,0.008118463485101831
66,05.06.2014,2014-06-05,3,2014,True,0.0092763375114438,0.00801268382493143,0.02012930664733307,0.008131136534062711
66,06.06.2014,2014-06-06,3,2014,True,0.0093569290366719,0.007662080367081326,0.02012930664733307,0.007775350052606469
66,09.06.2014,2014-06-09,3,2014,True,0.0091915258540284,0.007376370184013951,0.02012930664733307,0.007485416172966239
66,10.06.2014,2014-06-10,3,2014,True,0.0092418674118237,0.00738549646712797,0.02012930664733307,0.007436249535414279
66,11.06.2014,2014-06-11,3,2014,True,0.0092205915000346,0.007398010296872639,0.02012930664733307,0.007448849360089469
66,12.06.2014,2014-06-12,3,2014,True,0.0084560676856863,0.007344536238062442,0.02012930664733307,0.007395007828006429
66,13.06.2014,2014-06-13,3,2014,True,0.0090293381765026,0.008139690552398817,0.02012930664733307,0.008049873981500226
66,16.06.2014,2014-06-16,3,2014,True,0.009127370838736,0.008450124705005228,0.02012930664733307,0.008044365369460835
66,17.06.2014,2014-06-17,3,2014,True,0.0091840024823176,0.008424398447681235,0.02012930664733307,0.008019874439358895
66,18.06.2014,2014-06-18,3,2014,True,0.009234266176352,0.007983910189887337,0.02012930664733307,0.00797923599773378
66,19.06.2014,2014-06-19,3,2014,True,0.0091598136594428,0.00792321378980938,0.02012930664733307,0.007918575132453967
66,20.06.2014,2014-06-20,3,2014,True,0.0091706589841375,0.00795868905657455,0.02012930664733307,0.007954029630171187
66,23.06.2014,2014-06-23,3,2014,True,0.0091679811639828,0.0076755777274012,0.02012930664733307,0.0076710840489486445
66,24.06.2014,2014-06-24,3,2014,True,0.0091481278011446,0.007627138259667295,0.02012930664733307,0.007622672940173523
66,25.06.2014,2014-06-25,3,2014,True,0.0091632447861527,0.0076098478021627124,0.02012930664733307,0.007605392605393129
66,26.06.2014,2014-06-26,3,2014,True,0.0096120132326683,0.007624274831916819,0.02012930664733307,0.007619811188821103
66,27.06.2014,2014-06-27,3,2014,True,0.0096075167025095,0.0076829156307679225,0.02012930664733307,0.007678417656328874
66,30.06.2014,2014-06-30,3,2014,True,0.0096037649421829,0.007682266266364278,0.02012930664733307,0.00767776867209659
66,01.07.2014,2014-07-01,3,2014,True,0.0096653712147886,0.007681031065447817,0.02012930664733307,0.007760715102717428
66,02.07.2014,2014-07-02,3,2014,True,0.0096828557194115,0.007574789469171051,0.02012930664733307,0.0077168120312775205
66,03.07.2014,2014-07-03,3,2014,True,0.0096991083317173,0.007674003810160092,0.02012930664733307,0.007811471270171066
66,07.07.2014,2014-07-07,3,2014,True,0.0097069965061784,0.007669920916830256,0.02012930664733307,0.007807315238361053
66,08.07.2014,2014-07-08,3,2014,True,0.0097530138721789,0.007357887255493839,0.02012930664733307,0.007434218955925282
66,09.07.2014,2014-07-09,3,2014,True,0.0097613709918068,0.007404002049599056,0.02012930664733307,0.007520010057303129
66,10.07.2014,2014-07-10,3,2014,True,0.0098381532711632,0.007289845877905976,0.02012930664733307,0.0074040652542784365
66,11.07.2014,2014-07-11,3,2014,True,0.0109104283873064,0.0072747512770093645,0.02012930664733307,0.007388734146886369
66,14.07.2014,2014-07-14,3,2014,True,0.0109708635413173,0.007596742650772132,0.02012930664733307,0.007675552268823907
66,15.07.2014,2014-07-15,3,2014,True,0.0110470662762601,0.007302313079560079,0.02012930664733307,0.007378068246103219
66,16.07.2014,2014-07-16,3,2014,True,0.011057349664916,0.007372691017003631,0.02012930664733307,0.007449176293624757
66,17.07.2014,2014-07-17,3,2014,True,0.0111694690761693,0.007353147435254347,0.02012930664733307,0.007429429964160587
66,18.07.2014,2014-07-18,3,2014,True,0.0111218606537114,0.00735372725680148,0.02012930664733307,0.007430015800853522
66,21.07.2014,2014-07-21,3,2014,True,0.011221259152083,0.007233603683823495,0.02012930664733307,0.007308646049962107
66,22.07.2014,2014-07-22,3,2014,True,0.0117516108539781,0.007244499443793265,0.02012930664733307,0.007319654843994115
66,23.07.2014,2014-07-23,3,2014,True,0.0117032623228626,0.007253797478417035,0.02012930664733307,0.007329049337665009
66,24.07.2014,2014-07-24,3,2014,True,0.0116831167021515,0.007251163450667991,0.02012930664733307,0.00732638798416197
66,25.07.2014,2014-07-25,3,2014,True,0.0115422112663177,0.0073103978230537525,0.02012930664733307,0.007386236861800555
66,28.07.2014,2014-07-28,3,2014,True,0.0116984315764428,0.007434408820803275,0.02012930664733307,0.0075115343661248226
66,29.07.2014,2014-07-29,3,2014,True,0.0117150800485494,0.007488388579357102,0.02012930664733307,0.007566074117869115
66,30.07.2014,2014-07-30,3,2014,True,0.0116739993571259,0.0073591578206307585,0.02012930664733307,0.00743550270207382
66,31.07.2014,2014-07-31,3,2014,True,0.0117301599361153,0.007438120383596782,0.02012930664733307,0.007515284433164107
66,01.08.2014,2014-08-01,3,2014,True,0.0119490698585965,0.008136658346979075,0.02012930664733307,0.007357804209757053
66,04.08.2014,2014-08-04,3,2014,True,0.0119138052377862,0.008189211983935319,0.02012930664733307,0.007405327327325121
66,05.08.2014,2014-08-05,3,2014,True,0.0119073005044984,0.008157450410506724,0.02012930664733307,0.007376606023232491
66,06.08.2014,2014-08-06,3,2014,True,0.0119629528291156,0.008210168089127069,0.02012930664733307,0.007424277480130445
66,07.08.2014,2014-08-07,3,2014,True,0.0119281640509788,0.008110827677144418,0.02012930664733307,0.007354697208886605
66,08.08.2014,2014-08-08,3,2014,True,0.011940567178082,0.007848041687136122,0.02012930664733307,0.0073705964389647214
66,11.08.2014,2014-08-11,3,2014,True,0.0120329294724598,0.007825211394294809,0.02012930664733307,0.007349155055008705
66,12.08.2014,2014-08-12,3,2014,True,0.0124020815132382,0.007170712924778635,0.02012930664733307,0.007245102853823197
66,13.08.2014,2014-08-13,3,2014,True,0.0122347026673923,0.0074150270445938245,0.02012930664733307,0.0074919515207926635
66,14.08.2014,2014-08-14,3,2014,True,0.012398643384981,0.007578459357678669,0.02012930664733307,0.007657079302417597
66,15.08.2014,2014-08-15,3,2014,True,0.0124201954387206,0.00794607066473782,0.02012930664733307,0.008070571957513926
66,18.08.2014,2014-08-18,3,2014,True,0.0124203656712407,0.008268765848704384,0.02012930664733307,0.007999734664223084
66,19.08.2014,2014-08-19,3,2014,True,0.0126461288287575,0.008866587160863698,0.02012930664733307,0.007912052332450539
66,20.08.2014,2014-08-20,3,2014,True,0.0127428865051737,0.008829527162732618,0.02012930664733307,0.007900737010883396
66,21.08.2014,2014-08-21,3,2014,True,0.0127255584122017,0.007989814735501291,0.02012930664733307,0.007966167720120584
66,22.08.2014,2014-08-22,3,2014,True,0.0128294067079291,0.007939224534122453,0.02012930664733307,0.007915727247779242
66,25.08.2014,2014-08-25,3,2014,True,0.0128009309161606,0.007970881039906355,0.02012930664733307,0.007905865942994274
66,26.08.2014,2014-08-26,3,2014,True,0.0176374921907656,0.007913757279184103,0.02012930664733307,0.007849208116567209
66,27.08.2014,2014-08-27,3,2014,True,0.0182645277716193,0.007913517893375872,0.02012930664733307,0.007848970683327513
66,28.08.2014,2014-08-28,3,2014,True,0.0184728422464634,0.007916569189643587,0.02012930664733307,0.00785199709146535
66,29.08.2014,2014-08-29,3,2014,True,0.0184075659966528,0.007905662979006705,0.02012930664733307,0.007841179838164295
66,02.09.2014,2014-09-02,3,2014,True,0.0181999425206685,0.00796965449628105,0.02012930664733307,0.007904649403765255
66,03.09.2014,2014-09-03,3,2014,True,0.0178256334382552,0.008632321931066526,0.02012930664733307,0.008571026368930531
66,04.09.2014,2014-09-04,3,2014,True,0.0183824335340453,0.009170871036898285,0.02012930664733307,0.009105751397017808
66,05.09.2014,2014-09-05,3,2014,True,0.0184858851412627,0.009715538972037878,0.02012930664733307,0.009146718229392795
66,08.09.2014,2014-09-08,3,2014,True,0.0189387913478701,0.009314116564401119,0.02012930664733307,0.009212064218195773
66,09.09.2014,2014-09-09,3,2014,True,0.0189348767500929,0.010490855078885447,0.02012930664733307,0.00922682541892539
66,10.09.2014,2014-09-10,3,2014,True,0.0191278845239833,0.010547150084337466,0.02012930664733307,0.00927633751144382
66,11.09.2014,2014-09-11,3,2014,True,0.0191187439922765,0.010638782251780497,0.02012930664733307,0.009356929036671945
66,12.09.2014,2014-09-12,3,2014,True,0.0191795525871142,0.010523671274130682,0.02012930664733307,0.009191525854028429
66,15.09.2014,2014-09-15,3,2014,True,0.0191928475826777,0.010188264976946805,0.02012930664733307,0.0092418674118237
66,16.09.2014,2014-09-16,3,2014,True,0.0191734241613866,0.010556949459798336,0.02012930664733307,0.00922059150003462
66,17.09.2014,2014-09-17,3,2014,True,0.0194968657675095,0.00866498939333995,0.02012930664733307,0.008456067685686318
66,18.09.2014,2014-09-18,3,2014,True,0.0195573966800078,0.009611873415060356,0.02012930664733307,0.009029338176502671
66,19.09.2014,2014-09-19,3,2014,True,0.019906898138676,0.009352878246303806,0.02012930664733307,0.009127370838736038
66,22.09.2014,2014-09-22,3,2014,True,0.0199926071587382,0.00941090907212052,0.02012930664733307,0.009184002482317688
66,23.09.2014,2014-09-23,3,2014,True,0.0199918329623006,0.010543494003637232,0.02012930664733307,0.009234266176352065
66,24.09.2014,2014-09-24,3,2014,True,0.0201040496456091,0.010487362970536688,0.02012930664733307,0.00915981365944283
66,25.09.2014,2014-09-25,3,2014,True,0.0201029758302215,0.010015470400030816,0.02012930664733307,0.009170658984137504
66,26.09.2014,2014-09-26,3,2014,True,0.0200806556856455,0.010106812534749711,0.02012930664733307,0.009167981163982866
66,29.09.2014,2014-09-29,3,2014,True,0.0200649526226728,0.009374148045197789,0.02012930664733307,0.009148127801144636
66,30.09.2014,2014-09-30,3,2014,True,0.0209576043441575,0.01000737319779215,0.02012930664733307,0.009163244786152738
66,01.10.2014,2014-10-01,3,2014,True,0.0212714420728314,0.010507182244475445,0.02012930664733307,0.009612013232668339
66,02.10.2014,2014-10-02,3,2014,True,0.0213082105177882,0.010502266951424727,0.02012930664733307,0.009607516702509571
66,03.10.2014,2014-10-03,3,2014,True,0.0213155002717451,0.010498165788792622,0.02012930664733307,0.009603764942182978
66,06.10.2014,2014-10-06,3,2014,True,0.0212622009458273,0.010565509467791171,0.02012930664733307,0.00966537121478865
66,07.10.2014,2014-10-07,3,2014,True,0.021989213612452,0.010584622308366808,0.02012930664733307,0.009682855719411522
66,08.10.2014,2014-10-08,3,2014,True,0.0220084938706008,0.010602388530209512,0.02012930664733307,0.009699108331717395
66,09.10.2014,2014-10-09,3,2014,True,0.0229916498117501,0.01061101133217958,0.02012930664733307,0.009706996506178492
66,10.10.2014,2014-10-10,3,2014,True,0.0229948394104954,0.010661314306101176,0.02012930664733307,0.009753013872178893
66,13.10.2014,2014-10-13,3,2014,True,0.023019055649402,0.0106704497262098,0.02012930664733307,0.009761370991806873
66,14.10.2014,2014-10-14,3,2014,True,0.0226803494557387,0.010817398434115642,0.02012930664733307,0.00983815327116327
66,15.10.2014,2014-10-15,3,2014,True,0.0229659219346247,0.011996402952809963,0.02012930664733307,0.010910428387306487
66,16.10.2014,2014-10-16,3,2014,True,0.0228766060862787,0.012062853547992166,0.02012930664733307,0.01097086354131734
66,17.10.2014,2014-10-17,3,2014,True,0.0229132570369753,0.012146641157610072,0.02012930664733307,0.01104706627626012
66,20.10.2014,2014-10-20,3,2014,True,0.022803310388418,0.012676871671946494,0.02012930664733307,0.01105734966491607
66,21.10.2014,2014-10-21,3,2014,True,0.0231767886726217,0.012770153156715971,0.02012930664733307,0.011169469076169364
66,22.10.2014,2014-10-22,3,2014,True,0.023219363840679,0.011909238740467091,0.02012930664733307,0.011121860653711397
66,23.10.2014,2014-10-23,3,2014,True,0.0230132623610566,0.012864788270190943,0.02012930664733307,0.011221259152083054
66,24.10.2014,2014-10-24,3,2014,True,0.025242891190252,0.013472818283680977,0.02012930664733307,0.01175161085397818
66,27.10.2014,2014-10-27,3,2014,True,0.0257162497057161,0.013417388353087062,0.02012930664733307,0.01170326232286263
66,28.10.2014,2014-10-28,3,2014,True,0.026838065617322,0.013394292090759671,0.02012930664733307,0.01168311670215151
66,29.10.2014,2014-10-29,3,2014,True,0.0277604912502215,0.012547286405441,0.02012930664733307,0.011542211266317708
66,30.10.2014,2014-10-30,3,2014,True,0.0284507456010065,0.012526628310739122,0.02012930664733307,0.01169843157644285
66,31.10.2014,2014-10-31,3,2014,True,0.0286566358158633,0.012735208292432538,0.02012930664733307,0.011715080048549445
66,03.11.2014,2014-11-03,3,2014,True,0.0287055144422088,0.012261940514991484,0.02012930664733307,0.011673999357125976
66,04.11.2014,2014-11-04,3,2014,True,0.028825142850588,0.012436927757049465,0.02012930664733307,0.011730159936115332
66,05.11.2014,2014-11-05,3,2014,True,0.0289867987329901,0.013200074430490122,0.02012930664733307,0.011949069858596504
66,06.11.2014,2014-11-06,3,2014,True,0.0296053578303271,0.012513823811696193,0.02012930664733307,0.011913805237786259
66,07.11.2014,2014-11-07,3,2014,True,0.0296026928902472,0.012319655296122684,0.02012930664733307,0.01190730050449846
66,10.11.2014,2014-11-10,3,2014,True,0.0316533279660265,0.011914370760129567,0.02012930664733307,0.011962952829115634
66,11.11.2014,2014-11-11,3,2014,True,0.0318418426489361,0.012341241355934977,0.02012930664733307,0.01192816405097885
66,12.11.2014,2014-11-12,3,2014,True,0.0318102537260076,0.012354074008512066,0.02012930664733307,0.011940567178082034
66,13.11.2014,2014-11-13,3,2014,True,0.0316387511607961,0.012449634847735343,0.02012930664733307,0.012032929472459843
66,14.11.2014,2014-11-14,3,2014,True,0.0317176444457306,0.013026691292780928,0.02012930664733307,0.012402081513238258
66,17.11.2014,2014-11-17,3,2014,True,0.0315731651496162,0.01283692494419775,0.02012930664733307,0.012234702667392391
66,18.11.2014,2014-11-18,3,2014,True,0.0322529398563433,0.01307659221078787,0.02012930664733307,0.012398643384981098
66,19.11.2014,2014-11-19,3,2014,True,0.03236954873146,0.01297714486310795,0.02012930664733307,0.012420195438720624
66,20.11.2014,2014-11-20,3,2014,True,0.0327600445347716,0.012782945065422789,0.02012930664733307,0.012420365671240769
66,21.11.2014,2014-11-21,3,2014,True,0.0331807482083364,0.013213209613166731,0.02012930664733307,0.012646128828757593
66,24.11.2014,2014-11-24,3,2014,True,0.033369024423976,0.013270727027853027,0.02012930664733307,0.012742886505173728
66,25.11.2014,2014-11-25,3,2014,True,0.0333326069648286,0.013938194385118204,0.02012930664733307,0.012725558412201786
66,26.11.2014,2014-11-26,3,2014,True,0.0333313294757947,0.014051938527852486,0.02012930664733307,0.012829406707929127
66,28.11.2014,2014-11-28,3,2014,True,0.0309721235131389,0.01333117577573975,0.02012930664733307,0.01280093091616068
66,01.12.2014,2014-12-01,3,2014,True,0.0307186228672327,0.019613055113413567,0.02012930664733307,0.01763749219076564
66,02.12.2014,2014-12-02,3,2014,True,0.0308545476189394,0.020867739783330563,0.02012930664733307,0.018264527771619337
66,03.12.2014,2014-12-03,3,2014,True,0.0309823643720561,0.021105744965205675,0.02012930664733307,0.018472842246463412
66,04.12.2014,2014-12-04,3,2014,True,0.0309884161766688,0.019900250395065253,0.02012930664733307,0.018407565996652886
66,05.12.2014,2014-12-05,3,2014,True,0.0313743643374177,0.019381078307218264,0.02012930664733307,0.018199942520668574
66,08.12.2014,2014-12-08,3,2014,True,0.0310882589982814,0.01808412676391748,0.02012930664733307,0.017825633438255276
66,09.12.2014,2014-12-09,3,2014,True,0.0310482627625179,0.021024153651268095,0.02012930664733307,0.018382433534045388
66,10.12.2014,2014-12-10,3,2014,True,0.0312832037759954,0.020211528070050003,0.02012930664733307,0.018485885141262703
66,11.12.2014,2014-12-11,3,2014,True,0.0314211071416783,0.021811327742889384,0.02012930664733307,0.01893879134787019
66,12.12.2014,2014-12-12,3,2014,True,0.0313224065462117,0.021720451650615674,0.02012930664733307,0.018934876750092915
66,15.12.2014,2014-12-15,3,2014,True,0.0313279534616707,0.021941853462537162,0.02012930664733307,0.019127884523983372
66,16.12.2014,2014-12-16,3,2014,True,0.0312868035879561,0.02224445942065364,0.02012930664733307,0.019118743992276532
66,17.12.2014,2014-12-17,3,2014,True,0.0314477006588322,0.022774973337044983,0.02012930664733307,0.019179552587114197
66,18.12.2014,2014-12-18,3,2014,True,0.0319732670513119,0.02311693302132919,0.02012930664733307,0.019192847582677704
66,19.12.2014,2014-12-19,3,2014,True,0.032208786344193,0.02309353837251029,0.02012930664733307,0.019173424161386603
66,22.12.2014,2014-12-22,3,2014,True,0.0321155335908886,0.02204573815529951,0.02012930664733307,0.019496865767509513
66,23.12.2014,2014-12-23,3,2014,True,0.0320311663372123,0.02345922485585311,0.02012930664733307,0.019557396680007857
66,24.12.2014,2014-12-24,3,2014,True,0.032232720626332,0.023915642783968002,0.02012930664733307,0.01990689813867608
66,26.12.2014,2014-12-26,3,2014,True,0.0325292708458774,0.02401861142794712,0.02012930664733307,0.019992607158738213
66,29.12.2014,2014-12-29,3,2014,True,0.0331205130158338,0.024017681327972912,0.02012930664733307,0.01999183296230065
66,30.12.2014,2014-12-30,3,2014,True,0.0331839404101921,0.024152495606606938,0.02012930664733307,0.020104049645609103
66,31.12.2014,2014-12-31,3,2014,True,0.0340378089356181,0.022300636439377436,0.02012930664733307,0.020102975830221578
66,02.01.2015,2015-01-02,4,2015,True,0.0340581472157001,0.021812115668515635,0.018478281637670832,0.020080655685645505
66,05.01.2015,2015-01-05,4,2015,True,0.0333159004660666,0.023929491438223944,0.018478281637670832,0.020064952622672855
66,06.01.2015,2015-01-06,4,2015,True,0.0329410829449179,0.025648679513544437,0.018478281637670832,0.020957604344157534
66,07.01.2015,2015-01-07,4,2015,True,0.0329511389964762,0.026238389807572624,0.018478281637670832,0.021271442072831444
66,08.01.2015,2015-01-08,4,2015,True,0.0331459671839189,0.0233283380032087,0.018478281637670832,0.021308210517788216
66,09.01.2015,2015-01-09,4,2015,True,0.0330579224208657,0.023336318863174634,0.018478281637670832,0.021315500271745128
66,12.01.2015,2015-01-12,4,2015,True,0.0327425467479461,0.021929769951138958,0.018478281637670832,0.021262200945827328
66,13.01.2015,2015-01-13,4,2015,True,0.0326291807693366,0.024073903678950775,0.018478281637670832,0.021989213612452055
66,14.01.2015,2015-01-14,4,2015,True,0.0324124824200748,0.0240950118043144,0.018478281637670832,0.02200849387060084
66,15.01.2015,2015-01-15,4,2015,True,0.0322727751078471,0.025369408304111017,0.018478281637670832,0.022991649811750132
66,16.01.2015,2015-01-16,4,2015,True,0.0324664965305896,0.026972743275443956,0.018478281637670832,0.022994839410495495
66,20.01.2015,2015-01-20,4,2015,True,0.0324667815396575,0.025399648408279272,0.018478281637670832,0.023019055649402036
66,21.01.2015,2015-01-21,4,2015,True,0.032428947152528,0.026603849339681653,0.018478281637670832,0.022680349455738744
66,22.01.2015,2015-01-22,4,2015,True,0.0323897277257342,0.02566971958147999,0.018478281637670832,0.022965921934624697
66,23.01.2015,2015-01-23,4,2015,True,0.0324356245237419,0.025242466946348272,0.018478281637670832,0.022876606086278766
66,26.01.2015,2015-01-26,4,2015,True,0.032382002882932,0.0252829082778999,0.018478281637670832,0.022913257036975367
66,27.01.2015,2015-01-27,4,2015,True,0.0322574496725113,0.02516159112833663,0.018478281637670832,0.02280331038841808
66,28.01.2015,2015-01-28,4,2015,True,0.0320800112288826,0.023731184355608864,0.018478281637670832,0.023176788672621778
66,29.01.2015,2015-01-29,4,2015,True,0.0320916969161798,0.024136794392629723,0.018478281637670832,0.023219363840679064
66,30.01.2015,2015-01-30,4,2015,True,0.0308470079278711,0.023563746446001912,0.018478281637670832,0.023013262361056604
66,02.02.2015,2015-02-02,4,2015,True,0.0309661408431911,0.027853469351923957,0.018478281637670832,0.025242891190252022
66,03.02.2015,2015-02-03,4,2015,True,0.0302430957630606,0.02837578182411988,0.018478281637670832,0.025716249705716183
66,04.02.2015,2015-02-04,4,2015,True,0.0290228359519527,0.02961361408655431,0.018478281637670832,0.02683806561732209
66,05.02.2015,2015-02-05,4,2015,True,0.0287710752476118,0.03256281073877259,0.018478281637670832,0.02776049125022154
66,06.02.2015,2015-02-06,4,2015,True,0.0286754939628184,0.033372472988032996,0.018478281637670832,0.0284507456010066
66,09.02.2015,2015-02-09,4,2015,True,0.0286694041138898,0.0316202578147875,0.018478281637670832,0.02865663581586338
66,10.02.2015,2015-02-10,4,2015,True,0.0283302289542485,0.028942899505662794,0.018478281637670832,0.028705514442208827
66,11.02.2015,2015-02-11,4,2015,True,0.0280180161767771,0.031195134585234992,0.018478281637670832,0.028825142850588032
66,12.02.2015,2015-02-12,4,2015,True,0.0279416991834461,0.03198456563610728,0.018478281637670832,0.028986798732990173
66,13.02.2015,2015-02-13,4,2015,True,0.0279896606324833,0.030313526800854553,0.018478281637670832,0.029605357830327167
66,17.02.2015,2015-02-17,4,2015,True,0.0260973990099235,0.028268314474363412,0.018478281637670832,0.029602692890247254
66,18.02.2015,2015-02-18,4,2015,True,0.0258685076755924,0.03149972158999357,0.018478281637670832,0.03165332796602652
66,19.02.2015,2015-02-19,4,2015,True,0.0260659418159602,0.030406531756435935,0.018478281637670832,0.03184184264893613
66,20.02.2015,2015-02-20,4,2015,True,0.0262809810462541,0.03280637946108428,0.018478281637670832,0.03181025372600761
66,23.02.2015,2015-02-23,4,2015,True,0.0261449593478802,0.03262950635968314,0.018478281637670832,0.03163875116079616
66,24.02.2015,2015-02-24,4,2015,True,0.0267314370354432,0.037469536948054556,0.018478281637670832,0.03171764444573064
66,25.02.2015,2015-02-25,4,2015,True,0.0260955827400026,0.035325428589005975,0.018478281637670832,0.03157316514961626
66,26.02.2015,2015-02-26,4,2015,True,0.0259000450337384,0.03608599005775031,0.018478281637670832,0.03225293985634333
66,27.02.2015,2015-02-27,4,2015,True,0.0256279753430597,0.03338318857230992,0.018478281637670832,0.03236954873146001
66,02.03.2015,2015-03-02,4,2015,True,0.0251100867435839,0.03378591259996929,0.018478281637670832,0.0327600445347717
66,03.03.2015,2015-03-03,4,2015,True,0.0250546356520731,0.03168508447273528,0.018478281637670832,0.03318074820833642
66,04.03.2015,2015-03-04,4,2015,True,0.0250667149315775,0.03441396245777573,0.018478281637670832,0.03336902442397602
66,05.03.2015,2015-03-05,4,2015,True,0.0254084749192577,0.033629471363110536,0.018478281637670832,0.03333260696482868
66,06.03.2015,2015-03-06,4,2015,True,0.0253900770070024,0.03172504709176981,0.018478281637670832,0.03333132947579474
66,09.03.2015,2015-03-09,4,2015,True,0.0252792574131361,0.029479534493216154,0.018478281637670832,0.030972123513138917
66,10.03.2015,2015-03-10,4,2015,True,0.024948226472108,0.027072532051029524,0.018478281637670832,0.030718622867232773
66,11.03.2015,2015-03-11,4,2015,True,0.0249841040840761,0.02748899374153231,0.018478281637670832,0.03085454761893946
66,12.03.2015,2015-03-12,4,2015,True,0.024957384961175,0.027304969239811638,0.018478281637670832,0.030982364372056145
66,13.03.2015,2015-03-13,4,2015,True,0.0244238100139246,0.027310302736532854,0.018478281637670832,0.0309884161766688
66,16.03.2015,2015-03-16,4,2015,True,0.0242247988845232,0.029960125614638657,0.018478281637670832,0.03137436433741778
66,17.03.2015,2015-03-17,4,2015,True,0.024377315101947,0.029686916831590207,0.018478281637670832,0.03108825899828141
66,18.03.2015,2015-03-18,4,2015,True,0.0237844899939393,0.03425922287460617,0.018478281637670832,0.031048262762517993
66,19.03.2015,2015-03-19,4,2015,True,0.0235848656804479,0.029873074229567028,0.018478281637670832,0.03128320377599545
66,20.03.2015,2015-03-20,4,2015,True,0.0236198291508383,0.030004761428520536,0.018478281637670832,0.03142110714167836
66,23.03.2015,2015-03-23,4,2015,True,0.0236084766117174,0.02790581952950183,0.018478281637670832,0.03132240654621173
66,24.03.2015,2015-03-24,4,2015,True,0.0235192651310626,0.027609539263849285,0.018478281637670832,0.031327953461670714
66,25.03.2015,2015-03-25,4,2015,True,0.0235033499156651,0.027573273599211606,0.018478281637670832,0.03128680358795611
66,26.03.2015,2015-03-26,4,2015,True,0.0230041530419984,0.027715073286230074,0.018478281637670832,0.03144770065883228
66,27.03.2015,2015-03-27,4,2015,True,0.0224151182432306,0.02817825853600009,0.018478281637670832,0.03197326705131196
66,30.03.2015,2015-03-30,4,2015,True,0.0224107847036956,0.03075693500557162,0.018478281637670832,0.03220878634419308
66,31.03.2015,2015-03-31,4,2015,True,0.0251271765150925,0.030667885736784323,0.018478281637670832,0.0321155335908886
66,01.04.2015,2015-04-01,4,2015,True,0.0247512540132378,0.030587321442613464,0.018478281637670832,0.03203116633721231
66,02.04.2015,2015-04-02,4,2015,True,0.0242863861266635,0.028716838325184818,0.018478281637670832,0.032232720626332034
66,06.04.2015,2015-04-06,4,2015,True,0.0235147154238435,0.028668268476026514,0.018478281637670832,0.03252927084587741
66,07.04.2015,2015-04-07,4,2015,True,0.0234246020993827,0.02918933423685979,0.018478281637670832,0.03312051301583382
66,08.04.2015,2015-04-08,4,2015,True,0.022199232470776,0.029245233232530927,0.018478281637670832,0.03318394041019213
66,09.04.2015,2015-04-09,4,2015,True,0.0221316754728289,0.029997753393407673,0.018478281637670832,0.03403780893561818
66,10.04.2015,2015-04-10,4,2015,True,0.0221790615386108,0.030015677658494725,0.018478281637670832,0.034058147215700135
66,13.04.2015,2015-04-13,4,2015,True,0.0222018373256452,0.029361530530673478,0.018478281637670832,0.033315900466066674
66,14.04.2015,2015-04-14,4,2015,True,0.0221752266573191,0.02903120129038029,0.018478281637670832,0.03294108294491796
66,15.04.2015,2015-04-15,4,2015,True,0.0218829175015158,0.02888116302543958,0.018478281637670832,0.03295113899647625
66,16.04.2015,2015-04-16,4,2015,True,0.0219023755742543,0.029211767168970584,0.018478281637670832,0.033145967183918976
66,17.04.2015,2015-04-17,4,2015,True,0.0210622411266926,0.028974757043192287,0.018478281637670832,0.033057922420865755
66,20.04.2015,2015-04-20,4,2015,True,0.0211269433866214,0.02869833515001211,0.018478281637670832,0.03274254674794614
66,21.04.2015,2015-04-21,4,2015,True,0.0210188134327168,0.028278952272511752,0.018478281637670832,0.032629180769336665
66,22.04.2015,2015-04-22,4,2015,True,0.021094118646448,0.028091144851920085,0.018478281637670832,0.0324124824200748
66,23.04.2015,2015-04-23,4,2015,True,0.0206179824422517,0.026757240914292425,0.018478281637670832,0.03227277510784717
66,24.04.2015,2015-04-24,4,2015,True,0.0205910323609752,0.026917854644015297,0.018478281637670832,0.032466496530589604
66,27.04.2015,2015-04-27,4,2015,True,0.0205863920587295,0.026823424314797437,0.018478281637670832,0.03246678153965754
66,28.04.2015,2015-04-28,4,2015,True,0.0207037720866295,0.02679216627899778,0.018478281637670832,0.03242894715252799
66,29.04.2015,2015-04-29,4,2015,True,0.0214057588007392,0.026759763950328797,0.018478281637670832,0.03238972772573424
66,30.04.2015,2015-04-30,4,2015,True,0.0213507448028477,0.02679768299340201,0.018478281637670832,0.03243562452374193
66,01.05.2015,2015-05-01,4,2015,True,0.0213554150009354,0.02675338183524307,0.018478281637670832,0.032382002882932005
66,04.05.2015,2015-05-04,4,2015,True,0.0213520829449783,0.026650478391955893,0.018478281637670832,0.03225744967251136
66,05.05.2015,2015-05-05,4,2015,True,0.0212665827839009,0.026503882196167367,0.018478281637670832,0.03208001122888262
66,06.05.2015,2015-05-06,4,2015,True,0.021843812496646,0.026933451045814502,0.018478281637670832,0.032091696916179815
66,07.05.2015,2015-05-07,4,2015,True,0.0216911775849848,0.02588882663653388,0.018478281637670832,0.030847007927871106
66,08.05.2015,2015-05-08,4,2015,True,0.0217589355138203,0.02598881077109364,0.018478281637670832,0.03096614084319118
66,11.05.2015,2015-05-11,4,2015,True,0.0217632171116433,0.025381984048266335,0.018478281637670832,0.03024309576306065
66,12.05.2015,2015-05-12,4,2015,True,0.0213497285335557,0.024357862202310593,0.018478281637670832,0.029022835951952722
66,13.05.2015,2015-05-13,4,2015,True,0.0213520572926,0.02395028359007933,0.018478281637670832,0.028771075247611844
66,14.05.2015,2015-05-14,4,2015,True,0.0213513667185925,0.023870717607334314,0.018478281637670832,0.028675493962818408
66,15.05.2015,2015-05-15,4,2015,True,0.0216533194312699,0.02386564815450348,0.018478281637670832,0.02866940411388983
66,18.05.2015,2015-05-18,4,2015,True,0.0216669455521317,0.024128675542965394,0.018478281637670832,0.028330228954248575
66,19.05.2015,2015-05-19,4,2015,True,0.0215030206498972,0.023726298200298993,0.018478281637670832,0.028018016176777148
66,20.05.2015,2015-05-20,4,2015,True,0.0224821380947402,0.023661671221354555,0.018478281637670832,0.02794169918344615
66,21.05.2015,2015-05-21,4,2015,True,0.0223033513332353,0.023702286075553924,0.018478281637670832,0.027989660632483364
66,22.05.2015,2015-05-22,4,2015,True,0.0222670616953153,0.02192022784718278,0.018478281637670832,0.026097399009923576
66,26.05.2015,2015-05-26,4,2015,True,0.0255433334469231,0.021727973048194002,0.018478281637670832,0.025868507675592504
66,27.05.2015,2015-05-27,4,2015,True,0.0262862349488341,0.021893805717573378,0.018478281637670832,0.026065941815960284
66,28.05.2015,2015-05-28,4,2015,True,0.0281277747253349,0.022087908186417395,0.018478281637670832,0.026280981046254197
66,29.05.2015,2015-05-29,4,2015,True,0.0294144281186299,0.021794965995343134,0.018478281637670832,0.026144959347880258
66,01.06.2015,2015-06-01,4,2015,True,0.0295394518602199,0.022283865637044015,0.018478281637670832,0.026731437035443242
66,02.06.2015,2015-06-02,4,2015,True,0.0295083264616138,0.02175380465807202,0.018478281637670832,0.026095582740002655
66,03.06.2015,2015-06-03,4,2015,True,0.0294584441374869,0.021590800478102558,0.018478281637670832,0.025900045033738436
66,04.06.2015,2015-06-04,4,2015,True,0.0293018373499217,0.021363997690696985,0.018478281637670832,0.02562797534305979
66,05.06.2015,2015-06-05,4,2015,True,0.0294882887363352,0.021053188903839157,0.018478281637670832,0.025110086743583976
66,08.06.2015,2015-06-08,4,2015,True,0.0297325771605925,0.020886050148206426,0.018478281637670832,0.025054635652073123
66,09.06.2015,2015-06-09,4,2015,True,0.0293804963240315,0.02089611967948946,0.018478281637670832,0.02506671493157754
66,10.06.2015,2015-06-10,4,2015,True,0.0295775888442005,0.021181017705565894,0.018478281637670832,0.02540847491925778
66,11.06.2015,2015-06-11,4,2015,True,0.0296038303314116,0.0211656808344446,0.018478281637670832,0.025390077007002465
66,12.06.2015,2015-06-12,4,2015,True,0.0295557923098902,0.021073299383481278,0.018478281637670832,0.025279257413136143
66,15.06.2015,2015-06-15,4,2015,True,0.0302947878967863,0.020797345307320175,0.018478281637670832,0.024948226472108044
66,16.06.2015,2015-06-16,4,2015,True,0.0305090324886237,0.020827253609048052,0.018478281637670832,0.024984104084076173
66,17.06.2015,2015-06-17,4,2015,True,0.0306617731283916,0.020804980008721996,0.018478281637670832,0.024957384961175035
66,18.06.2015,2015-06-18,4,2015,True,0.0306493966479681,0.02036018115948484,0.018478281637670832,0.024423810013924643
66,19.06.2015,2015-06-19,4,2015,True,0.0307268196045197,0.020194281463857676,0.018478281637670832,0.024224798884523262
66,22.06.2015,2015-06-22,4,2015,True,0.0307473104353007,0.020321422062099224,0.018478281637670832,0.02437731510194708
66,23.06.2015,2015-06-23,4,2015,True,0.0306735901434748,0.019827231082557288,0.018478281637670832,0.0237844899939394
66,24.06.2015,2015-06-24,4,2015,True,0.0307653748899621,0.01973525420981831,0.018478281637670832,0.02358486568044798
66,25.06.2015,2015-06-25,4,2015,True,0.0308961603636032,0.019764510809603977,0.018478281637670832,0.02361982915083836
66,26.06.2015,2015-06-26,4,2015,True,0.0309019893756531,0.019851482962115603,0.018478281637670832,0.023608476611717458
66,29.06.2015,2015-06-29,4,2015,True,0.0308643292192406,0.02000720149082611,0.018478281637670832,0.023519265131062696
66,30.06.2015,2015-06-30,4,2015,True,0.0306944605149226,0.019877241721572778,0.018478281637670832,0.02350334991566517
66,01.07.2015,2015-07-01,4,2015,True,0.0307614292484358,0.019343329926865247,0.018478281637670832,0.023004153041998477
66,02.07.2015,2015-07-02,4,2015,True,0.0315289199658046,0.01996394966977053,0.018478281637670832,0.02241511824323062
66,06.07.2015,2015-07-06,4,2015,True,0.0294511968538792,0.01996009001735967,0.018478281637670832,0.0224107847036957
66,07.07.2015,2015-07-07,4,2015,True,0.0297437148122515,0.02536183559180615,0.018478281637670832,0.025127176515092546
66,08.07.2015,2015-07-08,4,2015,True,0.0297488507777173,0.024982402403935896,0.018478281637670832,0.024751254013237814
66,09.07.2015,2015-07-09,4,2015,True,0.0302458763394339,0.026975870804389946,0.018478281637670832,0.024286386126663544
66,10.07.2015,2015-07-10,4,2015,True,0.0302656681172266,0.026118744961366635,0.018478281637670832,0.023514715423843507
66,13.07.2015,2015-07-13,4,2015,True,0.0302258947268612,0.025354601384055157,0.018478281637670832,0.0234246020993828
66,14.07.2015,2015-07-14,4,2015,True,0.030186542465245,0.020792222556710056,0.018478281637670832,0.022199232470776074
66,15.07.2015,2015-07-15,4,2015,True,0.0300573947584119,0.019711502319676034,0.018478281637670832,0.022131675472828998
66,16.07.2015,2015-07-16,4,2015,True,0.030029173498255,0.020455812815038207,0.018478281637670832,0.022179061538610836
66,17.07.2015,2015-07-17,4,2015,True,0.0300326887077478,0.019773991737896467,0.018478281637670832,0.02220183732564526
66,20.07.2015,2015-07-20,4,2015,True,0.0300511173791195,0.019750291035657223,0.018478281637670832,0.02217522665731921
66,21.07.2015,2015-07-21,4,2015,True,0.0300422318694615,0.01948994686922692,0.018478281637670832,0.02188291750151589
66,22.07.2015,2015-07-22,4,2015,True,0.0299949247230807,0.01976030591254016,0.018478281637670832,0.02190237557425435
66,23.07.2015,2015-07-23,4,2015,True,0.0299637207077345,0.020287462683233323,0.018478281637670832,0.0210622411266927
66,24.07.2015,2015-07-24,4,2015,True,0.0299849364265338,0.02115713046216872,0.018478281637670832,0.021126943386621497
66,27.07.2015,2015-07-27,4,2015,True,0.0304886734511991,0.02104884600758564,0.018478281637670832,0.021018813432716894
66,28.07.2015,2015-07-28,4,2015,True,0.030491418294622,0.02354800559421537,0.018478281637670832,0.02109411864644807
66,29.07.2015,2015-07-29,4,2015,True,0.0305596883182614,0.021716506004762996,0.018478281637670832,0.020617982442251815
66,30.07.2015,2015-07-30,4,2015,True,0.0306120186293663,0.020620453704048927,0.018478281637670832,0.020591032360975245
66,31.07.2015,2015-07-31,4,2015,True,0.0308398495493165,0.018739775850120016,0.018478281637670832,0.020586392058729593
66,03.08.2015,2015-08-03,4,2015,True,0.0305332168982639,0.020733354517019707,0.018478281637670832,0.020703772086629546
66,04.08.2015,2015-08-04,4,2015,True,0.0305446174764228,0.022432931093579342,0.018478281637670832,0.021405758800739246
66,05.08.2015,2015-08-05,4,2015,True,0.030561856701699,0.022200347665314906,0.018478281637670832,0.021350744802847783
66,06.08.2015,2015-08-06,4,2015,True,0.0305660815919879,0.021385928526445486,0.018478281637670832,0.021355415000935508
66,07.08.2015,2015-08-07,4,2015,True,0.0304930408564782,0.022930200079257935,0.018478281637670832,0.02135208294497835
66,10.08.2015,2015-08-10,4,2015,True,0.0304351233292904,0.022112836616024263,0.018478281637670832,0.021266582783900975
66,11.08.2015,2015-08-11,4,2015,True,0.0306523415131945,0.022892440008649456,0.018478281637670832,0.02184381249664605
66,12.08.2015,2015-08-12,4,2015,True,0.0306368908269984,0.023478356596398083,0.018478281637670832,0.021691177584984907
66,13.08.2015,2015-08-13,4,2015,True,0.0306249808313081,0.023551697234968753,0.018478281637670832,0.02175893551382038
66,14.08.2015,2015-08-14,4,2015,True,0.0306245563784565,0.02417328498483493,0.018478281637670832,0.02176321711164334
66,17.08.2015,2015-08-17,4,2015,True,0.0306779806639137,0.021380233933999186,0.018478281637670832,0.021349728533555726
66,18.08.2015,2015-08-18,4,2015,True,0.0306773177519033,0.02030326441029208,0.018478281637670832,0.021352057292600035
66,19.08.2015,2015-08-19,4,2015,True,0.0304355711487405,0.01969242748077616,0.018478281637670832,0.021351366718592543
66,20.08.2015,2015-08-20,4,2015,True,0.0304111798416576,0.021684258615304198,0.018478281637670832,0.021653319431269944
66,21.08.2015,2015-08-21,4,2015,True,0.0304592018175053,0.021985288123306853,0.018478281637670832,0.021666945552131726
66,24.08.2015,2015-08-24,4,2015,True,0.0294209411946621,0.023697095159757722,0.018478281637670832,0.021503020649897307
66,25.08.2015,2015-08-25,4,2015,True,0.0296173412268171,0.024776117481355768,0.018478281637670832,0.022482138094740287
66,26.08.2015,2015-08-26,4,2015,True,0.0296258768692199,0.02471432094690407,0.018478281637670832,0.022303351333235407
66,27.08.2015,2015-08-27,4,2015,True,0.0270320356172518,0.02467410843600371,0.018478281637670832,0.022267061695315386
66,28.08.2015,2015-08-28,4,2015,True,0.02676688383301,0.030271860180606642,0.018478281637670832,0.025543333446923125
66,31.08.2015,2015-08-31,4,2015,True,0.0251395175423719,0.031152286004453977,0.018478281637670832,0.02628623494883419
66,01.09.2015,2015-09-01,4,2015,True,0.0228638489225899,0.03345237758853241,0.018478281637670832,0.02812777472533499
66,02.09.2015,2015-09-02,4,2015,True,0.0235902676106554,0.03656824332521696,0.018478281637670832,0.029414428118629918
66,03.09.2015,2015-09-03,4,2015,True,0.0235967115266828,0.036723673802581874,0.018478281637670832,0.02953945186021999
66,04.09.2015,2015-09-04,4,2015,True,0.0234910787471952,0.03574869872812592,0.018478281637670832,0.02950832646161387
66,08.09.2015,2015-09-08,4,2015,True,0.0235031251836198,0.034554494459821124,0.018478281637670832,0.029458444137486967
66,09.09.2015,2015-09-09,4,2015,True,0.0236691839373764,0.034370796082947075,0.018478281637670832,0.02930183734992179
66,10.09.2015,2015-09-10,4,2015,True,0.0233625567185314,0.03253791890825004,0.018478281637670832,0.029488288736335293
66,11.09.2015,2015-09-11,4,2015,True,0.0234173235577883,0.03280747123832173,0.018478281637670832,0.029732577160592525
66,14.09.2015,2015-09-14,4,2015,True,0.0233300418181617,0.03241897878249962,0.018478281637670832,0.029380496324031537
66,15.09.2015,2015-09-15,4,2015,True,0.0233066563988663,0.0326364542859452,0.018478281637670832,0.02957758884420059
66,16.09.2015,2015-09-16,4,2015,True,0.0233105849432703,0.03472503117958338,0.018478281637670832,0.029603830331411698
66,17.09.2015,2015-09-17,4,2015,True,0.0223013667569457,0.03261240359001601,0.018478281637670832,0.02955579230989028
66,18.09.2015,2015-09-18,4,2015,True,0.022011047037274,0.028929212432651157,0.018478281637670832,0.030294787896786343
66,21.09.2015,2015-09-21,4,2015,True,0.022110502926661,0.02913379968148513,0.018478281637670832,0.030509032488623793
66,22.09.2015,2015-09-22,4,2015,True,0.0222057608691584,0.030915335800969748,0.018478281637670832,0.030661773128391693
66,23.09.2015,2015-09-23,4,2015,True,0.0223283959705844,0.031860398511612535,0.018478281637670832,0.03064939664796812
66,24.09.2015,2015-09-24,4,2015,True,0.0226998229906942,0.03390453659551838,0.018478281637670832,0.03072681960451979
66,25.09.2015,2015-09-25,4,2015,True,0.0229845766706655,0.03327534202119806,0.018478281637670832,0.0307473104353008
66,28.09.2015,2015-09-28,4,2015,True,0.0230485765192542,0.030524738211478403,0.018478281637670832,0.030673590143474816
66,29.09.2015,2015-09-29,4,2015,True,0.0228820976418893,0.031980959221209804,0.018478281637670832,0.030765374889962185
66,30.09.2015,2015-09-30,4,2015,True,0.0229697186645861,0.03163520571489871,0.018478281637670832,0.03089616036360325
66,01.10.2015,2015-10-01,4,2015,True,0.0240172307049415,0.02902850233886074,0.018478281637670832,0.03090198937565319
66,02.10.2015,2015-10-02,4,2015,True,0.0239764086018126,0.028993125395156135,0.018478281637670832,0.030864329219240667
66,05.10.2015,2015-10-05,4,2015,True,0.0237125594662125,0.028833555277496356,0.018478281637670832,0.03069446051492267
66,06.10.2015,2015-10-06,4,2015,True,0.0235378929501561,0.028738351800604345,0.018478281637670832,0.030761429248435834
66,07.10.2015,2015-10-07,4,2015,True,0.0236016492542852,0.02945536719222707,0.018478281637670832,0.031528919965804605
66,08.10.2015,2015-10-08,4,2015,True,0.0230783765108105,0.02706824003589428,0.018478281637670832,0.029451196853879293
66,09.10.2015,2015-10-09,4,2015,True,0.0234112472920454,0.026151715962078624,0.018478281637670832,0.02974371481225155
66,12.10.2015,2015-10-12,4,2015,True,0.0226951987883015,0.02615623168282501,0.018478281637670832,0.02974885077771734
66,13.10.2015,2015-10-13,4,2015,True,0.0241893621322175,0.026593233967104304,0.018478281637670832,0.030245876339433965
66,14.10.2015,2015-10-14,4,2015,True,0.0243392658351754,0.026610635591430225,0.018478281637670832,0.0302656681172267
66,15.10.2015,2015-10-15,4,2015,True,0.0253151669630607,0.02657566543339008,0.018478281637670832,0.030225894726861272
66,16.10.2015,2015-10-16,4,2015,True,0.0283118356561609,0.024762201996884038,0.018478281637670832,0.030186542465245096
66,19.10.2015,2015-10-19,4,2015,True,0.0288996697449345,0.024514660011731724,0.018478281637670832,0.03005739475841193
66,20.10.2015,2015-10-20,4,2015,True,0.0294989007200457,0.024405506794443612,0.018478281637670832,0.030029173498255013
66,21.10.2015,2015-10-21,4,2015,True,0.030012110287781,0.02454935458929413,0.018478281637670832,0.030032688707747907
66,22.10.2015,2015-10-22,4,2015,True,0.0302006339068375,0.024564418574823877,0.018478281637670832,0.030051117379119585
66,23.10.2015,2015-10-23,4,2015,True,0.0304243990724586,0.024416119679517647,0.018478281637670832,0.030042231869461537
66,26.10.2015,2015-10-26,4,2015,True,0.0304219945780875,0.024377671905306077,0.018478281637670832,0.029994924723080796
66,27.10.2015,2015-10-27,4,2015,True,0.0311071378319609,0.02625249994090311,0.018478281637670832,0.02996372070773456
66,28.10.2015,2015-10-28,4,2015,True,0.0317766982514578,0.026271087941437378,0.018478281637670832,0.029984936426533826
66,29.10.2015,2015-10-29,4,2015,True,0.0318087348114456,0.02671243353864302,0.018478281637670832,0.03048867345119919
66,30.10.2015,2015-10-30,4,2015,True,0.0317119309730632,0.026714838413608312,0.018478281637670832,0.030491418294622073
66,02.11.2015,2015-11-02,4,2015,True,0.0318980222278706,0.024165863062922722,0.018478281637670832,0.030559688318261453
66,03.11.2015,2015-11-03,4,2015,True,0.0327858061650808,0.02420724460840943,0.018478281637670832,0.030612018629366376
66,04.11.2015,2015-11-04,4,2015,True,0.0326805195149032,0.024387407794489002,0.018478281637670832,0.030839849549316595
66,05.11.2015,2015-11-05,4,2015,True,0.0327551768611326,0.024144930103656932,0.018478281637670832,0.030533216898263923
66,06.11.2015,2015-11-06,4,2015,True,0.035494153288445,0.02415394540537587,0.018478281637670832,0.03054461747642281
66,09.11.2015,2015-11-09,4,2015,True,0.0356943971463081,0.024167577768147278,0.018478281637670832,0.030561856701699017
66,10.11.2015,2015-11-10,4,2015,True,0.0368610000064003,0.024170918709295486,0.018478281637670832,0.030566081591987978
66,11.11.2015,2015-11-11,4,2015,True,0.0366688940574101,0.024113159860646233,0.018478281637670832,0.03049304085647827
66,12.11.2015,2015-11-12,4,2015,True,0.0366518102671827,0.024067360079693362,0.018478281637670832,0.03043512332929043
66,13.11.2015,2015-11-13,4,2015,True,0.037240737562452,0.026130489648139372,0.018478281637670832,0.030652341513194566
66,16.11.2015,2015-11-16,4,2015,True,0.0375361227385768,0.02611731825646838,0.018478281637670832,0.03063689082699849
66,17.11.2015,2015-11-17,4,2015,True,0.0378209366587701,0.026107165230509127,0.018478281637670832,0.030624980831308164
66,18.11.2015,2015-11-18,4,2015,True,0.0379334710267679,0.02659093056255674,0.018478281637670832,0.030624556378456545
66,19.11.2015,2015-11-19,4,2015,True,0.037930423670695,0.03064158703047932,0.018478281637670832,0.030677980663913727
66,20.11.2015,2015-11-20,4,2015,True,0.0380469023968982,0.03064092490488894,0.018478281637670832,0.030677317751903375
66,23.11.2015,2015-11-23,4,2015,True,0.03803854194365,0.030399465088439864,0.018478281637670832,0.030435571148740535
66,24.11.2015,2015-11-24,4,2015,True,0.0380166775817104,0.03037510271703882,0.018478281637670832,0.030411179841657622
66,25.11.2015,2015-11-25,4,2015,True,0.0380229932989299,0.030590452290539378,0.018478281637670832,0.03045920181750531
66,27.11.2015,2015-11-27,4,2015,True,0.0383191998288883,0.03169639206004755,0.018478281637670832,0.02942094119466215
66,30.11.2015,2015-11-30,4,2015,True,0.0389208011866134,0.03190798190615762,0.018478281637670832,0.029617341226817192
66,01.12.2015,2015-12-01,4,2015,True,0.0390748359372964,0.031917177705377414,0.018478281637670832,0.029625876869219983
66,02.12.2015,2015-12-02,4,2015,True,0.0389573841709593,0.03138383601840252,0.018478281637670832,0.02703203561725184
66,03.12.2015,2015-12-03,4,2015,True,0.0388679961632487,0.03403331080293503,0.018478281637670832,0.026766883833010076
66,04.12.2015,2015-12-04,4,2015,True,0.0388207930789977,0.032645070592392474,0.018478281637670832,0.025139517542371932
66,07.12.2015,2015-12-07,4,2015,True,0.0383357880893447,0.024484832285489103,0.018478281637670832,0.02286384892258992
66,08.12.2015,2015-12-08,4,2015,True,0.0383887082680249,0.028854638655824164,0.018478281637670832,0.023590267610655424
66,09.12.2015,2015-12-09,4,2015,True,0.0387131425245688,0.03088271739340646,0.018478281637670832,0.023596711526682808
66,10.12.2015,2015-12-10,4,2015,True,0.0388626007173883,0.03146769059326017,0.018478281637670832,0.02349107874719528
66,11.12.2015,2015-12-11,4,2015,True,0.0384335541099739,0.03148382750796894,0.018478281637670832,0.023503125183619872
66,14.12.2015,2015-12-14,4,2015,True,0.0384425854236689,0.0314587747485464,0.018478281637670832,0.023669183937376485
66,15.12.2015,2015-12-15,4,2015,True,0.0384153978737625,0.031051235703899085,0.018478281637670832,0.023362556718531425
66,16.12.2015,2015-12-16,4,2015,True,0.0383987554563883,0.028419518826485413,0.018478281637670832,0.0234173235577884
66,17.12.2015,2015-12-17,4,2015,True,0.0383990930370038,0.02553536360572811,0.018478281637670832,0.02333004181816178
66,18.12.2015,2015-12-18,4,2015,True,0.0383874676771475,0.024959033581521812,0.018478281637670832,0.023306656398866313
66,21.12.2015,2015-12-21,4,2015,True,0.0385144725731599,0.02828997968178669,0.018478281637670832,0.023310584943270332
66,22.12.2015,2015-12-22,4,2015,True,0.0385029594027512,0.025497640383301826,0.018478281637670832,0.022301366756945714
66,23.12.2015,2015-12-23,4,2015,True,0.0382968038109472,0.024788260421930795,0.018478281637670832,0.02201104703727405
66,24.12.2015,2015-12-24,4,2015,True,0.0382613656691165,0.023678076151571616,0.018478281637670832,0.022110502926661092
66,28.12.2015,2015-12-28,4,2015,True,0.0385522670262739,0.02378008761752408,0.018478281637670832,0.02220576086915847
66,29.12.2015,2015-12-29,4,2015,True,0.0383614628772369,0.02391141720690754,0.018478281637670832,0.022328395970584454
66,30.12.2015,2015-12-30,4,2015,True,0.0385951621975186,0.02399790276612457,0.018478281637670832,0.022699822990694247
66,31.12.2015,2015-12-31,4,2015,True,0.0385320878290971,0.024614119295469094,0.018478281637670832,0.022984576670665523
66,04.01.2016,2016-01-04,5,2016,True,0.039251550191823,0.0229387753771398,0.019745741451135848,0.023048576519254283
66,05.01.2016,2016-01-05,5,2016,True,0.0392097043750951,0.027291923132431384,0.019745741451135848,0.02288209764188932
66,06.01.2016,2016-01-06,5,2016,True,0.0386728384930454,0.027064165824118483,0.019745741451135848,0.022969718664586136
66,07.01.2016,2016-01-07,5,2016,True,0.0386550974813686,0.029043846254805643,0.019745741451135848,0.02401723070494158
66,08.01.2016,2016-01-08,5,2016,True,0.038662828130272,0.02899448040985712,0.019745741451135848,0.023976408601812698
66,11.01.2016,2016-01-11,5,2016,True,0.0378833907339834,0.028675409746674603,0.019745741451135848,0.02371255946621258
66,12.01.2016,2016-01-12,5,2016,True,0.0377529154174112,0.02895241969300012,0.019745741451135848,0.02353789295015615
66,13.01.2016,2016-01-13,5,2016,True,0.0377273322714051,0.029030842144794292,0.019745741451135848,0.02360164925428524
66,14.01.2016,2016-01-14,5,2016,True,0.0378937592410505,0.02838719863281688,0.019745741451135848,0.02307837651081055
66,15.01.2016,2016-01-15,5,2016,True,0.0381170263824514,0.028311035328627644,0.019745741451135848,0.023411247292045405
66,19.01.2016,2016-01-19,5,2016,True,0.0367626151104466,0.0279158768257808,0.019745741451135848,0.022695198788301518
66,20.01.2016,2016-01-20,5,2016,True,0.0365518613464334,0.02975374924344192,0.019745741451135848,0.024189362132217503
66,21.01.2016,2016-01-21,5,2016,True,0.0362892676768417,0.029938135965344555,0.019745741451135848,0.02433926583517549
66,22.01.2016,2016-01-22,5,2016,True,0.034697995586761,0.03113852799250007,0.019745741451135848,0.025315166963060794
66,25.01.2016,2016-01-25,5,2016,True,0.0339343121914222,0.0339811330818277,0.019745741451135848,0.028311835656160928
66,26.01.2016,2016-01-26,5,2016,True,0.0336637804679298,0.033397655860632446,0.019745741451135848,0.028899669744934506
66,27.01.2016,2016-01-27,5,2016,True,0.0334070974954303,0.033427019909823164,0.019745741451135848,0.029498900720045792
66,28.01.2016,2016-01-28,5,2016,True,0.033591392654795,0.033254342453341225,0.019745741451135848,0.030012110287781068
66,29.01.2016,2016-01-29,5,2016,True,0.0340868874282121,0.03346323242903884,0.019745741451135848,0.030200633906837585
66,01.02.2016,2016-02-01,5,2016,True,0.0340857975677509,0.03228000782764706,0.019745741451135848,0.030424399072458613
66,02.02.2016,2016-02-02,5,2016,True,0.0331833810802896,0.033708506869818314,0.019745741451135848,0.03042199457808754
66,03.02.2016,2016-02-03,5,2016,True,0.0326522075206951,0.03446766669481665,0.019745741451135848,0.03110713783196094
66,04.02.2016,2016-02-04,5,2016,True,0.0329042917948635,0.03520956025943604,0.019745741451135848,0.031776698251457826
66,05.02.2016,2016-02-05,5,2016,True,0.0332152864288569,0.033991403626075584,0.019745741451135848,0.03180873481144562
66,08.02.2016,2016-02-08,5,2016,True,0.0328349220625455,0.03388795725002467,0.019745741451135848,0.03171193097306325
66,09.02.2016,2016-02-09,5,2016,True,0.0310272848139585,0.03457871826469742,0.019745741451135848,0.03189802222787067
66,10.02.2016,2016-02-10,5,2016,True,0.0310705249549908,0.0363276829042691,0.019745741451135848,0.032785806165080804
66,11.02.2016,2016-02-11,5,2016,True,0.030802174250808,0.036211022053459316,0.019745741451135848,0.03268051951490325
66,12.02.2016,2016-02-12,5,2016,True,0.0283795008212723,0.036293744692232906,0.019745741451135848,0.03275517686113262
66,16.02.2016,2016-02-16,5,2016,True,0.0279156195407014,0.03932861492335288,0.019745741451135848,0.03549415328844504
66,17.02.2016,2016-02-17,5,2016,True,0.0267855655087087,0.03869413889466716,0.019745741451135848,0.03569439714630813
66,18.02.2016,2016-02-18,5,2016,True,0.0267941776744929,0.039109182268734555,0.019745741451135848,0.03686100000640037
66,19.02.2016,2016-02-19,5,2016,True,0.0262506915203871,0.03788965504356169,0.019745741451135848,0.03666889405741013
66,22.02.2016,2016-02-22,5,2016,True,0.0257673595375073,0.030362947867846084,0.019745741451135848,0.036651810267182734
66,23.02.2016,2016-02-23,5,2016,True,0.0251069297735968,0.03085082469122433,0.019745741451135848,0.037240737562452095
66,24.02.2016,2016-02-24,5,2016,True,0.0249054462375496,0.03219698062164393,0.019745741451135848,0.03753612273857684
66,25.02.2016,2016-02-25,5,2016,True,0.0247838670316241,0.03244128257933691,0.019745741451135848,0.037820936658770135
66,26.02.2016,2016-02-26,5,2016,True,0.0247560268804105,0.03142469621107573,0.019745741451135848,0.037933471026767904
66,29.02.2016,2016-02-29,5,2016,True,0.024640132074218,0.03114497595775686,0.019745741451135848,0.03793042367069505
66,01.03.2016,2016-03-01,5,2016,True,0.0246840907137276,0.03124061757670328,0.019745741451135848,0.03804690239689826
66,02.03.2016,2016-03-02,5,2016,True,0.0245913670861854,0.03123375274129644,0.019745741451135848,0.03803854194365006
66,03.03.2016,2016-03-03,5,2016,True,0.0246405605969067,0.029231298974478688,0.019745741451135848,0.038016677581710456
66,04.03.2016,2016-03-04,5,2016,True,0.024246353838059,0.029236155175231256,0.019745741451135848,0.03802299329892999
66,07.03.2016,2016-03-07,5,2016,True,0.0235388388543151,0.029307401550123905,0.019745741451135848,0.038319199828888324
66,08.03.2016,2016-03-08,5,2016,True,0.0234955565116109,0.029926486168256966,0.019745741451135848,0.03892080118661345
66,09.03.2016,2016-03-09,5,2016,True,0.0231789715265938,0.030044924604650972,0.019745741451135848,0.03907483593729641
66,10.03.2016,2016-03-10,5,2016,True,0.0229725660634477,0.029561753609807062,0.019745741451135848,0.03895738417095938
66,11.03.2016,2016-03-11,5,2016,True,0.0231036942627101,0.029493923946295336,0.019745741451135848,0.03886799616324875
66,14.03.2016,2016-03-14,5,2016,True,0.0234324906970947,0.029458105166981864,0.019745741451135848,0.038820793078997794
66,15.03.2016,2016-03-15,5,2016,True,0.0237247874004921,0.029090072294427286,0.019745741451135848,0.03833578808934475
66,16.03.2016,2016-03-16,5,2016,True,0.0235085850520266,0.02913022933567691,0.019745741451135848,0.038388708268024936
66,17.03.2016,2016-03-17,5,2016,True,0.0232853155649617,0.0291794460924768,0.019745741451135848,0.03871314252456881
66,18.03.2016,2016-03-18,5,2016,True,0.0233472310379498,0.029292097946499996,0.019745741451135848,0.03886260071738836
66,21.03.2016,2016-03-21,5,2016,True,0.0234383686066493,0.028968710550494534,0.019745741451135848,0.038433554109973955
66,22.03.2016,2016-03-22,5,2016,True,0.024339540328837,0.02897551776669866,0.019745741451135848,0.0384425854236689
66,23.03.2016,2016-03-23,5,2016,True,0.024221439376069,0.028955025561851814,0.019745741451135848,0.03841539787376256
66,24.03.2016,2016-03-24,5,2016,True,0.0244504576600171,0.028942481591278726,0.019745741451135848,0.03839875545638833
66,28.03.2016,2016-03-28,5,2016,True,0.0248796886230259,0.028942736037565715,0.019745741451135848,0.03839909303700387
66,29.03.2016,2016-03-29,5,2016,True,0.0247133342684305,0.028933973598272163,0.019745741451135848,0.03838746767714751
66,30.03.2016,2016-03-30,5,2016,True,0.0247132885805896,0.029029701619171604,0.019745741451135848,0.03851447257315993
66,31.03.2016,2016-03-31,5,2016,True,0.0252402060616035,0.029021023740978653,0.019745741451135848,0.03850295940275122
66,01.04.2016,2016-04-01,5,2016,True,0.0253021145148707,0.02886563707935876,0.019745741451135848,0.0382968038109472
66,04.04.2016,2016-04-04,5,2016,True,0.0252851675251977,0.030471210629494243,0.019745741451135848,0.038261365669116566
66,05.04.2016,2016-04-05,5,2016,True,0.0252907109648141,0.02925434146011695,0.019745741451135848,0.03855226702627399
66,06.04.2016,2016-04-06,5,2016,True,0.0246390330569344,0.029109554910362732,0.019745741451135848,0.03836146287723692
66,07.04.2016,2016-04-07,5,2016,True,0.0251894502839593,0.029090520204041133,0.019745741451135848,0.03859516219751862
66,08.04.2016,2016-04-08,5,2016,True,0.0248417620570406,0.029042978852108717,0.019745741451135848,0.038532087829097186
66,11.04.2016,2016-04-11,5,2016,True,0.0248767628983447,0.02978497351058347,0.019745741451135848,0.03925155019182308
66,12.04.2016,2016-04-12,5,2016,True,0.0243490421348084,0.029753219948324673,0.019745741451135848,0.03920970437509514
66,13.04.2016,2016-04-13,5,2016,True,0.024368467068487,0.02934583384516598,0.019745741451135848,0.0386728384930455
66,14.04.2016,2016-04-14,5,2016,True,0.0243618146222836,0.029332371559975652,0.019745741451135848,0.03865509748136869
66,15.04.2016,2016-04-15,5,2016,True,0.0242871456861072,0.029338237753073235,0.019745741451135848,0.038662828130272
66,18.04.2016,2016-04-18,5,2016,True,0.0244301673237056,0.028900299257026755,0.019745741451135848,0.03788339073398349
66,19.04.2016,2016-04-19,5,2016,True,0.0242789571109383,0.02864777518746619,0.019745741451135848,0.03775291541741127
66,20.04.2016,2016-04-20,5,2016,True,0.023934083444988,0.02843640651305372,0.019745741451135848,0.0377273322714051
66,21.04.2016,2016-04-21,5,2016,True,0.0236847231869507,0.02856184832615431,0.019745741451135848,0.03789375924105055
66,22.04.2016,2016-04-22,5,2016,True,0.0239487311647227,0.028924070910708574,0.019745741451135848,0.038117026382451444
66,25.04.2016,2016-04-25,5,2016,True,0.0239863189220033,0.027709265533092976,0.019745741451135848,0.036762615110446636
66,26.04.2016,2016-04-26,5,2016,True,0.0237260619155297,0.027736387904313597,0.019745741451135848,0.036551861346433435
66,27.04.2016,2016-04-27,5,2016,True,0.0233844908028181,0.027537125825373727,0.019745741451135848,0.03628926767684175
66,28.04.2016,2016-04-28,5,2016,True,0.0232853631041385,0.026329632189592198,0.019745741451135848,0.03469799558676101
66,29.04.2016,2016-04-29,5,2016,True,0.023631472153815,0.025750131772679305,0.019745741451135848,0.0339343121914222
66,02.05.2016,2016-05-02,5,2016,True,0.0238978141585299,0.02554484611698894,0.019745741451135848,0.033663780467929866
66,03.05.2016,2016-05-03,5,2016,True,0.0236545035081404,0.025485446160460053,0.019745741451135848,0.033407097495430395
66,04.05.2016,2016-05-04,5,2016,True,0.0231583397194522,0.025626040366893726,0.019745741451135848,0.03359139265479509
66,05.05.2016,2016-05-05,5,2016,True,0.0231620033455816,0.02600404104092528,0.019745741451135848,0.03408688742821218
66,06.05.2016,2016-05-06,5,2016,True,0.02328120106148,0.026003209613408677,0.019745741451135848,0.03408579756775093
66,09.05.2016,2016-05-09,5,2016,True,0.023410515286628,0.02518030808051807,0.019745741451135848,0.03318338108028963
66,10.05.2016,2016-05-10,5,2016,True,0.0229561122264549,0.024909559320520774,0.019745741451135848,0.03265220752069512
66,11.05.2016,2016-05-11,5,2016,True,0.0225686037838237,0.02715150437717918,0.019745741451135848,0.032904291794863504
66,12.05.2016,2016-05-12,5,2016,True,0.0226434300120298,0.02740812658983136,0.019745741451135848,0.03321528642885689
66,13.05.2016,2016-05-13,5,2016,True,0.0226814441114262,0.027447181344365433,0.019745741451135848,0.0328349220625456
66,16.05.2016,2016-05-16,5,2016,True,0.022639019973003,0.025936151494125755,0.019745741451135848,0.031027284813958507
66,17.05.2016,2016-05-17,5,2016,True,0.0226278585096624,0.02597229654694514,0.019745741451135848,0.03107052495499087
66,18.05.2016,2016-05-18,5,2016,True,0.0230144703647591,0.025747978352202286,0.019745741451135848,0.0308021742508081
66,19.05.2016,2016-05-19,5,2016,True,0.0230967675846984,0.024327374032664117,0.019745741451135848,0.02837950082127237
66,20.05.2016,2016-05-20,5,2016,True,0.0232104021761401,0.023929727383053517,0.019745741451135848,0.02791561954070144
66,23.05.2016,2016-05-23,5,2016,True,0.0232399979578756,0.022807071764613364,0.019745741451135848,0.026785565508708763
66,24.05.2016,2016-05-24,5,2016,True,0.0232389127274705,0.023130419301866097,0.019745741451135848,0.026794177674492915
66,25.05.2016,2016-05-25,5,2016,True,0.0231255430218379,0.02266124787283613,0.019745741451135848,0.02625069152038716
66,26.05.2016,2016-05-26,5,2016,True,0.0232301949076346,0.021940101207325754,0.019745741451135848,0.025767359537507327
66,27.05.2016,2016-05-27,5,2016,True,0.023468392276824,0.021377765907139728,0.019745741451135848,0.025106929773596878
66,31.05.2016,2016-05-31,5,2016,True,0.0234464115030404,0.021206208974189285,0.019745741451135848,0.02490544623754965
66,01.06.2016,2016-06-01,5,2016,True,0.023450673661264,0.021394992722948425,0.019745741451135848,0.024783867031624194
66,02.06.2016,2016-06-02,5,2016,True,0.02346517781637,0.02151522181516771,0.019745741451135848,0.024756026880410505
66,03.06.2016,2016-06-03,5,2016,True,0.0235293996695718,0.021270911667969676,0.019745741451135848,0.02464013207421809
66,06.06.2016,2016-06-06,5,2016,True,0.0239730451088494,0.021461164161851856,0.019745741451135848,0.024684090713727697
66,07.06.2016,2016-06-07,5,2016,True,0.0243734836727554,0.02138054717597845,0.019745741451135848,0.024591367086185457
66,08.06.2016,2016-06-08,5,2016,True,0.0242421401302901,0.021423317639818168,0.019745741451135848,0.024640560596906766
66,09.06.2016,2016-06-09,5,2016,True,0.0243997232660823,0.021080581256960967,0.019745741451135848,0.024246353838059065
66,10.06.2016,2016-06-10,5,2016,True,0.0243896832272308,0.02004258550492388,0.019745741451135848,0.02353883885431516
66,13.06.2016,2016-06-13,5,2016,True,0.0244824208493345,0.020248332309512215,0.019745741451135848,0.0234955565116109
66,14.06.2016,2016-06-14,5,2016,True,0.0245418482135053,0.021331631141845893,0.019745741451135848,0.02317897152659387
66,15.06.2016,2016-06-15,5,2016,True,0.0244666236095682,0.020910590855259564,0.019745741451135848,0.022972566063447705
66,16.06.2016,2016-06-16,5,2016,True,0.0240482871024402,0.02171094378007617,0.019745741451135848,0.02310369426271013
66,17.06.2016,2016-06-17,5,2016,True,0.0236309708379069,0.021964507422503783,0.019745741451135848,0.023432490697094754
66,20.06.2016,2016-06-20,5,2016,True,0.0234353071861385,0.02189442318394385,0.019745741451135848,0.023724787400492112
66,21.06.2016,2016-06-21,5,2016,True,0.0238668208346121,0.020431082273356358,0.019745741451135848,0.023508585052026614
66,22.06.2016,2016-06-22,5,2016,True,0.0241452126232272,0.021881616480191185,0.019745741451135848,0.02328531556496172
66,23.06.2016,2016-06-23,5,2016,True,0.0242533790029677,0.021939799528230056,0.019745741451135848,0.023347231037949875
66,24.06.2016,2016-06-24,5,2016,True,0.0245454442894021,0.021219666463060668,0.019745741451135848,0.02343836860664934
66,27.06.2016,2016-06-27,5,2016,True,0.0243611337702648,0.02287228984696105,0.019745741451135848,0.02433954032883702
66,28.06.2016,2016-06-28,5,2016,True,0.0240944683804483,0.022761308325271824,0.019745741451135848,0.024221439376069076
66,29.06.2016,2016-06-29,5,2016,True,0.0235495195128631,0.02297652079436306,0.019745741451135848,0.024450457660017185
66,30.06.2016,2016-06-30,5,2016,True,0.0238467209118882,0.021777241627475342,0.019745741451135848,0.024879688623025926
66,01.07.2016,2016-07-01,5,2016,True,0.0239579873822711,0.021631631325405368,0.019745741451135848,0.024713334268430573
66,05.07.2016,2016-07-05,5,2016,True,0.0234963773876901,0.021486549752156487,0.019745741451135848,0.024713288580589687
66,06.07.2016,2016-07-06,5,2016,True,0.023459617591221,0.02382530439266962,0.019745741451135848,0.025240206061603574
66,07.07.2016,2016-07-07,5,2016,True,0.0225825535443896,0.023883742415717817,0.019745741451135848,0.025302114514870723
66,08.07.2016,2016-07-08,5,2016,True,0.0226295992112274,0.024080170054634326,0.019745741451135848,0.025285167525197775
66,11.07.2016,2016-07-11,5,2016,True,0.0225775090912584,0.023872978119634385,0.019745741451135848,0.02529071096481419
66,12.07.2016,2016-07-12,5,2016,True,0.0218649406885129,0.02325783161554807,0.019745741451135848,0.02463903305693442
66,13.07.2016,2016-07-13,5,2016,True,0.0210725004412618,0.02377739385465309,0.019745741451135848,0.025189450283959382
66,14.07.2016,2016-07-14,5,2016,True,0.0208922044433374,0.024198047838993958,0.019745741451135848,0.02484176205704062
66,15.07.2016,2016-07-15,5,2016,True,0.0210004820513698,0.022209279319457646,0.019745741451135848,0.024876762898344725
66,18.07.2016,2016-07-18,5,2016,True,0.0211675393304085,0.02116986185552938,0.019745741451135848,0.02434904213480841
66,19.07.2016,2016-07-19,5,2016,True,0.0211593311089339,0.021755486994935572,0.019745741451135848,0.024368467068487065
66,20.07.2016,2016-07-20,5,2016,True,0.0211483118613921,0.02132394547021092,0.019745741451135848,0.0243618146222836
66,21.07.2016,2016-07-21,5,2016,True,0.0210458118069826,0.02125858759978826,0.019745741451135848,0.024287145686107205
66,22.07.2016,2016-07-22,5,2016,True,0.0211002546854274,0.023060674363375586,0.019745741451135848,0.024430167323705673
66,25.07.2016,2016-07-25,5,2016,True,0.0209300705140545,0.02291794061002711,0.019745741451135848,0.024278957110938356
66,26.07.2016,2016-07-26,5,2016,True,0.0210333469803121,0.02259239968345039,0.019745741451135848,0.023934083444988055
66,27.07.2016,2016-07-27,5,2016,True,0.0209652076846742,0.02235701792639685,0.019745741451135848,0.023684723186950744
66,28.07.2016,2016-07-28,5,2016,True,0.0208241141979067,0.022807423303189463,0.019745741451135848,0.023948731164722774
66,29.07.2016,2016-07-29,5,2016,True,0.0211929803990656,0.02673102932318055,0.019745741451135848,0.02398631892200332
66,01.08.2016,2016-08-01,5,2016,True,0.021247338941143,0.022396039311135006,0.019745741451135848,0.023726061915529725
66,02.08.2016,2016-08-02,5,2016,True,0.0212639954458399,0.02683336399516007,0.019745741451135848,0.023384490802818146
66,03.08.2016,2016-08-03,5,2016,True,0.0209942939907619,0.026707524876393586,0.019745741451135848,0.02328536310413859
66,04.08.2016,2016-08-04,5,2016,True,0.0207406704470851,0.02710450026444481,0.019745741451135848,0.023631472153815055
66,05.08.2016,2016-08-05,5,2016,True,0.0207548638299785,0.026706478395248624,0.019745741451135848,0.023897814158529946
66,08.08.2016,2016-08-08,5,2016,True,0.0205813437729521,0.022527217447396043,0.019745741451135848,0.023654503508140485
66,09.08.2016,2016-08-09,5,2016,True,0.0209124105412983,0.021860142175469534,0.019745741451135848,0.023158339719452293
66,10.08.2016,2016-08-10,5,2016,True,0.0218294512533878,0.02186360042804878,0.019745741451135848,0.023162003345581668
66,11.08.2016,2016-08-11,5,2016,True,0.0211688056503974,0.021976116223571915,0.019745741451135848,0.023281201061480017
66,12.08.2016,2016-08-12,5,2016,True,0.0210265948834692,0.022098181422601407,0.019745741451135848,0.02341051528662809
66,15.08.2016,2016-08-15,5,2016,True,0.0207359708768601,0.02166925104068768,0.019745741451135848,0.022956112226454984
66,16.08.2016,2016-08-16,5,2016,True,0.0212868413043521,0.020071754946278025,0.019745741451135848,0.02256860378382376
66,17.08.2016,2016-08-17,5,2016,True,0.0212365179670241,0.020391084891490444,0.019745741451135848,0.02264343001202986
66,18.08.2016,2016-08-18,5,2016,True,0.0210787606788912,0.0197199970275784,0.019745741451135848,0.0226814441114262
66,19.08.2016,2016-08-19,5,2016,True,0.0215135673973021,0.01981597983927524,0.019745741451135848,0.022639019973003032
66,22.08.2016,2016-08-22,5,2016,True,0.0212741847217899,0.019673407934647988,0.019745741451135848,0.0226278585096624
66,23.08.2016,2016-08-23,5,2016,True,0.0217062756896567,0.02014461232436337,0.019745741451135848,0.023014470364759176
66,24.08.2016,2016-08-24,5,2016,True,0.024019586856678,0.02180202161777532,0.019745741451135848,0.023096767584698426
66,25.08.2016,2016-08-25,5,2016,True,0.0239717674214771,0.021013279589410776,0.019745741451135848,0.02321040217614012
66,26.08.2016,2016-08-26,5,2016,True,0.0257309203647134,0.02034201708144765,0.019745741451135848,0.02323999795787568
66,29.08.2016,2016-08-29,5,2016,True,0.025681313219147,0.020204678664133686,0.019745741451135848,0.023238912727470574
66,30.08.2016,2016-08-30,5,2016,True,0.0256851812516076,0.020241834445108547,0.019745741451135848,0.023125543021837957
66,31.08.2016,2016-08-31,5,2016,True,0.0255316769249476,0.021927969344806373,0.019745741451135848,0.023230194907634644
66,01.09.2016,2016-09-01,5,2016,True,0.0255959957138236,0.02215281397613063,0.019745741451135848,0.023468392276824002
66,02.09.2016,2016-09-02,5,2016,True,0.0255926729377136,0.022084983107220235,0.019745741451135848,0.02344641150304043
66,06.09.2016,2016-09-06,5,2016,True,0.0257287387411063,0.021894137589978328,0.019745741451135848,0.023450673661264076
66,07.09.2016,2016-09-07,5,2016,True,0.0256811511618886,0.02214977971014294,0.019745741451135848,0.02346517781636999
66,08.09.2016,2016-09-08,5,2016,True,0.0255825948248463,0.022210401449817382,0.019745741451135848,0.02352939966957186
66,09.09.2016,2016-09-09,5,2016,True,0.0250498964557102,0.022381836686034676,0.019745741451135848,0.023973045108849476
66,12.09.2016,2016-09-12,5,2016,True,0.0251647633800065,0.023007168253533196,0.019745741451135848,0.024373483672755457
66,13.09.2016,2016-09-13,5,2016,True,0.0249454032738868,0.022883187495546926,0.019745741451135848,0.02424214013029016
66,14.09.2016,2016-09-14,5,2016,True,0.0246842661562676,0.023767463414840033,0.019745741451135848,0.02439972326608233
66,15.09.2016,2016-09-15,5,2016,True,0.0247386012134778,0.02759077449024089,0.019745741451135848,0.024389683227230865
66,16.09.2016,2016-09-16,5,2016,True,0.0246306268605641,0.02310999868943932,0.019745741451135848,0.02448242084933456
66,19.09.2016,2016-09-19,5,2016,True,0.0246304123574338,0.023166094706926897,0.019745741451135848,0.02454184821350529
66,20.09.2016,2016-09-20,5,2016,True,0.0246838147210455,0.023095087002701162,0.019745741451135848,0.02446662360956821
66,21.09.2016,2016-09-21,5,2016,True,0.0245873340323075,0.023425133869913385,0.019745741451135848,0.024048287102440283
66,22.09.2016,2016-09-22,5,2016,True,0.0245244873988484,0.02230627879714156,0.019745741451135848,0.02363097083790693
66,23.09.2016,2016-09-23,5,2016,True,0.0240097784357906,0.022828037846493072,0.019745741451135848,0.02343530718613852
66,26.09.2016,2016-09-26,5,2016,True,0.0238148812786124,0.02737443725099315,0.019745741451135848,0.023866820834612158
66,27.09.2016,2016-09-27,5,2016,True,0.0235477231258782,0.027693743228167277,0.019745741451135848,0.02414521262322725
66,28.09.2016,2016-09-28,5,2016,True,0.022555348788726,0.027830400601272634,0.019745741451135848,0.02425337900296769
66,29.09.2016,2016-09-29,5,2016,True,0.0225287797666268,0.028152795429023273,0.019745741451135848,0.024545444289402123
66,30.09.2016,2016-09-30,5,2016,True,0.0230725625421857,0.023729873872530997,0.019745741451135848,0.02436113377026485
66,03.10.2016,2016-10-03,5,2016,True,0.0232877412698777,0.021916172368109683,0.019745741451135848,0.024094468380448337
66,04.10.2016,2016-10-04,5,2016,True,0.0231182756888981,0.021420490408033937,0.019745741451135848,0.02354951951286312
66,05.10.2016,2016-10-05,5,2016,True,0.0230862091901621,0.0216908228754796,0.019745741451135848,0.023846720911888254
66,06.10.2016,2016-10-06,5,2016,True,0.023083093475368,0.020207381829000143,0.019745741451135848,0.023957987382271156
66,07.10.2016,2016-10-07,5,2016,True,0.0230350036821104,0.019685154945936482,0.019745741451135848,0.023496377387690164
66,11.10.2016,2016-10-11,5,2016,True,0.0232914517904755,0.01978703146738169,0.019745741451135848,0.02345961759122107
66,12.10.2016,2016-10-12,5,2016,True,0.0232483313253275,0.020540944426585418,0.019745741451135848,0.022582553544389605
66,13.10.2016,2016-10-13,5,2016,True,0.0234255395262196,0.020583736860405086,0.019745741451135848,0.022629599211227428
66,14.10.2016,2016-10-14,5,2016,True,0.0234339771950011,0.01942309474130577,0.019745741451135848,0.022577509091258417
66,17.10.2016,2016-10-17,5,2016,True,0.0234079113871858,0.01831834491910162,0.019745741451135848,0.02186494068851294
66,18.10.2016,2016-10-18,5,2016,True,0.023425253339455,0.017828628148348014,0.019745741451135848,0.021072500441261816
66,19.10.2016,2016-10-19,5,2016,True,0.0234484445963607,0.01779540743157562,0.019745741451135848,0.020892204443337444
66,20.10.2016,2016-10-20,5,2016,True,0.0232922004984512,0.017767696172249308,0.019745741451135848,0.021000482051369833
66,21.10.2016,2016-10-21,5,2016,True,0.0232906282478235,0.01812630889926067,0.019745741451135848,0.021167539330408516
66,24.10.2016,2016-10-24,5,2016,True,0.0232911021396535,0.01811927998788658,0.019745741451135848,0.02115933110893398
66,25.10.2016,2016-10-25,5,2016,True,0.0232238693771326,0.018414640657554333,0.019745741451135848,0.021148311861392172
66,26.10.2016,2016-10-26,5,2016,True,0.0231887641211888,0.01832538995604672,0.019745741451135848,0.021045811806982652
66,27.10.2016,2016-10-27,5,2016,True,0.0231701368942371,0.018496817112126432,0.019745741451135848,0.0211002546854274
66,28.10.2016,2016-10-28,5,2016,True,0.0232231601488762,0.018347630974793406,0.019745741451135848,0.020930070514054572
66,31.10.2016,2016-10-31,5,2016,True,0.0229755597006773,0.01932055978658482,0.019745741451135848,0.021033346980312093
66,01.11.2016,2016-11-01,5,2016,True,0.0229751067476388,0.022979636169919337,0.019745741451135848,0.020965207684674227
66,02.11.2016,2016-11-02,5,2016,True,0.0226196861080501,0.01980903951662702,0.019745741451135848,0.020824114197906782
66,03.11.2016,2016-11-03,5,2016,True,0.0226447161314291,0.0225270687289233,0.019745741451135848,0.021192980399065687
66,04.11.2016,2016-11-04,5,2016,True,0.0226883423939135,0.022829234060292383,0.019745741451135848,0.02124733894114303
66,07.11.2016,2016-11-07,5,2016,True,0.0226629890921739,0.023844917212490102,0.019745741451135848,0.02126399544583997
66,08.11.2016,2016-11-08,5,2016,True,0.0226693874182483,0.02357011316341043,0.019745741451135848,0.020994293990761984
66,09.11.2016,2016-11-09,5,2016,True,0.0226709728426835,0.023285372193888036,0.019745741451135848,0.020740670447085167
66,10.11.2016,2016-11-10,5,2016,True,0.0226028914069809,0.01911526677917229,0.019745741451135848,0.02075486382997849
66,14.11.2016,2016-11-14,5,2016,True,0.0222403942546572,0.022694240479024793,0.019745741451135848,0.020581343772952142
66,15.11.2016,2016-11-15,5,2016,True,0.0213975079792596,0.02490666817082018,0.019745741451135848,0.020912410541298287
66,16.11.2016,2016-11-16,5,2016,True,0.0214030316480168,0.024656730195974218,0.019745741451135848,0.0218294512533878
66,17.11.2016,2016-11-17,5,2016,True,0.0214546544773057,0.02425556564265704,0.019745741451135848,0.021168805650397398
66,18.11.2016,2016-11-18,5,2016,True,0.0214502758578171,0.023712532650489067,0.019745741451135848,0.021026594883469186
66,21.11.2016,2016-11-21,5,2016,True,0.0208857580239052,0.02338478432585893,0.019745741451135848,0.020735970876860108
66,22.11.2016,2016-11-22,5,2016,True,0.020884411663389,0.02400602295581713,0.019745741451135848,0.02128684130435209
66,23.11.2016,2016-11-23,5,2016,True,0.0209204794231531,0.02394927131409461,0.019745741451135848,0.021236517967024113
66,25.11.2016,2016-11-25,5,2016,True,0.0204502938094076,0.023771362105949656,0.019745741451135848,0.021078760678891268
66,28.11.2016,2016-11-28,5,2016,True,0.0203206484237941,0.025556424641075114,0.019745741451135848,0.021513567397302102
66,29.11.2016,2016-11-29,5,2016,True,0.0196526215548284,0.02527205686542333,0.019745741451135848,0.02127418472178994
66,30.11.2016,2016-11-30,5,2016,True,0.018021971726188,0.026329369545567482,0.019745741451135848,0.02170627568965671
66,01.12.2016,2016-12-01,5,2016,True,0.0181612137331028,0.022787230551810124,0.019745741451135848,0.024019586856678033
66,02.12.2016,2016-12-02,5,2016,True,0.0156085590334577,0.02166166864298126,0.019745741451135848,0.023971767421477105
66,05.12.2016,2016-12-05,5,2016,True,0.0155619930176506,0.020875900061358272,0.019745741451135848,0.025730920364713483
66,06.12.2016,2016-12-06,5,2016,True,0.0154357565769668,0.020946921444928247,0.019745741451135848,0.025681313219147076
66,07.12.2016,2016-12-07,5,2016,True,0.0154555861621749,0.021483954473997844,0.019745741451135848,0.025685181251607597
66,08.12.2016,2016-12-08,5,2016,True,0.0153091665637168,0.02145170752105536,0.019745741451135848,0.02553167692494766
66,09.12.2016,2016-12-09,5,2016,True,0.0152707101815799,0.02135312615119991,0.019745741451135848,0.025595995713823618
66,12.12.2016,2016-12-12,5,2016,True,0.0149368020095709,0.021058657589525458,0.019745741451135848,0.025592672937713584
66,13.12.2016,2016-12-13,5,2016,True,0.0150044957619415,0.021484966973432506,0.019745741451135848,0.025728738741106375
66,14.12.2016,2016-12-14,5,2016,True,0.014482073009429,0.021947090668867335,0.019745741451135848,0.025681151161888682
66,15.12.2016,2016-12-15,5,2016,True,0.0144768355411512,0.022010446286608608,0.019745741451135848,0.025582594824846344
66,16.12.2016,2016-12-16,5,2016,True,0.0142135570760663,0.021552129649023186,0.019745741451135848,0.02504989645571026
66,19.12.2016,2016-12-19,5,2016,True,0.0142047637650645,0.021640508916858998,0.019745741451135848,0.025164763380006526
66,20.12.2016,2016-12-20,5,2016,True,0.0142462102828316,0.021712123937453254,0.019745741451135848,0.024945403273886845
66,21.12.2016,2016-12-21,5,2016,True,0.0143767260268329,0.022032836099142885,0.019745741451135848,0.02468426615626765
66,22.12.2016,2016-12-22,5,2016,True,0.0143704721541457,0.022238768033357042,0.019745741451135848,0.024738601213477783
66,23.12.2016,2016-12-23,5,2016,True,0.0143686150435114,0.022141704478013814,0.019745741451135848,0.024630626860564137
66,27.12.2016,2016-12-27,5,2016,True,0.0142253912266675,0.022141511650403352,0.019745741451135848,0.024630412357433788
66,28.12.2016,2016-12-28,5,2016,True,0.0144409808852709,0.022189517710509424,0.019745741451135848,0.024683814721045524
66,29.12.2016,2016-12-29,5,2016,True,0.0144491861784991,0.022102786385725617,0.019745741451135848,0.02458733403230751
66,30.12.2016,2016-12-30,5,2016,True,0.0145035326492715,0.02204629039829637,0.019745741451135848,0.024524487398848435
66,03.01.2017,2017-01-03,6,2017,True,0.0144545478082383,0.025999159815927497,0.020714114197542058,0.02400977843579066
66,04.01.2017,2017-01-04,6,2017,True,0.0143816151139491,0.02518209933251718,0.020714114197542058,0.023814881278612463
66,05.01.2017,2017-01-05,6,2017,True,0.014360917664402,0.025220686118334487,0.020714114197542058,0.02354772312587827
66,06.01.2017,2017-01-06,6,2017,True,0.0143741783638172,0.02334788274924999,0.020714114197542058,0.022555348788725983
66,09.01.2017,2017-01-09,6,2017,True,0.0135568221128489,0.023407521119142103,0.020714114197542058,0.022528779766626848
66,10.01.2017,2017-01-10,6,2017,True,0.0132739696997448,0.024224159726833363,0.020714114197542058,0.023072562542185704
66,11.01.2017,2017-01-11,6,2017,True,0.0129015704499715,0.02373788555593439,0.020714114197542058,0.023287741269877704
66,12.01.2017,2017-01-12,6,2017,True,0.0134877873780326,0.024059684621372396,0.020714114197542058,0.023118275688898158
66,13.01.2017,2017-01-13,6,2017,True,0.0134407005246176,0.023638713394029856,0.020714114197542058,0.023086209190162115
66,17.01.2017,2017-01-17,6,2017,True,0.0136404580152174,0.023685007279171395,0.020714114197542058,0.023083093475368015
66,18.01.2017,2017-01-18,6,2017,True,0.0132285250856099,0.023561920033016978,0.020714114197542058,0.023035003682110432
66,19.01.2017,2017-01-19,6,2017,True,0.0132748422689815,0.024423426485259084,0.020714114197542058,0.02329145179047552
66,20.01.2017,2017-01-20,6,2017,True,0.0129179149588763,0.024765629509045498,0.020714114197542058,0.02324833132532757
66,23.01.2017,2017-01-23,6,2017,True,0.0129336753478191,0.02476137988111076,0.020714114197542058,0.023425539526219646
66,24.01.2017,2017-01-24,6,2017,True,0.0129462108884435,0.024812593020860828,0.020714114197542058,0.023433977195001152
66,25.01.2017,2017-01-25,6,2017,True,0.0129338173081367,0.024830583983857377,0.020714114197542058,0.023407911387185794
66,26.01.2017,2017-01-26,6,2017,True,0.0128665955612979,0.025186046797817458,0.020714114197542058,0.023425253339455037
66,27.01.2017,2017-01-27,6,2017,True,0.0128273950425471,0.02504984498549288,0.020714114197542058,0.023448444596360772
66,30.01.2017,2017-01-30,6,2017,True,0.0140797074653057,0.024630097154961228,0.020714114197542058,0.023292200498451206
66,31.01.2017,2017-01-31,6,2017,True,0.0141728740208892,0.024774590185954005,0.020714114197542058,0.02329062824782354
66,01.02.2017,2017-02-01,6,2017,True,0.0141968256577653,0.02499285362468097,0.020714114197542058,0.023291102139653547
66,02.02.2017,2017-02-02,6,2017,True,0.014077751051308,0.025296623904666197,0.020714114197542058,0.023223869377132642
66,03.02.2017,2017-02-03,6,2017,True,0.014610661416301,0.028364932190206357,0.020714114197542058,0.023188764121188782
66,06.02.2017,2017-02-06,6,2017,True,0.0145275153198159,0.03194498579249308,0.020714114197542058,0.02317013689423714
66,07.02.2017,2017-02-07,6,2017,True,0.0144695737177799,0.02844815303115928,0.020714114197542058,0.02322316014887622
66,08.02.2017,2017-02-08,6,2017,True,0.0146812426464209,0.030525669368174083,0.020714114197542058,0.022975559700677307
66,09.02.2017,2017-02-09,6,2017,True,0.0146288738919355,0.028858266054107604,0.020714114197542058,0.022975106747638835
66,10.02.2017,2017-02-10,6,2017,True,0.0144881653337493,0.02584062214615015,0.020714114197542058,0.02261968610805018
66,13.02.2017,2017-02-13,6,2017,True,0.0143257643972561,0.03060902359199805,0.020714114197542058,0.02264471613142917
66,14.02.2017,2017-02-14,6,2017,True,0.014541348439367,0.03164259383427489,0.020714114197542058,0.02268834239391349
66,15.02.2017,2017-02-15,6,2017,True,0.014550965617574,0.03144738935704694,0.020714114197542058,0.022662989092173895
66,16.02.2017,2017-02-16,6,2017,True,0.014566906612912,0.030671476810473768,0.020714114197542058,0.022669387418248334
66,17.02.2017,2017-02-17,6,2017,True,0.014565959805931,0.030792089932902566,0.020714114197542058,0.022670972842683563
66,21.02.2017,2017-02-21,6,2017,True,0.015536354401376,0.028334906558205194,0.020714114197542058,0.02260289140698089
66,22.02.2017,2017-02-22,6,2017,True,0.0155534142976012,0.0279687630894505,0.020714114197542058,0.02224039425465723
66,23.02.2017,2017-02-23,6,2017,True,0.0154626708787183,0.024951198409664907,0.020714114197542058,0.021397507979259645
66,24.02.2017,2017-02-24,6,2017,True,0.0158217710552001,0.023393718869954856,0.020714114197542058,0.021403031648016803
66,27.02.2017,2017-02-27,6,2017,True,0.0158235890729463,0.023380082941818703,0.020714114197542058,0.021454654477305744
66,28.02.2017,2017-02-28,6,2017,True,0.0158311171817839,0.022682902257352918,0.020714114197542058,0.021450275857817107
66,01.03.2017,2017-03-01,6,2017,True,0.0158601739562465,0.02280713588151332,0.020714114197542058,0.020885758023905257
66,02.03.2017,2017-03-02,6,2017,True,0.0159346607287408,0.022636314522235267,0.020714114197542058,0.020884411663389047
66,03.03.2017,2017-03-03,6,2017,True,0.0165652056784239,0.023295532406123153,0.020714114197542058,0.020920479423153126
66,06.03.2017,2017-03-06,6,2017,True,0.0165581725127948,0.022277210334583127,0.020714114197542058,0.020450293809407605
66,07.03.2017,2017-03-07,6,2017,True,0.0165904150544185,0.022058359436814598,0.020714114197542058,0.0203206484237941
66,08.03.2017,2017-03-08,6,2017,True,0.0154137775664177,0.02127204372548906,0.020714114197542058,0.019652621554828425
66,09.03.2017,2017-03-09,6,2017,True,0.0153330505547726,0.02193782495898473,0.020714114197542058,0.018021971726188028
66,10.03.2017,2017-03-10,6,2017,True,0.015823376292249,0.02356151431145917,0.020714114197542058,0.01816121373310284
66,13.03.2017,2017-03-13,6,2017,True,0.0158229795295618,0.02049939994012403,0.020714114197542058,0.015608559033457729
66,14.03.2017,2017-03-14,6,2017,True,0.0158543522297613,0.02026328320969389,0.020714114197542058,0.01556199301765066
66,15.03.2017,2017-03-15,6,2017,True,0.0157201402725235,0.019928470875624466,0.020714114197542058,0.015435756576966806
66,16.03.2017,2017-03-16,6,2017,True,0.0158694964483004,0.017011722649151673,0.020714114197542058,0.015455586162174902
66,17.03.2017,2017-03-17,6,2017,True,0.0161538522954195,0.016834646925370695,0.020714114197542058,0.015309166563716803
66,20.03.2017,2017-03-20,6,2017,True,0.0162109648380878,0.016916465047539613,0.020714114197542058,0.0152707101815799
66,21.03.2017,2017-03-21,6,2017,True,0.0161910348973023,0.016544455567059736,0.020714114197542058,0.014936802009570904
66,22.03.2017,2017-03-22,6,2017,True,0.0162106385533372,0.01668435340379015,0.020714114197542058,0.01500449576194155
66,23.03.2017,2017-03-23,6,2017,True,0.0163828101761354,0.016626973600318132,0.020714114197542058,0.01448207300942906
66,24.03.2017,2017-03-24,6,2017,True,0.0164747422108718,0.016598905042289946,0.020714114197542058,0.014476835541151261
66,27.03.2017,2017-03-27,6,2017,True,0.0164800597319818,0.01689805907447995,0.020714114197542058,0.014213557076066316
66,28.03.2017,2017-03-28,6,2017,True,0.0164702873092039,0.016390299867073438,0.020714114197542058,0.014204763765064526
66,29.03.2017,2017-03-29,6,2017,True,0.0168796549125901,0.01614377732550192,0.020714114197542058,0.01424621028283158
66,30.03.2017,2017-03-30,6,2017,True,0.0174545982065818,0.015827902312095132,0.020714114197542058,0.014376726026832959
66,31.03.2017,2017-03-31,6,2017,True,0.0174835097186549,0.015153458795406532,0.020714114197542058,0.01437047215414569
66,03.04.2017,2017-04-03,6,2017,True,0.0177993377393088,0.015551675449620876,0.020714114197542058,0.014368615043511444
66,04.04.2017,2017-04-04,6,2017,True,0.0176099473426248,0.014879006342700746,0.020714114197542058,0.014225391226667558
66,05.04.2017,2017-04-05,6,2017,True,0.0177032319272958,0.014606812890852538,0.020714114197542058,0.014440980885270903
66,06.04.2017,2017-04-06,6,2017,True,0.0176623783919338,0.015011313173941138,0.020714114197542058,0.014449186178499124
66,07.04.2017,2017-04-07,6,2017,True,0.0177456469710431,0.015267440658501767,0.020714114197542058,0.01450353264927152
66,10.04.2017,2017-04-10,6,2017,True,0.0177071190754099,0.015118145770995683,0.020714114197542058,0.014454547808238368
66,11.04.2017,2017-04-11,6,2017,True,0.0177153304663209,0.015019837893416751,0.020714114197542058,0.01438161511394911
66,12.04.2017,2017-04-12,6,2017,True,0.0177572017528449,0.015176823334619324,0.020714114197542058,0.014360917664402008
66,13.04.2017,2017-04-13,6,2017,True,0.0179163004416814,0.015052184985709654,0.020714114197542058,0.014374178363817191
66,17.04.2017,2017-04-17,6,2017,True,0.0179075530910348,0.014100051210897715,0.020714114197542058,0.013556822112848957
66,18.04.2017,2017-04-18,6,2017,True,0.0181262912173083,0.013855507191592552,0.020714114197542058,0.01327396969974482
66,19.04.2017,2017-04-19,6,2017,True,0.017679391099092,0.013385538062108748,0.020714114197542058,0.012901570449971521
66,20.04.2017,2017-04-20,6,2017,True,0.0181576105899456,0.01512759082613124,0.020714114197542058,0.013487787378032613
66,21.04.2017,2017-04-21,6,2017,True,0.0181088834077821,0.01557215652502803,0.020714114197542058,0.013440700524617655
66,24.04.2017,2017-04-24,6,2017,True,0.0181344502764942,0.016343510427397154,0.020714114197542058,0.013640458015217415
66,25.04.2017,2017-04-25,6,2017,True,0.0182605847167706,0.017557216192387724,0.020714114197542058,0.013228525085609908
66,26.04.2017,2017-04-26,6,2017,True,0.0182497234127796,0.01461412265195721,0.020714114197542058,0.013274842268981504
66,27.04.2017,2017-04-27,6,2017,True,0.0182252065741357,0.01410161407267562,0.020714114197542058,0.012917914958876339
66,28.04.2017,2017-04-28,6,2017,True,0.018225440455189,0.014469297671287072,0.020714114197542058,0.012933675347819074
66,01.05.2017,2017-05-01,6,2017,True,0.018237802428793,0.013738127288277214,0.020714114197542058,0.012946210888443518
66,02.05.2017,2017-05-02,6,2017,True,0.0180720592018376,0.013944092932918884,0.020714114197542058,0.012933817308136713
66,03.05.2017,2017-05-03,6,2017,True,0.0180576674976592,0.01621303150528015,0.020714114197542058,0.012866595561297873
66,04.05.2017,2017-05-04,6,2017,True,0.0169980323171779,0.016244995106254528,0.020714114197542058,0.012827395042547094
66,05.05.2017,2017-05-05,6,2017,True,0.0169549517529417,0.01698902415453681,0.020714114197542058,0.014079707465305711
66,08.05.2017,2017-05-08,6,2017,True,0.0170667800175643,0.017298636348435367,0.020714114197542058,0.014172874020889193
66,09.05.2017,2017-05-09,6,2017,True,0.016990460082127,0.01656108414647609,0.020714114197542058,0.014196825657765304
66,10.05.2017,2017-05-10,6,2017,True,0.016931122732087,0.0172470427243011,0.020714114197542058,0.014077751051307973
66,11.05.2017,2017-05-11,6,2017,True,0.0168787035579773,0.016829732533546984,0.020714114197542058,0.01461066141630105
66,12.05.2017,2017-05-12,6,2017,True,0.016927023020536,0.016843083298884495,0.020714114197542058,0.01452751531981595
66,15.05.2017,2017-05-15,6,2017,True,0.0168628133999032,0.016784582561210813,0.020714114197542058,0.014469573717779962
66,16.05.2017,2017-05-16,6,2017,True,0.0173342641365966,0.01673355716129924,0.020714114197542058,0.01468124264642096
66,17.05.2017,2017-05-17,6,2017,True,0.0174672920277113,0.016846579831229006,0.020714114197542058,0.014628873891935512
66,18.05.2017,2017-05-18,6,2017,True,0.017459826082801,0.016697674934324915,0.020714114197542058,0.014488165333749293
66,19.05.2017,2017-05-19,6,2017,True,0.0173477114402137,0.01658573585388798,0.020714114197542058,0.014325764397256158
66,22.05.2017,2017-05-22,6,2017,True,0.0173773889525062,0.013852742939214294,0.020714114197542058,0.014541348439367033
66,23.05.2017,2017-05-23,6,2017,True,0.0173885636097034,0.013919376670872192,0.020714114197542058,0.014550965617574064
66,24.05.2017,2017-05-24,6,2017,True,0.0174239402596308,0.014517805907773159,0.020714114197542058,0.014566906612912009
66,25.05.2017,2017-05-25,6,2017,True,0.0164125758829062,0.013997060348102426,0.020714114197542058,0.014565959805931042
66,26.05.2017,2017-05-26,6,2017,True,0.0165554239312888,0.017494387688939843,0.020714114197542058,0.015536354401376002
66,30.05.2017,2017-05-30,6,2017,True,0.0169410085697803,0.015183208495963293,0.020714114197542058,0.015553414297601216
66,31.05.2017,2017-05-31,6,2017,True,0.0165190108902206,0.015253254246241101,0.020714114197542058,0.015462670878718287
66,01.06.2017,2017-06-01,6,2017,True,0.0166917762799813,0.01620978752093079,0.020714114197542058,0.015821771055200124
66,02.06.2017,2017-06-02,6,2017,True,0.0167499163491126,0.015649409223367956,0.020714114197542058,0.015823589072946367
66,05.06.2017,2017-06-05,6,2017,True,0.0167015027444266,0.016876246207787812,0.020714114197542058,0.01583111718178388
66,06.06.2017,2017-06-06,6,2017,True,0.0167327418361946,0.02174168071889161,0.020714114197542058,0.015860173956246566
66,07.06.2017,2017-06-07,6,2017,True,0.0158447421343167,0.02495682982741545,0.020714114197542058,0.015934660728740772
66,08.06.2017,2017-06-08,6,2017,True,0.0158456817333304,0.02533161648568182,0.020714114197542058,0.016565205678423924
66,09.06.2017,2017-06-09,6,2017,True,0.015936478653605,0.025010887877709723,0.020714114197542058,0.0165581725127948
66,12.06.2017,2017-06-12,6,2017,True,0.0159421462387736,0.02375252279836071,0.020714114197542058,0.016590415054418564
66,13.06.2017,2017-06-13,6,2017,True,0.0159199453296873,0.02445016081767496,0.020714114197542058,0.015413777566417718
66,14.06.2017,2017-06-14,6,2017,True,0.0152099932032584,0.02331736079759682,0.020714114197542058,0.015333050554772647
66,15.06.2017,2017-06-15,6,2017,True,0.0152387538630102,0.022297982344999863,0.020714114197542058,0.015823376292249045
66,16.06.2017,2017-06-16,6,2017,True,0.0153788520233782,0.022173072457706597,0.020714114197542058,0.01582297952956183
66,19.06.2017,2017-06-19,6,2017,True,0.0153009620320705,0.02314105553669046,0.020714114197542058,0.01585435222976134
66,20.06.2017,2017-06-20,6,2017,True,0.0150628899572931,0.024468039743069575,0.020714114197542058,0.015720140272523504
66,21.06.2017,2017-06-21,6,2017,True,0.015175935686794,0.024915218088329492,0.020714114197542058,0.015869496448300408
66,22.06.2017,2017-06-22,6,2017,True,0.0152617209114135,0.025167865051468365,0.020714114197542058,0.01615385229541951
66,23.06.2017,2017-06-23,6,2017,True,0.0153418299974063,0.024618297584959033,0.020714114197542058,0.016210964838087816
66,26.06.2017,2017-06-26,6,2017,True,0.015410183092323,0.024760144393849454,0.020714114197542058,0.01619103489730235
66,27.06.2017,2017-06-27,6,2017,True,0.0153063133058348,0.024908525034881418,0.020714114197542058,0.016210638553337237
66,28.06.2017,2017-06-28,6,2017,True,0.0156306153652945,0.023412483230321676,0.020714114197542058,0.016382810176135413
66,29.06.2017,2017-06-29,6,2017,True,0.0156414295031857,0.02569187307450683,0.020714114197542058,0.016474742210871862
66,30.06.2017,2017-06-30,6,2017,True,0.0156270022297226,0.025356651582315797,0.020714114197542058,0.016480059731981772
66,03.07.2017,2017-07-03,6,2017,True,0.0152365206250185,0.021256854214729077,0.020714114197542058,0.01647028730920388
66,05.07.2017,2017-07-05,6,2017,True,0.0147406313887608,0.019929443408097134,0.020714114197542058,0.016879654912590122
66,06.07.2017,2017-07-06,6,2017,True,0.0147308329776421,0.023256703699163103,0.020714114197542058,0.017454598206581864
66,07.07.2017,2017-07-07,6,2017,True,0.01426026303117,0.023311913887794283,0.020714114197542058,0.017483509718654946
66,10.07.2017,2017-07-10,6,2017,True,0.0142644797685435,0.023483023737598023,0.020714114197542058,0.017799337739308772
66,11.07.2017,2017-07-11,6,2017,True,0.0143217652531557,0.023336178825262798,0.020714114197542058,0.017609947342624836
66,12.07.2017,2017-07-12,6,2017,True,0.0144183927667337,0.024442626371877735,0.020714114197542058,0.01770323192729578
66,13.07.2017,2017-07-13,6,2017,True,0.0143880369391776,0.020794077682576687,0.020714114197542058,0.017662378391933832
66,14.07.2017,2017-07-14,6,2017,True,0.0143596812275742,0.017597867204330965,0.020714114197542058,0.01774564697104311
66,17.07.2017,2017-07-17,6,2017,True,0.0142747184192155,0.01878978617695681,0.020714114197542058,0.01770711907540991
66,18.07.2017,2017-07-18,6,2017,True,0.014439202345626,0.018362383107581298,0.020714114197542058,0.01771533046632092
66,19.07.2017,2017-07-19,6,2017,True,0.0143410886094302,0.018185020230363086,0.020714114197542058,0.01775720175284489
66,20.07.2017,2017-07-20,6,2017,True,0.0143258055912973,0.018991230455635562,0.020714114197542058,0.017916300441681444
66,21.07.2017,2017-07-21,6,2017,True,0.0140034467485291,0.019011355883943457,0.020714114197542058,0.0179075530910348
66,24.07.2017,2017-07-24,6,2017,True,0.0139659972467632,0.01939430279751922,0.020714114197542058,0.018126291217308337
66,25.07.2017,2017-07-25,6,2017,True,0.0135515866855499,0.018767781395592802,0.020714114197542058,0.017679391099092046
66,26.07.2017,2017-07-26,6,2017,True,0.0136146580249997,0.017450349539169647,0.020714114197542058,0.01815761058994561
66,27.07.2017,2017-07-27,6,2017,True,0.0135963511810612,0.017392492380416267,0.020714114197542058,0.018108883407782134
66,28.07.2017,2017-07-28,6,2017,True,0.0134405654714363,0.017449097509511697,0.020714114197542058,0.01813445027649423
66,31.07.2017,2017-07-31,6,2017,True,0.0134481152681795,0.01822162270119504,0.020714114197542058,0.01826058471677058
66,01.08.2017,2017-08-01,6,2017,True,0.0135437756261661,0.018301479427602338,0.020714114197542058,0.01824972341277961
66,02.08.2017,2017-08-02,6,2017,True,0.0137671163912977,0.018846941329188464,0.020714114197542058,0.018225206574135677
66,03.08.2017,2017-08-03,6,2017,True,0.014276155681814,0.019118800349823176,0.020714114197542058,0.018225440455189007
66,04.08.2017,2017-08-04,6,2017,True,0.0143431862742034,0.018652971519040447,0.020714114197542058,0.018237802428793016
66,07.08.2017,2017-08-07,6,2017,True,0.014354892665103,0.019189018079172303,0.020714114197542058,0.01807205920183762
66,08.08.2017,2017-08-08,6,2017,True,0.0143336607921616,0.019081246479710746,0.020714114197542058,0.0180576674976592
66,09.08.2017,2017-08-09,6,2017,True,0.0143489836732744,0.018502496356290487,0.020714114197542058,0.01699803231717793
66,10.08.2017,2017-08-10,6,2017,True,0.0142102806010023,0.017720523101646648,0.020714114197542058,0.016954951752941715
66,11.08.2017,2017-08-11,6,2017,True,0.0143837888403604,0.021684645160280153,0.020714114197542058,0.01706678001756436
66,14.08.2017,2017-08-14,6,2017,True,0.0139490664877872,0.022429206773152615,0.020714114197542058,0.016990460082127005
66,15.08.2017,2017-08-15,6,2017,True,0.0140168888715929,0.021532699836142158,0.020714114197542058,0.01693112273208698
66,16.08.2017,2017-08-16,6,2017,True,0.014109431819497,0.023054623871565833,0.020714114197542058,0.016878703557977357
66,17.08.2017,2017-08-17,6,2017,True,0.0141013420341758,0.02154544483578879,0.020714114197542058,0.016927023020535982
66,18.08.2017,2017-08-18,6,2017,True,0.0136133766947842,0.023208271607707966,0.020714114197542058,0.01686281339990326
66,21.08.2017,2017-08-21,6,2017,True,0.0133546206149091,0.021811968140516228,0.020714114197542058,0.017334264136596635
66,22.08.2017,2017-08-22,6,2017,True,0.0133707420466262,0.021907970837763014,0.020714114197542058,0.017467292027711356
66,23.08.2017,2017-08-23,6,2017,True,0.0133153970745819,0.022061886424287122,0.020714114197542058,0.017459826082801045
66,24.08.2017,2017-08-24,6,2017,True,0.013240842843687,0.021847525978436907,0.020714114197542058,0.017347711440213704
66,25.08.2017,2017-08-25,6,2017,True,0.0132986909897504,0.02193896681043467,0.020714114197542058,0.017377388952506175
66,28.08.2017,2017-08-28,6,2017,True,0.0132126864107509,0.022084932686117744,0.020714114197542058,0.017388563609703447
66,29.08.2017,2017-08-29,6,2017,True,0.0132229888199055,0.024151586245097743,0.020714114197542058,0.017423940259630802
66,30.08.2017,2017-08-30,6,2017,True,0.0130748291711107,0.022113990879408078,0.020714114197542058,0.016412575882906188
66,31.08.2017,2017-08-31,6,2017,True,0.0126624783150046,0.022935847757754937,0.020714114197542058,0.016555423931288834
66,01.09.2017,2017-09-01,6,2017,True,0.0131556531442491,0.021993748517231747,0.020714114197542058,0.016941008569780334
66,05.09.2017,2017-09-05,6,2017,True,0.0130791391008306,0.022412504950895404,0.020714114197542058,0.01651901089022066
66,06.09.2017,2017-09-06,6,2017,True,0.0131463749821133,0.022009602076478785,0.020714114197542058,0.016691776279981363
66,07.09.2017,2017-09-07,6,2017,True,0.0133228286742883,0.022100833221228064,0.020714114197542058,0.016749916349112617
66,08.09.2017,2017-09-08,6,2017,True,0.0135024823166276,0.022376641524579976,0.020714114197542058,0.016701502744426663
66,11.09.2017,2017-09-11,6,2017,True,0.0136590599928867,0.022534896217496183,0.020714114197542058,0.01673274183619466
66,12.09.2017,2017-09-12,6,2017,True,0.013715961561881,0.019503342982695515,0.020714114197542058,0.015844742134316678
66,13.09.2017,2017-09-13,6,2017,True,0.0136113571699787,0.020075246524436423,0.020714114197542058,0.015845681733330383
66,14.09.2017,2017-09-14,6,2017,True,0.0136045645312305,0.020291575233868236,0.020714114197542058,0.015936478653604976
66,15.09.2017,2017-09-15,6,2017,True,0.0136137303772757,0.018880813153101833,0.020714114197542058,0.015942146238773575
66,18.09.2017,2017-09-18,6,2017,True,0.013653809417455,0.01936308617176968,0.020714114197542058,0.015919945329687355
66,19.09.2017,2017-09-19,6,2017,True,0.0136174074017237,0.019363703014191366,0.020714114197542058,0.015209993203258387
66,20.09.2017,2017-09-20,6,2017,True,0.0134323941155245,0.020177250954599976,0.020714114197542058,0.01523875386301025
66,21.09.2017,2017-09-21,6,2017,True,0.013767563684267,0.019873069103521473,0.020714114197542058,0.015378852023378239
66,22.09.2017,2017-09-22,6,2017,True,0.0138226368498315,0.01986096393691713,0.020714114197542058,0.015300962032070512
66,25.09.2017,2017-09-25,6,2017,True,0.0131185797427891,0.01994400432438581,0.020714114197542058,0.01506288995729309
66,26.09.2017,2017-09-26,6,2017,True,0.0130449080732506,0.015452040629185237,0.020714114197542058,0.015175935686793983
66,27.09.2017,2017-09-27,6,2017,True,0.0129726850034181,0.015889532923483687,0.020714114197542058,0.015261720911413526
66,28.09.2017,2017-09-28,6,2017,True,0.0130658504823238,0.01577702685494128,0.020714114197542058,0.015341829997406298
66,29.09.2017,2017-09-29,6,2017,True,0.013066227861425,0.016755799819656685,0.020714114197542058,0.015410183092323023
66,02.10.2017,2017-10-02,6,2017,True,0.0126601827082175,0.015328346011757877,0.020714114197542058,0.015306313305834802
66,03.10.2017,2017-10-03,6,2017,True,0.0126451383880312,0.0155761935371469,0.020714114197542058,0.01563061536529457
66,04.10.2017,2017-10-04,6,2017,True,0.0127088012361168,0.015388817655604091,0.020714114197542058,0.015641429503185696
66,05.10.2017,2017-10-05,6,2017,True,0.0125099572883106,0.014989789774248223,0.020714114197542058,0.015627002229722627
66,06.10.2017,2017-10-06,6,2017,True,0.0120343304586047,0.014471073548712413,0.020714114197542058,0.015236520625018493
66,09.10.2017,2017-10-09,6,2017,True,0.0120529086189408,0.01413576368893602,0.020714114197542058,0.014740631388760852
66,10.10.2017,2017-10-10,6,2017,True,0.01208802741393,0.0143296321367732,0.020714114197542058,0.014730832977642085
66,11.10.2017,2017-10-11,6,2017,True,0.0120830991345176,0.013159465136630315,0.020714114197542058,0.014260263031170029
66,12.10.2017,2017-10-12,6,2017,True,0.0119444885388521,0.01315442896267603,0.020714114197542058,0.014264479768543507
66,13.10.2017,2017-10-13,6,2017,True,0.0119420220086421,0.013324058899443096,0.020714114197542058,0.0143217652531557
66,16.10.2017,2017-10-16,6,2017,True,0.0119018754594957,0.01332674705073192,0.020714114197542058,0.014418392766733765
66,17.10.2017,2017-10-17,6,2017,True,0.0119723811198238,0.012987115394509125,0.020714114197542058,0.014388036939177598
66,18.10.2017,2017-10-18,6,2017,True,0.0119878727309937,0.013460930989762063,0.020714114197542058,0.014359681227574262
66,19.10.2017,2017-10-19,6,2017,True,0.0117682207659837,0.013542127724309364,0.020714114197542058,0.014274718419215562
66,20.10.2017,2017-10-20,6,2017,True,0.0117467921616401,0.013692444334282594,0.020714114197542058,0.014439202345625995
66,23.10.2017,2017-10-23,6,2017,True,0.0119005958551307,0.013684100487240575,0.020714114197542058,0.014341088609430253
66,24.10.2017,2017-10-24,6,2017,True,0.0118292783500682,0.013949128082721914,0.020714114197542058,0.014325805591297315
66,25.10.2017,2017-10-25,6,2017,True,0.0118318781307267,0.01319813748254262,0.020714114197542058,0.014003446748529068
66,26.10.2017,2017-10-26,6,2017,True,0.0117374841429223,0.01341820789051832,0.020714114197542058,0.013965997246763213
66,27.10.2017,2017-10-27,6,2017,True,0.011606589236423,0.012803154878513323,0.020714114197542058,0.01355158668554993
66,30.10.2017,2017-10-30,6,2017,True,0.0117496085834754,0.012912753819991966,0.020714114197542058,0.013614658024999728
66,31.10.2017,2017-10-31,6,2017,True,0.0118301368142651,0.013516867402138257,0.020714114197542058,0.01359635118106125
66,01.11.2017,2017-11-01,6,2017,True,0.01212455762667,0.013156294402087565,0.020714114197542058,0.013440565471436343
66,02.11.2017,2017-11-02,6,2017,True,0.0121208056613046,0.014226114430293363,0.020714114197542058,0.013448115268179494
66,03.11.2017,2017-11-03,6,2017,True,0.0124399669211997,0.014764541933710624,0.020714114197542058,0.013543775626166155
66,06.11.2017,2017-11-06,6,2017,True,0.0116667547773061,0.014191665260182222,0.020714114197542058,0.013767116391297704
66,07.11.2017,2017-11-07,6,2017,True,0.0116199704969561,0.014263344152180935,0.020714114197542058,0.014276155681814064
66,08.11.2017,2017-11-08,6,2017,True,0.0120471305313912,0.016094203711906882,0.020714114197542058,0.014343186274203416
66,09.11.2017,2017-11-09,6,2017,True,0.0120181948138859,0.014748975042863384,0.020714114197542058,0.014354892665103064
66,10.11.2017,2017-11-10,6,2017,True,0.0120278811590036,0.015510916177593858,0.020714114197542058,0.014333660792161664
66,13.11.2017,2017-11-13,6,2017,True,0.0120264619072392,0.01970138074312441,0.020714114197542058,0.014348983673274389
66,14.11.2017,2017-11-14,6,2017,True,0.011868583776432,0.021920958925680467,0.020714114197542058,0.014210280601002349
66,15.11.2017,2017-11-15,6,2017,True,0.0119651638101566,0.021011997232159227,0.020714114197542058,0.014383788840360458
66,16.11.2017,2017-11-16,6,2017,True,0.0120078003107523,0.01894114005938009,0.020714114197542058,0.013949066487787268
66,17.11.2017,2017-11-17,6,2017,True,0.0117326509679151,0.017123685565057965,0.020714114197542058,0.014016888871592881
66,20.11.2017,2017-11-20,6,2017,True,0.0118077519701564,0.0141616840655079,0.020714114197542058,0.014109431819497061
66,21.11.2017,2017-11-21,6,2017,True,0.0119157279122767,0.01417213108694845,0.020714114197542058,0.014101342034175787
66,22.11.2017,2017-11-22,6,2017,True,0.0118355929938987,0.013403798144148153,0.020714114197542058,0.013613376694784268
66,24.11.2017,2017-11-24,6,2017,True,0.0120750903005001,0.015764217830410023,0.020714114197542058,0.01335462061490912
66,27.11.2017,2017-11-27,6,2017,True,0.0122740306066952,0.01596294624410336,0.020714114197542058,0.013370742046626178
66,28.11.2017,2017-11-28,6,2017,True,0.0122707263482436,0.018044441090633676,0.020714114197542058,0.013315397074581884
66,29.11.2017,2017-11-29,6,2017,True,0.0125471818124613,0.017017688406489418,0.020714114197542058,0.01324084284368701
66,30.11.2017,2017-11-30,6,2017,True,0.0125980262013768,0.016539452352356633,0.020714114197542058,0.0132986909897504
66,01.12.2017,2017-12-01,6,2017,True,0.013096317179605,0.015759872434997643,0.020714114197542058,0.013212686410750964
66,04.12.2017,2017-12-04,6,2017,True,0.0129706055409009,0.015546639292220624,0.020714114197542058,0.013222988819905525
66,05.12.2017,2017-12-05,6,2017,True,0.012965621690308,0.014377817279027757,0.020714114197542058,0.01307482917111073
66,06.12.2017,2017-12-06,6,2017,True,0.0125290239991496,0.014523474122087689,0.020714114197542058,0.012662478315004659
66,07.12.2017,2017-12-07,6,2017,True,0.0123930794606099,0.01475417027651112,0.020714114197542058,0.013155653144249163
66,08.12.2017,2017-12-08,6,2017,True,0.0123394564551951,0.01408229311409697,0.020714114197542058,0.013079139100830642
66,11.12.2017,2017-12-11,6,2017,True,0.0121015584588056,0.01426592990227669,0.020714114197542058,0.013146374982113285
66,12.12.2017,2017-12-12,6,2017,True,0.0120532853234331,0.014233918320781774,0.020714114197542058,0.013322828674288311
66,13.12.2017,2017-12-13,6,2017,True,0.0124172886412222,0.01472231935053309,0.020714114197542058,0.013502482316627653
66,14.12.2017,2017-12-14,6,2017,True,0.0123786056573757,0.01468687209542982,0.020714114197542058,0.013659059992886713
66,15.12.2017,2017-12-15,6,2017,True,0.012636057908302,0.014806653013362541,0.020714114197542058,0.013715961561880975
66,18.12.2017,2017-12-18,6,2017,True,0.0126590478336537,0.01480310835213368,0.020714114197542058,0.01361135716997875
66,19.12.2017,2017-12-19,6,2017,True,0.0126474678106849,0.014692258856317955,0.020714114197542058,0.013604564531230524
66,20.12.2017,2017-12-20,6,2017,True,0.012635427905823,0.0152565003135177,0.020714114197542058,0.013613730377275732
66,21.12.2017,2017-12-21,6,2017,True,0.0126792259601712,0.015373180892326851,0.020714114197542058,0.013653809417455033
66,22.12.2017,2017-12-22,6,2017,True,0.0135600499310041,0.015425167401463004,0.020714114197542058,0.013617407401723739
66,26.12.2017,2017-12-26,6,2017,True,0.0131857170615426,0.01503498932591468,0.020714114197542058,0.013432394115524538
66,27.12.2017,2017-12-27,6,2017,True,0.0131402861913005,0.014470451251146354,0.020714114197542058,0.013767563684266997
66,28.12.2017,2017-12-28,6,2017,True,0.0131418936353873,0.01448324937539343,0.020714114197542058,0.013822636849831491
66,29.12.2017,2017-12-29,6,2017,True,0.0133331120542675,0.013728805959953513,0.020714114197542058,0.013118579742789141
66,02.01.2018,2018-01-02,7,2018,True,0.0136191364872658,0.014037718775089301,0.020249152911013885,0.013044908073250617
66,03.01.2018,2018-01-03,7,2018,True,0.0140616352406624,0.014224962519526626,0.020249152911013885,0.012972685003418126
66,04.01.2018,2018-01-04,7,2018,True,0.0141569363022125,0.014270833944257008,0.020249152911013885,0.013065850482323848
66,05.01.2018,2018-01-05,7,2018,True,0.0141271641018891,0.014146953063481875,0.020249152911013885,0.01306622786142498
66,08.01.2018,2018-01-08,7,2018,True,0.0141509327374727,0.013703820492331995,0.020249152911013885,0.012660182708217525
66,09.01.2018,2018-01-09,7,2018,True,0.014193165910548,0.013589902044734476,0.020249152911013885,0.012645138388031257
66,10.01.2018,2018-01-10,7,2018,True,0.0141813450757277,0.013977187960934048,0.020249152911013885,0.012708801236116826
66,11.01.2018,2018-01-11,7,2018,True,0.0145295820172461,0.01416442239208791,0.020249152911013885,0.012509957288310579
66,12.01.2018,2018-01-12,7,2018,True,0.0145019133219418,0.013793289795995664,0.020249152911013885,0.012034330458604707
66,16.01.2018,2018-01-16,7,2018,True,0.0144384827329928,0.01380727284017731,0.020249152911013885,0.012052908618940792
66,17.01.2018,2018-01-17,7,2018,True,0.0144670249515871,0.014153659316736312,0.020249152911013885,0.012088027413929966
66,18.01.2018,2018-01-18,7,2018,True,0.0145474428434055,0.013843946349643858,0.020249152911013885,0.0120830991345176
66,19.01.2018,2018-01-19,7,2018,True,0.0144812704235979,0.01369929691942848,0.020249152911013885,0.01194448853885212
66,22.01.2018,2018-01-22,7,2018,True,0.0145092487873848,0.012796354239907253,0.020249152911013885,0.011942022008642146
66,23.01.2018,2018-01-23,7,2018,True,0.0144321018393526,0.01304402366199185,0.020249152911013885,0.011901875459495686
66,24.01.2018,2018-01-24,7,2018,True,0.0144247668334193,0.01333853517318179,0.020249152911013885,0.011972381119823827
66,25.01.2018,2018-01-25,7,2018,True,0.0144218406263383,0.01366977741670528,0.020249152911013885,0.011987872730993717
66,26.01.2018,2018-01-26,7,2018,True,0.0147555997081757,0.013059882981201964,0.020249152911013885,0.01176822076598374
66,29.01.2018,2018-01-29,7,2018,True,0.0146275805791179,0.012845324689961845,0.020249152911013885,0.011746792161640112
66,30.01.2018,2018-01-30,7,2018,True,0.0147292788883204,0.013281843070478416,0.020249152911013885,0.011900595855130725
66,31.01.2018,2018-01-31,7,2018,True,0.0148595312131457,0.013561439762979193,0.020249152911013885,0.01182927835006823
66,01.02.2018,2018-02-01,7,2018,True,0.0150415837943177,0.01359297095896847,0.020249152911013885,0.0118318781307267
66,02.02.2018,2018-02-02,7,2018,True,0.0154430641031501,0.013139331816947741,0.020249152911013885,0.011737484142922323
66,05.02.2018,2018-02-05,7,2018,True,0.0153156434358311,0.013414462593619574,0.020249152911013885,0.011606589236423019
66,06.02.2018,2018-02-06,7,2018,True,0.0152472516317735,0.014255302738128901,0.020249152911013885,0.011749608583475403
66,07.02.2018,2018-02-07,7,2018,True,0.0150542379030039,0.015002053437174083,0.020249152911013885,0.011830136814265126
66,08.02.2018,2018-02-08,7,2018,True,0.0149604025337216,0.015422224289763468,0.020249152911013885,0.012124557626669974
66,09.02.2018,2018-02-09,7,2018,True,0.0143520807728342,0.01716322708539373,0.020249152911013885,0.012120805661304647
66,12.02.2018,2018-02-12,7,2018,True,0.0143335130149958,0.017739564841082855,0.020249152911013885,0.012439966921199693
66,13.02.2018,2018-02-13,7,2018,True,0.0144300008027481,0.016106129730619898,0.020249152911013885,0.011666754777306073
66,14.02.2018,2018-02-14,7,2018,True,0.0141744674950663,0.01661373830200549,0.020249152911013885,0.011619970496956117
66,15.02.2018,2018-02-15,7,2018,True,0.0141680463125428,0.015962547621506427,0.020249152911013885,0.01204713053139119
66,16.02.2018,2018-02-16,7,2018,True,0.0141560287453631,0.015915220351863386,0.020249152911013885,0.012018194813885908
66,20.02.2018,2018-02-20,7,2018,True,0.0142841256080552,0.01646947522586277,0.020249152911013885,0.012027881159003566
66,21.02.2018,2018-02-21,7,2018,True,0.0148551798517785,0.016467305360884636,0.020249152911013885,0.012026461907239234
66,22.02.2018,2018-02-22,7,2018,True,0.0149053306975011,0.016127117162256753,0.020249152911013885,0.011868583776432032
66,23.02.2018,2018-02-23,7,2018,True,0.0151694503684744,0.014230205699553116,0.020249152911013885,0.011965163810156595
66,26.02.2018,2018-02-26,7,2018,True,0.0151696751172475,0.014163436459678118,0.020249152911013885,0.01200780031075232
66,27.02.2018,2018-02-27,7,2018,True,0.0150548391444408,0.013912459519448866,0.020249152911013885,0.01173265096791515
66,28.02.2018,2018-02-28,7,2018,True,0.0154660281099046,0.014233711600827629,0.020249152911013885,0.011807751970156455
66,01.03.2018,2018-03-01,7,2018,True,0.0154615368570949,0.01610591351459971,0.020249152911013885,0.01191572791227668
66,02.03.2018,2018-03-02,7,2018,True,0.015203002671245,0.01602586806396419,0.020249152911013885,0.011835592993898717
66,05.03.2018,2018-03-05,7,2018,True,0.0153526907599293,0.014614782260733787,0.020249152911013885,0.012075090300500075
66,06.03.2018,2018-03-06,7,2018,True,0.0154437580848097,0.015348578259087212,0.020249152911013885,0.012274030606695234
66,07.03.2018,2018-03-07,7,2018,True,0.0151390552921402,0.01461735461152399,0.020249152911013885,0.012270726348243664
66,08.03.2018,2018-03-08,7,2018,True,0.0150920863444618,0.01669025621885439,0.020249152911013885,0.012547181812461353
66,09.03.2018,2018-03-09,7,2018,True,0.0147671032029669,0.014896288990976276,0.020249152911013885,0.012598026201376811
66,12.03.2018,2018-03-12,7,2018,True,0.0147940404159879,0.01460645915189994,0.020249152911013885,0.013096317179605028
66,13.03.2018,2018-03-13,7,2018,True,0.0154159002218668,0.014572966886036695,0.020249152911013885,0.012970605540900937
66,14.03.2018,2018-03-14,7,2018,True,0.0156862392997729,0.0144755125384763,0.020249152911013885,0.012965621690307991
66,15.03.2018,2018-03-15,7,2018,True,0.0157011111669667,0.014527306280416532,0.020249152911013885,0.01252902399914958
66,16.03.2018,2018-03-16,7,2018,True,0.0156173297022907,0.014357157451174232,0.020249152911013885,0.012393079460609873
66,19.03.2018,2018-03-19,7,2018,True,0.0159033472305285,0.0142874621085073,0.020249152911013885,0.012339456455195127
66,20.03.2018,2018-03-20,7,2018,True,0.0162233470014588,0.01401476446799116,0.020249152911013885,0.012101558458805626
66,21.03.2018,2018-03-21,7,2018,True,0.0159061601814111,0.013971817186660662,0.020249152911013885,0.012053285323433166
66,22.03.2018,2018-03-22,7,2018,True,0.0160483352257855,0.014473855888432583,0.020249152911013885,0.01241728864122225
66,23.03.2018,2018-03-23,7,2018,True,0.0159601582533104,0.014734190710142484,0.020249152911013885,0.012378605657375712
66,26.03.2018,2018-03-26,7,2018,True,0.0159424809223094,0.016540133030777667,0.020249152911013885,0.012636057908302046
66,27.03.2018,2018-03-27,7,2018,True,0.0161047176679229,0.016476639130490627,0.020249152911013885,0.012659047833653686
66,28.03.2018,2018-03-28,7,2018,True,0.0164558678300618,0.0163557462831946,0.020249152911013885,0.012647467810684883
66,29.03.2018,2018-03-29,7,2018,True,0.0164267368998367,0.015092608545078504,0.020249152911013885,0.01263542790582299
66,02.04.2018,2018-04-02,7,2018,True,0.0156833147924307,0.014645376234596979,0.020249152911013885,0.012679225960171198
66,03.04.2018,2018-04-03,7,2018,True,0.015685789139657,0.01722918392493865,0.020249152911013885,0.013560049931004086
66,04.04.2018,2018-04-04,7,2018,True,0.0157328117009168,0.014787915493814974,0.020249152911013885,0.013185717061542606
66,05.04.2018,2018-04-05,7,2018,True,0.0157607421896868,0.014444518581809207,0.020249152911013885,0.013140286191300535
66,06.04.2018,2018-04-06,7,2018,True,0.0180423483632683,0.01430899031001491,0.020249152911013885,0.01314189363538731
66,09.04.2018,2018-04-09,7,2018,True,0.0179178264336548,0.014710342729874109,0.020249152911013885,0.013333112054267564
66,10.04.2018,2018-04-10,7,2018,True,0.0174896317688357,0.014668333071396703,0.020249152911013885,0.01361913648726581
66,11.04.2018,2018-04-11,7,2018,True,0.0183896573962518,0.015968695975179557,0.020249152911013885,0.014061635240662469
66,12.04.2018,2018-04-12,7,2018,True,0.0183978249959521,0.016080332631236677,0.020249152911013885,0.014156936302212516
66,13.04.2018,2018-04-13,7,2018,True,0.0184161562961539,0.01655782519521156,0.020249152911013885,0.01412716410188911
66,16.04.2018,2018-04-16,7,2018,True,0.0183140112383439,0.016870233473965164,0.020249152911013885,0.01415093273747277
66,17.04.2018,2018-04-17,7,2018,True,0.0183298670888185,0.017857099280576907,0.020249152911013885,0.014193165910547976
66,18.04.2018,2018-04-18,7,2018,True,0.0180420878691085,0.017275523090309844,0.020249152911013885,0.014181345075727691
66,19.04.2018,2018-04-19,7,2018,True,0.0180465586207753,0.019516399110885433,0.020249152911013885,0.014529582017246101
66,20.04.2018,2018-04-20,7,2018,True,0.0180594054376463,0.01949837660588876,0.020249152911013885,0.014501913321941876
66,23.04.2018,2018-04-23,7,2018,True,0.0180556273264548,0.019371230419190134,0.020249152911013885,0.014438482732992862
66,24.04.2018,2018-04-24,7,2018,True,0.0180043979006309,0.019827345249683714,0.020249152911013885,0.014467024951587101
66,25.04.2018,2018-04-25,7,2018,True,0.0180374269178473,0.019438142236151833,0.020249152911013885,0.014547442843405504
66,26.04.2018,2018-04-26,7,2018,True,0.0180357352118557,0.017465951564083655,0.020249152911013885,0.014481270423597944
66,27.04.2018,2018-04-27,7,2018,True,0.0180350729207044,0.017138267988138445,0.020249152911013885,0.01450924878738481
66,30.04.2018,2018-04-30,7,2018,True,0.0180604692084229,0.017358884432039413,0.020249152911013885,0.014432101839352581
66,01.05.2018,2018-05-01,7,2018,True,0.0180639842199002,0.017991136827572144,0.020249152911013885,0.014424766833419289
66,02.05.2018,2018-05-02,7,2018,True,0.0178369049292253,0.018007858153628098,0.020249152911013885,0.014421840626338306
66,03.05.2018,2018-05-03,7,2018,True,0.0178937877940712,0.0169712893426908,0.020249152911013885,0.01475559970817572
66,04.05.2018,2018-05-04,7,2018,True,0.0182097944568968,0.017307930545416968,0.020249152911013885,0.014627580579117908
66,07.05.2018,2018-05-07,7,2018,True,0.0180760388749378,0.017495654168422237,0.020249152911013885,0.014729278888320417
66,08.05.2018,2018-05-08,7,2018,True,0.0180050725638837,0.019676989968380746,0.020249152911013885,0.014859531213145762
66,09.05.2018,2018-05-09,7,2018,True,0.0175719079390978,0.01754639797511413,0.020249152911013885,0.01504158379431773
66,10.05.2018,2018-05-10,7,2018,True,0.0175642108667835,0.017962709741435,0.020249152911013885,0.015443064103150132
66,11.05.2018,2018-05-11,7,2018,True,0.0177812354764487,0.017800052192804942,0.020249152911013885,0.015315643435831154
66,14.05.2018,2018-05-14,7,2018,True,0.0177255760448367,0.01733882917699632,0.020249152911013885,0.015247251631773573
66,15.05.2018,2018-05-15,7,2018,True,0.0177398383755745,0.017136239926698448,0.020249152911013885,0.015054237903003882
66,16.05.2018,2018-05-16,7,2018,True,0.0176949136658667,0.017382030449012372,0.020249152911013885,0.014960402533721587
66,17.05.2018,2018-05-17,7,2018,True,0.0177161177238527,0.015597480085349637,0.020249152911013885,0.014352080772834203
66,18.05.2018,2018-05-18,7,2018,True,0.0180736968672505,0.014618581961340277,0.020249152911013885,0.014333513014995802
66,21.05.2018,2018-05-21,7,2018,True,0.018032670363931,0.015742605653581907,0.020249152911013885,0.014430000802748092
66,22.05.2018,2018-05-22,7,2018,True,0.0181205532714794,0.015627204555972454,0.020249152911013885,0.014174467495066364
66,23.05.2018,2018-05-23,7,2018,True,0.0181295497515355,0.014792491303978776,0.020249152911013885,0.014168046312542815
66,24.05.2018,2018-05-24,7,2018,True,0.0180705276849332,0.015663119715851326,0.020249152911013885,0.014156028745363114
66,25.05.2018,2018-05-25,7,2018,True,0.0177890827033593,0.015413950744979074,0.020249152911013885,0.0142841256080552
66,29.05.2018,2018-05-29,7,2018,True,0.0177290784672051,0.015850813835691653,0.020249152911013885,0.014855179851778488
66,30.05.2018,2018-05-30,7,2018,True,0.0174108004593638,0.01795196523287836,0.020249152911013885,0.014905330697501154
66,31.05.2018,2018-05-31,7,2018,True,0.017450859389039,0.015002093981902186,0.020249152911013885,0.015169450368474452
66,01.06.2018,2018-06-01,7,2018,True,0.0175101264006008,0.01534321859573372,0.020249152911013885,0.015169675117247552
66,04.06.2018,2018-06-04,7,2018,True,0.017151148559872,0.018797506346493093,0.020249152911013885,0.015054839144440774
66,05.06.2018,2018-06-05,7,2018,True,0.0171580775608642,0.019215119470779196,0.020249152911013885,0.015466028109904615
66,06.06.2018,2018-06-06,7,2018,True,0.0171777864770569,0.020245973512669553,0.020249152911013885,0.015461536857094912
66,07.06.2018,2018-06-07,7,2018,True,0.0170927784322846,0.020140677182408567,0.020249152911013885,0.01520300267124499
66,08.06.2018,2018-06-08,7,2018,True,0.0170608035570429,0.01716305689271092,0.020249152911013885,0.015352690759929318
66,11.06.2018,2018-06-11,7,2018,True,0.0172444892156011,0.016825237251756095,0.020249152911013885,0.015443758084809741
66,12.06.2018,2018-06-12,7,2018,True,0.0172169691222613,0.016914520480639354,0.020249152911013885,0.015139055292140234
66,13.06.2018,2018-06-13,7,2018,True,0.0171638973286433,0.0168505917698445,0.020249152911013885,0.015092086344461849
66,14.06.2018,2018-06-14,7,2018,True,0.0171755976859346,0.01654849093103781,0.020249152911013885,0.014767103202966892
66,15.06.2018,2018-06-15,7,2018,True,0.0166447864780138,0.01654791538969234,0.020249152911013885,0.01479404041598788
66,18.06.2018,2018-06-18,7,2018,True,0.0164071230728528,0.016682110330107587,0.020249152911013885,0.01541590022186687
66,19.06.2018,2018-06-19,7,2018,True,0.0163991856469791,0.016341088583952404,0.020249152911013885,0.015686239299772888
66,20.06.2018,2018-06-20,7,2018,True,0.0167752102758097,0.01641870363367515,0.020249152911013885,0.015701111166966743
66,21.06.2018,2018-06-21,7,2018,True,0.0165218693301089,0.016330493602953168,0.020249152911013885,0.015617329702290744
66,22.06.2018,2018-06-22,7,2018,True,0.0160610684493979,0.016617567720054183,0.020249152911013885,0.015903347230528542
66,25.06.2018,2018-06-25,7,2018,True,0.0159958502168498,0.016299444997433025,0.020249152911013885,0.016223347001458794
66,26.06.2018,2018-06-26,7,2018,True,0.0158668156653478,0.01616345420293843,0.020249152911013885,0.015906160181411135
66,27.06.2018,2018-06-27,7,2018,True,0.0160648599643502,0.015250195988577884,0.020249152911013885,0.016048335225785533
66,28.06.2018,2018-06-28,7,2018,True,0.0160693097007501,0.016169107397179534,0.020249152911013885,0.015960158253310455
66,29.06.2018,2018-06-29,7,2018,True,0.0160222108611352,0.016553165960252015,0.020249152911013885,0.015942480922309404
66,02.07.2018,2018-07-02,7,2018,True,0.0158464036352267,0.016315737916716026,0.020249152911013885,0.01610471766792297
66,03.07.2018,2018-07-03,7,2018,True,0.0158549127161772,0.017173011535681015,0.020249152911013885,0.0164558678300618
66,05.07.2018,2018-07-05,7,2018,True,0.0158460563418323,0.017614696716351776,0.020249152911013885,0.01642673689983673
66,06.07.2018,2018-07-06,7,2018,True,0.0158987737588037,0.01806909980865288,0.020249152911013885,0.015683314792430684
66,09.07.2018,2018-07-09,7,2018,True,0.0161142516111095,0.015669857661696738,0.020249152911013885,0.015685789139657073
66,10.07.2018,2018-07-10,7,2018,True,0.0166558361132822,0.016150258015678216,0.020249152911013885,0.015732811700916775
66,11.07.2018,2018-07-11,7,2018,True,0.0140145127446768,0.016175130609688147,0.020249152911013885,0.01576074218968679
66,12.07.2018,2018-07-12,7,2018,True,0.0139280532573219,0.017070980922397106,0.020249152911013885,0.018042348363268342
66,13.07.2018,2018-07-13,7,2018,True,0.0138903801355769,0.016327107687088553,0.020249152911013885,0.017917826433654863
66,16.07.2018,2018-07-16,7,2018,True,0.0127029211956121,0.016244005937030948,0.020249152911013885,0.01748963176883575
66,17.07.2018,2018-07-17,7,2018,True,0.0127718515132963,0.018735100530980358,0.020249152911013885,0.01838965739625179
66,18.07.2018,2018-07-18,7,2018,True,0.0127387752554614,0.01643574091871269,0.020249152911013885,0.018397824995952168
66,19.07.2018,2018-07-19,7,2018,True,0.0127187853381897,0.016219744267621024,0.020249152911013885,0.01841615629615396
66,20.07.2018,2018-07-20,7,2018,True,0.0138448181986708,0.016696054618524577,0.020249152911013885,0.018314011238343888
66,23.07.2018,2018-07-23,7,2018,True,0.0138542461776547,0.01621482737725355,0.020249152911013885,0.01832986708881852
66,24.07.2018,2018-07-24,7,2018,True,0.0138853038209791,0.016752244136650062,0.020249152911013885,0.01804208786910857
66,25.07.2018,2018-07-25,7,2018,True,0.0139080295090558,0.015750987825328255,0.020249152911013885,0.0180465586207753
66,26.07.2018,2018-07-26,7,2018,True,0.0138863756564834,0.01572172262767377,0.020249152911013885,0.018059405437646316
66,27.07.2018,2018-07-27,7,2018,True,0.0140792302572469,0.015516365322603629,0.020249152911013885,0.01805562732645487
66,30.07.2018,2018-07-30,7,2018,True,0.014055800539979,0.0155401322618255,0.020249152911013885,0.018004397900630933
66,31.07.2018,2018-07-31,7,2018,True,0.0140028766367048,0.01674616073878162,0.020249152911013885,0.018037426917847356
66,01.08.2018,2018-08-01,7,2018,True,0.0146970148634784,0.016605475855192526,0.020249152911013885,0.018035735211855752
66,02.08.2018,2018-08-02,7,2018,True,0.0146497123254027,0.01667945961347743,0.020249152911013885,0.018035072920704383
66,03.08.2018,2018-08-03,7,2018,True,0.014749711894332,0.01681624947866183,0.020249152911013885,0.018060469208422966
66,06.08.2018,2018-08-06,7,2018,True,0.0147194253505089,0.01668457877722107,0.020249152911013885,0.018063984219900242
66,07.08.2018,2018-08-07,7,2018,True,0.0148292647043047,0.015635481563636196,0.020249152911013885,0.017836904929225364
66,08.08.2018,2018-08-08,7,2018,True,0.0143207158830141,0.015519455536044748,0.020249152911013885,0.01789378779407128
66,09.08.2018,2018-08-09,7,2018,True,0.0143175126928372,0.016935864405438365,0.020249152911013885,0.018209794456896838
66,10.08.2018,2018-08-10,7,2018,True,0.0165336729435042,0.015424876105958985,0.020249152911013885,0.018076038874937785
66,13.08.2018,2018-08-13,7,2018,True,0.0165932507887658,0.015278938773057426,0.020249152911013885,0.018005072563883718
66,14.08.2018,2018-08-14,7,2018,True,0.0166295205041626,0.015176687779907461,0.020249152911013885,0.01757190793909782
66,15.08.2018,2018-08-15,7,2018,True,0.0163949455781651,0.01675895079560717,0.020249152911013885,0.017564210866783562
66,16.08.2018,2018-08-16,7,2018,True,0.0163452974897539,0.017796880896887027,0.020249152911013885,0.017781235476448776
66,17.08.2018,2018-08-17,7,2018,True,0.0181682593497799,0.017661812547635637,0.020249152911013885,0.01772557604483672
66,20.08.2018,2018-08-20,7,2018,True,0.0182692755941275,0.01758197519672778,0.020249152911013885,0.017739838375574506
66,21.08.2018,2018-08-21,7,2018,True,0.0204193120734101,0.016382508403521755,0.020249152911013885,0.017694913665866726
66,22.08.2018,2018-08-22,7,2018,True,0.0203952413412489,0.016284792742697732,0.020249152911013885,0.017716117723852703
66,23.08.2018,2018-08-23,7,2018,True,0.0203933093124347,0.016060359065516495,0.020249152911013885,0.01807369686725056
66,24.08.2018,2018-08-24,7,2018,True,0.0204337394237542,0.015878159978902125,0.020249152911013885,0.018032670363931073
66,27.08.2018,2018-08-27,7,2018,True,0.0205058940587397,0.015827378553360524,0.020249152911013885,0.018120553271479434
66,28.08.2018,2018-08-28,7,2018,True,0.0205411696531466,0.01593915293526338,0.020249152911013885,0.018129549751535537
66,29.08.2018,2018-08-29,7,2018,True,0.0214416222458643,0.016138369708916533,0.020249152911013885,0.018070527684933183
66,30.08.2018,2018-08-30,7,2018,True,0.021427662754549,0.015546909931522876,0.020249152911013885,0.017789082703359285
66,31.08.2018,2018-08-31,7,2018,True,0.0217364962333228,0.015847785072268614,0.020249152911013885,0.01772907846720516
66,04.09.2018,2018-09-04,7,2018,True,0.0219939877042237,0.016737287098069015,0.020249152911013885,0.01741080045936382
66,05.09.2018,2018-09-05,7,2018,True,0.0221770462126487,0.016742447039775885,0.020249152911013885,0.017450859389039033
66,06.09.2018,2018-09-06,7,2018,True,0.0221832096337474,0.01659395060373519,0.020249152911013885,0.01751012640060081
66,07.09.2018,2018-09-07,7,2018,True,0.022163946785473,0.01703138444005415,0.020249152911013885,0.017151148559872043
66,10.09.2018,2018-09-10,7,2018,True,0.0223408199820463,0.017200317162441633,0.020249152911013885,0.017158077560864182
66,11.09.2018,2018-09-11,7,2018,True,0.0222000104889759,0.017221874571631265,0.020249152911013885,0.01717778647705693
66,12.09.2018,2018-09-12,7,2018,True,0.0221595828302761,0.01767630331702403,0.020249152911013885,0.017092778432284638
66,13.09.2018,2018-09-13,7,2018,True,0.0230435687900711,0.017212358732760294,0.020249152911013885,0.017060803557042974
66,14.09.2018,2018-09-14,7,2018,True,0.0232017310611609,0.01731709254503515,0.020249152911013885,0.01724448921560116
66,17.09.2018,2018-09-17,7,2018,True,0.0239075081392723,0.017216237433584046,0.020249152911013885,0.017216969122261366
66,18.09.2018,2018-09-18,7,2018,True,0.0238070720769473,0.017082552735810094,0.020249152911013885,0.017163897328643322
66,19.09.2018,2018-09-19,7,2018,True,0.0248299532823826,0.017050258489259583,0.020249152911013885,0.017175597685934667
66,20.09.2018,2018-09-20,7,2018,True,0.0268534884042794,0.016560913787285438,0.020249152911013885,0.01664478647801382
66,21.09.2018,2018-09-21,7,2018,True,0.0272370904608753,0.016258684381364366,0.020249152911013885,0.016407123072852817
66,24.09.2018,2018-09-24,7,2018,True,0.026873726787048,0.016426634893107837,0.020249152911013885,0.01639918564697913
66,25.09.2018,2018-09-25,7,2018,True,0.0271954941606688,0.01723033785858414,0.020249152911013885,0.01677521027580976
66,26.09.2018,2018-09-26,7,2018,True,0.0273945617286167,0.01679031646054531,0.020249152911013885,0.016521869330108987
66,27.09.2018,2018-09-27,7,2018,True,0.0275332694664084,0.01627010376624289,0.020249152911013885,0.016061068449397906
66,28.09.2018,2018-09-28,7,2018,True,0.0276233741073848,0.01669978060367343,0.020249152911013885,0.015995850216849797
66,01.10.2018,2018-10-01,7,2018,True,0.0273541856325773,0.01608213136030759,0.020249152911013885,0.015866815665347846
66,02.10.2018,2018-10-02,7,2018,True,0.0275977897529563,0.019804219421646462,0.020249152911013885,0.016064859964350236
66,03.10.2018,2018-10-03,7,2018,True,0.0281621551364563,0.019913377774065,0.020249152911013885,0.01606930970075015
66,04.10.2018,2018-10-04,7,2018,True,0.0281217117177013,0.01996096527323858,0.020249152911013885,0.016022210861135276
66,05.10.2018,2018-10-05,7,2018,True,0.0281811741005661,0.022411192186502945,0.020249152911013885,0.015846403635226772
66,08.10.2018,2018-10-08,7,2018,True,0.0282863695405103,0.02230971925177907,0.020249152911013885,0.015854912716177234
66,09.10.2018,2018-10-09,7,2018,True,0.0284890430486514,0.023642134461386778,0.020249152911013885,0.015846056341832292
66,10.10.2018,2018-10-10,7,2018,True,0.0284720630342155,0.023476675982992957,0.020249152911013885,0.015898773758803757
66,11.10.2018,2018-10-11,7,2018,True,0.0282241884528499,0.02352985462294895,0.020249152911013885,0.01611425161110953
66,12.10.2018,2018-10-12,7,2018,True,0.0284345262362906,0.022739828840568518,0.020249152911013885,0.01665583611328224
66,15.10.2018,2018-10-15,7,2018,True,0.0284798020735335,0.01888166855500113,0.020249152911013885,0.014014512744676848
66,16.10.2018,2018-10-16,7,2018,True,0.0284415806213165,0.018853642513691014,0.020249152911013885,0.013928053257321915
66,17.10.2018,2018-10-17,7,2018,True,0.0284015355476309,0.019124516307906736,0.020249152911013885,0.013890380135576946
66,18.10.2018,2018-10-18,7,2018,True,0.0284382639311588,0.01709953816249922,0.020249152911013885,0.012702921195612135
66,19.10.2018,2018-10-19,7,2018,True,0.0285662039806337,0.01764233670339794,0.020249152911013885,0.012771851513296286
66,22.10.2018,2018-10-22,7,2018,True,0.0287570657419748,0.014083349074242163,0.020249152911013885,0.012738775255461455
66,23.10.2018,2018-10-23,7,2018,True,0.0283528756938711,0.01583400841222288,0.020249152911013885,0.012718785338189698
66,24.10.2018,2018-10-24,7,2018,True,0.0283664688978768,0.015870743634870153,0.020249152911013885,0.01384481819867084
66,25.10.2018,2018-10-25,7,2018,True,0.0283254738642315,0.016108384019063154,0.020249152911013885,0.013854246177654725
66,26.10.2018,2018-10-26,7,2018,True,0.0283314886150514,0.015617558624019156,0.020249152911013885,0.01388530382097917
66,29.10.2018,2018-10-29,7,2018,True,0.0283387980083839,0.015644338050284288,0.020249152911013885,0.013908029509055791
66,30.10.2018,2018-10-30,7,2018,True,0.0283304853720596,0.015881117863869195,0.020249152911013885,0.013886375656483433
66,31.10.2018,2018-10-31,7,2018,True,0.0283820080042474,0.015531831962115265,0.020249152911013885,0.014079230257246911
66,01.11.2018,2018-11-01,7,2018,True,0.0284093613190702,0.01642597494605696,0.020249152911013885,0.014055800539979003
66,02.11.2018,2018-11-02,7,2018,True,0.0281211145086946,0.018023898166715575,0.020249152911013885,0.014002876636704875
66,05.11.2018,2018-11-05,7,2018,True,0.0281877245986224,0.01680020708901622,0.020249152911013885,0.014697014863478406
66,06.11.2018,2018-11-06,7,2018,True,0.0282680799766074,0.016673353190920438,0.020249152911013885,0.014649712325402776
66,07.11.2018,2018-11-07,7,2018,True,0.0283442044386745,0.017268626416827,0.020249152911013885,0.014749711894331989
66,08.11.2018,2018-11-08,7,2018,True,0.028448243141055,0.01680479109620093,0.020249152911013885,0.014719425350508948
66,09.11.2018,2018-11-09,7,2018,True,0.0284433731001949,0.01760509548774826,0.020249152911013885,0.014829264704304755
66,12.11.2018,2018-11-12,7,2018,True,0.0284714145030702,0.017307522772823297,0.020249152911013885,0.014320715883014104
66,13.11.2018,2018-11-13,7,2018,True,0.0271755501444132,0.01818502613923836,0.020249152911013885,0.014317512692837204
66,14.11.2018,2018-11-14,7,2018,True,0.0271496021898932,0.018779868208202242,0.020249152911013885,0.016533672943504205
66,15.11.2018,2018-11-15,7,2018,True,0.0274918939428553,0.01948749305045513,0.020249152911013885,0.016593250788765872
66,16.11.2018,2018-11-16,7,2018,True,0.0275051343140104,0.019430071342928287,0.020249152911013885,0.0166295205041626
66,19.11.2018,2018-11-19,7,2018,True,0.0275970550738818,0.019116874117664582,0.020249152911013885,0.016394945578165086
66,20.11.2018,2018-11-20,7,2018,True,0.0263541779089828,0.018754972703226992,0.020249152911013885,0.01634529748975397
66,21.11.2018,2018-11-21,7,2018,True,0.0263608324653788,0.020667394322163198,0.020249152911013885,0.018168259349779902
66,23.11.2018,2018-11-23,7,2018,True,0.0245612664574128,0.020711407562148308,0.020249152911013885,0.01826927559412756
66,26.11.2018,2018-11-26,7,2018,True,0.0243377982462376,0.023958512507953743,0.020249152911013885,0.02041931207341016
66,27.11.2018,2018-11-27,7,2018,True,0.0243272372047185,0.024220941595694115,0.020249152911013885,0.020395241341248954
66,28.11.2018,2018-11-28,7,2018,True,0.0241157888589695,0.024409260216238262,0.020249152911013885,0.020393309312434778
66,29.11.2018,2018-11-29,7,2018,True,0.0241099628508546,0.025567417423924595,0.020249152911013885,0.020433739423754205
66,30.11.2018,2018-11-30,7,2018,True,0.02407435089393,0.027568447635184675,0.020249152911013885,0.0205058940587397
66,03.12.2018,2018-12-03,7,2018,True,0.0233274968547633,0.02660050038591872,0.020249152911013885,0.020541169653146656
66,04.12.2018,2018-12-04,7,2018,True,0.0233655556363667,0.029497531046824167,0.020249152911013885,0.021441622245864333
66,06.12.2018,2018-12-06,7,2018,True,0.0229817023842906,0.028611236034617793,0.020249152911013885,0.021427662754549052
66,07.12.2018,2018-12-07,7,2018,True,0.0227745200901817,0.028956501100717517,0.020249152911013885,0.0217364962333228
66,10.12.2018,2018-12-10,7,2018,True,0.0224844077299826,0.02246851528408255,0.020249152911013885,0.02199398770422373
66,11.12.2018,2018-12-11,7,2018,True,0.0224831623024769,0.025490257168111045,0.020249152911013885,0.02217704621264876
66,12.12.2018,2018-12-12,7,2018,True,0.0225236627459492,0.021744800375723853,0.020249152911013885,0.022183209633747453
66,13.12.2018,2018-12-13,7,2018,True,0.0224339268256262,0.019371354508490042,0.020249152911013885,0.02216394678547305
66,14.12.2018,2018-12-14,7,2018,True,0.0223516147959692,0.018935444792279054,0.020249152911013885,0.022340819982046334
66,17.12.2018,2018-12-17,7,2018,True,0.0222946824232396,0.019411558608544936,0.020249152911013885,0.022200010488975953
66,18.12.2018,2018-12-18,7,2018,True,0.021036938920232,0.023306646444890094,0.020249152911013885,0.022159582830276144
66,19.12.2018,2018-12-19,7,2018,True,0.0209677621502291,0.02723353807007126,0.020249152911013885,0.0230435687900711
66,20.12.2018,2018-12-20,7,2018,True,0.0198404363510962,0.029917946225367944,0.020249152911013885,0.02320173106116093
66,21.12.2018,2018-12-21,7,2018,True,0.0197810721108267,0.029954566351698193,0.020249152911013885,0.023907508139272376
66,24.12.2018,2018-12-24,7,2018,True,0.0178763909707675,0.02983797556154314,0.020249152911013885,0.023807072076947374
66,26.12.2018,2018-12-26,7,2018,True,0.015481415511417,0.0323729671670709,0.020249152911013885,0.024829953282382685
66,27.12.2018,2018-12-27,7,2018,True,0.0143383333129637,0.03283056548388645,0.020249152911013885,0.02685348840427941
66,28.12.2018,2018-12-28,7,2018,True,0.0143364644990323,0.034459240686182176,0.020249152911013885,0.027237090460875354
66,31.12.2018,2018-12-31,7,2018,True,0.0140161653179602,0.03248621562801106,0.020249152911013885,0.026873726787048007
66,02.01.2019,2019-01-02,8,2019,True,0.013892470311563,0.029140725838593978,0.01979162635556357,0.027195494160668843
66,03.01.2019,2019-01-03,8,2019,True,0.0138296762482788,0.03170337346901171,0.01979162635556357,0.027394561728616706
66,04.01.2019,2019-01-04,8,2019,True,0.0137678341606737,0.03190611408034748,0.01979162635556357,0.027533269466408477
66,07.01.2019,2019-01-07,8,2019,True,0.0139083932198507,0.029830795257117335,0.01979162635556357,0.027623374107384874
66,08.01.2019,2019-01-08,8,2019,True,0.0136933465399901,0.027343801382395807,0.01979162635556357,0.027354185632577355
66,09.01.2019,2019-01-09,8,2019,True,0.0126662260458912,0.02561571098742717,0.01979162635556357,0.027597789752956355
66,10.01.2019,2019-01-10,8,2019,True,0.0126816430135304,0.024816407614260357,0.01979162635556357,0.028162155136456386
66,11.01.2019,2019-01-11,8,2019,True,0.0123917146422495,0.02454826039394653,0.01979162635556357,0.028121711717701357
66,14.01.2019,2019-01-14,8,2019,True,0.0119075483698114,0.021364715078791695,0.01979162635556357,0.028181174100566135
66,15.01.2019,2019-01-15,8,2019,True,0.0119323253328585,0.02150875805848975,0.01979162635556357,0.02828636954051038
66,16.01.2019,2019-01-16,8,2019,True,0.0118965054623702,0.019981037511876323,0.01979162635556357,0.028489043048651408
66,17.01.2019,2019-01-17,8,2019,True,0.0118816451334252,0.01947442485637173,0.01979162635556357,0.028472063034215497
66,18.01.2019,2019-01-18,8,2019,True,0.0115932285505375,0.01919032866097732,0.01979162635556357,0.028224188452849953
66,22.01.2019,2019-01-22,8,2019,True,0.0119733855554211,0.01962781924241202,0.01979162635556357,0.028434526236290607
66,23.01.2019,2019-01-23,8,2019,True,0.0119389945321347,0.019294633306659616,0.01979162635556357,0.028479802073533515
66,24.01.2019,2019-01-24,8,2019,True,0.0119719928283068,0.01934931240532675,0.01979162635556357,0.028441580621316544
66,25.01.2019,2019-01-25,8,2019,True,0.012024088032112,0.020151153977570516,0.01979162635556357,0.028401535547630936
66,28.01.2019,2019-01-28,8,2019,True,0.0117451576701185,0.020885250147385806,0.01979162635556357,0.028438263931158843
66,29.01.2019,2019-01-29,8,2019,True,0.0114650871891092,0.021640196751980603,0.01979162635556357,0.02856620398063378
66,30.01.2019,2019-01-30,8,2019,True,0.0114656185785852,0.02180105815279758,0.01979162635556357,0.0287570657419748
66,31.01.2019,2019-01-31,8,2019,True,0.0117635025358951,0.021295736881482914,0.01979162635556357,0.02835287569387112
66,01.02.2019,2019-02-01,8,2019,True,0.0117772352025941,0.020983526361120348,0.01979162635556357,0.028366468897876813
66,04.02.2019,2019-02-04,8,2019,True,0.0117325356953848,0.021063047221258378,0.01979162635556357,0.028325473864231558
66,05.02.2019,2019-02-05,8,2019,True,0.0116626125794775,0.02107510204824856,0.01979162635556357,0.0283314886150514
66,06.02.2019,2019-02-06,8,2019,True,0.0116385350531076,0.021023043235880327,0.01979162635556357,0.028338798008383913
66,07.02.2019,2019-02-07,8,2019,True,0.0114991472506276,0.02120016702795589,0.01979162635556357,0.0283304853720596
66,08.02.2019,2019-02-08,8,2019,True,0.0114978320936677,0.021309227219238617,0.01979162635556357,0.028382008004247394
66,11.02.2019,2019-02-11,8,2019,True,0.0114623916349598,0.022005768488305502,0.01979162635556357,0.028409361319070223
66,12.02.2019,2019-02-12,8,2019,True,0.0114035110435034,0.021509204358298378,0.01979162635556357,0.028121114508694693
66,13.02.2019,2019-02-13,8,2019,True,0.0112302076078472,0.02216417932352966,0.01979162635556357,0.02818772459862241
66,14.02.2019,2019-02-14,8,2019,True,0.0111111138344052,0.02167362468705017,0.01979162635556357,0.02826807997660748
66,15.02.2019,2019-02-15,8,2019,True,0.0109242326543313,0.021764867249425557,0.01979162635556357,0.02834420443867455
66,19.02.2019,2019-02-19,8,2019,True,0.0123929232436354,0.022327983492263188,0.01979162635556357,0.02844824314105505
66,20.02.2019,2019-02-20,8,2019,True,0.0124511504623384,0.021655358038263708,0.01979162635556357,0.028443373100194968
66,21.02.2019,2019-02-21,8,2019,True,0.0126942973081101,0.021600463257737342,0.01979162635556357,0.028471414503070263
66,22.02.2019,2019-02-22,8,2019,True,0.0127553743061095,0.02052594369484797,0.01979162635556357,0.027175550144413235
66,25.02.2019,2019-02-25,8,2019,True,0.0128478988111603,0.021596541920567154,0.01979162635556357,0.027149602189893235
66,26.02.2019,2019-02-26,8,2019,True,0.013592176402476,0.021310285904728974,0.01979162635556357,0.027491893942855318
66,27.02.2019,2019-02-27,8,2019,True,0.0147796168342536,0.021370391216791577,0.01979162635556357,0.027505134314010422
66,28.02.2019,2019-02-28,8,2019,True,0.014848152692679,0.021259622740368765,0.01979162635556357,0.02759705507388185
66,01.03.2019,2019-03-01,8,2019,True,0.0149764563452362,0.021459442093980107,0.01979162635556357,0.026354177908982854
66,04.03.2019,2019-03-04,8,2019,True,0.0150894669844205,0.021978831400103205,0.01979162635556357,0.02636083246537888
66,05.03.2019,2019-03-05,8,2019,True,0.0154421116871993,0.021133014853838582,0.01979162635556357,0.024561266457412842
66,06.03.2019,2019-03-06,8,2019,True,0.0155529584393816,0.020854189814023264,0.01979162635556357,0.02433779824623763
66,07.03.2019,2019-03-07,8,2019,True,0.0155378693557431,0.020928384422455277,0.01979162635556357,0.02432723720471858
66,08.03.2019,2019-03-08,8,2019,True,0.0161685858519286,0.020565431863061093,0.01979162635556357,0.02411578885896953
66,11.03.2019,2019-03-11,8,2019,True,0.0163351799719026,0.020618717902413815,0.01979162635556357,0.02410996285085463
66,12.03.2019,2019-03-12,8,2019,True,0.0164059145352709,0.02070242681321747,0.01979162635556357,0.024074350893930008
66,13.03.2019,2019-03-13,8,2019,True,0.0164292893441097,0.019864843787219005,0.01979162635556357,0.02332749685476332
66,14.03.2019,2019-03-14,8,2019,True,0.0166268403528675,0.019822182781442266,0.01979162635556357,0.02336555563636672
66,15.03.2019,2019-03-15,8,2019,True,0.0166340011937202,0.019857126959547323,0.01979162635556357,0.022981702384290606
66,18.03.2019,2019-03-18,8,2019,True,0.017435408916528,0.019955438133394517,0.01979162635556357,0.022774520090181775
66,19.03.2019,2019-03-19,8,2019,True,0.0174997273249219,0.02068330884017041,0.01979162635556357,0.02248440772998265
66,20.03.2019,2019-03-20,8,2019,True,0.017425323229794,0.020558672878664502,0.01979162635556357,0.02248316230247692
66,21.03.2019,2019-03-21,8,2019,True,0.0173981604229415,0.020950458120686223,0.01979162635556357,0.02252366274594924
66,22.03.2019,2019-03-22,8,2019,True,0.0175540041907893,0.020663798192459486,0.01979162635556357,0.02243392682562619
66,25.03.2019,2019-03-25,8,2019,True,0.0175509967758002,0.02028462130633082,0.01979162635556357,0.02235161479596924
66,26.03.2019,2019-03-26,8,2019,True,0.0174931729598207,0.022095963707955114,0.01979162635556357,0.022294682423239655
66,27.03.2019,2019-03-27,8,2019,True,0.0177068528494189,0.020907831181741807,0.01979162635556357,0.021036938920232014
66,28.03.2019,2019-03-28,8,2019,True,0.0184154767865588,0.021063252536408218,0.01979162635556357,0.020967762150229104
66,29.03.2019,2019-03-29,8,2019,True,0.0186103114450396,0.01923852213509697,0.01979162635556357,0.019840436351096214
66,01.04.2019,2019-04-01,8,2019,True,0.0185912734005169,0.02007351269678524,0.01979162635556357,0.019781072110826723
66,02.04.2019,2019-04-02,8,2019,True,0.018574832308317,0.018259166914782264,0.01979162635556357,0.017876390970767563
66,03.04.2019,2019-04-03,8,2019,True,0.0185763847213386,0.015405984145987792,0.01979162635556357,0.015481415511417003
66,04.04.2019,2019-04-04,8,2019,True,0.0193705956622401,0.014081830267868533,0.01979162635556357,0.014338333312963723
66,05.04.2019,2019-04-05,8,2019,True,0.0193086388609295,0.014073381756445794,0.01979162635556357,0.014336464499032291
66,08.04.2019,2019-04-08,8,2019,True,0.019260576447215,0.013914381715403715,0.01979162635556357,0.014016165317960204
66,09.04.2019,2019-04-09,8,2019,True,0.0192491412914236,0.013932491902457416,0.01979162635556357,0.013892470311563047
66,10.04.2019,2019-04-10,8,2019,True,0.0195226167487621,0.013755695810527399,0.01979162635556357,0.013829676248278843
66,11.04.2019,2019-04-11,8,2019,True,0.0195079589756425,0.01372300331506754,0.01979162635556357,0.013767834160673726
66,12.04.2019,2019-04-12,8,2019,True,0.0197093983454094,0.013763450843108082,0.01979162635556357,0.013908393219850771
66,15.04.2019,2019-04-15,8,2019,True,0.0197508231938422,0.013590994234568653,0.01979162635556357,0.013693346539990148
66,16.04.2019,2019-04-16,8,2019,True,0.0197975952600303,0.012539258900001637,0.01979162635556357,0.012666226045891266
66,17.04.2019,2019-04-17,8,2019,True,0.0198427372370741,0.012586852788571426,0.01979162635556357,0.012681643013530428
66,18.04.2019,2019-04-18,8,2019,True,0.0198523544273471,0.012267499218088904,0.01979162635556357,0.01239171464224956
66,22.04.2019,2019-04-22,8,2019,True,0.0194999604045137,0.012493032792037522,0.01979162635556357,0.011907548369811474
66,23.04.2019,2019-04-23,8,2019,True,0.0194747674346812,0.012406551101671503,0.01979162635556357,0.011932325332858486
66,24.04.2019,2019-04-24,8,2019,True,0.0194865632432494,0.012500057610795548,0.01979162635556357,0.01189650546237028
66,25.04.2019,2019-04-25,8,2019,True,0.0196134519443691,0.012238908578914546,0.01979162635556357,0.011881645133425229
66,26.04.2019,2019-04-26,8,2019,True,0.0193292097727786,0.012202862686708445,0.01979162635556357,0.011593228550537578
66,29.04.2019,2019-04-29,8,2019,True,0.0213060968724697,0.012826687219587714,0.01979162635556357,0.011973385555421172
66,30.04.2019,2019-04-30,8,2019,True,0.0214744825820396,0.012849241302870965,0.01979162635556357,0.011938994532134737
66,01.05.2019,2019-05-01,8,2019,True,0.0218154547527133,0.012804301428441916,0.01979162635556357,0.011971992828306853
66,02.05.2019,2019-05-02,8,2019,True,0.0217605109266602,0.012879443565258266,0.01979162635556357,0.012024088032112062
66,03.05.2019,2019-05-03,8,2019,True,0.0224254003441217,0.012732170853169442,0.01979162635556357,0.011745157670118528
66,06.05.2019,2019-05-06,8,2019,True,0.0225893759275885,0.012609414856511238,0.01979162635556357,0.01146508718910926
66,07.05.2019,2019-05-07,8,2019,True,0.0226762244860814,0.013943736236563382,0.01979162635556357,0.011465618578585215
66,08.05.2019,2019-05-08,8,2019,True,0.0226481115606835,0.015164786069377717,0.01979162635556357,0.011763502535895148
66,09.05.2019,2019-05-09,8,2019,True,0.02341499613721,0.01492809258266966,0.01979162635556357,0.011777235202594083
66,10.05.2019,2019-05-10,8,2019,True,0.0236571450576002,0.015109277816997333,0.01979162635556357,0.011732535695384825
66,13.05.2019,2019-05-13,8,2019,True,0.0237658322222658,0.014907082238190426,0.01979162635556357,0.011662612579477545
66,14.05.2019,2019-05-14,8,2019,True,0.0237020837453528,0.014694690238216847,0.01979162635556357,0.011638535053107663
66,15.05.2019,2019-05-15,8,2019,True,0.0238168435084226,0.014427266609391412,0.01979162635556357,0.01149914725062759
66,16.05.2019,2019-05-16,8,2019,True,0.0237669115580825,0.012562999969131216,0.01979162635556357,0.01149783209366776
66,17.05.2019,2019-05-17,8,2019,True,0.0237814975561354,0.012565320910476411,0.01979162635556357,0.011462391634959856
66,20.05.2019,2019-05-20,8,2019,True,0.0237855081596268,0.0125324121560533,0.01979162635556357,0.011403511043503413
66,21.05.2019,2019-05-21,8,2019,True,0.0237898771326651,0.012182906794794366,0.01979162635556357,0.01123020760784726
66,22.05.2019,2019-05-22,8,2019,True,0.0237494361349871,0.012252912610502393,0.01979162635556357,0.01111111383440527
66,23.05.2019,2019-05-23,8,2019,True,0.0231960936011516,0.012029410612731798,0.01979162635556357,0.01092423265433136
66,24.05.2019,2019-05-24,8,2019,True,0.0232264143107858,0.016176865310882683,0.01979162635556357,0.012392923243635445
66,28.05.2019,2019-05-28,8,2019,True,0.0231043304347352,0.015640070424256868,0.01979162635556357,0.012451150462338476
66,29.05.2019,2019-05-29,8,2019,True,0.0231109207742991,0.015679890708396222,0.01979162635556357,0.012694297308110138
66,30.05.2019,2019-05-30,8,2019,True,0.0230808262046337,0.01654618594605685,0.01979162635556357,0.012755374306109577
66,31.05.2019,2019-05-31,8,2019,True,0.0232806632841186,0.016144945618817626,0.01979162635556357,0.012847898811160333
66,03.06.2019,2019-06-03,8,2019,True,0.022427508967794,0.015669350502942454,0.01979162635556357,0.013592176402476038
66,04.06.2019,2019-06-04,8,2019,True,0.0224162359687292,0.016803909353687713,0.01979162635556357,0.014779616834253599
66,05.06.2019,2019-06-05,8,2019,True,0.0223453428093032,0.01700811380869515,0.01979162635556357,0.014848152692679008
66,06.06.2019,2019-06-06,8,2019,True,0.0222540631758214,0.01708055308212661,0.01979162635556357,0.014976456345236205
66,07.06.2019,2019-06-07,8,2019,True,0.022238567014214,0.01728532177128049,0.01979162635556357,0.01508946698442054
66,10.06.2019,2019-06-10,8,2019,True,0.0221714376538144,0.01767160286346593,0.01979162635556357,0.01544211168719934
66,11.06.2019,2019-06-11,8,2019,True,0.0221729744938234,0.01776052863756211,0.01979162635556357,0.015552958439381611
66,12.06.2019,2019-06-12,8,2019,True,0.0274104563910271,0.017285769634117227,0.01979162635556357,0.015537869355743127
66,13.06.2019,2019-06-13,8,2019,True,0.0285793260242579,0.018764504323732587,0.01979162635556357,0.016168585851928593
66,14.06.2019,2019-06-14,8,2019,True,0.0286119878152896,0.018530472540841895,0.01979162635556357,0.01633517997190263
66,17.06.2019,2019-06-17,8,2019,True,0.0285626908924927,0.01859086046515293,0.01979162635556357,0.01640591453527093
66,18.06.2019,2019-06-18,8,2019,True,0.0284688320351761,0.018635194409785037,0.01979162635556357,0.016429289344109747
66,19.06.2019,2019-06-19,8,2019,True,0.0284730083483953,0.01886281783590996,0.01979162635556357,0.016626840352867503
66,20.06.2019,2019-06-20,8,2019,True,0.028194104197776,0.01850147072385146,0.01979162635556357,0.016634001193720275
66,21.06.2019,2019-06-21,8,2019,True,0.0281863467626297,0.019449827955012454,0.01979162635556357,0.017435408916528
66,24.06.2019,2019-06-24,8,2019,True,0.0281908858155209,0.019591973919999294,0.01979162635556357,0.017499727324921943
66,25.06.2019,2019-06-25,8,2019,True,0.0282313623795551,0.019004479437575415,0.01979162635556357,0.01742532322979399
66,26.06.2019,2019-06-26,8,2019,True,0.0281699502012123,0.01835965851519141,0.01979162635556357,0.017398160422941553
66,27.06.2019,2019-06-27,8,2019,True,0.0284126664518087,0.016501203343567347,0.01979162635556357,0.01755400419078936
66,28.06.2019,2019-06-28,8,2019,True,0.0285048739018006,0.016820015592683944,0.01979162635556357,0.017550996775800232
66,01.07.2019,2019-07-01,8,2019,True,0.0283910109463806,0.01806124906082621,0.01979162635556357,0.0174931729598207
66,02.07.2019,2019-07-02,8,2019,True,0.0279917923886973,0.016433949475968296,0.01979162635556357,0.01770685284941894
66,03.07.2019,2019-07-03,8,2019,True,0.0278373887121292,0.016790030304735443,0.01979162635556357,0.018415476786558874
66,05.07.2019,2019-07-05,8,2019,True,0.0278205267846382,0.016876751694233756,0.01979162635556357,0.01861031144503965
66,08.07.2019,2019-07-08,8,2019,True,0.0278226965289243,0.016946855050699455,0.01979162635556357,0.018591273400516927
66,09.07.2019,2019-07-09,8,2019,True,0.0278805324922263,0.016917757611626238,0.01979162635556357,0.018574832308317073
66,10.07.2019,2019-07-10,8,2019,True,0.0274947688988495,0.015199266482535936,0.01979162635556357,0.01857638472133866
66,11.07.2019,2019-07-11,8,2019,True,0.027573402965484,0.016114406624543786,0.01979162635556357,0.019370595662240087
66,12.07.2019,2019-07-12,8,2019,True,0.0275870540196539,0.01555899136271989,0.01979162635556357,0.019308638860929584
66,15.07.2019,2019-07-15,8,2019,True,0.027635632310811,0.01544058986998306,0.01979162635556357,0.019260576447214982
66,16.07.2019,2019-07-16,8,2019,True,0.0273897454252999,0.015756044812076462,0.01979162635556357,0.01924914129142368
66,17.07.2019,2019-07-17,8,2019,True,0.0273775795749812,0.016462506626456454,0.01979162635556357,0.019522616748762177
66,18.07.2019,2019-07-18,8,2019,True,0.0271905692221613,0.01819418805012716,0.01979162635556357,0.01950795897564253
66,19.07.2019,2019-07-19,8,2019,True,0.0272147824040889,0.01720324968188564,0.01979162635556357,0.019709398345409457
66,22.07.2019,2019-07-22,8,2019,True,0.0273410718822445,0.018327112904879404,0.01979162635556357,0.01975082319384221
66,23.07.2019,2019-07-23,8,2019,True,0.0273368381583132,0.01766667831425833,0.01979162635556357,0.01979759526003035
66,24.07.2019,2019-07-24,8,2019,True,0.0273199540534664,0.016496163184871505,0.01979162635556357,0.019842737237074096
66,25.07.2019,2019-07-25,8,2019,True,0.0273296279561498,0.01697758189904133,0.01979162635556357,0.019852354427347136
66,26.07.2019,2019-07-26,8,2019,True,0.0273291186881703,0.016432018143717707,0.01979162635556357,0.019499960404513697
66,29.07.2019,2019-07-29,8,2019,True,0.027390316433048,0.01641637102399337,0.01979162635556357,0.019474767434681274
66,30.07.2019,2019-07-30,8,2019,True,0.0273204481600764,0.016425413054982997,0.01979162635556357,0.019486563243249468
66,31.07.2019,2019-07-31,8,2019,True,0.0274772068651877,0.016288544097394518,0.01979162635556357,0.019613451944369132
66,01.08.2019,2019-08-01,8,2019,True,0.0259085487001791,0.016124201454349466,0.01979162635556357,0.019329209772778598
66,02.08.2019,2019-08-02,8,2019,True,0.0258093073251935,0.019591335644760725,0.01979162635556357,0.021306096872469725
66,05.08.2019,2019-08-05,8,2019,True,0.0255707818508733,0.019659289456294485,0.01979162635556357,0.021474482582039628
66,06.08.2019,2019-08-06,8,2019,True,0.0255204730299841,0.020072098973896387,0.01979162635556357,0.02181545475271333
66,07.08.2019,2019-08-07,8,2019,True,0.0248092699010238,0.020394673498546945,0.01979162635556357,0.021760510926660252
66,08.08.2019,2019-08-08,8,2019,True,0.0247130257741506,0.020748147155558904,0.01979162635556357,0.02242540034412176
66,09.08.2019,2019-08-09,8,2019,True,0.0246056520307801,0.021522474197884767,0.01979162635556357,0.022589375927588536
66,12.08.2019,2019-08-12,8,2019,True,0.0246107942867736,0.02047687799037425,0.01979162635556357,0.022676224486081472
66,13.08.2019,2019-08-13,8,2019,True,0.0239719754234861,0.02068968327748225,0.01979162635556357,0.022648111560683543
66,14.08.2019,2019-08-14,8,2019,True,0.0237464876658724,0.019110260974321985,0.01979162635556357,0.023414996137210046
66,15.08.2019,2019-08-15,8,2019,True,0.023655898874946,0.02034922020680703,0.01979162635556357,0.02365714505760025
66,16.08.2019,2019-08-16,8,2019,True,0.0238560805497587,0.020532906134184865,0.01979162635556357,0.023765832222265842
66,19.08.2019,2019-08-19,8,2019,True,0.0239307058152547,0.019981092402975173,0.01979162635556357,0.023702083745352837
66,20.08.2019,2019-08-20,8,2019,True,0.0241105335097595,0.018667336869908607,0.01979162635556357,0.023816843508422666
66,21.08.2019,2019-08-21,8,2019,True,0.0241380221111664,0.018184018755700835,0.01979162635556357,0.023766911558082547
66,22.08.2019,2019-08-22,8,2019,True,0.0241250719410128,0.01856262956267663,0.01979162635556357,0.023781497556135473
66,23.08.2019,2019-08-23,8,2019,True,0.0241117095626365,0.018517656567011587,0.01979162635556357,0.023785508159626826
66,26.08.2019,2019-08-26,8,2019,True,0.0240714601658914,0.020717213779791948,0.01979162635556357,0.02378987713266513
66,27.08.2019,2019-08-27,8,2019,True,0.0242489334529297,0.020681996078174912,0.01979162635556357,0.023749436134987083
66,28.08.2019,2019-08-28,8,2019,True,0.0243649819034753,0.019656786102113962,0.01979162635556357,0.023196093601151664
66,29.08.2019,2019-08-29,8,2019,True,0.0243362253163437,0.01888943808974809,0.01979162635556357,0.023226414310785846
66,30.08.2019,2019-08-30,8,2019,True,0.0246813755267212,0.019649544185596054,0.01979162635556357,0.023104330434735223
66,03.09.2019,2019-09-03,8,2019,True,0.024247179460969,0.01974088718463523,0.01979162635556357,0.023110920774299114
66,04.09.2019,2019-09-04,8,2019,True,0.0238043318799981,0.021845509570374313,0.01979162635556357,0.02308082620463369
66,05.09.2019,2019-09-05,8,2019,True,0.0238038433239245,0.021768805086550196,0.01979162635556357,0.023280663284118625
66,06.09.2019,2019-09-06,8,2019,True,0.0237783921577759,0.020833699186001257,0.01979162635556357,0.022427508967793996
66,09.09.2019,2019-09-09,8,2019,True,0.0237242028037466,0.01982224976600801,0.01979162635556357,0.02241623596872922
66,10.09.2019,2019-09-10,8,2019,True,0.0237363083588288,0.021209929784592286,0.01979162635556357,0.02234534280930323
66,11.09.2019,2019-09-11,8,2019,True,0.0235857762449915,0.021049279229466134,0.01979162635556357,0.02225406317582142
66,12.09.2019,2019-09-12,8,2019,True,0.0235638676993729,0.02129032709624879,0.01979162635556357,0.022238567014214044
66,13.09.2019,2019-09-13,8,2019,True,0.0235931049171671,0.021301352412201147,0.01979162635556357,0.022171437653814446
66,16.09.2019,2019-09-16,8,2019,True,0.0164943962700786,0.021540375530307042,0.01979162635556357,0.022172974493823397
66,17.09.2019,2019-09-17,8,2019,True,0.0142748728887595,0.03145052298800883,0.01979162635556357,0.02741045639102713
66,18.09.2019,2019-09-18,8,2019,True,0.0141706290571725,0.032143871789430935,0.01979162635556357,0.028579326024257945
66,19.09.2019,2019-09-19,8,2019,True,0.0140983458817673,0.03050435558450138,0.01979162635556357,0.0286119878152896
66,20.09.2019,2019-09-20,8,2019,True,0.0141678554348922,0.031095654981307397,0.01979162635556357,0.028562690892492734
66,23.09.2019,2019-09-23,8,2019,True,0.0141958673921497,0.02972657926022948,0.01979162635556357,0.028468832035176108
66,24.09.2019,2019-09-24,8,2019,True,0.0137969252862691,0.029646531945321776,0.01979162635556357,0.02847300834839534
66,25.09.2019,2019-09-25,8,2019,True,0.0137125496200703,0.02992417177842791,0.01979162635556357,0.02819410419777605
66,26.09.2019,2019-09-26,8,2019,True,0.0144646591129063,0.029381162328933154,0.01979162635556357,0.028186346762629776
66,27.09.2019,2019-09-27,8,2019,True,0.0143612596857731,0.026133078464544365,0.01979162635556357,0.028190885815520934
66,30.09.2019,2019-09-30,8,2019,True,0.0147435839989267,0.030830522484305744,0.01979162635556357,0.02823136237955513
66,01.10.2019,2019-10-01,8,2019,True,0.0141418951265388,0.031215177143657888,0.01979162635556357,0.028169950201212327
66,02.10.2019,2019-10-02,8,2019,True,0.0139268769474327,0.03148413149763771,0.01979162635556357,0.028412666451808715
66,03.10.2019,2019-10-03,8,2019,True,0.0149819010389052,0.031643376932718445,0.01979162635556357,0.028504873901800665
66,04.10.2019,2019-10-04,8,2019,True,0.0149391631014451,0.031928694864965475,0.01979162635556357,0.02839101094638061
66,07.10.2019,2019-10-07,8,2019,True,0.0149672347423484,0.030616533468035396,0.01979162635556357,0.027991792388697378
66,08.10.2019,2019-10-08,8,2019,True,0.0150563629081074,0.029679736528097165,0.01979162635556357,0.027837388712129225
66,09.10.2019,2019-10-09,8,2019,True,0.0150609735370205,0.030613292309097435,0.01979162635556357,0.027820526784638217
66,10.10.2019,2019-10-10,8,2019,True,0.0150296645526207,0.026007365652605106,0.01979162635556357,0.02782269652892431
66,11.10.2019,2019-10-11,8,2019,True,0.0148067750234664,0.02968073055345705,0.01979162635556357,0.027880532492226332
66,14.10.2019,2019-10-14,8,2019,True,0.0145892547349147,0.02928297601510354,0.01979162635556357,0.027494768898849515
66,15.10.2019,2019-10-15,8,2019,True,0.0145321178703452,0.03044322854416302,0.01979162635556357,0.027573402965484082
66,16.10.2019,2019-10-16,8,2019,True,0.0147488998757506,0.029146280481794334,0.01979162635556357,0.02758705401965396
66,17.10.2019,2019-10-17,8,2019,True,0.0149154026317968,0.02981568121638917,0.01979162635556357,0.027635632310811058
66,18.10.2019,2019-10-18,8,2019,True,0.0151346719171022,0.025735669024930748,0.01979162635556357,0.027389745425299927
66,21.10.2019,2019-10-21,8,2019,True,0.0153702634502566,0.02627854798753359,0.01979162635556357,0.027377579574981204
66,22.10.2019,2019-10-22,8,2019,True,0.0152975552140348,0.026246750801329228,0.01979162635556357,0.027190569222161353
66,23.10.2019,2019-10-23,8,2019,True,0.0150061895679785,0.026152420324629274,0.01979162635556357,0.02721478240408891
66,24.10.2019,2019-10-24,8,2019,True,0.0152885013608433,0.026252794873790057,0.01979162635556357,0.02734107188224458
66,25.10.2019,2019-10-25,8,2019,True,0.0152676230606584,0.0261036346316321,0.01979162635556357,0.02733683815831319
66,28.10.2019,2019-10-28,8,2019,True,0.01722119121145,0.0247589884450929,0.01979162635556357,0.027319954053466437
66,29.10.2019,2019-10-29,8,2019,True,0.0172414632231851,0.02580439632059351,0.01979162635556357,0.02732962795614988
66,30.10.2019,2019-10-30,8,2019,True,0.0174470195946159,0.025817434067282034,0.01979162635556357,0.027329118688170333
66,31.10.2019,2019-10-31,8,2019,True,0.0174472895480884,0.02493531562868754,0.01979162635556357,0.027390316433048068
66,01.11.2019,2019-11-01,8,2019,True,0.0171766290229914,0.02565604574544003,0.01979162635556357,0.027320448160076467
66,04.11.2019,2019-11-04,8,2019,True,0.0173201558479402,0.024355692556095,0.01979162635556357,0.02747720686518769
66,05.11.2019,2019-11-05,8,2019,True,0.0173275539225087,0.024511504912178197,0.01979162635556357,0.025908548700179147
66,06.11.2019,2019-11-06,8,2019,True,0.0177091941328322,0.02311917433805045,0.01979162635556357,0.02580930732519352
66,07.11.2019,2019-11-07,8,2019,True,0.0177180783553128,0.021978487617284763,0.01979162635556357,0.025570781850873338
66,08.11.2019,2019-11-08,8,2019,True,0.0178581204314884,0.0209031142200039,0.01979162635556357,0.025520473029984163
66,11.11.2019,2019-11-11,8,2019,True,0.0178834748520937,0.020554084613048196,0.01979162635556357,0.024809269901023882
66,12.11.2019,2019-11-12,8,2019,True,0.0181367765479399,0.022007733317696027,0.01979162635556357,0.024713025774150608
66,13.11.2019,2019-11-13,8,2019,True,0.0181294850924761,0.02229597706248681,0.01979162635556357,0.0246056520307801
66,14.11.2019,2019-11-14,8,2019,True,0.0181997627237547,0.02324675303745978,0.01979162635556357,0.024610794286773603
66,15.11.2019,2019-11-15,8,2019,True,0.0186410687127508,0.021429018373380626,0.01979162635556357,0.023971975423486117
66,18.11.2019,2019-11-18,8,2019,True,0.0187901169512584,0.020228974241768904,0.01979162635556357,0.023746487665872385
66,19.11.2019,2019-11-19,8,2019,True,0.0188549688911756,0.02099749201247665,0.01979162635556357,0.023655898874946034
66,20.11.2019,2019-11-20,8,2019,True,0.0187533948569602,0.020394651480999955,0.01979162635556357,0.02385608054975869
66,21.11.2019,2019-11-21,8,2019,True,0.0187813896515569,0.019525539950116667,0.01979162635556357,0.0239307058152547
66,22.11.2019,2019-11-22,8,2019,True,0.0191390352627069,0.01949131109450215,0.01979162635556357,0.02411053350975949
66,25.11.2019,2019-11-25,8,2019,True,0.0191205392815223,0.0198404361932642,0.01979162635556357,0.024138022111166422
66,26.11.2019,2019-11-26,8,2019,True,0.0191004922347447,0.0203132014729504,0.01979162635556357,0.02412507194101282
66,27.11.2019,2019-11-27,8,2019,True,0.0192443254175037,0.02024764838391185,0.01979162635556357,0.024111709562636516
66,29.11.2019,2019-11-29,8,2019,True,0.0223988816552239,0.02003902095891575,0.01979162635556357,0.024071460165891432
66,02.12.2019,2019-12-02,8,2019,True,0.0401241784354601,0.02314274132770069,0.01979162635556357,0.024248933452929687
66,03.12.2019,2019-12-03,8,2019,True,0.0415750750698231,0.022645535158010086,0.01979162635556357,0.024364981903475316
66,04.12.2019,2019-12-04,8,2019,True,0.0414089294469029,0.022742880905895355,0.01979162635556357,0.0243362253163437
66,05.12.2019,2019-12-05,8,2019,True,0.0421515244438962,0.02086679646087555,0.01979162635556357,0.024681375526721238
66,06.12.2019,2019-12-06,8,2019,True,0.04218238712395,0.019501152548372758,0.01979162635556357,0.02424717946096901
66,09.12.2019,2019-12-09,8,2019,True,0.0442627699982039,0.019308159115545186,0.01979162635556357,0.023804331879998083
66,10.12.2019,2019-12-10,8,2019,True,0.0444218031365557,0.019612935332612717,0.01979162635556357,0.02380384332392457
66,11.12.2019,2019-12-11,8,2019,True,0.0472830853309683,0.020179241449698643,0.01979162635556357,0.02377839215777596
66,12.12.2019,2019-12-12,8,2019,True,0.0506591623348271,0.02076736692990117,0.01979162635556357,0.023724202803746614
66,13.12.2019,2019-12-13,8,2019,True,0.0507888104187526,0.020501453510996175,0.01979162635556357,0.023736308358828846
66,16.12.2019,2019-12-16,8,2019,True,0.0507888721491509,0.02013107316584986,0.01979162635556357,0.02358577624499151
66,17.12.2019,2019-12-17,8,2019,True,0.050742548015644,0.02016972425297332,0.01979162635556357,0.023563867699372933
66,18.12.2019,2019-12-18,8,2019,True,0.050785611714088,0.021121852862865834,0.01979162635556357,0.02359310491716708
66,19.12.2019,2019-12-19,8,2019,True,0.0508269148170131,0.014229726237665455,0.01979162635556357,0.0164943962700786
66,20.12.2019,2019-12-20,8,2019,True,0.0510652452648957,0.012364463942043583,0.01979162635556357,0.014274872888759534
66,23.12.2019,2019-12-23,8,2019,True,0.0518632046568396,0.012191524361648162,0.01979162635556357,0.014170629057172536
66,24.12.2019,2019-12-24,8,2019,True,0.0517784794849497,0.012288902744615105,0.01979162635556357,0.01409834588176731
66,26.12.2019,2019-12-26,8,2019,True,0.0531461950061344,0.012086641409617894,0.01979162635556357,0.014167855434892162
66,27.12.2019,2019-12-27,8,2019,True,0.0588577291522032,0.012874272591537981,0.01979162635556357,0.014195867392149713
66,30.12.2019,2019-12-30,8,2019,True,0.0614025776139869,0.012135717757335131,0.01979162635556357,0.01379692528626914
66,31.12.2019,2019-12-31,8,2019,True,0.0613747934509396,0.012132061515627157,0.01979162635556357,0.01371254962007032
66,02.01.2020,2020-01-02,9,2020,True,0.0614301491885623,0.013533578829200513,0.01996142619726476,0.014464659112906335
66,03.01.2020,2020-01-03,9,2020,True,0.0613769643515749,0.013692769929839515,0.01996142619726476,0.014361259685773106
66,06.01.2020,2020-01-06,9,2020,True,0.0614634500978824,0.015680039544070302,0.01996142619726476,0.014743583998926682
66,07.01.2020,2020-01-07,9,2020,True,0.0615125803418403,0.015006841644626479,0.01996142619726476,0.014141895126538793
66,08.01.2020,2020-01-08,9,2020,True,0.0618158620631677,0.014674585464023109,0.01996142619726476,0.013926876947432713
66,09.01.2020,2020-01-09,9,2020,True,0.0621639323726679,0.0142852181226383,0.01996142619726476,0.014981901038905256
66,10.01.2020,2020-01-10,9,2020,True,0.0621963553174464,0.014530141436945124,0.01996142619726476,0.014939163101445148
66,13.01.2020,2020-01-13,9,2020,True,0.06225610636954,0.013998633298238196,0.01996142619726476,0.014967234742348404
66,14.01.2020,2020-01-14,9,2020,True,0.0630104819304353,0.01589857325447068,0.01996142619726476,0.0150563629081074
66,15.01.2020,2020-01-15,9,2020,True,0.0709851922383865,0.015689335799437255,0.01996142619726476,0.015060973537020527
66,16.01.2020,2020-01-16,9,2020,True,0.0714364080159666,0.01544585646887874,0.01996142619726476,0.015029664552620718
66,17.01.2020,2020-01-17,9,2020,True,0.07181952851382,0.014392528678119906,0.01996142619726476,0.014806775023466447
66,21.01.2020,2020-01-21,9,2020,True,0.0718535525265318,0.012628521361349052,0.01996142619726476,0.014589254734914686
66,22.01.2020,2020-01-22,9,2020,True,0.0721509030210253,0.012780254940393827,0.01996142619726476,0.014532117870345237
66,23.01.2020,2020-01-23,9,2020,True,0.0723241451292607,0.015408997173365652,0.01996142619726476,0.014748899875750595
66,24.01.2020,2020-01-24,9,2020,True,0.0736594204968317,0.016371170571073807,0.01996142619726476,0.014915402631796804
66,27.01.2020,2020-01-27,9,2020,True,0.075350679719208,0.018871750207967542,0.01996142619726476,0.015134671917102195
66,28.01.2020,2020-01-28,9,2020,True,0.0756663962676665,0.020579672194097703,0.01996142619726476,0.015370263450256643
66,29.01.2020,2020-01-29,9,2020,True,0.0758027669292677,0.019974440071571918,0.01996142619726476,0.015297555214034787
66,30.01.2020,2020-01-30,9,2020,True,0.077759706312453,0.01873715592781866,0.01996142619726476,0.015006189567978539
66,31.01.2020,2020-01-31,9,2020,True,0.0778509205637459,0.01795078413009028,0.01996142619726476,0.015288501360843356
66,03.02.2020,2020-02-03,9,2020,True,0.0775385774917079,0.018784551241313775,0.01996142619726476,0.01526762306065839
66,04.02.2020,2020-02-04,9,2020,True,0.0778813441407286,0.02048837362174189,0.01996142619726476,0.017221191211450024
66,05.02.2020,2020-02-05,9,2020,True,0.0778962201401932,0.02017916026445493,0.01996142619726476,0.017241463223185143
66,06.02.2020,2020-02-06,9,2020,True,0.0779391200627794,0.020044328132065425,0.01996142619726476,0.017447019594615924
66,07.02.2020,2020-02-07,9,2020,True,0.0779688841534411,0.01968708835548899,0.01996142619726476,0.017447289548088368
66,10.02.2020,2020-02-10,9,2020,True,0.0784770884365244,0.019459032395507173,0.01996142619726476,0.01717662902299141
66,11.02.2020,2020-02-11,9,2020,True,0.0786854053132372,0.020161950389090213,0.01996142619726476,0.017320155847940173
66,12.02.2020,2020-02-12,9,2020,True,0.0790950602658326,0.019975581543015812,0.01996142619726476,0.017327553922508683
66,13.02.2020,2020-02-13,9,2020,True,0.0790674123841995,0.018791086669806854,0.01996142619726476,0.017709194132832232
66,14.02.2020,2020-02-14,9,2020,True,0.0791532420491289,0.01937380021318593,0.01996142619726476,0.017718078355312767
66,18.02.2020,2020-02-18,9,2020,True,0.0791566692832073,0.0194384921173842,0.01996142619726476,0.017858120431488416
66,19.02.2020,2020-02-19,9,2020,True,0.0790972020383773,0.01873219613855355,0.01996142619726476,0.017883474852093743
66,20.02.2020,2020-02-20,9,2020,True,0.0792177215686351,0.01786274686306351,0.01996142619726476,0.01813677654793996
66,21.02.2020,2020-02-21,9,2020,True,0.0793175705432557,0.01790983122172976,0.01996142619726476,0.01812948509247611
66,24.02.2020,2020-02-24,9,2020,True,0.0792774614706685,0.019426476242904965,0.01996142619726476,0.018199762723754735
66,25.02.2020,2020-02-25,9,2020,True,0.0792543654885675,0.02181184067790805,0.01996142619726476,0.018641068712750782
66,26.02.2020,2020-02-26,9,2020,True,0.0799400104759713,0.02257712627450351,0.01996142619726476,0.018790116951258408
66,27.02.2020,2020-02-27,9,2020,True,0.0800346985745376,0.023096986701986077,0.01996142619726476,0.018854968891175647
66,28.02.2020,2020-02-28,9,2020,True,0.0799655897365119,0.022341724748916318,0.01996142619726476,0.018753394856960256
66,02.03.2020,2020-03-02,9,2020,True,0.0798821322028896,0.022653342078626727,0.01996142619726476,0.018781389651556932
66,03.03.2020,2020-03-03,9,2020,True,0.0802236080348784,0.02271752448304623,0.01996142619726476,0.01913903526270697
66,04.03.2020,2020-03-04,9,2020,True,0.0803155976846941,0.023092529732443377,0.01996142619726476,0.01912053928152231
66,05.03.2020,2020-03-05,9,2020,True,0.0802945037602314,0.023163224035491054,0.01996142619726476,0.01910049223474475
66,06.03.2020,2020-03-06,9,2020,True,0.0794090837491899,0.023412186351929216,0.01996142619726476,0.019244325417503733
66,09.03.2020,2020-03-09,9,2020,True,0.0723262874739039,0.02444733360862451,0.01996142619726476,0.022398881655223954
66,10.03.2020,2020-03-10,9,2020,True,0.0716644744455546,0.03450348407151152,0.01996142619726476,0.04012417843546009
66,11.03.2020,2020-03-11,9,2020,True,0.0715529364539419,0.037382083121920796,0.01996142619726476,0.04157507506982316
66,12.03.2020,2020-03-12,9,2020,True,0.0710016917538774,0.035697527615385805,0.01996142619726476,0.041408929446902894
66,13.03.2020,2020-03-13,9,2020,True,0.0709836214664264,0.0364019692340771,0.01996142619726476,0.042151524443896235
66,16.03.2020,2020-03-16,9,2020,True,0.0693539306018623,0.03615281974982767,0.01996142619726476,0.04218238712395004
66,17.03.2020,2020-03-17,9,2020,True,0.0690861783479528,0.04219837380793406,0.01996142619726476,0.04426276999820392
66,18.03.2020,2020-03-18,9,2020,True,0.0665228618920835,0.04227337983355654,0.01996142619726476,0.044421803136555776
66,19.03.2020,2020-03-19,9,2020,True,0.0646510103080767,0.04499627851111738,0.01996142619726476,0.04728308533096836
66,20.03.2020,2020-03-20,9,2020,True,0.0646829668735281,0.04584418221745395,0.01996142619726476,0.05065916233482712
66,23.03.2020,2020-03-23,9,2020,True,0.0646977884241614,0.04598783567900394,0.01996142619726476,0.05078881041875267
66,24.03.2020,2020-03-24,9,2020,True,0.0647032399948918,0.04826466107174369,0.01996142619726476,0.050788872149150954
66,25.03.2020,2020-03-25,9,2020,True,0.0647152839933818,0.048940141595127155,0.01996142619726476,0.050742548015644054
66,26.03.2020,2020-03-26,9,2020,True,0.0645151556790268,0.04825037164586374,0.01996142619726476,0.050785611714088005
66,27.03.2020,2020-03-27,9,2020,True,0.0640728501761457,0.04882374758666658,0.01996142619726476,0.050826914817013145
66,30.03.2020,2020-03-30,9,2020,True,0.0629005139198384,0.04912113845676584,0.01996142619726476,0.05106524526489574
66,31.03.2020,2020-03-31,9,2020,True,0.0629006396244139,0.04926522139663088,0.01996142619726476,0.05186320465683959
66,01.04.2020,2020-04-01,9,2020,True,0.0622154729406025,0.04918474036236699,0.01996142619726476,0.051778479484949715
66,02.04.2020,2020-04-02,9,2020,True,0.0578897636726532,0.05121089000173692,0.01996142619726476,0.05314619500613441
66,03.04.2020,2020-04-03,9,2020,True,0.0558375727561676,0.05609662608344224,0.01996142619726476,0.058857729152203275
66,06.04.2020,2020-04-06,9,2020,True,0.0557066861542537,0.05389821567200426,0.01996142619726476,0.06140257761398697
66,07.04.2020,2020-04-07,9,2020,True,0.0555155415123692,0.05387382717122167,0.01996142619726476,0.06137479345093963
66,08.04.2020,2020-04-08,9,2020,True,0.0554236765534597,0.053696333214923314,0.01996142619726476,0.06143014918856237
66,09.04.2020,2020-04-09,9,2020,True,0.0551543500781047,0.0537924467083932,0.01996142619726476,0.061376964351574956
66,13.04.2020,2020-04-13,9,2020,True,0.0551821043506164,0.049467479242347685,0.01996142619726476,0.06146345009788242
66,14.04.2020,2020-04-14,9,2020,True,0.0544075652841384,0.048124921090984936,0.01996142619726476,0.06151258034184033
66,15.04.2020,2020-04-15,9,2020,True,0.0536513859829138,0.04820190524463075,0.01996142619726476,0.0618158620631677
66,16.04.2020,2020-04-16,9,2020,True,0.0536912903608951,0.04931694683940156,0.01996142619726476,0.06216393237266796
66,17.04.2020,2020-04-17,9,2020,True,0.0536989176066117,0.04841448475480007,0.01996142619726476,0.062196355317446474
66,20.04.2020,2020-04-20,9,2020,True,0.0523455818116527,0.04709427346322126,0.01996142619726476,0.06225610636954007
66,21.04.2020,2020-04-21,9,2020,True,0.0380622355889709,0.057852841616691825,0.01996142619726476,0.06301048193043532
66,22.04.2020,2020-04-22,9,2020,True,0.0377497118481508,0.06443249756199576,0.01996142619726476,0.07098519223838648
66,23.04.2020,2020-04-23,9,2020,True,0.0375487510188869,0.06463187224802011,0.01996142619726476,0.07143640801596658
66,24.04.2020,2020-04-24,9,2020,True,0.0375427264380049,0.06332263468772645,0.01996142619726476,0.07181952851382005
66,27.04.2020,2020-04-27,9,2020,True,0.0363552360444536,0.06217803540828496,0.01996142619726476,0.07185355252653178
66,28.04.2020,2020-04-28,9,2020,True,0.0363279874541337,0.06137340333935873,0.01996142619726476,0.07215090302102536
66,29.04.2020,2020-04-29,9,2020,True,0.0347414574063427,0.06133217622359313,0.01996142619726476,0.0723241451292607
66,30.04.2020,2020-04-30,9,2020,True,0.0322122832238631,0.06231818905361392,0.01996142619726476,0.07365942049683176
66,01.05.2020,2020-05-01,9,2020,True,0.0319011379062547,0.0520063543019494,0.01996142619726476,0.07535067971920802
66,04.05.2020,2020-05-04,9,2020,True,0.03182267097372,0.05390930183095009,0.01996142619726476,0.07566639626766657
66,05.05.2020,2020-05-05,9,2020,True,0.0280434752343,0.04825711808821401,0.01996142619726476,0.07580276692926768
66,06.05.2020,2020-05-06,9,2020,True,0.0274441090490987,0.049820072399443645,0.01996142619726476,0.07775970631245308
66,07.05.2020,2020-05-07,9,2020,True,0.0274636774506127,0.05556951480735093,0.01996142619726476,0.0778509205637459
66,08.05.2020,2020-05-08,9,2020,True,0.0269783269051664,0.05353614670154878,0.01996142619726476,0.0775385774917079
66,11.05.2020,2020-05-11,9,2020,True,0.0263265036654858,0.05006410812122565,0.01996142619726476,0.07788134414072861
66,12.05.2020,2020-05-12,9,2020,True,0.0263453989012888,0.051834162132012605,0.01996142619726476,0.07789622014019319
66,13.05.2020,2020-05-13,9,2020,True,0.0260353412751133,0.04891834180448287,0.01996142619726476,0.07793912006277941
66,14.05.2020,2020-05-14,9,2020,True,0.0250223329918874,0.0486096250037092,0.01996142619726476,0.07796888415344112
66,15.05.2020,2020-05-15,9,2020,True,0.0245992044513767,0.04879291901893023,0.01996142619726476,0.0784770884365244
66,18.05.2020,2020-05-18,9,2020,True,0.0233472587102093,0.048806178680161946,0.01996142619726476,0.07868540531323723
66,19.05.2020,2020-05-19,9,2020,True,0.0234095495850209,0.049586929287178366,0.01996142619726476,0.07909506026583267
66,20.05.2020,2020-05-20,9,2020,True,0.0232207320265854,0.04955760201068324,0.01996142619726476,0.07906741238419948
66,21.05.2020,2020-05-21,9,2020,True,0.0232636793247593,0.049507882571088686,0.01996142619726476,0.0791532420491289
66,22.05.2020,2020-05-22,9,2020,True,0.0229903414730147,0.04943536218497695,0.01996142619726476,0.07915666928320737
66,26.05.2020,2020-05-26,9,2020,True,0.0228552877477837,0.04862893908421419,0.01996142619726476,0.0790972020383773
66,27.05.2020,2020-05-27,9,2020,True,0.0222019368004042,0.048465526007141116,0.01996142619726476,0.07921772156863514
66,28.05.2020,2020-05-28,9,2020,True,0.022153755400467,0.049826654417503544,0.01996142619726476,0.07931757054325574
66,29.05.2020,2020-05-29,9,2020,True,0.0221539455646089,0.04989184385615016,0.01996142619726476,0.07927746147066855
66,01.06.2020,2020-06-01,9,2020,True,0.0202319484663571,0.0513828153173459,0.01996142619726476,0.0792543654885675
66,02.06.2020,2020-06-02,9,2020,True,0.0199222476040863,0.05141407303809902,0.01996142619726476,0.07994001047597138
66,03.06.2020,2020-06-03,9,2020,True,0.0203534792664721,0.051466027890304196,0.01996142619726476,0.08003469857453763
66,04.06.2020,2020-06-04,9,2020,True,0.0221396819803117,0.05212196514172037,0.01996142619726476,0.0799655897365119
66,05.06.2020,2020-06-05,9,2020,True,0.0212371677555492,0.0524999687576892,0.01996142619726476,0.07988213220288963
66,08.06.2020,2020-06-08,9,2020,True,0.0208856263263956,0.05218413723932877,0.01996142619726476,0.0802236080348784
66,09.06.2020,2020-06-09,9,2020,True,0.0208618389693214,0.05232225021701506,0.01996142619726476,0.08031559768469418
66,10.06.2020,2020-06-10,9,2020,True,0.0207991703035758,0.05261095496214369,0.01996142619726476,0.08029450376023145
66,11.06.2020,2020-06-11,9,2020,True,0.0185501063458089,0.05177910629675294,0.01996142619726476,0.07940908374918991
66,12.06.2020,2020-06-12,9,2020,True,0.0191910619125721,0.04721101111809842,0.01996142619726476,0.07232628747390397
66,15.06.2020,2020-06-15,9,2020,True,0.0191914104181737,0.046906338348508284,0.01996142619726476,0.07166447444555464
66,16.06.2020,2020-06-16,9,2020,True,0.01884304585595,0.046710496428130036,0.01996142619726476,0.07155293645394191
66,17.06.2020,2020-06-17,9,2020,True,0.0194986485315646,0.04613201572116304,0.01996142619726476,0.0710016917538774
66,18.06.2020,2020-06-18,9,2020,True,0.0193684350892848,0.04459681852545528,0.01996142619726476,0.07098362146642644
66,19.06.2020,2020-06-19,9,2020,True,0.019263411315683,0.04397768428519929,0.01996142619726476,0.06935393060186236
66,22.06.2020,2020-06-22,9,2020,True,0.0190914626735767,0.04475558484060069,0.01996142619726476,0.06908617834795289
66,23.06.2020,2020-06-23,9,2020,True,0.0190497504497602,0.04203026995094237,0.01996142619726476,0.06652286189208353
66,24.06.2020,2020-06-24,9,2020,True,0.0177882309396747,0.04141107284582976,0.01996142619726476,0.0646510103080767
66,25.06.2020,2020-06-25,9,2020,True,0.0181455682485604,0.04172190420099613,0.01996142619726476,0.06468296687352819
66,26.06.2020,2020-06-26,9,2020,True,0.0181469391145638,0.04221265212337495,0.01996142619726476,0.06469778842416148
66,29.06.2020,2020-06-29,9,2020,True,0.0180264184415729,0.041915408612444534,0.01996142619726476,0.06470323999489185
66,30.06.2020,2020-06-30,9,2020,True,0.018657060471202,0.042151919735736974,0.01996142619726476,0.0647152839933818
66,01.07.2020,2020-07-01,9,2020,True,0.0195023386174721,0.042637085601329984,0.01996142619726476,0.0645151556790268
66,02.07.2020,2020-07-02,9,2020,True,0.0196491157815082,0.042459213955485756,0.01996142619726476,0.06407285017614579
66,06.07.2020,2020-07-06,9,2020,True,0.0197405221742276,0.04212337733504643,0.01996142619726476,0.06290051391983846
66,07.07.2020,2020-07-07,9,2020,True,0.0201305954824548,0.04201718003808403,0.01996142619726476,0.06290063962441393
66,08.07.2020,2020-07-08,9,2020,True,0.0201705280592576,0.043290431302408366,0.01996142619726476,0.06221547294060249
66,09.07.2020,2020-07-09,9,2020,True,0.0202582240265231,0.04046218791385153,0.01996142619726476,0.057889763672653256
66,10.07.2020,2020-07-10,9,2020,True,0.0202075079979758,0.038686532752243506,0.01996142619726476,0.055837572756167665
66,13.07.2020,2020-07-13,9,2020,True,0.0203090448628157,0.03932839415839215,0.01996142619726476,0.05570668615425376
66,14.07.2020,2020-07-14,9,2020,True,0.0203084415772527,0.039594979835387574,0.01996142619726476,0.05551554151236921
66,15.07.2020,2020-07-15,9,2020,True,0.0201569397288424,0.03967930344719802,0.01996142619726476,0.055423676553459776
66,16.07.2020,2020-07-16,9,2020,True,0.0201420474137785,0.03864167835383211,0.01996142619726476,0.05515435007810479
66,17.07.2020,2020-07-17,9,2020,True,0.0201934833600245,0.03935022464830103,0.01996142619726476,0.055182104350616455
66,20.07.2020,2020-07-20,9,2020,True,0.0206099747329304,0.03887735159562521,0.01996142619726476,0.0544075652841384
66,21.07.2020,2020-07-21,9,2020,True,0.0205086569713906,0.03801926442382849,0.01996142619726476,0.053651385982913864
66,22.07.2020,2020-07-22,9,2020,True,0.0205999102714001,0.03773521044626382,0.01996142619726476,0.05369129036089518
66,23.07.2020,2020-07-23,9,2020,True,0.0207844785003196,0.038112550535660504,0.01996142619726476,0.05369891760661173
66,24.07.2020,2020-07-24,9,2020,True,0.0209170580418487,0.03673290260519142,0.01996142619726476,0.05234558181165276
66,27.07.2020,2020-07-27,9,2020,True,0.0218367751911586,0.02689491899004574,0.01996142619726476,0.03806223558897099
66,28.07.2020,2020-07-28,9,2020,True,0.0222980698230532,0.025856694157941323,0.01996142619726476,0.03774971184815088
66,29.07.2020,2020-07-29,9,2020,True,0.0222291148155841,0.025885250177861578,0.01996142619726476,0.03754875101888694
66,30.07.2020,2020-07-30,9,2020,True,0.0227202381958099,0.025799536519201523,0.01996142619726476,0.037542726438004964
66,31.07.2020,2020-07-31,9,2020,True,0.0228260452731703,0.02605923507585543,0.01996142619726476,0.03635523604445361
66,03.08.2020,2020-08-03,9,2020,True,0.0231856910024567,0.02609409619251229,0.01996142619726476,0.03632798745413376
66,04.08.2020,2020-08-04,9,2020,True,0.023179817939022,0.02479003100124632,0.01996142619726476,0.034741457406342706
66,05.08.2020,2020-08-05,9,2020,True,0.0234791347965604,0.022982644976781545,0.01996142619726476,0.03221228322386314
66,06.08.2020,2020-08-06,9,2020,True,0.0251916688371314,0.023578077128601924,0.01996142619726476,0.03190113790625479
66,07.08.2020,2020-08-07,9,2020,True,0.0253761556883761,0.02340784804117649,0.01996142619726476,0.031822670973720095
66,10.08.2020,2020-08-10,9,2020,True,0.0253271934733163,0.020596167178945256,0.01996142619726476,0.02804347523430003
66,11.08.2020,2020-08-11,9,2020,True,0.025303442989039,0.021622051308710127,0.01996142619726476,0.02744410904909878
66,12.08.2020,2020-08-12,9,2020,True,0.0252507572451184,0.02131409298240139,0.01996142619726476,0.027463677450612716
66,13.08.2020,2020-08-13,9,2020,True,0.025406716029938,0.021737354677272624,0.01996142619726476,0.02697832690516641
66,14.08.2020,2020-08-14,9,2020,True,0.0254040872667225,0.021037437986362276,0.01996142619726476,0.026326503665485827
66,17.08.2020,2020-08-17,9,2020,True,0.0254101819097744,0.021441554265451537,0.01996142619726476,0.026345398901288883
66,18.08.2020,2020-08-18,9,2020,True,0.0254108154837159,0.021238726987442103,0.01996142619726476,0.026035341275113342
66,19.08.2020,2020-08-19,9,2020,True,0.025500697515226,0.020487684513248984,0.01996142619726476,0.02502233299188748
66,20.08.2020,2020-08-20,9,2020,True,0.0256412499735268,0.020055351336171846,0.01996142619726476,0.024599204451376748
66,21.08.2020,2020-08-21,9,2020,True,0.0260104780735939,0.01894478389440409,0.01996142619726476,0.023347258710209325
66,24.08.2020,2020-08-24,9,2020,True,0.0259933524265822,0.019056904271505422,0.01996142619726476,0.023409549585020926
66,25.08.2020,2020-08-25,9,2020,True,0.0259543114588378,0.018374702246133443,0.01996142619726476,0.023220732026585443
66,26.08.2020,2020-08-26,9,2020,True,0.0259954964553537,0.019337517729028218,0.01996142619726476,0.023263679324759392
66,27.08.2020,2020-08-27,9,2020,True,0.0259522204771373,0.018797272079286387,0.01996142619726476,0.0229903414730148
66,28.08.2020,2020-08-28,9,2020,True,0.0260313605409337,0.018877659280145054,0.01996142619726476,0.02285528774778377
66,31.08.2020,2020-08-31,9,2020,True,0.0260475089416532,0.017885169376229186,0.01996142619726476,0.02220193680040428
66,01.09.2020,2020-09-01,9,2020,True,0.026067542673,0.017656818831006036,0.01996142619726476,0.02215375540046709
66,02.09.2020,2020-09-02,9,2020,True,0.025887843243083,0.01766757251250394,0.01996142619726476,0.022153945564608937
66,03.09.2020,2020-09-03,9,2020,True,0.0258603745179025,0.016860038655755843,0.01996142619726476,0.020231948466357175
66,04.09.2020,2020-09-04,9,2020,True,0.0255081099476174,0.01871822287910149,0.01996142619726476,0.01992224760408631
66,08.09.2020,2020-09-08,9,2020,True,0.0240660099146181,0.020269760176803122,0.01996142619726476,0.02035347926647211
66,09.09.2020,2020-09-09,9,2020,True,0.0239395562313489,0.024076119766777235,0.01996142619726476,0.022139681980311757
66,10.09.2020,2020-09-10,9,2020,True,0.0237962151951121,0.02134627503756321,0.01996142619726476,0.02123716775554921
66,11.09.2020,2020-09-11,9,2020,True,0.0237788019584822,0.021225272008559823,0.01996142619726476,0.02088562632639564
66,14.09.2020,2020-09-14,9,2020,True,0.0237528496926212,0.02162815009181651,0.01996142619726476,0.020861838969321474
66,15.09.2020,2020-09-15,9,2020,True,0.0236393584665932,0.021806788304340647,0.01996142619726476,0.020799170303575885
66,16.09.2020,2020-09-16,9,2020,True,0.023220943276629,0.018968125736269596,0.01996142619726476,0.01855010634580891
66,17.09.2020,2020-09-17,9,2020,True,0.0233330976529488,0.01893834758105133,0.01996142619726476,0.01919106191257217
66,18.09.2020,2020-09-18,9,2020,True,0.0234381019801691,0.01769921367830037,0.01996142619726476,0.01919141041817374
66,21.09.2020,2020-09-21,9,2020,True,0.0229447243238565,0.017698657508158976,0.01996142619726476,0.018843045855950046
66,22.09.2020,2020-09-22,9,2020,True,0.0229411245159888,0.01944218488219587,0.01996142619726476,0.019498648531564692
66,23.09.2020,2020-09-23,9,2020,True,0.0229840795385121,0.019801069354913332,0.01996142619726476,0.019368435089284885
66,24.09.2020,2020-09-24,9,2020,True,0.0229844714947273,0.01936152404767181,0.01996142619726476,0.019263411315683075
66,25.09.2020,2020-09-25,9,2020,True,0.0229814996765325,0.019082683467627055,0.01996142619726476,0.019091462673576757
66,28.09.2020,2020-09-28,9,2020,True,0.0229656517957668,0.019011942115500453,0.01996142619726476,0.01904975044976021
66,29.09.2020,2020-09-29,9,2020,True,0.022607612519526,0.018394939957290465,0.01996142619726476,0.017788230939674767
66,30.09.2020,2020-09-30,9,2020,True,0.0232540272249896,0.019111816781342716,0.01996142619726476,0.018145568248560406
66,01.10.2020,2020-10-01,9,2020,True,0.0232723922661007,0.018241636859379178,0.01996142619726476,0.018146939114563825
66,02.10.2020,2020-10-02,9,2020,True,0.0225651837974329,0.02057058519552445,0.01996142619726476,0.01802641844157296
66,05.10.2020,2020-10-05,9,2020,True,0.0220603410348388,0.02242369199820001,0.01996142619726476,0.01865706047120203
66,06.10.2020,2020-10-06,9,2020,True,0.0218205740029284,0.02226947292736532,0.01996142619726476,0.01950233861747216
66,07.10.2020,2020-10-07,9,2020,True,0.0217329512709225,0.020914841251116405,0.01996142619726476,0.019649115781508228
66,08.10.2020,2020-10-08,9,2020,True,0.0215295320378597,0.020370824684574,0.01996142619726476,0.01974052217422763
66,09.10.2020,2020-10-09,9,2020,True,0.0214465930467598,0.020629737112217984,0.01996142619726476,0.020130595482454838
66,12.10.2020,2020-10-12,9,2020,True,0.0213821711845794,0.01999370248069328,0.01996142619726476,0.020170528059257654
66,13.10.2020,2020-10-13,9,2020,True,0.0213575037443446,0.020761020466924497,0.01996142619726476,0.020258224026523167
66,14.10.2020,2020-10-14,9,2020,True,0.021262471288079,0.022773056413219077,0.01996142619726476,0.020207507997975892
66,15.10.2020,2020-10-15,9,2020,True,0.0212459854134967,0.02078376948373975,0.01996142619726476,0.020309044862815713
66,16.10.2020,2020-10-16,9,2020,True,0.0213109622924301,0.02066364165809723,0.01996142619726476,0.020308441577252714
66,19.10.2020,2020-10-19,9,2020,True,0.0212725682718079,0.02054173684550792,0.01996142619726476,0.020156939728842426
66,20.10.2020,2020-10-20,9,2020,True,0.0212503213724063,0.02079261144184902,0.01996142619726476,0.020142047413778574
66,21.10.2020,2020-10-21,9,2020,True,0.0207381947559888,0.021075557828960718,0.01996142619726476,0.020193483360024557
66,22.10.2020,2020-10-22,9,2020,True,0.0207062937669872,0.024199619301331916,0.01996142619726476,0.02060997473293045
66,23.10.2020,2020-10-23,9,2020,True,0.0205492699712568,0.022244319536422565,0.01996142619726476,0.02050865697139065
66,26.10.2020,2020-10-26,9,2020,True,0.0200472894247045,0.02141222412835303,0.01996142619726476,0.020599910271400165
66,27.10.2020,2020-10-27,9,2020,True,0.0200619088454254,0.02531530763780028,0.01996142619726476,0.02078447850031966
66,28.10.2020,2020-10-28,9,2020,True,0.0188135850683552,0.023864456370647557,0.01996142619726476,0.020917058041848735
66,29.10.2020,2020-10-29,9,2020,True,0.0179770585464309,0.027277697503969314,0.01996142619726476,0.021836775191158654
66,30.10.2020,2020-10-30,9,2020,True,0.0179171795257202,0.027887847643689227,0.01996142619726476,0.022298069823053213
66,02.11.2020,2020-11-02,9,2020,True,0.0175327042446664,0.028510040799360776,0.01996142619726476,0.022229114815584185
66,03.11.2020,2020-11-03,9,2020,True,0.0174691564362754,0.029091549078964267,0.01996142619726476,0.022720238195809924
66,04.11.2020,2020-11-04,9,2020,True,0.0170330316743717,0.029589085345039918,0.01996142619726476,0.022826045273170385
66,05.11.2020,2020-11-05,9,2020,True,0.0170115004704579,0.029040372285946667,0.01996142619726476,0.023185691002456734
66,06.11.2020,2020-11-06,9,2020,True,0.0162375405310011,0.029538085729779135,0.01996142619726476,0.023179817939022063
66,09.11.2020,2020-11-09,9,2020,True,0.0140880757760186,0.028077109449510293,0.01996142619726476,0.023479134796560434
66,10.11.2020,2020-11-10,9,2020,True,0.0138679374351693,0.025656062271334764,0.01996142619726476,0.025191668837131476
66,11.11.2020,2020-11-11,9,2020,True,0.0139491206958006,0.023797868970475502,0.01996142619726476,0.025376155688376124
66,12.11.2020,2020-11-12,9,2020,True,0.0141312409268854,0.02369665769097072,0.01996142619726476,0.025327193473316377
66,13.11.2020,2020-11-13,9,2020,True,0.0143349929048212,0.024288037959409266,0.01996142619726476,0.02530344298903906
66,16.11.2020,2020-11-16,9,2020,True,0.0141738397297982,0.02316176372321561,0.01996142619726476,0.025250757245118473
66,17.11.2020,2020-11-17,9,2020,True,0.0143345299675883,0.022585839079219246,0.01996142619726476,0.025406716029938083
66,18.11.2020,2020-11-18,9,2020,True,0.0143488218560663,0.021730160246388335,0.01996142619726476,0.025404087266722542
66,19.11.2020,2020-11-19,9,2020,True,0.0144648220774554,0.02249706330202653,0.01996142619726476,0.025410181909774437
66,20.11.2020,2020-11-20,9,2020,True,0.0153646201838776,0.022517912342907533,0.01996142619726476,0.025410815483715956
66,23.11.2020,2020-11-23,9,2020,True,0.0153933916500757,0.02050618945750871,0.01996142619726476,0.025500697515226066
66,24.11.2020,2020-11-24,9,2020,True,0.0149624237512532,0.020588744695760115,0.01996142619726476,0.025641249973526875
66,25.11.2020,2020-11-25,9,2020,True,0.015563197748196,0.020336240609450492,0.01996142619726476,0.026010478073593916
66,27.11.2020,2020-11-27,9,2020,True,0.0160088308208904,0.022174788013683867,0.01996142619726476,0.025993352426582288
66,30.11.2020,2020-11-30,9,2020,True,0.0160839359071546,0.02243262576109499,0.01996142619726476,0.025954311458837892
66,01.12.2020,2020-12-01,9,2020,True,0.0161677554786164,0.022420383111680025,0.01996142619726476,0.025995496455353723
66,02.12.2020,2020-12-02,9,2020,True,0.0160981594403125,0.02269974389781002,0.01996142619726476,0.025952220477137345
66,03.12.2020,2020-12-03,9,2020,True,0.0162773106167343,0.02341302293899336,0.01996142619726476,0.026031360540933753
66,04.12.2020,2020-12-04,9,2020,True,0.0163208714063688,0.020309183235446792,0.01996142619726476,0.026047508941653225
66,07.12.2020,2020-12-07,9,2020,True,0.0162688887950943,0.019558918275534937,0.01996142619726476,0.026067542673000082
66,08.12.2020,2020-12-08,9,2020,True,0.0163322256911529,0.01947245629323564,0.01996142619726476,0.0258878432430831
66,09.12.2020,2020-12-09,9,2020,True,0.0163766701464354,0.020058552342816335,0.01996142619726476,0.025860374517902504
66,10.12.2020,2020-12-10,9,2020,True,0.0186757849621394,0.019819567542844054,0.01996142619726476,0.025508109947617406
66,11.12.2020,2020-12-11,9,2020,True,0.0187440827835339,0.018749885722973893,0.01996142619726476,0.024066009914618134
66,14.12.2020,2020-12-14,9,2020,True,0.0187438696176152,0.018832480029958392,0.01996142619726476,0.02393955623134899
66,15.12.2020,2020-12-15,9,2020,True,0.0203594297948577,0.0187944901856425,0.01996142619726476,0.02379621519511211
66,16.12.2020,2020-12-16,9,2020,True,0.0214574005176649,0.018647550813832615,0.01996142619726476,0.02377880195848226
66,17.12.2020,2020-12-17,9,2020,True,0.0220747614048219,0.018664106786245263,0.01996142619726476,0.023752849692621245
66,18.12.2020,2020-12-18,9,2020,True,0.0225370247013168,0.018620381621499548,0.01996142619726476,0.023639358466593294
66,21.12.2020,2020-12-21,9,2020,True,0.0222383610853404,0.01823064037803101,0.01996142619726476,0.023220943276629043
66,22.12.2020,2020-12-22,9,2020,True,0.0221945919770243,0.01911275830611407,0.01996142619726476,0.023333097652948886
66,23.12.2020,2020-12-23,9,2020,True,0.0221322605361087,0.019398807991709344,0.01996142619726476,0.023438101980169157
66,24.12.2020,2020-12-24,9,2020,True,0.0222332684815111,0.017341021095940486,0.01996142619726476,0.022944724323856587
66,28.12.2020,2020-12-28,9,2020,True,0.0229069458568117,0.01754276741529829,0.01996142619726476,0.022941124515988863
66,29.12.2020,2020-12-29,9,2020,True,0.0229198896364863,0.01792138643285226,0.01996142619726476,0.022984079538512166
66,30.12.2020,2020-12-30,9,2020,True,0.0229230754185998,0.018485207814204752,0.01996142619726476,0.022984471494727318
66,31.12.2020,2020-12-31,9,2020,True,0.0229136191902946,0.01859401158614061,0.01996142619726476,0.022981499676532503
66,04.01.2021,2021-01-04,10,2021,True,0.0228344116329679,0.019504631498748464,0.021485446233184796,0.022965651795766845
66,05.01.2021,2021-01-05,10,2021,True,0.022139929509762,0.021831875641606872,0.021485446233184796,0.022607612519526053
66,06.01.2021,2021-01-06,10,2021,True,0.0221062211759896,0.0212393662145865,0.021485446233184796,0.023254027224989655
66,07.01.2021,2021-01-07,10,2021,True,0.0227098224152937,0.019847843562292404,0.021485446233184796,0.0232723922661007
66,08.01.2021,2021-01-08,10,2021,True,0.0224766387000361,0.019427874122570674,0.021485446233184796,0.022565183797432945
66,11.01.2021,2021-01-11,10,2021,True,0.0224605879428562,0.018913590993143947,0.021485446233184796,0.02206034103483886
66,12.01.2021,2021-01-12,10,2021,True,0.022396736881737,0.018528845513935042,0.021485446233184796,0.021820574002928424
66,13.01.2021,2021-01-13,10,2021,True,0.0223815398571435,0.017941526947645267,0.021485446233184796,0.021732951270922517
66,14.01.2021,2021-01-14,10,2021,True,0.0225324737916103,0.01801866327135426,0.021485446233184796,0.021529532037859768
66,15.01.2021,2021-01-15,10,2021,True,0.0222995134824328,0.01834471828563459,0.021485446233184796,0.02144659304675987
66,19.01.2021,2021-01-19,10,2021,True,0.0222744530993828,0.0204159980315365,0.021485446233184796,0.021382171184579447
66,20.01.2021,2021-01-20,10,2021,True,0.0223050573584523,0.018021354904140856,0.021485446233184796,0.021357503744344603
66,21.01.2021,2021-01-21,10,2021,True,0.0223326071940947,0.018386054745153674,0.021485446233184796,0.02126247128807904
66,22.01.2021,2021-01-22,10,2021,True,0.0222879939869093,0.018075738201584368,0.021485446233184796,0.021245985413496753
66,25.01.2021,2021-01-25,10,2021,True,0.0223657824304878,0.01807879894981168,0.021485446233184796,0.021310962292430125
66,26.01.2021,2021-01-26,10,2021,True,0.0225332778579194,0.018158789741159132,0.021485446233184796,0.021272568271807946
66,27.01.2021,2021-01-27,10,2021,True,0.0225269864088958,0.019503161366963055,0.021485446233184796,0.021250321372406365
66,28.01.2021,2021-01-28,10,2021,True,0.0225948226941866,0.022687770101189404,0.021485446233184796,0.02073819475598888
66,29.01.2021,2021-01-29,10,2021,True,0.0225930909366658,0.02368888979299374,0.021485446233184796,0.020706293766987273
66,01.02.2021,2021-02-01,10,2021,True,0.0226674011377575,0.023745782467913496,0.021485446233184796,0.020549269971256872
66,02.02.2021,2021-02-02,10,2021,True,0.0225718067546452,0.022122927287222118,0.021485446233184796,0.02004728942470458
66,03.02.2021,2021-02-03,10,2021,True,0.0224986172370338,0.02097023514069733,0.021485446233184796,0.02006190884542546
66,04.02.2021,2021-02-04,10,2021,True,0.0224931107495055,0.018459348784958595,0.021485446233184796,0.018813585068355256
66,05.02.2021,2021-02-05,10,2021,True,0.0225069643629683,0.016765685921674364,0.021485446233184796,0.01797705854643095
66,08.02.2021,2021-02-08,10,2021,True,0.0228136612576402,0.019660060683627446,0.021485446233184796,0.017917179525720243
66,09.02.2021,2021-02-09,10,2021,True,0.0229715401566842,0.018913992261943197,0.021485446233184796,0.01753270424466642
66,10.02.2021,2021-02-10,10,2021,True,0.0229924580308948,0.019633814968429406,0.021485446233184796,0.0174691564362755
66,11.02.2021,2021-02-11,10,2021,True,0.0230287948297251,0.019279775061080567,0.021485446233184796,0.017033031674371785
66,12.02.2021,2021-02-12,10,2021,True,0.0232359065549335,0.019385726603899336,0.021485446233184796,0.017011500470457977
66,16.02.2021,2021-02-16,10,2021,True,0.0233657321956823,0.018690954184035408,0.021485446233184796,0.01623754053100116
66,17.02.2021,2021-02-17,10,2021,True,0.0234197232156115,0.016112401320585855,0.021485446233184796,0.01408807577601866
66,18.02.2021,2021-02-18,10,2021,True,0.0236812788326565,0.017214032496840333,0.021485446233184796,0.013867937435169368
66,19.02.2021,2021-02-19,10,2021,True,0.023585095959949,0.017862085936036096,0.021485446233184796,0.01394912069580063
66,22.02.2021,2021-02-22,10,2021,True,0.0231767173850866,0.018213704459496546,0.021485446233184796,0.014131240926885476
66,23.02.2021,2021-02-23,10,2021,True,0.0231957687922077,0.0199322293134554,0.021485446233184796,0.014334992904821285
66,24.02.2021,2021-02-24,10,2021,True,0.0229971558647866,0.02005734960654722,0.021485446233184796,0.014173839729798233
66,25.02.2021,2021-02-25,10,2021,True,0.0230165577108933,0.021276508972842743,0.021485446233184796,0.014334529967588373
66,26.02.2021,2021-02-26,10,2021,True,0.0230377292435338,0.021688776218627612,0.021485446233184796,0.014348821856066325
66,01.03.2021,2021-03-01,10,2021,True,0.0225247885378886,0.02673758752141334,0.021485446233184796,0.01446482207745545
66,02.03.2021,2021-03-02,10,2021,True,0.022432477331522,0.03248341653503167,0.021485446233184796,0.015364620183877624
66,03.03.2021,2021-03-03,10,2021,True,0.0223174592981137,0.029291651603124667,0.021485446233184796,0.01539339165007571
66,04.03.2021,2021-03-04,10,2021,True,0.0218027329123794,0.022874121945034766,0.021485446233184796,0.014962423751253225
66,05.03.2021,2021-03-05,10,2021,True,0.0212983404225377,0.02197639570410445,0.021485446233184796,0.015563197748196018
66,08.03.2021,2021-03-08,10,2021,True,0.0211972739375478,0.02182181942062018,0.021485446233184796,0.01600883082089046
66,09.03.2021,2021-03-09,10,2021,True,0.0211487954422779,0.023380689493680655,0.021485446233184796,0.01608393590715468
66,10.03.2021,2021-03-10,10,2021,True,0.0211419278205481,0.028084269951401276,0.021485446233184796,0.016167755478616454
66,11.03.2021,2021-03-11,10,2021,True,0.0210044163346863,0.022966779598877572,0.021485446233184796,0.016098159440312572
66,12.03.2021,2021-03-12,10,2021,True,0.0209939644590931,0.022611975698302807,0.021485446233184796,0.016277310616734396
66,15.03.2021,2021-03-15,10,2021,True,0.0211097756215201,0.019544498227011365,0.021485446233184796,0.016320871406368904
66,16.03.2021,2021-03-16,10,2021,True,0.0210943048687865,0.020473517673394823,0.021485446233184796,0.01626888879509437
66,17.03.2021,2021-03-17,10,2021,True,0.0211873246336012,0.019438047983897193,0.021485446233184796,0.01633222569115298
66,18.03.2021,2021-03-18,10,2021,True,0.0191037711690993,0.018192718649396717,0.021485446233184796,0.01637667014643543
66,19.03.2021,2021-03-19,10,2021,True,0.0189880089961009,0.032377392017883075,0.021485446233184796,0.018675784962139428
66,22.03.2021,2021-03-22,10,2021,True,0.0189903103864165,0.03873257251984356,0.021485446233184796,0.018744082783533976
66,23.03.2021,2021-03-23,10,2021,True,0.0172643668751119,0.026393008360039258,0.021485446233184796,0.018743869617615278
66,24.03.2021,2021-03-24,10,2021,True,0.0161070486082355,0.033987869014556873,0.021485446233184796,0.020359429794857775
66,25.03.2021,2021-03-25,10,2021,True,0.0152640797073052,0.0362004899439756,0.021485446233184796,0.021457400517664947
66,26.03.2021,2021-03-26,10,2021,True,0.0144864357378186,0.03586862945578191,0.021485446233184796,0.02207476140482194
66,29.03.2021,2021-03-29,10,2021,True,0.0145045542966933,0.028035574190660426,0.021485446233184796,0.02253702470131688
66,30.03.2021,2021-03-30,10,2021,True,0.0143787020350813,0.026415927315942278,0.021485446233184796,0.022238361085340445
66,31.03.2021,2021-03-31,10,2021,True,0.0146161601177288,0.02265702517043912,0.021485446233184796,0.02219459197702439
66,01.04.2021,2021-04-01,10,2021,True,0.0145901275457608,0.02728560075446475,0.021485446233184796,0.022132260536108776
66,05.04.2021,2021-04-05,10,2021,True,0.0135111571368268,0.022481667757690872,0.021485446233184796,0.022233268481511116
66,06.04.2021,2021-04-06,10,2021,True,0.013637478606303,0.023182584808445508,0.021485446233184796,0.022906945856811748
66,07.04.2021,2021-04-07,10,2021,True,0.0136638775960248,0.022591038468710613,0.021485446233184796,0.02291988963648637
66,08.04.2021,2021-04-08,10,2021,True,0.0137837274377514,0.023260488579080342,0.021485446233184796,0.02292307541859989
66,09.04.2021,2021-04-09,10,2021,True,0.0141209263720069,0.02388229134021703,0.021485446233184796,0.022913619190294682
66,12.04.2021,2021-04-12,10,2021,True,0.0143295462127292,0.023236334023529395,0.021485446233184796,0.02283441163296798
66,13.04.2021,2021-04-13,10,2021,True,0.014321502208805,0.02187928689316382,0.021485446233184796,0.022139929509762013
66,14.04.2021,2021-04-14,10,2021,True,0.0159460421289874,0.0216582982692528,0.021485446233184796,0.02210622117598964
66,15.04.2021,2021-04-15,10,2021,True,0.0159835028931597,0.020174253370925346,0.021485446233184796,0.022709822415293707
66,16.04.2021,2021-04-16,10,2021,True,0.0167241001051261,0.01919130567269354,0.021485446233184796,0.022476638700036106
66,19.04.2021,2021-04-19,10,2021,True,0.016904198221071,0.01985538071109062,0.021485446233184796,0.022460587942856297
66,20.04.2021,2021-04-20,10,2021,True,0.0168727579876639,0.019606741723805828,0.021485446233184796,0.02239673688173702
66,21.04.2021,2021-04-21,10,2021,True,0.0166809410258528,0.019673094900719,0.021485446233184796,0.022381539857143563
66,22.04.2021,2021-04-22,10,2021,True,0.016683010224796,0.024435024391971857,0.021485446233184796,0.02253247379161032
66,23.04.2021,2021-04-23,10,2021,True,0.0166477239376571,0.022887430452781406,0.021485446233184796,0.022299513482432833
66,26.04.2021,2021-04-26,10,2021,True,0.0167185489036342,0.021992200365543706,0.021485446233184796,0.022274453099382873
66,27.04.2021,2021-04-27,10,2021,True,0.016678082218109,0.023319228416674883,0.021485446233184796,0.02230505735845234
66,28.04.2021,2021-04-28,10,2021,True,0.0176463720912383,0.022069595111216898,0.021485446233184796,0.022332607194094797
66,29.04.2021,2021-04-29,10,2021,True,0.017530545879682,0.021219698502572926,0.021485446233184796,0.022287993986909366
66,30.04.2021,2021-04-30,10,2021,True,0.0177270127951066,0.021531275000167112,0.021485446233184796,0.022365782430487865
66,03.05.2021,2021-05-03,10,2021,True,0.0177839801839508,0.023835587041731436,0.021485446233184796,0.022533277857919455
66,04.05.2021,2021-05-04,10,2021,True,0.0176659824159993,0.02410214453930666,0.021485446233184796,0.022526986408895854
66,05.05.2021,2021-05-05,10,2021,True,0.0179139398539619,0.02096199505718341,0.021485446233184796,0.02259482269418661
66,06.05.2021,2021-05-06,10,2021,True,0.018058036020802,0.022686815303271733,0.021485446233184796,0.022593090936665852
66,07.05.2021,2021-05-07,10,2021,True,0.0181055025512506,0.022517347225048726,0.021485446233184796,0.022667401137757583
66,10.05.2021,2021-05-10,10,2021,True,0.0181081308969641,0.02217915762683184,0.021485446233184796,0.022571806754645207
66,11.05.2021,2021-05-11,10,2021,True,0.0181532976885845,0.022900100475976844,0.021485446233184796,0.02249861723703383
66,12.05.2021,2021-05-12,10,2021,True,0.0182065495719483,0.022098166466091064,0.021485446233184796,0.022493110749505597
66,13.05.2021,2021-05-13,10,2021,True,0.0177473090469004,0.020532437984256288,0.021485446233184796,0.022506964362968337
66,14.05.2021,2021-05-14,10,2021,True,0.0175511218953277,0.021323392334934202,0.021485446233184796,0.022813661257640276
66,17.05.2021,2021-05-17,10,2021,True,0.0177913818570664,0.019497458808439543,0.021485446233184796,0.02297154015668428
66,18.05.2021,2021-05-18,10,2021,True,0.0178957532094144,0.019662893663667098,0.021485446233184796,0.02299245803089489
66,19.05.2021,2021-05-19,10,2021,True,0.0187167020644956,0.020244785681518305,0.021485446233184796,0.023028794829725117
66,20.05.2021,2021-05-20,10,2021,True,0.0188919130792014,0.021145800168355905,0.021485446233184796,0.023235906554933558
66,21.05.2021,2021-05-21,10,2021,True,0.0188432415595173,0.02179510502993895,0.021485446233184796,0.02336573219568237
66,24.05.2021,2021-05-24,10,2021,True,0.018621253269325,0.02204963749108549,0.021485446233184796,0.023419723215611574
66,25.05.2021,2021-05-25,10,2021,True,0.0188176555331459,0.019630158232105056,0.021485446233184796,0.023681278832656572
66,26.05.2021,2021-05-26,10,2021,True,0.0188471674572413,0.01984005530362137,0.021485446233184796,0.023585095959949044
66,27.05.2021,2021-05-27,10,2021,True,0.0188409110382269,0.018969290422303005,0.021485446233184796,0.02317671738508667
66,28.05.2021,2021-05-28,10,2021,True,0.0190013601347977,0.01921634303756839,0.021485446233184796,0.023195768792207767
66,01.06.2021,2021-06-01,10,2021,True,0.0191251883952314,0.020516872504671987,0.021485446233184796,0.02299715586478668
66,02.06.2021,2021-06-02,10,2021,True,0.019048633833735,0.020750987684149465,0.021485446233184796,0.023016557710893358
66,03.06.2021,2021-06-03,10,2021,True,0.0191157514631366,0.020755721660411577,0.021485446233184796,0.023037729243533884
66,04.06.2021,2021-06-04,10,2021,True,0.0191529167421562,0.02080854043337801,0.021485446233184796,0.02252478853788863
66,07.06.2021,2021-06-07,10,2021,True,0.0192431794815618,0.02059683651652872,0.021485446233184796,0.02243247733152202
66,08.06.2021,2021-06-08,10,2021,True,0.0193667490132531,0.020443400821099265,0.021485446233184796,0.0223174592981137
66,09.06.2021,2021-06-09,10,2021,True,0.0193912009148631,0.019534743769805955,0.021485446233184796,0.021802732912379427
66,10.06.2021,2021-06-10,10,2021,True,0.0193855478957802,0.01914780446188429,0.021485446233184796,0.02129834042253779
66,11.06.2021,2021-06-11,10,2021,True,0.0196220003363945,0.019097573079201242,0.021485446233184796,0.02119727393754786
66,14.06.2021,2021-06-14,10,2021,True,0.0196226908209368,0.019091186708881363,0.021485446233184796,0.021148795442277914
66,15.06.2021,2021-06-15,10,2021,True,0.0195437338876551,0.01956269516535109,0.021485446233184796,0.021141927820548134
66,16.06.2021,2021-06-16,10,2021,True,0.0196760575205552,0.01951020741031142,0.021485446233184796,0.021004416334686388
66,17.06.2021,2021-06-17,10,2021,True,0.0195645578167202,0.019091325364703465,0.021485446233184796,0.02099396445909313
66,18.06.2021,2021-06-18,10,2021,True,0.0197764325630532,0.021673245994550533,0.021485446233184796,0.02110977562152013
66,21.06.2021,2021-06-21,10,2021,True,0.0197160371229411,0.019390608059940365,0.021485446233184796,0.021094304868786516
66,22.06.2021,2021-06-22,10,2021,True,0.0197558244525648,0.02100714313526756,0.021485446233184796,0.021187324633601273
66,23.06.2021,2021-06-23,10,2021,True,0.0198677982896886,0.01932082511060275,0.021485446233184796,0.01910377116909936
66,24.06.2021,2021-06-24,10,2021,True,0.0198766270584111,0.020264624640281947,0.021485446233184796,0.01898800899610094
66,25.06.2021,2021-06-25,10,2021,True,0.0198696831596524,0.019091487356671967,0.021485446233184796,0.01899031038641658
66,28.06.2021,2021-06-28,10,2021,True,0.019708001094024,0.017618242221574775,0.021485446233184796,0.017264366875111917
66,29.06.2021,2021-06-29,10,2021,True,0.0197382349702604,0.016213635824528384,0.021485446233184796,0.016107048608235554
66,30.06.2021,2021-06-30,10,2021,True,0.0199487829329441,0.016846124746062643,0.021485446233184796,0.015264079707305273
66,01.07.2021,2021-07-01,10,2021,True,0.0200055510441384,0.016236247198360712,0.021485446233184796,0.014486435737818642
66,02.07.2021,2021-07-02,10,2021,True,0.0201429036735862,0.016012859821875045,0.021485446233184796,0.014504554296693395
66,06.07.2021,2021-07-06,10,2021,True,0.0199752468543047,0.015643485302620795,0.021485446233184796,0.014378702035081313
66,07.07.2021,2021-07-07,10,2021,True,0.0198761176395219,0.01854369489015533,0.021485446233184796,0.014616160117728871
66,08.07.2021,2021-07-08,10,2021,True,0.0199232934867915,0.025351539060263002,0.021485446233184796,0.014590127545760815
66,09.07.2021,2021-07-09,10,2021,True,0.0198130700977662,0.020633135658757094,0.021485446233184796,0.013511157136826832
66,12.07.2021,2021-07-12,10,2021,True,0.0198031851352268,0.01803332021555699,0.021485446233184796,0.013637478606303086
66,13.07.2021,2021-07-13,10,2021,True,0.0197297903401472,0.018350073634101554,0.021485446233184796,0.01366387759602483
66,14.07.2021,2021-07-14,10,2021,True,0.0195220591652273,0.016763005164307926,0.021485446233184796,0.013783727437751405
66,15.07.2021,2021-07-15,10,2021,True,0.0194001704805205,0.01597182714366026,0.021485446233184796,0.014120926372006922
66,16.07.2021,2021-07-16,10,2021,True,0.01941791525788,0.015825192667011437,0.021485446233184796,0.014329546212729223
66,19.07.2021,2021-07-19,10,2021,True,0.0172113674398076,0.016412935324387944,0.021485446233184796,0.014321502208805048
66,20.07.2021,2021-07-20,10,2021,True,0.0173219894084169,0.0203578769925458,0.021485446233184796,0.015946042128987415
66,21.07.2021,2021-07-21,10,2021,True,0.0167015404984274,0.018992287837167436,0.021485446233184796,0.015983502893159716
66,22.07.2021,2021-07-22,10,2021,True,0.0165396819550881,0.019353499109841597,0.021485446233184796,0.01672410010512613
66,23.07.2021,2021-07-23,10,2021,True,0.0165408116993964,0.016720743129386078,0.021485446233184796,0.01690419822107101
66,26.07.2021,2021-07-26,10,2021,True,0.0167889724618404,0.015264887421003447,0.021485446233184796,0.016872757987663942
66,27.07.2021,2021-07-27,10,2021,True,0.0167981765224608,0.01587682800862627,0.021485446233184796,0.016680941025852884
66,28.07.2021,2021-07-28,10,2021,True,0.0167975697243086,0.01604227036054031,0.021485446233184796,0.016683010224796044
66,29.07.2021,2021-07-29,10,2021,True,0.0166873474882949,0.015738038800098587,0.021485446233184796,0.016647723937657198
66,30.07.2021,2021-07-30,10,2021,True,0.0166863980903164,0.0164525911764738,0.021485446233184796,0.016718548903634244
66,02.08.2021,2021-08-02,10,2021,True,0.0161720096123174,0.016141903242189993,0.021485446233184796,0.016678082218109038
66,03.08.2021,2021-08-03,10,2021,True,0.016320152194125,0.01899462927915044,0.021485446233184796,0.017646372091238344
66,04.08.2021,2021-08-04,10,2021,True,0.0161746243621717,0.017724857937944757,0.021485446233184796,0.017530545879682086
66,05.08.2021,2021-08-05,10,2021,True,0.0161393369382355,0.023600813555919677,0.021485446233184796,0.01772701279510668
66,06.08.2021,2021-08-06,10,2021,True,0.0161695775619425,0.021824986521618846,0.021485446233184796,0.01778398018395084
66,09.08.2021,2021-08-09,10,2021,True,0.0162166020293804,0.022182403204208147,0.021485446233184796,0.01766598241599935
66,10.08.2021,2021-08-10,10,2021,True,0.016021978928351,0.022611905927592574,0.021485446233184796,0.01791393985396193
66,11.08.2021,2021-08-11,10,2021,True,0.0160374530465766,0.021130925892702355,0.021485446233184796,0.01805803602080201
66,12.08.2021,2021-08-12,10,2021,True,0.0160361528556325,0.020071693589157964,0.021485446233184796,0.018105502551250617
66,13.08.2021,2021-08-13,10,2021,True,0.0159651342757495,0.01943524757447285,0.021485446233184796,0.018108130896964163
66,16.08.2021,2021-08-16,10,2021,True,0.0162093238865198,0.01859218698991103,0.021485446233184796,0.018153297688584535
66,17.08.2021,2021-08-17,10,2021,True,0.0162120692615251,0.02028618456044672,0.021485446233184796,0.01820654957194835
66,18.08.2021,2021-08-18,10,2021,True,0.0165911714301203,0.022135011052555772,0.021485446233184796,0.017747309046900445
66,19.08.2021,2021-08-19,10,2021,True,0.0162273901243379,0.02301074249861084,0.021485446233184796,0.017551121895327697
66,20.08.2021,2021-08-20,10,2021,True,0.0163886464884588,0.023402041458537297,0.021485446233184796,0.01779138185706645
66,23.08.2021,2021-08-23,10,2021,True,0.0151673818184938,0.02360456471915873,0.021485446233184796,0.017895753209414406
66,24.08.2021,2021-08-24,10,2021,True,0.0213088449613606,0.020992455054492914,0.021485446233184796,0.01871670206449561
66,25.08.2021,2021-08-25,10,2021,True,0.0212440179435853,0.019373561139822373,0.021485446233184796,0.018891913079201402
66,26.08.2021,2021-08-26,10,2021,True,0.0217171595344479,0.01974351168722687,0.021485446233184796,0.01884324155951737
66,27.08.2021,2021-08-27,10,2021,True,0.0217301806122741,0.019105137681543025,0.021485446233184796,0.018621253269325018
66,30.08.2021,2021-08-30,10,2021,True,0.021744999113219,0.01846716284459492,0.021485446233184796,0.01881765553314597
66,31.08.2021,2021-08-31,10,2021,True,0.0217410499167651,0.018564373714832064,0.021485446233184796,0.018847167457241333
66,01.09.2021,2021-09-01,10,2021,True,0.0223179142473516,0.017685632287590118,0.021485446233184796,0.018840911038226903
66,02.09.2021,2021-09-02,10,2021,True,0.0225251347782377,0.019073418725282346,0.021485446233184796,0.019001360134797706
66,03.09.2021,2021-09-03,10,2021,True,0.022518166013069,0.017003662675974713,0.021485446233184796,0.019125188395231408
66,07.09.2021,2021-09-07,10,2021,True,0.0225836407329828,0.019324289914812966,0.021485446233184796,0.01904863383373508
66,08.09.2021,2021-09-08,10,2021,True,0.022562952467149,0.01725097278757191,0.021485446233184796,0.01911575146313659
66,09.09.2021,2021-09-09,10,2021,True,0.022508950941654,0.017079146169163232,0.021485446233184796,0.01915291674215619
66,10.09.2021,2021-09-10,10,2021,True,0.022404484870655,0.01753834198310738,0.021485446233184796,0.01924317948156187
66,13.09.2021,2021-09-13,10,2021,True,0.0223846804519867,0.017585723652158415,0.021485446233184796,0.01936674901325313
66,14.09.2021,2021-09-14,10,2021,True,0.0224628348655505,0.01741997208031151,0.021485446233184796,0.019391200914863137
66,15.09.2021,2021-09-15,10,2021,True,0.0223874723322876,0.017876443383358444,0.021485446233184796,0.019385547895780255
66,16.09.2021,2021-09-16,10,2021,True,0.0226318209896635,0.017612179933887206,0.021485446233184796,0.019622000336394583
66,17.09.2021,2021-09-17,10,2021,True,0.0230252938982971,0.017574674128439157,0.021485446233184796,0.019622690820936834
66,20.09.2021,2021-09-20,10,2021,True,0.0230072308439669,0.017419067189002643,0.021485446233184796,0.019543733887655096
66,21.09.2021,2021-09-21,10,2021,True,0.0231319483223709,0.019040327443282032,0.021485446233184796,0.019676057520555273
66,22.09.2021,2021-09-22,10,2021,True,0.0231045463504834,0.018247529136497024,0.021485446233184796,0.019564557816720195
66,23.09.2021,2021-09-23,10,2021,True,0.0230496564409748,0.0176360647331254,0.021485446233184796,0.0197764325630532
66,24.09.2021,2021-09-24,10,2021,True,0.0230163914511791,0.017632354876347647,0.021485446233184796,0.01971603712294113
66,27.09.2021,2021-09-27,10,2021,True,0.0229060002837283,0.018022318805556846,0.021485446233184796,0.019755824452564793
66,28.09.2021,2021-09-28,10,2021,True,0.0230230687045199,0.019782564554729293,0.021485446233184796,0.01986779828968868
66,29.09.2021,2021-09-29,10,2021,True,0.0230917251012327,0.019559501967581997,0.021485446233184796,0.019876627058411145
66,30.09.2021,2021-09-30,10,2021,True,0.0231440738879662,0.019880751864901913,0.021485446233184796,0.019869683159652478
66,01.10.2021,2021-10-01,10,2021,True,0.0231460821180984,0.020005204308478405,0.021485446233184796,0.019708001094024073
66,04.10.2021,2021-10-04,10,2021,True,0.0230159359595003,0.019533278563060974,0.021485446233184796,0.01973823497026042
66,05.10.2021,2021-10-05,10,2021,True,0.0229343871908978,0.01996277555708119,0.021485446233184796,0.019948782932944092
66,06.10.2021,2021-10-06,10,2021,True,0.0228642795733689,0.019449143460027688,0.021485446233184796,0.020005551044138474
66,07.10.2021,2021-10-07,10,2021,True,0.0232244053317678,0.024656685736707512,0.021485446233184796,0.020142903673586204
66,08.10.2021,2021-10-08,10,2021,True,0.0232556081757827,0.026464109810200837,0.021485446233184796,0.019975246854304747
66,11.10.2021,2021-10-11,10,2021,True,0.0231844122384461,0.02026143474179402,0.021485446233184796,0.019876117639521903
66,12.10.2021,2021-10-12,10,2021,True,0.0232926243445241,0.020664957246773464,0.021485446233184796,0.019923293486791553
66,13.10.2021,2021-10-13,10,2021,True,0.0233739080972071,0.02004771797677106,0.021485446233184796,0.01981307009776625
66,14.10.2021,2021-10-14,10,2021,True,0.0233786265759731,0.019529422639017826,0.021485446233184796,0.01980318513522687
66,15.10.2021,2021-10-15,10,2021,True,0.0233496125469702,0.020243593235519972,0.021485446233184796,0.0197297903401472
66,18.10.2021,2021-10-18,10,2021,True,0.0233465752567997,0.017765380380563967,0.021485446233184796,0.01952205916522737
66,19.10.2021,2021-10-19,10,2021,True,0.0234421593051946,0.018820058850170397,0.021485446233184796,0.019400170480520573
66,20.10.2021,2021-10-20,10,2021,True,0.0235750425111355,0.01895647805968295,0.021485446233184796,0.01941791525788007
66,21.10.2021,2021-10-21,10,2021,True,0.0236217004605079,0.01671623795103262,0.021485446233184796,0.01721136743980768
66,22.10.2021,2021-10-22,10,2021,True,0.0236083616271139,0.01750425564843109,0.021485446233184796,0.017321989408416925
66,25.10.2021,2021-10-25,10,2021,True,0.0236172429728493,0.016877278222156386,0.021485446233184796,0.016701540498427408
66,26.10.2021,2021-10-26,10,2021,True,0.0236609781880431,0.016857180215293647,0.021485446233184796,0.01653968195508815
66,27.10.2021,2021-10-27,10,2021,True,0.0236823675137349,0.016264188252205786,0.021485446233184796,0.0165408116993964
66,28.10.2021,2021-10-28,10,2021,True,0.0236795906982925,0.01724471159272907,0.021485446233184796,0.01678897246184041
66,29.10.2021,2021-10-29,10,2021,True,0.0237747307837208,0.016974931074242017,0.021485446233184796,0.016798176522460833
66,01.11.2021,2021-11-01,10,2021,True,0.0239303616390318,0.01735319497903771,0.021485446233184796,0.016797569724308646
66,02.11.2021,2021-11-02,10,2021,True,0.0239486210804729,0.016992153974847504,0.021485446233184796,0.016687347488294965
66,03.11.2021,2021-11-03,10,2021,True,0.0237311502717783,0.01644129609009272,0.021485446233184796,0.01668639809031643
66,04.11.2021,2021-11-04,10,2021,True,0.0236211247022,0.01997465684581257,0.021485446233184796,0.016172009612317444
66,05.11.2021,2021-11-05,10,2021,True,0.0234165011856659,0.019518345280395193,0.021485446233184796,0.016320152194125043
66,08.11.2021,2021-11-08,10,2021,True,0.0237142277274104,0.016516463035441072,0.021485446233184796,0.01617462436217176
66,09.11.2021,2021-11-09,10,2021,True,0.0237721082024428,0.016671007585878896,0.021485446233184796,0.01613933693823558
66,10.11.2021,2021-11-10,10,2021,True,0.0239381997235608,0.016383342465731306,0.021485446233184796,0.016169577561942518
66,11.11.2021,2021-11-11,10,2021,True,0.0240038863669706,0.016169903417772555,0.021485446233184796,0.016216602029380432
66,12.11.2021,2021-11-12,10,2021,True,0.0241175687183064,0.016034790998559985,0.021485446233184796,0.016021978928351034
66,15.11.2021,2021-11-15,10,2021,True,0.024119486946003,0.016119009093719844,0.021485446233184796,0.016037453046576635
66,16.11.2021,2021-11-16,10,2021,True,0.0244513404074656,0.01600369863116171,0.021485446233184796,0.016036152855632573
66,17.11.2021,2021-11-17,10,2021,True,0.0241862392762439,0.017455937170041118,0.021485446233184796,0.01596513427574956
66,18.11.2021,2021-11-18,10,2021,True,0.0242869737821513,0.0165657389198832,0.021485446233184796,0.016209323886519803
66,19.11.2021,2021-11-19,10,2021,True,0.0240206038004075,0.018712043098186446,0.021485446233184796,0.01621206926152514
66,22.11.2021,2021-11-22,10,2021,True,0.0242441462059936,0.018629287085443303,0.021485446233184796,0.01659117143012033
66,23.11.2021,2021-11-23,10,2021,True,0.0243735648804847,0.01829874913298722,0.021485446233184796,0.016227390124337937
66,24.11.2021,2021-11-24,10,2021,True,0.0258189392006165,0.016895637886272845,0.021485446233184796,0.01638864648845881
66,26.11.2021,2021-11-26,10,2021,True,0.0205796185369011,0.015474603908462715,0.021485446233184796,0.015167381818493869
66,29.11.2021,2021-11-29,10,2021,True,0.0218888553257592,0.029828732152831838,0.021485446233184796,0.021308844961360596
66,30.11.2021,2021-11-30,10,2021,True,0.021503496348484,0.030365874393632565,0.021485446233184796,0.02124401794358534
66,01.12.2021,2021-12-01,10,2021,True,0.0214088474993322,0.030313429902089125,0.021485446233184796,0.02171715953444795
66,02.12.2021,2021-12-02,10,2021,True,0.0283049901398986,0.031866380853439756,0.021485446233184796,0.021730180612274122
66,03.12.2021,2021-12-03,10,2021,True,0.0284486072764631,0.031105879723886353,0.021485446233184796,0.021744999113219057
66,06.12.2021,2021-12-06,10,2021,True,0.0282032774109274,0.031556948614023146,0.021485446233184796,0.021741049916765183
66,07.12.2021,2021-12-07,10,2021,True,0.0289441797239234,0.03130638271744391,0.021485446233184796,0.022317914247351637
66,08.12.2021,2021-12-08,10,2021,True,0.030303564454015,0.021629852418897914,0.021485446233184796,0.022525134778237695
66,09.12.2021,2021-12-09,10,2021,True,0.0303089563050105,0.02133292605499154,0.021485446233184796,0.02251816601306902
66,10.12.2021,2021-12-10,10,2021,True,0.0318684712854048,0.02180362068202906,0.021485446233184796,0.022583640732982822
66,13.12.2021,2021-12-13,10,2021,True,0.0318197929859867,0.02419973729242594,0.021485446233184796,0.022562952467149025
66,14.12.2021,2021-12-14,10,2021,True,0.032696466669272,0.024580638614904032,0.021485446233184796,0.022508950941654005
66,15.12.2021,2021-12-15,10,2021,True,0.0327070836182039,0.030117137167475237,0.021485446233184796,0.022404484870654988
66,16.12.2021,2021-12-16,10,2021,True,0.0331556829453917,0.031174825953605604,0.021485446233184796,0.02238468045198677
66,17.12.2021,2021-12-17,10,2021,True,0.0331708520899175,0.02580163648392221,0.021485446233184796,0.02246283486555049
66,20.12.2021,2021-12-20,10,2021,True,0.0328905564861961,0.024615288716300563,0.021485446233184796,0.022387472332287616
66,21.12.2021,2021-12-21,10,2021,True,0.0340977098833579,0.030308950598480294,0.021485446233184796,0.02263182098966356
66,22.12.2021,2021-12-22,10,2021,True,0.0342233619147825,0.025757084888206383,0.021485446233184796,0.02302529389829718
66,23.12.2021,2021-12-23,10,2021,True,0.0342933523593773,0.024759260273023397,0.021485446233184796,0.02300723084396692
66,27.12.2021,2021-12-27,10,2021,True,0.0349105595139615,0.023730450997401654,0.021485446233184796,0.023131948322370942
66,28.12.2021,2021-12-28,10,2021,True,0.035222028344407,0.025217486856015138,0.021485446233184796,0.023104546350483465
66,29.12.2021,2021-12-29,10,2021,True,0.0353603761804563,0.021211411960169648,0.021485446233184796,0.023049656440974797
66,30.12.2021,2021-12-30,10,2021,True,0.0353938315240907,0.021192137150950936,0.021485446233184796,0.023016391451179095
66,31.12.2021,2021-12-31,10,2021,True,0.0359931993110115,0.01961813933580575,0.021485446233184796,0.022906000283728287
66,03.01.2022,2022-01-03,11,2022,True,0.0359810459985461,0.022938488113818663,0.021324559434644123,0.02302306870451995
66,04.01.2022,2022-01-04,11,2022,True,0.0360318556638508,0.021138077721578632,0.021324559434644123,0.023091725101232766
66,05.01.2022,2022-01-05,11,2022,True,0.0364743539932904,0.021082461037339014,0.021324559434644123,0.023144073887966254
66,06.01.2022,2022-01-06,11,2022,True,0.0371346226301971,0.023631057828429305,0.021324559434644123,0.023146082118098394
66,07.01.2022,2022-01-07,11,2022,True,0.0373745725322682,0.021910876589099848,0.021324559434644123,0.023015935959500317
66,10.01.2022,2022-01-10,11,2022,True,0.0374240307086512,0.021514186337862687,0.021324559434644123,0.022934387190897826
66,11.01.2022,2022-01-11,11,2022,True,0.0372538303212978,0.02258799154138867,0.021324559434644123,0.022864279573368937
66,12.01.2022,2022-01-12,11,2022,True,0.0379248297439793,0.02116972322673262,0.021324559434644123,0.02322440533176787
66,13.01.2022,2022-01-13,11,2022,True,0.0379299435722466,0.021381988786044033,0.021324559434644123,0.023255608175782698
66,14.01.2022,2022-01-14,11,2022,True,0.0379067601181301,0.023305626860938226,0.021324559434644123,0.023184412238446177
66,18.01.2022,2022-01-18,11,2022,True,0.0379422137632329,0.02862378300720215,0.021324559434644123,0.02329262434452415
66,19.01.2022,2022-01-19,11,2022,True,0.038320847170036,0.028854148928631623,0.021324559434644123,0.023373908097207133
66,20.01.2022,2022-01-20,11,2022,True,0.0384282355144986,0.02951113050848834,0.021324559434644123,0.023378626575973182
66,21.01.2022,2022-01-21,11,2022,True,0.0384147014965996,0.02628468660777428,0.021324559434644123,0.023349612546970253
66,24.01.2022,2022-01-24,11,2022,True,0.0383877703843282,0.030494353761052327,0.021324559434644123,0.0233465752567997
66,25.01.2022,2022-01-25,11,2022,True,0.0383497492973685,0.034396810242419695,0.021324559434644123,0.02344215930519468
66,26.01.2022,2022-01-26,11,2022,True,0.0383673201375149,0.04274675882295772,0.021324559434644123,0.02357504251113555
66,27.01.2022,2022-01-27,11,2022,True,0.0384966781563014,0.043510626138805734,0.021324559434644123,0.023621700460507957
66,28.01.2022,2022-01-28,11,2022,True,0.0389002440355693,0.04348605631607407,0.021324559434644123,0.023608361627113935
66,31.01.2022,2022-01-31,11,2022,True,0.0388833719536807,0.04350241554959114,0.021324559434644123,0.023617242972849364
66,01.02.2022,2022-02-01,11,2022,True,0.0387700392762436,0.03914113428830422,0.021324559434644123,0.023660978188043164
66,02.02.2022,2022-02-02,11,2022,True,0.0395286178535673,0.03584579501773183,0.021324559434644123,0.023682367513734908
66,03.02.2022,2022-02-03,11,2022,True,0.0397245608079109,0.03584159201070173,0.021324559434644123,0.023679590698292525
66,04.02.2022,2022-02-04,11,2022,True,0.040046379479457,0.03598559670103755,0.021324559434644123,0.023774730783720888
66,07.02.2022,2022-02-07,11,2022,True,0.0400341721580864,0.040601551448358544,0.021324559434644123,0.02393036163903184
66,08.02.2022,2022-02-08,11,2022,True,0.0401600986029737,0.04010773547425135,0.021324559434644123,0.02394862108047293
66,09.02.2022,2022-02-09,11,2022,True,0.0402360370845978,0.03514381522697233,0.021324559434644123,0.023731150271778332
66,10.02.2022,2022-02-10,11,2022,True,0.0403384432364956,0.03329211123767049,0.021324559434644123,0.02362112470220009
66,11.02.2022,2022-02-11,11,2022,True,0.0403180817963653,0.04135384053986272,0.021324559434644123,0.023416501185665958
66,14.02.2022,2022-02-14,11,2022,True,0.0403605408229598,0.043182901477625796,0.021324559434644123,0.023714227727410407
66,15.02.2022,2022-02-15,11,2022,True,0.0401095754308938,0.043294721614518604,0.021324559434644123,0.02377210820244288
66,16.02.2022,2022-02-16,11,2022,True,0.0400793117976522,0.04335466486038567,0.021324559434644123,0.023938199723560868
66,17.02.2022,2022-02-17,11,2022,True,0.0399827962040176,0.04433082300641276,0.021324559434644123,0.02400388636697064
66,18.02.2022,2022-02-18,11,2022,True,0.0399811906732071,0.04361199258248108,0.021324559434644123,0.02411756871830649
66,22.02.2022,2022-02-22,11,2022,True,0.0399193893825768,0.04409861542885439,0.021324559434644123,0.024119486946003032
66,23.02.2022,2022-02-23,11,2022,True,0.039955874943997,0.044908373980554535,0.021324559434644123,0.0244513404074656
66,24.02.2022,2022-02-24,11,2022,True,0.0400012116244846,0.043523889822380195,0.021324559434644123,0.024186239276243995
66,25.02.2022,2022-02-25,11,2022,True,0.0405965641234071,0.04532291660932022,0.021324559434644123,0.02428697378215135
66,28.02.2022,2022-02-28,11,2022,True,0.0404592199530943,0.04512242325158706,0.021324559434644123,0.024020603800407516
66,01.03.2022,2022-03-01,11,2022,True,0.0402518095563431,0.04703987325153276,0.021324559434644123,0.024244146205993636
66,02.03.2022,2022-03-02,11,2022,True,0.0392599386206486,0.05229700944710116,0.021324559434644123,0.02437356488048475
66,03.03.2022,2022-03-03,11,2022,True,0.0391660336377213,0.04792178725833146,0.021324559434644123,0.02581893920061656
66,04.03.2022,2022-03-04,11,2022,True,0.0384142860758949,0.03784212053451432,0.021324559434644123,0.020579618536901156
66,07.03.2022,2022-03-07,11,2022,True,0.0380644778641463,0.041534831825636685,0.021324559434644123,0.02188885532575922
66,08.03.2022,2022-03-08,11,2022,True,0.0377799886717801,0.041066706843210746,0.021324559434644123,0.021503496348484093
66,09.03.2022,2022-03-09,11,2022,True,0.033460163989951,0.04088594942226978,0.021324559434644123,0.021408847499332265
66,10.03.2022,2022-03-10,11,2022,True,0.033411824304156,0.052978282705242095,0.021324559434644123,0.02830499013989863
66,11.03.2022,2022-03-11,11,2022,True,0.0333446835913015,0.05693903653637503,0.021324559434644123,0.028448607276463183
66,14.03.2022,2022-03-14,11,2022,True,0.0326917161239285,0.0516795534002314,0.021324559434644123,0.028203277410927412
66,15.03.2022,2022-03-15,11,2022,True,0.0323824155044069,0.05082641556205845,0.021324559434644123,0.02894417972392343
66,16.03.2022,2022-03-16,11,2022,True,0.0323056659768031,0.050302355396694184,0.021324559434644123,0.03030356445401506
66,17.03.2022,2022-03-17,11,2022,True,0.0308179073965322,0.046380459624861065,0.021324559434644123,0.03030895630501058
66,18.03.2022,2022-03-18,11,2022,True,0.030846600201287,0.060845149200551646,0.021324559434644123,0.031868471285404855
66,21.03.2022,2022-03-21,11,2022,True,0.0298372071238619,0.0646419430133977,0.021324559434644123,0.03181979298598678
66,22.03.2022,2022-03-22,11,2022,True,0.029915397462017,0.07400523977177943,0.021324559434644123,0.03269646666927201
66,23.03.2022,2022-03-23,11,2022,True,0.0293795537423045,0.07011856943057612,0.021324559434644123,0.03270708361820399
66,24.03.2022,2022-03-24,11,2022,True,0.0293179101732609,0.07555708364335728,0.021324559434644123,0.03315568294539173
66,25.03.2022,2022-03-25,11,2022,True,0.029303705575764,0.06510214218241736,0.021324559434644123,0.033170852089917574
66,28.03.2022,2022-03-28,11,2022,True,0.0282093240288896,0.05936344561361689,0.021324559434644123,0.032890556486196154
66,29.03.2022,2022-03-29,11,2022,True,0.0298925377625462,0.05784001132592547,0.021324559434644123,0.03409770988335796
66,30.03.2022,2022-03-30,11,2022,True,0.0297500839612667,0.058915837094381196,0.021324559434644123,0.034223361914782535
66,31.03.2022,2022-03-31,11,2022,True,0.0295380828134072,0.05669674728726433,0.021324559434644123,0.03429335235937737
66,01.04.2022,2022-04-01,11,2022,True,0.0293831297153838,0.05091691468173986,0.021324559434644123,0.034910559513961575
66,04.04.2022,2022-04-04,11,2022,True,0.0291548502458791,0.04986855611575754,0.021324559434644123,0.035222028344407026
66,05.04.2022,2022-04-05,11,2022,True,0.0305188680409744,0.04958489022425956,0.021324559434644123,0.0353603761804564
66,06.04.2022,2022-04-06,11,2022,True,0.0298028137061018,0.04840152687279996,0.021324559434644123,0.035393831524090785
66,07.04.2022,2022-04-07,11,2022,True,0.0298025107687589,0.045837591239544166,0.021324559434644123,0.035993199311011546
66,08.04.2022,2022-04-08,11,2022,True,0.0297907960752029,0.05006590108119804,0.021324559434644123,0.03598104599854618
66,11.04.2022,2022-04-11,11,2022,True,0.0299242531017638,0.04615627084179403,0.021324559434644123,0.03603185566385085
66,12.04.2022,2022-04-12,11,2022,True,0.0290103363645753,0.054171399221219343,0.021324559434644123,0.03647435399329049
66,13.04.2022,2022-04-13,11,2022,True,0.0286141220393615,0.05364599451854403,0.021324559434644123,0.037134622630197185
66,14.04.2022,2022-04-14,11,2022,True,0.0286317887794111,0.040771598305361104,0.021324559434644123,0.03737457253226824
66,18.04.2022,2022-04-18,11,2022,True,0.0285843644735803,0.044557007754998365,0.021324559434644123,0.03742403070865129
66,19.04.2022,2022-04-19,11,2022,True,0.027929886253378,0.04022585587582854,0.021324559434644123,0.037253830321297886
66,20.04.2022,2022-04-20,11,2022,True,0.0279386043749966,0.04126115004974717,0.021324559434644123,0.03792482974397934
66,21.04.2022,2022-04-21,11,2022,True,0.028005815630584,0.040779257966447977,0.021324559434644123,0.03792994357224662
66,22.04.2022,2022-04-22,11,2022,True,0.0279461218360222,0.04192863433938101,0.021324559434644123,0.037906760118130156
66,25.04.2022,2022-04-25,11,2022,True,0.0276421500625855,0.03962501533035792,0.021324559434644123,0.03794221376323295
66,26.04.2022,2022-04-26,11,2022,True,0.0298948121274882,0.0418119120303577,0.021324559434644123,0.03832084717003603
66,27.04.2022,2022-04-27,11,2022,True,0.0298996524015309,0.04615535626682943,0.021324559434644123,0.0384282355144986
66,28.04.2022,2022-04-28,11,2022,True,0.0301203115384471,0.04608087390415499,0.021324559434644123,0.03841470149659969
66,29.04.2022,2022-04-29,11,2022,True,0.0302085107926793,0.042463740839370226,0.021324559434644123,0.03838777038432828
66,02.05.2022,2022-05-02,11,2022,True,0.030185895299905,0.04232191567729773,0.021324559434644123,0.03834974929736859
66,03.05.2022,2022-05-03,11,2022,True,0.0301494855010043,0.045720477766513896,0.021324559434644123,0.03836732013751497
66,04.05.2022,2022-05-04,11,2022,True,0.0295129518105993,0.043540350379500034,0.021324559434644123,0.038496678156301437
66,05.05.2022,2022-05-05,11,2022,True,0.0295381907848479,0.04235634142103995,0.021324559434644123,0.038900244035569395
66,06.05.2022,2022-05-06,11,2022,True,0.0296304726703325,0.045421483778430416,0.021324559434644123,0.038883371953680725
66,09.05.2022,2022-05-09,11,2022,True,0.0288023772344992,0.04590293215385622,0.021324559434644123,0.038770039276243666
66,10.05.2022,2022-05-10,11,2022,True,0.0287716843878298,0.052795982467622016,0.021324559434644123,0.03952861785356735
66,11.05.2022,2022-05-11,11,2022,True,0.0283098153605087,0.04790477420984773,0.021324559434644123,0.03972456080791101
66,12.05.2022,2022-05-12,11,2022,True,0.0283810217324477,0.041576070851832944,0.021324559434644123,0.040046379479457044
66,13.05.2022,2022-05-13,11,2022,True,0.0282520657303408,0.038938638267889444,0.021324559434644123,0.040034172158086405
66,16.05.2022,2022-05-16,11,2022,True,0.0280685676715035,0.03802799513204853,0.021324559434644123,0.04016009860297381
66,17.05.2022,2022-05-17,11,2022,True,0.0279792267131122,0.03936395733065597,0.021324559434644123,0.04023603708459783
66,18.05.2022,2022-05-18,11,2022,True,0.0282583081114523,0.03791551098656232,0.021324559434644123,0.04033844323649565
66,19.05.2022,2022-05-19,11,2022,True,0.0280806804202679,0.039254238367618335,0.021324559434644123,0.040318081796365354
66,20.05.2022,2022-05-20,11,2022,True,0.028149346436321,0.03821779585542931,0.021324559434644123,0.040360540822959895
66,23.05.2022,2022-05-23,11,2022,True,0.0282159721514887,0.037633010178646856,0.021324559434644123,0.040109575430893815
66,24.05.2022,2022-05-24,11,2022,True,0.0286744187933914,0.038435409885570274,0.021324559434644123,0.040079311797652284
66,25.05.2022,2022-05-25,11,2022,True,0.0294642524405904,0.04256252440209997,0.021324559434644123,0.03998279620401767
66,26.05.2022,2022-05-26,11,2022,True,0.0293827005185698,0.04407536249825308,0.021324559434644123,0.039981190673207205
66,27.05.2022,2022-05-27,11,2022,True,0.0296956274737709,0.04420493061463756,0.021324559434644123,0.03991938938257682
66,31.05.2022,2022-05-31,11,2022,True,0.0294583419058865,0.0408485772948524,0.021324559434644123,0.03995587494399706
66,01.06.2022,2022-06-01,11,2022,True,0.0287724661506406,0.04799563826724492,0.021324559434644123,0.04000121162448467
66,02.06.2022,2022-06-02,11,2022,True,0.0293605960465979,0.04703914162642242,0.021324559434644123,0.04059656412340714
66,03.06.2022,2022-06-03,11,2022,True,0.0293107400343521,0.05215536514326575,0.021324559434644123,0.040459219953094386
66,06.06.2022,2022-06-06,11,2022,True,0.0298291240727151,0.05536093080898933,0.021324559434644123,0.04025180955634315
66,07.06.2022,2022-06-07,11,2022,True,0.0298557932242724,0.049091079151507795,0.021324559434644123,0.03925993862064867
66,08.06.2022,2022-06-08,11,2022,True,0.0296491357879683,0.05971091122320434,0.021324559434644123,0.03916603363772134
66,09.06.2022,2022-06-09,11,2022,True,0.0297007105260375,0.06061761784394893,0.021324559434644123,0.038414286075894984
66,10.06.2022,2022-06-10,11,2022,True,0.0299434805971712,0.06174744774537759,0.021324559434644123,0.038064477864146386
66,13.06.2022,2022-06-13,11,2022,True,0.029958286885703,0.05999184544593419,0.021324559434644123,0.037779988671780174
66,14.06.2022,2022-06-14,11,2022,True,0.029985783501645,0.056636333290225396,0.021324559434644123,0.03346016398995104
66,15.06.2022,2022-06-15,11,2022,True,0.0299329078558604,0.05564050030346052,0.021324559434644123,0.033411824304156096
66,16.06.2022,2022-06-16,11,2022,True,0.0298793768584439,0.057147814510243714,0.021324559434644123,0.033344683591301535
66,17.06.2022,2022-06-17,11,2022,True,0.0291619977118783,0.05231133353062709,0.021324559434644123,0.032691716123928544
66,21.06.2022,2022-06-21,11,2022,True,0.0296128097531949,0.05031521774186015,0.021324559434644123,0.03238241550440695
66,22.06.2022,2022-06-22,11,2022,True,0.0296003712042859,0.05386293988971673,0.021324559434644123,0.032305665976803136
66,23.06.2022,2022-06-23,11,2022,True,0.0298000053105317,0.04860392221082717,0.021324559434644123,0.030817907396532267
66,24.06.2022,2022-06-24,11,2022,True,0.0299294641021887,0.041128437451188236,0.021324559434644123,0.03084660020128701
66,27.06.2022,2022-06-27,11,2022,True,0.0298233688298359,0.044040829564634766,0.021324559434644123,0.029837207123861925
66,28.06.2022,2022-06-28,11,2022,True,0.0296062438762756,0.03749769852832499,0.021324559434644123,0.02991539746201702
66,29.06.2022,2022-06-29,11,2022,True,0.0296321728397637,0.045588467065515635,0.021324559434644123,0.029379553742304557
66,30.06.2022,2022-06-30,11,2022,True,0.0299519542878922,0.0485096909852671,0.021324559434644123,0.02931791017326095
66,01.07.2022,2022-07-01,11,2022,True,0.0298936395754209,0.048904947628912954,0.021324559434644123,0.029303705575764033
66,05.07.2022,2022-07-05,11,2022,True,0.0282153539812095,0.04613245065710968,0.021324559434644123,0.02820932402888961
66,06.07.2022,2022-07-06,11,2022,True,0.0284876883781293,0.047415500603123314,0.021324559434644123,0.029892537762546263
66,07.07.2022,2022-07-07,11,2022,True,0.0281437215264751,0.04439151179153133,0.021324559434644123,0.029750083961266723
66,08.07.2022,2022-07-08,11,2022,True,0.0280783703355719,0.034560636636706575,0.021324559434644123,0.02953808281340721
66,11.07.2022,2022-07-11,11,2022,True,0.0281612522595563,0.030264339044083807,0.021324559434644123,0.029383129715383847
66,12.07.2022,2022-07-12,11,2022,True,0.0268669063662217,0.028439770583849527,0.021324559434644123,0.02915485024587914
66,13.07.2022,2022-07-13,11,2022,True,0.0271321780799561,0.028930191955086226,0.021324559434644123,0.030518868040974426
66,14.07.2022,2022-07-14,11,2022,True,0.0271290426982418,0.030358261224979786,0.021324559434644123,0.029802813706101876
66,15.07.2022,2022-07-15,11,2022,True,0.0270639359695228,0.034335180348926735,0.021324559434644123,0.029802510768758974
66,18.07.2022,2022-07-18,11,2022,True,0.0265364683534384,0.039357891972261416,0.021324559434644123,0.029790796075202915
66,19.07.2022,2022-07-19,11,2022,True,0.0264935368147666,0.03572246311656723,0.021324559434644123,0.02992425310176382
66,20.07.2022,2022-07-20,11,2022,True,0.0265510549533524,0.031649947300777984,0.021324559434644123,0.02901033636457537
66,21.07.2022,2022-07-21,11,2022,True,0.0263359111519029,0.03179944323075286,0.021324559434644123,0.02861412203936156
66,22.07.2022,2022-07-22,11,2022,True,0.0263346601238024,0.03400873091592016,0.021324559434644123,0.028631788779411152
66,25.07.2022,2022-07-25,11,2022,True,0.0263895454952513,0.03000353255251802,0.021324559434644123,0.028584364473580346
66,26.07.2022,2022-07-26,11,2022,True,0.026440344538324,0.026559972686157604,0.021324559434644123,0.027929886253378007
66,27.07.2022,2022-07-27,11,2022,True,0.0263289914129137,0.03245041190717689,0.021324559434644123,0.027938604374996654
66,28.07.2022,2022-07-28,11,2022,True,0.0263355445001436,0.029716213284928326,0.021324559434644123,0.028005815630584015
66,29.07.2022,2022-07-29,11,2022,True,0.0260972451384502,0.02494326583580454,0.021324559434644123,0.027946121836022273
66,01.08.2022,2022-08-01,11,2022,True,0.0234667229662303,0.02241158513756537,0.021324559434644123,0.027642150062585566
66,02.08.2022,2022-08-02,11,2022,True,0.023527863376581,0.03125065813230525,0.021324559434644123,0.029894812127488277
66,03.08.2022,2022-08-03,11,2022,True,0.0236018618822443,0.03264678861225731,0.021324559434644123,0.029899652401530915
66,04.08.2022,2022-08-04,11,2022,True,0.0233556171043362,0.04122460840615361,0.021324559434644123,0.030120311538447176
66,05.08.2022,2022-08-05,11,2022,True,0.023569894610419,0.05190723322398593,0.021324559434644123,0.03020851079267936
66,08.08.2022,2022-08-08,11,2022,True,0.0237254504609341,0.040551605846582774,0.021324559434644123,0.030185895299905025
66,09.08.2022,2022-08-09,11,2022,True,0.0237652395091908,0.039007105921742884,0.021324559434644123,0.030149485501004387
66,10.08.2022,2022-08-10,11,2022,True,0.0239202345738248,0.04003187836029165,0.021324559434644123,0.029512951810599333
66,11.08.2022,2022-08-11,11,2022,True,0.0240308057585437,0.03891626339268866,0.021324559434644123,0.02953819078484797
66,12.08.2022,2022-08-12,11,2022,True,0.0239930361426546,0.035832153014336524,0.021324559434644123,0.0296304726703325
66,15.08.2022,2022-08-15,11,2022,True,0.0237156639685161,0.03466873666478562,0.021324559434644123,0.028802377234499216
66,16.08.2022,2022-08-16,11,2022,True,0.023802109728616,0.03824612249269584,0.021324559434644123,0.028771684387829802
66,17.08.2022,2022-08-17,11,2022,True,0.023911570456262,0.04058278998620912,0.021324559434644123,0.0283098153605087
66,18.08.2022,2022-08-18,11,2022,True,0.0235764860040456,0.03856411355148469,0.021324559434644123,0.028381021732447734
66,19.08.2022,2022-08-19,11,2022,True,0.0236192743877529,0.03610478265534612,0.021324559434644123,0.028252065730340847
66,22.08.2022,2022-08-22,11,2022,True,0.0239573931093821,0.03393944198812002,0.021324559434644123,0.028068567671503522
66,23.08.2022,2022-08-23,11,2022,True,0.0235447753223576,0.03346541931409629,0.021324559434644123,0.027979226713112215
66,24.08.2022,2022-08-24,11,2022,True,0.0234932206854322,0.03028176017782783,0.021324559434644123,0.028258308111452315
66,25.08.2022,2022-08-25,11,2022,True,0.0234105410877086,0.03240289375392758,0.021324559434644123,0.02808068042026797
66,26.08.2022,2022-08-26,11,2022,True,0.023608094875647,0.03066566460387597,0.021324559434644123,0.028149346436321006
66,29.08.2022,2022-08-29,11,2022,True,0.0231391710607828,0.027440516334776288,0.021324559434644123,0.028215972151488748
66,30.08.2022,2022-08-30,11,2022,True,0.0222038134602856,0.029607158606260644,0.021324559434644123,0.028674418793391485
66,31.08.2022,2022-08-31,11,2022,True,0.0223161419211775,0.03357658160094592,0.021324559434644123,0.029464252440590484
66,01.09.2022,2022-09-01,11,2022,True,0.0222431369525173,0.03301251102894175,0.021324559434644123,0.029382700518569855
66,02.09.2022,2022-09-02,11,2022,True,0.022431124816215,0.04079498689155859,0.021324559434644123,0.029695627473770973
66,06.09.2022,2022-09-06,11,2022,True,0.0224678544741018,0.03823480958775646,0.021324559434644123,0.029458341905886542
66,07.09.2022,2022-09-07,11,2022,True,0.021566423003555,0.02992408398758591,0.021324559434644123,0.028772466150640594
66,08.09.2022,2022-09-08,11,2022,True,0.0217376940284165,0.03505818287364132,0.021324559434644123,0.029360596046597937
66,09.09.2022,2022-09-09,11,2022,True,0.0215519698250332,0.02992289107303684,0.021324559434644123,0.029310740034352193
66,12.09.2022,2022-09-12,11,2022,True,0.0217323183921606,0.02896405327467122,0.021324559434644123,0.029829124072715176
66,13.09.2022,2022-09-13,11,2022,True,0.0218080891800468,0.02711190729017717,0.021324559434644123,0.02985579322427247
66,14.09.2022,2022-09-14,11,2022,True,0.0219697584938601,0.02694201032348128,0.021324559434644123,0.029649135787968312
66,15.09.2022,2022-09-15,11,2022,True,0.0216363150365228,0.02700202757167778,0.021324559434644123,0.029700710526037594
66,16.09.2022,2022-09-16,11,2022,True,0.0216226258184203,0.028200739633915593,0.021324559434644123,0.029943480597171265
66,19.09.2022,2022-09-19,11,2022,True,0.0218939529700427,0.02821706802824544,0.021324559434644123,0.02995828688570303
66,20.09.2022,2022-09-20,11,2022,True,0.0218924488859795,0.028310041781686435,0.021324559434644123,0.02998578350164503
66,21.09.2022,2022-09-21,11,2022,True,0.0223502673651535,0.028518700094782187,0.021324559434644123,0.029932907855860492
66,22.09.2022,2022-09-22,11,2022,True,0.0223401056685316,0.030581170751264514,0.021324559434644123,0.029879376858443978
66,23.09.2022,2022-09-23,11,2022,True,0.0215824241179509,0.037371666189469945,0.021324559434644123,0.029161997711878357
66,26.09.2022,2022-09-26,11,2022,True,0.0214226555003463,0.04235048193778962,0.021324559434644123,0.029612809753194975
66,27.09.2022,2022-09-27,11,2022,True,0.0218557242508089,0.05427567950127307,0.021324559434644123,0.029600371204285943
66,28.09.2022,2022-09-28,11,2022,True,0.0221157687143806,0.05330077522745408,0.021324559434644123,0.02980000531053171
66,29.09.2022,2022-09-29,11,2022,True,0.0230057977581531,0.05279596174735799,0.021324559434644123,0.029929464102188726
66,30.09.2022,2022-09-30,11,2022,True,0.0230535966171241,0.0504590291964307,0.021324559434644123,0.029823368829835932
66,03.10.2022,2022-10-03,11,2022,True,0.0230058712238432,0.05325769472486506,0.021324559434644123,0.02960624387627565
66,04.10.2022,2022-10-04,11,2022,True,0.0226863324424107,0.0529062007977616,0.021324559434644123,0.02963217283976373
66,05.10.2022,2022-10-05,11,2022,True,0.0225821718668623,0.05453615257727863,0.021324559434644123,0.029951954287892244
66,06.10.2022,2022-10-06,11,2022,True,0.0229071009138023,0.047696659445936915,0.021324559434644123,0.029893639575420943
66,07.10.2022,2022-10-07,11,2022,True,0.0225191388827867,0.045636251558156885,0.021324559434644123,0.028215353981209498
66,10.10.2022,2022-10-10,11,2022,True,0.022531187755868,0.044791435731598016,0.021324559434644123,0.02848768837812931
66,11.10.2022,2022-10-11,11,2022,True,0.0224444892946596,0.045520391352179626,0.021324559434644123,0.028143721526475166
66,12.10.2022,2022-10-12,11,2022,True,0.0223607134951537,0.04658907338763371,0.021324559434644123,0.028078370335571905
66,13.10.2022,2022-10-13,11,2022,True,0.0222407649997389,0.04653411026963907,0.021324559434644123,0.028161252259556308
66,14.10.2022,2022-10-14,11,2022,True,0.0220287891521808,0.04347118698273986,0.021324559434644123,0.026866906366221733
66,17.10.2022,2022-10-17,11,2022,True,0.0220457868101814,0.043706725541599246,0.021324559434644123,0.02713217807995615
66,18.10.2022,2022-10-18,11,2022,True,0.0221309390771254,0.043701674812990136,0.021324559434644123,0.02712904269824183
66,19.10.2022,2022-10-19,11,2022,True,0.0218770083695806,0.03894829816835893,0.021324559434644123,0.027063935969522862
66,20.10.2022,2022-10-20,11,2022,True,0.0219724142541946,0.04139885990711028,0.021324559434644123,0.026536468353438467
66,21.10.2022,2022-10-21,11,2022,True,0.0219370539827849,0.038024916199428986,0.021324559434644123,0.026493536814766624
66,24.10.2022,2022-10-24,11,2022,True,0.0220657861359812,0.03667044850362275,0.021324559434644123,0.02655105495335244
66,25.10.2022,2022-10-25,11,2022,True,0.0220633816951307,0.0383462317706975,0.021324559434644123,0.026335911151902914
66,26.10.2022,2022-10-26,11,2022,True,0.0219599203344301,0.03962948804370447,0.021324559434644123,0.026334660123802478
66,27.10.2022,2022-10-27,11,2022,True,0.0218869857174747,0.03845823199027128,0.021324559434644123,0.026389545495251316
66,28.10.2022,2022-10-28,11,2022,True,0.0220707187789238,0.038251037805689364,0.021324559434644123,0.026440344538323994
66,31.10.2022,2022-10-31,11,2022,True,0.0221370089710402,0.0423956682540594,0.021324559434644123,0.02632899141291376
66,01.11.2022,2022-11-01,11,2022,True,0.0225567706623896,0.03922859991740065,0.021324559434644123,0.026335544500143648
66,02.11.2022,2022-11-02,11,2022,True,0.0225661628704233,0.03693185988099359,0.021324559434644123,0.026097245138450204
66,03.11.2022,2022-11-03,11,2022,True,0.0225100171789643,0.03653970838063508,0.021324559434644123,0.023466722966230306
66,04.11.2022,2022-11-04,11,2022,True,0.0220932474957809,0.032455518691915784,0.021324559434644123,0.023527863376581
66,07.11.2022,2022-11-07,11,2022,True,0.022092562636284,0.03558053392423658,0.021324559434644123,0.023601861882244377
66,08.11.2022,2022-11-08,11,2022,True,0.0219150268146097,0.03197108525554538,0.021324559434644123,0.023355617104336278
66,09.11.2022,2022-11-09,11,2022,True,0.02165035726083,0.03367248420058799,0.021324559434644123,0.02356989461041901
66,10.11.2022,2022-11-10,11,2022,True,0.0215973851708899,0.03369629300428861,0.021324559434644123,0.023725450460934192
66,11.11.2022,2022-11-11,11,2022,True,0.0215500458762304,0.031425650596173735,0.021324559434644123,0.023765239509190864
66,14.11.2022,2022-11-14,11,2022,True,0.0212672934051765,0.032161355753706856,0.021324559434644123,0.023920234573824892
66,15.11.2022,2022-11-15,11,2022,True,0.0215136601441283,0.034505034087850564,0.021324559434644123,0.02403080575854374
66,16.11.2022,2022-11-16,11,2022,True,0.0216573048812232,0.038299002583509496,0.021324559434644123,0.02399303614265463
66,17.11.2022,2022-11-17,11,2022,True,0.0213461270440061,0.033684415042993424,0.021324559434644123,0.023715663968516154
66,18.11.2022,2022-11-18,11,2022,True,0.0211700161378786,0.03410276748887166,0.021324559434644123,0.02380210972861608
66,21.11.2022,2022-11-21,11,2022,True,0.0212881005983737,0.034166305298690476,0.021324559434644123,0.023911570456262098
66,22.11.2022,2022-11-22,11,2022,True,0.0212557679472305,0.0380169954306886,0.021324559434644123,0.023576486004045646
66,23.11.2022,2022-11-23,11,2022,True,0.0208562906701417,0.030367511392644295,0.021324559434644123,0.023619274387752957
66,25.11.2022,2022-11-25,11,2022,True,0.020748121746444,0.03312976216386191,0.021324559434644123,0.023957393109382167
66,28.11.2022,2022-11-28,11,2022,True,0.0207407271303949,0.03076823398621386,0.021324559434644123,0.023544775322357634
66,29.11.2022,2022-11-29,11,2022,True,0.0211732991475003,0.028917431216030763,0.021324559434644123,0.023493220685432296
66,30.11.2022,2022-11-30,11,2022,True,0.0208914441001236,0.02557822295493191,0.021324559434644123,0.023410541087708694
66,01.12.2022,2022-12-01,11,2022,True,0.0208336151399846,0.02292335495933326,0.021324559434644123,0.023608094875647034
66,02.12.2022,2022-12-02,11,2022,True,0.0208417299765884,0.02397833001074692,0.021324559434644123,0.023139171060782837
66,05.12.2022,2022-12-05,11,2022,True,0.0206310965983567,0.021910969616837618,0.021324559434644123,0.02220381346028565
66,06.12.2022,2022-12-06,11,2022,True,0.0206576032563187,0.02198481592578316,0.021324559434644123,0.022316141921177514
66,07.12.2022,2022-12-07,11,2022,True,0.0212729730763332,0.023796384495380914,0.021324559434644123,0.022243136952517353
66,08.12.2022,2022-12-08,11,2022,True,0.0212856007297338,0.023990560604124606,0.021324559434644123,0.022431124816215054
66,09.12.2022,2022-12-09,11,2022,True,0.0214753794710335,0.024036794135347133,0.021324559434644123,0.02246785447410186
66,12.12.2022,2022-12-12,11,2022,True,0.0212967357705413,0.02256787010731193,0.021324559434644123,0.02156642300355505
66,13.12.2022,2022-12-13,11,2022,True,0.0210226666451283,0.0214404057048096,0.021324559434644123,0.021737694028416573
66,14.12.2022,2022-12-14,11,2022,True,0.0209121520879315,0.02146901822570462,0.021324559434644123,0.02155196982503324
66,15.12.2022,2022-12-15,11,2022,True,0.0208352010284609,0.020898412778063417,0.021324559434644123,0.02173231839216061
66,16.12.2022,2022-12-16,11,2022,True,0.0206282424035588,0.021381011257902944,0.021324559434644123,0.021808089180046848
66,19.12.2022,2022-12-19,11,2022,True,0.0212221497393957,0.02123694546576155,0.021324559434644123,0.021969758493860167
66,20.12.2022,2022-12-20,11,2022,True,0.0212375844586086,0.021128382094811927,0.021324559434644123,0.02163631503652287
66,21.12.2022,2022-12-21,11,2022,True,0.020963300152907,0.020953788113197064,0.021324559434644123,0.021622625818420373
66,22.12.2022,2022-12-22,11,2022,True,0.0209499486497733,0.021352739384826187,0.021324559434644123,0.021893952970042763
66,23.12.2022,2022-12-23,11,2022,True,0.0204804716325556,0.021456441527928104,0.021324559434644123,0.021892448885979583
66,27.12.2022,2022-12-27,11,2022,True,0.0219115226542229,0.02175045609845561,0.021324559434644123,0.02235026736515359
66,28.12.2022,2022-12-28,11,2022,True,0.021852348640961,0.02214225506801166,0.021324559434644123,0.022340105668531618
66,29.12.2022,2022-12-29,11,2022,True,0.0217974490175892,0.02139128376992524,0.021324559434644123,0.021582424117950895
66,30.12.2022,2022-12-30,11,2022,True,0.0211280626726101,0.021211657126986902,0.021324559434644123,0.021422655500346298
66,03.01.2023,2023-01-03,12,2023,True,0.0204085439916315,0.02192515309285711,0.02187754904219155,0.021855724250808995
66,04.01.2023,2023-01-04,12,2023,True,0.0193709106616889,0.02348947021579741,0.02187754904219155,0.02211576871438064
66,05.01.2023,2023-01-05,12,2023,True,0.0194701157775218,0.025001743391090594,0.02187754904219155,0.02300579775815314
66,06.01.2023,2023-01-06,12,2023,True,0.0195647219835738,0.02225217119132134,0.02187754904219155,0.023053596617124104
66,09.01.2023,2023-01-09,12,2023,True,0.0195052670698106,0.023418967814461594,0.02187754904219155,0.023005871223843243
66,10.01.2023,2023-01-10,12,2023,True,0.0196412112543058,0.02372457340638282,0.02187754904219155,0.02268633244241076
66,11.01.2023,2023-01-11,12,2023,True,0.0192621954616806,0.02207208813097854,0.02187754904219155,0.022582171866862368
66,12.01.2023,2023-01-12,12,2023,True,0.0193131883040984,0.022442524345459427,0.02187754904219155,0.02290710091380233
66,13.01.2023,2023-01-13,12,2023,True,0.0194523958010689,0.022374742820726583,0.02187754904219155,0.022519138882786727
66,17.01.2023,2023-01-17,12,2023,True,0.0194486549787576,0.022555100562926155,0.02187754904219155,0.022531187755868
66,18.01.2023,2023-01-18,12,2023,True,0.0194789778289605,0.022967495216010974,0.02187754904219155,0.02244448929465966
66,19.01.2023,2023-01-19,12,2023,True,0.0196098032804617,0.022145913731609332,0.02187754904219155,0.02236071349515371
66,20.01.2023,2023-01-20,12,2023,True,0.0200247421158367,0.02287034937635635,0.02187754904219155,0.02224076499973892
66,23.01.2023,2023-01-23,12,2023,True,0.0200415740024958,0.022653641360654047,0.02187754904219155,0.02202878915218088
66,24.01.2023,2023-01-24,12,2023,True,0.0199554536725892,0.022064758793969824,0.02187754904219155,0.02204578681018149
66,25.01.2023,2023-01-25,12,2023,True,0.0199560513013634,0.021330784744433087,0.02187754904219155,0.022130939077125433
66,26.01.2023,2023-01-26,12,2023,True,0.0207817769685072,0.02120612164909571,0.02187754904219155,0.021877008369580644
66,27.01.2023,2023-01-27,12,2023,True,0.0212929836798847,0.021284410335512885,0.02187754904219155,0.021972414254194644
66,30.01.2023,2023-01-30,12,2023,True,0.0211849934799745,0.021371411641302882,0.02187754904219155,0.021937053982784976
66,31.01.2023,2023-01-31,12,2023,True,0.0217544123692444,0.021743094773227774,0.02187754904219155,0.022065786135981234
66,01.02.2023,2023-02-01,12,2023,True,0.0218375233333682,0.02157101836262709,0.02187754904219155,0.022063381695130738
66,02.02.2023,2023-02-02,12,2023,True,0.0218348778418864,0.021577988610230872,0.02187754904219155,0.02195992033443019
66,03.02.2023,2023-02-03,12,2023,True,0.021638338604485,0.022850225075801856,0.02187754904219155,0.021886985717474786
66,06.02.2023,2023-02-06,12,2023,True,0.021683601820214,0.02220623811453525,0.02187754904219155,0.02207071877892381
66,07.02.2023,2023-02-07,12,2023,True,0.021294011848489,0.02223218751586657,0.02187754904219155,0.022137008971040237
66,08.02.2023,2023-02-08,12,2023,True,0.0212641062695281,0.022383657037521997,0.02187754904219155,0.022556770662389675
66,09.02.2023,2023-02-09,12,2023,True,0.0212567637948914,0.0223340021844021,0.02187754904219155,0.022566162870423342
66,10.02.2023,2023-02-10,12,2023,True,0.0213495797533254,0.021938785048795782,0.02187754904219155,0.022510017178964364
66,13.02.2023,2023-02-13,12,2023,True,0.0213989211813461,0.021532591645142537,0.02187754904219155,0.02209324749578091
66,14.02.2023,2023-02-14,12,2023,True,0.0213639176101084,0.02197258985911605,0.02187754904219155,0.022092562636284
66,15.02.2023,2023-02-15,12,2023,True,0.021382655953251,0.022006779541254726,0.02187754904219155,0.021915026814609745
66,16.02.2023,2023-02-16,12,2023,True,0.0214408833456166,0.021393995399417543,0.02187754904219155,0.021650357260830023
66,17.02.2023,2023-02-17,12,2023,True,0.021385181429329,0.021331717710648474,0.02187754904219155,0.021597385170889934
66,21.02.2023,2023-02-21,12,2023,True,0.0216275028781129,0.021737033179629654,0.02187754904219155,0.02155004587623043
66,22.02.2023,2023-02-22,12,2023,True,0.0213634622419033,0.02152786731877269,0.02187754904219155,0.021267293405176534
66,23.02.2023,2023-02-23,12,2023,True,0.0218995904493751,0.02207249774539972,0.02187754904219155,0.02151366014412835
66,24.02.2023,2023-02-24,12,2023,True,0.0218732542049083,0.02193294304411502,0.02187754904219155,0.021657304881223284
66,27.02.2023,2023-02-27,12,2023,True,0.0220566792132978,0.0217853246013705,0.02187754904219155,0.02134612704400612
66,28.02.2023,2023-02-28,12,2023,True,0.0221706495622346,0.021922504181411007,0.02187754904219155,0.02117001613787867
66,01.03.2023,2023-03-01,12,2023,True,0.0221845914168928,0.02164948990799601,0.02187754904219155,0.02128810059837372
66,02.03.2023,2023-03-02,12,2023,True,0.0221744282300619,0.02179806494627146,0.02187754904219155,0.02125576794723057
66,03.03.2023,2023-03-03,12,2023,True,0.0221399543442809,0.02130194347421369,0.02187754904219155,0.020856290670141758
66,06.03.2023,2023-03-06,12,2023,True,0.0221713419597615,0.020781128853786072,0.02187754904219155,0.020748121746444033
66,07.03.2023,2023-03-07,12,2023,True,0.0218721097369705,0.020667699744144105,0.02187754904219155,0.020740727130395
66,08.03.2023,2023-03-08,12,2023,True,0.0223725375623151,0.02107917591372191,0.02187754904219155,0.02117329914750037
66,09.03.2023,2023-03-09,12,2023,True,0.0227543480002493,0.021005559202428113,0.02187754904219155,0.020891444100123682
66,10.03.2023,2023-03-10,12,2023,True,0.0227248265231359,0.021142778680238984,0.02187754904219155,0.02083361513998465
66,13.03.2023,2023-03-13,12,2023,True,0.0229477685398536,0.021729315118901235,0.02187754904219155,0.02084172997658843
66,14.03.2023,2023-03-14,12,2023,True,0.0224233204757398,0.0230860142308867,0.02187754904219155,0.020631096598356755
66,15.03.2023,2023-03-15,12,2023,True,0.0215838314228159,0.030183444321084153,0.02187754904219155,0.020657603256318782
66,16.03.2023,2023-03-16,12,2023,True,0.0216076222099061,0.0307426374186103,0.02187754904219155,0.021272973076333267
66,17.03.2023,2023-03-17,12,2023,True,0.0219661571675395,0.030428768187392142,0.02187754904219155,0.021285600729733897
66,20.03.2023,2023-03-20,12,2023,True,0.0219291134956414,0.0314674913150972,0.02187754904219155,0.021475379471033562
66,21.03.2023,2023-03-21,12,2023,True,0.0217866523764819,0.031417689682490674,0.02187754904219155,0.021296735770541357
66,22.03.2023,2023-03-22,12,2023,True,0.0218967619534767,0.030429327378250708,0.02187754904219155,0.02102266664512838
66,23.03.2023,2023-03-23,12,2023,True,0.0220805030032677,0.031316235734118576,0.02187754904219155,0.020912152087931544
66,24.03.2023,2023-03-24,12,2023,True,0.0220376653105049,0.030171391907554676,0.02187754904219155,0.02083520102846099
66,27.03.2023,2023-03-27,12,2023,True,0.0214570533544544,0.029671467768684238,0.02187754904219155,0.020628242403558827
66,28.03.2023,2023-03-28,12,2023,True,0.0214394883823142,0.028751836474085555,0.02187754904219155,0.021222149739395794
66,29.03.2023,2023-03-29,12,2023,True,0.0216932172542623,0.02702316116370943,0.02187754904219155,0.021237584458608662
66,30.03.2023,2023-03-30,12,2023,True,0.0216338328529756,0.02423057653247015,0.02187754904219155,0.02096330015290704
66,31.03.2023,2023-03-31,12,2023,True,0.0218491263761715,0.024123590873367642,0.02187754904219155,0.02094994864977338
66,03.04.2023,2023-04-03,12,2023,True,0.0204129695337048,0.024303335545912998,0.02187754904219155,0.020480471632555692
66,04.04.2023,2023-04-04,12,2023,True,0.0206099922725894,0.022439497745453615,0.02187754904219155,0.021911522654222974
66,05.04.2023,2023-04-05,12,2023,True,0.0206453629234411,0.02347843316645869,0.02187754904219155,0.021852348640961004
66,06.04.2023,2023-04-06,12,2023,True,0.0207418044735283,0.023461296506039293,0.02187754904219155,0.02179744901758927
66,10.04.2023,2023-04-10,12,2023,True,0.0208185771693255,0.0203996569975401,0.02187754904219155,0.021128062672610175
66,11.04.2023,2023-04-11,12,2023,True,0.0207977107389198,0.020436385962246974,0.02187754904219155,0.02040854399163156
66,12.04.2023,2023-04-12,12,2023,True,0.0207211525886006,0.019210043075513012,0.02187754904219155,0.019370910661688917
66,13.04.2023,2023-04-13,12,2023,True,0.0206586300509846,0.019250498670013105,0.02187754904219155,0.019470115777521873
66,14.04.2023,2023-04-14,12,2023,True,0.0206578487843292,0.019076706410591088,0.02187754904219155,0.019564721983573872
66,17.04.2023,2023-04-17,12,2023,True,0.0206788077771228,0.019186091439300213,0.02187754904219155,0.01950526706981069
66,18.04.2023,2023-04-18,12,2023,True,0.0208406822420299,0.019197926401931756,0.02187754904219155,0.0196412112543059
66,19.04.2023,2023-04-19,12,2023,True,0.0207441187255364,0.018728004493666114,0.02187754904219155,0.019262195461680648
66,20.04.2023,2023-04-20,12,2023,True,0.0205438716395053,0.019210731990808475,0.02187754904219155,0.019313188304098457
66,21.04.2023,2023-04-21,12,2023,True,0.0206167144600132,0.02055965036238024,0.02187754904219155,0.019452395801068945
66,24.04.2023,2023-04-24,12,2023,True,0.0205841354779547,0.01955080865991892,0.02187754904219155,0.019448654978757633
66,25.04.2023,2023-04-25,12,2023,True,0.0203702046745597,0.019235846115797556,0.02187754904219155,0.019478977828960502
66,26.04.2023,2023-04-26,12,2023,True,0.0197868091662774,0.02138576445178037,0.02187754904219155,0.019609803280461753
66,27.04.2023,2023-04-27,12,2023,True,0.0199430244584686,0.023010833510275674,0.02187754904219155,0.020024742115836765
66,28.04.2023,2023-04-28,12,2023,True,0.0200567732964197,0.022442140676892375,0.02187754904219155,0.02004157400249588
66,01.05.2023,2023-05-01,12,2023,True,0.020102827386875,0.021158943417388183,0.02187754904219155,0.019955453672589215
66,02.05.2023,2023-05-02,12,2023,True,0.019047954536782,0.021211956736838865,0.02187754904219155,0.01995605130136348
66,03.05.2023,2023-05-03,12,2023,True,0.0183170301143339,0.02334206586465494,0.02187754904219155,0.02078177696850729
66,04.05.2023,2023-05-04,12,2023,True,0.0183892461403756,0.025635998387882285,0.02187754904219155,0.021292983679884775
66,05.05.2023,2023-05-05,12,2023,True,0.0179624282372,0.025505982011012507,0.02187754904219155,0.02118499347997454
66,08.05.2023,2023-05-08,12,2023,True,0.0177847973053158,0.023834240713212274,0.02187754904219155,0.021754412369244466
66,09.05.2023,2023-05-09,12,2023,True,0.0178107802246835,0.02271293941510013,0.02187754904219155,0.021837523333368206
66,10.05.2023,2023-05-10,12,2023,True,0.0178389871512292,0.02106371585786474,0.02187754904219155,0.021834877841886407
66,11.05.2023,2023-05-11,12,2023,True,0.0178088015760729,0.020547747877917973,0.02187754904219155,0.021638338604485007
66,12.05.2023,2023-05-12,12,2023,True,0.0177566422780814,0.02169254552843098,0.02187754904219155,0.02168360182021408
66,15.05.2023,2023-05-15,12,2023,True,0.0177073191181258,0.02198360047520001,0.02187754904219155,0.02129401184848902
66,16.05.2023,2023-05-16,12,2023,True,0.0177060504206892,0.020347625836357908,0.02187754904219155,0.02126410626952815
66,17.05.2023,2023-05-17,12,2023,True,0.0174426658796867,0.02144571684954531,0.02187754904219155,0.021256763794891467
66,18.05.2023,2023-05-18,12,2023,True,0.0173880584444897,0.02229471629292712,0.02187754904219155,0.021349579753325444
66,19.05.2023,2023-05-19,12,2023,True,0.0173764205353298,0.021387608992723364,0.02187754904219155,0.021398921181346158
66,22.05.2023,2023-05-22,12,2023,True,0.0174313763240749,0.02135262392554934,0.02187754904219155,0.02136391761010845
66,23.05.2023,2023-05-23,12,2023,True,0.0173927783048183,0.02161447323008801,0.02187754904219155,0.021382655953251083
66,24.05.2023,2023-05-24,12,2023,True,0.0173014884221336,0.0212963915185039,0.02187754904219155,0.02144088334561666
66,25.05.2023,2023-05-25,12,2023,True,0.0169341746165433,0.021450418330704886,0.02187754904219155,0.02138518142932905
66,26.05.2023,2023-05-26,12,2023,True,0.0169539742803409,0.022407849024174493,0.02187754904219155,0.021627502878112916
66,30.05.2023,2023-05-30,12,2023,True,0.0160287800168674,0.021450330968761405,0.02187754904219155,0.021363462241903348
66,31.05.2023,2023-05-31,12,2023,True,0.0160092559315346,0.02327961367909182,0.02187754904219155,0.021899590449375173
66,01.06.2023,2023-06-01,12,2023,True,0.0158408783811517,0.024220213604043743,0.02187754904219155,0.021873254204908352
66,02.06.2023,2023-06-02,12,2023,True,0.0156598442534788,0.02421686234354256,0.02187754904219155,0.022056679213297896
66,05.06.2023,2023-06-05,12,2023,True,0.0156624316707656,0.023867712506456962,0.02187754904219155,0.02217064956223469
66,06.06.2023,2023-06-06,12,2023,True,0.0156340236883173,0.022762591954156405,0.02187754904219155,0.02218459141689286
66,07.06.2023,2023-06-07,12,2023,True,0.0156981097008371,0.02198968379873665,0.02187754904219155,0.02217442823006194
66,08.06.2023,2023-06-08,12,2023,True,0.0155872728580356,0.02065507759072851,0.02187754904219155,0.022139954344280968
66,09.06.2023,2023-06-09,12,2023,True,0.0155489694617207,0.02096012592281998,0.02187754904219155,0.022171341959761507
66,12.06.2023,2023-06-12,12,2023,True,0.0145614623828578,0.020424822305184734,0.02187754904219155,0.021872109736970576
66,13.06.2023,2023-06-13,12,2023,True,0.0140893809473874,0.023380500948932893,0.02187754904219155,0.022372537562315147
66,14.06.2023,2023-06-14,12,2023,True,0.0139130341611278,0.021999425227034092,0.02187754904219155,0.02275434800024931
66,15.06.2023,2023-06-15,12,2023,True,0.0135022432588846,0.021851292566546533,0.02187754904219155,0.022724826523135972
66,16.06.2023,2023-06-16,12,2023,True,0.0134711038525915,0.021652268310170215,0.02187754904219155,0.022947768539853627
66,20.06.2023,2023-06-20,12,2023,True,0.0133900589363864,0.021157427594864046,0.02187754904219155,0.022423320475739816
66,21.06.2023,2023-06-21,12,2023,True,0.0132979772299089,0.021613148107447296,0.02187754904219155,0.021583831422816
66,22.06.2023,2023-06-22,12,2023,True,0.0122104457588206,0.020483565080343907,0.02187754904219155,0.021607622209906193
66,23.06.2023,2023-06-23,12,2023,True,0.0125128823420357,0.0228205572767604,0.02187754904219155,0.02196615716753958
66,26.06.2023,2023-06-26,12,2023,True,0.01267159173738,0.02285587554354428,0.02187754904219155,0.02192911349564142
66,27.06.2023,2023-06-27,12,2023,True,0.012118543602733,0.023842113518992448,0.02187754904219155,0.021786652376481974
66,28.06.2023,2023-06-28,12,2023,True,0.0135550392556619,0.028198296655355802,0.02187754904219155,0.021896761953476777
66,29.06.2023,2023-06-29,12,2023,True,0.0135546559690195,0.024146149119625114,0.02187754904219155,0.02208050300326774
66,30.06.2023,2023-06-30,12,2023,True,0.0154750475803946,0.02290968727138062,0.02187754904219155,0.02203766531050497
66,03.07.2023,2023-07-03,12,2023,True,0.0157092251918051,0.020483314447465255,0.02187754904219155,0.0214570533544544
66,05.07.2023,2023-07-05,12,2023,True,0.0154149629158588,0.02080534160416026,0.02187754904219155,0.021439488382314225
66,06.07.2023,2023-07-06,12,2023,True,0.0161698626372455,0.02104450440687758,0.02187754904219155,0.021693217254262372
66,07.07.2023,2023-07-07,12,2023,True,0.0159384213030929,0.02206363614281958,0.02187754904219155,0.021633832852975637
66,10.07.2023,2023-07-10,12,2023,True,0.0161211440629618,0.022167108661731705,0.02187754904219155,0.02184912637617151
66,11.07.2023,2023-07-11,12,2023,True,0.0159213397471587,0.023757893943289865,0.02187754904219155,0.02041296953370486
66,12.07.2023,2023-07-12,12,2023,True,0.0172363791670631,0.019108929241168682,0.02187754904219155,0.02060999227258946
66,13.07.2023,2023-07-13,12,2023,True,0.0172577091889868,0.019354437072154885,0.02187754904219155,0.020645362923441147
66,14.07.2023,2023-07-14,12,2023,True,0.0170770131015848,0.019544892773030804,0.02187754904219155,0.020741804473528365
66,17.07.2023,2023-07-17,12,2023,True,0.0170174925521633,0.019663171559657282,0.02187754904219155,0.020818577169325572
66,18.07.2023,2023-07-18,12,2023,True,0.0169762764719308,0.0196273069604426,0.02187754904219155,0.020797710738919898
66,19.07.2023,2023-07-19,12,2023,True,0.0169772862011169,0.019352950411155468,0.02187754904219155,0.02072115258860065
66,20.07.2023,2023-07-20,12,2023,True,0.0173200194548818,0.019408862438726623,0.02187754904219155,0.020658630050984655
66,21.07.2023,2023-07-21,12,2023,True,0.0174044363687648,0.01894021331416413,0.02187754904219155,0.02065784878432927
66,24.07.2023,2023-07-24,12,2023,True,0.0174538053696786,0.01969269019784312,0.02187754904219155,0.02067880777712282
66,25.07.2023,2023-07-25,12,2023,True,0.0177017671954627,0.01973932282407009,0.02187754904219155,0.02084068224202992
66,26.07.2023,2023-07-26,12,2023,True,0.0179884547474534,0.020001770251420962,0.02187754904219155,0.02074411872553646
66,27.07.2023,2023-07-27,12,2023,True,0.0184131699123343,0.01994651516906859,0.02187754904219155,0.02054387163950533
66,28.07.2023,2023-07-28,12,2023,True,0.0183842758727514,0.020378655117583282,0.02187754904219155,0.020616714460013282
66,31.07.2023,2023-07-31,12,2023,True,0.0188021693217147,0.019881411685627282,0.02187754904219155,0.0205841354779548
66,01.08.2023,2023-08-01,12,2023,True,0.0190486454134901,0.02118107820992436,0.02187754904219155,0.02037020467455977
66,02.08.2023,2023-08-02,12,2023,True,0.0190925056287442,0.02052499848953976,0.02187754904219155,0.019786809166277498
66,03.08.2023,2023-08-03,12,2023,True,0.0188844719582193,0.020687041728008525,0.02187754904219155,0.019943024458468683
66,04.08.2023,2023-08-04,12,2023,True,0.0195340724414503,0.02082024306660329,0.02187754904219155,0.020056773296419778
66,07.08.2023,2023-08-07,12,2023,True,0.0197382050046233,0.020804086745291127,0.02187754904219155,0.02010282738687501
66,08.08.2023,2023-08-08,12,2023,True,0.0197119738083904,0.019907121236905786,0.02187754904219155,0.019047954536782083
66,09.08.2023,2023-08-09,12,2023,True,0.019735701012405,0.019157226938227027,0.02187754904219155,0.018317030114333985
66,10.08.2023,2023-08-10,12,2023,True,0.019755006331512,0.018476919746072615,0.02187754904219155,0.018389246140375678
66,11.08.2023,2023-08-11,12,2023,True,0.0197433556955323,0.017993468352523856,0.02187754904219155,0.01796242823720002
66,14.08.2023,2023-08-14,12,2023,True,0.0198155166664033,0.018031160802247613,0.02187754904219155,0.017784797305315868
66,15.08.2023,2023-08-15,12,2023,True,0.0205537557816967,0.018051768857965982,0.02187754904219155,0.017810780224683555
66,16.08.2023,2023-08-16,12,2023,True,0.0210887239544052,0.018018204089506728,0.02187754904219155,0.017838987151229262
66,17.08.2023,2023-08-17,12,2023,True,0.021229693746385,0.018031648095142443,0.02187754904219155,0.017808801576072914
66,18.08.2023,2023-08-18,12,2023,True,0.0212053271554885,0.01760851376021799,0.02187754904219155,0.017756642278081484
66,21.08.2023,2023-08-21,12,2023,True,0.0212117386762282,0.018001594360328048,0.02187754904219155,0.017707319118125908
66,22.08.2023,2023-08-22,12,2023,True,0.0213019699689304,0.01794694121167176,0.02187754904219155,0.017706050420689276
66,23.08.2023,2023-08-23,12,2023,True,0.0212884512102123,0.017929083033669312,0.02187754904219155,0.017442665879686778
66,24.08.2023,2023-08-24,12,2023,True,0.0214528005411466,0.01788491294158204,0.02187754904219155,0.01738805844448977
66,25.08.2023,2023-08-25,12,2023,True,0.0214961829268835,0.018006773483073408,0.02187754904219155,0.017376420535329853
66,28.08.2023,2023-08-28,12,2023,True,0.0214993024872729,0.019555150800618433,0.02187754904219155,0.01743137632407494
66,29.08.2023,2023-08-29,12,2023,True,0.0222505265601882,0.019272559196163414,0.02187754904219155,0.01739277830481836
66,30.08.2023,2023-08-30,12,2023,True,0.0222706730061161,0.018281001790202114,0.02187754904219155,0.017301488422133655
66,31.08.2023,2023-08-31,12,2023,True,0.0222389477311511,0.017499536816956537,0.02187754904219155,0.01693417461654334
66,01.09.2023,2023-09-01,12,2023,True,0.0225272309239913,0.01751018116685266,0.02187754904219155,0.01695397428034098
66,05.09.2023,2023-09-05,12,2023,True,0.0223971595308981,0.016648310136297122,0.02187754904219155,0.016028780016867427
66,06.09.2023,2023-09-06,12,2023,True,0.0226132126256437,0.01719780931799224,0.02187754904219155,0.01600925593153469
66,07.09.2023,2023-09-07,12,2023,True,0.0226139125445471,0.016468458766292608,0.02187754904219155,0.015840878381151804
66,08.09.2023,2023-09-08,12,2023,True,0.0229749395166142,0.01748348463745941,0.02187754904219155,0.01565984425347882
66,11.09.2023,2023-09-11,12,2023,True,0.0230679728011863,0.017491222245795312,0.02187754904219155,0.015662431670765673
66,12.09.2023,2023-09-12,12,2023,True,0.0233396768314045,0.018637462033080504,0.02187754904219155,0.015634023688317376
66,13.09.2023,2023-09-13,12,2023,True,0.0233407632734044,0.01933046348180397,0.02187754904219155,0.0156981097008372
66,14.09.2023,2023-09-14,12,2023,True,0.0233194746007914,0.018900110547873918,0.02187754904219155,0.015587272858035644
66,15.09.2023,2023-09-15,12,2023,True,0.0234292364450926,0.018635032690237162,0.02187754904219155,0.015548969461720746
66,18.09.2023,2023-09-18,12,2023,True,0.0234324908634435,0.017451531317895102,0.02187754904219155,0.014561462382857816
66,19.09.2023,2023-09-19,12,2023,True,0.0234321691372478,0.018604191336072422,0.02187754904219155,0.014089380947387457
66,20.09.2023,2023-09-20,12,2023,True,0.0234208751920197,0.019944487774264344,0.02187754904219155,0.013913034161127815
66,21.09.2023,2023-09-21,12,2023,True,0.0236646738902784,0.020509417305531383,0.02187754904219155,0.013502243258884659
66,22.09.2023,2023-09-22,12,2023,True,0.0237405266008856,0.021031805469107365,0.02187754904219155,0.013471103852591568
66,25.09.2023,2023-09-25,12,2023,True,0.0237965023500537,0.020668883307757714,0.02187754904219155,0.013390058936386473
66,26.09.2023,2023-09-26,12,2023,True,0.0238327129266656,0.020637549755161487,0.02187754904219155,0.013297977229909002
66,27.09.2023,2023-09-27,12,2023,True,0.0235749448896768,0.01887762429784448,0.02187754904219155,0.012210445758820652
66,28.09.2023,2023-09-28,12,2023,True,0.0239227499555097,0.02204950612713695,0.02187754904219155,0.01251288234203578
66,29.09.2023,2023-09-29,12,2023,True,0.0239304314781653,0.022179661665901376,0.02187754904219155,0.012671591737380056
66,02.10.2023,2023-10-02,12,2023,True,0.0233168790247372,0.023852484240620895,0.02187754904219155,0.012118543602733086
66,03.10.2023,2023-10-03,12,2023,True,0.0236383441349974,0.02268010116049459,0.02187754904219155,0.013555039255661988
66,04.10.2023,2023-10-04,12,2023,True,0.0227578065181109,0.02300818652503021,0.02187754904219155,0.013554655969019523
66,05.10.2023,2023-10-05,12,2023,True,0.0226611868741436,0.02697072089079833,0.02187754904219155,0.01547504758039464
66,06.10.2023,2023-10-06,12,2023,True,0.0226717291432126,0.028043050742064694,0.02187754904219155,0.01570922519180517
66,09.10.2023,2023-10-09,12,2023,True,0.0220958689762346,0.02356803829087376,0.02187754904219155,0.015414962915858825
66,10.10.2023,2023-10-10,12,2023,True,0.022091551655897,0.023546954971306062,0.02187754904219155,0.016169862637245548
66,11.10.2023,2023-10-11,12,2023,True,0.0219633237315478,0.023326256143438296,0.02187754904219155,0.015938421303092944
66,12.10.2023,2023-10-12,12,2023,True,0.0220590934196978,0.02506320086970643,0.02187754904219155,0.01612114406296182
66,13.10.2023,2023-10-13,12,2023,True,0.020903339529312,0.0251045538633606,0.02187754904219155,0.015921339747158748
66,16.10.2023,2023-10-16,12,2023,True,0.0210123934556579,0.026498853986953844,0.02187754904219155,0.01723637916706319
66,17.10.2023,2023-10-17,12,2023,True,0.0210125223658691,0.026763678620601916,0.02187754904219155,0.017257709188986874
66,18.10.2023,2023-10-18,12,2023,True,0.0208957377102703,0.026338536644849083,0.02187754904219155,0.01707701310158484
66,19.10.2023,2023-10-19,12,2023,True,0.0212058376728025,0.026038629469676944,0.02187754904219155,0.017017492552163397
66,20.10.2023,2023-10-20,12,2023,True,0.0212881920200228,0.02617920216473237,0.02187754904219155,0.016976276471930812
66,23.10.2023,2023-10-23,12,2023,True,0.0211319488769239,0.02630842576937844,0.02187754904219155,0.01697728620111691
66,24.10.2023,2023-10-24,12,2023,True,0.0210215960220957,0.0261953884683022,0.02187754904219155,0.017320019454881836
66,25.10.2023,2023-10-25,12,2023,True,0.0208653177532833,0.026083578955706913,0.02187754904219155,0.017404436368764882
66,26.10.2023,2023-10-26,12,2023,True,0.0211427252746017,0.0260299603849828,0.02187754904219155,0.017453805369678638
66,27.10.2023,2023-10-27,12,2023,True,0.0208878835687455,0.026539231935429435,0.02187754904219155,0.017701767195462768
66,30.10.2023,2023-10-30,12,2023,True,0.0205489526834414,0.026904238157281015,0.02187754904219155,0.017988454747453482
66,31.10.2023,2023-10-31,12,2023,True,0.0205810089659891,0.027595802800401168,0.02187754904219155,0.018413169912334364
66,01.11.2023,2023-11-01,12,2023,True,0.0202502484023989,0.027080663871551353,0.02187754904219155,0.018384275872751404
66,02.11.2023,2023-11-02,12,2023,True,0.020342473711209,0.026471806837488832,0.02187754904219155,0.0188021693217148
66,03.11.2023,2023-11-03,12,2023,True,0.0201784917582811,0.027058220082561542,0.02187754904219155,0.019048645413490134
66,06.11.2023,2023-11-06,12,2023,True,0.0201737725666915,0.027832515878926434,0.02187754904219155,0.019092505628744216
66,07.11.2023,2023-11-07,12,2023,True,0.0195042124506729,0.02620927002218721,0.02187754904219155,0.01888447195821935
66,08.11.2023,2023-11-08,12,2023,True,0.019320236684158,0.027360366441022937,0.02187754904219155,0.019534072441450355
66,09.11.2023,2023-11-09,12,2023,True,0.0193963058856672,0.029124248306548688,0.02187754904219155,0.019738205004623328
66,10.11.2023,2023-11-10,12,2023,True,0.0192983408239608,0.028700971660710277,0.02187754904219155,0.019711973808390477
66,13.11.2023,2023-11-13,12,2023,True,0.0193055871082811,0.0270664531814741,0.02187754904219155,0.01973570101240504
66,14.11.2023,2023-11-14,12,2023,True,0.0193329213843551,0.026008338515764246,0.02187754904219155,0.019755006331512046
66,15.11.2023,2023-11-15,12,2023,True,0.0192520876085133,0.025722355755891185,0.02187754904219155,0.01974335569553235
66,16.11.2023,2023-11-16,12,2023,True,0.0185761038454473,0.025660356228179422,0.02187754904219155,0.0198155166664033
66,17.11.2023,2023-11-17,12,2023,True,0.0179555560979457,0.029323298431038276,0.02187754904219155,0.020553755781696745
66,20.11.2023,2023-11-20,12,2023,True,0.0178462212640099,0.027634385012055854,0.02187754904219155,0.021088723954405246
66,21.11.2023,2023-11-21,12,2023,True,0.0178454490130886,0.02583513540102354,0.02187754904219155,0.021229693746385007
66,22.11.2023,2023-11-22,12,2023,True,0.01782915431231,0.026561233172642664,0.02187754904219155,0.021205327155488566
66,24.11.2023,2023-11-24,12,2023,True,0.0176986371357018,0.028375580241782612,0.02187754904219155,0.021211738676228227
66,27.11.2023,2023-11-27,12,2023,True,0.0177104150434034,0.02914306867571396,0.02187754904219155,0.021301969968930443
66,28.11.2023,2023-11-28,12,2023,True,0.0175623653889845,0.02925395745727696,0.02187754904219155,0.021288451210212382
66,29.11.2023,2023-11-29,12,2023,True,0.0174866673350996,0.029526931256291095,0.02187754904219155,0.021452800541146635
66,30.11.2023,2023-11-30,12,2023,True,0.0174820104383919,0.030991318161818857,0.02187754904219155,0.021496182926883593
66,01.12.2023,2023-12-01,12,2023,True,0.016439907338104,0.026906820672926324,0.02187754904219155,0.021499302487272977
66,04.12.2023,2023-12-04,12,2023,True,0.0163779442801575,0.026656257119091482,0.02187754904219155,0.022250526560188243
66,05.12.2023,2023-12-05,12,2023,True,0.0163243268504219,0.027145544677692347,0.02187754904219155,0.02227067300611615
66,06.12.2023,2023-12-06,12,2023,True,0.0158483449375197,0.026204510521902803,0.02187754904219155,0.02223894773115117
66,07.12.2023,2023-12-07,12,2023,True,0.0159345704579031,0.02760661098157716,0.02187754904219155,0.022527230923991316
66,08.12.2023,2023-12-08,12,2023,True,0.0157052982811751,0.025784476371544233,0.02187754904219155,0.022397159530898103
66,11.12.2023,2023-12-11,12,2023,True,0.0158314835596371,0.02421479027852402,0.02187754904219155,0.022613212625643742
66,12.12.2023,2023-12-12,12,2023,True,0.0150502638182405,0.02245363174655914,0.02187754904219155,0.022613912544547147
66,13.12.2023,2023-12-13,12,2023,True,0.0151670045534554,0.024124789143879985,0.02187754904219155,0.02297493951661421
66,14.12.2023,2023-12-14,12,2023,True,0.0147366128267572,0.02483248706810429,0.02187754904219155,0.023067972801186342
66,15.12.2023,2023-12-15,12,2023,True,0.0147508353004302,0.022933809292005548,0.02187754904219155,0.023339676831404543
66,18.12.2023,2023-12-18,12,2023,True,0.0147068652643649,0.022694886187959028,0.02187754904219155,0.02334076327340442
66,19.12.2023,2023-12-19,12,2023,True,0.0146188773572344,0.024815390532576975,0.02187754904219155,0.023319474600791475
66,20.12.2023,2023-12-20,12,2023,True,0.0146123216265731,0.023426309399295003,0.02187754904219155,0.023429236445092642
66,21.12.2023,2023-12-21,12,2023,True,0.0147113790281443,0.023329676668887602,0.02187754904219155,0.023432490863443522
66,22.12.2023,2023-12-22,12,2023,True,0.0146978454478442,0.023395202178443472,0.02187754904219155,0.023432169137247882
66,26.12.2023,2023-12-26,12,2023,True,0.014534032202728,0.02409359860879718,0.02187754904219155,0.023420875192019717
66,27.12.2023,2023-12-27,12,2023,True,0.0143424154863403,0.023977714409385818,0.02187754904219155,0.0236646738902784
66,28.12.2023,2023-12-28,12,2023,True,0.0142534083138144,0.023581662255309617,0.02187754904219155,0.02374052660088568
66,29.12.2023,2023-12-29,12,2023,True,0.0140474823799801,0.024315817413913535,0.02187754904219155,0.023796502350053723
66,02.01.2024,2024-01-02,13,2024,True,0.0139466903219893,0.022711045713036622,0.021762527891082573,0.023832712926665677
66,03.01.2024,2024-01-03,13,2024,True,0.0135942430085815,0.026210529934516533,0.021762527891082573,0.02357494488967685
66,04.01.2024,2024-01-04,13,2024,True,0.013582361741074,0.025039876804961083,0.021762527891082573,0.023922749955509772
66,05.01.2024,2024-01-05,13,2024,True,0.0135501826356433,0.024959499528257857,0.021762527891082573,0.023930431478165388
66,08.01.2024,2024-01-08,13,2024,True,0.0127951148158405,0.021977071464480906,0.021762527891082573,0.0233168790247373
66,09.01.2024,2024-01-09,13,2024,True,0.012650854713436,0.022140152858161788,0.021762527891082573,0.02363834413499744
66,10.01.2024,2024-01-10,13,2024,True,0.0125607875436218,0.022937666430355184,0.021762527891082573,0.02275780651811096
66,11.01.2024,2024-01-11,13,2024,True,0.0131877938126398,0.02130713727098487,0.021762527891082573,0.022661186874143684
66,12.01.2024,2024-01-12,13,2024,True,0.0131424734181758,0.02174900016051291,0.021762527891082573,0.022671729143212672
66,16.01.2024,2024-01-16,13,2024,True,0.0131410211440862,0.029027631949514906,0.021762527891082573,0.022095868976234632
66,17.01.2024,2024-01-17,13,2024,True,0.0131276135492903,0.025440085820299895,0.021762527891082573,0.02209155165589705
66,18.01.2024,2024-01-18,13,2024,True,0.0131383530938573,0.02512994992432836,0.021762527891082573,0.02196332373154786
66,19.01.2024,2024-01-19,13,2024,True,0.0131182756168184,0.02296534667484301,0.021762527891082573,0.022059093419697813
66,22.01.2024,2024-01-22,13,2024,True,0.0129963843966237,0.022882955112604457,0.021762527891082573,0.020903339529311997
66,23.01.2024,2024-01-23,13,2024,True,0.0129661692585261,0.022833152709374742,0.021762527891082573,0.021012393455657936
66,24.01.2024,2024-01-24,13,2024,True,0.0130702429074578,0.022400853958996502,0.021762527891082573,0.021012522365869177
66,25.01.2024,2024-01-25,13,2024,True,0.0126270410956006,0.022276353150898844,0.021762527891082573,0.020895737710270357
66,26.01.2024,2024-01-26,13,2024,True,0.0140917518244726,0.023068752278884243,0.021762527891082573,0.02120583767280255
66,29.01.2024,2024-01-29,13,2024,True,0.0139887312967168,0.023165888653930104,0.021762527891082573,0.021288192020022897
66,30.01.2024,2024-01-30,13,2024,True,0.0140127958380673,0.025220692172010194,0.021762527891082573,0.021131948876923972
66,31.01.2024,2024-01-31,13,2024,True,0.0139110148344476,0.025844532348433723,0.021762527891082573,0.02102159602209578
66,01.02.2024,2024-02-01,13,2024,True,0.0130877432922774,0.02698319341726503,0.021762527891082573,0.02086531775328333
66,02.02.2024,2024-02-02,13,2024,True,0.0128932216329761,0.022393984971717355,0.021762527891082573,0.021142725274601776
66,05.02.2024,2024-02-05,13,2024,True,0.0128644461053916,0.02216118269701928,0.021762527891082573,0.020887883568745536
66,06.02.2024,2024-02-06,13,2024,True,0.0129547755108436,0.02182931832821538,0.021762527891082573,0.02054895268344144
66,07.02.2024,2024-02-07,13,2024,True,0.0129469856294881,0.024237602521537355,0.021762527891082573,0.020581008965989106
66,08.02.2024,2024-02-08,13,2024,True,0.0125072409935312,0.022594474461220333,0.021762527891082573,0.020250248402398984
66,09.02.2024,2024-02-09,13,2024,True,0.0124911837639358,0.02242692416241959,0.021762527891082573,0.020342473711209088
66,12.02.2024,2024-02-12,13,2024,True,0.0125102623127686,0.02030266419822047,0.021762527891082573,0.02017849175828118
66,13.02.2024,2024-02-13,13,2024,True,0.0125011093767275,0.020232396840690125,0.021762527891082573,0.020173772566691596
66,14.02.2024,2024-02-14,13,2024,True,0.0123780604022943,0.019597752877297172,0.021762527891082573,0.01950421245067299
66,15.02.2024,2024-02-15,13,2024,True,0.0122997393022932,0.019648246941412244,0.021762527891082573,0.01932023668415807
66,16.02.2024,2024-02-16,13,2024,True,0.0123510545770485,0.021697866396723962,0.021762527891082573,0.01939630588566726
66,20.02.2024,2024-02-20,13,2024,True,0.0122643462258448,0.021288035456272676,0.021762527891082573,0.019298340823960845
66,21.02.2024,2024-02-21,13,2024,True,0.0122750939045658,0.021014359848360867,0.021762527891082573,0.019305587108281133
66,22.02.2024,2024-02-22,13,2024,True,0.0126332280862766,0.02094929044274399,0.021762527891082573,0.019332921384355124
66,23.02.2024,2024-02-23,13,2024,True,0.0122820059059456,0.0218479383436874,0.021762527891082573,0.019252087608513355
66,26.02.2024,2024-02-26,13,2024,True,0.0124852234718429,0.021087084202544917,0.021762527891082573,0.018576103845447382
66,27.02.2024,2024-02-27,13,2024,True,0.0123730698540345,0.02104970048275968,0.021762527891082573,0.017955556097945774
66,28.02.2024,2024-02-28,13,2024,True,0.0133336573746878,0.020448834201326278,0.021762527891082573,0.01784622126400993
66,29.02.2024,2024-02-29,13,2024,True,0.0133878258862676,0.02044794932879124,0.021762527891082573,0.01784544901308867
66,01.03.2024,2024-03-01,13,2024,True,0.0134768559952024,0.021477411194088702,0.021762527891082573,0.01782915431231008
66,04.03.2024,2024-03-04,13,2024,True,0.0136472779616329,0.02196750357953548,0.021762527891082573,0.01769863713570188
66,05.03.2024,2024-03-05,13,2024,True,0.0136082636502864,0.021415569425988306,0.021762527891082573,0.01771041504340345
66,06.03.2024,2024-03-06,13,2024,True,0.013891812418067,0.02178993251718148,0.021762527891082573,0.017562365388984504
66,07.03.2024,2024-03-07,13,2024,True,0.01389963039016,0.019813705570706087,0.021762527891082573,0.01748666733509961
66,08.03.2024,2024-03-08,13,2024,True,0.0138754905745322,0.019643718591344724,0.021762527891082573,0.01748201043839196
66,11.03.2024,2024-03-11,13,2024,True,0.0138759020751831,0.018317211424568755,0.021762527891082573,0.01643990733810404
66,12.03.2024,2024-03-12,13,2024,True,0.0138701003238692,0.0186712193920682,0.021762527891082573,0.016377944280157555
66,13.03.2024,2024-03-13,13,2024,True,0.0137228813703272,0.020054826824148823,0.021762527891082573,0.016324326850421938
66,14.03.2024,2024-03-14,13,2024,True,0.0136628627619517,0.01924477997315688,0.021762527891082573,0.01584834493751973
66,15.03.2024,2024-03-15,13,2024,True,0.0136733300876823,0.020076546165471127,0.021762527891082573,0.015934570457903176
66,18.03.2024,2024-03-18,13,2024,True,0.0135040493897426,0.018912494767728417,0.021762527891082573,0.015705298281175187
66,19.03.2024,2024-03-19,13,2024,True,0.0135330880741058,0.019064448482707316,0.021762527891082573,0.015831483559637153
66,20.03.2024,2024-03-20,13,2024,True,0.0134569596654135,0.01947279377928238,0.021762527891082573,0.015050263818240537
66,21.03.2024,2024-03-21,13,2024,True,0.0134599765714976,0.017210677185060332,0.021762527891082573,0.015167004553455451
66,22.03.2024,2024-03-22,13,2024,True,0.0135502179272489,0.01651115678698805,0.021762527891082573,0.014736612826757268
66,25.03.2024,2024-03-25,13,2024,True,0.0134170699183515,0.01780071521109235,0.021762527891082573,0.014750835300430254
66,26.03.2024,2024-03-26,13,2024,True,0.0134006608551876,0.018124450599440147,0.021762527891082573,0.014706865264364995
66,27.03.2024,2024-03-27,13,2024,True,0.0134087566970589,0.017980830804796982,0.021762527891082573,0.014618877357234479
66,28.03.2024,2024-03-28,13,2024,True,0.0133536295331093,0.01912992960408373,0.021762527891082573,0.014612321626573145
66,01.04.2024,2024-04-01,13,2024,True,0.0134011778746087,0.01933278828137228,0.021762527891082573,0.014711379028144376
66,02.04.2024,2024-04-02,13,2024,True,0.0132721197672903,0.020331204683709702,0.021762527891082573,0.014697845447844278
66,03.04.2024,2024-04-03,13,2024,True,0.0133393561604841,0.020183117833913463,0.021762527891082573,0.014534032202728019
66,04.04.2024,2024-04-04,13,2024,True,0.0132229146504745,0.019917023558639047,0.021762527891082573,0.014342415486340349
66,05.04.2024,2024-04-05,13,2024,True,0.0132098421100741,0.02204106892106866,0.021762527891082573,0.014253408313814454
66,08.04.2024,2024-04-08,13,2024,True,0.0131815485838039,0.021722630860476586,0.021762527891082573,0.01404748237998012
66,09.04.2024,2024-04-09,13,2024,True,0.0131260950730654,0.020641193384183652,0.021762527891082573,0.01394669032198931
66,10.04.2024,2024-04-10,13,2024,True,0.0131192392692792,0.019581324330243118,0.021762527891082573,0.013594243008581607
66,11.04.2024,2024-04-11,13,2024,True,0.0132571138805099,0.020101984688755823,0.021762527891082573,0.013582361741074111
66,12.04.2024,2024-04-12,13,2024,True,0.0132135225672155,0.020953620550940112,0.021762527891082573,0.013550182635643367
66,15.04.2024,2024-04-15,13,2024,True,0.0136724820476675,0.019786004954028852,0.021762527891082573,0.012795114815840575
66,16.04.2024,2024-04-16,13,2024,True,0.0136735762829844,0.02451961510908202,0.021762527891082573,0.012650854713436091
66,17.04.2024,2024-04-17,13,2024,True,0.0133173950781393,0.024165609416439072,0.021762527891082573,0.012560787543621854
66,18.04.2024,2024-04-18,13,2024,True,0.0133705310329303,0.02546205480422056,0.021762527891082573,0.01318779381263985
66,19.04.2024,2024-04-19,13,2024,True,0.0134116125212663,0.023896603889562003,0.021762527891082573,0.013142473418175857
66,22.04.2024,2024-04-22,13,2024,True,0.0135236021555741,0.023893963258871376,0.021762527891082573,0.013141021144086235
66,23.04.2024,2024-04-23,13,2024,True,0.0134855449174812,0.023921646799122075,0.021762527891082573,0.013127613549290398
66,24.04.2024,2024-04-24,13,2024,True,0.0135751637401367,0.022328647847762454,0.021762527891082573,0.01313835309385737
66,25.04.2024,2024-04-25,13,2024,True,0.0139171283871995,0.022370086819964004,0.021762527891082573,0.013118275616818435
66,26.04.2024,2024-04-26,13,2024,True,0.0139872661313218,0.020499053956900614,0.021762527891082573,0.012996384396623794
66,29.04.2024,2024-04-29,13,2024,True,0.0145066073763068,0.02028048152108623,0.021762527891082573,0.012966169258526165
66,30.04.2024,2024-04-30,13,2024,True,0.0145090225782324,0.0206155501725063,0.021762527891082573,0.01307024290745784
66,01.05.2024,2024-05-01,13,2024,True,0.0131331128154065,0.019916492836420146,0.021762527891082573,0.012627041095600708
66,02.05.2024,2024-05-02,13,2024,True,0.0134872324992029,0.019861669088498807,0.021762527891082573,0.014091751824472618
66,03.05.2024,2024-05-03,13,2024,True,0.0135277050350854,0.019434627612444494,0.021762527891082573,0.013988731296716836
66,06.05.2024,2024-05-06,13,2024,True,0.0135404442254786,0.01966543161454922,0.021762527891082573,0.014012795838067362
66,07.05.2024,2024-05-07,13,2024,True,0.014144994023818,0.0194154687725562,0.021762527891082573,0.013911014834447679
66,08.05.2024,2024-05-08,13,2024,True,0.0143328935264683,0.018562026901283637,0.021762527891082573,0.013087743292277422
66,09.05.2024,2024-05-09,13,2024,True,0.0143874664347492,0.01821650816616777,0.021762527891082573,0.012893221632976183
66,10.05.2024,2024-05-10,13,2024,True,0.0144482373206221,0.018175851947873335,0.021762527891082573,0.012864446105391685
66,13.05.2024,2024-05-13,13,2024,True,0.0145624562683692,0.018154746340811104,0.021762527891082573,0.012954775510843699
66,14.05.2024,2024-05-14,13,2024,True,0.014823003669969,0.01939982619600367,0.021762527891082573,0.01294698562948816
66,15.05.2024,2024-05-15,13,2024,True,0.0148203734178692,0.017546627320456167,0.021762527891082573,0.012507240993531234
66,16.05.2024,2024-05-16,13,2024,True,0.0148899685766899,0.017524100351986125,0.021762527891082573,0.012491183763935891
66,17.05.2024,2024-05-17,13,2024,True,0.0149821245324987,0.017390406801831283,0.021762527891082573,0.012510262312768708
66,20.05.2024,2024-05-20,13,2024,True,0.0152754623940716,0.017873135828040544,0.021762527891082573,0.012501109376727515
66,21.05.2024,2024-05-21,13,2024,True,0.0156971379652042,0.017365397607792783,0.021762527891082573,0.012378060402294373
66,22.05.2024,2024-05-22,13,2024,True,0.0158900050229844,0.017286690429490534,0.021762527891082573,0.012299739302293217
66,23.05.2024,2024-05-23,13,2024,True,0.0159292434886983,0.017518977886988477,0.021762527891082573,0.012351054577048583
66,24.05.2024,2024-05-24,13,2024,True,0.0160181593939687,0.017512677583740862,0.021762527891082573,0.012264346225844854
66,28.05.2024,2024-05-28,13,2024,True,0.0157823759685365,0.017257826713931092,0.021762527891082573,0.012275093904565907
66,29.05.2024,2024-05-29,13,2024,True,0.0176946026446074,0.017336022047332957,0.021762527891082573,0.012633228086276628
66,30.05.2024,2024-05-30,13,2024,True,0.0176021932832481,0.016759592643043157,0.021762527891082573,0.012282005905945668
66,31.05.2024,2024-05-31,13,2024,True,0.0176027803627475,0.01899570480720115,0.021762527891082573,0.012485223471842936
66,03.06.2024,2024-06-03,13,2024,True,0.0171204813820263,0.01958510718454073,0.021762527891082573,0.012373069854034599
66,04.06.2024,2024-06-04,13,2024,True,0.0171474969089771,0.019261628002776338,0.021762527891082573,0.013333657374687892
66,05.06.2024,2024-06-05,13,2024,True,0.0176484161018247,0.018602869532400892,0.021762527891082573,0.013387825886267643
66,06.06.2024,2024-06-06,13,2024,True,0.0176829808672,0.017944497133444544,0.021762527891082573,0.013476855995202456
66,07.06.2024,2024-06-07,13,2024,True,0.0178688834724459,0.016354053838427293,0.021762527891082573,0.01364727796163299
66,10.06.2024,2024-06-10,13,2024,True,0.0175642201152714,0.017134328067572722,0.021762527891082573,0.013608263650286495
66,11.06.2024,2024-06-11,13,2024,True,0.0176878190964068,0.0177395258106088,0.021762527891082573,0.013891812418067065
66,12.06.2024,2024-06-12,13,2024,True,0.017738448122543,0.017609169211633552,0.021762527891082573,0.013899630390160091
66,13.06.2024,2024-06-13,13,2024,True,0.0177334439153405,0.017578586952523317,0.021762527891082573,0.013875490574532245
66,14.06.2024,2024-06-14,13,2024,True,0.0178763980934607,0.016947047858164144,0.021762527891082573,0.013875902075183163
66,17.06.2024,2024-06-17,13,2024,True,0.0176871361308514,0.01693996200841938,0.021762527891082573,0.013870100323869263
66,18.06.2024,2024-06-18,13,2024,True,0.0176075034370926,0.01592592963307245,0.021762527891082573,0.013722881370327287
66,20.06.2024,2024-06-20,13,2024,True,0.0177480902931381,0.016031614503169606,0.021762527891082573,0.013662862761951807
66,21.06.2024,2024-06-21,13,2024,True,0.0179313445692556,0.01604389656542226,0.021762527891082573,0.013673330087682387
66,24.06.2024,2024-06-24,13,2024,True,0.0181032096121404,0.015976672828263115,0.021762527891082573,0.013504049389742619
66,25.06.2024,2024-06-25,13,2024,True,0.018095252103724,0.01578731805259442,0.021762527891082573,0.01353308807410591
66,26.06.2024,2024-06-26,13,2024,True,0.0180829814664758,0.015698508802681758,0.021762527891082573,0.013456959665413602
66,27.06.2024,2024-06-27,13,2024,True,0.0182892542251945,0.01592453017257537,0.021762527891082573,0.013459976571497632
66,28.06.2024,2024-06-28,13,2024,True,0.0183070197551474,0.01603129493437433,0.021762527891082573,0.013550217927248923
66,01.07.2024,2024-07-01,13,2024,True,0.0193671960153813,0.015663867982365916,0.021762527891082573,0.013417069918351586
66,02.07.2024,2024-07-02,13,2024,True,0.0193846208976425,0.015915396638405188,0.021762527891082573,0.013400660855187698
66,03.07.2024,2024-07-03,13,2024,True,0.0198609734190244,0.01638337478585048,0.021762527891082573,0.013408756697058929
66,05.07.2024,2024-07-05,13,2024,True,0.020641846070229,0.01661152456905845,0.021762527891082573,0.013353629533109314
66,08.07.2024,2024-07-08,13,2024,True,0.0206349576334677,0.01673816639184235,0.021762527891082573,0.013401177874608752
66,09.07.2024,2024-07-09,13,2024,True,0.0211050964432844,0.016361720617210935,0.021762527891082573,0.013272119767290348
66,10.07.2024,2024-07-10,13,2024,True,0.0210964722730192,0.01617771070872926,0.021762527891082573,0.013339356160484152
66,11.07.2024,2024-07-11,13,2024,True,0.0212170070179351,0.016113598728922828,0.021762527891082573,0.01322291465047459
66,12.07.2024,2024-07-12,13,2024,True,0.0218028840899415,0.01611640143620034,0.021762527891082573,0.013209842110074156
66,15.07.2024,2024-07-15,13,2024,True,0.0218038272979446,0.016081882490128447,0.021762527891082573,0.013181548583803977
66,16.07.2024,2024-07-16,13,2024,True,0.0217668908567391,0.01670627375642919,0.021762527891082573,0.013126095073065414
66,17.07.2024,2024-07-17,13,2024,True,0.0217516732274475,0.016657383029605784,0.021762527891082573,0.013119239269279217
66,18.07.2024,2024-07-18,13,2024,True,0.0218750959388837,0.01644192518715583,0.021762527891082573,0.01325711388050995
66,19.07.2024,2024-07-19,13,2024,True,0.021819840037755,0.016817591445959526,0.021762527891082573,0.013213522567215608
66,22.07.2024,2024-07-22,13,2024,True,0.0218782278345716,0.016505518809620777,0.021762527891082573,0.013672482047667566
66,23.07.2024,2024-07-23,13,2024,True,0.0218064249750443,0.01650683977837704,0.021762527891082573,0.013673576282984481
66,24.07.2024,2024-07-24,13,2024,True,0.0219650743024018,0.01596438953476367,0.021762527891082573,0.013317395078139322
66,25.07.2024,2024-07-25,13,2024,True,0.0232083371109282,0.016298246736164132,0.021762527891082573,0.01337053103293034
66,26.07.2024,2024-07-26,13,2024,True,0.0231529809575982,0.01629015981087348,0.021762527891082573,0.01341161252126636
66,29.07.2024,2024-07-29,13,2024,True,0.0232328272123346,0.020020106414398504,0.021762527891082573,0.01352360215557418
66,30.07.2024,2024-07-30,13,2024,True,0.0232054117662217,0.02066644042684618,0.021762527891082573,0.013485544917481286
66,31.07.2024,2024-07-31,13,2024,True,0.0229528678778207,0.023742497917442543,0.021762527891082573,0.013575163740136797
66,01.08.2024,2024-08-01,13,2024,True,0.0231493862280976,0.02632986086078944,0.021762527891082573,0.013917128387199542
66,02.08.2024,2024-08-02,13,2024,True,0.0227739034187746,0.025962099301273307,0.021762527891082573,0.013987266131321825
66,05.08.2024,2024-08-05,13,2024,True,0.0227808631362685,0.025758811651594517,0.021762527891082573,0.014506607376306893
66,06.08.2024,2024-08-06,13,2024,True,0.0228100754057013,0.025185778806173835,0.021762527891082573,0.014509022578232505
66,07.08.2024,2024-08-07,13,2024,True,0.0227874582250837,0.022926338858152557,0.021762527891082573,0.013133112815406587
66,08.08.2024,2024-08-08,13,2024,True,0.0229831397261079,0.021971675375493546,0.021762527891082573,0.013487232499202976
66,09.08.2024,2024-08-09,13,2024,True,0.0229645628292779,0.022064197070351187,0.021762527891082573,0.013527705035085496
66,12.08.2024,2024-08-12,13,2024,True,0.0225830537591798,0.021345029322466725,0.021762527891082573,0.013540444225478631
66,13.08.2024,2024-08-13,13,2024,True,0.0224837511972345,0.022938419825794084,0.021762527891082573,0.014144994023818053
66,14.08.2024,2024-08-14,13,2024,True,0.0225798872719823,0.020255007932233813,0.021762527891082573,0.014332893526468366
66,15.08.2024,2024-08-15,13,2024,True,0.0228433061298488,0.017686667167332228,0.021762527891082573,0.014387466434749311
66,16.08.2024,2024-08-16,13,2024,True,0.0227627076261193,0.01761625568290883,0.021762527891082573,0.014448237320622136
66,19.08.2024,2024-08-19,13,2024,True,0.0225691417588288,0.017705507200943032,0.021762527891082573,0.014562456268369274
66,20.08.2024,2024-08-20,13,2024,True,0.022697431283232,0.01733465451400108,0.021762527891082573,0.014823003669969071
66,21.08.2024,2024-08-21,13,2024,True,0.0226819607154547,0.017273527495671903,0.021762527891082573,0.014820373417869306
66,22.08.2024,2024-08-22,13,2024,True,0.0228749212998105,0.018377165503281973,0.021762527891082573,0.014889968576689972
66,23.08.2024,2024-08-23,13,2024,True,0.0226799547691992,0.01777634185193868,0.021762527891082573,0.014982124532498744
66,26.08.2024,2024-08-26,13,2024,True,0.0223417405412458,0.017797836058113498,0.021762527891082573,0.015275462394071668
66,27.08.2024,2024-08-27,13,2024,True,0.0221798214503912,0.01878497047760006,0.021762527891082573,0.01569713796520423
66,28.08.2024,2024-08-28,13,2024,True,0.0222127654946626,0.018955881261312195,0.021762527891082573,0.015890005022984453
66,29.08.2024,2024-08-29,13,2024,True,0.0223381492089506,0.019217431107392983,0.021762527891082573,0.015929243488698386
66,30.08.2024,2024-08-30,13,2024,True,0.0223749293134568,0.019349131756758092,0.021762527891082573,0.016018159393968744
66,03.09.2024,2024-09-03,13,2024,True,0.0208541145323047,0.020470126235696627,0.021762527891082573,0.015782375968536565
66,04.09.2024,2024-09-04,13,2024,True,0.0208461543675951,0.02433026636946513,0.021762527891082573,0.017694602644607437
66,05.09.2024,2024-09-05,13,2024,True,0.0209232078510354,0.02513850830605493,0.021762527891082573,0.017602193283248205
66,06.09.2024,2024-09-06,13,2024,True,0.0207323503368807,0.024426189931677902,0.021762527891082573,0.0176027803627476
66,09.09.2024,2024-09-09,13,2024,True,0.0208100374195619,0.02418936437467934,0.021762527891082573,0.01712048138202631
66,10.09.2024,2024-09-10,13,2024,True,0.0202649171468338,0.02378159274684838,0.021762527891082573,0.017147496908977208
66,11.09.2024,2024-09-11,13,2024,True,0.0201927928812814,0.025910623431656267,0.021762527891082573,0.017648416101824726
66,12.09.2024,2024-09-12,13,2024,True,0.0200895915394468,0.024458301086309035,0.021762527891082573,0.01768298086720009
66,13.09.2024,2024-09-13,13,2024,True,0.0201179780370816,0.02298505267844185,0.021762527891082573,0.017868883472445928
66,16.09.2024,2024-09-16,13,2024,True,0.0200275551042805,0.021234208125690417,0.021762527891082573,0.017564220115271444
66,17.09.2024,2024-09-17,13,2024,True,0.0199812476037402,0.01995126991719468,0.021762527891082573,0.017687819096406876
66,18.09.2024,2024-09-18,13,2024,True,0.0199815139259535,0.021094641521861728,0.021762527891082573,0.01773844812254307
66,19.09.2024,2024-09-19,13,2024,True,0.0198777406894402,0.021366149733994207,0.021762527891082573,0.017733443915340583
66,20.09.2024,2024-09-20,13,2024,True,0.0199370235485368,0.020460978502950863,0.021762527891082573,0.017876398093460755
66,23.09.2024,2024-09-23,13,2024,True,0.0199203891639961,0.01825422203893168,0.021762527891082573,0.01768713613085143
66,24.09.2024,2024-09-24,13,2024,True,0.019866442917845,0.01947482560934755,0.021762527891082573,0.01760750343709269
66,25.09.2024,2024-09-25,13,2024,True,0.0196639025433609,0.019623570754702287,0.021762527891082573,0.01774809029313819
66,26.09.2024,2024-09-26,13,2024,True,0.0193999326051131,0.020077013891956316,0.021762527891082573,0.017931344569255676
66,27.09.2024,2024-09-27,13,2024,True,0.0194982381688211,0.025233760256798212,0.021762527891082573,0.018103209612140486
66,30.09.2024,2024-09-30,13,2024,True,0.0195103220254177,0.024592452241144515,0.021762527891082573,0.018095252103724056
66,01.10.2024,2024-10-01,13,2024,True,0.0192892197849695,0.02421046048114787,0.021762527891082573,0.018082981466475894
66,02.10.2024,2024-10-02,13,2024,True,0.0193164297001939,0.025857323661771445,0.021762527891082573,0.01828925422519457
66,03.10.2024,2024-10-03,13,2024,True,0.0183960650091933,0.02502311178617124,0.021762527891082573,0.01830701975514747
66,04.10.2024,2024-10-04,13,2024,True,0.01925454388068,0.027113976992297454,0.021762527891082573,0.01936719601538132
66,07.10.2024,2024-10-07,13,2024,True,0.018824650781501,0.024924308419385834,0.021762527891082573,0.019384620897642535
66,08.10.2024,2024-10-08,13,2024,True,0.0179520792210765,0.025342422598704395,0.021762527891082573,0.019860973419024413
66,09.10.2024,2024-10-09,13,2024,True,0.0181925596954897,0.026231404419790636,0.021762527891082573,0.020641846070229012
66,10.10.2024,2024-10-10,13,2024,True,0.0176942523792621,0.025945294442623456,0.021762527891082573,0.020634957633467798
66,11.10.2024,2024-10-11,13,2024,True,0.0177023081126235,0.02795642172370118,0.021762527891082573,0.021105096443284493
66,14.10.2024,2024-10-14,13,2024,True,0.0176773061728084,0.0263959228833605,0.021762527891082573,0.0210964722730193
66,15.10.2024,2024-10-15,13,2024,True,0.0168631504555199,0.027001019748160052,0.021762527891082573,0.02121700701793512
66,16.10.2024,2024-10-16,13,2024,True,0.0169070757903539,0.026537117269816838,0.021762527891082573,0.02180288408994156
66,17.10.2024,2024-10-17,13,2024,True,0.0169062894611325,0.026642234034522934,0.021762527891082573,0.02180382729794465
66,18.10.2024,2024-10-18,13,2024,True,0.0168958583535566,0.02615902882655218,0.021762527891082573,0.021766890856739163
66,21.10.2024,2024-10-21,13,2024,True,0.0167889530867325,0.025544098704819072,0.021762527891082573,0.021751673227447595
66,22.10.2024,2024-10-22,13,2024,True,0.0166156130699683,0.02517153409969692,0.021762527891082573,0.02187509593888378
66,23.10.2024,2024-10-23,13,2024,True,0.0165231453856751,0.025756134282122485,0.021762527891082573,0.02181984003775503
66,24.10.2024,2024-10-24,13,2024,True,0.0164934524942003,0.02573127098810052,0.021762527891082573,0.02187822783457166
66,25.10.2024,2024-10-25,13,2024,True,0.016320805012089,0.025543236693499487,0.021762527891082573,0.021806424975044366
66,28.10.2024,2024-10-28,13,2024,True,0.0143123701740407,0.026760306298853703,0.021762527891082573,0.02196507430240186
66,29.10.2024,2024-10-29,13,2024,True,0.014555258659778,0.02320752094936156,0.021762527891082573,0.023208337110928262
66,30.10.2024,2024-10-30,13,2024,True,0.0143682571772584,0.022656783234795398,0.021762527891082573,0.023152980957598223
66,31.10.2024,2024-10-31,13,2024,True,0.014345136110081,0.022601027632555518,0.021762527891082573,0.023232827212334693
66,01.11.2024,2024-11-01,13,2024,True,0.0144748930614413,0.025376883086656175,0.021762527891082573,0.023205411766221793
66,04.11.2024,2024-11-04,13,2024,True,0.0142151367845949,0.02291636566745113,0.021762527891082573,0.022952867877820724
66,05.11.2024,2024-11-05,13,2024,True,0.0145074822976161,0.024352479264291495,0.021762527891082573,0.023149386228097632
66,06.11.2024,2024-11-06,13,2024,True,0.0144751458334018,0.023233901296082465,0.021762527891082573,0.0227739034187747
66,07.11.2024,2024-11-07,13,2024,True,0.0144341267447425,0.023408073585037437,0.021762527891082573,0.022780863136268547
66,08.11.2024,2024-11-08,13,2024,True,0.0142467438494088,0.023277683408994897,0.021762527891082573,0.022810075405701354
66,11.11.2024,2024-11-11,13,2024,True,0.0137991373805725,0.02136155243750512,0.021762527891082573,0.022787458225083792
66,12.11.2024,2024-11-12,13,2024,True,0.0138123464078866,0.02068668964199397,0.021762527891082573,0.022983139726107927
66,13.11.2024,2024-11-13,13,2024,True,0.0142260494364305,0.01994143484117074,0.021762527891082573,0.022964562829277963
66,14.11.2024,2024-11-14,13,2024,True,0.0142294649100901,0.020220921246394654,0.021762527891082573,0.022583053759179805
66,15.11.2024,2024-11-15,13,2024,True,0.0142949253239514,0.018883723749450663,0.021762527891082573,0.02248375119723456
66,18.11.2024,2024-11-18,13,2024,True,0.0137878008491918,0.01955726971913908,0.021762527891082573,0.02257988727198238
66,19.11.2024,2024-11-19,13,2024,True,0.0140227749953885,0.020527713390533574,0.021762527891082573,0.022843306129848816
66,20.11.2024,2024-11-20,13,2024,True,0.0140724752332247,0.02038925816360845,0.021762527891082573,0.022762707626119334
66,21.11.2024,2024-11-21,13,2024,True,0.0141118903824265,0.01996739593038275,0.021762527891082573,0.02256914175882882
66,22.11.2024,2024-11-22,13,2024,True,0.0140456674764269,0.02086691384982174,0.021762527891082573,0.022697431283232025
66,25.11.2024,2024-11-25,13,2024,True,0.0139202762987733,0.019942375567120574,0.021762527891082573,0.02268196071545471
66,26.11.2024,2024-11-26,13,2024,True,0.0139232524491327,0.020654980831906818,0.021762527891082573,0.022874921299810527
66,27.11.2024,2024-11-27,13,2024,True,0.0140230262279063,0.020999183170193263,0.021762527891082573,0.02267995476919923
66,29.11.2024,2024-11-29,13,2024,True,0.0141404090326017,0.020076318282502753,0.021762527891082573,0.02234174054124582
66,02.12.2024,2024-12-02,13,2024,True,0.0140342789913012,0.01999365584099892,0.021762527891082573,0.022179821450391247
66,03.12.2024,2024-12-03,13,2024,True,0.0139134750826801,0.02139027750820976,0.021762527891082573,0.02221276549466266
66,04.12.2024,2024-12-04,13,2024,True,0.0138644761521898,0.02146150963608775,0.021762527891082573,0.022338149208950633
66,05.12.2024,2024-12-05,13,2024,True,0.0139203886397541,0.019886944424843542,0.021762527891082573,0.0223749293134569
66,06.12.2024,2024-12-06,13,2024,True,0.0138489957232844,0.018137891451826624,0.021762527891082573,0.02085411453230474
66,09.12.2024,2024-12-09,13,2024,True,0.0137607694430273,0.01803671988341068,0.021762527891082573,0.0208461543675952
66,10.12.2024,2024-12-10,13,2024,True,0.0137667754690624,0.018246115566237935,0.021762527891082573,0.02092320785103548
66,11.12.2024,2024-12-11,13,2024,True,0.0137433223652487,0.019841174743105417,0.021762527891082573,0.020732350336880725
66,12.12.2024,2024-12-12,13,2024,True,0.0137460253354548,0.017960096259665752,0.021762527891082573,0.020810037419561975
66,13.12.2024,2024-12-13,13,2024,True,0.0137005854651174,0.019549161806156377,0.021762527891082573,0.020264917146833837
66,16.12.2024,2024-12-16,13,2024,True,0.0136685091916802,0.02015065058246708,0.021762527891082573,0.020192792881281448
66,17.12.2024,2024-12-17,13,2024,True,0.0136771846978768,0.020469050862215416,0.021762527891082573,0.02008959153944688
66,18.12.2024,2024-12-18,13,2024,True,0.0136788522737193,0.020116211726053105,0.021762527891082573,0.020117978037081624
66,19.12.2024,2024-12-19,13,2024,True,0.0136677572943262,0.020670959335371403,0.021762527891082573,0.020027555104280528
66,20.12.2024,2024-12-20,13,2024,True,0.0137886729131889,0.01989335244554455,0.021762527891082573,0.01998124760374026
66,23.12.2024,2024-12-23,13,2024,True,0.0137844333105406,0.019562286270994503,0.021762527891082573,0.01998151392595357
66,24.12.2024,2024-12-24,13,2024,True,0.0137136903213584,0.019355735451731235,0.021762527891082573,0.01987774068944026
66,26.12.2024,2024-12-26,13,2024,True,0.0159716587765146,0.0192740039483467,0.021762527891082573,0.019937023548536836
66,27.12.2024,2024-12-27,13,2024,True,0.0178656097679454,0.017700491808468635,0.021762527891082573,0.0199203891639962
66,30.12.2024,2024-12-30,13,2024,True,0.0180107079800045,0.017652557248544372,0.021762527891082573,0.01986644291784504
66,31.12.2024,2024-12-31,13,2024,True,0.0181576723135666,0.017855884073581137,0.021762527891082573,0.019663902543360992
66,02.01.2025,2025-01-02,14,2025,True,0.0188005670854308,0.016284719578466514,0.021482107983471017,0.019399932605113107
66,03.01.2025,2025-01-03,14,2025,True,0.0191440993851322,0.017090126930898345,0.021482107983471017,0.019498238168821166
66,06.01.2025,2025-01-06,14,2025,True,0.0193936741549402,0.018107316862797502,0.021482107983471017,0.01951032202541779
66,07.01.2025,2025-01-07,14,2025,True,0.0193410025226298,0.01892539209548317,0.021482107983471017,0.01928921978496957
66,08.01.2025,2025-01-08,14,2025,True,0.0193084025005642,0.018906967420558998,0.021482107983471017,0.019316429700193944
66,10.01.2025,2025-01-10,14,2025,True,0.0185121724760861,0.017419741818466027,0.021482107983471017,0.018396065009193305
66,13.01.2025,2025-01-13,14,2025,True,0.0188587720831548,0.01984363788614279,0.021482107983471017,0.019254543880680076
66,14.01.2025,2025-01-14,14,2025,True,0.0190185607176668,0.021154795456544383,0.021482107983471017,0.01882465078150109
66,15.01.2025,2025-01-15,14,2025,True,0.0188494311388633,0.018758993231904594,0.021482107983471017,0.01795207922107651
66,16.01.2025,2025-01-16,14,2025,True,0.0189484792803209,0.019366911877914915,0.021482107983471017,0.018192559695489746
66,17.01.2025,2025-01-17,14,2025,True,0.0189812196741552,0.01909021673694991,0.021482107983471017,0.017694252379262115
66,21.01.2025,2025-01-21,14,2025,True,0.0189006809082073,0.01936255790540896,0.021482107983471017,0.017702308112623563
66,22.01.2025,2025-01-22,14,2025,True,0.0189642762012639,0.021933203240831124,0.021482107983471017,0.017677306172808445
66,23.01.2025,2025-01-23,14,2025,True,0.01914216839185,0.020091990594384778,0.021482107983471017,0.016863150455519914
66,24.01.2025,2025-01-24,14,2025,True,0.0192139826888011,0.018656230691312118,0.021482107983471017,0.016907075790353984
66,27.01.2025,2025-01-27,14,2025,True,0.0191870406784867,0.016442030006579098,0.021482107983471017,0.016906289461132564
66,28.01.2025,2025-01-28,14,2025,True,0.0191983139273759,0.021454694402128768,0.021482107983471017,0.01689585835355666
66,29.01.2025,2025-01-29,14,2025,True,0.0192480563998282,0.018176316987020148,0.021482107983471017,0.01678895308673255
66,30.01.2025,2025-01-30,14,2025,True,0.019706095029068,0.018064493306367436,0.021482107983471017,0.016615613069968393
66,31.01.2025,2025-01-31,14,2025,True,0.0197743941266882,0.016635046718113763,0.021482107983471017,0.016523145385675106
66,03.02.2025,2025-02-03,14,2025,True,0.0201223137537888,0.01659395341452478,0.021482107983471017,0.01649345249420033
66,04.02.2025,2025-02-04,14,2025,True,0.0202561062592535,0.021102956247791634,0.021482107983471017,0.016320805012089087
66,05.02.2025,2025-02-05,14,2025,True,0.0202557149226877,0.01790599737245843,0.021482107983471017,0.014312370174040709
66,06.02.2025,2025-02-06,14,2025,True,0.0205337126107042,0.01757926753085077,0.021482107983471017,0.014555258659778037
66,07.02.2025,2025-02-07,14,2025,True,0.020532107806017,0.020288000551511913,0.021482107983471017,0.014368257177258474
66,10.02.2025,2025-02-10,14,2025,True,0.0205845945887754,0.014947220492468832,0.021482107983471017,0.014345136110081022
66,11.02.2025,2025-02-11,14,2025,True,0.0205691917314826,0.018039046069964308,0.021482107983471017,0.014474893061441348
66,12.02.2025,2025-02-12,14,2025,True,0.0204000815557617,0.016174995681082816,0.021482107983471017,0.014215136784594904
66,13.02.2025,2025-02-13,14,2025,True,0.020400130271117,0.01694390894978247,0.021482107983471017,0.014507482297616168
66,14.02.2025,2025-02-14,14,2025,True,0.0204089521021516,0.016827498873335782,0.021482107983471017,0.014475145833401835
66,18.02.2025,2025-02-18,14,2025,True,0.020310192838514,0.01592490841798052,0.021482107983471017,0.01443412674474254
66,19.02.2025,2025-02-19,14,2025,True,0.0203229242265685,0.016371591545899945,0.021482107983471017,0.01424674384940882
66,20.02.2025,2025-02-20,14,2025,True,0.020321880773718,0.015791346254662667,0.021482107983471017,0.013799137380572502
66,21.02.2025,2025-02-21,14,2025,True,0.0201731003261265,0.01422505831902649,0.021482107983471017,0.013812346407886622
66,24.02.2025,2025-02-24,14,2025,True,0.0201888529608306,0.02151812996195585,0.021482107983471017,0.014226049436430603
66,25.02.2025,2025-02-25,14,2025,True,0.0200107040209926,0.015825693977221215,0.021482107983471017,0.01422946491009012
66,26.02.2025,2025-02-26,14,2025,True,0.0200690046589246,0.017608474811493274,0.021482107983471017,0.014294925323951456
66,27.02.2025,2025-02-27,14,2025,True,0.019989277561236,0.017560136342422296,0.021482107983471017,0.013787800849191898
66,28.02.2025,2025-02-28,14,2025,True,0.0199901811867646,0.016920533232593217,0.021482107983471017,0.01402277499538853
66,03.03.2025,2025-03-03,14,2025,True,0.0198678851167115,0.015048213561884622,0.021482107983471017,0.0140724752332248
66,04.03.2025,2025-03-04,14,2025,True,0.0199792701169954,0.02048103266575215,0.021482107983471017,0.014111890382426521
66,05.03.2025,2025-03-05,14,2025,True,0.0197890505761593,0.020687849020129632,0.021482107983471017,0.014045667476426958
66,06.03.2025,2025-03-06,14,2025,True,0.0197874586754806,0.018435444024710118,0.021482107983471017,0.013920276298773378
66,07.03.2025,2025-03-07,14,2025,True,0.0204215965066252,0.019979654015838403,0.021482107983471017,0.01392325244913274
66,10.03.2025,2025-03-10,14,2025,True,0.0203448025472766,0.015116696189268298,0.021482107983471017,0.01402302622790635
66,11.03.2025,2025-03-11,14,2025,True,0.0219890576153417,0.01866361116924254,0.021482107983471017,0.014140409032601733
66,12.03.2025,2025-03-12,14,2025,True,0.0219334707457899,0.016676895436040163,0.021482107983471017,0.014034278991301302
66,13.03.2025,2025-03-13,14,2025,True,0.0224580438364197,0.016095979189299576,0.021482107983471017,0.013913475082680165
66,14.03.2025,2025-03-14,14,2025,True,0.0224336706480682,0.01706127395678884,0.021482107983471017,0.013864476152189827
66,17.03.2025,2025-03-17,14,2025,True,0.0224252848418921,0.017570943439515097,0.021482107983471017,0.013920388639754134
66,18.03.2025,2025-03-18,14,2025,True,0.0242690543176266,0.0156350102741309,0.021482107983471017,0.0138489957232845
66,19.03.2025,2025-03-19,14,2025,True,0.0254674030533559,0.018793409359479086,0.021482107983471017,0.01376076944302735
66,20.03.2025,2025-03-20,14,2025,True,0.0253937004228553,0.01737704595549803,0.021482107983471017,0.013766775469062452
66,21.03.2025,2025-03-21,14,2025,True,0.0253915214930997,0.015144672657425945,0.021482107983471017,0.013743322365248719
66,24.03.2025,2025-03-24,14,2025,True,0.0253440621098579,0.015152619637101702,0.021482107983471017,0.013746025335454864
66,25.03.2025,2025-03-25,14,2025,True,0.0253438996678769,0.014555624263573682,0.021482107983471017,0.01370058546511747
66,26.03.2025,2025-03-26,14,2025,True,0.0253130480081213,0.01525514058682271,0.021482107983471017,0.01366850919168022
66,27.03.2025,2025-03-27,14,2025,True,0.0255900773849121,0.015164129965062738,0.021482107983471017,0.013677184697876824
66,28.03.2025,2025-03-28,14,2025,True,0.0255879029094919,0.014980916790878354,0.021482107983471017,0.01367885227371939
66,31.03.2025,2025-03-31,14,2025,True,0.0255564414243743,0.014700909783103247,0.021482107983471017,0.01366775729432621
66,01.04.2025,2025-04-01,14,2025,True,0.0255799923157195,0.015621552447905952,0.021482107983471017,0.013788672913188903
66,02.04.2025,2025-04-02,14,2025,True,0.0255654907113101,0.015195909229992564,0.021482107983471017,0.013784433310540623
66,03.04.2025,2025-04-03,14,2025,True,0.0243819083144736,0.014765299480418983,0.021482107983471017,0.01371369032135843
66,04.04.2025,2025-04-04,14,2025,True,0.0230940553658667,0.01993596441598534,0.021482107983471017,0.015971658776514613
66,07.04.2025,2025-04-07,14,2025,True,0.0230325742583689,0.023288049090901965,0.021482107983471017,0.017865609767945437
66,08.04.2025,2025-04-08,14,2025,True,0.0228774541266616,0.023745047330222403,0.021482107983471017,0.018010707980004575
66,09.04.2025,2025-04-09,14,2025,True,0.0223255132392176,0.024176954642617588,0.021482107983471017,0.01815767231356663
66,10.04.2025,2025-04-10,14,2025,True,0.0219764273595469,0.024218653342879686,0.021482107983471017,0.018800567085430854
66,11.04.2025,2025-04-11,14,2025,True,0.0218275728700637,0.023762002474682378,0.021482107983471017,0.019144099385132247
66,14.04.2025,2025-04-14,14,2025,True,0.0218287436850621,0.024951824752775614,0.021482107983471017,0.019393674154940265
66,15.04.2025,2025-04-15,14,2025,True,0.0218573510297426,0.02485775965468172,0.021482107983471017,0.01934100252262986
66,16.04.2025,2025-04-16,14,2025,True,0.021752616799744,0.022360347569301584,0.021482107983471017,0.019308402500564238
66,17.04.2025,2025-04-17,14,2025,True,0.0214387767988603,0.021298851370512146,0.021482107983471017,0.018512172476086195
66,21.04.2025,2025-04-21,14,2025,True,0.0212451609989845,0.01931370810800179,0.021482107983471017,0.018858772083154843
66,22.04.2025,2025-04-22,14,2025,True,0.0213234537495873,0.01861523117552684,0.021482107983471017,0.01901856071766683
66,23.04.2025,2025-04-23,14,2025,True,0.0215756279959824,0.019834449258816916,0.021482107983471017,0.018849431138863306
66,24.04.2025,2025-04-24,14,2025,True,0.02159282453573,0.019886338434458545,0.021482107983471017,0.01894847928032092
66,25.04.2025,2025-04-25,14,2025,True,0.0216322898342586,0.020568224709646723,0.021482107983471017,0.018981219674155267
66,28.04.2025,2025-04-28,14,2025,True,0.0221380656993317,0.019555771403714735,0.021482107983471017,0.0189006809082073
66,29.04.2025,2025-04-29,14,2025,True,0.0219771255770332,0.020851044225977944,0.021482107983471017,0.0189642762012639
66,30.04.2025,2025-04-30,14,2025,True,0.0219603570886949,0.022318355998057465,0.021482107983471017,0.01914216839185007
66,01.05.2025,2025-05-01,14,2025,True,0.0219127782033015,0.023165536962245593,0.021482107983471017,0.019213982688801125
66,02.05.2025,2025-05-02,14,2025,True,0.021858872459727,0.02518544513496639,0.021482107983471017,0.01918704067848679
66,05.05.2025,2025-05-05,14,2025,True,0.0217342947245578,0.024002751143883335,0.021482107983471017,0.019198313927375896
66,06.05.2025,2025-05-06,14,2025,True,0.0214115661983533,0.01959914964507832,0.021482107983471017,0.01924805639982827
66,07.05.2025,2025-05-07,14,2025,True,0.0213249815419081,0.019023556663655034,0.021482107983471017,0.01970609502906806
66,08.05.2025,2025-05-08,14,2025,True,0.0210892873200686,0.020085221866017217,0.021482107983471017,0.019774394126688254
66,09.05.2025,2025-05-09,14,2025,True,0.0211063602255446,0.0204106215266718,0.021482107983471017,0.020122313753788874
66,12.05.2025,2025-05-12,14,2025,True,0.0211008045087057,0.02054633097964811,0.021482107983471017,0.020256106259253538
66,13.05.2025,2025-05-13,14,2025,True,0.0209128636651558,0.019756317829763538,0.021482107983471017,0.02025571492268771
66,14.05.2025,2025-05-14,14,2025,True,0.0209434471506718,0.019307578010358106,0.021482107983471017,0.02053371261070425
66,15.05.2025,2025-05-15,14,2025,True,0.0208188156883377,0.018425947216032273,0.021482107983471017,0.020532107806017025
66,16.05.2025,2025-05-16,14,2025,True,0.020807765476737,0.0199075275619876,0.021482107983471017,0.02058459458877541
66,19.05.2025,2025-05-19,14,2025,True,0.0208070100594427,0.021293673547556995,0.021482107983471017,0.02056919173148267
66,20.05.2025,2025-05-20,14,2025,True,0.0208869682536102,0.02013978779436065,0.021482107983471017,0.020400081555761753
66,21.05.2025,2025-05-21,14,2025,True,0.0210734375131467,0.018570369026274722,0.021482107983471017,0.0204001302711171
66,22.05.2025,2025-05-22,14,2025,True,0.0210994474253948,0.022340363215391706,0.021482107983471017,0.020408952102151687
66,23.05.2025,2025-05-23,14,2025,True,0.0211128070639536,0.02127300972726519,0.021482107983471017,0.020310192838514003
66,27.05.2025,2025-05-27,14,2025,True,0.0210882755918495,0.0209462389545645,0.021482107983471017,0.020322924226568596
66,28.05.2025,2025-05-28,14,2025,True,0.0211097205602502,0.02105207336008394,0.021482107983471017,0.020321880773718066
66,29.05.2025,2025-05-29,14,2025,True,0.0212518654807521,0.021214202629689618,0.021482107983471017,0.02017310032612654
66,30.05.2025,2025-05-30,14,2025,True,0.0212788895900425,0.021298860963014383,0.021482107983471017,0.02018885296083065
66,02.06.2025,2025-06-02,14,2025,True,0.0214258703069734,0.021528043798016986,0.021482107983471017,0.020010704020992604
66,03.06.2025,2025-06-03,14,2025,True,0.0213643733582178,0.02082909780789366,0.021482107983471017,0.020069004658924614
66,04.06.2025,2025-06-04,14,2025,True,0.0213226558409736,0.019085284636944314,0.021482107983471017,0.019989277561236057
66,05.06.2025,2025-06-05,14,2025,True,0.0213975738366353,0.01908614739700981,0.021482107983471017,0.019990181186764627
66,06.06.2025,2025-06-06,14,2025,True,0.0213982504443102,0.01960793855620444,0.021482107983471017,0.01986788511671151
66,09.06.2025,2025-06-09,14,2025,True,0.021403128517716,0.0198985931076146,0.021482107983471017,0.019979270116995424
66,10.06.2025,2025-06-10,14,2025,True,0.0214165277436085,0.01852360326293218,0.021482107983471017,0.019789050576159394
66,11.06.2025,2025-06-11,14,2025,True,0.0208424742592239,0.01947847187986086,0.021482107983471017,0.01978745867548065
66,12.06.2025,2025-06-12,14,2025,True,0.0208507221214441,0.022543771949931683,0.021482107983471017,0.020421596506625245
66,13.06.2025,2025-06-13,14,2025,True,0.0190456599700346,0.022110342939096493,0.021482107983471017,0.0203448025472766
66,16.06.2025,2025-06-16,14,2025,True,0.0190258146178227,0.024921406244589096,0.021482107983471017,0.02198905761534174
66,17.06.2025,2025-06-17,14,2025,True,0.0181966538376031,0.025060609751222235,0.021482107983471017,0.0219334707457899
66,18.06.2025,2025-06-18,14,2025,True,0.0183184501305782,0.026496182922216314,0.021482107983471017,0.022458043836419788
66,20.06.2025,2025-06-20,14,2025,True,0.0185925583261776,0.02752310257840647,0.021482107983471017,0.022433670648068223
66,23.06.2025,2025-06-23,14,2025,True,0.0162074283255448,0.026626221640611025,0.021482107983471017,0.02242528484189212
66,24.06.2025,2025-06-24,14,2025,True,0.0142712707365931,0.022346956075198512,0.021482107983471017,0.024269054317626684
66,25.06.2025,2025-06-25,14,2025,True,0.0147708185453283,0.017304278737113838,0.021482107983471017,0.025467403053355934
66,26.06.2025,2025-06-26,14,2025,True,0.0148726266420105,0.016907352154104233,0.021482107983471017,0.025393700422855364
66,27.06.2025,2025-06-27,14,2025,True,0.0151889193485122,0.01634273206267806,0.021482107983471017,0.025391521493099742
66,30.06.2025,2025-06-30,14,2025,True,0.0153594575748508,0.016083861056203005,0.021482107983471017,0.02534406210985797
66,01.07.2025,2025-07-01,14,2025,True,0.0153629956220346,0.016180559631702205,0.021482107983471017,0.025343899667876955
66,02.07.2025,2025-07-02,14,2025,True,0.0150215716088051,0.021556238410633536,0.021482107983471017,0.025313048008121338
66,03.07.2025,2025-07-03,14,2025,True,0.0150146499887095,0.022815854024539003,0.021482107983471017,0.025590077384912136
66,07.07.2025,2025-07-07,14,2025,True,0.0150258255989604,0.021742676429275656,0.021482107983471017,0.02558790290949193
66,08.07.2025,2025-07-08,14,2025,True,0.0150947533751589,0.02314114279287372,0.021482107983471017,0.02555644142437438
66,09.07.2025,2025-07-09,14,2025,True,0.0157940792468085,0.021563937962038284,0.021482107983471017,0.025579992315719596
66,10.07.2025,2025-07-10,14,2025,True,0.0156382780314085,0.021801036289927474,0.021482107983471017,0.025565490711310188
66,11.07.2025,2025-07-11,14,2025,True,0.0153833793894376,0.019025257345161466,0.021482107983471017,0.024381908314473642
66,14.07.2025,2025-07-14,14,2025,True,0.0152925088337932,0.019558783267736534,0.021482107983471017,0.023094055365866735
66,15.07.2025,2025-07-15,14,2025,True,0.0153505924565863,0.017696235621110026,0.021482107983471017,0.023032574258368944
66,16.07.2025,2025-07-16,14,2025,True,0.0153652050659416,0.018573390020569087,0.021482107983471017,0.02287745412666165
66,17.07.2025,2025-07-17,14,2025,True,0.0152350409066862,0.017503074174172864,0.021482107983471017,0.022325513239217602
66,18.07.2025,2025-07-18,14,2025,True,0.0152584331264062,0.017783360141355557,0.021482107983471017,0.021976427359546906
66,21.07.2025,2025-07-21,14,2025,True,0.0155043605272406,0.017854739043527156,0.021482107983471017,0.021827572870063764
66,22.07.2025,2025-07-22,14,2025,True,0.0168581200338456,0.017855696758633143,0.021482107983471017,0.021828743685062168
66,23.07.2025,2025-07-23,14,2025,True,0.0168579781776017,0.01805639528759481,0.021482107983471017,0.021857351029742608
66,24.07.2025,2025-07-24,14,2025,True,0.0168163175757175,0.018266942595789898,0.021482107983471017,0.02175261679974401
66,25.07.2025,2025-07-25,14,2025,True,0.0169178994664618,0.018379225315728238,0.021482107983471017,0.021438776798860318
66,28.07.2025,2025-07-28,14,2025,True,0.01668874504613,0.018819475287347488,0.021482107983471017,0.02124516099898456
66,29.07.2025,2025-07-29,14,2025,True,0.0160814958550961,0.020190610444373827,0.021482107983471017,0.021323453749587336
66,30.07.2025,2025-07-30,14,2025,True,0.0160191824011381,0.02066775032463271,0.021482107983471017,0.02157562799598246
66,31.07.2025,2025-07-31,14,2025,True,0.0159889150692753,0.0207739024007724,0.021482107983471017,0.02159282453573008
66,01.08.2025,2025-08-01,14,2025,True,0.0152629955823498,0.02048637732530481,0.021482107983471017,0.021632289834258682
66,04.08.2025,2025-08-04,14,2025,True,0.01527860225303,0.02260953695835964,0.021482107983471017,0.022138065699331765
66,05.08.2025,2025-08-05,14,2025,True,0.0151604591893635,0.021239514778738672,0.021482107983471017,0.021977125577033244
66,06.08.2025,2025-08-06,14,2025,True,0.0151185236244725,0.020170558016492462,0.021482107983471017,0.021960357088694933
66,07.08.2025,2025-08-07,14,2025,True,0.0151264431964481,0.020185672015632358,0.021482107983471017,0.02191277820330156
66,08.08.2025,2025-08-08,14,2025,True,0.0152767034350321,0.020296351267212496,0.021482107983471017,0.02185887245972705
66,11.08.2025,2025-08-11,14,2025,True,0.0159756661654299,0.02060250920932696,0.021482107983471017,0.021734294724557818
66,12.08.2025,2025-08-12,14,2025,True,0.015968092981435,0.01937520787194867,0.021482107983471017,0.02141156619835335
66,13.08.2025,2025-08-13,14,2025,True,0.0161804218044053,0.019275046369027448,0.021482107983471017,0.02132498154190816
66,14.08.2025,2025-08-14,14,2025,True,0.0160159943956705,0.020376349867103464,0.021482107983471017,0.021089287320068647
66,15.08.2025,2025-08-15,14,2025,True,0.0159741296086164,0.02012084792547258,0.021482107983471017,0.02110636022554463
66,18.08.2025,2025-08-18,14,2025,True,0.0161193296790577,0.020383332310646103,0.021482107983471017,0.021100804508705707
66,19.08.2025,2025-08-19,14,2025,True,0.0160560014301581,0.018969717545337966,0.021482107983471017,0.020912863665155892
66,20.08.2025,2025-08-20,14,2025,True,0.0159953396318678,0.01886871814247447,0.021482107983471017,0.02094344715067189
66,21.08.2025,2025-08-21,14,2025,True,0.0160021821854305,0.01822297347880027,0.021482107983471017,0.020818815688337773
66,22.08.2025,2025-08-22,14,2025,True,0.0160817538252823,0.01809438816827758,0.021482107983471017,0.020807765476737048
66,25.08.2025,2025-08-25,14,2025,True,0.0160088712860223,0.01715576972106509,0.021482107983471017,0.02080701005944272
66,26.08.2025,2025-08-26,14,2025,True,0.015774555281556,0.018453751815068038,0.021482107983471017,0.020886968253610243
66,27.08.2025,2025-08-27,14,2025,True,0.015688174017615,0.020215318640918824,0.021482107983471017,0.021073437513146734
66,28.08.2025,2025-08-28,14,2025,True,0.0156936780895703,0.019081991700236247,0.021482107983471017,0.021099447425394848
66,29.08.2025,2025-08-29,14,2025,True,0.015687808212095,0.020029288650567162,0.021482107983471017,0.021112807063953687
66,02.09.2025,2025-09-02,14,2025,True,0.0156153522845276,0.01988606075924578,0.021482107983471017,0.02108827559184958
66,03.09.2025,2025-09-03,14,2025,True,0.015426891357152,0.019901357178823777,0.021482107983471017,0.021109720560250296
66,04.09.2025,2025-09-04,14,2025,True,0.015573378329533,0.02048153866022715,0.021482107983471017,0.021251865480752127
66,05.09.2025,2025-09-05,14,2025,True,0.0153736096097952,0.020294904864264527,0.021482107983471017,0.02127888959004251
66,08.09.2025,2025-09-08,14,2025,True,0.0153486579535405,0.020720528039370537,0.021482107983471017,0.02142587030697345
66,09.09.2025,2025-09-09,14,2025,True,0.0154246365205,0.02086571388503168,0.021482107983471017,0.021364373358217892
66,10.09.2025,2025-09-10,14,2025,True,0.0152667703953032,0.02039638729625373,0.021482107983471017,0.021322655840973644
66,11.09.2025,2025-09-11,14,2025,True,0.0151790741044034,0.021546078254912508,0.021482107983471017,0.021397573836635354
66,12.09.2025,2025-09-12,14,2025,True,0.0154526856676286,0.0219291554133138,0.021482107983471017,0.021398250444310245
66,15.09.2025,2025-09-15,14,2025,True,0.0155235488197851,0.021396147745742403,0.021482107983471017,0.02140312851771607
66,16.09.2025,2025-09-16,14,2025,True,0.0153870703461934,0.020796745724967352,0.021482107983471017,0.02141652774360859
66,17.09.2025,2025-09-17,14,2025,True,0.0154514069199229,0.02155416782349728,0.021482107983471017,0.02084247425922391
66,18.09.2025,2025-09-18,14,2025,True,0.0158092025224807,0.02318698954353733,0.021482107983471017,0.020850722121444187
66,19.09.2025,2025-09-19,14,2025,True,0.0157767472630468,0.02449660820451621,0.021482107983471017,0.01904565997003468
66,22.09.2025,2025-09-22,14,2025,True,0.0157772901213353,0.02356106271284702,0.021482107983471017,0.019025814617822753
66,23.09.2025,2025-09-23,14,2025,True,0.0159310392361077,0.022044889089614838,0.021482107983471017,0.0181966538376031
66,24.09.2025,2025-09-24,14,2025,True,0.0158519793080374,0.022182506939914786,0.021482107983471017,0.018318450130578236
66,25.09.2025,2025-09-25,14,2025,True,0.0158476266801272,0.024008573868151133,0.021482107983471017,0.018592558326177688
66,26.09.2025,2025-09-26,14,2025,True,0.0158927597606434,0.02348195342447331,0.021482107983471017,0.016207428325544858
66,29.09.2025,2025-09-29,14,2025,True,0.0154700044023287,0.01994676048074983,0.021482107983471017,0.014271270736593162
66,30.09.2025,2025-09-30,14,2025,True,0.0155511496686774,0.019378944694814815,0.021482107983471017,0.014770818545328298
66,01.10.2025,2025-10-01,14,2025,True,0.0153928713382753,0.01936688205503014,0.021482107983471017,0.01487262664201056
66,02.10.2025,2025-10-02,14,2025,True,0.0152916716348286,0.021308625191542262,0.021482107983471017,0.015188919348512218
66,03.10.2025,2025-10-03,14,2025,True,0.0158399022164899,0.02564757263966674,0.021482107983471017,0.01535945757485082
66,06.10.2025,2025-10-06,14,2025,True,0.0159670417481564,0.021621902199999377,0.021482107983471017,0.015362995622034635
66,07.10.2025,2025-10-07,14,2025,True,0.0160040309294857,0.015274180029721616,0.021482107983471017,0.015021571608805094
66,08.10.2025,2025-10-08,14,2025,True,0.0162290765440823,0.014449783522111414,0.021482107983471017,0.015014649988709551
66,09.10.2025,2025-10-09,14,2025,True,0.01623089802821,0.014469258343688882,0.021482107983471017,0.015025825598960435
66,10.10.2025,2025-10-10,14,2025,True,0.0163641860855836,0.015148578069668187,0.021482107983471017,0.015094753375158948
66,13.10.2025,2025-10-13,14,2025,True,0.0163394486191478,0.019541762562255493,0.021482107983471017,0.015794079246808503
66,14.10.2025,2025-10-14,14,2025,True,0.0162967783322297,0.01745864635284684,0.021482107983471017,0.015638278031408572
66,15.10.2025,2025-10-15,14,2025,True,0.0162716861687904,0.019313012465345083,0.021482107983471017,0.015383379389437683
66,16.10.2025,2025-10-16,14,2025,True,0.0163418642197921,0.018038026187090755,0.021482107983471017,0.015292508833793211
66,17.10.2025,2025-10-17,14,2025,True,0.0166803425392578,0.019452173669121407,0.021482107983471017,0.015350592456586388
66,20.10.2025,2025-10-20,14,2025,True,0.016679479933728,0.018700169035798235,0.021482107983471017,0.015365205065941606
66,21.10.2025,2025-10-21,14,2025,True,0.0170423993661599,0.01760604296612717,0.021482107983471017,0.015235040906686254
66,22.10.2025,2025-10-22,14,2025,True,0.0169301676551161,0.01653652531147853,0.021482107983471017,0.015258433126406231
66,23.10.2025,2025-10-23,14,2025,True,0.0161641014009101,0.020081049839836825,0.021482107983471017,0.015504360527240668
66,24.10.2025,2025-10-24,14,2025,True,0.0161633911776555,0.021719022055051742,0.021482107983471017,0.016858120033845667
66,27.10.2025,2025-10-27,14,2025,True,0.0180342643979215,0.021019185436512506,0.021482107983471017,0.016857978177601776
66,28.10.2025,2025-10-28,14,2025,True,0.0179731969757775,0.020807395695612796,0.021482107983471017,0.016816317575717523
66,29.10.2025,2025-10-29,14,2025,True,0.018340134478044,0.019867926885643646,0.021482107983471017,0.016917899466461814
66,30.10.2025,2025-10-30,14,2025,True,0.0186820228652292,0.019089575679534714,0.021482107983471017,0.016688745046130014
66,31.10.2025,2025-10-31,14,2025,True,0.0187006582884593,0.016871235995772,0.021482107983471017,0.016081495855096165
66,03.11.2025,2025-11-03,14,2025,True,0.0187717211423551,0.018013601744774697,0.021482107983471017,0.016019182401138192
66,04.11.2025,2025-11-04,14,2025,True,0.018754086244939,0.016394685389126692,0.021482107983471017,0.015988915069275307
66,05.11.2025,2025-11-05,14,2025,True,0.0186779707281738,0.015983679536494422,0.021482107983471017,0.015262995582349878
66,06.11.2025,2025-11-06,14,2025,True,0.0190075994248405,0.01534086879060394,0.021482107983471017,0.015278602253030085
66,07.11.2025,2025-11-07,14,2025,True,0.0190064218551346,0.015817435288861606,0.021482107983471017,0.015160459189363543
66,10.11.2025,2025-11-10,14,2025,True,0.0190058242769545,0.015955133039220862,0.021482107983471017,0.015118523624472562
66,11.11.2025,2025-11-11,14,2025,True,0.0195919390936688,0.0148334572218313,0.021482107983471017,0.015126443196448172
66,12.11.2025,2025-11-12,14,2025,True,0.0190710323433709,0.014727090652835402,0.021482107983471017,0.015276703435032107
66,13.11.2025,2025-11-13,14,2025,True,0.0190680680851531,0.016598828152335866,0.021482107983471017,0.015975666165429933
66,14.11.2025,2025-11-14,14,2025,True,0.0189203564135177,0.015781436115656237,0.021482107983471017,0.01596809298143505
66,17.11.2025,2025-11-17,14,2025,True,0.0189673251082717,0.016748998576257303,0.021482107983471017,0.016180421804405314
66,18.11.2025,2025-11-18,14,2025,True,0.018932348231715,0.015108922470337042,0.021482107983471017,0.01601599439567053
66,19.11.2025,2025-11-19,14,2025,True,0.018720008704527,0.016038554689979004,0.021482107983471017,0.015974129608616435
66,20.11.2025,2025-11-20,14,2025,True,0.0189175525286475,0.017790051661310917,0.021482107983471017,0.016119329679057708
66,21.11.2025,2025-11-21,14,2025,True,0.0205905707187204,0.01974662351640066,0.021482107983471017,0.016056001430158118
66,24.11.2025,2025-11-24,14,2025,True,0.0212220291444282,0.019925665371492034,0.021482107983471017,0.01599533963186783
66,25.11.2025,2025-11-25,14,2025,True,0.0211092184949875,0.018720761225579995,0.021482107983471017,0.016002182185430595
66,26.11.2025,2025-11-26,14,2025,True,0.0217839699758604,0.022414006891266238,0.021482107983471017,0.016081753825282315
66,28.11.2025,2025-11-28,14,2025,True,0.0237606794454398,0.0193182975903748,0.021482107983471017,0.016008871286022366
66,01.12.2025,2025-12-01,14,2025,True,0.0248534869610042,0.019483330480180288,0.021482107983471017,0.015774555281556076
66,02.12.2025,2025-12-02,14,2025,True,0.0292549201478625,0.01842997558103396,0.021482107983471017,0.015688174017615002
66,03.12.2025,2025-12-03,14,2025,True,0.0296930927966373,0.01843644159241421,0.021482107983471017,0.015693678089570347
66,04.12.2025,2025-12-04,14,2025,True,0.03137565029959,0.016095349350432695,0.021482107983471017,0.015687808212095086
66,05.12.2025,2025-12-05,14,2025,True,0.0314656233879848,0.016021011147737952,0.021482107983471017,0.015615352284527685
66,08.12.2025,2025-12-08,14,2025,True,0.0316022242129821,0.015084488109662833,0.021482107983471017,0.015426891357152054
66,09.12.2025,2025-12-09,14,2025,True,0.0316784591893867,0.014993383507492004,0.021482107983471017,0.015573378329533026
66,10.12.2025,2025-12-10,14,2025,True,0.0318866370935949,0.014799521681991463,0.021482107983471017,0.015373609609795212
66,11.12.2025,2025-12-11,14,2025,True,0.0317553356671818,0.014820109015978286,0.021482107983471017,0.015348657953540535
66,12.12.2025,2025-12-12,14,2025,True,0.0318523620231749,0.01512282889613049,0.021482107983471017,0.0154246365205
66,15.12.2025,2025-12-15,14,2025,True,0.0353049176850863,0.014865781917288453,0.021482107983471017,0.015266770395303202
66,16.12.2025,2025-12-16,14,2025,True,0.0353174118572594,0.01440620074225623,0.021482107983471017,0.015179074104403455
66,17.12.2025,2025-12-17,14,2025,True,0.0355136855327138,0.017942926159142957,0.021482107983471017,0.015452685667628622
66,18.12.2025,2025-12-18,14,2025,True,0.0359715994686772,0.017960436098585247,0.021482107983471017,0.015523548819785106
66,19.12.2025,2025-12-19,14,2025,True,0.0361916340038405,0.01564168148948972,0.021482107983471017,0.01538707034619347
66,22.12.2025,2025-12-22,14,2025,True,0.0361425530707543,0.016399450014158597,0.021482107983471017,0.015451406919922967
66,23.12.2025,2025-12-23,14,2025,True,0.036457998627262,0.01471513536244972,0.021482107983471017,0.015809202522480706
66,24.12.2025,2025-12-24,14,2025,True,0.0418169163851972,0.014724404656255491,0.021482107983471017,0.01577674726304683
66,26.12.2025,2025-12-26,14,2025,True,0.0424185717918667,0.014639615164512468,0.021482107983471017,0.015777290121335392
66,29.12.2025,2025-12-29,14,2025,True,0.0423912723250211,0.014252618512278045,0.021482107983471017,0.015931039236107728
66,30.12.2025,2025-12-30,14,2025,True,0.0424083314827109,0.014192458027928246,0.021482107983471017,0.01585197930803746
66,31.12.2025,2025-12-31,14,2025,True,0.0462172493634244,0.013935951623222233,0.021482107983471017,0.015847626680127288
66,02.01.2026,2026-01-02,15,2026,False,0.0462102950136738,0.014190837330957669,0.021286885134216196,0.01589275976064345
66,05.01.2026,2026-01-05,15,2026,False,0.0462283774796534,0.01404154580526918,0.021286885134216196,0.015470004402328714
66,06.01.2026,2026-01-06,15,2026,False,0.0463425515884575,0.014349126253043767,0.021286885134216196,0.015551149668677417
66,07.01.2026,2026-01-07,15,2026,False,0.0467669018747974,0.016677820535923354,0.021286885134216196,0.01539287133827531
66,08.01.2026,2026-01-08,15,2026,False,0.0466548961582881,0.021454313697017592,0.021286885134216196,0.015291671634828644
66,09.01.2026,2026-01-09,15,2026,False,0.0468720378692314,0.020997325727447953,0.021286885134216196,0.015839902216489978
66,12.01.2026,2026-01-12,15,2026,False,0.0485187474911291,0.022714335303772887,0.021286885134216196,0.015967041748156476
66,13.01.2026,2026-01-13,15,2026,False,0.0488458564366483,0.0248298069598317,0.021286885134216196,0.016004030929485755
66,14.01.2026,2026-01-14,15,2026,False,0.0489290461438525,0.02615247625404426,0.021286885134216196,0.016229076544082375
66,15.01.2026,2026-01-15,15,2026,False,0.0486731484897909,0.030242112676750216,0.021286885134216196,0.016230898028210095
66,16.01.2026,2026-01-16,15,2026,False,0.0487580995197383,0.028244906263700638,0.021286885134216196,0.01636418608558365
66,20.01.2026,2026-01-20,15,2026,False,0.0487582506011629,0.029615455142681928,0.021286885134216196,0.016339448619147844
66,21.01.2026,2026-01-21,15,2026,False,0.0488181347997526,0.025833865932061603,0.021286885134216196,0.016296778332229717
66,22.01.2026,2026-01-22,15,2026,False,0.0487698698205486,0.02602342839099225,0.021286885134216196,0.01627168616879047
66,23.01.2026,2026-01-23,15,2026,False,0.0491109766234267,0.026034610772261896,0.021286885134216196,0.016341864219792168
66,26.01.2026,2026-01-26,15,2026,False,0.0493768179698028,0.027304652349575593,0.021286885134216196,0.016680342539257847
66,27.01.2026,2026-01-27,15,2026,False,0.0498661947021829,0.027971502530830528,0.021286885134216196,0.016679479933728
66,28.01.2026,2026-01-28,15,2026,False,0.0502300016985866,0.027553195595516607,0.021286885134216196,0.01704239936615999
66,29.01.2026,2026-01-29,15,2026,False,0.0504787506363002,0.02768521361199265,0.021286885134216196,0.016930167655116117
66,30.01.2026,2026-01-30,15,2026,False,0.0516281060483467,0.02674473911419638,0.021286885134216196,0.016164101400910104
66,02.02.2026,2026-02-02,15,2026,False,0.0509419330042036,0.02925092967486427,0.021286885134216196,0.016163391177655573
66,03.02.2026,2026-02-03,15,2026,False,0.0509345868854477,0.026298634572256268,0.021286885134216196,0.018034264397921575
66,04.02.2026,2026-02-04,15,2026,False,0.0509151475836051,0.027279715750755062,0.021286885134216196,0.017973196975777525
66,05.02.2026,2026-02-05,15,2026,False,0.0508452963551682,0.030578363845947205,0.021286885134216196,0.018340134478044095
66,06.02.2026,2026-02-06,15,2026,False,0.0509548321722639,0.027481094466101766,0.021286885134216196,0.01868202286522926
66,09.02.2026,2026-02-09,15,2026,False,0.0509503657726611,0.027922281477466733,0.021286885134216196,0.018700658288459394
66,10.02.2026,2026-02-10,15,2026,False,0.0510382077639646,0.027033110009694484,0.021286885134216196,0.018771721142355157
66,11.02.2026,2026-02-11,15,2026,False,0.0510895400548125,0.025554485008890803,0.021286885134216196,0.01875408624493906
66,12.02.2026,2026-02-12,15,2026,False,0.0509389297108264,0.02298399747359276,0.021286885134216196,0.018677970728173867
66,13.02.2026,2026-02-13,15,2026,False,0.0515710411624075,0.022414766039175468,0.021286885134216196,0.01900759942484052
66,17.02.2026,2026-02-17,15,2026,False,0.0516859012850616,0.02290194840713028,0.021286885134216196,0.019006421855134677
66,18.02.2026,2026-02-18,15,2026,False,0.0514895032158185,0.02285230572047222,0.021286885134216196,0.019005824276954526
66,19.02.2026,2026-02-19,15,2026,False,0.0517581796718812,0.03189632186490278,0.021286885134216196,0.019591939093668808
66,20.02.2026,2026-02-20,15,2026,False,0.0522740532858326,0.032217687308788455,0.021286885134216196,0.019071032343370983
66,23.02.2026,2026-02-23,15,2026,False,0.0522804741811738,0.03191625722090053,0.021286885134216196,0.019068068085153184
66,24.02.2026,2026-02-24,15,2026,False,0.0523216021599924,0.028666811704363294,0.021286885134216196,0.01892035641351778
66,25.02.2026,2026-02-25,15,2026,False,0.0524282474697848,0.032113089284173627,0.021286885134216196,0.018967325108271732
66,26.02.2026,2026-02-26,15,2026,False,0.0524286099888107,0.03251013489258741,0.021286885134216196,0.018932348231715072
66,27.02.2026,2026-02-27,15,2026,False,0.0524015324952683,0.03229824608586402,0.021286885134216196,0.01872000870452707
66,02.03.2026,2026-03-02,15,2026,False,0.0519108642495616,0.026393695135094698,0.021286885134216196,0.01891755252864756
66,03.03.2026,2026-03-03,15,2026,False,0.0517100062337832,0.025552391320924725,0.021286885134216196,0.02059057071872041
66,04.03.2026,2026-03-04,15,2026,False,0.0517249815837283,0.02646854761456488,0.021286885134216196,0.021222029144428303
66,05.03.2026,2026-03-05,15,2026,False,0.0515539532963007,0.026327847871584053,0.021286885134216196,0.021109218494987543
66,06.03.2026,2026-03-06,15,2026,False,0.0506051151652946,0.026933015087998995,0.021286885134216196,0.021783969975860476
66,09.03.2026,2026-03-09,15,2026,False,0.0500657327428031,0.03127282666926923,0.021286885134216196,0.023760679445439813
66,10.03.2026,2026-03-10,15,2026,False,0.0480245259786599,0.02975065856149846,0.021286885134216196,0.024853486961004232
66,11.03.2026,2026-03-11,15,2026,False,0.0480350726182581,0.032056873139209616,0.021286885134216196,0.029254920147862514
66,12.03.2026,2026-03-12,15,2026,False,0.0470964568767033,0.03561016312392102,0.021286885134216196,0.029693092796637382
66,13.03.2026,2026-03-13,15,2026,False,0.0469687337227553,0.038141250807685684,0.021286885134216196,0.031375650299590094
66,16.03.2026,2026-03-16,15,2026,False,0.0468742965443406,0.038250624991093475,0.021286885134216196,0.03146562338798484
66,17.03.2026,2026-03-17,15,2026,False,0.0467398651797789,0.039452558673922535,0.021286885134216196,0.0316022242129821
66,18.03.2026,2026-03-18,15,2026,False,0.0464511921687279,0.0363204294532185,0.021286885134216196,0.03167845918938674
66,19.03.2026,2026-03-19,15,2026,False,0.0466516880991773,0.0356180573295884,0.021286885134216196,0.03188663709359499
66,20.03.2026,2026-03-20,15,2026,False,0.0465277464013814,0.032685311926891905,0.021286885134216196,0.03175533566718185
66,23.03.2026,2026-03-23,15,2026,False,0.0447390804839936,0.03187566101311155,0.021286885134216196,0.031852362023174936
66,24.03.2026,2026-03-24,15,2026,False,0.0443899516067937,0.03539234868198004,0.021286885134216196,0.035304917685086395
66,25.03.2026,2026-03-25,15,2026,False,0.0443423475598138,0.03412924054358061,0.021286885134216196,0.03531741185725941
66,26.03.2026,2026-03-26,15,2026,False,0.0437267296868556,0.03453782638652877,0.021286885134216196,0.03551368553271381
66,27.03.2026,2026-03-27,15,2026,False,0.0433384487401389,0.03374096448833088,0.021286885134216196,0.03597159946867724
66,30.03.2026,2026-03-30,15,2026,False,0.0433409540208562,0.03549435270229051,0.021286885134216196,0.036191634003840505
66,31.03.2026,2026-03-31,15,2026,False,0.0430383583304357,0.034621739602473084,0.021286885134216196,0.036142553070754375
66,01.04.2026,2026-04-01,15,2026,False,0.0393468179591613,0.03154338808571489,0.021286885134216196,0.03645799862726201
66,02.04.2026,2026-04-02,15,2026,False,0.038150885817719,0.03766201793598702,0.021286885134216196,0.04181691638519725
66,06.04.2026,2026-04-06,15,2026,False,0.0381211738492549,0.037508335777067775,0.021286885134216196,0.04241857179186674
66,07.04.2026,2026-04-07,15,2026,False,0.0399532457917158,0.037352271473954944,0.021286885134216196,0.04239127232502116
66,08.04.2026,2026-04-08,15,2026,False,0.0360862650186912,0.037367302829566525,0.021286885134216196,0.04240833148271092
66,09.04.2026,2026-04-09,15,2026,False,0.0360482807073427,0.04192704249125257,0.021286885134216196,0.046217249363424404
66,10.04.2026,2026-04-10,15,2026,False,0.0360508556749644,0.04160010552515821,0.021286885134216196,0.046210295013673894
66,13.04.2026,2026-04-13,15,2026,False,0.0360927782515722,0.04019552651662346,0.021286885134216196,0.046228377479653464
66,14.04.2026,2026-04-14,15,2026,False,0.0356868666692921,0.04065933797889286,0.021286885134216196,0.04634255158845758
66,15.04.2026,2026-04-15,15,2026,False,0.0357775043179472,0.041357295098773096,0.021286885134216196,0.04676690187479742
66,16.04.2026,2026-04-16,15,2026,False,0.0355546713247297,0.03973737697496101,0.021286885134216196,0.046654896158288134
66,17.04.2026,2026-04-17,15,2026,False,0.0345592865185562,0.04035104711232571,0.021286885134216196,0.04687203786923144
66,20.04.2026,2026-04-20,15,2026,False,0.0342752936309245,0.03815108660772286,0.021286885134216196,0.04851874749112913
66,21.04.2026,2026-04-21,15,2026,False,0.0358445536424223,0.042090445297869525,0.021286885134216196,0.04884585643664838
66,22.04.2026,2026-04-22,15,2026,False,0.0360371092841017,0.042515288168465504,0.021286885134216196,0.04892904614385256
66,23.04.2026,2026-04-23,15,2026,False,0.0371085868451826,0.04172178574476364,0.021286885134216196,0.04867314848979093
66,24.04.2026,2026-04-24,15,2026,False,0.0371610612069112,0.0412699667028062,0.021286885134216196,0.04875809951973833
66,27.04.2026,2026-04-27,15,2026,False,0.0370222393526794,0.039802323607237435,0.021286885134216196,0.04875825060116299
66,28.04.2026,2026-04-28,15,2026,False,0.0378166030370013,0.038827809780929465,0.021286885134216196,0.04881813479975263
66,29.04.2026,2026-04-29,15,2026,False,0.0374627411491537,0.035542367717928576,0.021286885134216196,0.04876986982054864
66,30.04.2026,2026-04-30,15,2026,False,0.0373004919276638,0.038624540839522,0.021286885134216196,0.04911097662342673
66,01.05.2026,2026-05-01,15,2026,False,0.0371989712703014,0.03939400871888242,0.021286885134216196,0.04937681796980289
66,04.05.2026,2026-05-04,15,2026,False,0.0364894143510683,0.04003126735513054,0.021286885134216196,0.04986619470218297
66,05.05.2026,2026-05-05,15,2026,False,0.03679234227754,0.04077963761901696,0.021286885134216196,0.05023000169858666
66,06.05.2026,2026-05-06,15,2026,False,0.0355264528579487,0.039043837587807655,0.021286885134216196,0.0504787506363002
66,07.05.2026,2026-05-07,15,2026,False,0.0355056964352293,0.039322255964912185,0.021286885134216196,0.05162810604834677
66,08.05.2026,2026-05-08,15,2026,False,0.0355454374164561,0.03893667384706953,0.021286885134216196,0.0509419330042036
66,11.05.2026,2026-05-11,15,2026,False,0.0354171672869353,0.038388045020442824,0.021286885134216196,0.05093458688544778
66,12.05.2026,2026-05-12,15,2026,False,0.0353129311656681,0.03898377322317896,0.021286885134216196,0.050915147583605186
66,13.05.2026,2026-05-13,15,2026,False,0.0352487202941661,0.03810174469766393,0.021286885134216196,0.05084529635516829
66,14.05.2026,2026-05-14,15,2026,False,0.0352635014045114,0.03701276185329156,0.021286885134216196,0.05095483217226397
66,15.05.2026,2026-05-15,15,2026,False,0.0351356560333249,0.03635734181166776,0.021286885134216196,0.05095036577266111
66,18.05.2026,2026-05-18,15,2026,False,0.0349796922490384,0.037717358365974535,0.021286885134216196,0.05103820776396459
66,19.05.2026,2026-05-19,15,2026,False,0.0350725224829746,0.037698969516238856,0.021286885134216196,0.051089540054812595
66,20.05.2026,2026-05-20,15,2026,False,0.0347031703836506,0.03764399164578318,0.021286885134216196,0.05093892971082646
66,21.05.2026,2026-05-21,15,2026,False,0.0346126805651233,0.03886007897749064,0.021286885134216196,0.05157104116240751
66,22.05.2026,2026-05-22,15,2026,False,0.034702560031352,0.039441734531625736,0.021286885134216196,0.05168590128506166
66,26.05.2026,2026-05-26,15,2026,False,0.0343976923521873,0.04083593827529601,0.021286885134216196,0.05148950321581855
66,27.05.2026,2026-05-27,15,2026,False,0.0337990872785571,0.03457715327666929,0.021286885134216196,0.05175817967188129
66,28.05.2026,2026-05-28,15,2026,False,0.0342526452737518,0.034451700241031814,0.021286885134216196,0.05227405328583263
