horizon,Date,Date_parsed,fold,test_year,include_in_main,y_true,pred_xgboost,pred_train_mean,pred_past_vol
66,03.01.2012,2012-01-03,1,2012,True,0.011081465940709,0.022453487004723684,0.024565673818770357,0.019175576574052555
66,04.01.2012,2012-01-04,1,2012,True,0.011366441582479,0.021071006221648727,0.024565673818770357,0.019091802300024788
66,05.01.2012,2012-01-05,1,2012,True,0.0113087148130505,0.021034458481514383,0.024565673818770357,0.019058687496592158
66,06.01.2012,2012-01-06,1,2012,True,0.011397833752044,0.02349988253291505,0.024565673818770357,0.01875426947353218
66,09.01.2012,2012-01-09,1,2012,True,0.0113686383359912,0.02294865413749226,0.024565673818770357,0.018314357237599
66,10.01.2012,2012-01-10,1,2012,True,0.0118305510452301,0.02297192505028676,0.024565673818770357,0.0183329287759389
66,11.01.2012,2012-01-11,1,2012,True,0.0117652872152008,0.022904096496913107,0.024565673818770357,0.01827879765565829
66,12.01.2012,2012-01-12,1,2012,True,0.0117433988358324,0.022891686698023637,0.024565673818770357,0.018268893916260468
66,13.01.2012,2012-01-13,1,2012,True,0.0116980336918317,0.022579938380652552,0.024565673818770357,0.018134246296756105
66,17.01.2012,2012-01-17,1,2012,True,0.0116660384978806,0.02102382038482406,0.024565673818770357,0.016750372776299326
66,18.01.2012,2012-01-18,1,2012,True,0.011615761424939,0.02092913498167803,0.024565673818770357,0.016788114673388827
66,19.01.2012,2012-01-19,1,2012,True,0.011603768086385,0.020514684473986175,0.024565673818770357,0.01645566697998601
66,20.01.2012,2012-01-20,1,2012,True,0.0114592872644639,0.020400371891055195,0.024565673818770357,0.016363972184547184
66,23.01.2012,2012-01-23,1,2012,True,0.0114604513190568,0.02051660463499934,0.024565673818770357,0.016457207219623654
66,24.01.2012,2012-01-24,1,2012,True,0.0114369500899386,0.02053993544129638,0.024565673818770357,0.016475921813030415
66,25.01.2012,2012-01-25,1,2012,True,0.0114420847398348,0.01994886976427472,0.024565673818770357,0.016001803872942085
66,26.01.2012,2012-01-26,1,2012,True,0.0114026324594229,0.01910265089041113,0.024565673818770357,0.015219713523659388
66,27.01.2012,2012-01-27,1,2012,True,0.0115047175639531,0.019101947787673944,0.024565673818770357,0.015219153338463152
66,30.01.2012,2012-01-30,1,2012,True,0.0117071806499053,0.018586389913985736,0.024565673818770357,0.014908903091956287
66,31.01.2012,2012-01-31,1,2012,True,0.0121352672498902,0.018517871231909417,0.024565673818770357,0.014853941456275992
66,01.02.2012,2012-02-01,1,2012,True,0.0121198075948522,0.01851766887249106,0.024565673818770357,0.014853779135514831
66,02.02.2012,2012-02-02,1,2012,True,0.0121174213647809,0.018347173746199378,0.024565673818770357,0.014717018025514613
66,03.02.2012,2012-02-03,1,2012,True,0.0118120382160809,0.018219460045283898,0.024565673818770357,0.014715180205757008
66,06.02.2012,2012-02-06,1,2012,True,0.0117273766977042,0.01829616753303973,0.024565673818770357,0.014777133990482376
66,07.02.2012,2012-02-07,1,2012,True,0.0117302278458437,0.017862927824286536,0.024565673818770357,0.014427222392073447
66,08.02.2012,2012-02-08,1,2012,True,0.0116977367419737,0.017593104658464594,0.024565673818770357,0.014209296257111752
66,09.02.2012,2012-02-09,1,2012,True,0.0116236341939918,0.01761816092855378,0.024565673818770357,0.014229533274494817
66,10.02.2012,2012-02-10,1,2012,True,0.0115667611620975,0.017693198595161684,0.024565673818770357,0.014290138406788002
66,13.02.2012,2012-02-13,1,2012,True,0.0124390995763414,0.01778288295201902,0.024565673818770357,0.014362573126012006
66,14.02.2012,2012-02-14,1,2012,True,0.012434024744646,0.017657506351428938,0.024565673818770357,0.014288023751041188
66,15.02.2012,2012-02-15,1,2012,True,0.0125708773731465,0.017599941834738612,0.024565673818770357,0.014241443947227497
66,16.02.2012,2012-02-16,1,2012,True,0.0124952456500481,0.017291446213734775,0.024565673818770357,0.013991816810061645
66,17.02.2012,2012-02-17,1,2012,True,0.0128675031117193,0.017342582017617177,0.024565673818770357,0.014033194656166242
66,21.02.2012,2012-02-21,1,2012,True,0.0127225686167177,0.016950915976707896,0.024565673818770357,0.0137162680424298
66,22.02.2012,2012-02-22,1,2012,True,0.0126455437710447,0.01704375345718546,0.024565673818770357,0.013791389868787966
66,23.02.2012,2012-02-23,1,2012,True,0.0126067268289318,0.017094668393600968,0.024565673818770357,0.013832588994321831
66,24.02.2012,2012-02-24,1,2012,True,0.0128955387074382,0.01679136556905744,0.024565673818770357,0.013587163741481126
66,27.02.2012,2012-02-27,1,2012,True,0.0129573027417211,0.01690830994554616,0.024565673818770357,0.013681792280503926
66,28.02.2012,2012-02-28,1,2012,True,0.0133344613021465,0.01706510868084184,0.024565673818770357,0.013741729999363496
66,29.02.2012,2012-02-29,1,2012,True,0.0132791046836166,0.01657756104857494,0.024565673818770357,0.013349130804729466
66,01.03.2012,2012-03-01,1,2012,True,0.0126814133368782,0.01656910072040415,0.024565673818770357,0.01334231810006972
66,02.03.2012,2012-03-02,1,2012,True,0.0127849649245685,0.016967161670200414,0.024565673818770357,0.013662857874980817
66,05.03.2012,2012-03-05,1,2012,True,0.0127824814381642,0.017021892261610536,0.024565673818770357,0.013706929848029997
66,06.03.2012,2012-03-06,1,2012,True,0.0127019203615712,0.016926735126632758,0.024565673818770357,0.013671094371866001
66,07.03.2012,2012-03-07,1,2012,True,0.0125212919217891,0.016781404895603827,0.024565673818770357,0.013553716549821897
66,08.03.2012,2012-03-08,1,2012,True,0.0124109801882662,0.0167992517786143,0.024565673818770357,0.013568130813414639
66,09.03.2012,2012-03-09,1,2012,True,0.0123782029841304,0.016608566190253124,0.024565673818770357,0.013414121156245802
66,12.03.2012,2012-03-12,1,2012,True,0.0123824851082754,0.016581217245218646,0.024565673818770357,0.013392032430585468
66,13.03.2012,2012-03-13,1,2012,True,0.0123691280548072,0.016659663023963135,0.024565673818770357,0.013415243666903356
66,14.03.2012,2012-03-14,1,2012,True,0.0124385639613102,0.016641849134501074,0.024565673818770357,0.013400898978931871
66,15.03.2012,2012-03-15,1,2012,True,0.0124041993078877,0.0166114911220407,0.024565673818770357,0.013376453098255114
66,16.03.2012,2012-03-16,1,2012,True,0.0125904826606854,0.016578458894554834,0.024565673818770357,0.013349853797900353
66,19.03.2012,2012-03-19,1,2012,True,0.0132343447966213,0.016755979523460026,0.024565673818770357,0.013492802817291656
66,20.03.2012,2012-03-20,1,2012,True,0.0135408790877847,0.01655510344088181,0.024565673818770357,0.013370941282125562
66,21.03.2012,2012-03-21,1,2012,True,0.013539021830464,0.016468373947305978,0.024565673818770357,0.01330089309606789
66,22.03.2012,2012-03-22,1,2012,True,0.0139179664836934,0.01502061400148729,0.024565673818770357,0.01213159123726151
66,23.03.2012,2012-03-23,1,2012,True,0.0137372666153777,0.015113502506594639,0.024565673818770357,0.012206613827848756
66,26.03.2012,2012-03-26,1,2012,True,0.0138857128808237,0.014960445986994843,0.024565673818770357,0.012082995769905267
66,27.03.2012,2012-03-27,1,2012,True,0.0165325556734367,0.014933676037934851,0.024565673818770357,0.01208396665269219
66,28.03.2012,2012-03-28,1,2012,True,0.0165080661554909,0.01437271719598492,0.024565673818770357,0.011630052430739293
66,29.03.2012,2012-03-29,1,2012,True,0.017081356288809,0.014480037202114621,0.024565673818770357,0.011716893163854419
66,30.03.2012,2012-03-30,1,2012,True,0.0170639596037127,0.014892923521118708,0.024565673818770357,0.011891871216961416
66,02.04.2012,2012-04-02,1,2012,True,0.0170221361777912,0.01489501721545105,0.024565673818770357,0.01189354301386097
66,03.04.2012,2012-04-03,1,2012,True,0.0173011935344263,0.015423418307517915,0.024565673818770357,0.012049080126482805
66,04.04.2012,2012-04-04,1,2012,True,0.0173562405975074,0.0151955016342242,0.024565673818770357,0.011871027103221497
66,05.04.2012,2012-04-05,1,2012,True,0.0175905811981979,0.015604850278386484,0.024565673818770357,0.012190818378724561
66,09.04.2012,2012-04-09,1,2012,True,0.0176429496529825,0.015593218888200313,0.024565673818770357,0.012181731706137379
66,10.04.2012,2012-04-10,1,2012,True,0.0175702706918138,0.014184824307742348,0.024565673818770357,0.011081465940709072
66,11.04.2012,2012-04-11,1,2012,True,0.0176396288099788,0.014549607219328395,0.024565673818770357,0.011366441582479065
66,12.04.2012,2012-04-12,1,2012,True,0.0175610445972493,0.014475714100261017,0.024565673818770357,0.011308714813050489
66,13.04.2012,2012-04-13,1,2012,True,0.0176347755707779,0.014589790748502323,0.024565673818770357,0.011397833752044064
66,16.04.2012,2012-04-16,1,2012,True,0.0176855283974094,0.0145524191724386,0.024565673818770357,0.01136863833599124
66,17.04.2012,2012-04-17,1,2012,True,0.0177075760656086,0.015143690278727587,0.024565673818770357,0.01183055104523012
66,18.04.2012,2012-04-18,1,2012,True,0.0181410314001809,0.015060149349434606,0.024565673818770357,0.011765287215200863
66,19.04.2012,2012-04-19,1,2012,True,0.0181442237532646,0.01503213114161057,0.024565673818770357,0.011743398835832477
66,20.04.2012,2012-04-20,1,2012,True,0.0181676548586167,0.014974061514289736,0.024565673818770357,0.011698033691831769
66,23.04.2012,2012-04-23,1,2012,True,0.0182114715686315,0.01493310608408609,0.024565673818770357,0.011666038497880648
66,24.04.2012,2012-04-24,1,2012,True,0.0182804987057537,0.014868748944859188,0.024565673818770357,0.01161576142493903
66,25.04.2012,2012-04-25,1,2012,True,0.0182407740990325,0.014853396878520516,0.024565673818770357,0.011603768086385049
66,26.04.2012,2012-04-26,1,2012,True,0.0182540099411595,0.014668454282860862,0.024565673818770357,0.011459287264463965
66,27.04.2012,2012-04-27,1,2012,True,0.0183120707487224,0.014669944330294367,0.024565673818770357,0.011460451319056831
66,30.04.2012,2012-04-30,1,2012,True,0.0183121892190016,0.014639861595046105,0.024565673818770357,0.01143695008993868
66,01.05.2012,2012-05-01,1,2012,True,0.0186803577475778,0.01416938104401372,0.024565673818770357,0.01144208473983488
66,02.05.2012,2012-05-02,1,2012,True,0.0186500397934817,0.01412052505256442,0.024565673818770357,0.011402632459422976
66,03.05.2012,2012-05-03,1,2012,True,0.0187445628158454,0.014246942814527834,0.024565673818770357,0.011504717563953127
66,04.05.2012,2012-05-04,1,2012,True,0.0184882003771904,0.014497664311303301,0.024565673818770357,0.011707180649905292
66,07.05.2012,2012-05-07,1,2012,True,0.0185269052506194,0.015027788173601302,0.024565673818770357,0.012135267249890188
66,08.05.2012,2012-05-08,1,2012,True,0.0185232315880569,0.014980585715162878,0.024565673818770357,0.012119807594852207
66,09.05.2012,2012-05-09,1,2012,True,0.0185296618487302,0.014977636235656821,0.024565673818770357,0.012117421364780962
66,10.05.2012,2012-05-10,1,2012,True,0.0185276526397749,0.014600169976455656,0.024565673818770357,0.011812038216080959
66,11.05.2012,2012-05-11,1,2012,True,0.018667386098234,0.014495524822405731,0.024565673818770357,0.011727376697704208
66,14.05.2012,2012-05-14,1,2012,True,0.0186585501294738,0.014499048959959576,0.024565673818770357,0.011730227845843707
66,15.05.2012,2012-05-15,1,2012,True,0.0189693171028607,0.014458888605705116,0.024565673818770357,0.011697736741973682
66,16.05.2012,2012-05-16,1,2012,True,0.018959357526478,0.014473609789385469,0.024565673818770357,0.011623634193991846
66,17.05.2012,2012-05-17,1,2012,True,0.0183519012306315,0.014296997347484016,0.024565673818770357,0.011566761162097504
66,18.05.2012,2012-05-18,1,2012,True,0.0183449689093339,0.015489017496123214,0.024565673818770357,0.012439099576341416
66,21.05.2012,2012-05-21,1,2012,True,0.0182563947770032,0.015521731981182462,0.024565673818770357,0.012434024744646065
66,22.05.2012,2012-05-22,1,2012,True,0.0183212953934733,0.015613814741892058,0.024565673818770357,0.012570877373146497
66,23.05.2012,2012-05-23,1,2012,True,0.0180695886344848,0.015519875418643922,0.024565673818770357,0.012495245650048085
66,24.05.2012,2012-05-24,1,2012,True,0.0180407981734107,0.01608347847514339,0.024565673818770357,0.012867503111719344
66,25.05.2012,2012-05-25,1,2012,True,0.0180399773675471,0.015902320498306265,0.024565673818770357,0.012722568616717713
66,29.05.2012,2012-05-29,1,2012,True,0.0180379030393135,0.015845027909326015,0.024565673818770357,0.01264554377104472
66,30.05.2012,2012-05-30,1,2012,True,0.0177107388710312,0.015905132205578713,0.024565673818770357,0.01260672682893179
66,31.05.2012,2012-05-31,1,2012,True,0.0175926062935777,0.016594117909659863,0.024565673818770357,0.012895538707438226
66,01.06.2012,2012-06-01,1,2012,True,0.01706754233292,0.01558740748263147,0.024565673818770357,0.012957302741721147
66,04.06.2012,2012-06-04,1,2012,True,0.0170663650040114,0.0160411226025216,0.024565673818770357,0.013334461302146505
66,05.06.2012,2012-06-05,1,2012,True,0.0170733426552482,0.015844599110779563,0.024565673818770357,0.013279104683616589
66,06.06.2012,2012-06-06,1,2012,True,0.0169618490297796,0.015131435083031932,0.024565673818770357,0.012681413336878281
66,07.06.2012,2012-06-07,1,2012,True,0.0169278791986475,0.015180213306134584,0.024565673818770357,0.012784964924568515
66,08.06.2012,2012-06-08,1,2012,True,0.0169094899924966,0.015252029323827396,0.024565673818770357,0.012782481438164274
66,11.06.2012,2012-06-11,1,2012,True,0.0167856606387039,0.015155904020731897,0.024565673818770357,0.012701920361571235
66,12.06.2012,2012-06-12,1,2012,True,0.0176331609563623,0.015139795679113038,0.024565673818770357,0.01252129192178909
66,13.06.2012,2012-06-13,1,2012,True,0.0182118934705602,0.015006415104889807,0.024565673818770357,0.012410980188266226
66,14.06.2012,2012-06-14,1,2012,True,0.0183045848185263,0.01496678339782256,0.024565673818770357,0.012378202984130476
66,15.06.2012,2012-06-15,1,2012,True,0.0183450076242671,0.014849801333262075,0.024565673818770357,0.012382485108275448
66,18.06.2012,2012-06-18,1,2012,True,0.0183223569006399,0.014833782772475115,0.024565673818770357,0.012369128054807247
66,19.06.2012,2012-06-19,1,2012,True,0.0183171504476455,0.014711052999353328,0.024565673818770357,0.012438563961310187
66,20.06.2012,2012-06-20,1,2012,True,0.0178123948869065,0.014685489764496141,0.024565673818770357,0.01240419930788777
66,21.06.2012,2012-06-21,1,2012,True,0.0171659934681902,0.014890726798117739,0.024565673818770357,0.012590482660685475
66,22.06.2012,2012-06-22,1,2012,True,0.0170494606801738,0.015664444337072123,0.024565673818770357,0.01323434479662138
66,25.06.2012,2012-06-25,1,2012,True,0.0170569095459999,0.01593625292257682,0.024565673818770357,0.013540879087784763
66,26.06.2012,2012-06-26,1,2012,True,0.0169282446417151,0.015984765368466745,0.024565673818770357,0.013539021830464085
66,27.06.2012,2012-06-27,1,2012,True,0.017425535740498,0.016396880610060432,0.024565673818770357,0.013917966483693396
66,28.06.2012,2012-06-28,1,2012,True,0.0177412274519139,0.016183996481441677,0.024565673818770357,0.0137372666153777
66,29.06.2012,2012-06-29,1,2012,True,0.0157994572828801,0.01635888235247602,0.024565673818770357,0.013885712880823705
66,02.07.2012,2012-07-02,1,2012,True,0.0157842556209613,0.019369325173507885,0.024565673818770357,0.01653255567343672
66,03.07.2012,2012-07-03,1,2012,True,0.0155205786632396,0.018286492441883715,0.024565673818770357,0.016508066155490924
66,05.07.2012,2012-07-05,1,2012,True,0.0155248853242407,0.018921543549092958,0.024565673818770357,0.017081356288809024
66,06.07.2012,2012-07-06,1,2012,True,0.015195645843567,0.01894992953376863,0.024565673818770357,0.017063959603712705
66,09.07.2012,2012-07-09,1,2012,True,0.0150779453291053,0.018855943611321032,0.024565673818770357,0.017022136177791195
66,10.07.2012,2012-07-10,1,2012,True,0.014762680276693,0.01936038958267033,0.024565673818770357,0.017301193534426353
66,11.07.2012,2012-07-11,1,2012,True,0.0145815970941236,0.018957034980686186,0.024565673818770357,0.017356240597507417
66,12.07.2012,2012-07-12,1,2012,True,0.0156132149767726,0.01893386066318975,0.024565673818770357,0.017590581198197893
66,13.07.2012,2012-07-13,1,2012,True,0.0155711109176402,0.01899022815979866,0.024565673818770357,0.017642949652982493
66,16.07.2012,2012-07-16,1,2012,True,0.0155868818021706,0.01891199917416095,0.024565673818770357,0.017570270691813834
66,17.07.2012,2012-07-17,1,2012,True,0.0155892183732884,0.019685790996732105,0.024565673818770357,0.017639628809978873
66,18.07.2012,2012-07-18,1,2012,True,0.0155483407572024,0.01959809117015968,0.024565673818770357,0.0175610445972493
66,19.07.2012,2012-07-19,1,2012,True,0.0152942266424288,0.019680374791346218,0.024565673818770357,0.017634775570777993
66,20.07.2012,2012-07-20,1,2012,True,0.0152833281464718,0.019348237606054742,0.024565673818770357,0.01768552839740943
66,23.07.2012,2012-07-23,1,2012,True,0.0146881593465103,0.019372358091085864,0.024565673818770357,0.01770757606560861
66,24.07.2012,2012-07-24,1,2012,True,0.0149814241052374,0.020251775997919927,0.024565673818770357,0.018141031400180946
66,25.07.2012,2012-07-25,1,2012,True,0.015122324929041,0.020155026027598347,0.024565673818770357,0.01814422375326466
66,26.07.2012,2012-07-26,1,2012,True,0.0155403397003882,0.019781515689157435,0.024565673818770357,0.018167654858616773
66,27.07.2012,2012-07-27,1,2012,True,0.0162351849319456,0.019829224705172437,0.024565673818770357,0.018211471568631562
66,30.07.2012,2012-07-30,1,2012,True,0.0162391589632791,0.019904383629457723,0.024565673818770357,0.01828049870575374
66,31.07.2012,2012-07-31,1,2012,True,0.0163439303743162,0.01986113022458976,0.024565673818770357,0.018240774099032533
66,01.08.2012,2012-08-01,1,2012,True,0.0163088987567563,0.019875541827007973,0.024565673818770357,0.018254009941159492
66,02.08.2012,2012-08-02,1,2012,True,0.0163374386942963,0.01993876026574809,0.024565673818770357,0.018312070748722414
66,03.08.2012,2012-08-03,1,2012,True,0.0160329672778307,0.01993888925992516,0.024565673818770357,0.018312189219001667
66,06.08.2012,2012-08-06,1,2012,True,0.0160909800850891,0.020339762767318356,0.024565673818770357,0.0186803577475778
66,07.08.2012,2012-08-07,1,2012,True,0.0158566075153787,0.019302935075510935,0.024565673818770357,0.01865003979348171
66,08.08.2012,2012-08-08,1,2012,True,0.0158940688423538,0.01891964239826809,0.024565673818770357,0.01874456281584546
66,09.08.2012,2012-08-09,1,2012,True,0.0158916996072394,0.018819879512890218,0.024565673818770357,0.018488200377190452
66,10.08.2012,2012-08-10,1,2012,True,0.0159013545342245,0.018859278753467185,0.024565673818770357,0.018526905250619487
66,13.08.2012,2012-08-13,1,2012,True,0.0158909661050298,0.018855539185235193,0.024565673818770357,0.018523231588056986
66,14.08.2012,2012-08-14,1,2012,True,0.0159218686480555,0.020001490265880818,0.024565673818770357,0.018529661848730238
66,15.08.2012,2012-08-15,1,2012,True,0.0157303016041974,0.01999932146357398,0.024565673818770357,0.01852765263977489
66,16.08.2012,2012-08-16,1,2012,True,0.0157828676356787,0.019979918880659475,0.024565673818770357,0.018667386098234068
66,17.08.2012,2012-08-17,1,2012,True,0.0154325353335765,0.019970461641272384,0.024565673818770357,0.0186585501294738
66,20.08.2012,2012-08-20,1,2012,True,0.0154354583564022,0.0203030791211051,0.024565673818770357,0.018969317102860726
66,21.08.2012,2012-08-21,1,2012,True,0.0154401982076673,0.02021592737963022,0.024565673818770357,0.01895935752647806
66,22.08.2012,2012-08-22,1,2012,True,0.0154729797486416,0.019434425222101866,0.024565673818770357,0.018351901230631545
66,23.08.2012,2012-08-23,1,2012,True,0.0155908650898947,0.01942708398381921,0.024565673818770357,0.018344968909333945
66,24.08.2012,2012-08-24,1,2012,True,0.0155267047152318,0.019333285127245164,0.024565673818770357,0.018256394777003266
66,27.08.2012,2012-08-27,1,2012,True,0.0154735415491954,0.019402014037770796,0.024565673818770357,0.018321295393473307
66,28.08.2012,2012-08-28,1,2012,True,0.0154915883675576,0.01962790230295587,0.024565673818770357,0.018069588634484848
66,29.08.2012,2012-08-29,1,2012,True,0.0155916871565513,0.019596628964716083,0.024565673818770357,0.018040798173410717
66,30.08.2012,2012-08-30,1,2012,True,0.0156882622386564,0.020087865318419853,0.024565673818770357,0.018039977367547175
66,31.08.2012,2012-08-31,1,2012,True,0.0156083006813545,0.020605855821213003,0.024565673818770357,0.018037903039313578
66,04.09.2012,2012-09-04,1,2012,True,0.0156712355724351,0.019721251855392575,0.024565673818770357,0.01771073887103129
66,05.09.2012,2012-09-05,1,2012,True,0.0156306802281762,0.019801603943398745,0.024565673818770357,0.01759260629357776
66,06.09.2012,2012-09-06,1,2012,True,0.015679150582947,0.019708247885152377,0.024565673818770357,0.01706754233292004
66,07.09.2012,2012-09-07,1,2012,True,0.0156529894702848,0.019706888398852606,0.024565673818770357,0.017066365004011475
66,10.09.2012,2012-09-10,1,2012,True,0.0158590469568737,0.01971494563858567,0.024565673818770357,0.017073342655248253
66,11.09.2012,2012-09-11,1,2012,True,0.015845070207106,0.018179046460849613,0.024565673818770357,0.01696184902977969
66,12.09.2012,2012-09-12,1,2012,True,0.015830792854477,0.01814263892430482,0.024565673818770357,0.01692787919864752
66,13.09.2012,2012-09-13,1,2012,True,0.0158059578058133,0.01812293009230147,0.024565673818770357,0.01690948999249669
66,18.09.2012,2012-09-18,1,2012,True,0.0149948822915722,0.01799021463351734,0.024565673818770357,0.016785660638703993
66,19.09.2012,2012-09-19,1,2012,True,0.0143516020095824,0.018428434969693864,0.024565673818770357,0.017633160956362293
66,20.09.2012,2012-09-20,1,2012,True,0.014237653333373,0.019480014153632163,0.024565673818770357,0.01821189347056026
66,21.09.2012,2012-09-21,1,2012,True,0.0141537069874078,0.019386462737031384,0.024565673818770357,0.018304584818526315
66,24.09.2012,2012-09-24,1,2012,True,0.0140478409913276,0.019552348795675484,0.024565673818770357,0.01834500762426714
66,25.09.2012,2012-09-25,1,2012,True,0.0140326670695039,0.01911457758636084,0.024565673818770357,0.018322356900639974
66,26.09.2012,2012-09-26,1,2012,True,0.0140246700363852,0.01910914601714449,0.024565673818770357,0.018317150447645508
66,27.09.2012,2012-09-27,1,2012,True,0.0139218774259656,0.018582565873541037,0.024565673818770357,0.017812394886906505
66,28.09.2012,2012-09-28,1,2012,True,0.0139851235240016,0.017908215399036653,0.024565673818770357,0.01716599346819027
66,01.10.2012,2012-10-01,1,2012,True,0.0140920039391074,0.017691145054563946,0.024565673818770357,0.017049460680173843
66,02.10.2012,2012-10-02,1,2012,True,0.0140813056026423,0.01822291938870639,0.024565673818770357,0.017056909545999956
66,03.10.2012,2012-10-03,1,2012,True,0.0135443490953709,0.018085458955290002,0.024565673818770357,0.01692824464171517
66,04.10.2012,2012-10-04,1,2012,True,0.0126066051362126,0.018552105958950644,0.024565673818770357,0.01742553574049809
66,05.10.2012,2012-10-05,1,2012,True,0.0127540886731764,0.018907618036274908,0.024565673818770357,0.01774122745191392
66,08.10.2012,2012-10-08,1,2012,True,0.0127584503392247,0.016838186889538583,0.024565673818770357,0.015799457282880115
66,09.10.2012,2012-10-09,1,2012,True,0.0124264413603077,0.016821985799853185,0.024565673818770357,0.0157842556209613
66,10.10.2012,2012-10-10,1,2012,True,0.0124253525978561,0.016363970684570503,0.024565673818770357,0.015520578663239613
66,11.10.2012,2012-10-11,1,2012,True,0.0123350787646965,0.016403734093763334,0.024565673818770357,0.015524885324240725
66,12.10.2012,2012-10-12,1,2012,True,0.0123199471558745,0.016021380936407925,0.024565673818770357,0.015195645843567043
66,15.10.2012,2012-10-15,1,2012,True,0.0122676655289886,0.015897284547349164,0.024565673818770357,0.015077945329105322
66,16.10.2012,2012-10-16,1,2012,True,0.0122629556641273,0.016327544715793885,0.024565673818770357,0.014762680276693071
66,19.10.2012,2012-10-19,1,2012,True,0.0110345238688234,0.016127266466501384,0.024565673818770357,0.01458159709412362
66,22.10.2012,2012-10-22,1,2012,True,0.0110799015100954,0.017268237265358057,0.024565673818770357,0.01561321497677262
66,23.10.2012,2012-10-23,1,2012,True,0.0110148798292835,0.017221670117975953,0.024565673818770357,0.015571110917640282
66,24.10.2012,2012-10-24,1,2012,True,0.0109986680700062,0.017221410608748343,0.024565673818770357,0.015586881802170653
66,25.10.2012,2012-10-25,1,2012,True,0.0109900590747303,0.01724169698885874,0.024565673818770357,0.01558921837328848
66,26.10.2012,2012-10-26,1,2012,True,0.0110547238465037,0.017196486289174768,0.024565673818770357,0.015548340757202427
66,31.10.2012,2012-10-31,1,2012,True,0.0110396184503248,0.016915435728293186,0.024565673818770357,0.015294226642428846
66,01.11.2012,2012-11-01,1,2012,True,0.0110195422312143,0.017044250598696645,0.024565673818770357,0.015283328146471863
66,02.11.2012,2012-11-02,1,2012,True,0.0105797789357735,0.01649327122992917,0.024565673818770357,0.014688159346510387
66,05.11.2012,2012-11-05,1,2012,True,0.0103577801369592,0.016936761867576644,0.024565673818770357,0.01498142410523749
66,06.11.2012,2012-11-06,1,2012,True,0.0097000084989707,0.015790880463029462,0.024565673818770357,0.015122324929041078
66,07.11.2012,2012-11-07,1,2012,True,0.0084134172760186,0.016227375599663328,0.024565673818770357,0.015540339700388232
66,08.11.2012,2012-11-08,1,2012,True,0.0086905624622445,0.01695293982628285,0.024565673818770357,0.016235184931945625
66,09.11.2012,2012-11-09,1,2012,True,0.0086878068229853,0.01695708954889754,0.024565673818770357,0.016239158963279193
66,12.11.2012,2012-11-12,1,2012,True,0.0086930840165873,0.017066492887034494,0.024565673818770357,0.016343930374316227
66,13.11.2012,2012-11-13,1,2012,True,0.0086375062015641,0.01702991252734041,0.024565673818770357,0.016308898756756316
66,14.11.2012,2012-11-14,1,2012,True,0.0087378763377334,0.017597733602994648,0.024565673818770357,0.016337438694296318
66,15.11.2012,2012-11-15,1,2012,True,0.0086604922518362,0.017269774797642936,0.024565673818770357,0.016032967277830705
66,19.11.2012,2012-11-19,1,2012,True,0.0086767180866452,0.01733226280122775,0.024565673818770357,0.016090980085089142
66,20.11.2012,2012-11-20,1,2012,True,0.0086716280761031,0.017079810374455818,0.024565673818770357,0.015856607515378752
66,21.11.2012,2012-11-21,1,2012,True,0.0086007686776341,0.017120161525260923,0.024565673818770357,0.015894068842353865
66,23.11.2012,2012-11-23,1,2012,True,0.0087486828459687,0.016968013315265363,0.024565673818770357,0.015891699607239494
66,26.11.2012,2012-11-26,1,2012,True,0.008755114157859,0.017061961232809775,0.024565673818770357,0.0159013545342245
66,27.11.2012,2012-11-27,1,2012,True,0.0086740672242786,0.017842346314907543,0.024565673818770357,0.015890966105029842
66,28.11.2012,2012-11-28,1,2012,True,0.0086708075041604,0.01787704363104504,0.024565673818770357,0.015921868648055577
66,29.11.2012,2012-11-29,1,2012,True,0.0085866032340673,0.01766195252101125,0.024565673818770357,0.015730301604197423
66,30.11.2012,2012-11-30,1,2012,True,0.0085921675945883,0.017720973560505685,0.024565673818770357,0.015782867635678724
66,03.12.2012,2012-12-03,1,2012,True,0.0086771305282622,0.01732762112251719,0.024565673818770357,0.015432535333576537
66,04.12.2012,2012-12-04,1,2012,True,0.0086589437747428,0.016055706098780136,0.024565673818770357,0.015435458356402284
66,05.12.2012,2012-12-05,1,2012,True,0.0085796741952465,0.016060636412937777,0.024565673818770357,0.015440198207667375
66,06.12.2012,2012-12-06,1,2012,True,0.0086199737134216,0.016094735224595674,0.024565673818770357,0.015472979748641664
66,07.12.2012,2012-12-07,1,2012,True,0.0087391988328159,0.016217357588558665,0.024565673818770357,0.015590865089894775
66,10.12.2012,2012-12-10,1,2012,True,0.008852102319441,0.016150619037944233,0.024565673818770357,0.015526704715231838
66,11.12.2012,2012-12-11,1,2012,True,0.0088199779953412,0.016173722049046355,0.024565673818770357,0.015473541549195495
66,12.12.2012,2012-12-12,1,2012,True,0.0086726823165625,0.01619258548914059,0.024565673818770357,0.01549158836755764
66,13.12.2012,2012-12-13,1,2012,True,0.0085882980654065,0.016297213766092115,0.024565673818770357,0.01559168715655133
66,14.12.2012,2012-12-14,1,2012,True,0.0084809219464853,0.016398158887793297,0.024565673818770357,0.01568826223865644
66,19.12.2012,2012-12-19,1,2012,True,0.0083784499785202,0.016314579055839693,0.024565673818770357,0.015608300681354596
66,20.12.2012,2012-12-20,1,2012,True,0.0084597857373383,0.0175956332936475,0.024565673818770357,0.01567123557243519
66,21.12.2012,2012-12-21,1,2012,True,0.0083533019977508,0.01755009783076837,0.024565673818770357,0.015630680228176208
66,24.12.2012,2012-12-24,1,2012,True,0.0092935224287488,0.01760452025229469,0.024565673818770357,0.015679150582947082
66,26.12.2012,2012-12-26,1,2012,True,0.0089569063359458,0.01666546370613163,0.024565673818770357,0.015652989470284796
66,27.12.2012,2012-12-27,1,2012,True,0.0093017666122673,0.016884849502732557,0.024565673818770357,0.015859046956873714
66,28.12.2012,2012-12-28,1,2012,True,0.0093316768727862,0.016869968702076275,0.024565673818770357,0.01584507020710608
66,31.12.2012,2012-12-31,1,2012,True,0.0095097418930258,0.01685476785481896,0.024565673818770357,0.015830792854477083
66,02.01.2013,2013-01-02,2,2013,True,0.0093818700620437,0.016508148955464475,0.022319583881271064,0.01580595780581337
66,03.01.2013,2013-01-03,2,2013,True,0.0095262104584456,0.015746220167243405,0.022319583881271064,0.014994882291572231
66,04.01.2013,2013-01-04,2,2013,True,0.0095757133192196,0.01533299874615216,0.022319583881271064,0.014351602009582421
66,07.01.2013,2013-01-07,2,2013,True,0.0100757217855641,0.015211257987993039,0.022319583881271064,0.014237653333373016
66,08.01.2013,2013-01-08,2,2013,True,0.0100452248358639,0.015126811799816573,0.022319583881271064,0.014153706987407816
66,09.01.2013,2013-01-09,2,2013,True,0.0100472892860936,0.015013667236337229,0.022319583881271064,0.014047840991327649
66,10.01.2013,2013-01-10,2,2013,True,0.0101265722623555,0.014997450067231227,0.022319583881271064,0.014032667069503992
66,11.01.2013,2013-01-11,2,2013,True,0.0100942134638718,0.015567424065914937,0.022319583881271064,0.014024670036385219
66,14.01.2013,2013-01-14,2,2013,True,0.0100318628838887,0.01759246588093077,0.022319583881271064,0.013921877425965689
66,15.01.2013,2013-01-15,2,2013,True,0.0099081849616889,0.017672387201005408,0.022319583881271064,0.013985123524001697
66,16.01.2013,2013-01-16,2,2013,True,0.0100776654353776,0.01780744729373257,0.022319583881271064,0.014092003939107419
66,17.01.2013,2013-01-17,2,2013,True,0.0103084104344037,0.017793928275177454,0.022319583881271064,0.014081305602642393
66,18.01.2013,2013-01-18,2,2013,True,0.0103090320284354,0.017115399888187163,0.022319583881271064,0.013544349095370925
66,22.01.2013,2013-01-22,2,2013,True,0.0101234074612753,0.01593041397703611,0.022319583881271064,0.012606605136212631
66,23.01.2013,2013-01-23,2,2013,True,0.010227203514572,0.016490207814290635,0.022319583881271064,0.012754088673176416
66,24.01.2013,2013-01-24,2,2013,True,0.0105671386564296,0.01649584716504289,0.022319583881271064,0.012758450339224743
66,25.01.2013,2013-01-25,2,2013,True,0.0112128694078234,0.0160665811313148,0.022319583881271064,0.012426441360307799
66,28.01.2013,2013-01-28,2,2013,True,0.0113460467046315,0.01606517343221938,0.022319583881271064,0.012425352597856149
66,29.01.2013,2013-01-29,2,2013,True,0.0114124207421569,0.016018823903235946,0.022319583881271064,0.012335078764696576
66,30.01.2013,2013-01-30,2,2013,True,0.0114394624627303,0.016104380290774576,0.022319583881271064,0.012319947155874532
66,31.01.2013,2013-01-31,2,2013,True,0.0114057039120575,0.016129623452037768,0.022319583881271064,0.012267665528988649
66,01.02.2013,2013-02-01,2,2013,True,0.0113131984078451,0.016123430884548602,0.022319583881271064,0.012262955664127348
66,04.02.2013,2013-02-04,2,2013,True,0.0112753373412844,0.014882825854218613,0.022319583881271064,0.011034523868823403
66,05.02.2013,2013-02-05,2,2013,True,0.0112640882750602,0.014944028996352806,0.022319583881271064,0.011079901510095427
66,06.02.2013,2013-02-06,2,2013,True,0.0112546367938658,0.014856330934907146,0.022319583881271064,0.011014879829283555
66,07.02.2013,2013-02-07,2,2013,True,0.0113322677346934,0.01483446530726581,0.022319583881271064,0.010998668070006217
66,08.02.2013,2013-02-08,2,2013,True,0.0111634015498728,0.014822853915692122,0.022319583881271064,0.010990059074730378
66,11.02.2013,2013-02-11,2,2013,True,0.0111506132565392,0.014910070595690904,0.022319583881271064,0.011054723846503764
66,12.02.2013,2013-02-12,2,2013,True,0.0111243740938626,0.014580174659563046,0.022319583881271064,0.011039618450324832
66,13.02.2013,2013-02-13,2,2013,True,0.0111302289949345,0.014620225387388715,0.022319583881271064,0.01101954223121433
66,14.02.2013,2013-02-14,2,2013,True,0.0112067528752724,0.01452696752269068,0.022319583881271064,0.01057977893577351
66,15.02.2013,2013-02-15,2,2013,True,0.011203700159921,0.014289677937363134,0.022319583881271064,0.010357780136959214
66,19.02.2013,2013-02-19,2,2013,True,0.0111829627409641,0.013382210821929023,0.022319583881271064,0.00970000849897074
66,20.02.2013,2013-02-20,2,2013,True,0.0112380208051389,0.011827815568949747,0.022319583881271064,0.008413417276018614
66,21.02.2013,2013-02-21,2,2013,True,0.0112236477282902,0.012224616524210972,0.022319583881271064,0.008690562462244575
66,22.02.2013,2013-02-22,2,2013,True,0.0111939140594652,0.012220740292566588,0.022319583881271064,0.008687806822985304
66,25.02.2013,2013-02-25,2,2013,True,0.011351635916211,0.0121703744122633,0.022319583881271064,0.008693084016587317
66,26.02.2013,2013-02-26,2,2013,True,0.0114534062252025,0.011677021821328076,0.022319583881271064,0.008637506201564112
66,27.02.2013,2013-02-27,2,2013,True,0.011538924440512,0.011530506701790148,0.022319583881271064,0.008737876337733468
66,28.02.2013,2013-02-28,2,2013,True,0.0115324969122651,0.01131301764097197,0.022319583881271064,0.008660492251836247
66,01.03.2013,2013-03-01,2,2013,True,0.0115211934811056,0.01134804850945133,0.022319583881271064,0.008676718086645243
66,04.03.2013,2013-03-04,2,2013,True,0.0115852475070153,0.011266533237892482,0.022319583881271064,0.00867162807610316
66,05.03.2013,2013-03-05,2,2013,True,0.0114582978376514,0.01112537988152425,0.022319583881271064,0.008600768677634136
66,06.03.2013,2013-03-06,2,2013,True,0.0114964134484519,0.011310061041852976,0.022319583881271064,0.008748682845968775
66,07.03.2013,2013-03-07,2,2013,True,0.011520039588932,0.011318375268272979,0.022319583881271064,0.008755114157859047
66,08.03.2013,2013-03-08,2,2013,True,0.0115642864533325,0.011213599980130952,0.022319583881271064,0.008674067224278624
66,11.03.2013,2013-03-11,2,2013,True,0.011549921340606,0.0112093859019474,0.022319583881271064,0.00867080750416044
66,12.03.2013,2013-03-12,2,2013,True,0.0117303055226826,0.011232034226053605,0.022319583881271064,0.008586603234067342
66,13.03.2013,2013-03-13,2,2013,True,0.0116666377239254,0.011162879084055846,0.022319583881271064,0.008592167594588383
66,14.03.2013,2013-03-14,2,2013,True,0.0125076501806971,0.011207854412628185,0.022319583881271064,0.008677130528262245
66,15.03.2013,2013-03-15,2,2013,True,0.0125825922488452,0.011184363411194066,0.022319583881271064,0.008658943774742875
66,19.03.2013,2013-03-19,2,2013,True,0.0124179745971332,0.011081974504694244,0.022319583881271064,0.008579674195246557
66,20.03.2013,2013-03-20,2,2013,True,0.0123193892515057,0.01095912917067931,0.022319583881271064,0.008619973713421642
66,21.03.2013,2013-03-21,2,2013,True,0.0122640518417714,0.011110707763291242,0.022319583881271064,0.008739198832815988
66,22.03.2013,2013-03-22,2,2013,True,0.0123517710964824,0.011254249255977837,0.022319583881271064,0.008852102319441016
66,25.03.2013,2013-03-25,2,2013,True,0.012352818778916,0.011213407528492998,0.022319583881271064,0.008819977995341255
66,26.03.2013,2013-03-26,2,2013,True,0.0123169380799189,0.01114479969437684,0.022319583881271064,0.008672682316562517
66,27.03.2013,2013-03-27,2,2013,True,0.0123765466745269,0.011036362011297316,0.022319583881271064,0.008588298065406591
66,28.03.2013,2013-03-28,2,2013,True,0.0125566944027243,0.010898378709977593,0.022319583881271064,0.008480921946485379
66,01.04.2013,2013-04-01,2,2013,True,0.0127117002773531,0.01076669747047469,0.022319583881271064,0.00837844997852026
66,02.04.2013,2013-04-02,2,2013,True,0.0127090684154534,0.010755471853400892,0.022319583881271064,0.0084597857373384
66,03.04.2013,2013-04-03,2,2013,True,0.0120532685778533,0.010620092199644013,0.022319583881271064,0.008353301997750896
66,04.04.2013,2013-04-04,2,2013,True,0.012043239528338,0.01182240151456159,0.022319583881271064,0.009293522428748825
66,05.04.2013,2013-04-05,2,2013,True,0.0117820609987329,0.011394188139504918,0.022319583881271064,0.008956906335945874
66,08.04.2013,2013-04-08,2,2013,True,0.0118260055197291,0.011832889039443946,0.022319583881271064,0.009301766612267393
66,09.04.2013,2013-04-09,2,2013,True,0.0116932984913991,0.011878971044509684,0.022319583881271064,0.009331676872786297
66,10.04.2013,2013-04-10,2,2013,True,0.0116830708126654,0.012105642975857206,0.022319583881271064,0.009509741893025832
66,11.04.2013,2013-04-11,2,2013,True,0.0115328595621978,0.01194286561029341,0.022319583881271064,0.009381870062043737
66,12.04.2013,2013-04-12,2,2013,True,0.0115439403640087,0.012126607012057136,0.022319583881271064,0.009526210458445693
66,15.04.2013,2013-04-15,2,2013,True,0.0110226109330942,0.012189622808443018,0.022319583881271064,0.00957571331921966
66,16.04.2013,2013-04-16,2,2013,True,0.0110224081901642,0.01399975080874833,0.022319583881271064,0.01007572178556413
66,17.04.2013,2013-04-17,2,2013,True,0.0111299946000567,0.013957376703417115,0.022319583881271064,0.010045224835863946
66,18.04.2013,2013-04-18,2,2013,True,0.0110111343429101,0.013960245161815236,0.022319583881271064,0.010047289286093651
66,19.04.2013,2013-04-19,2,2013,True,0.0110218944537383,0.01407040520142972,0.022319583881271064,0.010126572262355533
66,22.04.2013,2013-04-22,2,2013,True,0.0109955383440285,0.014025444143067547,0.022319583881271064,0.010094213463871873
66,23.04.2013,2013-04-23,2,2013,True,0.0110187467764981,0.01304259802768624,0.022319583881271064,0.010031862883888796
66,24.04.2013,2013-04-24,2,2013,True,0.0109268080314726,0.012881802227063572,0.022319583881271064,0.009908184961688975
66,25.04.2013,2013-04-25,2,2013,True,0.0109392698645323,0.013166940398169326,0.022319583881271064,0.01007766543537768
66,26.04.2013,2013-04-26,2,2013,True,0.0109592049741051,0.013468419512437815,0.022319583881271064,0.010308410434403744
66,29.04.2013,2013-04-29,2,2013,True,0.0109443889748858,0.013469231654061296,0.022319583881271064,0.01030903202843547
66,30.04.2013,2013-04-30,2,2013,True,0.0108127282789142,0.013301315160975099,0.022319583881271064,0.01012340746127535
66,01.05.2013,2013-05-01,2,2013,True,0.0104080619166861,0.013371567562049765,0.022319583881271064,0.010227203514572084
66,02.05.2013,2013-05-02,2,2013,True,0.0098703230770538,0.014591957967151277,0.022319583881271064,0.01056713865642969
66,03.05.2013,2013-05-03,2,2013,True,0.0098985660387283,0.014660277429457804,0.022319583881271064,0.011212869407823484
66,06.05.2013,2013-05-06,2,2013,True,0.0098256306838543,0.014907761406102107,0.022319583881271064,0.011346046704631518
66,07.05.2013,2013-05-07,2,2013,True,0.0097752018910185,0.014672246931683192,0.022319583881271064,0.011412420742156988
66,08.05.2013,2013-05-08,2,2013,True,0.0097792737201727,0.014707012807449078,0.022319583881271064,0.011439462462730343
66,09.05.2013,2013-05-09,2,2013,True,0.0098214916262031,0.01473612657595572,0.022319583881271064,0.011405703912057497
66,10.05.2013,2013-05-10,2,2013,True,0.0097899784480204,0.014616609812277042,0.022319583881271064,0.01131319840784511
66,13.05.2013,2013-05-13,2,2013,True,0.0097671767938629,0.014567693456614987,0.022319583881271064,0.011275337341284468
66,14.05.2013,2013-05-14,2,2013,True,0.0097726387993012,0.014359985461971514,0.022319583881271064,0.011264088275060216
66,15.05.2013,2013-05-15,2,2013,True,0.0097011224299811,0.014347936272615852,0.022319583881271064,0.011254636793865857
66,16.05.2013,2013-05-16,2,2013,True,0.009770420784241,0.014446903819252684,0.022319583881271064,0.01133226773469345
66,17.05.2013,2013-05-17,2,2013,True,0.0097793100292342,0.01423162532534999,0.022319583881271064,0.011163401549872881
66,20.05.2013,2013-05-20,2,2013,True,0.0105079175986436,0.014215322212140068,0.022319583881271064,0.011150613256539217
66,21.05.2013,2013-05-21,2,2013,True,0.0107391173379139,0.014239998177498984,0.022319583881271064,0.011124374093862677
66,22.05.2013,2013-05-22,2,2013,True,0.0107355254304436,0.014247492871572499,0.022319583881271064,0.011130228994934545
66,23.05.2013,2013-05-23,2,2013,True,0.0108260458269591,0.014274853381430891,0.022319583881271064,0.011206752875272478
66,24.05.2013,2013-05-24,2,2013,True,0.0109422501184122,0.014341541241995718,0.022319583881271064,0.011203700159921014
66,28.05.2013,2013-05-28,2,2013,True,0.0108581619928488,0.014314995855652135,0.022319583881271064,0.011182962740964126
66,29.05.2013,2013-05-29,2,2013,True,0.0105992957763989,0.0143854741339706,0.022319583881271064,0.011238020805138941
66,30.05.2013,2013-05-30,2,2013,True,0.0106089696315005,0.01436707556283273,0.022319583881271064,0.011223647728290263
66,31.05.2013,2013-05-31,2,2013,True,0.0107044461230902,0.01432901433023605,0.022319583881271064,0.011193914059465218
66,03.06.2013,2013-06-03,2,2013,True,0.0109410621946506,0.014070994664274935,0.022319583881271064,0.011351635916211092
66,04.06.2013,2013-06-04,2,2013,True,0.0108675308211698,0.014658661142165373,0.022319583881271064,0.011453406225202533
66,05.06.2013,2013-06-05,2,2013,True,0.0109153352806123,0.014768111773275106,0.022319583881271064,0.011538924440512023
66,06.06.2013,2013-06-06,2,2013,True,0.0109028972951237,0.014759885490482013,0.022319583881271064,0.011532496912265145
66,07.06.2013,2013-06-07,2,2013,True,0.011153214177962,0.014818339842260097,0.022319583881271064,0.011521193481105649
66,10.06.2013,2013-06-10,2,2013,True,0.0113338296508179,0.014900724911632605,0.022319583881271064,0.011585247507015357
66,11.06.2013,2013-06-11,2,2013,True,0.0112687968684971,0.014650836153214908,0.022319583881271064,0.011458297837651446
66,12.06.2013,2013-06-12,2,2013,True,0.0113314368719123,0.014699571626548683,0.022319583881271064,0.01149641344845191
66,13.06.2013,2013-06-13,2,2013,True,0.011310922390285,0.014729780538728506,0.022319583881271064,0.011520039588932083
66,14.06.2013,2013-06-14,2,2013,True,0.0113194559964773,0.014786355570186894,0.022319583881271064,0.011564286453332547
66,18.06.2013,2013-06-18,2,2013,True,0.0111859821197433,0.014767988015436566,0.022319583881271064,0.011549921340606032
66,19.06.2013,2013-06-19,2,2013,True,0.0112083109393884,0.015069617686710968,0.022319583881271064,0.011730305522682621
66,20.06.2013,2013-06-20,2,2013,True,0.0101322249383097,0.014987825325517212,0.022319583881271064,0.011666637723925493
66,21.06.2013,2013-06-21,2,2013,True,0.0100183591403667,0.016755604125059356,0.022319583881271064,0.012507650180697182
66,24.06.2013,2013-06-24,2,2013,True,0.0101000011656448,0.016354681391820315,0.022319583881271064,0.01258259224884527
66,25.06.2013,2013-06-25,2,2013,True,0.0101062920969085,0.015877900343937466,0.022319583881271064,0.012417974597133225
66,26.06.2013,2013-06-26,2,2013,True,0.0101075029038666,0.015751846913806617,0.022319583881271064,0.012319389251505705
66,27.06.2013,2013-06-27,2,2013,True,0.0100271966956269,0.015681091262780025,0.022319583881271064,0.01226405184177147
66,28.06.2013,2013-06-28,2,2013,True,0.0099923698129155,0.01579325106578579,0.022319583881271064,0.012351771096482429
66,01.07.2013,2013-07-01,2,2013,True,0.0100463151201817,0.015417778944347057,0.022319583881271064,0.012352818778916022
66,02.07.2013,2013-07-02,2,2013,True,0.0104166845814904,0.015054019116640564,0.022319583881271064,0.012316938079918988
66,03.07.2013,2013-07-03,2,2013,True,0.0102530438081522,0.015126873986651457,0.022319583881271064,0.012376546674526976
66,05.07.2013,2013-07-05,2,2013,True,0.0100198596341269,0.015271533986452365,0.022319583881271064,0.012556694402724312
66,08.07.2013,2013-07-08,2,2013,True,0.0100917755196324,0.01614797026181741,0.022319583881271064,0.012711700277353197
66,09.07.2013,2013-07-09,2,2013,True,0.010130116885771,0.015349584466416964,0.022319583881271064,0.012709068415453408
66,10.07.2013,2013-07-10,2,2013,True,0.0101021913931509,0.014557531526638514,0.022319583881271064,0.012053268577853306
66,11.07.2013,2013-07-11,2,2013,True,0.0101752369217497,0.015065411271368694,0.022319583881271064,0.012043239528338082
66,12.07.2013,2013-07-12,2,2013,True,0.0101088760616268,0.014300347376530189,0.022319583881271064,0.011782060998732923
66,15.07.2013,2013-07-15,2,2013,True,0.0104015282865262,0.014353684557148205,0.022319583881271064,0.011826005519729194
66,16.07.2013,2013-07-16,2,2013,True,0.0104336190508344,0.01428232746580421,0.022319583881271064,0.011693298491399173
66,17.07.2013,2013-07-17,2,2013,True,0.0104336548423777,0.014269835262941405,0.022319583881271064,0.011683070812665461
66,19.07.2013,2013-07-19,2,2013,True,0.0107792961464893,0.014086365537114755,0.022319583881271064,0.011532859562197862
66,22.07.2013,2013-07-22,2,2013,True,0.0108018686635269,0.014099899754184688,0.022319583881271064,0.011543940364008704
66,23.07.2013,2013-07-23,2,2013,True,0.0108391377178815,0.013685988183620717,0.022319583881271064,0.011022610933094288
66,24.07.2013,2013-07-24,2,2013,True,0.0108078200491245,0.01368573645221505,0.022319583881271064,0.011022408190164288
66,25.07.2013,2013-07-25,2,2013,True,0.0113126590842051,0.013819318807924084,0.022319583881271064,0.011129994600056784
66,26.07.2013,2013-07-26,2,2013,True,0.0113072029947257,0.013671738521848014,0.022319583881271064,0.011011134342910126
66,29.07.2013,2013-07-29,2,2013,True,0.0113484507131093,0.013685098582412928,0.022319583881271064,0.011021894453738358
66,30.07.2013,2013-07-30,2,2013,True,0.0113332628076081,0.013139480146927783,0.022319583881271064,0.010995538344028529
66,31.07.2013,2013-07-31,2,2013,True,0.0114790010877343,0.013167213826547211,0.022319583881271064,0.01101874677649819
66,01.08.2013,2013-08-01,2,2013,True,0.0114556139064839,0.013057348599652505,0.022319583881271064,0.01092680803147268
66,02.08.2013,2013-08-02,2,2013,True,0.011545588443204,0.01307224027689091,0.022319583881271064,0.010939269864532345
66,05.08.2013,2013-08-05,2,2013,True,0.0115609948158774,0.013096062391667227,0.022319583881271064,0.01095920497410516
66,06.08.2013,2013-08-06,2,2013,True,0.0116524170537703,0.01307835752615645,0.022319583881271064,0.010944388974885805
66,07.08.2013,2013-08-07,2,2013,True,0.0117354366496355,0.012921025247670193,0.022319583881271064,0.010812728278914245
66,08.08.2013,2013-08-08,2,2013,True,0.0117003892743128,0.012437455870140507,0.022319583881271064,0.01040806191668614
66,09.08.2013,2013-08-09,2,2013,True,0.0117173784394162,0.011794867159473402,0.022319583881271064,0.009870323077053884
66,12.08.2013,2013-08-12,2,2013,True,0.0117605811793225,0.011828617015333182,0.022319583881271064,0.009898566038728317
66,13.08.2013,2013-08-13,2,2013,True,0.0119446540366626,0.011741460514451548,0.022319583881271064,0.009825630683854369
66,14.08.2013,2013-08-14,2,2013,True,0.0119859448701201,0.011681198970035271,0.022319583881271064,0.009775201891018567
66,15.08.2013,2013-08-15,2,2013,True,0.0119431588627307,0.011686064736190514,0.022319583881271064,0.00977927372017275
66,16.08.2013,2013-08-16,2,2013,True,0.011943667749928,0.011678760545800672,0.022319583881271064,0.009821491626203119
66,20.08.2013,2013-08-20,2,2013,True,0.0118975034766857,0.01169885670277115,0.022319583881271064,0.009789978448020435
66,21.08.2013,2013-08-21,2,2013,True,0.0120306123263462,0.011661376912114503,0.022319583881271064,0.009767176793862986
66,22.08.2013,2013-08-22,2,2013,True,0.0121892560688002,0.011667898193079878,0.022319583881271064,0.00977263879930122
66,23.08.2013,2013-08-23,2,2013,True,0.0121908432908256,0.01163979309106429,0.022319583881271064,0.009701122429981187
66,26.08.2013,2013-08-26,2,2013,True,0.0122142006782513,0.011722940016686298,0.022319583881271064,0.009770420784241013
66,27.08.2013,2013-08-27,2,2013,True,0.0115757477961756,0.011686108124897643,0.022319583881271064,0.009779310029234264
66,28.08.2013,2013-08-28,2,2013,True,0.0113319380147289,0.013419140119677736,0.022319583881271064,0.010507917598643626
66,29.08.2013,2013-08-29,2,2013,True,0.0114911273399075,0.013714393833629783,0.022319583881271064,0.010739117337913964
66,30.08.2013,2013-08-30,2,2013,True,0.0114329238124186,0.01370980678684453,0.022319583881271064,0.010735525430443687
66,03.09.2013,2013-09-03,2,2013,True,0.0112842269231431,0.013916315889294364,0.022319583881271064,0.010826045826959108
66,04.09.2013,2013-09-04,2,2013,True,0.0113113552096684,0.014447355270534706,0.022319583881271064,0.010942250118412227
66,05.09.2013,2013-09-05,2,2013,True,0.0113047038248339,0.014336331394192913,0.022319583881271064,0.010858161992848841
66,06.09.2013,2013-09-06,2,2013,True,0.0114269863171335,0.014031984228534895,0.022319583881271064,0.01059929577639895
66,09.09.2013,2013-09-09,2,2013,True,0.0111466006740255,0.01412459032538004,0.022319583881271064,0.010608969631500547
66,10.09.2013,2013-09-10,2,2013,True,0.0108181374507717,0.01452253769685403,0.022319583881271064,0.010704446123090298
66,11.09.2013,2013-09-11,2,2013,True,0.0109409486276025,0.014406123781161006,0.022319583881271064,0.01094106219465069
66,12.09.2013,2013-09-12,2,2013,True,0.0108708156322802,0.013581142362125655,0.022319583881271064,0.010867530821169816
66,13.09.2013,2013-09-13,2,2013,True,0.0108764325229588,0.013640883547121325,0.022319583881271064,0.010915335280612361
66,18.09.2013,2013-09-18,2,2013,True,0.0106029117796869,0.013625339809137155,0.022319583881271064,0.01090289729512373
66,19.09.2013,2013-09-19,2,2013,True,0.0103900499915662,0.013938160566438146,0.022319583881271064,0.01115321417796201
66,20.09.2013,2013-09-20,2,2013,True,0.0104396761500777,0.013981485447837116,0.022319583881271064,0.011333829650817952
66,23.09.2013,2013-09-23,2,2013,True,0.0103766027029485,0.013901260587603267,0.022319583881271064,0.011268796868497116
66,24.09.2013,2013-09-24,2,2013,True,0.0109197957338561,0.013908298202357349,0.022319583881271064,0.011331436871912392
66,25.09.2013,2013-09-25,2,2013,True,0.0109608113639929,0.013883118559990264,0.022319583881271064,0.011310922390285043
66,26.09.2013,2013-09-26,2,2013,True,0.0109115512956998,0.013893592777956288,0.022319583881271064,0.01131945599647739
66,27.09.2013,2013-09-27,2,2013,True,0.0109193449595202,0.013799099778746994,0.022319583881271064,0.011185982119743372
66,30.09.2013,2013-09-30,2,2013,True,0.0109178809274264,0.013826644754854183,0.022319583881271064,0.011208310939388427
66,01.10.2013,2013-10-01,2,2013,True,0.0109415521545069,0.011912586794283886,0.022319583881271064,0.010132224938309755
66,02.10.2013,2013-10-02,2,2013,True,0.0108926149172539,0.01177871331544238,0.022319583881271064,0.010018359140366771
66,03.10.2013,2013-10-03,2,2013,True,0.0109046702033229,0.011934666806976368,0.022319583881271064,0.010100001165644806
66,04.10.2013,2013-10-04,2,2013,True,0.0108962066457657,0.011942100486171761,0.022319583881271064,0.010106292096908562
66,07.10.2013,2013-10-07,2,2013,True,0.0109299632033575,0.011943531236265235,0.022319583881271064,0.010107502903866606
66,08.10.2013,2013-10-08,2,2013,True,0.0109140112669034,0.011907915259584026,0.022319583881271064,0.010027196695626942
66,09.10.2013,2013-10-09,2,2013,True,0.0108477527827453,0.011866556185789948,0.022319583881271064,0.009992369812915597
66,10.10.2013,2013-10-10,2,2013,True,0.0104873472122374,0.011930619569313409,0.022319583881271064,0.010046315120181712
66,11.10.2013,2013-10-11,2,2013,True,0.0105001101542134,0.012363188121212367,0.022319583881271064,0.010416684581490495
66,14.10.2013,2013-10-14,2,2013,True,0.010505814486722,0.01216896877538747,0.022319583881271064,0.010253043808152252
66,15.10.2013,2013-10-15,2,2013,True,0.0105250719700868,0.011899202045986214,0.022319583881271064,0.01001985963412695
66,16.10.2013,2013-10-16,2,2013,True,0.0105085822140125,0.011909324380413432,0.022319583881271064,0.010091775519632444
66,17.10.2013,2013-10-17,2,2013,True,0.0105221517497916,0.011954571102919708,0.022319583881271064,0.010130116885771014
66,21.10.2013,2013-10-21,2,2013,True,0.0104223560754333,0.01191461210974498,0.022319583881271064,0.010102191393150906
66,22.10.2013,2013-10-22,2,2013,True,0.0105596801845623,0.011950210369749288,0.022319583881271064,0.010175236921749762
66,23.10.2013,2013-10-23,2,2013,True,0.0102841371972375,0.011879254469509593,0.022319583881271064,0.010108876061626857
66,24.10.2013,2013-10-24,2,2013,True,0.0102476350360873,0.012223159195361826,0.022319583881271064,0.010401528286526246
66,25.10.2013,2013-10-25,2,2013,True,0.0102631491290616,0.012260870049962696,0.022319583881271064,0.01043361905083445
66,28.10.2013,2013-10-28,2,2013,True,0.0098484463155933,0.012253706842466978,0.022319583881271064,0.010433654842377769
66,29.10.2013,2013-10-29,2,2013,True,0.0102008805949521,0.012592030838104921,0.022319583881271064,0.010779296146489332
66,30.10.2013,2013-10-30,2,2013,True,0.0102102146072167,0.01261839933441196,0.022319583881271064,0.01080186866352694
66,31.10.2013,2013-10-31,2,2013,True,0.0101460415941128,0.01266193585807386,0.022319583881271064,0.010839137717881548
66,01.11.2013,2013-11-01,2,2013,True,0.0095568672853311,0.012454325173125887,0.022319583881271064,0.010807820049124523
66,04.11.2013,2013-11-04,2,2013,True,0.0095519651044723,0.013036073340138624,0.022319583881271064,0.011312659084205187
66,05.11.2013,2013-11-05,2,2013,True,0.0094877388335552,0.012819391344411232,0.022319583881271064,0.011307202994725795
66,06.11.2013,2013-11-06,2,2013,True,0.0096731924862868,0.012866155397755747,0.022319583881271064,0.011348450713109332
66,07.11.2013,2013-11-07,2,2013,True,0.0094193087877529,0.012906913070741249,0.022319583881271064,0.011333262807608172
66,08.11.2013,2013-11-08,2,2013,True,0.0092512879875041,0.013072887454694102,0.022319583881271064,0.011479001087734399
66,11.11.2013,2013-11-11,2,2013,True,0.0091770567635728,0.013046252908183245,0.022319583881271064,0.011455613906483966
66,12.11.2013,2013-11-12,2,2013,True,0.0092436228829757,0.01314872062147467,0.022319583881271064,0.011545588443204052
66,13.11.2013,2013-11-13,2,2013,True,0.0091255850135672,0.01317082797442871,0.022319583881271064,0.011560994815877421
66,14.11.2013,2013-11-14,2,2013,True,0.0090068585192508,0.0132749804792522,0.022319583881271064,0.011652417053770344
66,15.11.2013,2013-11-15,2,2013,True,0.0090076182750113,0.01336956029985254,0.022319583881271064,0.011735436649635545
66,19.11.2013,2013-11-19,2,2013,True,0.0091113265666553,0.013329632684739648,0.022319583881271064,0.011700389274312847
66,20.11.2013,2013-11-20,2,2013,True,0.0092835282284154,0.013430416578764912,0.022319583881271064,0.011717378439416275
66,21.11.2013,2013-11-21,2,2013,True,0.0091612764331291,0.013479935402218902,0.022319583881271064,0.011760581179322532
66,22.11.2013,2013-11-22,2,2013,True,0.0091013356179098,0.013690919042262937,0.022319583881271064,0.011944654036662663
66,25.11.2013,2013-11-25,2,2013,True,0.0091640980518337,0.013738246445494484,0.022319583881271064,0.011985944870120183
66,26.11.2013,2013-11-26,2,2013,True,0.0092191421396333,0.013775739921994422,0.022319583881271064,0.011943158862730724
66,27.11.2013,2013-11-27,2,2013,True,0.0092226520357952,0.013776326893813215,0.022319583881271064,0.011943667749928034
66,29.11.2013,2013-11-29,2,2013,True,0.0090670382627739,0.013723079086496627,0.022319583881271064,0.011897503476685715
66,02.12.2013,2013-12-02,2,2013,True,0.008864159625365,0.013876612411751246,0.022319583881271064,0.012030612326346238
66,03.12.2013,2013-12-03,2,2013,True,0.0088736147265619,0.01403631471777926,0.022319583881271064,0.012189256068800227
66,04.12.2013,2013-12-04,2,2013,True,0.0088415001939956,0.014029895193718757,0.022319583881271064,0.012190843290825615
66,05.12.2013,2013-12-05,2,2013,True,0.0090056713709821,0.014056776164113058,0.022319583881271064,0.012214200678251358
66,06.12.2013,2013-12-06,2,2013,True,0.0090278753628042,0.013322009355291028,0.022319583881271064,0.011575747796175683
66,09.12.2013,2013-12-09,2,2013,True,0.008733008210428,0.013041419604500289,0.022319583881271064,0.011331938014728909
66,10.12.2013,2013-12-10,2,2013,True,0.008753073713007,0.013322506033877947,0.022319583881271064,0.011491127339907594
66,11.12.2013,2013-12-11,2,2013,True,0.0087438992205671,0.013255026419108452,0.022319583881271064,0.01143292381241867
66,12.12.2013,2013-12-12,2,2013,True,0.0086740900686525,0.013082631218359793,0.022319583881271064,0.011284226923143166
66,13.12.2013,2013-12-13,2,2013,True,0.0086718182839482,0.013114083028981214,0.022319583881271064,0.011311355209668415
66,16.12.2013,2013-12-16,2,2013,True,0.0085170615208493,0.0131063715911066,0.022319583881271064,0.011304703824833937
66,17.12.2013,2013-12-17,2,2013,True,0.0085229837077255,0.013150806436015227,0.022319583881271064,0.011426986317133589
66,19.12.2013,2013-12-19,2,2013,True,0.0085282729247904,0.01282812316523698,0.022319583881271064,0.01114660067402559
66,20.12.2013,2013-12-20,2,2013,True,0.0086929159324488,0.01245010956213284,0.022319583881271064,0.010818137450771714
66,23.12.2013,2013-12-23,2,2013,True,0.0087351589690435,0.012591447441592823,0.022319583881271064,0.010940948627602576
66,24.12.2013,2013-12-24,2,2013,True,0.0088872691949708,0.012565936066754164,0.022319583881271064,0.010870815632280208
66,26.12.2013,2013-12-26,2,2013,True,0.0089177373525015,0.01257242881684297,0.022319583881271064,0.010876432522958859
66,27.12.2013,2013-12-27,2,2013,True,0.0089624787175298,0.012256257124750251,0.022319583881271064,0.01060291177968694
66,30.12.2013,2013-12-30,2,2013,True,0.0091835212147998,0.012010203129258214,0.022319583881271064,0.010390049991566227
66,31.12.2013,2013-12-31,2,2013,True,0.009183864211943,0.012052354804625052,0.022319583881271064,0.010439676150077778
66,02.01.2014,2014-01-02,3,2014,True,0.0085501973681491,0.010833051066894988,0.02012930664733307,0.010376602702948549
66,03.01.2014,2014-01-03,3,2014,True,0.0084893333737022,0.011495404816647885,0.02012930664733307,0.010919795733856145
66,06.01.2014,2014-01-06,3,2014,True,0.0087124806984432,0.011538582480747421,0.02012930664733307,0.010960811363992908
66,07.01.2014,2014-01-07,3,2014,True,0.0086950268715376,0.011362334279924453,0.02012930664733307,0.010911551295699897
66,08.01.2014,2014-01-08,3,2014,True,0.0086913072614687,0.011370449919139481,0.02012930664733307,0.010919344959520247
66,09.01.2014,2014-01-09,3,2014,True,0.0086778162436978,0.011368925404284,0.02012930664733307,0.010917880927426418
66,10.01.2014,2014-01-10,3,2014,True,0.0086363045270992,0.011393574547894825,0.02012930664733307,0.010941552154506913
66,13.01.2014,2014-01-13,3,2014,True,0.0086521172204404,0.011342615593174728,0.02012930664733307,0.010892614917253999
66,14.01.2014,2014-01-14,3,2014,True,0.0086426238149024,0.010605950953433968,0.02012930664733307,0.010904670203322937
66,15.01.2014,2014-01-15,3,2014,True,0.0087065817948847,0.010597719244022412,0.02012930664733307,0.010896206645765794
66,16.01.2014,2014-01-16,3,2014,True,0.0087519704261528,0.010630551084646618,0.02012930664733307,0.010929963203357559
66,17.01.2014,2014-01-17,3,2014,True,0.0089142688501384,0.010534784019778648,0.02012930664733307,0.010914011266903419
66,22.01.2014,2014-01-22,3,2014,True,0.0088599848044842,0.010463156178026636,0.02012930664733307,0.010847752782745357
66,23.01.2014,2014-01-23,3,2014,True,0.008885795911515,0.010677245952546955,0.02012930664733307,0.010487347212237475
66,24.01.2014,2014-01-24,3,2014,True,0.0088864810561444,0.010690239998400233,0.02012930664733307,0.010500110154213402
66,27.01.2014,2014-01-27,3,2014,True,0.008826669605942,0.010696047621620632,0.02012930664733307,0.010505814486722073
66,28.01.2014,2014-01-28,3,2014,True,0.0088476161519031,0.011504652028507699,0.02012930664733307,0.01052507197008684
66,29.01.2014,2014-01-29,3,2014,True,0.0088653056664293,0.011486627552645809,0.02012930664733307,0.010508582214012565
66,30.01.2014,2014-01-30,3,2014,True,0.0089506368771642,0.011589199725263037,0.02012930664733307,0.01052215174979163
66,31.01.2014,2014-01-31,3,2014,True,0.0087665702069782,0.010935721788691621,0.02012930664733307,0.010422356075433311
66,03.02.2014,2014-02-03,3,2014,True,0.0087573134471165,0.011079809962368096,0.02012930664733307,0.01055968018456235
66,04.02.2014,2014-02-04,3,2014,True,0.008768274071789,0.012040715341070934,0.02012930664733307,0.010284137197237586
66,05.02.2014,2014-02-05,3,2014,True,0.008799785711447,0.011409755760983499,0.02012930664733307,0.010247635036087322
66,06.02.2014,2014-02-06,3,2014,True,0.0087976155360387,0.010717742606291871,0.02012930664733307,0.010263149129061618
66,07.02.2014,2014-02-07,3,2014,True,0.0083797704775012,0.010284671045412723,0.02012930664733307,0.00984844631559333
66,10.02.2014,2014-02-10,3,2014,True,0.0083085066744357,0.010652715964598922,0.02012930664733307,0.01020088059495211
66,11.02.2014,2014-02-11,3,2014,True,0.0083955596624206,0.010079026266909333,0.02012930664733307,0.010210214607216765
66,12.02.2014,2014-02-12,3,2014,True,0.0084020538182667,0.010015677795835712,0.02012930664733307,0.010146041594112884
66,13.02.2014,2014-02-13,3,2014,True,0.0084545695177938,0.00943407363153127,0.02012930664733307,0.009556867285331143
66,14.02.2014,2014-02-14,3,2014,True,0.0084580075569798,0.009429234437494508,0.02012930664733307,0.009551965104472312
66,19.02.2014,2014-02-19,3,2014,True,0.0082311911573664,0.009365833392903235,0.02012930664733307,0.009487738833555259
66,20.02.2014,2014-02-20,3,2014,True,0.0082496467742066,0.00962861231022908,0.02012930664733307,0.009673192486286878
66,21.02.2014,2014-02-21,3,2014,True,0.0082375469343535,0.009305015309791097,0.02012930664733307,0.009419308787752996
66,24.02.2014,2014-02-24,3,2014,True,0.0081909233365716,0.009208652213654984,0.02012930664733307,0.009251287987504103
66,25.02.2014,2014-02-25,3,2014,True,0.0081166054141002,0.009875035777473735,0.02012930664733307,0.009177056763572899
66,26.02.2014,2014-02-26,3,2014,True,0.0081427690605105,0.009946664713373942,0.02012930664733307,0.009243622882975727
66,27.02.2014,2014-02-27,3,2014,True,0.0081184634851018,0.00981964924277863,0.02012930664733307,0.009125585013567288
66,28.02.2014,2014-02-28,3,2014,True,0.0081311365340627,0.009691892772560107,0.02012930664733307,0.009006858519250826
66,03.03.2014,2014-03-03,3,2014,True,0.0077753500526064,0.009692710313031996,0.02012930664733307,0.009007618275011323
66,04.03.2014,2014-03-04,3,2014,True,0.0074854161729662,0.010139718536874233,0.02012930664733307,0.009111326566655331
66,05.03.2014,2014-03-05,3,2014,True,0.0074362495354142,0.009694730611353711,0.02012930664733307,0.009283528228415477
66,06.03.2014,2014-03-06,3,2014,True,0.0074488493600894,0.00956706382423413,0.02012930664733307,0.009161276433129103
66,07.03.2014,2014-03-07,3,2014,True,0.0073950078280064,0.009504468004856208,0.02012930664733307,0.009101335617909836
66,10.03.2014,2014-03-10,3,2014,True,0.0080498739815002,0.009570010423044015,0.02012930664733307,0.009164098051833738
66,11.03.2014,2014-03-11,3,2014,True,0.0080443653694608,0.009965246164047594,0.02012930664733307,0.009219142139633348
66,12.03.2014,2014-03-12,3,2014,True,0.0080198744393588,0.010464553521210417,0.02012930664733307,0.009222652035795203
66,13.03.2014,2014-03-13,3,2014,True,0.0079792359977337,0.010444427781431126,0.02012930664733307,0.009067038262773901
66,14.03.2014,2014-03-14,3,2014,True,0.0079185751324539,0.010057787332771986,0.02012930664733307,0.008864159625365024
66,17.03.2014,2014-03-17,3,2014,True,0.0079540296301711,0.010753747474039116,0.02012930664733307,0.008873614726561903
66,18.03.2014,2014-03-18,3,2014,True,0.0076710840489486,0.00940883820763554,0.02012930664733307,0.008841500193995683
66,19.03.2014,2014-03-19,3,2014,True,0.0076226729401735,0.009583543858116812,0.02012930664733307,0.0090056713709821
66,20.03.2014,2014-03-20,3,2014,True,0.0076053926053931,0.009607172627220958,0.02012930664733307,0.009027875362804243
66,21.03.2014,2014-03-21,3,2014,True,0.007619811188821,0.009293384551828768,0.02012930664733307,0.008733008210428075
66,24.03.2014,2014-03-24,3,2014,True,0.0076784176563288,0.00931473760992724,0.02012930664733307,0.008753073713007004
66,25.03.2014,2014-03-25,3,2014,True,0.0076777686720965,0.009304974412154231,0.02012930664733307,0.008743899220567116
66,26.03.2014,2014-03-26,3,2014,True,0.0077607151027174,0.009230685773194225,0.02012930664733307,0.008674090068652532
66,27.03.2014,2014-03-27,3,2014,True,0.0077168120312775,0.009228268213475145,0.02012930664733307,0.008671818283948243
66,28.03.2014,2014-03-28,3,2014,True,0.007811471270171,0.009063581077402523,0.02012930664733307,0.00851706152084937
66,31.03.2014,2014-03-31,3,2014,True,0.007807315238361,0.009069883276908292,0.02012930664733307,0.008522983707725496
66,01.04.2014,2014-04-01,3,2014,True,0.0074342189559252,0.009075511890437352,0.02012930664733307,0.008528272924790439
66,02.04.2014,2014-04-02,3,2014,True,0.0075200100573031,0.00925071964784128,0.02012930664733307,0.008692915932448838
66,03.04.2014,2014-04-03,3,2014,True,0.0074040652542784,0.009295673319503081,0.02012930664733307,0.008735158969043524
66,04.04.2014,2014-04-04,3,2014,True,0.0073887341468863,0.00938604215020881,0.02012930664733307,0.008887269194970855
66,07.04.2014,2014-04-07,3,2014,True,0.0076755522688239,0.009418220247276472,0.02012930664733307,0.00891773735250154
66,08.04.2014,2014-04-08,3,2014,True,0.0073780682461032,0.009598810253338554,0.02012930664733307,0.00896247871752982
66,09.04.2014,2014-04-09,3,2014,True,0.0074491762936247,0.009835546658086676,0.02012930664733307,0.009183521214799897
66,10.04.2014,2014-04-10,3,2014,True,0.0074294299641605,0.009835914007856578,0.02012930664733307,0.009183864211943057
66,11.04.2014,2014-04-11,3,2014,True,0.0074300158008535,0.009157257132999776,0.02012930664733307,0.008550197368149177
66,14.04.2014,2014-04-14,3,2014,True,0.0073086460499621,0.009092071825188307,0.02012930664733307,0.008489333373702288
66,15.04.2014,2014-04-15,3,2014,True,0.0073196548439941,0.009271539838281028,0.02012930664733307,0.008712480698443291
66,16.04.2014,2014-04-16,3,2014,True,0.007329049337665,0.00925296604086472,0.02012930664733307,0.00869502687153762
66,17.04.2014,2014-04-17,3,2014,True,0.0073263879841619,0.009249007752275024,0.02012930664733307,0.00869130726146873
66,21.04.2014,2014-04-21,3,2014,True,0.0073862368618005,0.009234651048019205,0.02012930664733307,0.008677816243697806
66,22.04.2014,2014-04-22,3,2014,True,0.0075115343661248,0.009264663391425234,0.02012930664733307,0.008636304527099216
66,23.04.2014,2014-04-23,3,2014,True,0.0075660741178691,0.009352331988810579,0.02012930664733307,0.008652117220440474
66,24.04.2014,2014-04-24,3,2014,True,0.0074355027020738,0.009342070283145501,0.02012930664733307,0.00864262381490246
66,25.04.2014,2014-04-25,3,2014,True,0.0075152844331641,0.009411204374476895,0.02012930664733307,0.008706581794884727
66,28.04.2014,2014-04-28,3,2014,True,0.007357804209757,0.009460266302016955,0.02012930664733307,0.008751970426152868
66,29.04.2014,2014-04-29,3,2014,True,0.0074053273273251,0.009486276255162738,0.02012930664733307,0.00891426885013845
66,30.04.2014,2014-04-30,3,2014,True,0.0073766060232324,0.009428508931562685,0.02012930664733307,0.008859984804484229
66,01.05.2014,2014-05-01,3,2014,True,0.0074242774801304,0.00945597627586897,0.02012930664733307,0.008885795911515008
66,02.05.2014,2014-05-02,3,2014,True,0.0073546972088866,0.009456705384597768,0.02012930664733307,0.008886481056144434
66,05.05.2014,2014-05-05,3,2014,True,0.0073705964389647,0.009322041579906354,0.02012930664733307,0.008826669605942063
66,06.05.2014,2014-05-06,3,2014,True,0.0073491550550087,0.00947579250262345,0.02012930664733307,0.008847616151903102
66,07.05.2014,2014-05-07,3,2014,True,0.0072451028538231,0.009422955117824736,0.02012930664733307,0.008865305666429369
66,08.05.2014,2014-05-08,3,2014,True,0.0074919515207926,0.009513653870824243,0.02012930664733307,0.00895063687716427
66,09.05.2014,2014-05-09,3,2014,True,0.0076570793024175,0.009381126194803082,0.02012930664733307,0.008766570206978212
66,12.05.2014,2014-05-12,3,2014,True,0.0080705719575139,0.00937122051557315,0.02012930664733307,0.008757313447116574
66,13.05.2014,2014-05-13,3,2014,True,0.007999734664223,0.009530746093319341,0.02012930664733307,0.008768274071789067
66,14.05.2014,2014-05-14,3,2014,True,0.0079120523324505,0.009564997923737226,0.02012930664733307,0.008799785711447055
66,15.05.2014,2014-05-15,3,2014,True,0.0079007370108833,0.00956263903410564,0.02012930664733307,0.008797615536038715
66,16.05.2014,2014-05-16,3,2014,True,0.0079661677201205,0.009108458983771498,0.02012930664733307,0.008379770477501252
66,19.05.2014,2014-05-19,3,2014,True,0.0079157272477792,0.009030998219304013,0.02012930664733307,0.008308506674435792
66,20.05.2014,2014-05-20,3,2014,True,0.0079058659429942,0.0088622100566743,0.02012930664733307,0.008395559662420697
66,21.05.2014,2014-05-21,3,2014,True,0.0078492081165672,0.008869065177185944,0.02012930664733307,0.00840205381826676
66,22.05.2014,2014-05-22,3,2014,True,0.0078489706833275,0.008924499856849417,0.02012930664733307,0.008454569517793806
66,23.05.2014,2014-05-23,3,2014,True,0.0078519970914653,0.008928128992568162,0.02012930664733307,0.008458007556979844
66,27.05.2014,2014-05-27,3,2014,True,0.0078411798381642,0.00868870545697354,0.02012930664733307,0.008231191157366464
66,28.05.2014,2014-05-28,3,2014,True,0.0079046494037652,0.008584257423075116,0.02012930664733307,0.008249646774206618
66,29.05.2014,2014-05-29,3,2014,True,0.0085710263689305,0.00857166680641969,0.02012930664733307,0.008237546934353551
66,30.05.2014,2014-05-30,3,2014,True,0.0091057513970178,0.008523152127391102,0.02012930664733307,0.008190923336571638
66,02.06.2014,2014-06-02,3,2014,True,0.0091467182293927,0.008379560305254299,0.02012930664733307,0.008116605414100274
66,03.06.2014,2014-06-03,3,2014,True,0.0092120642181957,0.008621296794504721,0.02012930664733307,0.008142769060510572
66,04.06.2014,2014-06-04,3,2014,True,0.0092268254189253,0.008595562848496578,0.02012930664733307,0.008118463485101831
66,05.06.2014,2014-06-05,3,2014,True,0.0092763375114438,0.008608980657054222,0.02012930664733307,0.008131136534062711
66,06.06.2014,2014-06-06,3,2014,True,0.0093569290366719,0.008232285600457039,0.02012930664733307,0.007775350052606469
66,09.06.2014,2014-06-09,3,2014,True,0.0091915258540284,0.007925313118665457,0.02012930664733307,0.007485416172966239
66,10.06.2014,2014-06-10,3,2014,True,0.0092418674118237,0.007710807031259657,0.02012930664733307,0.007436249535414279
66,11.06.2014,2014-06-11,3,2014,True,0.0092205915000346,0.007723872060376205,0.02012930664733307,0.007448849360089469
66,12.06.2014,2014-06-12,3,2014,True,0.0084560676856863,0.007668042618103922,0.02012930664733307,0.007395007828006429
66,13.06.2014,2014-06-13,3,2014,True,0.0090293381765026,0.008505168454688712,0.02012930664733307,0.008049873981500226
66,16.06.2014,2014-06-16,3,2014,True,0.009127370838736,0.008829155821567685,0.02012930664733307,0.008044365369460835
66,17.06.2014,2014-06-17,3,2014,True,0.0091840024823176,0.008763869429762304,0.02012930664733307,0.008019874439358895
66,18.06.2014,2014-06-18,3,2014,True,0.009234266176352,0.00830657973793336,0.02012930664733307,0.00797923599773378
66,19.06.2014,2014-06-19,3,2014,True,0.0091598136594428,0.008243430294231992,0.02012930664733307,0.007918575132453967
66,20.06.2014,2014-06-20,3,2014,True,0.0091706589841375,0.008280339293093552,0.02012930664733307,0.007954029630171187
66,23.06.2014,2014-06-23,3,2014,True,0.0091679811639828,0.00798578602601529,0.02012930664733307,0.0076710840489486445
66,24.06.2014,2014-06-24,3,2014,True,0.0091481278011446,0.00817493409570842,0.02012930664733307,0.007622672940173523
66,25.06.2014,2014-06-25,3,2014,True,0.0091632447861527,0.008156401804071322,0.02012930664733307,0.007605392605393129
66,26.06.2014,2014-06-26,3,2014,True,0.0096120132326683,0.008171865011033274,0.02012930664733307,0.007619811188821103
66,27.06.2014,2014-06-27,3,2014,True,0.0096075167025095,0.008234717505587158,0.02012930664733307,0.007678417656328874
66,30.06.2014,2014-06-30,3,2014,True,0.0096037649421829,0.008234021502574866,0.02012930664733307,0.00767776867209659
66,01.07.2014,2014-07-01,3,2014,True,0.0096653712147886,0.008157063879707101,0.02012930664733307,0.007760715102717428
66,02.07.2014,2014-07-02,3,2014,True,0.0096828557194115,0.008049597967871394,0.02012930664733307,0.0077168120312775205
66,03.07.2014,2014-07-03,3,2014,True,0.0096991083317173,0.008172277723902789,0.02012930664733307,0.007811471270171066
66,07.07.2014,2014-07-07,3,2014,True,0.0097069965061784,0.00819917068590639,0.02012930664733307,0.007807315238361053
66,08.07.2014,2014-07-08,3,2014,True,0.0097530138721789,0.007886344101873988,0.02012930664733307,0.007434218955925282
66,09.07.2014,2014-07-09,3,2014,True,0.0097613709918068,0.00797735274048897,0.02012930664733307,0.007520010057303129
66,10.07.2014,2014-07-10,3,2014,True,0.0098381532711632,0.007854356549645286,0.02012930664733307,0.0074040652542784365
66,11.07.2014,2014-07-11,3,2014,True,0.0109104283873064,0.007838093053900349,0.02012930664733307,0.007388734146886369
66,14.07.2014,2014-07-14,3,2014,True,0.0109708635413173,0.008142354526109187,0.02012930664733307,0.007675552268823907
66,15.07.2014,2014-07-15,3,2014,True,0.0110470662762601,0.007705407155414153,0.02012930664733307,0.007378068246103219
66,16.07.2014,2014-07-16,3,2014,True,0.011057349664916,0.007779670016627096,0.02012930664733307,0.007449176293624757
66,17.07.2014,2014-07-17,3,2014,True,0.0111694690761693,0.007759047612053007,0.02012930664733307,0.007429429964160587
66,18.07.2014,2014-07-18,3,2014,True,0.0111218606537114,0.00775965944025723,0.02012930664733307,0.007430015800853522
66,21.07.2014,2014-07-21,3,2014,True,0.011221259152083,0.007632904940871367,0.02012930664733307,0.007308646049962107
66,22.07.2014,2014-07-22,3,2014,True,0.0117516108539781,0.007764812571289369,0.02012930664733307,0.007319654843994115
66,23.07.2014,2014-07-23,3,2014,True,0.0117032623228626,0.007774778407672558,0.02012930664733307,0.007329049337665009
66,24.07.2014,2014-07-24,3,2014,True,0.0116831167021515,0.007771955199259391,0.02012930664733307,0.00732638798416197
66,25.07.2014,2014-07-25,3,2014,True,0.0115422112663177,0.007835443892014753,0.02012930664733307,0.007386236861800555
66,28.07.2014,2014-07-28,3,2014,True,0.0116984315764428,0.00796836158519349,0.02012930664733307,0.0075115343661248226
66,29.07.2014,2014-07-29,3,2014,True,0.0117150800485494,0.008026218268193585,0.02012930664733307,0.007566074117869115
66,30.07.2014,2014-07-30,3,2014,True,0.0116739993571259,0.007887705921310146,0.02012930664733307,0.00743550270207382
66,31.07.2014,2014-07-31,3,2014,True,0.0117301599361153,0.007972339719178004,0.02012930664733307,0.007515284433164107
66,01.08.2014,2014-08-01,3,2014,True,0.0119490698585965,0.008778118870502049,0.02012930664733307,0.007357804209757053
66,04.08.2014,2014-08-04,3,2014,True,0.0119138052377862,0.008834815619045065,0.02012930664733307,0.007405327327325121
66,05.08.2014,2014-08-05,3,2014,True,0.0119073005044984,0.008800550094405717,0.02012930664733307,0.007376606023232491
66,06.08.2014,2014-08-06,3,2014,True,0.0119629528291156,0.008857423816979813,0.02012930664733307,0.007424277480130445
66,07.08.2014,2014-08-07,3,2014,True,0.0119281640509788,0.00874715839062534,0.02012930664733307,0.007354697208886605
66,08.08.2014,2014-08-08,3,2014,True,0.011940567178082,0.008336294251157695,0.02012930664733307,0.0073705964389647214
66,11.08.2014,2014-08-11,3,2014,True,0.0120329294724598,0.008312043610481658,0.02012930664733307,0.007349155055008705
66,12.08.2014,2014-08-12,3,2014,True,0.0124020815132382,0.007685726570264503,0.02012930664733307,0.007245102853823197
66,13.08.2014,2014-08-13,3,2014,True,0.0122347026673923,0.007947587774562032,0.02012930664733307,0.0074919515207926635
66,14.08.2014,2014-08-14,3,2014,True,0.012398643384981,0.008122758093649204,0.02012930664733307,0.007657079302417597
66,15.08.2014,2014-08-15,3,2014,True,0.0124201954387206,0.008507076669684982,0.02012930664733307,0.008070571957513926
66,18.08.2014,2014-08-18,3,2014,True,0.0124203656712407,0.00890806501791854,0.02012930664733307,0.007999734664223084
66,19.08.2014,2014-08-19,3,2014,True,0.0126461288287575,0.009557893656149681,0.02012930664733307,0.007912052332450539
66,20.08.2014,2014-08-20,3,2014,True,0.0127428865051737,0.009514579160372044,0.02012930664733307,0.007900737010883396
66,21.08.2014,2014-08-21,3,2014,True,0.0127255584122017,0.008556766672433287,0.02012930664733307,0.007966167720120584
66,22.08.2014,2014-08-22,3,2014,True,0.0128294067079291,0.008502586624029076,0.02012930664733307,0.007915727247779242
66,25.08.2014,2014-08-25,3,2014,True,0.0128009309161606,0.008491994217856458,0.02012930664733307,0.007905865942994274
66,26.08.2014,2014-08-26,3,2014,True,0.0176374921907656,0.008412630560972514,0.02012930664733307,0.007849208116567209
66,27.08.2014,2014-08-27,3,2014,True,0.0182645277716193,0.00841237608458473,0.02012930664733307,0.007848970683327513
66,28.08.2014,2014-08-28,3,2014,True,0.0184728422464634,0.008415619730722308,0.02012930664733307,0.00785199709146535
66,29.08.2014,2014-08-29,3,2014,True,0.0184075659966528,0.008404026006316638,0.02012930664733307,0.007841179838164295
66,02.09.2014,2014-09-02,3,2014,True,0.0181999425206685,0.008472051468164094,0.02012930664733307,0.007904649403765255
66,03.09.2014,2014-09-03,3,2014,True,0.0178256334382552,0.009127973963519028,0.02012930664733307,0.008571026368930531
66,04.09.2014,2014-09-04,3,2014,True,0.0183824335340453,0.009697445567493532,0.02012930664733307,0.009105751397017808
66,05.09.2014,2014-09-05,3,2014,True,0.0184858851412627,0.010272939139691895,0.02012930664733307,0.009146718229392795
66,08.09.2014,2014-09-08,3,2014,True,0.0189387913478701,0.009856561078790528,0.02012930664733307,0.009212064218195773
66,09.09.2014,2014-09-09,3,2014,True,0.0189348767500929,0.011102826006514922,0.02012930664733307,0.00922682541892539
66,10.09.2014,2014-09-10,3,2014,True,0.0191278845239833,0.01116240491079581,0.02012930664733307,0.00927633751144382
66,11.09.2014,2014-09-11,3,2014,True,0.0191187439922765,0.011259382326275264,0.02012930664733307,0.009356929036671945
66,12.09.2014,2014-09-12,3,2014,True,0.0191795525871142,0.011135772885135465,0.02012930664733307,0.009191525854028429
66,15.09.2014,2014-09-15,3,2014,True,0.0191928475826777,0.01061474822780991,0.02012930664733307,0.0092418674118237
66,16.09.2014,2014-09-16,3,2014,True,0.0191734241613866,0.011242702681699645,0.02012930664733307,0.00922059150003462
66,17.09.2014,2014-09-17,3,2014,True,0.0194968657675095,0.00916785407997302,0.02012930664733307,0.008456067685686318
66,18.09.2014,2014-09-18,3,2014,True,0.0195573966800078,0.010169245018854049,0.02012930664733307,0.009029338176502671
66,19.09.2014,2014-09-19,3,2014,True,0.019906898138676,0.009895663929579981,0.02012930664733307,0.009127370838736038
66,22.09.2014,2014-09-22,3,2014,True,0.0199926071587382,0.009957062520977783,0.02012930664733307,0.009184002482317688
66,23.09.2014,2014-09-23,3,2014,True,0.0199918329623006,0.011224405725190255,0.02012930664733307,0.009234266176352065
66,24.09.2014,2014-09-24,3,2014,True,0.0201040496456091,0.011168596026892666,0.02012930664733307,0.00915981365944283
66,25.09.2014,2014-09-25,3,2014,True,0.0201029758302215,0.01059549768384953,0.02012930664733307,0.009170658984137504
66,26.09.2014,2014-09-26,3,2014,True,0.0200806556856455,0.010597486930232738,0.02012930664733307,0.009167981163982866
66,29.09.2014,2014-09-29,3,2014,True,0.0200649526226728,0.00991816810168206,0.02012930664733307,0.009148127801144636
66,30.09.2014,2014-09-30,3,2014,True,0.0209576043441575,0.01058693154724898,0.02012930664733307,0.009163244786152738
66,01.10.2014,2014-10-01,3,2014,True,0.0212714420728314,0.01119782775656419,0.02012930664733307,0.009612013232668339
66,02.10.2014,2014-10-02,3,2014,True,0.0213082105177882,0.011264059860280883,0.02012930664733307,0.009607516702509571
66,03.10.2014,2014-10-03,3,2014,True,0.0213155002717451,0.011259661215531284,0.02012930664733307,0.009603764942182978
66,06.10.2014,2014-10-06,3,2014,True,0.0212622009458273,0.011331889738664405,0.02012930664733307,0.00966537121478865
66,07.10.2014,2014-10-07,3,2014,True,0.021989213612452,0.011105428229993906,0.02012930664733307,0.009682855719411522
66,08.10.2014,2014-10-08,3,2014,True,0.0220084938706008,0.01112406862129406,0.02012930664733307,0.009699108331717395
66,09.10.2014,2014-10-09,3,2014,True,0.0229916498117501,0.011133115699747143,0.02012930664733307,0.009706996506178492
66,10.10.2014,2014-10-10,3,2014,True,0.0229948394104954,0.011185893781984422,0.02012930664733307,0.009753013872178893
66,13.10.2014,2014-10-13,3,2014,True,0.023019055649402,0.011195478701446968,0.02012930664733307,0.009761370991806873
66,14.10.2014,2014-10-14,3,2014,True,0.0226803494557387,0.011283541574367647,0.02012930664733307,0.00983815327116327
66,15.10.2014,2014-10-15,3,2014,True,0.0229659219346247,0.012466137767786177,0.02012930664733307,0.010910428387306487
66,16.10.2014,2014-10-16,3,2014,True,0.0228766060862787,0.012535190322752139,0.02012930664733307,0.01097086354131734
66,17.10.2014,2014-10-17,3,2014,True,0.0229132570369753,0.012622258745581805,0.02012930664733307,0.01104706627626012
66,20.10.2014,2014-10-20,3,2014,True,0.022803310388418,0.012875378102350406,0.02012930664733307,0.01105734966491607
66,21.10.2014,2014-10-21,3,2014,True,0.0231767886726217,0.01303505863467394,0.02012930664733307,0.011169469076169364
66,22.10.2014,2014-10-22,3,2014,True,0.023219363840679,0.012081884229294836,0.02012930664733307,0.011121860653711397
66,23.10.2014,2014-10-23,3,2014,True,0.0230132623610566,0.013136299516468823,0.02012930664733307,0.011221259152083054
66,24.10.2014,2014-10-24,3,2014,True,0.025242891190252,0.013757161998186848,0.02012930664733307,0.01175161085397818
66,27.10.2014,2014-10-27,3,2014,True,0.0257162497057161,0.013700562219382408,0.02012930664733307,0.01170326232286263
66,28.10.2014,2014-10-28,3,2014,True,0.026838065617322,0.013394780941110344,0.02012930664733307,0.01168311670215151
66,29.10.2014,2014-10-29,3,2014,True,0.0277604912502215,0.012466538060736478,0.02012930664733307,0.011542211266317708
66,30.10.2014,2014-10-30,3,2014,True,0.0284507456010065,0.012446012881559521,0.02012930664733307,0.01169843157644285
66,31.10.2014,2014-10-31,3,2014,True,0.0286566358158633,0.01265325057218513,0.02012930664733307,0.011715080048549445
66,03.11.2014,2014-11-03,3,2014,True,0.0287055144422088,0.012203811329178159,0.02012930664733307,0.011673999357125976
66,04.11.2014,2014-11-04,3,2014,True,0.028825142850588,0.012626421551898718,0.02012930664733307,0.011730159936115332
66,05.11.2014,2014-11-05,3,2014,True,0.0289867987329901,0.013525153034446773,0.02012930664733307,0.011949069858596504
66,06.11.2014,2014-11-06,3,2014,True,0.0296053578303271,0.012743525722923104,0.02012930664733307,0.011913805237786259
66,07.11.2014,2014-11-07,3,2014,True,0.0296026928902472,0.012545793859907423,0.02012930664733307,0.01190730050449846
66,10.11.2014,2014-11-10,3,2014,True,0.0316533279660265,0.012133599369701627,0.02012930664733307,0.011962952829115634
66,11.11.2014,2014-11-11,3,2014,True,0.0318418426489361,0.012541508506925923,0.02012930664733307,0.01192816405097885
66,12.11.2014,2014-11-12,3,2014,True,0.0318102537260076,0.012554549401015932,0.02012930664733307,0.011940567178082034
66,13.11.2014,2014-11-13,3,2014,True,0.0316387511607961,0.012651660951100912,0.02012930664733307,0.012032929472459843
66,14.11.2014,2014-11-14,3,2014,True,0.0317176444457306,0.013238079119552998,0.02012930664733307,0.012402081513238258
66,17.11.2014,2014-11-17,3,2014,True,0.0315731651496162,0.01305941762616724,0.02012930664733307,0.012234702667392391
66,18.11.2014,2014-11-18,3,2014,True,0.0322529398563433,0.013013358982903546,0.02012930664733307,0.012398643384981098
66,19.11.2014,2014-11-19,3,2014,True,0.03236954873146,0.012954075592839186,0.02012930664733307,0.012420195438720624
66,20.11.2014,2014-11-20,3,2014,True,0.0327600445347716,0.012760218983492643,0.02012930664733307,0.012420365671240769
66,21.11.2014,2014-11-21,3,2014,True,0.0331807482083364,0.013189720694232758,0.02012930664733307,0.012646128828757593
66,24.11.2014,2014-11-24,3,2014,True,0.033369024423976,0.01325487248959656,0.02012930664733307,0.012742886505173728
66,25.11.2014,2014-11-25,3,2014,True,0.0333326069648286,0.014007272714664419,0.02012930664733307,0.012725558412201786
66,26.11.2014,2014-11-26,3,2014,True,0.0333313294757947,0.014121580578577975,0.02012930664733307,0.012829406707929127
66,28.11.2014,2014-11-28,3,2014,True,0.0309721235131389,0.013125096946391204,0.02012930664733307,0.01280093091616068
66,01.12.2014,2014-12-01,3,2014,True,0.0307186228672327,0.019067108326442234,0.02012930664733307,0.01763749219076564
66,02.12.2014,2014-12-02,3,2014,True,0.0308545476189394,0.02139443116436571,0.02012930664733307,0.018264527771619337
66,03.12.2014,2014-12-03,3,2014,True,0.0309823643720561,0.021350921800784625,0.02012930664733307,0.018472842246463412
66,04.12.2014,2014-12-04,3,2014,True,0.0309884161766688,0.019754988624119892,0.02012930664733307,0.018407565996652886
66,05.12.2014,2014-12-05,3,2014,True,0.0313743643374177,0.01923960505540518,0.02012930664733307,0.018199942520668574
66,08.12.2014,2014-12-08,3,2014,True,0.0310882589982814,0.018140011641812916,0.02012930664733307,0.017825633438255276
66,09.12.2014,2014-12-09,3,2014,True,0.0310482627625179,0.020395341614154443,0.02012930664733307,0.018382433534045388
66,10.12.2014,2014-12-10,3,2014,True,0.0312832037759954,0.019504575748895216,0.02012930664733307,0.018485885141262703
66,11.12.2014,2014-12-11,3,2014,True,0.0314211071416783,0.02132460808762128,0.02012930664733307,0.01893879134787019
66,12.12.2014,2014-12-12,3,2014,True,0.0313224065462117,0.02132020034787233,0.02012930664733307,0.018934876750092915
66,15.12.2014,2014-12-15,3,2014,True,0.0313279534616707,0.02153752230155345,0.02012930664733307,0.019127884523983372
66,16.12.2014,2014-12-16,3,2014,True,0.0312868035879561,0.02161200715901205,0.02012930664733307,0.019118743992276532
66,17.12.2014,2014-12-17,3,2014,True,0.0314477006588322,0.02181609036385596,0.02012930664733307,0.019179552587114197
66,18.12.2014,2014-12-18,3,2014,True,0.0319732670513119,0.022087009826247575,0.02012930664733307,0.019192847582677704
66,19.12.2014,2014-12-19,3,2014,True,0.032208786344193,0.02206465747362935,0.02012930664733307,0.019173424161386603
66,22.12.2014,2014-12-22,3,2014,True,0.0321155335908886,0.021421862752653002,0.02012930664733307,0.019496865767509513
66,23.12.2014,2014-12-23,3,2014,True,0.0320311663372123,0.022957633107696135,0.02012930664733307,0.019557396680007857
66,24.12.2014,2014-12-24,3,2014,True,0.032232720626332,0.02337426328535863,0.02012930664733307,0.01990689813867608
66,26.12.2014,2014-12-26,3,2014,True,0.0325292708458774,0.02347490102343848,0.02012930664733307,0.019992607158738213
66,29.12.2014,2014-12-29,3,2014,True,0.0331205130158338,0.02347399197817989,0.02012930664733307,0.01999183296230065
66,30.12.2014,2014-12-30,3,2014,True,0.0331839404101921,0.022977248869917997,0.02012930664733307,0.020104049645609103
66,31.12.2014,2014-12-31,3,2014,True,0.0340378089356181,0.0210072302389437,0.02012930664733307,0.020102975830221578
66,02.01.2015,2015-01-02,4,2015,True,0.0340581472157001,0.020719968038060272,0.018478281637670832,0.020080655685645505
66,05.01.2015,2015-01-05,4,2015,True,0.0333159004660666,0.02283836769362507,0.018478281637670832,0.020064952622672855
66,06.01.2015,2015-01-06,4,2015,True,0.0329410829449179,0.024779211832059618,0.018478281637670832,0.020957604344157534
66,07.01.2015,2015-01-07,4,2015,True,0.0329511389964762,0.02515027769588633,0.018478281637670832,0.021271442072831444
66,08.01.2015,2015-01-08,4,2015,True,0.0331459671839189,0.022248376050578143,0.018478281637670832,0.021308210517788216
66,09.01.2015,2015-01-09,4,2015,True,0.0330579224208657,0.022255987444656223,0.018478281637670832,0.021315500271745128
66,12.01.2015,2015-01-12,4,2015,True,0.0327425467479461,0.021204239794212102,0.018478281637670832,0.021262200945827328
66,13.01.2015,2015-01-13,4,2015,True,0.0326291807693366,0.022383347203046283,0.018478281637670832,0.021989213612452055
66,14.01.2015,2015-01-14,4,2015,True,0.0324124824200748,0.022402973039600264,0.018478281637670832,0.02200849387060084
66,15.01.2015,2015-01-15,4,2015,True,0.0322727751078471,0.023403751019810553,0.018478281637670832,0.022991649811750132
66,16.01.2015,2015-01-16,4,2015,True,0.0324664965305896,0.02463670490456447,0.018478281637670832,0.022994839410495495
66,20.01.2015,2015-01-20,4,2015,True,0.0324667815396575,0.023431648078357726,0.018478281637670832,0.023019055649402036
66,21.01.2015,2015-01-21,4,2015,True,0.032428947152528,0.02347134096184703,0.018478281637670832,0.022680349455738744
66,22.01.2015,2015-01-22,4,2015,True,0.0323897277257342,0.022902570370984195,0.018478281637670832,0.022965921934624697
66,23.01.2015,2015-01-23,4,2015,True,0.0324356245237419,0.02281350090067032,0.018478281637670832,0.022876606086278766
66,26.01.2015,2015-01-26,4,2015,True,0.032382002882932,0.02285005074961093,0.018478281637670832,0.022913257036975367
66,27.01.2015,2015-01-27,4,2015,True,0.0322574496725113,0.022835607299982526,0.018478281637670832,0.02280331038841808
66,28.01.2015,2015-01-28,4,2015,True,0.0320800112288826,0.02231292737321263,0.018478281637670832,0.023176788672621778
66,29.01.2015,2015-01-29,4,2015,True,0.0320916969161798,0.022694299086823376,0.018478281637670832,0.023219363840679064
66,30.01.2015,2015-01-30,4,2015,True,0.0308470079278711,0.02215549612744763,0.018478281637670832,0.023013262361056604
66,02.02.2015,2015-02-02,4,2015,True,0.0309661408431911,0.025412594298166263,0.018478281637670832,0.025242891190252022
66,03.02.2015,2015-02-03,4,2015,True,0.0302430957630606,0.026317134938679508,0.018478281637670832,0.025716249705716183
66,04.02.2015,2015-02-04,4,2015,True,0.0290228359519527,0.02746516317218698,0.018478281637670832,0.02683806561732209
66,05.02.2015,2015-02-05,4,2015,True,0.0287710752476118,0.0303398324341519,0.018478281637670832,0.02776049125022154
66,06.02.2015,2015-02-06,4,2015,True,0.0286754939628184,0.030679897344922446,0.018478281637670832,0.0284507456010066
66,09.02.2015,2015-02-09,4,2015,True,0.0286694041138898,0.029326226035479762,0.018478281637670832,0.02865663581586338
66,10.02.2015,2015-02-10,4,2015,True,0.0283302289542485,0.027292616311367805,0.018478281637670832,0.028705514442208827
66,11.02.2015,2015-02-11,4,2015,True,0.0280180161767771,0.028435547118941397,0.018478281637670832,0.028825142850588032
66,12.02.2015,2015-02-12,4,2015,True,0.0279416991834461,0.029075857223236155,0.018478281637670832,0.028986798732990173
66,13.02.2015,2015-02-13,4,2015,True,0.0279896606324833,0.028549024664023974,0.018478281637670832,0.029605357830327167
66,17.02.2015,2015-02-17,4,2015,True,0.0260973990099235,0.02765192224761416,0.018478281637670832,0.029602692890247254
66,18.02.2015,2015-02-18,4,2015,True,0.0258685076755924,0.03046951779758599,0.018478281637670832,0.03165332796602652
66,19.02.2015,2015-02-19,4,2015,True,0.0260659418159602,0.03011332562574364,0.018478281637670832,0.03184184264893613
66,20.02.2015,2015-02-20,4,2015,True,0.0262809810462541,0.03008345149022954,0.018478281637670832,0.03181025372600761
66,23.02.2015,2015-02-23,4,2015,True,0.0261449593478802,0.02963072052524412,0.018478281637670832,0.03163875116079616
66,24.02.2015,2015-02-24,4,2015,True,0.0267314370354432,0.03340933750013092,0.018478281637670832,0.03171764444573064
66,25.02.2015,2015-02-25,4,2015,True,0.0260955827400026,0.032356512824216026,0.018478281637670832,0.03157316514961626
66,26.02.2015,2015-02-26,4,2015,True,0.0259000450337384,0.0330531531170585,0.018478281637670832,0.03225293985634333
66,27.02.2015,2015-02-27,4,2015,True,0.0256279753430597,0.03317265512280454,0.018478281637670832,0.03236954873146001
66,02.03.2015,2015-03-02,4,2015,True,0.0251100867435839,0.03357283934278322,0.018478281637670832,0.0327600445347717
66,03.03.2015,2015-03-03,4,2015,True,0.0250546356520731,0.03069323475023288,0.018478281637670832,0.03318074820833642
66,04.03.2015,2015-03-04,4,2015,True,0.0250667149315775,0.03086739616601011,0.018478281637670832,0.03336902442397602
66,05.03.2015,2015-03-05,4,2015,True,0.0254084749192577,0.028291544710227285,0.018478281637670832,0.03333260696482868
66,06.03.2015,2015-03-06,4,2015,True,0.0253900770070024,0.02829046042245589,0.018478281637670832,0.03333132947579474
66,09.03.2015,2015-03-09,4,2015,True,0.0252792574131361,0.026288049358612627,0.018478281637670832,0.030972123513138917
66,10.03.2015,2015-03-10,4,2015,True,0.024948226472108,0.02630882971595984,0.018478281637670832,0.030718622867232773
66,11.03.2015,2015-03-11,4,2015,True,0.0249841040840761,0.026704463014338754,0.018478281637670832,0.03085454761893946
66,12.03.2015,2015-03-12,4,2015,True,0.024957384961175,0.026534709970078604,0.018478281637670832,0.030982364372056145
66,13.03.2015,2015-03-13,4,2015,True,0.0244238100139246,0.026539893011574858,0.018478281637670832,0.0309884161766688
66,16.03.2015,2015-03-16,4,2015,True,0.0242247988845232,0.029284903829849603,0.018478281637670832,0.03137436433741778
66,17.03.2015,2015-03-17,4,2015,True,0.024377315101947,0.029115166692669857,0.018478281637670832,0.03108825899828141
66,18.03.2015,2015-03-18,4,2015,True,0.0237844899939393,0.032089736558579406,0.018478281637670832,0.031048262762517993
66,19.03.2015,2015-03-19,4,2015,True,0.0235848656804479,0.02929773882381826,0.018478281637670832,0.03128320377599545
66,20.03.2015,2015-03-20,4,2015,True,0.0236198291508383,0.02942688981550165,0.018478281637670832,0.03142110714167836
66,23.03.2015,2015-03-23,4,2015,True,0.0236084766117174,0.027005886492347333,0.018478281637670832,0.03132240654621173
66,24.03.2015,2015-03-24,4,2015,True,0.0235192651310626,0.02683068822892372,0.018478281637670832,0.031327953461670714
66,25.03.2015,2015-03-25,4,2015,True,0.0235033499156651,0.02679544560020726,0.018478281637670832,0.03128680358795611
66,26.03.2015,2015-03-26,4,2015,True,0.0230041530419984,0.026933245190305204,0.018478281637670832,0.03144770065883228
66,27.03.2015,2015-03-27,4,2015,True,0.0224151182432306,0.027383364220182952,0.018478281637670832,0.03197326705131196
66,30.03.2015,2015-03-30,4,2015,True,0.0224107847036956,0.03006375525004497,0.018478281637670832,0.03220878634419308
66,31.03.2015,2015-03-31,4,2015,True,0.0251271765150925,0.029921749486904885,0.018478281637670832,0.0321155335908886
66,01.04.2015,2015-04-01,4,2015,True,0.0247512540132378,0.02984314528678298,0.018478281637670832,0.03203116633721231
66,02.04.2015,2015-04-02,4,2015,True,0.0242863861266635,0.027647078129565364,0.018478281637670832,0.032232720626332034
66,06.04.2015,2015-04-06,4,2015,True,0.0235147154238435,0.02760970126033956,0.018478281637670832,0.03252927084587741
66,07.04.2015,2015-04-07,4,2015,True,0.0234246020993827,0.028091305744945644,0.018478281637670832,0.03312051301583382
66,08.04.2015,2015-04-08,4,2015,True,0.022199232470776,0.028145101962615125,0.018478281637670832,0.03318394041019213
66,09.04.2015,2015-04-09,4,2015,True,0.0221316754728289,0.028869314229564673,0.018478281637670832,0.03403780893561818
66,10.04.2015,2015-04-10,4,2015,True,0.0221790615386108,0.02888656422940119,0.018478281637670832,0.034058147215700135
66,13.04.2015,2015-04-13,4,2015,True,0.0222018373256452,0.028257024452279452,0.018478281637670832,0.033315900466066674
66,14.04.2015,2015-04-14,4,2015,True,0.0221752266573191,0.028358860001287494,0.018478281637670832,0.03294108294491796
66,15.04.2015,2015-04-15,4,2015,True,0.0218829175015158,0.028176298194543297,0.018478281637670832,0.03295113899647625
66,16.04.2015,2015-04-16,4,2015,True,0.0219023755742543,0.028535244106813587,0.018478281637670832,0.033145967183918976
66,17.04.2015,2015-04-17,4,2015,True,0.0210622411266926,0.028459446686508738,0.018478281637670832,0.033057922420865755
66,20.04.2015,2015-04-20,4,2015,True,0.0211269433866214,0.028187940902345714,0.018478281637670832,0.03274254674794614
66,21.04.2015,2015-04-21,4,2015,True,0.0210188134327168,0.02790563428536563,0.018478281637670832,0.032629180769336665
66,22.04.2015,2015-04-22,4,2015,True,0.021094118646448,0.027533453319534558,0.018478281637670832,0.0324124824200748
66,23.04.2015,2015-04-23,4,2015,True,0.0206179824422517,0.026465175771292856,0.018478281637670832,0.03227277510784717
66,24.04.2015,2015-04-24,4,2015,True,0.0205910323609752,0.026624036342979385,0.018478281637670832,0.032466496530589604
66,27.04.2015,2015-04-27,4,2015,True,0.0205863920587295,0.02662427006366359,0.018478281637670832,0.03246678153965754
66,28.04.2015,2015-04-28,4,2015,True,0.0207037720866295,0.02645575966711574,0.018478281637670832,0.03242894715252799
66,29.04.2015,2015-04-29,4,2015,True,0.0214057588007392,0.026423764187131226,0.018478281637670832,0.03238972772573424
66,30.04.2015,2015-04-30,4,2015,True,0.0213507448028477,0.026461207112794847,0.018478281637670832,0.03243562452374193
66,01.05.2015,2015-05-01,4,2015,True,0.0213554150009354,0.026417462206876338,0.018478281637670832,0.032382002882932005
66,04.05.2015,2015-05-04,4,2015,True,0.0213520829449783,0.026315850835247227,0.018478281637670832,0.03225744967251136
66,05.05.2015,2015-05-05,4,2015,True,0.0212665827839009,0.02626096485478436,0.018478281637670832,0.03208001122888262
66,06.05.2015,2015-05-06,4,2015,True,0.021843812496646,0.026694171379728324,0.018478281637670832,0.032091696916179815
66,07.05.2015,2015-05-07,4,2015,True,0.0216911775849848,0.025658827525672986,0.018478281637670832,0.030847007927871106
66,08.05.2015,2015-05-08,4,2015,True,0.0217589355138203,0.025757923390464024,0.018478281637670832,0.03096614084319118
66,11.05.2015,2015-05-11,4,2015,True,0.0217632171116433,0.02515648778128804,0.018478281637670832,0.03024309576306065
66,12.05.2015,2015-05-12,4,2015,True,0.0213497285335557,0.02408732206398479,0.018478281637670832,0.029022835951952722
66,13.05.2015,2015-05-13,4,2015,True,0.0213520572926,0.023878374834342807,0.018478281637670832,0.028771075247611844
66,14.05.2015,2015-05-14,4,2015,True,0.0213513667185925,0.02379904774191392,0.018478281637670832,0.028675493962818408
66,15.05.2015,2015-05-15,4,2015,True,0.0216533194312699,0.02379399350969807,0.018478281637670832,0.02866940411388983
66,18.05.2015,2015-05-18,4,2015,True,0.0216669455521317,0.02364940995788544,0.018478281637670832,0.028330228954248575
66,19.05.2015,2015-05-19,4,2015,True,0.0215030206498972,0.02330397425364939,0.018478281637670832,0.028018016176777148
66,20.05.2015,2015-05-20,4,2015,True,0.0224821380947402,0.02310595383703775,0.018478281637670832,0.02794169918344615
66,21.05.2015,2015-05-21,4,2015,True,0.0223033513332353,0.02314561481184589,0.018478281637670832,0.027989660632483364
66,22.05.2015,2015-05-22,4,2015,True,0.0222670616953153,0.021580838474823134,0.018478281637670832,0.026097399009923576
66,26.05.2015,2015-05-26,4,2015,True,0.0255433334469231,0.021391560343596062,0.018478281637670832,0.025868507675592504
66,27.05.2015,2015-05-27,4,2015,True,0.0262862349488341,0.021681892354481938,0.018478281637670832,0.026065941815960284
66,28.05.2015,2015-05-28,4,2015,True,0.0281277747253349,0.021513830362489383,0.018478281637670832,0.026280981046254197
66,29.05.2015,2015-05-29,4,2015,True,0.0294144281186299,0.02140248186528967,0.018478281637670832,0.026144959347880258
66,01.06.2015,2015-06-01,4,2015,True,0.0295394518602199,0.02188257739366468,0.018478281637670832,0.026731437035443242
66,02.06.2015,2015-06-02,4,2015,True,0.0295083264616138,0.021314154889568056,0.018478281637670832,0.026095582740002655
66,03.06.2015,2015-06-03,4,2015,True,0.0294584441374869,0.0211544450643616,0.018478281637670832,0.025900045033738436
66,04.06.2015,2015-06-04,4,2015,True,0.0293018373499217,0.020932226017342882,0.018478281637670832,0.02562797534305979
66,05.06.2015,2015-06-05,4,2015,True,0.0294882887363352,0.02061762423362185,0.018478281637670832,0.025110086743583976
66,08.06.2015,2015-06-08,4,2015,True,0.0297325771605925,0.020463937912808847,0.018478281637670832,0.025054635652073123
66,09.06.2015,2015-06-09,4,2015,True,0.0293804963240315,0.02051982198966283,0.018478281637670832,0.02506671493157754
66,10.06.2015,2015-06-10,4,2015,True,0.0295775888442005,0.020799589567086926,0.018478281637670832,0.02540847491925778
66,11.06.2015,2015-06-11,4,2015,True,0.0296038303314116,0.02078452888260988,0.018478281637670832,0.025390077007002465
66,12.06.2015,2015-06-12,4,2015,True,0.0295557923098902,0.02069381103843641,0.018478281637670832,0.025279257413136143
66,15.06.2015,2015-06-15,4,2015,True,0.0302947878967863,0.020422826348120645,0.018478281637670832,0.024948226472108044
66,16.06.2015,2015-06-16,4,2015,True,0.0305090324886237,0.020585235409387274,0.018478281637670832,0.024984104084076173
66,17.06.2015,2015-06-17,4,2015,True,0.0306617731283916,0.02056322063419256,0.018478281637670832,0.024957384961175035
66,18.06.2015,2015-06-18,4,2015,True,0.0306493966479681,0.020123590465316452,0.018478281637670832,0.024423810013924643
66,19.06.2015,2015-06-19,4,2015,True,0.0307268196045197,0.01995961856806413,0.018478281637670832,0.024224798884523262
66,22.06.2015,2015-06-22,4,2015,True,0.0307473104353007,0.020202235279072618,0.018478281637670832,0.02437731510194708
66,23.06.2015,2015-06-23,4,2015,True,0.0306735901434748,0.01966673994128368,0.018478281637670832,0.0237844899939394
66,24.06.2015,2015-06-24,4,2015,True,0.0307653748899621,0.019501676092515283,0.018478281637670832,0.02358486568044798
66,25.06.2015,2015-06-25,4,2015,True,0.0308961603636032,0.019530586423566636,0.018478281637670832,0.02361982915083836
66,26.06.2015,2015-06-26,4,2015,True,0.0309019893756531,0.01952119932152573,0.018478281637670832,0.023608476611717458
66,29.06.2015,2015-06-29,4,2015,True,0.0308643292192406,0.019662065590090108,0.018478281637670832,0.023519265131062696
66,30.06.2015,2015-06-30,4,2015,True,0.0306944605149226,0.01928446676594755,0.018478281637670832,0.02350334991566517
66,01.07.2015,2015-07-01,4,2015,True,0.0307614292484358,0.018775643223266674,0.018478281637670832,0.023004153041998477
66,02.07.2015,2015-07-02,4,2015,True,0.0315289199658046,0.01980939062142485,0.018478281637670832,0.02241511824323062
66,06.07.2015,2015-07-06,4,2015,True,0.0294511968538792,0.019805560850085294,0.018478281637670832,0.0224107847036957
66,07.07.2015,2015-07-07,4,2015,True,0.0297437148122515,0.0241453631178464,0.018478281637670832,0.025127176515092546
66,08.07.2015,2015-07-08,4,2015,True,0.0297488507777173,0.023784129323591807,0.018478281637670832,0.024751254013237814
66,09.07.2015,2015-07-09,4,2015,True,0.0302458763394339,0.025810310093441556,0.018478281637670832,0.024286386126663544
66,10.07.2015,2015-07-10,4,2015,True,0.0302656681172266,0.02499021853984715,0.018478281637670832,0.023514715423843507
66,13.07.2015,2015-07-13,4,2015,True,0.0302258947268612,0.024250664378397818,0.018478281637670832,0.0234246020993828
66,14.07.2015,2015-07-14,4,2015,True,0.030186542465245,0.020223683675745202,0.018478281637670832,0.022199232470776074
66,15.07.2015,2015-07-15,4,2015,True,0.0300573947584119,0.019362612035332714,0.018478281637670832,0.022131675472828998
66,16.07.2015,2015-07-16,4,2015,True,0.030029173498255,0.019728167323124244,0.018478281637670832,0.022179061538610836
66,17.07.2015,2015-07-17,4,2015,True,0.0300326887077478,0.019423995401333594,0.018478281637670832,0.02220183732564526
66,20.07.2015,2015-07-20,4,2015,True,0.0300511173791195,0.01940071419754806,0.018478281637670832,0.02217522665731921
66,21.07.2015,2015-07-21,4,2015,True,0.0300422318694615,0.01927287613101432,0.018478281637670832,0.02188291750151589
66,22.07.2015,2015-07-22,4,2015,True,0.0299949247230807,0.01929001338090847,0.018478281637670832,0.02190237557425435
66,23.07.2015,2015-07-23,4,2015,True,0.0299637207077345,0.019406298505838217,0.018478281637670832,0.0210622411266927
66,24.07.2015,2015-07-24,4,2015,True,0.0299849364265338,0.019944494532172848,0.018478281637670832,0.021126943386621497
66,27.07.2015,2015-07-27,4,2015,True,0.0304886734511991,0.01984241647786329,0.018478281637670832,0.021018813432716894
66,28.07.2015,2015-07-28,4,2015,True,0.030491418294622,0.022099527062473083,0.018478281637670832,0.02109411864644807
66,29.07.2015,2015-07-29,4,2015,True,0.0305596883182614,0.020371743464106005,0.018478281637670832,0.020617982442251815
66,30.07.2015,2015-07-30,4,2015,True,0.0306120186293663,0.019505607928544912,0.018478281637670832,0.020591032360975245
66,31.07.2015,2015-07-31,4,2015,True,0.0308398495493165,0.018305075672863082,0.018478281637670832,0.020586392058729593
66,03.08.2015,2015-08-03,4,2015,True,0.0305332168982639,0.019612404753882928,0.018478281637670832,0.020703772086629546
66,04.08.2015,2015-08-04,4,2015,True,0.0305446174764228,0.022221463751491588,0.018478281637670832,0.021405758800739246
66,05.08.2015,2015-08-05,4,2015,True,0.030561856701699,0.02100857606595031,0.018478281637670832,0.021350744802847783
66,06.08.2015,2015-08-06,4,2015,True,0.0305660815919879,0.02028012126413464,0.018478281637670832,0.021355415000935508
66,07.08.2015,2015-08-07,4,2015,True,0.0304930408564782,0.022165742480677316,0.018478281637670832,0.02135208294497835
66,10.08.2015,2015-08-10,4,2015,True,0.0304351233292904,0.021373668543158288,0.018478281637670832,0.021266582783900975
66,11.08.2015,2015-08-11,4,2015,True,0.0306523415131945,0.021874068202646205,0.018478281637670832,0.02184381249664605
66,12.08.2015,2015-08-12,4,2015,True,0.0306368908269984,0.022916203292995027,0.018478281637670832,0.021691177584984907
66,13.08.2015,2015-08-13,4,2015,True,0.0306249808313081,0.022987787902259433,0.018478281637670832,0.02175893551382038
66,14.08.2015,2015-08-14,4,2015,True,0.0306245563784565,0.023760039540819893,0.018478281637670832,0.02176321711164334
66,17.08.2015,2015-08-17,4,2015,True,0.0306779806639137,0.020633476441740232,0.018478281637670832,0.021349728533555726
66,18.08.2015,2015-08-18,4,2015,True,0.0306773177519033,0.02014426700156695,0.018478281637670832,0.021352057292600035
66,19.08.2015,2015-08-19,4,2015,True,0.0304355711487405,0.019409796904666363,0.018478281637670832,0.021351366718592543
66,20.08.2015,2015-08-20,4,2015,True,0.0304111798416576,0.020926882309925753,0.018478281637670832,0.021653319431269944
66,21.08.2015,2015-08-21,4,2015,True,0.0304592018175053,0.02169695628101192,0.018478281637670832,0.021666945552131726
66,24.08.2015,2015-08-24,4,2015,True,0.0294209411946621,0.023475969488687774,0.018478281637670832,0.021503020649897307
66,25.08.2015,2015-08-25,4,2015,True,0.0296173412268171,0.02483715361666804,0.018478281637670832,0.022482138094740287
66,26.08.2015,2015-08-26,4,2015,True,0.0296258768692199,0.024639638849993685,0.018478281637670832,0.022303351333235407
66,27.08.2015,2015-08-27,4,2015,True,0.0270320356172518,0.02459954785384756,0.018478281637670832,0.022267061695315386
66,28.08.2015,2015-08-28,4,2015,True,0.02676688383301,0.029150726751180005,0.018478281637670832,0.025543333446923125
66,31.08.2015,2015-08-31,4,2015,True,0.0251395175423719,0.02999854556583277,0.018478281637670832,0.02628623494883419
66,01.09.2015,2015-09-01,4,2015,True,0.0228638489225899,0.032508519062819936,0.018478281637670832,0.02812777472533499
66,02.09.2015,2015-09-02,4,2015,True,0.0235902676106554,0.035514001155308096,0.018478281637670832,0.029414428118629918
66,03.09.2015,2015-09-03,4,2015,True,0.0235967115266828,0.035664950658231075,0.018478281637670832,0.02953945186021999
66,04.09.2015,2015-09-04,4,2015,True,0.0234910787471952,0.0344761863411885,0.018478281637670832,0.02950832646161387
66,08.09.2015,2015-09-08,4,2015,True,0.0235031251836198,0.032623160726571766,0.018478281637670832,0.029458444137486967
66,09.09.2015,2015-09-09,4,2015,True,0.0236691839373764,0.032727954715594684,0.018478281637670832,0.02930183734992179
66,10.09.2015,2015-09-10,4,2015,True,0.0233625567185314,0.030840296273532547,0.018478281637670832,0.029488288736335293
66,11.09.2015,2015-09-11,4,2015,True,0.0234173235577883,0.03109578506936098,0.018478281637670832,0.029732577160592525
66,14.09.2015,2015-09-14,4,2015,True,0.0233300418181617,0.0307275616906203,0.018478281637670832,0.029380496324031537
66,15.09.2015,2015-09-15,4,2015,True,0.0233066563988663,0.030130774484935677,0.018478281637670832,0.02957758884420059
66,16.09.2015,2015-09-16,4,2015,True,0.0233105849432703,0.03129559766584467,0.018478281637670832,0.029603830331411698
66,17.09.2015,2015-09-17,4,2015,True,0.0223013667569457,0.03010857029299439,0.018478281637670832,0.02955579230989028
66,18.09.2015,2015-09-18,4,2015,True,0.022011047037274,0.02873936729861244,0.018478281637670832,0.030294787896786343
66,21.09.2015,2015-09-21,4,2015,True,0.022110502926661,0.028942611963587002,0.018478281637670832,0.030509032488623793
66,22.09.2015,2015-09-22,4,2015,True,0.0222057608691584,0.030014941772223167,0.018478281637670832,0.030661773128391693
66,23.09.2015,2015-09-23,4,2015,True,0.0223283959705844,0.031574391092955435,0.018478281637670832,0.03064939664796812
66,24.09.2015,2015-09-24,4,2015,True,0.0226998229906942,0.03242642289390182,0.018478281637670832,0.03072681960451979
66,25.09.2015,2015-09-25,4,2015,True,0.0229845766706655,0.03191143403501626,0.018478281637670832,0.0307473104353008
66,28.09.2015,2015-09-28,4,2015,True,0.0230485765192542,0.030026509499182605,0.018478281637670832,0.030673590143474816
66,29.09.2015,2015-09-29,4,2015,True,0.0228820976418893,0.0304189447615391,0.018478281637670832,0.030765374889962185
66,30.09.2015,2015-09-30,4,2015,True,0.0229697186645861,0.03009007505634152,0.018478281637670832,0.03089616036360325
66,01.10.2015,2015-10-01,4,2015,True,0.0240172307049415,0.02737069467032173,0.018478281637670832,0.03090198937565319
66,02.10.2015,2015-10-02,4,2015,True,0.0239764086018126,0.027337338091563215,0.018478281637670832,0.030864329219240667
66,05.10.2015,2015-10-05,4,2015,True,0.0237125594662125,0.02718688096780295,0.018478281637670832,0.03069446051492267
66,06.10.2015,2015-10-06,4,2015,True,0.0235378929501561,0.02742260759880146,0.018478281637670832,0.030761429248435834
66,07.10.2015,2015-10-07,4,2015,True,0.0236016492542852,0.028106795469532358,0.018478281637670832,0.031528919965804605
66,08.10.2015,2015-10-08,4,2015,True,0.0230783765108105,0.026117382548796884,0.018478281637670832,0.029451196853879293
66,09.10.2015,2015-10-09,4,2015,True,0.0234112472920454,0.025082998353440723,0.018478281637670832,0.02974371481225155
66,12.10.2015,2015-10-12,4,2015,True,0.0226951987883015,0.02508732953446955,0.018478281637670832,0.02974885077771734
66,13.10.2015,2015-10-13,4,2015,True,0.0241893621322175,0.025506473256928217,0.018478281637670832,0.030245876339433965
66,14.10.2015,2015-10-14,4,2015,True,0.0243392658351754,0.025508463158059047,0.018478281637670832,0.0302656681172267
66,15.10.2015,2015-10-15,4,2015,True,0.0253151669630607,0.02564782510568068,0.018478281637670832,0.030225894726861272
66,16.10.2015,2015-10-16,4,2015,True,0.0283118356561609,0.023952337915201388,0.018478281637670832,0.030186542465245096
66,19.10.2015,2015-10-19,4,2015,True,0.0288996697449345,0.02356455256733451,0.018478281637670832,0.03005739475841193
66,20.10.2015,2015-10-20,4,2015,True,0.0294989007200457,0.02353761274470563,0.018478281637670832,0.030029173498255013
66,21.10.2015,2015-10-21,4,2015,True,0.030012110287781,0.023664784521635413,0.018478281637670832,0.030032688707747907
66,22.10.2015,2015-10-22,4,2015,True,0.0302006339068375,0.0236793057168995,0.018478281637670832,0.030051117379119585
66,23.10.2015,2015-10-23,4,2015,True,0.0304243990724586,0.02354784822070212,0.018478281637670832,0.030042231869461537
66,26.10.2015,2015-10-26,4,2015,True,0.0304219945780875,0.023510767703263578,0.018478281637670832,0.029994924723080796
66,27.10.2015,2015-10-27,4,2015,True,0.0311071378319609,0.02519218508394149,0.018478281637670832,0.02996372070773456
66,28.10.2015,2015-10-28,4,2015,True,0.0317766982514578,0.025210022331855163,0.018478281637670832,0.029984936426533826
66,29.10.2015,2015-10-29,4,2015,True,0.0318087348114456,0.02563354237740572,0.018478281637670832,0.03048867345119919
66,30.10.2015,2015-10-30,4,2015,True,0.0317119309730632,0.02563585012163449,0.018478281637670832,0.030491418294622073
66,02.11.2015,2015-11-02,4,2015,True,0.0318980222278706,0.024357763485698097,0.018478281637670832,0.030559688318261453
66,03.11.2015,2015-11-03,4,2015,True,0.0327858061650808,0.024558191729980274,0.018478281637670832,0.030612018629366376
66,04.11.2015,2015-11-04,4,2015,True,0.0326805195149032,0.024740966851147482,0.018478281637670832,0.030839849549316595
66,05.11.2015,2015-11-05,4,2015,True,0.0327551768611326,0.024494973814020563,0.018478281637670832,0.030533216898263923
66,06.11.2015,2015-11-06,4,2015,True,0.035494153288445,0.02450411981604181,0.018478281637670832,0.03054461747642281
66,09.11.2015,2015-11-09,4,2015,True,0.0356943971463081,0.024517949815452668,0.018478281637670832,0.030561856701699017
66,10.11.2015,2015-11-10,4,2015,True,0.0368610000064003,0.024521339192253026,0.018478281637670832,0.030566081591987978
66,11.11.2015,2015-11-11,4,2015,True,0.0366688940574101,0.024462742978508877,0.018478281637670832,0.03049304085647827
66,12.11.2015,2015-11-12,4,2015,True,0.0366518102671827,0.024416279210325985,0.018478281637670832,0.03043512332929043
66,13.11.2015,2015-11-13,4,2015,True,0.037240737562452,0.02643590376863786,0.018478281637670832,0.030652341513194566
66,16.11.2015,2015-11-16,4,2015,True,0.0375361227385768,0.026422578429258384,0.018478281637670832,0.03063689082699849
66,17.11.2015,2015-11-17,4,2015,True,0.0378209366587701,0.02624160893607908,0.018478281637670832,0.030624980831308164
66,18.11.2015,2015-11-18,4,2015,True,0.0379334710267679,0.026241245235418976,0.018478281637670832,0.030624556378456545
66,19.11.2015,2015-11-19,4,2015,True,0.037930423670695,0.02628702287081993,0.018478281637670832,0.030677980663913727
66,20.11.2015,2015-11-20,4,2015,True,0.0380469023968982,0.026286454841803666,0.018478281637670832,0.030677317751903375
66,23.11.2015,2015-11-23,4,2015,True,0.03803854194365,0.02607930957510886,0.018478281637670832,0.030435571148740535
66,24.11.2015,2015-11-24,4,2015,True,0.0380166775817104,0.029378507269491195,0.018478281637670832,0.030411179841657622
66,25.11.2015,2015-11-25,4,2015,True,0.0380229932989299,0.029424898562886666,0.018478281637670832,0.03045920181750531
66,27.11.2015,2015-11-27,4,2015,True,0.0383191998288883,0.0293487567391246,0.018478281637670832,0.02942094119466215
66,30.11.2015,2015-11-30,4,2015,True,0.0389208011866134,0.029544674902623747,0.018478281637670832,0.029617341226817192
66,01.12.2015,2015-12-01,4,2015,True,0.0390748359372964,0.02955318960277675,0.018478281637670832,0.029625876869219983
66,02.12.2015,2015-12-02,4,2015,True,0.0389573841709593,0.028499226099455176,0.018478281637670832,0.02703203561725184
66,03.12.2015,2015-12-03,4,2015,True,0.0388679961632487,0.031028186437608334,0.018478281637670832,0.026766883833010076
66,04.12.2015,2015-12-04,4,2015,True,0.0388207930789977,0.029743827506990523,0.018478281637670832,0.025139517542371932
66,07.12.2015,2015-12-07,4,2015,True,0.0383357880893447,0.023348757427292723,0.018478281637670832,0.02286384892258992
66,08.12.2015,2015-12-08,4,2015,True,0.0383887082680249,0.025981516881622063,0.018478281637670832,0.023590267610655424
66,09.12.2015,2015-12-09,4,2015,True,0.0387131425245688,0.02791845611988812,0.018478281637670832,0.023596711526682808
66,10.12.2015,2015-12-10,4,2015,True,0.0388626007173883,0.028447157888228117,0.018478281637670832,0.02349107874719528
66,11.12.2015,2015-12-11,4,2015,True,0.0384335541099739,0.02846174584660367,0.018478281637670832,0.023503125183619872
66,14.12.2015,2015-12-14,4,2015,True,0.0384425854236689,0.02866283919091851,0.018478281637670832,0.023669183937376485
66,15.12.2015,2015-12-15,4,2015,True,0.0384153978737625,0.02958379026060014,0.018478281637670832,0.023362556718531425
66,16.12.2015,2015-12-16,4,2015,True,0.0383987554563883,0.026403569631357288,0.018478281637670832,0.0234173235577884
66,17.12.2015,2015-12-17,4,2015,True,0.0383990930370038,0.024352654040147283,0.018478281637670832,0.02333004181816178
66,18.12.2015,2015-12-18,4,2015,True,0.0383874676771475,0.02394186400730948,0.018478281637670832,0.023306656398866313
66,21.12.2015,2015-12-21,4,2015,True,0.0385144725731599,0.02628321939432753,0.018478281637670832,0.023310584943270332
66,22.12.2015,2015-12-22,4,2015,True,0.0385029594027512,0.024395871076362284,0.018478281637670832,0.022301366756945714
66,23.12.2015,2015-12-23,4,2015,True,0.0382968038109472,0.023531533325074867,0.018478281637670832,0.02201104703727405
66,24.12.2015,2015-12-24,4,2015,True,0.0382613656691165,0.022713110158052857,0.018478281637670832,0.022110502926661092
66,28.12.2015,2015-12-28,4,2015,True,0.0385522670262739,0.02281096429319166,0.018478281637670832,0.02220576086915847
66,29.12.2015,2015-12-29,4,2015,True,0.0383614628772369,0.022655264466761617,0.018478281637670832,0.022328395970584454
66,30.12.2015,2015-12-30,4,2015,True,0.0385951621975186,0.023032128858712305,0.018478281637670832,0.022699822990694247
66,31.12.2015,2015-12-31,4,2015,True,0.0385320878290971,0.023321051087435395,0.018478281637670832,0.022984576670665523
66,04.01.2016,2016-01-04,5,2016,True,0.039251550191823,0.02287099060199972,0.019745741451135848,0.023048576519254283
66,05.01.2016,2016-01-05,5,2016,True,0.0392097043750951,0.02778648486152375,0.019745741451135848,0.02288209764188932
66,06.01.2016,2016-01-06,5,2016,True,0.0386728384930454,0.02789288595546276,0.019745741451135848,0.022969718664586136
66,07.01.2016,2016-01-07,5,2016,True,0.0386550974813686,0.029549156442333368,0.019745741451135848,0.02401723070494158
66,08.01.2016,2016-01-08,5,2016,True,0.038662828130272,0.02949893172132037,0.019745741451135848,0.023976408601812698
66,11.01.2016,2016-01-11,5,2016,True,0.0378833907339834,0.029174309807961384,0.019745741451135848,0.02371255946621258
66,12.01.2016,2016-01-12,5,2016,True,0.0377529154174112,0.03003097079086605,0.019745741451135848,0.02353789295015615
66,13.01.2016,2016-01-13,5,2016,True,0.0377273322714051,0.030112314677979854,0.019745741451135848,0.02360164925428524
66,14.01.2016,2016-01-14,5,2016,True,0.0378937592410505,0.029444693811990635,0.019745741451135848,0.02307837651081055
66,15.01.2016,2016-01-15,5,2016,True,0.0381170263824514,0.028987057264603776,0.019745741451135848,0.023411247292045405
66,19.01.2016,2016-01-19,5,2016,True,0.0367626151104466,0.02876416608951538,0.019745741451135848,0.022695198788301518
66,20.01.2016,2016-01-20,5,2016,True,0.0365518613464334,0.030657886562738056,0.019745741451135848,0.024189362132217503
66,21.01.2016,2016-01-21,5,2016,True,0.0362892676768417,0.03084787630680408,0.019745741451135848,0.02433926583517549
66,22.01.2016,2016-01-22,5,2016,True,0.034697995586761,0.03208474505562102,0.019745741451135848,0.025315166963060794
66,25.01.2016,2016-01-25,5,2016,True,0.0339343121914222,0.0347341335011357,0.019745741451135848,0.028311835656160928
66,26.01.2016,2016-01-26,5,2016,True,0.0336637804679298,0.03478376794555958,0.019745741451135848,0.028899669744934506
66,27.01.2016,2016-01-27,5,2016,True,0.0334070974954303,0.035853635020956336,0.019745741451135848,0.029498900720045792
66,28.01.2016,2016-01-28,5,2016,True,0.033591392654795,0.03612270621153715,0.019745741451135848,0.030012110287781068
66,29.01.2016,2016-01-29,5,2016,True,0.0340868874282121,0.03634961405773039,0.019745741451135848,0.030200633906837585
66,01.02.2016,2016-02-01,5,2016,True,0.0340857975677509,0.03527938662090268,0.019745741451135848,0.030424399072458613
66,02.02.2016,2016-02-02,5,2016,True,0.0331833810802896,0.03465987237165894,0.019745741451135848,0.03042199457808754
66,03.02.2016,2016-02-03,5,2016,True,0.0326522075206951,0.0354404581966482,0.019745741451135848,0.03110713783196094
66,04.02.2016,2016-02-04,5,2016,True,0.0329042917948635,0.036203290450309566,0.019745741451135848,0.031776698251457826
66,05.02.2016,2016-02-05,5,2016,True,0.0332152864288569,0.03411911470620348,0.019745741451135848,0.03180873481144562
66,08.02.2016,2016-02-08,5,2016,True,0.0328349220625455,0.034015279665754766,0.019745741451135848,0.03171193097306325
66,09.02.2016,2016-02-09,5,2016,True,0.0310272848139585,0.035798424979784596,0.019745741451135848,0.03189802222787067
66,10.02.2016,2016-02-10,5,2016,True,0.0310705249549908,0.03734208539475645,0.019745741451135848,0.032785806165080804
66,11.02.2016,2016-02-11,5,2016,True,0.030802174250808,0.037470167149915704,0.019745741451135848,0.03268051951490325
66,12.02.2016,2016-02-12,5,2016,True,0.0283795008212723,0.037555766255551334,0.019745741451135848,0.03275517686113262
66,16.02.2016,2016-02-16,5,2016,True,0.0279156195407014,0.0404268144708109,0.019745741451135848,0.03549415328844504
66,17.02.2016,2016-02-17,5,2016,True,0.0267855655087087,0.04115044432592286,0.019745741451135848,0.03569439714630813
66,18.02.2016,2016-02-18,5,2016,True,0.0267941776744929,0.040816406604701455,0.019745741451135848,0.03686100000640037
66,19.02.2016,2016-02-19,5,2016,True,0.0262506915203871,0.04037782723928456,0.019745741451135848,0.03666889405741013
66,22.02.2016,2016-02-22,5,2016,True,0.0257673595375073,0.03065284450925816,0.019745741451135848,0.036651810267182734
66,23.02.2016,2016-02-23,5,2016,True,0.0251069297735968,0.031145379439389928,0.019745741451135848,0.037240737562452095
66,24.02.2016,2016-02-24,5,2016,True,0.0249054462375496,0.032574274541811776,0.019745741451135848,0.03753612273857684
66,25.02.2016,2016-02-25,5,2016,True,0.0247838670316241,0.0328214393034554,0.019745741451135848,0.037820936658770135
66,26.02.2016,2016-02-26,5,2016,True,0.0247560268804105,0.031724730118476166,0.019745741451135848,0.037933471026767904
66,29.02.2016,2016-02-29,5,2016,True,0.024640132074218,0.03144159225719222,0.019745741451135848,0.03793042367069505
66,01.03.2016,2016-03-01,5,2016,True,0.0246840907137276,0.03153814474096392,0.019745741451135848,0.03804690239689826
66,02.03.2016,2016-03-02,5,2016,True,0.0245913670861854,0.031531214526727525,0.019745741451135848,0.03803854194365006
66,03.03.2016,2016-03-03,5,2016,True,0.0246405605969067,0.028954932140757544,0.019745741451135848,0.038016677581710456
66,04.03.2016,2016-03-04,5,2016,True,0.024246353838059,0.02895974242864024,0.019745741451135848,0.03802299329892999
66,07.03.2016,2016-03-07,5,2016,True,0.0235388388543151,0.02918534446753906,0.019745741451135848,0.038319199828888324
66,08.03.2016,2016-03-08,5,2016,True,0.0234955565116109,0.02964354669868561,0.019745741451135848,0.03892080118661345
66,09.03.2016,2016-03-09,5,2016,True,0.0231789715265938,0.029760865360837434,0.019745741451135848,0.03907483593729641
66,10.03.2016,2016-03-10,5,2016,True,0.0229725660634477,0.029671409676110875,0.019745741451135848,0.03895738417095938
66,11.03.2016,2016-03-11,5,2016,True,0.0231036942627101,0.02960332840593949,0.019745741451135848,0.03886799616324875
66,14.03.2016,2016-03-14,5,2016,True,0.0234324906970947,0.029567376760812603,0.019745741451135848,0.038820793078997794
66,15.03.2016,2016-03-15,5,2016,True,0.0237247874004921,0.029239816896669227,0.019745741451135848,0.03833578808934475
66,16.03.2016,2016-03-16,5,2016,True,0.0235085850520266,0.029280180651058245,0.019745741451135848,0.038388708268024936
66,17.03.2016,2016-03-17,5,2016,True,0.0232853155649617,0.029527636063589248,0.019745741451135848,0.03871314252456881
66,18.03.2016,2016-03-18,5,2016,True,0.0233472310379498,0.029641632159914846,0.019745741451135848,0.03886260071738836
66,21.03.2016,2016-03-21,5,2016,True,0.0234383686066493,0.029314385874754448,0.019745741451135848,0.038433554109973955
66,22.03.2016,2016-03-22,5,2016,True,0.024339540328837,0.029321274319519457,0.019745741451135848,0.0384425854236689
66,23.03.2016,2016-03-23,5,2016,True,0.024221439376069,0.029300537587062626,0.019745741451135848,0.03841539787376256
66,24.03.2016,2016-03-24,5,2016,True,0.0244504576600171,0.029287843932882196,0.019745741451135848,0.03839875545638833
66,28.03.2016,2016-03-28,5,2016,True,0.0248796886230259,0.029288101415403833,0.019745741451135848,0.03839909303700387
66,29.03.2016,2016-03-29,5,2016,True,0.0247133342684305,0.02927923441643239,0.019745741451135848,0.03838746767714751
66,30.03.2016,2016-03-30,5,2016,True,0.0247132885805896,0.029376104732381777,0.019745741451135848,0.03851447257315993
66,31.03.2016,2016-03-31,5,2016,True,0.0252402060616035,0.029367323303554325,0.019745741451135848,0.03850295940275122
66,01.04.2016,2016-04-01,5,2016,True,0.0253021145148707,0.029210082457415326,0.019745741451135848,0.0382968038109472
66,04.04.2016,2016-04-04,5,2016,True,0.0252851675251977,0.029183052759320403,0.019745741451135848,0.038261365669116566
66,05.04.2016,2016-04-05,5,2016,True,0.0252907109648141,0.030950120727049345,0.019745741451135848,0.03855226702627399
66,06.04.2016,2016-04-06,5,2016,True,0.0246390330569344,0.03079694137072525,0.019745741451135848,0.03836146287723692
66,07.04.2016,2016-04-07,5,2016,True,0.0251894502839593,0.031028958375376826,0.019745741451135848,0.03859516219751862
66,08.04.2016,2016-04-08,5,2016,True,0.0248417620570406,0.03097824911958238,0.019745741451135848,0.038532087829097186
66,11.04.2016,2016-04-11,5,2016,True,0.0248767628983447,0.03155666792739626,0.019745741451135848,0.03925155019182308
66,12.04.2016,2016-04-12,5,2016,True,0.0243490421348084,0.029863586237905106,0.019745741451135848,0.03920970437509514
66,13.04.2016,2016-04-13,5,2016,True,0.024368467068487,0.02945468898090457,0.019745741451135848,0.0386728384930455
66,14.04.2016,2016-04-14,5,2016,True,0.0243618146222836,0.02944117675885133,0.019745741451135848,0.03865509748136869
66,15.04.2016,2016-04-15,5,2016,True,0.0242871456861072,0.02948925981648884,0.019745741451135848,0.038662828130272
66,18.04.2016,2016-04-18,5,2016,True,0.0244301673237056,0.02885341586220072,0.019745741451135848,0.03788339073398349
66,19.04.2016,2016-04-19,5,2016,True,0.0242789571109383,0.02875404095156387,0.019745741451135848,0.03775291541741127
66,20.04.2016,2016-04-20,5,2016,True,0.023934083444988,0.028775730005725322,0.019745741451135848,0.0377273322714051
66,21.04.2016,2016-04-21,5,2016,True,0.0236847231869507,0.028902668680046012,0.019745741451135848,0.03789375924105055
66,22.04.2016,2016-04-22,5,2016,True,0.0239487311647227,0.02907296100111139,0.019745741451135848,0.038117026382451444
66,25.04.2016,2016-04-25,5,2016,True,0.0239863189220033,0.02803991226075661,0.019745741451135848,0.036762615110446636
66,26.04.2016,2016-04-26,5,2016,True,0.0237260619155297,0.02787916425537668,0.019745741451135848,0.036551861346433435
66,27.04.2016,2016-04-27,5,2016,True,0.0233844908028181,0.027678876451218574,0.019745741451135848,0.03628926767684175
66,28.04.2016,2016-04-28,5,2016,True,0.0232853631041385,0.02642729905777755,0.019745741451135848,0.03469799558676101
66,29.04.2016,2016-04-29,5,2016,True,0.023631472153815,0.0258826836343918,0.019745741451135848,0.0339343121914222
66,02.05.2016,2016-05-02,5,2016,True,0.0238978141585299,0.02567634124640644,0.019745741451135848,0.033663780467929866
66,03.05.2016,2016-05-03,5,2016,True,0.0236545035081404,0.02544410249740549,0.019745741451135848,0.033407097495430395
66,04.05.2016,2016-05-04,5,2016,True,0.0231583397194522,0.02558446862545036,0.019745741451135848,0.03359139265479509
66,05.05.2016,2016-05-05,5,2016,True,0.0231620033455816,0.025961856089401023,0.019745741451135848,0.03408688742821218
66,06.05.2016,2016-05-06,5,2016,True,0.02328120106148,0.025961026010664384,0.019745741451135848,0.03408579756775093
66,09.05.2016,2016-05-09,5,2016,True,0.023410515286628,0.02527371165761546,0.019745741451135848,0.03318338108028963
66,10.05.2016,2016-05-10,5,2016,True,0.0229561122264549,0.02486914988758791,0.019745741451135848,0.03265220752069512
66,11.05.2016,2016-05-11,5,2016,True,0.0225686037838237,0.02712194247666935,0.019745741451135848,0.032904291794863504
66,12.05.2016,2016-05-12,5,2016,True,0.0226434300120298,0.027417514731954917,0.019745741451135848,0.03321528642885689
66,13.05.2016,2016-05-13,5,2016,True,0.0226814441114262,0.02745655200555472,0.019745741451135848,0.0328349220625456
66,16.05.2016,2016-05-16,5,2016,True,0.022639019973003,0.025945006279072747,0.019745741451135848,0.031027284813958507
66,17.05.2016,2016-05-17,5,2016,True,0.0226278585096624,0.025943985823939194,0.019745741451135848,0.03107052495499087
66,18.05.2016,2016-05-18,5,2016,True,0.0230144703647591,0.025719912143972498,0.019745741451135848,0.0308021742508081
66,19.05.2016,2016-05-19,5,2016,True,0.0230967675846984,0.02429985082155073,0.019745741451135848,0.02837950082127237
66,20.05.2016,2016-05-20,5,2016,True,0.0232104021761401,0.023902654056612068,0.019745741451135848,0.02791561954070144
66,23.05.2016,2016-05-23,5,2016,True,0.0232399979578756,0.022967915601706173,0.019745741451135848,0.026785565508708763
66,24.05.2016,2016-05-24,5,2016,True,0.0232389127274705,0.023145998597216094,0.019745741451135848,0.026794177674492915
66,25.05.2016,2016-05-25,5,2016,True,0.0231255430218379,0.02267651116179786,0.019745741451135848,0.02625069152038716
66,26.05.2016,2016-05-26,5,2016,True,0.0232301949076346,0.022258987566424523,0.019745741451135848,0.025767359537507327
66,27.05.2016,2016-05-27,5,2016,True,0.023468392276824,0.02168847905615279,0.019745741451135848,0.025106929773596878
66,31.05.2016,2016-05-31,5,2016,True,0.0234464115030404,0.02151442864492667,0.019745741451135848,0.02490544623754965
66,01.06.2016,2016-06-01,5,2016,True,0.023450673661264,0.021251511978762523,0.019745741451135848,0.024783867031624194
66,02.06.2016,2016-06-02,5,2016,True,0.02346517781637,0.021227639783747383,0.019745741451135848,0.024756026880410505
66,03.06.2016,2016-06-03,5,2016,True,0.0235293996695718,0.02112826304568904,0.019745741451135848,0.02464013207421809
66,06.06.2016,2016-06-06,5,2016,True,0.0239730451088494,0.02116595641908055,0.019745741451135848,0.024684090713727697
66,07.06.2016,2016-06-07,5,2016,True,0.0243734836727554,0.02124311314925423,0.019745741451135848,0.024591367086185457
66,08.06.2016,2016-06-08,5,2016,True,0.0242421401302901,0.02128560868481349,0.019745741451135848,0.024640560596906766
66,09.06.2016,2016-06-09,5,2016,True,0.0243997232660823,0.020945075409332974,0.019745741451135848,0.024246353838059065
66,10.06.2016,2016-06-10,5,2016,True,0.0243896832272308,0.020333892598642156,0.019745741451135848,0.02353883885431516
66,13.06.2016,2016-06-13,5,2016,True,0.0244824208493345,0.02026746237864577,0.019745741451135848,0.0234955565116109
66,14.06.2016,2016-06-14,5,2016,True,0.0245418482135053,0.021463675111694898,0.019745741451135848,0.02317897152659387
66,15.06.2016,2016-06-15,5,2016,True,0.0244666236095682,0.021272544120521916,0.019745741451135848,0.022972566063447705
66,16.06.2016,2016-06-16,5,2016,True,0.0240482871024402,0.02139396853591158,0.019745741451135848,0.02310369426271013
66,17.06.2016,2016-06-17,5,2016,True,0.0236309708379069,0.02189207392697973,0.019745741451135848,0.023432490697094754
66,20.06.2016,2016-06-20,5,2016,True,0.0234353071861385,0.02196909937414401,0.019745741451135848,0.023724787400492112
66,21.06.2016,2016-06-21,5,2016,True,0.0238668208346121,0.020278700905921924,0.019745741451135848,0.023508585052026614
66,22.06.2016,2016-06-22,5,2016,True,0.0241452126232272,0.02171858389611086,0.019745741451135848,0.02328531556496172
66,23.06.2016,2016-06-23,5,2016,True,0.0242533790029677,0.021776333441776628,0.019745741451135848,0.023347231037949875
66,24.06.2016,2016-06-24,5,2016,True,0.0245454442894021,0.020750875788373292,0.019745741451135848,0.02343836860664934
66,27.06.2016,2016-06-27,5,2016,True,0.0243611337702648,0.02270187608795198,0.019745741451135848,0.02433954032883702
66,28.06.2016,2016-06-28,5,2016,True,0.0240944683804483,0.022448739272654485,0.019745741451135848,0.024221439376069076
66,29.06.2016,2016-06-29,5,2016,True,0.0235495195128631,0.02266099634231903,0.019745741451135848,0.024450457660017185
66,30.06.2016,2016-06-30,5,2016,True,0.0238467209118882,0.0214614262450184,0.019745741451135848,0.024879688623025926
66,01.07.2016,2016-07-01,5,2016,True,0.0239579873822711,0.021348473808702247,0.019745741451135848,0.024713334268430573
66,05.07.2016,2016-07-05,5,2016,True,0.0234963773876901,0.021348434341519715,0.019745741451135848,0.024713288580589687
66,06.07.2016,2016-07-06,5,2016,True,0.023459617591221,0.02354194133099627,0.019745741451135848,0.025240206061603574
66,07.07.2016,2016-07-07,5,2016,True,0.0225825535443896,0.023599684329256694,0.019745741451135848,0.025302114514870723
66,08.07.2016,2016-07-08,5,2016,True,0.0226295992112274,0.023794342978706542,0.019745741451135848,0.025285167525197775
66,11.07.2016,2016-07-11,5,2016,True,0.0225775090912584,0.02358904805688472,0.019745741451135848,0.02529071096481419
66,12.07.2016,2016-07-12,5,2016,True,0.0218649406885129,0.022981217715223982,0.019745741451135848,0.02463903305693442
66,13.07.2016,2016-07-13,5,2016,True,0.0210725004412618,0.023494600610536525,0.019745741451135848,0.025189450283959382
66,14.07.2016,2016-07-14,5,2016,True,0.0208922044433374,0.024270447383563275,0.019745741451135848,0.02484176205704062
66,15.07.2016,2016-07-15,5,2016,True,0.0210004820513698,0.021839829227304253,0.019745741451135848,0.024876762898344725
66,18.07.2016,2016-07-18,5,2016,True,0.0211675393304085,0.021033782112758827,0.019745741451135848,0.02434904213480841
66,19.07.2016,2016-07-19,5,2016,True,0.0211593311089339,0.021393585712165035,0.019745741451135848,0.024368467068487065
66,20.07.2016,2016-07-20,5,2016,True,0.0211483118613921,0.02104481555370914,0.019745741451135848,0.0243618146222836
66,21.07.2016,2016-07-21,5,2016,True,0.0210458118069826,0.020980313216186774,0.019745741451135848,0.024287145686107205
66,22.07.2016,2016-07-22,5,2016,True,0.0211002546854274,0.022786405326381928,0.019745741451135848,0.024430167323705673
66,25.07.2016,2016-07-25,5,2016,True,0.0209300705140545,0.02264536915778143,0.019745741451135848,0.024278957110938356
66,26.07.2016,2016-07-26,5,2016,True,0.0210333469803121,0.02232370000854423,0.019745741451135848,0.023934083444988055
66,27.07.2016,2016-07-27,5,2016,True,0.0209652076846742,0.02209111773284218,0.019745741451135848,0.023684723186950744
66,28.07.2016,2016-07-28,5,2016,True,0.0208241141979067,0.022536703491103118,0.019745741451135848,0.023948731164722774
66,29.07.2016,2016-07-29,5,2016,True,0.0211929803990656,0.0267759332157395,0.019745741451135848,0.02398631892200332
66,01.08.2016,2016-08-01,5,2016,True,0.021247338941143,0.0221296750219756,0.019745741451135848,0.023726061915529725
66,02.08.2016,2016-08-02,5,2016,True,0.0212639954458399,0.027230372536584935,0.019745741451135848,0.023384490802818146
66,03.08.2016,2016-08-03,5,2016,True,0.0209942939907619,0.027100119066026433,0.019745741451135848,0.02328536310413859
66,04.08.2016,2016-08-04,5,2016,True,0.0207406704470851,0.02750292989676647,0.019745741451135848,0.023631472153815055
66,05.08.2016,2016-08-05,5,2016,True,0.0207548638299785,0.027451236770701822,0.019745741451135848,0.023897814158529946
66,08.08.2016,2016-08-08,5,2016,True,0.0205813437729521,0.022259823625958335,0.019745741451135848,0.023654503508140485
66,09.08.2016,2016-08-09,5,2016,True,0.0209124105412983,0.021600151507003545,0.019745741451135848,0.023158339719452293
66,10.08.2016,2016-08-10,5,2016,True,0.0218294512533878,0.02160356862931966,0.019745741451135848,0.023162003345581668
66,11.08.2016,2016-08-11,5,2016,True,0.0211688056503974,0.021714746233322525,0.019745741451135848,0.023281201061480017
66,12.08.2016,2016-08-12,5,2016,True,0.0210265948834692,0.021835359666282184,0.019745741451135848,0.02341051528662809
66,15.08.2016,2016-08-15,5,2016,True,0.0207359708768601,0.021411530710325522,0.019745741451135848,0.022956112226454984
66,16.08.2016,2016-08-16,5,2016,True,0.0212868413043521,0.01978467045165599,0.019745741451135848,0.02256860378382376
66,17.08.2016,2016-08-17,5,2016,True,0.0212365179670241,0.020047086530973646,0.019745741451135848,0.02264343001202986
66,18.08.2016,2016-08-18,5,2016,True,0.0210787606788912,0.019593237007070847,0.019745741451135848,0.0226814441114262
66,19.08.2016,2016-08-19,5,2016,True,0.0215135673973021,0.019556589155423378,0.019745741451135848,0.022639019973003032
66,22.08.2016,2016-08-22,5,2016,True,0.0212741847217899,0.01954694738854538,0.019745741451135848,0.0226278585096624
66,23.08.2016,2016-08-23,5,2016,True,0.0217062756896567,0.019880919849445185,0.019745741451135848,0.023014470364759176
66,24.08.2016,2016-08-24,5,2016,True,0.024019586856678,0.021406379096622435,0.019745741451135848,0.023096767584698426
66,25.08.2016,2016-08-25,5,2016,True,0.0239717674214771,0.02054904846997906,0.019745741451135848,0.02321040217614012
66,26.08.2016,2016-08-26,5,2016,True,0.0257309203647134,0.020047015445592276,0.019745741451135848,0.02323999795787568
66,29.08.2016,2016-08-29,5,2016,True,0.025681313219147,0.020074803113025216,0.019745741451135848,0.023238912727470574
66,30.08.2016,2016-08-30,5,2016,True,0.0256851812516076,0.019976869335044885,0.019745741451135848,0.023125543021837957
66,31.08.2016,2016-08-31,5,2016,True,0.0255316769249476,0.021530041243117443,0.019745741451135848,0.023230194907634644
66,01.09.2016,2016-09-01,5,2016,True,0.0255959957138236,0.021750805606181978,0.019745741451135848,0.023468392276824002
66,02.09.2016,2016-09-02,5,2016,True,0.0255926729377136,0.02192435971737403,0.019745741451135848,0.02344641150304043
66,06.09.2016,2016-09-06,5,2016,True,0.0257287387411063,0.021734383767050065,0.019745741451135848,0.023450673661264076
66,07.09.2016,2016-09-07,5,2016,True,0.0256811511618886,0.021170843893093965,0.019745741451135848,0.02346517781636999
66,08.09.2016,2016-09-08,5,2016,True,0.0255825948248463,0.021228786382995465,0.019745741451135848,0.02352939966957186
66,09.09.2016,2016-09-09,5,2016,True,0.0250498964557102,0.02162905389480938,0.019745741451135848,0.023973045108849476
66,12.09.2016,2016-09-12,5,2016,True,0.0251647633800065,0.021990339131664226,0.019745741451135848,0.024373483672755457
66,13.09.2016,2016-09-13,5,2016,True,0.0249454032738868,0.02261102937480625,0.019745741451135848,0.02424214013029016
66,14.09.2016,2016-09-14,5,2016,True,0.0246842661562676,0.023838574668865634,0.019745741451135848,0.02439972326608233
66,15.09.2016,2016-09-15,5,2016,True,0.0247386012134778,0.028016243016692484,0.019745741451135848,0.024389683227230865
66,16.09.2016,2016-09-16,5,2016,True,0.0246306268605641,0.02283514302019039,0.019745741451135848,0.02448242084933456
66,19.09.2016,2016-09-19,5,2016,True,0.0246304123574338,0.022890571867219156,0.019745741451135848,0.02454184821350529
66,20.09.2016,2016-09-20,5,2016,True,0.0246838147210455,0.022675979150769483,0.019745741451135848,0.02446662360956821
66,21.09.2016,2016-09-21,5,2016,True,0.0245873340323075,0.02334652105013171,0.019745741451135848,0.024048287102440283
66,22.09.2016,2016-09-22,5,2016,True,0.0245244873988484,0.021901485492393853,0.019745741451135848,0.02363097083790693
66,23.09.2016,2016-09-23,5,2016,True,0.0240097784357906,0.02275142883178428,0.019745741451135848,0.02343530718613852
66,26.09.2016,2016-09-26,5,2016,True,0.0238148812786124,0.027601030428897062,0.019745741451135848,0.023866820834612158
66,27.09.2016,2016-09-27,5,2016,True,0.0235477231258782,0.02810083459027895,0.019745741451135848,0.02414521262322725
66,28.09.2016,2016-09-28,5,2016,True,0.022555348788726,0.0282421606307633,0.019745741451135848,0.02425337900296769
66,29.09.2016,2016-09-29,5,2016,True,0.0225287797666268,0.028566634748035797,0.019745741451135848,0.024545444289402123
66,30.09.2016,2016-09-30,5,2016,True,0.0230725625421857,0.023800872660222048,0.019745741451135848,0.02436113377026485
66,03.10.2016,2016-10-03,5,2016,True,0.0232877412698777,0.021826485285916845,0.019745741451135848,0.024094468380448337
66,04.10.2016,2016-10-04,5,2016,True,0.0231182756888981,0.021332831794496486,0.019745741451135848,0.02354951951286312
66,05.10.2016,2016-10-05,5,2016,True,0.0230862091901621,0.021602057986182865,0.019745741451135848,0.023846720911888254
66,06.10.2016,2016-10-06,5,2016,True,0.023083093475368,0.020100315551616985,0.019745741451135848,0.023957987382271156
66,07.10.2016,2016-10-07,5,2016,True,0.0230350036821104,0.019713033164127116,0.019745741451135848,0.023496377387690164
66,11.10.2016,2016-10-11,5,2016,True,0.0232914517904755,0.019682192363652,0.019745741451135848,0.02345961759122107
66,12.10.2016,2016-10-12,5,2016,True,0.0232483313253275,0.02059075004667456,0.019745741451135848,0.022582553544389605
66,13.10.2016,2016-10-13,5,2016,True,0.0234255395262196,0.020633646239292133,0.019745741451135848,0.022629599211227428
66,14.10.2016,2016-10-14,5,2016,True,0.0234339771950011,0.019376760104169242,0.019745741451135848,0.022577509091258417
66,17.10.2016,2016-10-17,5,2016,True,0.0234079113871858,0.01834428745386696,0.019745741451135848,0.02186494068851294
66,18.10.2016,2016-10-18,5,2016,True,0.023425253339455,0.017679444503104914,0.019745741451135848,0.021072500441261816
66,19.10.2016,2016-10-19,5,2016,True,0.0234484445963607,0.017528179440929645,0.019745741451135848,0.020892204443337444
66,20.10.2016,2016-10-20,5,2016,True,0.0232922004984512,0.017619022384199406,0.019745741451135848,0.021000482051369833
66,21.10.2016,2016-10-21,5,2016,True,0.0232906282478235,0.0179749977009774,0.019745741451135848,0.021167539330408516
66,24.10.2016,2016-10-24,5,2016,True,0.0232911021396535,0.017968027464152474,0.019745741451135848,0.02115933110893398
66,25.10.2016,2016-10-25,5,2016,True,0.0232238693771326,0.018152906408560706,0.019745741451135848,0.021148311861392172
66,26.10.2016,2016-10-26,5,2016,True,0.0231887641211888,0.01820232302926126,0.019745741451135848,0.021045811806982652
66,27.10.2016,2016-10-27,5,2016,True,0.0231701368942371,0.01837857445227394,0.019745741451135848,0.0211002546854274
66,28.10.2016,2016-10-28,5,2016,True,0.0232231601488762,0.01823034200149057,0.019745741451135848,0.020930070514054572
66,31.10.2016,2016-10-31,5,2016,True,0.0229755597006773,0.01909423576296166,0.019745741451135848,0.021033346980312093
66,01.11.2016,2016-11-01,5,2016,True,0.0229751067476388,0.023312206038029068,0.019745741451135848,0.020965207684674227
66,02.11.2016,2016-11-02,5,2016,True,0.0226196861080501,0.01999827623353685,0.019745741451135848,0.020824114197906782
66,03.11.2016,2016-11-03,5,2016,True,0.0226447161314291,0.023366379276782496,0.019745741451135848,0.021192980399065687
66,04.11.2016,2016-11-04,5,2016,True,0.0226883423939135,0.02443879076388772,0.019745741451135848,0.02124733894114303
66,07.11.2016,2016-11-07,5,2016,True,0.0226629890921739,0.025368974850404038,0.019745741451135848,0.02126399544583997
66,08.11.2016,2016-11-08,5,2016,True,0.0226693874182483,0.02470084725038985,0.019745741451135848,0.020994293990761984
66,09.11.2016,2016-11-09,5,2016,True,0.0226709728426835,0.024402446341351407,0.019745741451135848,0.020740670447085167
66,10.11.2016,2016-11-10,5,2016,True,0.0226028914069809,0.01949007794500237,0.019745741451135848,0.02075486382997849
66,14.11.2016,2016-11-14,5,2016,True,0.0222403942546572,0.023685640748185893,0.019745741451135848,0.020581343772952142
66,15.11.2016,2016-11-15,5,2016,True,0.0213975079792596,0.025494254842193247,0.019745741451135848,0.020912410541298287
66,16.11.2016,2016-11-16,5,2016,True,0.0214030316480168,0.02499929866763227,0.019745741451135848,0.0218294512533878
66,17.11.2016,2016-11-17,5,2016,True,0.0214546544773057,0.024890964834456106,0.019745741451135848,0.021168805650397398
66,18.11.2016,2016-11-18,5,2016,True,0.0214502758578171,0.024079859789126714,0.019745741451135848,0.021026594883469186
66,21.11.2016,2016-11-21,5,2016,True,0.0208857580239052,0.02374703436640443,0.019745741451135848,0.020735970876860108
66,22.11.2016,2016-11-22,5,2016,True,0.020884411663389,0.024336285118750335,0.019745741451135848,0.02128684130435209
66,23.11.2016,2016-11-23,5,2016,True,0.0209204794231531,0.02447517120831779,0.019745741451135848,0.021236517967024113
66,25.11.2016,2016-11-25,5,2016,True,0.0204502938094076,0.02429335530787654,0.019745741451135848,0.021078760678891268
66,28.11.2016,2016-11-28,5,2016,True,0.0203206484237941,0.026394172199637047,0.019745741451135848,0.021513567397302102
66,29.11.2016,2016-11-29,5,2016,True,0.0196526215548284,0.025935292623780675,0.019745741451135848,0.02127418472178994
66,30.11.2016,2016-11-30,5,2016,True,0.018021971726188,0.026638361394862264,0.019745741451135848,0.02170627568965671
66,01.12.2016,2016-12-01,5,2016,True,0.0181612137331028,0.022555851191238315,0.019745741451135848,0.024019586856678033
66,02.12.2016,2016-12-02,5,2016,True,0.0156085590334577,0.0211158017910455,0.019745741451135848,0.023971767421477105
66,05.12.2016,2016-12-05,5,2016,True,0.0155619930176506,0.020455014676450098,0.019745741451135848,0.025730920364713483
66,06.12.2016,2016-12-06,5,2016,True,0.0154357565769668,0.020537831979760515,0.019745741451135848,0.025681313219147076
66,07.12.2016,2016-12-07,5,2016,True,0.0154555861621749,0.021063512591889082,0.019745741451135848,0.025685181251607597
66,08.12.2016,2016-12-08,5,2016,True,0.0153091665637168,0.021116032001286512,0.019745741451135848,0.02553167692494766
66,09.12.2016,2016-12-09,5,2016,True,0.0152707101815799,0.02102045267036866,0.019745741451135848,0.025595995713823618
66,12.12.2016,2016-12-12,5,2016,True,0.0149368020095709,0.021017723874085983,0.019745741451135848,0.025592672937713584
66,13.12.2016,2016-12-13,5,2016,True,0.0150044957619415,0.021698149150372867,0.019745741451135848,0.025728738741106375
66,14.12.2016,2016-12-14,5,2016,True,0.014482073009429,0.021787106366654384,0.019745741451135848,0.025681151161888682
66,15.12.2016,2016-12-15,5,2016,True,0.0144768355411512,0.02170349417245353,0.019745741451135848,0.025582594824846344
66,16.12.2016,2016-12-16,5,2016,True,0.0142135570760663,0.021251569102718547,0.019745741451135848,0.02504989645571026
66,19.12.2016,2016-12-19,5,2016,True,0.0142047637650645,0.021349018702305312,0.019745741451135848,0.025164763380006526
66,20.12.2016,2016-12-20,5,2016,True,0.0142462102828316,0.021579244576230033,0.019745741451135848,0.024945403273886845
66,21.12.2016,2016-12-21,5,2016,True,0.0143767260268329,0.021937659372957635,0.019745741451135848,0.02468426615626765
66,22.12.2016,2016-12-22,5,2016,True,0.0143704721541457,0.022141010750822806,0.019745741451135848,0.024738601213477783
66,23.12.2016,2016-12-23,5,2016,True,0.0143686150435114,0.02204437386791886,0.019745741451135848,0.024630626860564137
66,27.12.2016,2016-12-27,5,2016,True,0.0142253912266675,0.022044181887940925,0.019745741451135848,0.024630412357433788
66,28.12.2016,2016-12-28,5,2016,True,0.0144409808852709,0.022091976922779137,0.019745741451135848,0.024683814721045524
66,29.12.2016,2016-12-29,5,2016,True,0.0144491861784991,0.02200562685196627,0.019745741451135848,0.02458733403230751
66,30.12.2016,2016-12-30,5,2016,True,0.0145035326492715,0.02194937920986788,0.019745741451135848,0.024524487398848435
66,03.01.2017,2017-01-03,6,2017,True,0.0144545478082383,0.02564213613064817,0.020714114197542058,0.02400977843579066
66,04.01.2017,2017-01-04,6,2017,True,0.0143816151139491,0.025863377577350532,0.020714114197542058,0.023814881278612463
66,05.01.2017,2017-01-05,6,2017,True,0.014360917664402,0.02563672469073688,0.020714114197542058,0.02354772312587827
66,06.01.2017,2017-01-06,6,2017,True,0.0143741783638172,0.02430911515632835,0.020714114197542058,0.022555348788725983
66,09.01.2017,2017-01-09,6,2017,True,0.0135568221128489,0.024211529172096107,0.020714114197542058,0.022528779766626848
66,10.01.2017,2017-01-10,6,2017,True,0.0132739696997448,0.024634792968641555,0.020714114197542058,0.023072562542185704
66,11.01.2017,2017-01-11,6,2017,True,0.0129015704499715,0.024702194118184938,0.020714114197542058,0.023287741269877704
66,12.01.2017,2017-01-12,6,2017,True,0.0134877873780326,0.02462541297545279,0.020714114197542058,0.023118275688898158
66,13.01.2017,2017-01-13,6,2017,True,0.0134407005246176,0.024458027276996662,0.020714114197542058,0.023086209190162115
66,17.01.2017,2017-01-17,6,2017,True,0.0136404580152174,0.024320002250882596,0.020714114197542058,0.023083093475368015
66,18.01.2017,2017-01-18,6,2017,True,0.0132285250856099,0.02321701864622188,0.020714114197542058,0.023035003682110432
66,19.01.2017,2017-01-19,6,2017,True,0.0132748422689815,0.023976189722186757,0.020714114197542058,0.02329145179047552
66,20.01.2017,2017-01-20,6,2017,True,0.0129179149588763,0.02420701714349025,0.020714114197542058,0.02324833132532757
66,23.01.2017,2017-01-23,6,2017,True,0.0129336753478191,0.02446126819305199,0.020714114197542058,0.023425539526219646
66,24.01.2017,2017-01-24,6,2017,True,0.0129462108884435,0.024452730990320973,0.020714114197542058,0.023433977195001152
66,25.01.2017,2017-01-25,6,2017,True,0.0129338173081367,0.024428587546515123,0.020714114197542058,0.023407911387185794
66,26.01.2017,2017-01-26,6,2017,True,0.0128665955612979,0.024637749059719712,0.020714114197542058,0.023425253339455037
66,27.01.2017,2017-01-27,6,2017,True,0.0128273950425471,0.024674026198980084,0.020714114197542058,0.023448444596360772
66,30.01.2017,2017-01-30,6,2017,True,0.0140797074653057,0.023734892384193164,0.020714114197542058,0.023292200498451206
66,31.01.2017,2017-01-31,6,2017,True,0.0141728740208892,0.025283812246997814,0.020714114197542058,0.02329062824782354
66,01.02.2017,2017-02-01,6,2017,True,0.0141968256577653,0.02506868026951095,0.020714114197542058,0.023291102139653547
66,02.02.2017,2017-02-02,6,2017,True,0.014077751051308,0.02513690077825775,0.020714114197542058,0.023223869377132642
66,03.02.2017,2017-02-03,6,2017,True,0.014610661416301,0.025028090294075253,0.020714114197542058,0.023188764121188782
66,06.02.2017,2017-02-06,6,2017,True,0.0145275153198159,0.02510178908802501,0.020714114197542058,0.02317013689423714
66,07.02.2017,2017-02-07,6,2017,True,0.0144695737177799,0.025324352224118635,0.020714114197542058,0.02322316014887622
66,08.02.2017,2017-02-08,6,2017,True,0.0146812426464209,0.025824141844991433,0.020714114197542058,0.022975559700677307
66,09.02.2017,2017-02-09,6,2017,True,0.0146288738919355,0.02617557994173014,0.020714114197542058,0.022975106747638835
66,10.02.2017,2017-02-10,6,2017,True,0.0144881653337493,0.025341825187709225,0.020714114197542058,0.02261968610805018
66,13.02.2017,2017-02-13,6,2017,True,0.0143257643972561,0.02512604944550764,0.020714114197542058,0.02264471613142917
66,14.02.2017,2017-02-14,6,2017,True,0.014541348439367,0.03150180540132239,0.020714114197542058,0.02268834239391349
66,15.02.2017,2017-02-15,6,2017,True,0.014550965617574,0.03180677486224476,0.020714114197542058,0.022662989092173895
66,16.02.2017,2017-02-16,6,2017,True,0.014566906612912,0.031140508329135574,0.020714114197542058,0.022669387418248334
66,17.02.2017,2017-02-17,6,2017,True,0.014565959805931,0.031288536901743054,0.020714114197542058,0.022670972842683563
66,21.02.2017,2017-02-21,6,2017,True,0.015536354401376,0.030653647475869128,0.020714114197542058,0.02260289140698089
66,22.02.2017,2017-02-22,6,2017,True,0.0155534142976012,0.028397951968265455,0.020714114197542058,0.02224039425465723
66,23.02.2017,2017-02-23,6,2017,True,0.0154626708787183,0.02719674849132869,0.020714114197542058,0.021397507979259645
66,24.02.2017,2017-02-24,6,2017,True,0.0158217710552001,0.02719931694433952,0.020714114197542058,0.021403031648016803
66,27.02.2017,2017-02-27,6,2017,True,0.0158235890729463,0.02740866964368446,0.020714114197542058,0.021454654477305744
66,28.02.2017,2017-02-28,6,2017,True,0.0158311171817839,0.021786456689881623,0.020714114197542058,0.021450275857817107
66,01.03.2017,2017-03-01,6,2017,True,0.0158601739562465,0.021439098374535878,0.020714114197542058,0.020885758023905257
66,02.03.2017,2017-03-02,6,2017,True,0.0159346607287408,0.021464260628471805,0.020714114197542058,0.020884411663389047
66,03.03.2017,2017-03-03,6,2017,True,0.0165652056784239,0.021744406752863158,0.020714114197542058,0.020920479423153126
66,06.03.2017,2017-03-06,6,2017,True,0.0165581725127948,0.020923537038185232,0.020714114197542058,0.020450293809407605
66,07.03.2017,2017-03-07,6,2017,True,0.0165904150544185,0.021556222899921776,0.020714114197542058,0.0203206484237941
66,08.03.2017,2017-03-08,6,2017,True,0.0154137775664177,0.0210521836578313,0.020714114197542058,0.019652621554828425
66,09.03.2017,2017-03-09,6,2017,True,0.0153330505547726,0.021048609957461533,0.020714114197542058,0.018021971726188028
66,10.03.2017,2017-03-10,6,2017,True,0.015823376292249,0.022589492162539335,0.020714114197542058,0.01816121373310284
66,13.03.2017,2017-03-13,6,2017,True,0.0158229795295618,0.019781171718703652,0.020714114197542058,0.015608559033457729
66,14.03.2017,2017-03-14,6,2017,True,0.0158543522297613,0.02009414506551094,0.020714114197542058,0.01556199301765066
66,15.03.2017,2017-03-15,6,2017,True,0.0157201402725235,0.020014864733466572,0.020714114197542058,0.015435756576966806
66,16.03.2017,2017-03-16,6,2017,True,0.0158694964483004,0.016796139481926563,0.020714114197542058,0.015455586162174902
66,17.03.2017,2017-03-17,6,2017,True,0.0161538522954195,0.016578654895001346,0.020714114197542058,0.015309166563716803
66,20.03.2017,2017-03-20,6,2017,True,0.0162109648380878,0.016743855543232437,0.020714114197542058,0.0152707101815799
66,21.03.2017,2017-03-21,6,2017,True,0.0161910348973023,0.01616970219938034,0.020714114197542058,0.014936802009570904
66,22.03.2017,2017-03-22,6,2017,True,0.0162106385533372,0.01622333844848665,0.020714114197542058,0.01500449576194155
66,23.03.2017,2017-03-23,6,2017,True,0.0163828101761354,0.015927485617880953,0.020714114197542058,0.01448207300942906
66,24.03.2017,2017-03-24,6,2017,True,0.0164747422108718,0.016011551912694846,0.020714114197542058,0.014476835541151261
66,27.03.2017,2017-03-27,6,2017,True,0.0164800597319818,0.01572064915742654,0.020714114197542058,0.014213557076066316
66,28.03.2017,2017-03-28,6,2017,True,0.0164702873092039,0.01625714409216229,0.020714114197542058,0.014204763765064526
66,29.03.2017,2017-03-29,6,2017,True,0.0168796549125901,0.016305772916004983,0.020714114197542058,0.01424621028283158
66,30.03.2017,2017-03-30,6,2017,True,0.0174545982065818,0.016122938033014893,0.020714114197542058,0.014376726026832959
66,31.03.2017,2017-03-31,6,2017,True,0.0174835097186549,0.01541637072339757,0.020714114197542058,0.01437047215414569
66,03.04.2017,2017-04-03,6,2017,True,0.0177993377393088,0.015837569267557947,0.020714114197542058,0.014368615043511444
66,04.04.2017,2017-04-04,6,2017,True,0.0176099473426248,0.014515549181413772,0.020714114197542058,0.014225391226667558
66,05.04.2017,2017-04-05,6,2017,True,0.0177032319272958,0.014343083536808184,0.020714114197542058,0.014440980885270903
66,06.04.2017,2017-04-06,6,2017,True,0.0176623783919338,0.014924154104186271,0.020714114197542058,0.014449186178499124
66,07.04.2017,2017-04-07,6,2017,True,0.0177456469710431,0.015175939129476047,0.020714114197542058,0.01450353264927152
66,10.04.2017,2017-04-10,6,2017,True,0.0177071190754099,0.014989472055692716,0.020714114197542058,0.014454547808238368
66,11.04.2017,2017-04-11,6,2017,True,0.0177153304663209,0.015880542945861303,0.020714114197542058,0.01438161511394911
66,12.04.2017,2017-04-12,6,2017,True,0.0177572017528449,0.015937641723537392,0.020714114197542058,0.014360917664402008
66,13.04.2017,2017-04-13,6,2017,True,0.0179163004416814,0.015872331098380207,0.020714114197542058,0.014374178363817191
66,17.04.2017,2017-04-17,6,2017,True,0.0179075530910348,0.014868512812864111,0.020714114197542058,0.013556822112848957
66,18.04.2017,2017-04-18,6,2017,True,0.0181262912173083,0.01396319134920333,0.020714114197542058,0.01327396969974482
66,19.04.2017,2017-04-19,6,2017,True,0.017679391099092,0.013779393475149978,0.020714114197542058,0.012901570449971521
66,20.04.2017,2017-04-20,6,2017,True,0.0181576105899456,0.014679943864452013,0.020714114197542058,0.013487787378032613
66,21.04.2017,2017-04-21,6,2017,True,0.0181088834077821,0.014582663882460403,0.020714114197542058,0.013440700524617655
66,24.04.2017,2017-04-24,6,2017,True,0.0181344502764942,0.0148300350354287,0.020714114197542058,0.013640458015217415
66,25.04.2017,2017-04-25,6,2017,True,0.0182605847167706,0.014737092120283221,0.020714114197542058,0.013228525085609908
66,26.04.2017,2017-04-26,6,2017,True,0.0182497234127796,0.014782834491153972,0.020714114197542058,0.013274842268981504
66,27.04.2017,2017-04-27,6,2017,True,0.0182252065741357,0.01452215658867285,0.020714114197542058,0.012917914958876339
66,28.04.2017,2017-04-28,6,2017,True,0.018225440455189,0.014408618029683988,0.020714114197542058,0.012933675347819074
66,01.05.2017,2017-05-01,6,2017,True,0.018237802428793,0.014136416655837964,0.020714114197542058,0.012946210888443518
66,02.05.2017,2017-05-02,6,2017,True,0.0180720592018376,0.013546220315197411,0.020714114197542058,0.012933817308136713
66,03.05.2017,2017-05-03,6,2017,True,0.0180576674976592,0.01582202915935081,0.020714114197542058,0.012866595561297873
66,04.05.2017,2017-05-04,6,2017,True,0.0169980323171779,0.015692600776378834,0.020714114197542058,0.012827395042547094
66,05.05.2017,2017-05-05,6,2017,True,0.0169549517529417,0.016483503957068345,0.020714114197542058,0.014079707465305711
66,08.05.2017,2017-05-08,6,2017,True,0.0170667800175643,0.016519088471765458,0.020714114197542058,0.014172874020889193
66,09.05.2017,2017-05-09,6,2017,True,0.016990460082127,0.016005713372519877,0.020714114197542058,0.014196825657765304
66,10.05.2017,2017-05-10,6,2017,True,0.016931122732087,0.016447662980513852,0.020714114197542058,0.014077751051307973
66,11.05.2017,2017-05-11,6,2017,True,0.0168787035579773,0.016227251896650766,0.020714114197542058,0.01461066141630105
66,12.05.2017,2017-05-12,6,2017,True,0.016927023020536,0.01610005855832264,0.020714114197542058,0.01452751531981595
66,15.05.2017,2017-05-15,6,2017,True,0.0168628133999032,0.015996877630687183,0.020714114197542058,0.014469573717779962
66,16.05.2017,2017-05-16,6,2017,True,0.0173342641365966,0.015992353405631033,0.020714114197542058,0.01468124264642096
66,17.05.2017,2017-05-17,6,2017,True,0.0174672920277113,0.01611929603011895,0.020714114197542058,0.014628873891935512
66,18.05.2017,2017-05-18,6,2017,True,0.017459826082801,0.015990592138291102,0.020714114197542058,0.014488165333749293
66,19.05.2017,2017-05-19,6,2017,True,0.0173477114402137,0.015719112127186716,0.020714114197542058,0.014325764397256158
66,22.05.2017,2017-05-22,6,2017,True,0.0173773889525062,0.013419343182528045,0.020714114197542058,0.014541348439367033
66,23.05.2017,2017-05-23,6,2017,True,0.0173885636097034,0.013647431410626298,0.020714114197542058,0.014550965617574064
66,24.05.2017,2017-05-24,6,2017,True,0.0174239402596308,0.01397694797867168,0.020714114197542058,0.014566906612912009
66,25.05.2017,2017-05-25,6,2017,True,0.0164125758829062,0.013621792677433095,0.020714114197542058,0.014565959805931042
66,26.05.2017,2017-05-26,6,2017,True,0.0165554239312888,0.01651556458728493,0.020714114197542058,0.015536354401376002
66,30.05.2017,2017-05-30,6,2017,True,0.0169410085697803,0.014665025130968172,0.020714114197542058,0.015553414297601216
66,31.05.2017,2017-05-31,6,2017,True,0.0165190108902206,0.01619609728906698,0.020714114197542058,0.015462670878718287
66,01.06.2017,2017-06-01,6,2017,True,0.0166917762799813,0.01656719066368857,0.020714114197542058,0.015821771055200124
66,02.06.2017,2017-06-02,6,2017,True,0.0167499163491126,0.01662690057466192,0.020714114197542058,0.015823589072946367
66,05.06.2017,2017-06-05,6,2017,True,0.0167015027444266,0.017746477469487848,0.020714114197542058,0.01583111718178388
66,06.06.2017,2017-06-06,6,2017,True,0.0167327418361946,0.02192354334409443,0.020714114197542058,0.015860173956246566
66,07.06.2017,2017-06-07,6,2017,True,0.0158447421343167,0.02415345099181536,0.020714114197542058,0.015934660728740772
66,08.06.2017,2017-06-08,6,2017,True,0.0158456817333304,0.0242739352532038,0.020714114197542058,0.016565205678423924
66,09.06.2017,2017-06-09,6,2017,True,0.015936478653605,0.02436692863651003,0.020714114197542058,0.0165581725127948
66,12.06.2017,2017-06-12,6,2017,True,0.0159421462387736,0.023866730864603346,0.020714114197542058,0.016590415054418564
66,13.06.2017,2017-06-13,6,2017,True,0.0159199453296873,0.023594037879708287,0.020714114197542058,0.015413777566417718
66,14.06.2017,2017-06-14,6,2017,True,0.0152099932032584,0.023207326533229388,0.020714114197542058,0.015333050554772647
66,15.06.2017,2017-06-15,6,2017,True,0.0152387538630102,0.022478992950380458,0.020714114197542058,0.015823376292249045
66,16.06.2017,2017-06-16,6,2017,True,0.0153788520233782,0.022375291248526923,0.020714114197542058,0.01582297952956183
66,19.06.2017,2017-06-19,6,2017,True,0.0153009620320705,0.0244631253593949,0.020714114197542058,0.01585435222976134
66,20.06.2017,2017-06-20,6,2017,True,0.0150628899572931,0.02494500122961679,0.020714114197542058,0.015720140272523504
66,21.06.2017,2017-06-21,6,2017,True,0.015175935686794,0.02515434808809238,0.020714114197542058,0.015869496448300408
66,22.06.2017,2017-06-22,6,2017,True,0.0152617209114135,0.025569548424681912,0.020714114197542058,0.01615385229541951
66,23.06.2017,2017-06-23,6,2017,True,0.0153418299974063,0.025236851417177103,0.020714114197542058,0.016210964838087816
66,26.06.2017,2017-06-26,6,2017,True,0.015410183092323,0.02534725076311791,0.020714114197542058,0.01619103489730235
66,27.06.2017,2017-06-27,6,2017,True,0.0153063133058348,0.02510312555894448,0.020714114197542058,0.016210638553337237
66,28.06.2017,2017-06-28,6,2017,True,0.0156306153652945,0.023712045458582538,0.020714114197542058,0.016382810176135413
66,29.06.2017,2017-06-29,6,2017,True,0.0156414295031857,0.026246272386521982,0.020714114197542058,0.016474742210871862
66,30.06.2017,2017-06-30,6,2017,True,0.0156270022297226,0.026560940729671866,0.020714114197542058,0.016480059731981772
66,03.07.2017,2017-07-03,6,2017,True,0.0152365206250185,0.02505085979504578,0.020714114197542058,0.01647028730920388
66,05.07.2017,2017-07-05,6,2017,True,0.0147406313887608,0.018690411999029405,0.020714114197542058,0.016879654912590122
66,06.07.2017,2017-07-06,6,2017,True,0.0147308329776421,0.0190947849651606,0.020714114197542058,0.017454598206581864
66,07.07.2017,2017-07-07,6,2017,True,0.01426026303117,0.019342850838081214,0.020714114197542058,0.017483509718654946
66,10.07.2017,2017-07-10,6,2017,True,0.0142644797685435,0.018997495602522747,0.020714114197542058,0.017799337739308772
66,11.07.2017,2017-07-11,6,2017,True,0.0143217652531557,0.02132875044664118,0.020714114197542058,0.017609947342624836
66,12.07.2017,2017-07-12,6,2017,True,0.0144183927667337,0.02257785226601066,0.020714114197542058,0.01770323192729578
66,13.07.2017,2017-07-13,6,2017,True,0.0143880369391776,0.021761719737980228,0.020714114197542058,0.017662378391933832
66,14.07.2017,2017-07-14,6,2017,True,0.0143596812275742,0.02186607031866626,0.020714114197542058,0.01774564697104311
66,17.07.2017,2017-07-17,6,2017,True,0.0142747184192155,0.0225453716578219,0.020714114197542058,0.01770711907540991
66,18.07.2017,2017-07-18,6,2017,True,0.014439202345626,0.017959382214836277,0.020714114197542058,0.01771533046632092
66,19.07.2017,2017-07-19,6,2017,True,0.0143410886094302,0.018083759865943974,0.020714114197542058,0.01775720175284489
66,20.07.2017,2017-07-20,6,2017,True,0.0143258055912973,0.019018542931084195,0.020714114197542058,0.017916300441681444
66,21.07.2017,2017-07-21,6,2017,True,0.0140034467485291,0.019076634302719345,0.020714114197542058,0.0179075530910348
66,24.07.2017,2017-07-24,6,2017,True,0.0139659972467632,0.019308423076099326,0.020714114197542058,0.018126291217308337
66,25.07.2017,2017-07-25,6,2017,True,0.0135515866855499,0.019334285989519917,0.020714114197542058,0.017679391099092046
66,26.07.2017,2017-07-26,6,2017,True,0.0136146580249997,0.017692284112015202,0.020714114197542058,0.01815761058994561
66,27.07.2017,2017-07-27,6,2017,True,0.0135963511810612,0.017770891608447685,0.020714114197542058,0.018108883407782134
66,28.07.2017,2017-07-28,6,2017,True,0.0134405654714363,0.017956679393698546,0.020714114197542058,0.01813445027649423
66,31.07.2017,2017-07-31,6,2017,True,0.0134481152681795,0.018546176280055147,0.020714114197542058,0.01826058471677058
66,01.08.2017,2017-08-01,6,2017,True,0.0135437756261661,0.0198669629049546,0.020714114197542058,0.01824972341277961
66,02.08.2017,2017-08-02,6,2017,True,0.0137671163912977,0.020399995288296165,0.020714114197542058,0.018225206574135677
66,03.08.2017,2017-08-03,6,2017,True,0.014276155681814,0.020133374103590524,0.020714114197542058,0.018225440455189007
66,04.08.2017,2017-08-04,6,2017,True,0.0143431862742034,0.019900333310279076,0.020714114197542058,0.018237802428793016
66,07.08.2017,2017-08-07,6,2017,True,0.014354892665103,0.019918606272245187,0.020714114197542058,0.01807205920183762
66,08.08.2017,2017-08-08,6,2017,True,0.0143336607921616,0.01996884739001402,0.020714114197542058,0.0180576674976592
66,09.08.2017,2017-08-09,6,2017,True,0.0143489836732744,0.0194301735310046,0.020714114197542058,0.01699803231717793
66,10.08.2017,2017-08-10,6,2017,True,0.0142102806010023,0.018438505584711058,0.020714114197542058,0.016954951752941715
66,11.08.2017,2017-08-11,6,2017,True,0.0143837888403604,0.01897274970752181,0.020714114197542058,0.01706678001756436
66,14.08.2017,2017-08-14,6,2017,True,0.0139490664877872,0.019187660735991433,0.020714114197542058,0.016990460082127005
66,15.08.2017,2017-08-15,6,2017,True,0.0140168888715929,0.022524899093023232,0.020714114197542058,0.01693112273208698
66,16.08.2017,2017-08-16,6,2017,True,0.014109431819497,0.023293695350486792,0.020714114197542058,0.016878703557977357
66,17.08.2017,2017-08-17,6,2017,True,0.0141013420341758,0.0225565997278352,0.020714114197542058,0.016927023020535982
66,18.08.2017,2017-08-18,6,2017,True,0.0136133766947842,0.023264955340247438,0.020714114197542058,0.01686281339990326
66,21.08.2017,2017-08-21,6,2017,True,0.0133546206149091,0.02257231024091206,0.020714114197542058,0.017334264136596635
66,22.08.2017,2017-08-22,6,2017,True,0.0133707420466262,0.02307155840684639,0.020714114197542058,0.017467292027711356
66,23.08.2017,2017-08-23,6,2017,True,0.0133153970745819,0.02314551189033449,0.020714114197542058,0.017459826082801045
66,24.08.2017,2017-08-24,6,2017,True,0.013240842843687,0.02313868079155526,0.020714114197542058,0.017347711440213704
66,25.08.2017,2017-08-25,6,2017,True,0.0132986909897504,0.02319321966822789,0.020714114197542058,0.017377388952506175
66,28.08.2017,2017-08-28,6,2017,True,0.0132126864107509,0.023610390784971295,0.020714114197542058,0.017388563609703447
66,29.08.2017,2017-08-29,6,2017,True,0.0132229888199055,0.024461605216945213,0.020714114197542058,0.017423940259630802
66,30.08.2017,2017-08-30,6,2017,True,0.0130748291711107,0.023074980461518367,0.020714114197542058,0.016412575882906188
66,31.08.2017,2017-08-31,6,2017,True,0.0126624783150046,0.02263273060098915,0.020714114197542058,0.016555423931288834
66,01.09.2017,2017-09-01,6,2017,True,0.0131556531442491,0.022956696692332322,0.020714114197542058,0.016941008569780334
66,05.09.2017,2017-09-05,6,2017,True,0.0130791391008306,0.022363668305998244,0.020714114197542058,0.01651901089022066
66,06.09.2017,2017-09-06,6,2017,True,0.0131463749821133,0.02214655704896034,0.020714114197542058,0.016691776279981363
66,07.09.2017,2017-09-07,6,2017,True,0.0133228286742883,0.022585040042529897,0.020714114197542058,0.016749916349112617
66,08.09.2017,2017-09-08,6,2017,True,0.0135024823166276,0.02270813276870997,0.020714114197542058,0.016701502744426663
66,11.09.2017,2017-09-11,6,2017,True,0.0136590599928867,0.022644359274268517,0.020714114197542058,0.01673274183619466
66,12.09.2017,2017-09-12,6,2017,True,0.013715961561881,0.019609903805688986,0.020714114197542058,0.015844742134316678
66,13.09.2017,2017-09-13,6,2017,True,0.0136113571699787,0.0197401388018894,0.020714114197542058,0.015845681733330383
66,14.09.2017,2017-09-14,6,2017,True,0.0136045645312305,0.019807278560592657,0.020714114197542058,0.015936478653604976
66,15.09.2017,2017-09-15,6,2017,True,0.0136137303772757,0.019761651716313146,0.020714114197542058,0.015942146238773575
66,18.09.2017,2017-09-18,6,2017,True,0.013653809417455,0.019789536323594398,0.020714114197542058,0.015919945329687355
66,19.09.2017,2017-09-19,6,2017,True,0.0136174074017237,0.019333557208475165,0.020714114197542058,0.015209993203258387
66,20.09.2017,2017-09-20,6,2017,True,0.0134323941155245,0.02002592627289562,0.020714114197542058,0.01523875386301025
66,21.09.2017,2017-09-21,6,2017,True,0.013767563684267,0.019635627158605243,0.020714114197542058,0.015378852023378239
66,22.09.2017,2017-09-22,6,2017,True,0.0138226368498315,0.019624000440652628,0.020714114197542058,0.015300962032070512
66,25.09.2017,2017-09-25,6,2017,True,0.0131185797427891,0.01966340920071614,0.020714114197542058,0.01506288995729309
66,26.09.2017,2017-09-26,6,2017,True,0.0130449080732506,0.01514984647526577,0.020714114197542058,0.015175935686793983
66,27.09.2017,2017-09-27,6,2017,True,0.0129726850034181,0.015611681666241486,0.020714114197542058,0.015261720911413526
66,28.09.2017,2017-09-28,6,2017,True,0.0130658504823238,0.015866322343492344,0.020714114197542058,0.015341829997406298
66,29.09.2017,2017-09-29,6,2017,True,0.013066227861425,0.016066442508370988,0.020714114197542058,0.015410183092323023
66,02.10.2017,2017-10-02,6,2017,True,0.0126601827082175,0.015688512785211283,0.020714114197542058,0.015306313305834802
66,03.10.2017,2017-10-03,6,2017,True,0.0126451383880312,0.015831106147876178,0.020714114197542058,0.01563061536529457
66,04.10.2017,2017-10-04,6,2017,True,0.0127088012361168,0.015868195146598697,0.020714114197542058,0.015641429503185696
66,05.10.2017,2017-10-05,6,2017,True,0.0125099572883106,0.015355962877792917,0.020714114197542058,0.015627002229722627
66,06.10.2017,2017-10-06,6,2017,True,0.0120343304586047,0.01486532354749949,0.020714114197542058,0.015236520625018493
66,09.10.2017,2017-10-09,6,2017,True,0.0120529086189408,0.014596280142760534,0.020714114197542058,0.014740631388760852
66,10.10.2017,2017-10-10,6,2017,True,0.01208802741393,0.01477333470743538,0.020714114197542058,0.014730832977642085
66,11.10.2017,2017-10-11,6,2017,True,0.0120830991345176,0.013226271700587286,0.020714114197542058,0.014260263031170029
66,12.10.2017,2017-10-12,6,2017,True,0.0119444885388521,0.013277983426985543,0.020714114197542058,0.014264479768543507
66,13.10.2017,2017-10-13,6,2017,True,0.0119420220086421,0.013154306721776579,0.020714114197542058,0.0143217652531557
66,16.10.2017,2017-10-16,6,2017,True,0.0119018754594957,0.013247520390457675,0.020714114197542058,0.014418392766733765
66,17.10.2017,2017-10-17,6,2017,True,0.0119723811198238,0.013226178250775931,0.020714114197542058,0.014388036939177598
66,18.10.2017,2017-10-18,6,2017,True,0.0119878727309937,0.013225717526622926,0.020714114197542058,0.014359681227574262
66,19.10.2017,2017-10-19,6,2017,True,0.0117682207659837,0.013640676211788194,0.020714114197542058,0.014274718419215562
66,20.10.2017,2017-10-20,6,2017,True,0.0117467921616401,0.013862583231779182,0.020714114197542058,0.014439202345625995
66,23.10.2017,2017-10-23,6,2017,True,0.0119005958551307,0.013682967028417842,0.020714114197542058,0.014341088609430253
66,24.10.2017,2017-10-24,6,2017,True,0.0118292783500682,0.014313931472697865,0.020714114197542058,0.014325805591297315
66,25.10.2017,2017-10-25,6,2017,True,0.0118318781307267,0.013448872491453405,0.020714114197542058,0.014003446748529068
66,26.10.2017,2017-10-26,6,2017,True,0.0117374841429223,0.01341878726757848,0.020714114197542058,0.013965997246763213
66,27.10.2017,2017-10-27,6,2017,True,0.011606589236423,0.012955725993665769,0.020714114197542058,0.01355158668554993
66,30.10.2017,2017-10-30,6,2017,True,0.0117496085834754,0.0129351576251736,0.020714114197542058,0.013614658024999728
66,31.10.2017,2017-10-31,6,2017,True,0.0118301368142651,0.013357031899806433,0.020714114197542058,0.01359635118106125
66,01.11.2017,2017-11-01,6,2017,True,0.01212455762667,0.013203988287937072,0.020714114197542058,0.013440565471436343
66,02.11.2017,2017-11-02,6,2017,True,0.0121208056613046,0.014387077728793135,0.020714114197542058,0.013448115268179494
66,03.11.2017,2017-11-03,6,2017,True,0.0124399669211997,0.014896043302853153,0.020714114197542058,0.013543775626166155
66,06.11.2017,2017-11-06,6,2017,True,0.0116667547773061,0.014048570166780119,0.020714114197542058,0.013767116391297704
66,07.11.2017,2017-11-07,6,2017,True,0.0116199704969561,0.014324991980213671,0.020714114197542058,0.014276155681814064
66,08.11.2017,2017-11-08,6,2017,True,0.0120471305313912,0.016337531191112236,0.020714114197542058,0.014343186274203416
66,09.11.2017,2017-11-09,6,2017,True,0.0120181948138859,0.014926834125566993,0.020714114197542058,0.014354892665103064
66,10.11.2017,2017-11-10,6,2017,True,0.0120278811590036,0.01512911959886206,0.020714114197542058,0.014333660792161664
66,13.11.2017,2017-11-13,6,2017,True,0.0120264619072392,0.019419965704426282,0.020714114197542058,0.014348983673274389
66,14.11.2017,2017-11-14,6,2017,True,0.011868583776432,0.02188414327899611,0.020714114197542058,0.014210280601002349
66,15.11.2017,2017-11-15,6,2017,True,0.0119651638101566,0.020416212370801958,0.020714114197542058,0.014383788840360458
66,16.11.2017,2017-11-16,6,2017,True,0.0120078003107523,0.019256384737013698,0.020714114197542058,0.013949066487787268
66,17.11.2017,2017-11-17,6,2017,True,0.0117326509679151,0.01693584980866997,0.020714114197542058,0.014016888871592881
66,20.11.2017,2017-11-20,6,2017,True,0.0118077519701564,0.014620992846294032,0.020714114197542058,0.014109431819497061
66,21.11.2017,2017-11-21,6,2017,True,0.0119157279122767,0.013998879372789163,0.020714114197542058,0.014101342034175787
66,22.11.2017,2017-11-22,6,2017,True,0.0118355929938987,0.013656847735691554,0.020714114197542058,0.013613376694784268
66,24.11.2017,2017-11-24,6,2017,True,0.0120750903005001,0.01631920951807095,0.020714114197542058,0.01335462061490912
66,27.11.2017,2017-11-27,6,2017,True,0.0122740306066952,0.016429316695361844,0.020714114197542058,0.013370742046626178
66,28.11.2017,2017-11-28,6,2017,True,0.0122707263482436,0.018326687048487784,0.020714114197542058,0.013315397074581884
66,29.11.2017,2017-11-29,6,2017,True,0.0125471818124613,0.017520641388027627,0.020714114197542058,0.01324084284368701
66,30.11.2017,2017-11-30,6,2017,True,0.0125980262013768,0.01698172384900287,0.020714114197542058,0.0132986909897504
66,01.12.2017,2017-12-01,6,2017,True,0.013096317179605,0.016831573913812518,0.020714114197542058,0.013212686410750964
66,04.12.2017,2017-12-04,6,2017,True,0.0129706055409009,0.016674406923535643,0.020714114197542058,0.013222988819905525
66,05.12.2017,2017-12-05,6,2017,True,0.012965621690308,0.015065591042468624,0.020714114197542058,0.01307482917111073
66,06.12.2017,2017-12-06,6,2017,True,0.0125290239991496,0.014839201032836528,0.020714114197542058,0.012662478315004659
66,07.12.2017,2017-12-07,6,2017,True,0.0123930794606099,0.015386714039700678,0.020714114197542058,0.013155653144249163
66,08.12.2017,2017-12-08,6,2017,True,0.0123394564551951,0.014782637421470651,0.020714114197542058,0.013079139100830642
66,11.12.2017,2017-12-11,6,2017,True,0.0121015584588056,0.01495737001739869,0.020714114197542058,0.013146374982113285
66,12.12.2017,2017-12-12,6,2017,True,0.0120532853234331,0.014701471561587926,0.020714114197542058,0.013322828674288311
66,13.12.2017,2017-12-13,6,2017,True,0.0124172886412222,0.01479316039462969,0.020714114197542058,0.013502482316627653
66,14.12.2017,2017-12-14,6,2017,True,0.0123786056573757,0.014992573179483876,0.020714114197542058,0.013659059992886713
66,15.12.2017,2017-12-15,6,2017,True,0.012636057908302,0.015000811039536505,0.020714114197542058,0.013715961561880975
66,18.12.2017,2017-12-18,6,2017,True,0.0126590478336537,0.014855472906370754,0.020714114197542058,0.01361135716997875
66,19.12.2017,2017-12-19,6,2017,True,0.0126474678106849,0.015398655645226194,0.020714114197542058,0.013604564531230524
66,20.12.2017,2017-12-20,6,2017,True,0.012635427905823,0.01579251588980746,0.020714114197542058,0.013613730377275732
66,21.12.2017,2017-12-21,6,2017,True,0.0126792259601712,0.016103255176847492,0.020714114197542058,0.013653809417455033
66,22.12.2017,2017-12-22,6,2017,True,0.0135600499310041,0.016060105241456624,0.020714114197542058,0.013617407401723739
66,26.12.2017,2017-12-26,6,2017,True,0.0131857170615426,0.01577732991238394,0.020714114197542058,0.013432394115524538
66,27.12.2017,2017-12-27,6,2017,True,0.0131402861913005,0.014417254339132091,0.020714114197542058,0.013767563684266997
66,28.12.2017,2017-12-28,6,2017,True,0.0131418936353873,0.01447492640467785,0.020714114197542058,0.013822636849831491
66,29.12.2017,2017-12-29,6,2017,True,0.0133331120542675,0.01367941467786994,0.020714114197542058,0.013118579742789141
66,02.01.2018,2018-01-02,7,2018,True,0.0136191364872658,0.01434335150793468,0.020249152911013885,0.013044908073250617
66,03.01.2018,2018-01-03,7,2018,True,0.0140616352406624,0.014701650942229609,0.020249152911013885,0.012972685003418126
66,04.01.2018,2018-01-04,7,2018,True,0.0141569363022125,0.014938791931558674,0.020249152911013885,0.013065850482323848
66,05.01.2018,2018-01-05,7,2018,True,0.0141271641018891,0.01481288986669907,0.020249152911013885,0.01306622786142498
66,08.01.2018,2018-01-08,7,2018,True,0.0141509327374727,0.014231701886527715,0.020249152911013885,0.012660182708217525
66,09.01.2018,2018-01-09,7,2018,True,0.014193165910548,0.013608019701237884,0.020249152911013885,0.012645138388031257
66,10.01.2018,2018-01-10,7,2018,True,0.0141813450757277,0.013844499088279274,0.020249152911013885,0.012708801236116826
66,11.01.2018,2018-01-11,7,2018,True,0.0145295820172461,0.014207507630546613,0.020249152911013885,0.012509957288310579
66,12.01.2018,2018-01-12,7,2018,True,0.0145019133219418,0.01374029839402767,0.020249152911013885,0.012034330458604707
66,16.01.2018,2018-01-16,7,2018,True,0.0144384827329928,0.013791025294617548,0.020249152911013885,0.012052908618940792
66,17.01.2018,2018-01-17,7,2018,True,0.0144670249515871,0.014016381960160819,0.020249152911013885,0.012088027413929966
66,18.01.2018,2018-01-18,7,2018,True,0.0145474428434055,0.01379176145811663,0.020249152911013885,0.0120830991345176
66,19.01.2018,2018-01-19,7,2018,True,0.0144812704235979,0.013736376542894047,0.020249152911013885,0.01194448853885212
66,22.01.2018,2018-01-22,7,2018,True,0.0145092487873848,0.012927924771759584,0.020249152911013885,0.011942022008642146
66,23.01.2018,2018-01-23,7,2018,True,0.0144321018393526,0.013206645298551393,0.020249152911013885,0.011901875459495686
66,24.01.2018,2018-01-24,7,2018,True,0.0144247668334193,0.01340416298664415,0.020249152911013885,0.011972381119823827
66,25.01.2018,2018-01-25,7,2018,True,0.0144218406263383,0.01398840192557521,0.020249152911013885,0.011987872730993717
66,26.01.2018,2018-01-26,7,2018,True,0.0147555997081757,0.013198455381128337,0.020249152911013885,0.01176822076598374
66,29.01.2018,2018-01-29,7,2018,True,0.0146275805791179,0.013115337093855269,0.020249152911013885,0.011746792161640112
66,30.01.2018,2018-01-30,7,2018,True,0.0147292788883204,0.012704305942432414,0.020249152911013885,0.011900595855130725
66,31.01.2018,2018-01-31,7,2018,True,0.0148595312131457,0.013150103180279996,0.020249152911013885,0.01182927835006823
66,01.02.2018,2018-02-01,7,2018,True,0.0150415837943177,0.012641492019308873,0.020249152911013885,0.0118318781307267
66,02.02.2018,2018-02-02,7,2018,True,0.0154430641031501,0.012441140651020763,0.020249152911013885,0.011737484142922323
66,05.02.2018,2018-02-05,7,2018,True,0.0153156434358311,0.012772212841154023,0.020249152911013885,0.011606589236423019
66,06.02.2018,2018-02-06,7,2018,True,0.0152472516317735,0.013494650561391873,0.020249152911013885,0.011749608583475403
66,07.02.2018,2018-02-07,7,2018,True,0.0150542379030039,0.01436232888551739,0.020249152911013885,0.011830136814265126
66,08.02.2018,2018-02-08,7,2018,True,0.0149604025337216,0.014702575259079012,0.020249152911013885,0.012124557626669974
66,09.02.2018,2018-02-09,7,2018,True,0.0143520807728342,0.016234685770730693,0.020249152911013885,0.012120805661304647
66,12.02.2018,2018-02-12,7,2018,True,0.0143335130149958,0.017226665461436082,0.020249152911013885,0.012439966921199693
66,13.02.2018,2018-02-13,7,2018,True,0.0144300008027481,0.015541479142696659,0.020249152911013885,0.011666754777306073
66,14.02.2018,2018-02-14,7,2018,True,0.0141744674950663,0.015908724005931543,0.020249152911013885,0.011619970496956117
66,15.02.2018,2018-02-15,7,2018,True,0.0141680463125428,0.015630547426139636,0.020249152911013885,0.01204713053139119
66,16.02.2018,2018-02-16,7,2018,True,0.0141560287453631,0.01558750185879489,0.020249152911013885,0.012018194813885908
66,20.02.2018,2018-02-20,7,2018,True,0.0142841256080552,0.01563960727663898,0.020249152911013885,0.012027881159003566
66,21.02.2018,2018-02-21,7,2018,True,0.0148551798517785,0.01587123435747297,0.020249152911013885,0.012026461907239234
66,22.02.2018,2018-02-22,7,2018,True,0.0149053306975011,0.01523372998733778,0.020249152911013885,0.011868583776432032
66,23.02.2018,2018-02-23,7,2018,True,0.0151694503684744,0.013521192754665378,0.020249152911013885,0.011965163810156595
66,26.02.2018,2018-02-26,7,2018,True,0.0151696751172475,0.01356236135631321,0.020249152911013885,0.01200780031075232
66,27.02.2018,2018-02-27,7,2018,True,0.0150548391444408,0.013297306443514173,0.020249152911013885,0.01173265096791515
66,28.02.2018,2018-02-28,7,2018,True,0.0154660281099046,0.013346740345023256,0.020249152911013885,0.011807751970156455
66,01.03.2018,2018-03-01,7,2018,True,0.0154615368570949,0.015191255919095698,0.020249152911013885,0.01191572791227668
66,02.03.2018,2018-03-02,7,2018,True,0.015203002671245,0.015094421638817001,0.020249152911013885,0.011835592993898717
66,05.03.2018,2018-03-05,7,2018,True,0.0153526907599293,0.014005528133615561,0.020249152911013885,0.012075090300500075
66,06.03.2018,2018-03-06,7,2018,True,0.0154437580848097,0.01512006782494009,0.020249152911013885,0.012274030606695234
66,07.03.2018,2018-03-07,7,2018,True,0.0151390552921402,0.014278439128874512,0.020249152911013885,0.012270726348243664
66,08.03.2018,2018-03-08,7,2018,True,0.0150920863444618,0.016603787453049815,0.020249152911013885,0.012547181812461353
66,09.03.2018,2018-03-09,7,2018,True,0.0147671032029669,0.014894656532470539,0.020249152911013885,0.012598026201376811
66,12.03.2018,2018-03-12,7,2018,True,0.0147940404159879,0.014854025303571192,0.020249152911013885,0.013096317179605028
66,13.03.2018,2018-03-13,7,2018,True,0.0154159002218668,0.015333696211151186,0.020249152911013885,0.012970605540900937
66,14.03.2018,2018-03-14,7,2018,True,0.0156862392997729,0.015434378128109862,0.020249152911013885,0.012965621690307991
66,15.03.2018,2018-03-15,7,2018,True,0.0157011111669667,0.015126957647883764,0.020249152911013885,0.01252902399914958
66,16.03.2018,2018-03-16,7,2018,True,0.0156173297022907,0.014920688494180885,0.020249152911013885,0.012393079460609873
66,19.03.2018,2018-03-19,7,2018,True,0.0159033472305285,0.014737004703459797,0.020249152911013885,0.012339456455195127
66,20.03.2018,2018-03-20,7,2018,True,0.0162233470014588,0.014643161736866216,0.020249152911013885,0.012101558458805626
66,21.03.2018,2018-03-21,7,2018,True,0.0159061601814111,0.014562622442959833,0.020249152911013885,0.012053285323433166
66,22.03.2018,2018-03-22,7,2018,True,0.0160483352257855,0.015007704350454202,0.020249152911013885,0.01241728864122225
66,23.03.2018,2018-03-23,7,2018,True,0.0159601582533104,0.015048637333245608,0.020249152911013885,0.012378605657375712
66,26.03.2018,2018-03-26,7,2018,True,0.0159424809223094,0.01651945255089077,0.020249152911013885,0.012636057908302046
66,27.03.2018,2018-03-27,7,2018,True,0.0161047176679229,0.016122469533672697,0.020249152911013885,0.012659047833653686
66,28.03.2018,2018-03-28,7,2018,True,0.0164558678300618,0.01601196755133335,0.020249152911013885,0.012647467810684883
66,29.03.2018,2018-03-29,7,2018,True,0.0164267368998367,0.015031354960309946,0.020249152911013885,0.01263542790582299
66,02.04.2018,2018-04-02,7,2018,True,0.0156833147924307,0.01485813993058605,0.020249152911013885,0.012679225960171198
66,03.04.2018,2018-04-03,7,2018,True,0.015685789139657,0.01776098450336612,0.020249152911013885,0.013560049931004086
66,04.04.2018,2018-04-04,7,2018,True,0.0157328117009168,0.015215062151354097,0.020249152911013885,0.013185717061542606
66,05.04.2018,2018-04-05,7,2018,True,0.0157607421896868,0.015026178467452292,0.020249152911013885,0.013140286191300535
66,06.04.2018,2018-04-06,7,2018,True,0.0180423483632683,0.014985184788847769,0.020249152911013885,0.01314189363538731
66,09.04.2018,2018-04-09,7,2018,True,0.0179178264336548,0.015338724202778157,0.020249152911013885,0.013333112054267564
66,10.04.2018,2018-04-10,7,2018,True,0.0174896317688357,0.014625907048546997,0.020249152911013885,0.01361913648726581
66,11.04.2018,2018-04-11,7,2018,True,0.0183896573962518,0.016142468963362876,0.020249152911013885,0.014061635240662469
66,12.04.2018,2018-04-12,7,2018,True,0.0183978249959521,0.016475133676622355,0.020249152911013885,0.014156936302212516
66,13.04.2018,2018-04-13,7,2018,True,0.0184161562961539,0.016195789804400652,0.020249152911013885,0.01412716410188911
66,16.04.2018,2018-04-16,7,2018,True,0.0183140112383439,0.016436377214513638,0.020249152911013885,0.01415093273747277
66,17.04.2018,2018-04-17,7,2018,True,0.0183298670888185,0.017320508582429728,0.020249152911013885,0.014193165910547976
66,18.04.2018,2018-04-18,7,2018,True,0.0180420878691085,0.01640568201006097,0.020249152911013885,0.014181345075727691
66,19.04.2018,2018-04-19,7,2018,True,0.0180465586207753,0.01811264668795172,0.020249152911013885,0.014529582017246101
66,20.04.2018,2018-04-20,7,2018,True,0.0180594054376463,0.017997278050234627,0.020249152911013885,0.014501913321941876
66,23.04.2018,2018-04-23,7,2018,True,0.0180556273264548,0.018089691081297612,0.020249152911013885,0.014438482732992862
66,24.04.2018,2018-04-24,7,2018,True,0.0180043979006309,0.017632033305103822,0.020249152911013885,0.014467024951587101
66,25.04.2018,2018-04-25,7,2018,True,0.0180374269178473,0.017730044537656014,0.020249152911013885,0.014547442843405504
66,26.04.2018,2018-04-26,7,2018,True,0.0180357352118557,0.016677941329957677,0.020249152911013885,0.014481270423597944
66,27.04.2018,2018-04-27,7,2018,True,0.0180350729207044,0.016148699282283727,0.020249152911013885,0.01450924878738481
66,30.04.2018,2018-04-30,7,2018,True,0.0180604692084229,0.016036550340622808,0.020249152911013885,0.014432101839352581
66,01.05.2018,2018-05-01,7,2018,True,0.0180639842199002,0.016766951851922587,0.020249152911013885,0.014424766833419289
66,02.05.2018,2018-05-02,7,2018,True,0.0178369049292253,0.017409073653278727,0.020249152911013885,0.014421840626338306
66,03.05.2018,2018-05-03,7,2018,True,0.0178937877940712,0.0161531710457014,0.020249152911013885,0.01475559970817572
66,04.05.2018,2018-05-04,7,2018,True,0.0182097944568968,0.016554403184165213,0.020249152911013885,0.014627580579117908
66,07.05.2018,2018-05-07,7,2018,True,0.0180760388749378,0.016837472739101633,0.020249152911013885,0.014729278888320417
66,08.05.2018,2018-05-08,7,2018,True,0.0180050725638837,0.018162348764382708,0.020249152911013885,0.014859531213145762
66,09.05.2018,2018-05-09,7,2018,True,0.0175719079390978,0.01757369069721216,0.020249152911013885,0.01504158379431773
66,10.05.2018,2018-05-10,7,2018,True,0.0175642108667835,0.01711718226145936,0.020249152911013885,0.015443064103150132
66,11.05.2018,2018-05-11,7,2018,True,0.0177812354764487,0.016988969821186136,0.020249152911013885,0.015315643435831154
66,14.05.2018,2018-05-14,7,2018,True,0.0177255760448367,0.016553245485546878,0.020249152911013885,0.015247251631773573
66,15.05.2018,2018-05-15,7,2018,True,0.0177398383755745,0.018057993922466323,0.020249152911013885,0.015054237903003882
66,16.05.2018,2018-05-16,7,2018,True,0.0176949136658667,0.018040718406752764,0.020249152911013885,0.014960402533721587
66,17.05.2018,2018-05-17,7,2018,True,0.0177161177238527,0.016532073636366308,0.020249152911013885,0.014352080772834203
66,18.05.2018,2018-05-18,7,2018,True,0.0180736968672505,0.01570279740529931,0.020249152911013885,0.014333513014995802
66,21.05.2018,2018-05-21,7,2018,True,0.018032670363931,0.016775646922417158,0.020249152911013885,0.014430000802748092
66,22.05.2018,2018-05-22,7,2018,True,0.0181205532714794,0.015566354064039547,0.020249152911013885,0.014174467495066364
66,23.05.2018,2018-05-23,7,2018,True,0.0181295497515355,0.01573707918187963,0.020249152911013885,0.014168046312542815
66,24.05.2018,2018-05-24,7,2018,True,0.0180705276849332,0.01587077367335827,0.020249152911013885,0.014156028745363114
66,25.05.2018,2018-05-25,7,2018,True,0.0177890827033593,0.016006303942944,0.020249152911013885,0.0142841256080552
66,29.05.2018,2018-05-29,7,2018,True,0.0177290784672051,0.015447142779991721,0.020249152911013885,0.014855179851778488
66,30.05.2018,2018-05-30,7,2018,True,0.0174108004593638,0.017253464426090704,0.020249152911013885,0.014905330697501154
66,31.05.2018,2018-05-31,7,2018,True,0.017450859389039,0.015399152872585396,0.020249152911013885,0.015169450368474452
66,01.06.2018,2018-06-01,7,2018,True,0.0175101264006008,0.015392568909152787,0.020249152911013885,0.015169675117247552
66,04.06.2018,2018-06-04,7,2018,True,0.017151148559872,0.018270643113924175,0.020249152911013885,0.015054839144440774
66,05.06.2018,2018-06-05,7,2018,True,0.0171580775608642,0.01779698306082505,0.020249152911013885,0.015466028109904615
66,06.06.2018,2018-06-06,7,2018,True,0.0171777864770569,0.018560708889238362,0.020249152911013885,0.015461536857094912
66,07.06.2018,2018-06-07,7,2018,True,0.0170927784322846,0.018812497188822913,0.020249152911013885,0.01520300267124499
66,08.06.2018,2018-06-08,7,2018,True,0.0170608035570429,0.016104101820565497,0.020249152911013885,0.015352690759929318
66,11.06.2018,2018-06-11,7,2018,True,0.0172444892156011,0.016002870713246808,0.020249152911013885,0.015443758084809741
66,12.06.2018,2018-06-12,7,2018,True,0.0172169691222613,0.015069732540155437,0.020249152911013885,0.015139055292140234
66,13.06.2018,2018-06-13,7,2018,True,0.0171638973286433,0.015019184328923164,0.020249152911013885,0.015092086344461849
66,14.06.2018,2018-06-14,7,2018,True,0.0171755976859346,0.0147415619093015,0.020249152911013885,0.014767103202966892
66,15.06.2018,2018-06-15,7,2018,True,0.0166447864780138,0.014753712470970971,0.020249152911013885,0.01479404041598788
66,18.06.2018,2018-06-18,7,2018,True,0.0164071230728528,0.0151602662258019,0.020249152911013885,0.01541590022186687
66,19.06.2018,2018-06-19,7,2018,True,0.0163991856469791,0.01635529455948021,0.020249152911013885,0.015686239299772888
66,20.06.2018,2018-06-20,7,2018,True,0.0167752102758097,0.01635746849753117,0.020249152911013885,0.015701111166966743
66,21.06.2018,2018-06-21,7,2018,True,0.0165218693301089,0.01628241812906021,0.020249152911013885,0.015617329702290744
66,22.06.2018,2018-06-22,7,2018,True,0.0160610684493979,0.016581662657712614,0.020249152911013885,0.015903347230528542
66,25.06.2018,2018-06-25,7,2018,True,0.0159958502168498,0.016373578076158354,0.020249152911013885,0.016223347001458794
66,26.06.2018,2018-06-26,7,2018,True,0.0158668156653478,0.0155221257400662,0.020249152911013885,0.015906160181411135
66,27.06.2018,2018-06-27,7,2018,True,0.0160648599643502,0.015067183041908221,0.020249152911013885,0.016048335225785533
66,28.06.2018,2018-06-28,7,2018,True,0.0160693097007501,0.015500925999549187,0.020249152911013885,0.015960158253310455
66,29.06.2018,2018-06-29,7,2018,True,0.0160222108611352,0.015629329282431534,0.020249152911013885,0.015942480922309404
66,02.07.2018,2018-07-02,7,2018,True,0.0158464036352267,0.01571090349960539,0.020249152911013885,0.01610471766792297
66,03.07.2018,2018-07-03,7,2018,True,0.0158549127161772,0.01672622826463439,0.020249152911013885,0.0164558678300618
66,05.07.2018,2018-07-05,7,2018,True,0.0158460563418323,0.016740304651844447,0.020249152911013885,0.01642673689983673
66,06.07.2018,2018-07-06,7,2018,True,0.0158987737588037,0.017163732594598663,0.020249152911013885,0.015683314792430684
66,09.07.2018,2018-07-09,7,2018,True,0.0161142516111095,0.015111065746967486,0.020249152911013885,0.015685789139657073
66,10.07.2018,2018-07-10,7,2018,True,0.0166558361132822,0.016245096287925562,0.020249152911013885,0.015732811700916775
66,11.07.2018,2018-07-11,7,2018,True,0.0140145127446768,0.016427556637392742,0.020249152911013885,0.01576074218968679
66,12.07.2018,2018-07-12,7,2018,True,0.0139280532573219,0.0174087062785822,0.020249152911013885,0.018042348363268342
66,13.07.2018,2018-07-13,7,2018,True,0.0138903801355769,0.01640306603258764,0.020249152911013885,0.017917826433654863
66,16.07.2018,2018-07-16,7,2018,True,0.0127029211956121,0.01591182709497062,0.020249152911013885,0.01748963176883575
66,17.07.2018,2018-07-17,7,2018,True,0.0127718515132963,0.01852998565443823,0.020249152911013885,0.01838965739625179
66,18.07.2018,2018-07-18,7,2018,True,0.0127387752554614,0.017080334199525527,0.020249152911013885,0.018397824995952168
66,19.07.2018,2018-07-19,7,2018,True,0.0127187853381897,0.017061435308944353,0.020249152911013885,0.01841615629615396
66,20.07.2018,2018-07-20,7,2018,True,0.0138448181986708,0.016902498035918475,0.020249152911013885,0.018314011238343888
66,23.07.2018,2018-07-23,7,2018,True,0.0138542461776547,0.016931897579270633,0.020249152911013885,0.01832986708881852
66,24.07.2018,2018-07-24,7,2018,True,0.0138853038209791,0.016821072466087234,0.020249152911013885,0.01804208786910857
66,25.07.2018,2018-07-25,7,2018,True,0.0139080295090558,0.01583862819487385,0.020249152911013885,0.0180465586207753
66,26.07.2018,2018-07-26,7,2018,True,0.0138863756564834,0.01584712715205322,0.020249152911013885,0.018059405437646316
66,27.07.2018,2018-07-27,7,2018,True,0.0140792302572469,0.015331681997395744,0.020249152911013885,0.01805562732645487
66,30.07.2018,2018-07-30,7,2018,True,0.014055800539979,0.0156503990598859,0.020249152911013885,0.018004397900630933
66,31.07.2018,2018-07-31,7,2018,True,0.0140028766367048,0.016117503706005294,0.020249152911013885,0.018037426917847356
66,01.08.2018,2018-08-01,7,2018,True,0.0146970148634784,0.01617811387738546,0.020249152911013885,0.018035735211855752
66,02.08.2018,2018-08-02,7,2018,True,0.0146497123254027,0.016210831097915396,0.020249152911013885,0.018035072920704383
66,03.08.2018,2018-08-03,7,2018,True,0.014749711894332,0.0161983508342569,0.020249152911013885,0.018060469208422966
66,06.08.2018,2018-08-06,7,2018,True,0.0147194253505089,0.01620775581328758,0.020249152911013885,0.018063984219900242
66,07.08.2018,2018-08-07,7,2018,True,0.0148292647043047,0.015764015769319278,0.020249152911013885,0.017836904929225364
66,08.08.2018,2018-08-08,7,2018,True,0.0143207158830141,0.015790292770962812,0.020249152911013885,0.01789378779407128
66,09.08.2018,2018-08-09,7,2018,True,0.0143175126928372,0.01697145537416858,0.020249152911013885,0.018209794456896838
66,10.08.2018,2018-08-10,7,2018,True,0.0165336729435042,0.01599232195766526,0.020249152911013885,0.018076038874937785
66,13.08.2018,2018-08-13,7,2018,True,0.0165932507887658,0.015917570270757398,0.020249152911013885,0.018005072563883718
66,14.08.2018,2018-08-14,7,2018,True,0.0166295205041626,0.015663442320560945,0.020249152911013885,0.01757190793909782
66,15.08.2018,2018-08-15,7,2018,True,0.0163949455781651,0.01688398831821368,0.020249152911013885,0.017564210866783562
66,16.08.2018,2018-08-16,7,2018,True,0.0163452974897539,0.017373253741548206,0.020249152911013885,0.017781235476448776
66,17.08.2018,2018-08-17,7,2018,True,0.0181682593497799,0.017159680289810415,0.020249152911013885,0.01772557604483672
66,20.08.2018,2018-08-20,7,2018,True,0.0182692755941275,0.017199583348770437,0.020249152911013885,0.017739838375574506
66,21.08.2018,2018-08-21,7,2018,True,0.0204193120734101,0.015941583030842227,0.020249152911013885,0.017694913665866726
66,22.08.2018,2018-08-22,7,2018,True,0.0203952413412489,0.015911107534363124,0.020249152911013885,0.017716117723852703
66,23.08.2018,2018-08-23,7,2018,True,0.0203933093124347,0.015645069058978753,0.020249152911013885,0.01807369686725056
66,24.08.2018,2018-08-24,7,2018,True,0.0204337394237542,0.015389085043445149,0.020249152911013885,0.018032670363931073
66,27.08.2018,2018-08-27,7,2018,True,0.0205058940587397,0.01515365302466235,0.020249152911013885,0.018120553271479434
66,28.08.2018,2018-08-28,7,2018,True,0.0205411696531466,0.01568749074997381,0.020249152911013885,0.018129549751535537
66,29.08.2018,2018-08-29,7,2018,True,0.0214416222458643,0.015886646847765872,0.020249152911013885,0.018070527684933183
66,30.08.2018,2018-08-30,7,2018,True,0.021427662754549,0.015382930566994224,0.020249152911013885,0.017789082703359285
66,31.08.2018,2018-08-31,7,2018,True,0.0217364962333228,0.01556439610661041,0.020249152911013885,0.01772907846720516
66,04.09.2018,2018-09-04,7,2018,True,0.0219939877042237,0.01603568663850757,0.020249152911013885,0.01741080045936382
66,05.09.2018,2018-09-05,7,2018,True,0.0221770462126487,0.016387082135510062,0.020249152911013885,0.017450859389039033
66,06.09.2018,2018-09-06,7,2018,True,0.0221832096337474,0.016380840591338697,0.020249152911013885,0.01751012640060081
66,07.09.2018,2018-09-07,7,2018,True,0.022163946785473,0.016553661024487663,0.020249152911013885,0.017151148559872043
66,10.09.2018,2018-09-10,7,2018,True,0.0223408199820463,0.016575678932470597,0.020249152911013885,0.017158077560864182
66,11.09.2018,2018-09-11,7,2018,True,0.0222000104889759,0.016944280324323123,0.020249152911013885,0.01717778647705693
66,12.09.2018,2018-09-12,7,2018,True,0.0221595828302761,0.01700797888508725,0.020249152911013885,0.017092778432284638
66,13.09.2018,2018-09-13,7,2018,True,0.0230435687900711,0.01671203222101361,0.020249152911013885,0.017060803557042974
66,14.09.2018,2018-09-14,7,2018,True,0.0232017310611609,0.01690883809086808,0.020249152911013885,0.01724448921560116
66,17.09.2018,2018-09-17,7,2018,True,0.0239075081392723,0.01688185365562559,0.020249152911013885,0.017216969122261366
66,18.09.2018,2018-09-18,7,2018,True,0.0238070720769473,0.016474370135798912,0.020249152911013885,0.017163897328643322
66,19.09.2018,2018-09-19,7,2018,True,0.0248299532823826,0.016536968926189964,0.020249152911013885,0.017175597685934667
66,20.09.2018,2018-09-20,7,2018,True,0.0268534884042794,0.016145744960286524,0.020249152911013885,0.01664478647801382
66,21.09.2018,2018-09-21,7,2018,True,0.0272370904608753,0.015885634216010008,0.020249152911013885,0.016407123072852817
66,24.09.2018,2018-09-24,7,2018,True,0.026873726787048,0.015930484051145805,0.020249152911013885,0.01639918564697913
66,25.09.2018,2018-09-25,7,2018,True,0.0271954941606688,0.01731295997988905,0.020249152911013885,0.01677521027580976
66,26.09.2018,2018-09-26,7,2018,True,0.0273945617286167,0.017006956276721726,0.020249152911013885,0.016521869330108987
66,27.09.2018,2018-09-27,7,2018,True,0.0275332694664084,0.016521609373789804,0.020249152911013885,0.016061068449397906
66,28.09.2018,2018-09-28,7,2018,True,0.0276233741073848,0.016885899082498004,0.020249152911013885,0.015995850216849797
66,01.10.2018,2018-10-01,7,2018,True,0.0273541856325773,0.016858603241269636,0.020249152911013885,0.015866815665347846
66,02.10.2018,2018-10-02,7,2018,True,0.0275977897529563,0.019336606545119716,0.020249152911013885,0.016064859964350236
66,03.10.2018,2018-10-03,7,2018,True,0.0281621551364563,0.0191758962759257,0.020249152911013885,0.01606930970075015
66,04.10.2018,2018-10-04,7,2018,True,0.0281217117177013,0.01934995170327444,0.020249152911013885,0.016022210861135276
66,05.10.2018,2018-10-05,7,2018,True,0.0281811741005661,0.02274653430444736,0.020249152911013885,0.015846403635226772
66,08.10.2018,2018-10-08,7,2018,True,0.0282863695405103,0.022451543149794542,0.020249152911013885,0.015854912716177234
66,09.10.2018,2018-10-09,7,2018,True,0.0284890430486514,0.02288072505877309,0.020249152911013885,0.015846056341832292
66,10.10.2018,2018-10-10,7,2018,True,0.0284720630342155,0.0230731174785409,0.020249152911013885,0.015898773758803757
66,11.10.2018,2018-10-11,7,2018,True,0.0282241884528499,0.023300195156549446,0.020249152911013885,0.01611425161110953
66,12.10.2018,2018-10-12,7,2018,True,0.0284345262362906,0.02327683538983132,0.020249152911013885,0.01665583611328224
66,15.10.2018,2018-10-15,7,2018,True,0.0284798020735335,0.01961436160513164,0.020249152911013885,0.014014512744676848
66,16.10.2018,2018-10-16,7,2018,True,0.0284415806213165,0.019192967264131805,0.020249152911013885,0.013928053257321915
66,17.10.2018,2018-10-17,7,2018,True,0.0284015355476309,0.019386159117443496,0.020249152911013885,0.013890380135576946
66,18.10.2018,2018-10-18,7,2018,True,0.0284382639311588,0.01761165077983641,0.020249152911013885,0.012702921195612135
66,19.10.2018,2018-10-19,7,2018,True,0.0285662039806337,0.01802881250680699,0.020249152911013885,0.012771851513296286
66,22.10.2018,2018-10-22,7,2018,True,0.0287570657419748,0.014955020268287218,0.020249152911013885,0.012738775255461455
66,23.10.2018,2018-10-23,7,2018,True,0.0283528756938711,0.016686619256972204,0.020249152911013885,0.012718785338189698
66,24.10.2018,2018-10-24,7,2018,True,0.0283664688978768,0.017078939955108122,0.020249152911013885,0.01384481819867084
66,25.10.2018,2018-10-25,7,2018,True,0.0283254738642315,0.017204108080381197,0.020249152911013885,0.013854246177654725
66,26.10.2018,2018-10-26,7,2018,True,0.0283314886150514,0.016600170613106223,0.020249152911013885,0.01388530382097917
66,29.10.2018,2018-10-29,7,2018,True,0.0283387980083839,0.01677329539643419,0.020249152911013885,0.013908029509055791
66,30.10.2018,2018-10-30,7,2018,True,0.0283304853720596,0.016888626545157822,0.020249152911013885,0.013886375656483433
66,31.10.2018,2018-10-31,7,2018,True,0.0283820080042474,0.01603644380868058,0.020249152911013885,0.014079230257246911
66,01.11.2018,2018-11-01,7,2018,True,0.0284093613190702,0.016768395207267115,0.020249152911013885,0.014055800539979003
66,02.11.2018,2018-11-02,7,2018,True,0.0281211145086946,0.018271441333348647,0.020249152911013885,0.014002876636704875
66,05.11.2018,2018-11-05,7,2018,True,0.0281877245986224,0.017055434456566602,0.020249152911013885,0.014697014863478406
66,06.11.2018,2018-11-06,7,2018,True,0.0282680799766074,0.01648741242807751,0.020249152911013885,0.014649712325402776
66,07.11.2018,2018-11-07,7,2018,True,0.0283442044386745,0.016694000794190804,0.020249152911013885,0.014749711894331989
66,08.11.2018,2018-11-08,7,2018,True,0.028448243141055,0.016537570769872213,0.020249152911013885,0.014719425350508948
66,09.11.2018,2018-11-09,7,2018,True,0.0284433731001949,0.01710601411318417,0.020249152911013885,0.014829264704304755
66,12.11.2018,2018-11-12,7,2018,True,0.0284714145030702,0.016667475165622704,0.020249152911013885,0.014320715883014104
66,13.11.2018,2018-11-13,7,2018,True,0.0271755501444132,0.017725130715574463,0.020249152911013885,0.014317512692837204
66,14.11.2018,2018-11-14,7,2018,True,0.0271496021898932,0.019620878029059326,0.020249152911013885,0.016533672943504205
66,15.11.2018,2018-11-15,7,2018,True,0.0274918939428553,0.020027565403681884,0.020249152911013885,0.016593250788765872
66,16.11.2018,2018-11-16,7,2018,True,0.0275051343140104,0.020071341882837653,0.020249152911013885,0.0166295205041626
66,19.11.2018,2018-11-19,7,2018,True,0.0275970550738818,0.019746237652131224,0.020249152911013885,0.016394945578165086
66,20.11.2018,2018-11-20,7,2018,True,0.0263541779089828,0.018827178686517405,0.020249152911013885,0.01634529748975397
66,21.11.2018,2018-11-21,7,2018,True,0.0263608324653788,0.021282919703602892,0.020249152911013885,0.018168259349779902
66,23.11.2018,2018-11-23,7,2018,True,0.0245612664574128,0.021505654011192345,0.020249152911013885,0.01826927559412756
66,26.11.2018,2018-11-26,7,2018,True,0.0243377982462376,0.02446643164016995,0.020249152911013885,0.02041931207341016
66,27.11.2018,2018-11-27,7,2018,True,0.0243272372047185,0.02444414486566358,0.020249152911013885,0.020395241341248954
66,28.11.2018,2018-11-28,7,2018,True,0.0241157888589695,0.023950405116621637,0.020249152911013885,0.020393309312434778
66,29.11.2018,2018-11-29,7,2018,True,0.0241099628508546,0.024763429491663977,0.020249152911013885,0.020433739423754205
66,30.11.2018,2018-11-30,7,2018,True,0.02407435089393,0.024955480110981847,0.020249152911013885,0.0205058940587397
66,03.12.2018,2018-12-03,7,2018,True,0.0233274968547633,0.024778659099900856,0.020249152911013885,0.020541169653146656
66,04.12.2018,2018-12-04,7,2018,True,0.0233655556363667,0.029061107570425772,0.020249152911013885,0.021441622245864333
66,06.12.2018,2018-12-06,7,2018,True,0.0229817023842906,0.028464211234695523,0.020249152911013885,0.021427662754549052
66,07.12.2018,2018-12-07,7,2018,True,0.0227745200901817,0.029324683610830377,0.020249152911013885,0.0217364962333228
66,10.12.2018,2018-12-10,7,2018,True,0.0224844077299826,0.022593298782942806,0.020249152911013885,0.02199398770422373
66,11.12.2018,2018-12-11,7,2018,True,0.0224831623024769,0.02546234487874037,0.020249152911013885,0.02217704621264876
66,12.12.2018,2018-12-12,7,2018,True,0.0225236627459492,0.02174839814268432,0.020249152911013885,0.022183209633747453
66,13.12.2018,2018-12-13,7,2018,True,0.0224339268256262,0.019435088410987237,0.020249152911013885,0.02216394678547305
66,14.12.2018,2018-12-14,7,2018,True,0.0223516147959692,0.018836826595609812,0.020249152911013885,0.022340819982046334
66,17.12.2018,2018-12-17,7,2018,True,0.0222946824232396,0.019340326828216032,0.020249152911013885,0.022200010488975953
66,18.12.2018,2018-12-18,7,2018,True,0.021036938920232,0.022886315860746947,0.020249152911013885,0.022159582830276144
66,19.12.2018,2018-12-19,7,2018,True,0.0209677621502291,0.027174353794255524,0.020249152911013885,0.0230435687900711
66,20.12.2018,2018-12-20,7,2018,True,0.0198404363510962,0.029798878637461595,0.020249152911013885,0.02320173106116093
66,21.12.2018,2018-12-21,7,2018,True,0.0197810721108267,0.03024299460418285,0.020249152911013885,0.023907508139272376
66,24.12.2018,2018-12-24,7,2018,True,0.0178763909707675,0.030142282700874327,0.020249152911013885,0.023807072076947374
66,26.12.2018,2018-12-26,7,2018,True,0.015481415511417,0.033686722217343756,0.020249152911013885,0.024829953282382685
66,27.12.2018,2018-12-27,7,2018,True,0.0143383333129637,0.03358302969217144,0.020249152911013885,0.02685348840427941
66,28.12.2018,2018-12-28,7,2018,True,0.0143364644990323,0.035972611161755916,0.020249152911013885,0.027237090460875354
66,31.12.2018,2018-12-31,7,2018,True,0.0140161653179602,0.034041953236656,0.020249152911013885,0.026873726787048007
66,02.01.2019,2019-01-02,8,2019,True,0.013892470311563,0.02915717227903762,0.01979162635556357,0.027195494160668843
66,03.01.2019,2019-01-03,8,2019,True,0.0138296762482788,0.032804360397005294,0.01979162635556357,0.027394561728616706
66,04.01.2019,2019-01-04,8,2019,True,0.0137678341606737,0.03201220532563665,0.01979162635556357,0.027533269466408477
66,07.01.2019,2019-01-07,8,2019,True,0.0139083932198507,0.03008255214224439,0.01979162635556357,0.027623374107384874
66,08.01.2019,2019-01-08,8,2019,True,0.0136933465399901,0.027110128851108414,0.01979162635556357,0.027354185632577355
66,09.01.2019,2019-01-09,8,2019,True,0.0126662260458912,0.025932720415572503,0.01979162635556357,0.027597789752956355
66,10.01.2019,2019-01-10,8,2019,True,0.0126816430135304,0.0255767676204009,0.01979162635556357,0.028162155136456386
66,11.01.2019,2019-01-11,8,2019,True,0.0123917146422495,0.02497730499466106,0.01979162635556357,0.028121711717701357
66,14.01.2019,2019-01-14,8,2019,True,0.0119075483698114,0.022071699523024603,0.01979162635556357,0.028181174100566135
66,15.01.2019,2019-01-15,8,2019,True,0.0119323253328585,0.02221008138003467,0.01979162635556357,0.02828636954051038
66,16.01.2019,2019-01-16,8,2019,True,0.0118965054623702,0.020916232606311844,0.01979162635556357,0.028489043048651408
66,17.01.2019,2019-01-17,8,2019,True,0.0118816451334252,0.020480232463947423,0.01979162635556357,0.028472063034215497
66,18.01.2019,2019-01-18,8,2019,True,0.0115932285505375,0.019552859379018517,0.01979162635556357,0.028224188452849953
66,22.01.2019,2019-01-22,8,2019,True,0.0119733855554211,0.01988552489824508,0.01979162635556357,0.028434526236290607
66,23.01.2019,2019-01-23,8,2019,True,0.0119389945321347,0.019551715508201655,0.01979162635556357,0.028479802073533515
66,24.01.2019,2019-01-24,8,2019,True,0.0119719928283068,0.019559392909466136,0.01979162635556357,0.028441580621316544
66,25.01.2019,2019-01-25,8,2019,True,0.012024088032112,0.02040116959291209,0.01979162635556357,0.028401535547630936
66,28.01.2019,2019-01-28,8,2019,True,0.0117451576701185,0.02104705817540455,0.01979162635556357,0.028438263931158843
66,29.01.2019,2019-01-29,8,2019,True,0.0114650871891092,0.022391404858654783,0.01979162635556357,0.02856620398063378
66,30.01.2019,2019-01-30,8,2019,True,0.0114656185785852,0.02225460730765861,0.01979162635556357,0.0287570657419748
66,31.01.2019,2019-01-31,8,2019,True,0.0117635025358951,0.021930831768337773,0.01979162635556357,0.02835287569387112
66,01.02.2019,2019-02-01,8,2019,True,0.0117772352025941,0.02170897969879785,0.01979162635556357,0.028366468897876813
66,04.02.2019,2019-02-04,8,2019,True,0.0117325356953848,0.021677606024606666,0.01979162635556357,0.028325473864231558
66,05.02.2019,2019-02-05,8,2019,True,0.0116626125794775,0.021317219424079662,0.01979162635556357,0.0283314886150514
66,06.02.2019,2019-02-06,8,2019,True,0.0116385350531076,0.021350023857603442,0.01979162635556357,0.028338798008383913
66,07.02.2019,2019-02-07,8,2019,True,0.0114991472506276,0.021026657070585736,0.01979162635556357,0.0283304853720596
66,08.02.2019,2019-02-08,8,2019,True,0.0114978320936677,0.0209157751317402,0.01979162635556357,0.028382008004247394
66,11.02.2019,2019-02-11,8,2019,True,0.0114623916349598,0.020999290455114162,0.01979162635556357,0.028409361319070223
66,12.02.2019,2019-02-12,8,2019,True,0.0114035110435034,0.022158060089700733,0.01979162635556357,0.028121114508694693
66,13.02.2019,2019-02-13,8,2019,True,0.0112302076078472,0.022643683694977358,0.01979162635556357,0.02818772459862241
66,14.02.2019,2019-02-14,8,2019,True,0.0111111138344052,0.02248694873041876,0.01979162635556357,0.02826807997660748
66,15.02.2019,2019-02-15,8,2019,True,0.0109242326543313,0.022547504908165865,0.01979162635556357,0.02834420443867455
66,19.02.2019,2019-02-19,8,2019,True,0.0123929232436354,0.022993396238119555,0.01979162635556357,0.02844824314105505
66,20.02.2019,2019-02-20,8,2019,True,0.0124511504623384,0.0222364027081607,0.01979162635556357,0.028443373100194968
66,21.02.2019,2019-02-21,8,2019,True,0.0126942973081101,0.022258324859399246,0.01979162635556357,0.028471414503070263
66,22.02.2019,2019-02-22,8,2019,True,0.0127553743061095,0.021128697962551797,0.01979162635556357,0.027175550144413235
66,25.02.2019,2019-02-25,8,2019,True,0.0128478988111603,0.021438483331186566,0.01979162635556357,0.027149602189893235
66,26.02.2019,2019-02-26,8,2019,True,0.013592176402476,0.02109097299241242,0.01979162635556357,0.027491893942855318
66,27.02.2019,2019-02-27,8,2019,True,0.0147796168342536,0.021020122915038953,0.01979162635556357,0.027505134314010422
66,28.02.2019,2019-02-28,8,2019,True,0.014848152692679,0.021090371096665065,0.01979162635556357,0.02759705507388185
66,01.03.2019,2019-03-01,8,2019,True,0.0149764563452362,0.02118342816480716,0.01979162635556357,0.026354177908982854
66,04.03.2019,2019-03-04,8,2019,True,0.0150894669844205,0.021266458597121573,0.01979162635556357,0.02636083246537888
66,05.03.2019,2019-03-05,8,2019,True,0.0154421116871993,0.020275384300298186,0.01979162635556357,0.024561266457412842
66,06.03.2019,2019-03-06,8,2019,True,0.0155529584393816,0.02009091075662592,0.01979162635556357,0.02433779824623763
66,07.03.2019,2019-03-07,8,2019,True,0.0155378693557431,0.020106135261224824,0.01979162635556357,0.02432723720471858
66,08.03.2019,2019-03-08,8,2019,True,0.0161685858519286,0.01993137603950901,0.01979162635556357,0.02411578885896953
66,11.03.2019,2019-03-11,8,2019,True,0.0163351799719026,0.020253925941705008,0.01979162635556357,0.02410996285085463
66,12.03.2019,2019-03-12,8,2019,True,0.0164059145352709,0.021246795449898704,0.01979162635556357,0.024074350893930008
66,13.03.2019,2019-03-13,8,2019,True,0.0164292893441097,0.02058766012903295,0.01979162635556357,0.02332749685476332
66,14.03.2019,2019-03-14,8,2019,True,0.0166268403528675,0.020621248870484905,0.01979162635556357,0.02336555563636672
66,15.03.2019,2019-03-15,8,2019,True,0.0166340011937202,0.02045979814703781,0.01979162635556357,0.022981702384290606
66,18.03.2019,2019-03-18,8,2019,True,0.017435408916528,0.02035668235483246,0.01979162635556357,0.022774520090181775
66,19.03.2019,2019-03-19,8,2019,True,0.0174997273249219,0.020825616677133108,0.01979162635556357,0.02248440772998265
66,20.03.2019,2019-03-20,8,2019,True,0.017425323229794,0.02082446313125612,0.01979162635556357,0.02248316230247692
66,21.03.2019,2019-03-21,8,2019,True,0.0173981604229415,0.02066241349015158,0.01979162635556357,0.02252366274594924
66,22.03.2019,2019-03-22,8,2019,True,0.0175540041907893,0.02058009292304188,0.01979162635556357,0.02243392682562619
66,25.03.2019,2019-03-25,8,2019,True,0.0175509967758002,0.020300303339497908,0.01979162635556357,0.02235161479596924
66,26.03.2019,2019-03-26,8,2019,True,0.0174931729598207,0.022158435056920216,0.01979162635556357,0.022294682423239655
66,27.03.2019,2019-03-27,8,2019,True,0.0177068528494189,0.021227461391141116,0.01979162635556357,0.021036938920232014
66,28.03.2019,2019-03-28,8,2019,True,0.0184154767865588,0.02122985767737575,0.01979162635556357,0.020967762150229104
66,29.03.2019,2019-03-29,8,2019,True,0.0186103114450396,0.019560432825114424,0.01979162635556357,0.019840436351096214
66,01.04.2019,2019-04-01,8,2019,True,0.0185912734005169,0.020111393015234773,0.01979162635556357,0.019781072110826723
66,02.04.2019,2019-04-02,8,2019,True,0.018574832308317,0.018343574956016413,0.01979162635556357,0.017876390970767563
66,03.04.2019,2019-04-03,8,2019,True,0.0185763847213386,0.015373255542782176,0.01979162635556357,0.015481415511417003
66,04.04.2019,2019-04-04,8,2019,True,0.0193705956622401,0.014213576804969399,0.01979162635556357,0.014338333312963723
66,05.04.2019,2019-04-05,8,2019,True,0.0193086388609295,0.014169707509219878,0.01979162635556357,0.014336464499032291
66,08.04.2019,2019-04-08,8,2019,True,0.019260576447215,0.014059328569677159,0.01979162635556357,0.014016165317960204
66,09.04.2019,2019-04-09,8,2019,True,0.0192491412914236,0.013580660119507867,0.01979162635556357,0.013892470311563047
66,10.04.2019,2019-04-10,8,2019,True,0.0195226167487621,0.013692622681599851,0.01979162635556357,0.013829676248278843
66,11.04.2019,2019-04-11,8,2019,True,0.0195079589756425,0.013631393455678913,0.01979162635556357,0.013767834160673726
66,12.04.2019,2019-04-12,8,2019,True,0.0197093983454094,0.013654076089903436,0.01979162635556357,0.013908393219850771
66,15.04.2019,2019-04-15,8,2019,True,0.0197508231938422,0.013595340430643464,0.01979162635556357,0.013693346539990148
66,16.04.2019,2019-04-16,8,2019,True,0.0197975952600303,0.01221228845169286,0.01979162635556357,0.012666226045891266
66,17.04.2019,2019-04-17,8,2019,True,0.0198427372370741,0.012227152899491101,0.01979162635556357,0.012681643013530428
66,18.04.2019,2019-04-18,8,2019,True,0.0198523544273471,0.011988385292809628,0.01979162635556357,0.01239171464224956
66,22.04.2019,2019-04-22,8,2019,True,0.0194999604045137,0.011727834499812328,0.01979162635556357,0.011907548369811474
66,23.04.2019,2019-04-23,8,2019,True,0.0194747674346812,0.011907800264190778,0.01979162635556357,0.011932325332858486
66,24.04.2019,2019-04-24,8,2019,True,0.0194865632432494,0.01190625399020092,0.01979162635556357,0.01189650546237028
66,25.04.2019,2019-04-25,8,2019,True,0.0196134519443691,0.011735667861541614,0.01979162635556357,0.011881645133425229
66,26.04.2019,2019-04-26,8,2019,True,0.0193292097727786,0.011569400443412522,0.01979162635556357,0.011593228550537578
66,29.04.2019,2019-04-29,8,2019,True,0.0213060968724697,0.012434672904144704,0.01979162635556357,0.011973385555421172
66,30.04.2019,2019-04-30,8,2019,True,0.0214744825820396,0.012801426163541341,0.01979162635556357,0.011938994532134737
66,01.05.2019,2019-05-01,8,2019,True,0.0218154547527133,0.01273821476663729,0.01979162635556357,0.011971992828306853
66,02.05.2019,2019-05-02,8,2019,True,0.0217605109266602,0.012793644126134856,0.01979162635556357,0.012024088032112062
66,03.05.2019,2019-05-03,8,2019,True,0.0224254003441217,0.012472010944416715,0.01979162635556357,0.011745157670118528
66,06.05.2019,2019-05-06,8,2019,True,0.0225893759275885,0.012388745692186856,0.01979162635556357,0.01146508718910926
66,07.05.2019,2019-05-07,8,2019,True,0.0226762244860814,0.01419412867300861,0.01979162635556357,0.011465618578585215
66,08.05.2019,2019-05-08,8,2019,True,0.0226481115606835,0.015649438658272757,0.01979162635556357,0.011763502535895148
66,09.05.2019,2019-05-09,8,2019,True,0.02341499613721,0.015405021997807668,0.01979162635556357,0.011777235202594083
66,10.05.2019,2019-05-10,8,2019,True,0.0236571450576002,0.01555007617262868,0.01979162635556357,0.011732535695384825
66,13.05.2019,2019-05-13,8,2019,True,0.0237658322222658,0.01545740142551383,0.01979162635556357,0.011662612579477545
66,14.05.2019,2019-05-14,8,2019,True,0.0237020837453528,0.01536344127306654,0.01979162635556357,0.011638535053107663
66,15.05.2019,2019-05-15,8,2019,True,0.0238168435084226,0.01498251809922178,0.01979162635556357,0.01149914725062759
66,16.05.2019,2019-05-16,8,2019,True,0.0237669115580825,0.012795349543798953,0.01979162635556357,0.01149783209366776
66,17.05.2019,2019-05-17,8,2019,True,0.0237814975561354,0.012755909669093358,0.01979162635556357,0.011462391634959856
66,20.05.2019,2019-05-20,8,2019,True,0.0237855081596268,0.012690384468960567,0.01979162635556357,0.011403511043503413
66,21.05.2019,2019-05-21,8,2019,True,0.0237898771326651,0.012370590821199526,0.01979162635556357,0.01123020760784726
66,22.05.2019,2019-05-22,8,2019,True,0.0237494361349871,0.012239403545589942,0.01979162635556357,0.01111111383440527
66,23.05.2019,2019-05-23,8,2019,True,0.0231960936011516,0.01213973502147482,0.01979162635556357,0.01092423265433136
66,24.05.2019,2019-05-24,8,2019,True,0.0232264143107858,0.016241783093805882,0.01979162635556357,0.012392923243635445
66,28.05.2019,2019-05-28,8,2019,True,0.0231043304347352,0.01611060608500844,0.01979162635556357,0.012451150462338476
66,29.05.2019,2019-05-29,8,2019,True,0.0231109207742991,0.01558516403519898,0.01979162635556357,0.012694297308110138
66,30.05.2019,2019-05-30,8,2019,True,0.0230808262046337,0.015877524639557754,0.01979162635556357,0.012755374306109577
66,31.05.2019,2019-05-31,8,2019,True,0.0232806632841186,0.015606590592569924,0.01979162635556357,0.012847898811160333
66,03.06.2019,2019-06-03,8,2019,True,0.022427508967794,0.015585747177356307,0.01979162635556357,0.013592176402476038
66,04.06.2019,2019-06-04,8,2019,True,0.0224162359687292,0.01756642804209187,0.01979162635556357,0.014779616834253599
66,05.06.2019,2019-06-05,8,2019,True,0.0223453428093032,0.017722778933914735,0.01979162635556357,0.014848152692679008
66,06.06.2019,2019-06-06,8,2019,True,0.0222540631758214,0.01787592237995474,0.01979162635556357,0.014976456345236205
66,07.06.2019,2019-06-07,8,2019,True,0.022238567014214,0.01799445013364195,0.01979162635556357,0.01508946698442054
66,10.06.2019,2019-06-10,8,2019,True,0.0221714376538144,0.018136820747719072,0.01979162635556357,0.01544211168719934
66,11.06.2019,2019-06-11,8,2019,True,0.0221729744938234,0.018254184325751904,0.01979162635556357,0.015552958439381611
66,12.06.2019,2019-06-12,8,2019,True,0.0274104563910271,0.018042661675153837,0.01979162635556357,0.015537869355743127
66,13.06.2019,2019-06-13,8,2019,True,0.0285793260242579,0.019200779715191837,0.01979162635556357,0.016168585851928593
66,14.06.2019,2019-06-14,8,2019,True,0.0286119878152896,0.019351783560070522,0.01979162635556357,0.01633517997190263
66,17.06.2019,2019-06-17,8,2019,True,0.0285626908924927,0.019462378128288695,0.01979162635556357,0.01640591453527093
66,18.06.2019,2019-06-18,8,2019,True,0.0284688320351761,0.019202982242592752,0.01979162635556357,0.016429289344109747
66,19.06.2019,2019-06-19,8,2019,True,0.0284730083483953,0.019386969330884383,0.01979162635556357,0.016626840352867503
66,20.06.2019,2019-06-20,8,2019,True,0.028194104197776,0.019051171926830496,0.01979162635556357,0.016634001193720275
66,21.06.2019,2019-06-21,8,2019,True,0.0281863467626297,0.01963980568209154,0.01979162635556357,0.017435408916528
66,24.06.2019,2019-06-24,8,2019,True,0.0281908858155209,0.01996737928299893,0.01979162635556357,0.017499727324921943
66,25.06.2019,2019-06-25,8,2019,True,0.0282313623795551,0.019068992913893263,0.01979162635556357,0.01742532322979399
66,26.06.2019,2019-06-26,8,2019,True,0.0281699502012123,0.018452711601655302,0.01979162635556357,0.017398160422941553
66,27.06.2019,2019-06-27,8,2019,True,0.0284126664518087,0.016759220968985574,0.01979162635556357,0.01755400419078936
66,28.06.2019,2019-06-28,8,2019,True,0.0285048739018006,0.0169582803496532,0.01979162635556357,0.017550996775800232
66,01.07.2019,2019-07-01,8,2019,True,0.0283910109463806,0.018450431436492408,0.01979162635556357,0.0174931729598207
66,02.07.2019,2019-07-02,8,2019,True,0.0279917923886973,0.016653558273640942,0.01979162635556357,0.01770685284941894
66,03.07.2019,2019-07-03,8,2019,True,0.0278373887121292,0.01708761473871309,0.01979162635556357,0.018415476786558874
66,05.07.2019,2019-07-05,8,2019,True,0.0278205267846382,0.01711316294546424,0.01979162635556357,0.01861031144503965
66,08.07.2019,2019-07-08,8,2019,True,0.0278226965289243,0.017095656459393736,0.01979162635556357,0.018591273400516927
66,09.07.2019,2019-07-09,8,2019,True,0.0278805324922263,0.016982898777390835,0.01979162635556357,0.018574832308317073
66,10.07.2019,2019-07-10,8,2019,True,0.0274947688988495,0.015156472809670604,0.01979162635556357,0.01857638472133866
66,11.07.2019,2019-07-11,8,2019,True,0.027573402965484,0.01598963490071122,0.01979162635556357,0.019370595662240087
66,12.07.2019,2019-07-12,8,2019,True,0.0275870540196539,0.015647005259476633,0.01979162635556357,0.019308638860929584
66,15.07.2019,2019-07-15,8,2019,True,0.027635632310811,0.015811055865027547,0.01979162635556357,0.019260576447214982
66,16.07.2019,2019-07-16,8,2019,True,0.0273897454252999,0.016109777219415974,0.01979162635556357,0.01924914129142368
66,17.07.2019,2019-07-17,8,2019,True,0.0273775795749812,0.01658183660498023,0.01979162635556357,0.019522616748762177
66,18.07.2019,2019-07-18,8,2019,True,0.0271905692221613,0.018577137714772,0.01979162635556357,0.01950795897564253
66,19.07.2019,2019-07-19,8,2019,True,0.0272147824040889,0.017592939072076926,0.01979162635556357,0.019709398345409457
66,22.07.2019,2019-07-22,8,2019,True,0.0273410718822445,0.018587321970734223,0.01979162635556357,0.01975082319384221
66,23.07.2019,2019-07-23,8,2019,True,0.0273368381583132,0.01779428897067535,0.01979162635556357,0.01979759526003035
66,24.07.2019,2019-07-24,8,2019,True,0.0273199540534664,0.016656848612284857,0.01979162635556357,0.019842737237074096
66,25.07.2019,2019-07-25,8,2019,True,0.0273296279561498,0.017117722783672844,0.01979162635556357,0.019852354427347136
66,26.07.2019,2019-07-26,8,2019,True,0.0273291186881703,0.01659787667171926,0.01979162635556357,0.019499960404513697
66,29.07.2019,2019-07-29,8,2019,True,0.027390316433048,0.01650977371736226,0.01979162635556357,0.019474767434681274
66,30.07.2019,2019-07-30,8,2019,True,0.0273204481600764,0.016293702448249556,0.01979162635556357,0.019486563243249468
66,31.07.2019,2019-07-31,8,2019,True,0.0274772068651877,0.016071821575505133,0.01979162635556357,0.019613451944369132
66,01.08.2019,2019-08-01,8,2019,True,0.0259085487001791,0.016084215148899038,0.01979162635556357,0.019329209772778598
66,02.08.2019,2019-08-02,8,2019,True,0.0258093073251935,0.019198175467014248,0.01979162635556357,0.021306096872469725
66,05.08.2019,2019-08-05,8,2019,True,0.0255707818508733,0.019385445649221136,0.01979162635556357,0.021474482582039628
66,06.08.2019,2019-08-06,8,2019,True,0.0255204730299841,0.01989070938535595,0.01979162635556357,0.02181545475271333
66,07.08.2019,2019-08-07,8,2019,True,0.0248092699010238,0.019840613171963683,0.01979162635556357,0.021760510926660252
66,08.08.2019,2019-08-08,8,2019,True,0.0247130257741506,0.020404064647675364,0.01979162635556357,0.02242540034412176
66,09.08.2019,2019-08-09,8,2019,True,0.0246056520307801,0.02083446778142337,0.01979162635556357,0.022589375927588536
66,12.08.2019,2019-08-12,8,2019,True,0.0246107942867736,0.020263329284563765,0.01979162635556357,0.022676224486081472
66,13.08.2019,2019-08-13,8,2019,True,0.0239719754234861,0.020433464711640974,0.01979162635556357,0.022648111560683543
66,14.08.2019,2019-08-14,8,2019,True,0.0237464876658724,0.018246478275257657,0.01979162635556357,0.023414996137210046
66,15.08.2019,2019-08-15,8,2019,True,0.023655898874946,0.020353750780119674,0.01979162635556357,0.02365714505760025
66,16.08.2019,2019-08-16,8,2019,True,0.0238560805497587,0.020346466381133257,0.01979162635556357,0.023765832222265842
66,19.08.2019,2019-08-19,8,2019,True,0.0239307058152547,0.01966003975411003,0.01979162635556357,0.023702083745352837
66,20.08.2019,2019-08-20,8,2019,True,0.0241105335097595,0.018860441470145244,0.01979162635556357,0.023816843508422666
66,21.08.2019,2019-08-21,8,2019,True,0.0241380221111664,0.018371909093447165,0.01979162635556357,0.023766911558082547
66,22.08.2019,2019-08-22,8,2019,True,0.0241250719410128,0.019023634839457314,0.01979162635556357,0.023781497556135473
66,23.08.2019,2019-08-23,8,2019,True,0.0241117095626365,0.018875709132332698,0.01979162635556357,0.023785508159626826
66,26.08.2019,2019-08-26,8,2019,True,0.0240714601658914,0.02084925674559711,0.01979162635556357,0.02378987713266513
66,27.08.2019,2019-08-27,8,2019,True,0.0242489334529297,0.020915464312885077,0.01979162635556357,0.023749436134987083
66,28.08.2019,2019-08-28,8,2019,True,0.0243649819034753,0.01961795592380617,0.01979162635556357,0.023196093601151664
66,29.08.2019,2019-08-29,8,2019,True,0.0243362253163437,0.01887313536974235,0.01979162635556357,0.023226414310785846
66,30.08.2019,2019-08-30,8,2019,True,0.0246813755267212,0.01957436002392797,0.01979162635556357,0.023104330434735223
66,03.09.2019,2019-09-03,8,2019,True,0.024247179460969,0.019579943465511267,0.01979162635556357,0.023110920774299114
66,04.09.2019,2019-09-04,8,2019,True,0.0238043318799981,0.021755793076284412,0.01979162635556357,0.02308082620463369
66,05.09.2019,2019-09-05,8,2019,True,0.0238038433239245,0.021373204034762498,0.01979162635556357,0.023280663284118625
66,06.09.2019,2019-09-06,8,2019,True,0.0237783921577759,0.020589951381974735,0.01979162635556357,0.022427508967793996
66,09.09.2019,2019-09-09,8,2019,True,0.0237242028037466,0.019392967739307935,0.01979162635556357,0.02241623596872922
66,10.09.2019,2019-09-10,8,2019,True,0.0237363083588288,0.021026194748583558,0.01979162635556357,0.02234534280930323
66,11.09.2019,2019-09-11,8,2019,True,0.0235857762449915,0.021110867421888318,0.01979162635556357,0.02225406317582142
66,12.09.2019,2019-09-12,8,2019,True,0.0235638676993729,0.021699862989560625,0.01979162635556357,0.022238567014214044
66,13.09.2019,2019-09-13,8,2019,True,0.0235931049171671,0.021634359761663027,0.01979162635556357,0.022171437653814446
66,16.09.2019,2019-09-16,8,2019,True,0.0164943962700786,0.021967231182340702,0.01979162635556357,0.022172974493823397
66,17.09.2019,2019-09-17,8,2019,True,0.0142748728887595,0.0318252949269661,0.01979162635556357,0.02741045639102713
66,18.09.2019,2019-09-18,8,2019,True,0.0141706290571725,0.032001421602257295,0.01979162635556357,0.028579326024257945
66,19.09.2019,2019-09-19,8,2019,True,0.0140983458817673,0.030825146121622175,0.01979162635556357,0.0286119878152896
66,20.09.2019,2019-09-20,8,2019,True,0.0141678554348922,0.03081446497910742,0.01979162635556357,0.028562690892492734
66,23.09.2019,2019-09-23,8,2019,True,0.0141958673921497,0.029776959467715892,0.01979162635556357,0.028468832035176108
66,24.09.2019,2019-09-24,8,2019,True,0.0137969252862691,0.03154156046482814,0.01979162635556357,0.02847300834839534
66,25.09.2019,2019-09-25,8,2019,True,0.0137125496200703,0.031387460053061596,0.01979162635556357,0.02819410419777605
66,26.09.2019,2019-09-26,8,2019,True,0.0144646591129063,0.03104734256852306,0.01979162635556357,0.028186346762629776
66,27.09.2019,2019-09-27,8,2019,True,0.0143612596857731,0.026561288087715896,0.01979162635556357,0.028190885815520934
66,30.09.2019,2019-09-30,8,2019,True,0.0147435839989267,0.03202843762273552,0.01979162635556357,0.02823136237955513
66,01.10.2019,2019-10-01,8,2019,True,0.0141418951265388,0.031185222715486394,0.01979162635556357,0.028169950201212327
66,02.10.2019,2019-10-02,8,2019,True,0.0139268769474327,0.03145391897790259,0.01979162635556357,0.028412666451808715
66,03.10.2019,2019-10-03,8,2019,True,0.0149819010389052,0.03200211881843235,0.01979162635556357,0.028504873901800665
66,04.10.2019,2019-10-04,8,2019,True,0.0149391631014451,0.032208116893475226,0.01979162635556357,0.02839101094638061
66,07.10.2019,2019-10-07,8,2019,True,0.0149672347423484,0.02987019649996713,0.01979162635556357,0.027991792388697378
66,08.10.2019,2019-10-08,8,2019,True,0.0150563629081074,0.030920209154747927,0.01979162635556357,0.027837388712129225
66,09.10.2019,2019-10-09,8,2019,True,0.0150609735370205,0.03157220843361496,0.01979162635556357,0.027820526784638217
66,10.10.2019,2019-10-10,8,2019,True,0.0150296645526207,0.026792001364096138,0.01979162635556357,0.02782269652892431
66,11.10.2019,2019-10-11,8,2019,True,0.0148067750234664,0.031120595194568813,0.01979162635556357,0.027880532492226332
66,14.10.2019,2019-10-14,8,2019,True,0.0145892547349147,0.03053008871936401,0.01979162635556357,0.027494768898849515
66,15.10.2019,2019-10-15,8,2019,True,0.0145321178703452,0.031134998632180475,0.01979162635556357,0.027573402965484082
66,16.10.2019,2019-10-16,8,2019,True,0.0147488998757506,0.03058683990677608,0.01979162635556357,0.02758705401965396
66,17.10.2019,2019-10-17,8,2019,True,0.0149154026317968,0.03064070054784012,0.01979162635556357,0.027635632310811058
66,18.10.2019,2019-10-18,8,2019,True,0.0151346719171022,0.026971120506172005,0.01979162635556357,0.027389745425299927
66,21.10.2019,2019-10-21,8,2019,True,0.0153702634502566,0.027631463090901528,0.01979162635556357,0.027377579574981204
66,22.10.2019,2019-10-22,8,2019,True,0.0152975552140348,0.027054673229652975,0.01979162635556357,0.027190569222161353
66,23.10.2019,2019-10-23,8,2019,True,0.0150061895679785,0.026374218675586803,0.01979162635556357,0.02721478240408891
66,24.10.2019,2019-10-24,8,2019,True,0.0152885013608433,0.026496607539985843,0.01979162635556357,0.02734107188224458
66,25.10.2019,2019-10-25,8,2019,True,0.0152676230606584,0.02658962511775405,0.01979162635556357,0.02733683815831319
66,28.10.2019,2019-10-28,8,2019,True,0.01722119121145,0.025160897785700912,0.01979162635556357,0.027319954053466437
66,29.10.2019,2019-10-29,8,2019,True,0.0172414632231851,0.026693310469364764,0.01979162635556357,0.02732962795614988
66,30.10.2019,2019-10-30,8,2019,True,0.0174470195946159,0.026612973704292803,0.01979162635556357,0.027329118688170333
66,31.10.2019,2019-10-31,8,2019,True,0.0174472895480884,0.02548738576021197,0.01979162635556357,0.027390316433048068
66,01.11.2019,2019-11-01,8,2019,True,0.0171766290229914,0.02604950105549226,0.01979162635556357,0.027320448160076467
66,04.11.2019,2019-11-04,8,2019,True,0.0173201558479402,0.024837665089531336,0.01979162635556357,0.02747720686518769
66,05.11.2019,2019-11-05,8,2019,True,0.0173275539225087,0.025066280764348303,0.01979162635556357,0.025908548700179147
66,06.11.2019,2019-11-06,8,2019,True,0.0177091941328322,0.023735783780243564,0.01979162635556357,0.02580930732519352
66,07.11.2019,2019-11-07,8,2019,True,0.0177180783553128,0.021954084653872098,0.01979162635556357,0.025570781850873338
66,08.11.2019,2019-11-08,8,2019,True,0.0178581204314884,0.021439365819713854,0.01979162635556357,0.025520473029984163
66,11.11.2019,2019-11-11,8,2019,True,0.0178834748520937,0.020957785697990974,0.01979162635556357,0.024809269901023882
66,12.11.2019,2019-11-12,8,2019,True,0.0181367765479399,0.022792309123967396,0.01979162635556357,0.024713025774150608
66,13.11.2019,2019-11-13,8,2019,True,0.0181294850924761,0.022319570436036936,0.01979162635556357,0.0246056520307801
66,14.11.2019,2019-11-14,8,2019,True,0.0181997627237547,0.0237638957854268,0.01979162635556357,0.024610794286773603
66,15.11.2019,2019-11-15,8,2019,True,0.0186410687127508,0.02206538132503828,0.01979162635556357,0.023971975423486117
66,18.11.2019,2019-11-18,8,2019,True,0.0187901169512584,0.020588077035235717,0.01979162635556357,0.023746487665872385
66,19.11.2019,2019-11-19,8,2019,True,0.0188549688911756,0.021579176830367055,0.01979162635556357,0.023655898874946034
66,20.11.2019,2019-11-20,8,2019,True,0.0187533948569602,0.020244634683805437,0.01979162635556357,0.02385608054975869
66,21.11.2019,2019-11-21,8,2019,True,0.0187813896515569,0.019605373080582054,0.01979162635556357,0.0239307058152547
66,22.11.2019,2019-11-22,8,2019,True,0.0191390352627069,0.019384418175379607,0.01979162635556357,0.02411053350975949
66,25.11.2019,2019-11-25,8,2019,True,0.0191205392815223,0.01999865423680402,0.01979162635556357,0.024138022111166422
66,26.11.2019,2019-11-26,8,2019,True,0.0191004922347447,0.020990368583301833,0.01979162635556357,0.02412507194101282
66,27.11.2019,2019-11-27,8,2019,True,0.0192443254175037,0.021417434247681954,0.01979162635556357,0.024111709562636516
66,29.11.2019,2019-11-29,8,2019,True,0.0223988816552239,0.02124849833613987,0.01979162635556357,0.024071460165891432
66,02.12.2019,2019-12-02,8,2019,True,0.0401241784354601,0.023465951730885438,0.01979162635556357,0.024248933452929687
66,03.12.2019,2019-12-03,8,2019,True,0.0415750750698231,0.02286876878797055,0.01979162635556357,0.024364981903475316
66,04.12.2019,2019-12-04,8,2019,True,0.0414089294469029,0.023012112072500427,0.01979162635556357,0.0243362253163437
66,05.12.2019,2019-12-05,8,2019,True,0.0421515244438962,0.020621017141596726,0.01979162635556357,0.024681375526721238
66,06.12.2019,2019-12-06,8,2019,True,0.04218238712395,0.02015454614997654,0.01979162635556357,0.02424717946096901
66,09.12.2019,2019-12-09,8,2019,True,0.0442627699982039,0.020113079103294185,0.01979162635556357,0.023804331879998083
66,10.12.2019,2019-12-10,8,2019,True,0.0444218031365557,0.01982151458695425,0.01979162635556357,0.02380384332392457
66,11.12.2019,2019-12-11,8,2019,True,0.0472830853309683,0.020397267946014538,0.01979162635556357,0.02377839215777596
66,12.12.2019,2019-12-12,8,2019,True,0.0506591623348271,0.020930358603368986,0.01979162635556357,0.023724202803746614
66,13.12.2019,2019-12-13,8,2019,True,0.0507888104187526,0.020941038566403357,0.01979162635556357,0.023736308358828846
66,16.12.2019,2019-12-16,8,2019,True,0.0507888721491509,0.020770252547113434,0.01979162635556357,0.02358577624499151
66,17.12.2019,2019-12-17,8,2019,True,0.050742548015644,0.01995869713393503,0.01979162635556357,0.023563867699372933
66,18.12.2019,2019-12-18,8,2019,True,0.050785611714088,0.020126154246933946,0.01979162635556357,0.02359310491716708
66,19.12.2019,2019-12-19,8,2019,True,0.0508269148170131,0.013917986456685233,0.01979162635556357,0.0164943962700786
66,20.12.2019,2019-12-20,8,2019,True,0.0510652452648957,0.012024509885417907,0.01979162635556357,0.014274872888759534
66,23.12.2019,2019-12-23,8,2019,True,0.0518632046568396,0.011772693360614483,0.01979162635556357,0.014170629057172536
66,24.12.2019,2019-12-24,8,2019,True,0.0517784794849497,0.012342480306990753,0.01979162635556357,0.01409834588176731
66,26.12.2019,2019-12-26,8,2019,True,0.0531461950061344,0.012289560792557299,0.01979162635556357,0.014167855434892162
66,27.12.2019,2019-12-27,8,2019,True,0.0588577291522032,0.012818248840284995,0.01979162635556357,0.014195867392149713
66,30.12.2019,2019-12-30,8,2019,True,0.0614025776139869,0.012209481056764697,0.01979162635556357,0.01379692528626914
66,31.12.2019,2019-12-31,8,2019,True,0.0613747934509396,0.011657303801953869,0.01979162635556357,0.01371254962007032
66,02.01.2020,2020-01-02,9,2020,True,0.0614301491885623,0.01387089582024886,0.01996142619726476,0.014464659112906335
66,03.01.2020,2020-01-03,9,2020,True,0.0613769643515749,0.014076217560321283,0.01996142619726476,0.014361259685773106
66,06.01.2020,2020-01-06,9,2020,True,0.0614634500978824,0.015291501851437302,0.01996142619726476,0.014743583998926682
66,07.01.2020,2020-01-07,9,2020,True,0.0615125803418403,0.01623513333642326,0.01996142619726476,0.014141895126538793
66,08.01.2020,2020-01-08,9,2020,True,0.0618158620631677,0.01598828885226419,0.01996142619726476,0.013926876947432713
66,09.01.2020,2020-01-09,9,2020,True,0.0621639323726679,0.016282386889023937,0.01996142619726476,0.014981901038905256
66,10.01.2020,2020-01-10,9,2020,True,0.0621963553174464,0.016235939136448524,0.01996142619726476,0.014939163101445148
66,13.01.2020,2020-01-13,9,2020,True,0.06225610636954,0.015974150814923455,0.01996142619726476,0.014967234742348404
66,14.01.2020,2020-01-14,9,2020,True,0.0630104819304353,0.01681055692337922,0.01996142619726476,0.0150563629081074
66,15.01.2020,2020-01-15,9,2020,True,0.0709851922383865,0.0169515542726139,0.01996142619726476,0.015060973537020527
66,16.01.2020,2020-01-16,9,2020,True,0.0714364080159666,0.016294560674740374,0.01996142619726476,0.015029664552620718
66,17.01.2020,2020-01-17,9,2020,True,0.07181952851382,0.01550435869211256,0.01996142619726476,0.014806775023466447
66,21.01.2020,2020-01-21,9,2020,True,0.0718535525265318,0.013866843308040297,0.01996142619726476,0.014589254734914686
66,22.01.2020,2020-01-22,9,2020,True,0.0721509030210253,0.014244806258843326,0.01996142619726476,0.014532117870345237
66,23.01.2020,2020-01-23,9,2020,True,0.0723241451292607,0.016847821435450702,0.01996142619726476,0.014748899875750595
66,24.01.2020,2020-01-24,9,2020,True,0.0736594204968317,0.01692903163037244,0.01996142619726476,0.014915402631796804
66,27.01.2020,2020-01-27,9,2020,True,0.075350679719208,0.019772104100470228,0.01996142619726476,0.015134671917102195
66,28.01.2020,2020-01-28,9,2020,True,0.0756663962676665,0.020062125065369918,0.01996142619726476,0.015370263450256643
66,29.01.2020,2020-01-29,9,2020,True,0.0758027669292677,0.019052221910073663,0.01996142619726476,0.015297555214034787
66,30.01.2020,2020-01-30,9,2020,True,0.077759706312453,0.017726189868557413,0.01996142619726476,0.015006189567978539
66,31.01.2020,2020-01-31,9,2020,True,0.0778509205637459,0.018005059114751136,0.01996142619726476,0.015288501360843356
66,03.02.2020,2020-02-03,9,2020,True,0.0775385774917079,0.01853061891196628,0.01996142619726476,0.01526762306065839
66,04.02.2020,2020-02-04,9,2020,True,0.0778813441407286,0.020051517134202727,0.01996142619726476,0.017221191211450024
66,05.02.2020,2020-02-05,9,2020,True,0.0778962201401932,0.019896275243571866,0.01996142619726476,0.017241463223185143
66,06.02.2020,2020-02-06,9,2020,True,0.0779391200627794,0.01929575798736254,0.01996142619726476,0.017447019594615924
66,07.02.2020,2020-02-07,9,2020,True,0.0779688841534411,0.01856018495928442,0.01996142619726476,0.017447289548088368
66,10.02.2020,2020-02-10,9,2020,True,0.0784770884365244,0.018544160622878923,0.01996142619726476,0.01717662902299141
66,11.02.2020,2020-02-11,9,2020,True,0.0786854053132372,0.020053746490735783,0.01996142619726476,0.017320155847940173
66,12.02.2020,2020-02-12,9,2020,True,0.0790950602658326,0.01889529264426421,0.01996142619726476,0.017327553922508683
66,13.02.2020,2020-02-13,9,2020,True,0.0790674123841995,0.018172380127304027,0.01996142619726476,0.017709194132832232
66,14.02.2020,2020-02-14,9,2020,True,0.0791532420491289,0.018611019143778353,0.01996142619726476,0.017718078355312767
66,18.02.2020,2020-02-18,9,2020,True,0.0791566692832073,0.018758118942547333,0.01996142619726476,0.017858120431488416
66,19.02.2020,2020-02-19,9,2020,True,0.0790972020383773,0.01769994375056392,0.01996142619726476,0.017883474852093743
66,20.02.2020,2020-02-20,9,2020,True,0.0792177215686351,0.017950645910266152,0.01996142619726476,0.01813677654793996
66,21.02.2020,2020-02-21,9,2020,True,0.0793175705432557,0.017943429284155328,0.01996142619726476,0.01812948509247611
66,24.02.2020,2020-02-24,9,2020,True,0.0792774614706685,0.01891268696947295,0.01996142619726476,0.018199762723754735
66,25.02.2020,2020-02-25,9,2020,True,0.0792543654885675,0.021101964765334772,0.01996142619726476,0.018641068712750782
66,26.02.2020,2020-02-26,9,2020,True,0.0799400104759713,0.021696305943065885,0.01996142619726476,0.018790116951258408
66,27.02.2020,2020-02-27,9,2020,True,0.0800346985745376,0.021771864815872944,0.01996142619726476,0.018854968891175647
66,28.02.2020,2020-02-28,9,2020,True,0.0799655897365119,0.022072420210588386,0.01996142619726476,0.018753394856960256
66,02.03.2020,2020-03-02,9,2020,True,0.0798821322028896,0.02221456153690604,0.01996142619726476,0.018781389651556932
66,03.03.2020,2020-03-03,9,2020,True,0.0802236080348784,0.0221064978011729,0.01996142619726476,0.01913903526270697
66,04.03.2020,2020-03-04,9,2020,True,0.0803155976846941,0.02189150590631363,0.01996142619726476,0.01912053928152231
66,05.03.2020,2020-03-05,9,2020,True,0.0802945037602314,0.02237049493514412,0.01996142619726476,0.01910049223474475
66,06.03.2020,2020-03-06,9,2020,True,0.0794090837491899,0.022538952346967383,0.01996142619726476,0.019244325417503733
66,09.03.2020,2020-03-09,9,2020,True,0.0723262874739039,0.023353395231219064,0.01996142619726476,0.022398881655223954
66,10.03.2020,2020-03-10,9,2020,True,0.0716644744455546,0.03557904071612332,0.01996142619726476,0.04012417843546009
66,11.03.2020,2020-03-11,9,2020,True,0.0715529364539419,0.036865584452138334,0.01996142619726476,0.04157507506982316
66,12.03.2020,2020-03-12,9,2020,True,0.0710016917538774,0.036718259270335694,0.01996142619726476,0.041408929446902894
66,13.03.2020,2020-03-13,9,2020,True,0.0709836214664264,0.03737673549748421,0.01996142619726476,0.042151524443896235
66,16.03.2020,2020-03-16,9,2020,True,0.0693539306018623,0.037404102152530094,0.01996142619726476,0.04218238712395004
66,17.03.2020,2020-03-17,9,2020,True,0.0690861783479528,0.0434787747560269,0.01996142619726476,0.04426276999820392
66,18.03.2020,2020-03-18,9,2020,True,0.0665228618920835,0.043634991052508676,0.01996142619726476,0.044421803136555776
66,19.03.2020,2020-03-19,9,2020,True,0.0646510103080767,0.04644559337245709,0.01996142619726476,0.04728308533096836
66,20.03.2020,2020-03-20,9,2020,True,0.0646829668735281,0.04825150167318281,0.01996142619726476,0.05065916233482712
66,23.03.2020,2020-03-23,9,2020,True,0.0646977884241614,0.04839080842031024,0.01996142619726476,0.05078881041875267
66,24.03.2020,2020-03-24,9,2020,True,0.0647032399948918,0.04716311647446698,0.01996142619726476,0.050788872149150954
66,25.03.2020,2020-03-25,9,2020,True,0.0647152839933818,0.04712009936438529,0.01996142619726476,0.050742548015644054
66,26.03.2020,2020-03-26,9,2020,True,0.0645151556790268,0.046929151489620416,0.01996142619726476,0.050785611714088005
66,27.03.2020,2020-03-27,9,2020,True,0.0640728501761457,0.046967318196857843,0.01996142619726476,0.050826914817013145
66,30.03.2020,2020-03-30,9,2020,True,0.0629005139198384,0.04741975965035802,0.01996142619726476,0.05106524526489574
66,31.03.2020,2020-03-31,9,2020,True,0.0629006396244139,0.050447549367392305,0.01996142619726476,0.05186320465683959
66,01.04.2020,2020-04-01,9,2020,True,0.0622154729406025,0.050365136849310245,0.01996142619726476,0.051778479484949715
66,02.04.2020,2020-04-02,9,2020,True,0.0578897636726532,0.05043004981441191,0.01996142619726476,0.05314619500613441
66,03.04.2020,2020-04-03,9,2020,True,0.0558375727561676,0.05454413445104555,0.01996142619726476,0.058857729152203275
66,06.04.2020,2020-04-06,9,2020,True,0.0557066861542537,0.054570443915548904,0.01996142619726476,0.06140257761398697
66,07.04.2020,2020-04-07,9,2020,True,0.0555155415123692,0.05405355931373197,0.01996142619726476,0.06137479345093963
66,08.04.2020,2020-04-08,9,2020,True,0.0554236765534597,0.054102311814208215,0.01996142619726476,0.06143014918856237
66,09.04.2020,2020-04-09,9,2020,True,0.0551543500781047,0.054055471253465825,0.01996142619726476,0.061376964351574956
66,13.04.2020,2020-04-13,9,2020,True,0.0551821043506164,0.050372105389452186,0.01996142619726476,0.06146345009788242
66,14.04.2020,2020-04-14,9,2020,True,0.0544075652841384,0.04721570374983066,0.01996142619726476,0.06151258034184033
66,15.04.2020,2020-04-15,9,2020,True,0.0536513859829138,0.04744849612867989,0.01996142619726476,0.0618158620631677
66,16.04.2020,2020-04-16,9,2020,True,0.0536912903608951,0.04862770565611069,0.01996142619726476,0.06216393237266796
66,17.04.2020,2020-04-17,9,2020,True,0.0536989176066117,0.04648936978068831,0.01996142619726476,0.062196355317446474
66,20.04.2020,2020-04-20,9,2020,True,0.0523455818116527,0.044829337379613435,0.01996142619726476,0.06225610636954007
66,21.04.2020,2020-04-21,9,2020,True,0.0380622355889709,0.05961483643142531,0.01996142619726476,0.06301048193043532
66,22.04.2020,2020-04-22,9,2020,True,0.0377497118481508,0.06896728737479832,0.01996142619726476,0.07098519223838648
66,23.04.2020,2020-04-23,9,2020,True,0.0375487510188869,0.06940567638550782,0.01996142619726476,0.07143640801596658
66,24.04.2020,2020-04-24,9,2020,True,0.0375427264380049,0.06840476515636619,0.01996142619726476,0.07181952851382005
66,27.04.2020,2020-04-27,9,2020,True,0.0363552360444536,0.06475191584216596,0.01996142619726476,0.07185355252653178
66,28.04.2020,2020-04-28,9,2020,True,0.0363279874541337,0.06351217679841419,0.01996142619726476,0.07215090302102536
66,29.04.2020,2020-04-29,9,2020,True,0.0347414574063427,0.06366467639227189,0.01996142619726476,0.0723241451292607
66,30.04.2020,2020-04-30,9,2020,True,0.0322122832238631,0.06484007741525045,0.01996142619726476,0.07365942049683176
66,01.05.2020,2020-05-01,9,2020,True,0.0319011379062547,0.05605443963978343,0.01996142619726476,0.07535067971920802
66,04.05.2020,2020-05-04,9,2020,True,0.03182267097372,0.05699782391724115,0.01996142619726476,0.07566639626766657
66,05.05.2020,2020-05-05,9,2020,True,0.0280434752343,0.05094876617551331,0.01996142619726476,0.07580276692926768
66,06.05.2020,2020-05-06,9,2020,True,0.0274441090490987,0.05222300502769921,0.01996142619726476,0.07775970631245308
66,07.05.2020,2020-05-07,9,2020,True,0.0274636774506127,0.05829027130883151,0.01996142619726476,0.0778509205637459
66,08.05.2020,2020-05-08,9,2020,True,0.0269783269051664,0.055867163793558425,0.01996142619726476,0.0775385774917079
66,11.05.2020,2020-05-11,9,2020,True,0.0263265036654858,0.05230469634597743,0.01996142619726476,0.07788134414072861
66,12.05.2020,2020-05-12,9,2020,True,0.0263453989012888,0.05505457244056554,0.01996142619726476,0.07789622014019319
66,13.05.2020,2020-05-13,9,2020,True,0.0260353412751133,0.05200807224226197,0.01996142619726476,0.07793912006277941
66,14.05.2020,2020-05-14,9,2020,True,0.0250223329918874,0.05161080980680471,0.01996142619726476,0.07796888415344112
66,15.05.2020,2020-05-15,9,2020,True,0.0245992044513767,0.051714860740511355,0.01996142619726476,0.0784770884365244
66,18.05.2020,2020-05-18,9,2020,True,0.0233472587102093,0.0518521374729148,0.01996142619726476,0.07868540531323723
66,19.05.2020,2020-05-19,9,2020,True,0.0234095495850209,0.04971610003614074,0.01996142619726476,0.07909506026583267
66,20.05.2020,2020-05-20,9,2020,True,0.0232207320265854,0.04958524720766024,0.01996142619726476,0.07906741238419948
66,21.05.2020,2020-05-21,9,2020,True,0.0232636793247593,0.049639073240724224,0.01996142619726476,0.0791532420491289
66,22.05.2020,2020-05-22,9,2020,True,0.0229903414730147,0.04986425681591695,0.01996142619726476,0.07915666928320737
66,26.05.2020,2020-05-26,9,2020,True,0.0228552877477837,0.049603929080787194,0.01996142619726476,0.0790972020383773
66,27.05.2020,2020-05-27,9,2020,True,0.0222019368004042,0.0471506571908286,0.01996142619726476,0.07921772156863514
66,28.05.2020,2020-05-28,9,2020,True,0.022153755400467,0.04710229617991491,0.01996142619726476,0.07931757054325574
66,29.05.2020,2020-05-29,9,2020,True,0.0221539455646089,0.04713888592943872,0.01996142619726476,0.07927746147066855
66,01.06.2020,2020-06-01,9,2020,True,0.0202319484663571,0.04981278940265788,0.01996142619726476,0.0792543654885675
66,02.06.2020,2020-06-02,9,2020,True,0.0199222476040863,0.053538986194839364,0.01996142619726476,0.07994001047597138
66,03.06.2020,2020-06-03,9,2020,True,0.0203534792664721,0.05360240255883244,0.01996142619726476,0.08003469857453763
66,04.06.2020,2020-06-04,9,2020,True,0.0221396819803117,0.05414146946640268,0.01996142619726476,0.0799655897365119
66,05.06.2020,2020-06-05,9,2020,True,0.0212371677555492,0.05408496374283783,0.01996142619726476,0.07988213220288963
66,08.06.2020,2020-06-08,9,2020,True,0.0208856263263956,0.05431616322991787,0.01996142619726476,0.0802236080348784
66,09.06.2020,2020-06-09,9,2020,True,0.0208618389693214,0.05321702252984969,0.01996142619726476,0.08031559768469418
66,10.06.2020,2020-06-10,9,2020,True,0.0207991703035758,0.05320304571979365,0.01996142619726476,0.08029450376023145
66,11.06.2020,2020-06-11,9,2020,True,0.0185501063458089,0.05261636744017777,0.01996142619726476,0.07940908374918991
66,12.06.2020,2020-06-12,9,2020,True,0.0191910619125721,0.047923314785125966,0.01996142619726476,0.07232628747390397
66,15.06.2020,2020-06-15,9,2020,True,0.0191914104181737,0.04748479823472337,0.01996142619726476,0.07166447444555464
66,16.06.2020,2020-06-16,9,2020,True,0.01884304585595,0.045798629391468865,0.01996142619726476,0.07155293645394191
66,17.06.2020,2020-06-17,9,2020,True,0.0194986485315646,0.04544579618889979,0.01996142619726476,0.0710016917538774
66,18.06.2020,2020-06-18,9,2020,True,0.0193684350892848,0.04543423000533028,0.01996142619726476,0.07098362146642644
66,19.06.2020,2020-06-19,9,2020,True,0.019263411315683,0.04487238270333276,0.01996142619726476,0.06935393060186236
66,22.06.2020,2020-06-22,9,2020,True,0.0190914626735767,0.0446991454909233,0.01996142619726476,0.06908617834795289
66,23.06.2020,2020-06-23,9,2020,True,0.0190497504497602,0.043129538458019916,0.01996142619726476,0.06652286189208353
66,24.06.2020,2020-06-24,9,2020,True,0.0177882309396747,0.042058283669442136,0.01996142619726476,0.0646510103080767
66,25.06.2020,2020-06-25,9,2020,True,0.0181455682485604,0.041627762915271614,0.01996142619726476,0.06468296687352819
66,26.06.2020,2020-06-26,9,2020,True,0.0181469391145638,0.04163730156239344,0.01996142619726476,0.06469778842416148
66,29.06.2020,2020-06-29,9,2020,True,0.0180264184415729,0.04164081000835455,0.01996142619726476,0.06470323999489185
66,30.06.2020,2020-06-30,9,2020,True,0.018657060471202,0.044840622522235925,0.01996142619726476,0.0647152839933818
66,01.07.2020,2020-07-01,9,2020,True,0.0195023386174721,0.045556930814524506,0.01996142619726476,0.0645151556790268
66,02.07.2020,2020-07-02,9,2020,True,0.0196491157815082,0.04542444986986605,0.01996142619726476,0.06407285017614579
66,06.07.2020,2020-07-06,9,2020,True,0.0197405221742276,0.044491506017025284,0.01996142619726476,0.06290051391983846
66,07.07.2020,2020-07-07,9,2020,True,0.0201305954824548,0.04368504717678187,0.01996142619726476,0.06290063962441393
66,08.07.2020,2020-07-08,9,2020,True,0.0201705280592576,0.04462683227068513,0.01996142619726476,0.06221547294060249
66,09.07.2020,2020-07-09,9,2020,True,0.0202582240265231,0.04156967036014452,0.01996142619726476,0.057889763672653256
66,10.07.2020,2020-07-10,9,2020,True,0.0202075079979758,0.03984107461136613,0.01996142619726476,0.055837572756167665
66,13.07.2020,2020-07-13,9,2020,True,0.0203090448628157,0.040679990238018035,0.01996142619726476,0.05570668615425376
66,14.07.2020,2020-07-14,9,2020,True,0.0203084415772527,0.03946306056502272,0.01996142619726476,0.05551554151236921
66,15.07.2020,2020-07-15,9,2020,True,0.0201569397288424,0.039397758627250236,0.01996142619726476,0.055423676553459776
66,16.07.2020,2020-07-16,9,2020,True,0.0201420474137785,0.03843445031245007,0.01996142619726476,0.05515435007810479
66,17.07.2020,2020-07-17,9,2020,True,0.0201934833600245,0.03870264827954765,0.01996142619726476,0.055182104350616455
66,20.07.2020,2020-07-20,9,2020,True,0.0206099747329304,0.038235362265484,0.01996142619726476,0.0544075652841384
66,21.07.2020,2020-07-21,9,2020,True,0.0205086569713906,0.03885988578686886,0.01996142619726476,0.053651385982913864
66,22.07.2020,2020-07-22,9,2020,True,0.0205999102714001,0.03891576037630595,0.01996142619726476,0.05369129036089518
66,23.07.2020,2020-07-23,9,2020,True,0.0207844785003196,0.03889431310751164,0.01996142619726476,0.05369891760661173
66,24.07.2020,2020-07-24,9,2020,True,0.0209170580418487,0.03777312387766029,0.01996142619726476,0.05234558181165276
66,27.07.2020,2020-07-27,9,2020,True,0.0218367751911586,0.027466110609603262,0.01996142619726476,0.03806223558897099
66,28.07.2020,2020-07-28,9,2020,True,0.0222980698230532,0.025556585899998964,0.01996142619726476,0.03774971184815088
66,29.07.2020,2020-07-29,9,2020,True,0.0222291148155841,0.025515398511120495,0.01996142619726476,0.03754875101888694
66,30.07.2020,2020-07-30,9,2020,True,0.0227202381958099,0.025332707666068578,0.01996142619726476,0.037542726438004964
66,31.07.2020,2020-07-31,9,2020,True,0.0228260452731703,0.024385403223766398,0.01996142619726476,0.03635523604445361
66,03.08.2020,2020-08-03,9,2020,True,0.0231856910024567,0.024475021705597007,0.01996142619726476,0.03632798745413376
66,04.08.2020,2020-08-04,9,2020,True,0.023179817939022,0.02477304876222708,0.01996142619726476,0.034741457406342706
66,05.08.2020,2020-08-05,9,2020,True,0.0234791347965604,0.023182496033624867,0.01996142619726476,0.03221228322386314
66,06.08.2020,2020-08-06,9,2020,True,0.0251916688371314,0.024405619298522765,0.01996142619726476,0.03190113790625479
66,07.08.2020,2020-08-07,9,2020,True,0.0253761556883761,0.024544650289099662,0.01996142619726476,0.031822670973720095
66,10.08.2020,2020-08-10,9,2020,True,0.0253271934733163,0.02130196540996332,0.01996142619726476,0.02804347523430003
66,11.08.2020,2020-08-11,9,2020,True,0.025303442989039,0.02256411134618614,0.01996142619726476,0.02744410904909878
66,12.08.2020,2020-08-12,9,2020,True,0.0252507572451184,0.02243373457158298,0.01996142619726476,0.027463677450612716
66,13.08.2020,2020-08-13,9,2020,True,0.025406716029938,0.02286179950292159,0.01996142619726476,0.02697832690516641
66,14.08.2020,2020-08-14,9,2020,True,0.0254040872667225,0.02224744199471351,0.01996142619726476,0.026326503665485827
66,17.08.2020,2020-08-17,9,2020,True,0.0254101819097744,0.022429554461617415,0.01996142619726476,0.026345398901288883
66,18.08.2020,2020-08-18,9,2020,True,0.0254108154837159,0.02166757755669389,0.01996142619726476,0.026035341275113342
66,19.08.2020,2020-08-19,9,2020,True,0.025500697515226,0.021131922618516912,0.01996142619726476,0.02502233299188748
66,20.08.2020,2020-08-20,9,2020,True,0.0256412499735268,0.020716852772469662,0.01996142619726476,0.024599204451376748
66,21.08.2020,2020-08-21,9,2020,True,0.0260104780735939,0.019585286823404845,0.01996142619726476,0.023347258710209325
66,24.08.2020,2020-08-24,9,2020,True,0.0259933524265822,0.019740030979392028,0.01996142619726476,0.023409549585020926
66,25.08.2020,2020-08-25,9,2020,True,0.0259543114588378,0.018662878104109843,0.01996142619726476,0.023220732026585443
66,26.08.2020,2020-08-26,9,2020,True,0.0259954964553537,0.01950671766912824,0.01996142619726476,0.023263679324759392
66,27.08.2020,2020-08-27,9,2020,True,0.0259522204771373,0.0192775224404701,0.01996142619726476,0.0229903414730148
66,28.08.2020,2020-08-28,9,2020,True,0.0260313605409337,0.019466452246317593,0.01996142619726476,0.02285528774778377
66,31.08.2020,2020-08-31,9,2020,True,0.0260475089416532,0.018472529224433383,0.01996142619726476,0.02220193680040428
66,01.09.2020,2020-09-01,9,2020,True,0.026067542673,0.017986093053509417,0.01996142619726476,0.02215375540046709
66,02.09.2020,2020-09-02,9,2020,True,0.025887843243083,0.017986247443132704,0.01996142619726476,0.022153945564608937
66,03.09.2020,2020-09-03,9,2020,True,0.0258603745179025,0.016999417464003474,0.01996142619726476,0.020231948466357175
66,04.09.2020,2020-09-04,9,2020,True,0.0255081099476174,0.01884654558099289,0.01996142619726476,0.01992224760408631
66,08.09.2020,2020-09-08,9,2020,True,0.0240660099146181,0.020509043017117014,0.01996142619726476,0.02035347926647211
66,09.09.2020,2020-09-09,9,2020,True,0.0239395562313489,0.024282512206445696,0.01996142619726476,0.022139681980311757
66,10.09.2020,2020-09-10,9,2020,True,0.0237962151951121,0.02096438182884045,0.01996142619726476,0.02123716775554921
66,11.09.2020,2020-09-11,9,2020,True,0.0237788019584822,0.021026994937589864,0.01996142619726476,0.02088562632639564
66,14.09.2020,2020-09-14,9,2020,True,0.0237528496926212,0.020889381663721455,0.01996142619726476,0.020861838969321474
66,15.09.2020,2020-09-15,9,2020,True,0.0236393584665932,0.021559745394197857,0.01996142619726476,0.020799170303575885
66,16.09.2020,2020-09-16,9,2020,True,0.023220943276629,0.019179329085738526,0.01996142619726476,0.01855010634580891
66,17.09.2020,2020-09-17,9,2020,True,0.0233330976529488,0.01901617807709986,0.01996142619726476,0.01919106191257217
66,18.09.2020,2020-09-18,9,2020,True,0.0234381019801691,0.017975126258701384,0.01996142619726476,0.01919141041817374
66,21.09.2020,2020-09-21,9,2020,True,0.0229447243238565,0.017880386052079613,0.01996142619726476,0.018843045855950046
66,22.09.2020,2020-09-22,9,2020,True,0.0229411245159888,0.0194301943614265,0.01996142619726476,0.019498648531564692
66,23.09.2020,2020-09-23,9,2020,True,0.0229840795385121,0.019442460648400006,0.01996142619726476,0.019368435089284885
66,24.09.2020,2020-09-24,9,2020,True,0.0229844714947273,0.019229323886926122,0.01996142619726476,0.019263411315683075
66,25.09.2020,2020-09-25,9,2020,True,0.0229814996765325,0.01904388427047073,0.01996142619726476,0.019091462673576757
66,28.09.2020,2020-09-28,9,2020,True,0.0229656517957668,0.01900227599893029,0.01996142619726476,0.01904975044976021
66,29.09.2020,2020-09-29,9,2020,True,0.022607612519526,0.01816707074364423,0.01996142619726476,0.017788230939674767
66,30.09.2020,2020-09-30,9,2020,True,0.0232540272249896,0.018779180794181245,0.01996142619726476,0.018145568248560406
66,01.10.2020,2020-10-01,9,2020,True,0.0232723922661007,0.017719156248909875,0.01996142619726476,0.018146939114563825
66,02.10.2020,2020-10-02,9,2020,True,0.0225651837974329,0.020169186926929723,0.01996142619726476,0.01802641844157296
66,05.10.2020,2020-10-05,9,2020,True,0.0220603410348388,0.02249446937096258,0.01996142619726476,0.01865706047120203
66,06.10.2020,2020-10-06,9,2020,True,0.0218205740029284,0.021278517655724638,0.01996142619726476,0.01950233861747216
66,07.10.2020,2020-10-07,9,2020,True,0.0217329512709225,0.02088549854331614,0.01996142619726476,0.019649115781508228
66,08.10.2020,2020-10-08,9,2020,True,0.0215295320378597,0.02002278553338208,0.01996142619726476,0.01974052217422763
66,09.10.2020,2020-10-09,9,2020,True,0.0214465930467598,0.019562944476031005,0.01996142619726476,0.020130595482454838
66,12.10.2020,2020-10-12,9,2020,True,0.0213821711845794,0.019326007326311657,0.01996142619726476,0.020170528059257654
66,13.10.2020,2020-10-13,9,2020,True,0.0213575037443446,0.019798089212048398,0.01996142619726476,0.020258224026523167
66,14.10.2020,2020-10-14,9,2020,True,0.021262471288079,0.021628068969053615,0.01996142619726476,0.020207507997975892
66,15.10.2020,2020-10-15,9,2020,True,0.0212459854134967,0.020171599539297275,0.01996142619726476,0.020309044862815713
66,16.10.2020,2020-10-16,9,2020,True,0.0213109622924301,0.02017100033658406,0.01996142619726476,0.020308441577252714
66,19.10.2020,2020-10-19,9,2020,True,0.0212725682718079,0.02002052380574577,0.01996142619726476,0.020156939728842426
66,20.10.2020,2020-10-20,9,2020,True,0.0212503213724063,0.020002924168396056,0.01996142619726476,0.020142047413778574
66,21.10.2020,2020-10-21,9,2020,True,0.0207381947559888,0.020130522918847694,0.01996142619726476,0.020193483360024557
66,22.10.2020,2020-10-22,9,2020,True,0.0207062937669872,0.023510714243995257,0.01996142619726476,0.02060997473293045
66,23.10.2020,2020-10-23,9,2020,True,0.0205492699712568,0.021491099084471322,0.01996142619726476,0.02050865697139065
66,26.10.2020,2020-10-26,9,2020,True,0.0200472894247045,0.020517807603107778,0.01996142619726476,0.020599910271400165
66,27.10.2020,2020-10-27,9,2020,True,0.0200619088454254,0.024462036307689245,0.01996142619726476,0.02078447850031966
66,28.10.2020,2020-10-28,9,2020,True,0.0188135850683552,0.02338676514019441,0.01996142619726476,0.020917058041848735
66,29.10.2020,2020-10-29,9,2020,True,0.0179770585464309,0.026282899879279776,0.01996142619726476,0.021836775191158654
66,30.10.2020,2020-10-30,9,2020,True,0.0179171795257202,0.026485736164383687,0.01996142619726476,0.022298069823053213
66,02.11.2020,2020-11-02,9,2020,True,0.0175327042446664,0.026958360709745926,0.01996142619726476,0.022229114815584185
66,03.11.2020,2020-11-03,9,2020,True,0.0174691564362754,0.02857658621403989,0.01996142619726476,0.022720238195809924
66,04.11.2020,2020-11-04,9,2020,True,0.0170330316743717,0.02849049418875771,0.01996142619726476,0.022826045273170385
66,05.11.2020,2020-11-05,9,2020,True,0.0170115004704579,0.026258288259476025,0.01996142619726476,0.023185691002456734
66,06.11.2020,2020-11-06,9,2020,True,0.0162375405310011,0.026775687182237416,0.01996142619726476,0.023179817939022063
66,09.11.2020,2020-11-09,9,2020,True,0.0140880757760186,0.026537084445525286,0.01996142619726476,0.023479134796560434
66,10.11.2020,2020-11-10,9,2020,True,0.0138679374351693,0.02331254949608077,0.01996142619726476,0.025191668837131476
66,11.11.2020,2020-11-11,9,2020,True,0.0139491206958006,0.022365351468892503,0.01996142619726476,0.025376155688376124
66,12.11.2020,2020-11-12,9,2020,True,0.0141312409268854,0.022322198472751,0.01996142619726476,0.025327193473316377
66,13.11.2020,2020-11-13,9,2020,True,0.0143349929048212,0.02286888555049981,0.01996142619726476,0.02530344298903906
66,16.11.2020,2020-11-16,9,2020,True,0.0141738397297982,0.02208080080498922,0.01996142619726476,0.025250757245118473
66,17.11.2020,2020-11-17,9,2020,True,0.0143345299675883,0.02223314654926335,0.01996142619726476,0.025406716029938083
66,18.11.2020,2020-11-18,9,2020,True,0.0143488218560663,0.021837547423674244,0.01996142619726476,0.025404087266722542
66,19.11.2020,2020-11-19,9,2020,True,0.0144648220774554,0.02223696404838818,0.01996142619726476,0.025410181909774437
66,20.11.2020,2020-11-20,9,2020,True,0.0153646201838776,0.022237518501756898,0.01996142619726476,0.025410815483715956
66,23.11.2020,2020-11-23,9,2020,True,0.0153933916500757,0.020452781102434186,0.01996142619726476,0.025500697515226066
66,24.11.2020,2020-11-24,9,2020,True,0.0149624237512532,0.020707797609496686,0.01996142619726476,0.025641249973526875
66,25.11.2020,2020-11-25,9,2020,True,0.015563197748196,0.020720368115576437,0.01996142619726476,0.026010478073593916
66,27.11.2020,2020-11-27,9,2020,True,0.0160088308208904,0.02239619268744907,0.01996142619726476,0.025993352426582288
66,30.11.2020,2020-11-30,9,2020,True,0.0160839359071546,0.02253548098486774,0.01996142619726476,0.025954311458837892
66,01.12.2020,2020-12-01,9,2020,True,0.0161677554786164,0.021401901753179083,0.01996142619726476,0.025995496455353723
66,02.12.2020,2020-12-02,9,2020,True,0.0160981594403125,0.021487922134651588,0.01996142619726476,0.025952220477137345
66,03.12.2020,2020-12-03,9,2020,True,0.0162773106167343,0.022109988349080505,0.01996142619726476,0.026031360540933753
66,04.12.2020,2020-12-04,9,2020,True,0.0163208714063688,0.019207788506381534,0.01996142619726476,0.026047508941653225
66,07.12.2020,2020-12-07,9,2020,True,0.0162688887950943,0.018872991969664007,0.01996142619726476,0.026067542673000082
66,08.12.2020,2020-12-08,9,2020,True,0.0163322256911529,0.019405841899009138,0.01996142619726476,0.0258878432430831
66,09.12.2020,2020-12-09,9,2020,True,0.0163766701464354,0.020393088211170085,0.01996142619726476,0.025860374517902504
66,10.12.2020,2020-12-10,9,2020,True,0.0186757849621394,0.020785177787353736,0.01996142619726476,0.025508109947617406
66,11.12.2020,2020-12-11,9,2020,True,0.0187440827835339,0.019682981352271377,0.01996142619726476,0.024066009914618134
66,14.12.2020,2020-12-14,9,2020,True,0.0187438696176152,0.019579558080256486,0.01996142619726476,0.02393955623134899
66,15.12.2020,2020-12-15,9,2020,True,0.0203594297948577,0.018502414800916075,0.01996142619726476,0.02379621519511211
66,16.12.2020,2020-12-16,9,2020,True,0.0214574005176649,0.018892727132525065,0.01996142619726476,0.02377880195848226
66,17.12.2020,2020-12-17,9,2020,True,0.0220747614048219,0.01887210754545592,0.01996142619726476,0.023752849692621245
66,18.12.2020,2020-12-18,9,2020,True,0.0225370247013168,0.018824921365864944,0.01996142619726476,0.023639358466593294
66,21.12.2020,2020-12-21,9,2020,True,0.0222383610853404,0.018483241182163303,0.01996142619726476,0.023220943276629043
66,22.12.2020,2020-12-22,9,2020,True,0.0221945919770243,0.01907702131153224,0.01996142619726476,0.023333097652948886
66,23.12.2020,2020-12-23,9,2020,True,0.0221322605361087,0.019332671680068414,0.01996142619726476,0.023438101980169157
66,24.12.2020,2020-12-24,9,2020,True,0.0222332684815111,0.017519354984136374,0.01996142619726476,0.022944724323856587
66,28.12.2020,2020-12-28,9,2020,True,0.0229069458568117,0.01734403532097133,0.01996142619726476,0.022941124515988863
66,29.12.2020,2020-12-29,9,2020,True,0.0229198896364863,0.018333379350862905,0.01996142619726476,0.022984079538512166
66,30.12.2020,2020-12-30,9,2020,True,0.0229230754185998,0.01876257010991627,0.01996142619726476,0.022984471494727318
66,31.12.2020,2020-12-31,9,2020,True,0.0229136191902946,0.018830154858793045,0.01996142619726476,0.022981499676532503
66,04.01.2021,2021-01-04,10,2021,True,0.0228344116329679,0.019291905254318557,0.021485446233184796,0.022965651795766845
66,05.01.2021,2021-01-05,10,2021,True,0.022139929509762,0.021674021909438953,0.021485446233184796,0.022607612519526053
66,06.01.2021,2021-01-06,10,2021,True,0.0221062211759896,0.02126806156700009,0.021485446233184796,0.023254027224989655
66,07.01.2021,2021-01-07,10,2021,True,0.0227098224152937,0.020246874572493117,0.021485446233184796,0.0232723922661007
66,08.01.2021,2021-01-08,10,2021,True,0.0224766387000361,0.019422151191122568,0.021485446233184796,0.022565183797432945
66,11.01.2021,2021-01-11,10,2021,True,0.0224605879428562,0.018926362605100982,0.021485446233184796,0.02206034103483886
66,12.01.2021,2021-01-12,10,2021,True,0.022396736881737,0.017969160264106693,0.021485446233184796,0.021820574002928424
66,13.01.2021,2021-01-13,10,2021,True,0.0223815398571435,0.017897003275295045,0.021485446233184796,0.021732951270922517
66,14.01.2021,2021-01-14,10,2021,True,0.0225324737916103,0.017683741365648504,0.021485446233184796,0.021529532037859768
66,15.01.2021,2021-01-15,10,2021,True,0.0222995134824328,0.01797821981456059,0.021485446233184796,0.02144659304675987
66,19.01.2021,2021-01-19,10,2021,True,0.0222744530993828,0.019407935377726875,0.021485446233184796,0.021382171184579447
66,20.01.2021,2021-01-20,10,2021,True,0.0223050573584523,0.017933405436321565,0.021485446233184796,0.021357503744344603
66,21.01.2021,2021-01-21,10,2021,True,0.0223326071940947,0.01785360886513889,0.021485446233184796,0.02126247128807904
66,22.01.2021,2021-01-22,10,2021,True,0.0222879939869093,0.017993046198243892,0.021485446233184796,0.021245985413496753
66,25.01.2021,2021-01-25,10,2021,True,0.0223657824304878,0.018048074570037986,0.021485446233184796,0.021310962292430125
66,26.01.2021,2021-01-26,10,2021,True,0.0225332778579194,0.017731672703212867,0.021485446233184796,0.021272568271807946
66,27.01.2021,2021-01-27,10,2021,True,0.0225269864088958,0.017880843017336088,0.021485446233184796,0.021250321372406365
66,28.01.2021,2021-01-28,10,2021,True,0.0225948226941866,0.01948061007994899,0.021485446233184796,0.02073819475598888
66,29.01.2021,2021-01-29,10,2021,True,0.0225930909366658,0.02041684505596736,0.021485446233184796,0.020706293766987273
66,01.02.2021,2021-02-01,10,2021,True,0.0226674011377575,0.020213688067485417,0.021485446233184796,0.020549269971256872
66,02.02.2021,2021-02-02,10,2021,True,0.0225718067546452,0.02165929443058357,0.021485446233184796,0.02004728942470458
66,03.02.2021,2021-02-03,10,2021,True,0.0224986172370338,0.021561427839733967,0.021485446233184796,0.02006190884542546
66,04.02.2021,2021-02-04,10,2021,True,0.0224931107495055,0.019367525148714017,0.021485446233184796,0.018813585068355256
66,05.02.2021,2021-02-05,10,2021,True,0.0225069643629683,0.01777819799999017,0.021485446233184796,0.01797705854643095
66,08.02.2021,2021-02-08,10,2021,True,0.0228136612576402,0.020381038192702306,0.021485446233184796,0.017917179525720243
66,09.02.2021,2021-02-09,10,2021,True,0.0229715401566842,0.017293056780504835,0.021485446233184796,0.01753270424466642
66,10.02.2021,2021-02-10,10,2021,True,0.0229924580308948,0.017226018938852485,0.021485446233184796,0.0174691564362755
66,11.02.2021,2021-02-11,10,2021,True,0.0230287948297251,0.016795964205777024,0.021485446233184796,0.017033031674371785
66,12.02.2021,2021-02-12,10,2021,True,0.0232359065549335,0.017089744050638584,0.021485446233184796,0.017011500470457977
66,16.02.2021,2021-02-16,10,2021,True,0.0233657321956823,0.01633839645511006,0.021485446233184796,0.01623754053100116
66,17.02.2021,2021-02-17,10,2021,True,0.0234197232156115,0.01519551846208995,0.021485446233184796,0.01408807577601866
66,18.02.2021,2021-02-18,10,2021,True,0.0236812788326565,0.016008786456080577,0.021485446233184796,0.013867937435169368
66,19.02.2021,2021-02-19,10,2021,True,0.023585095959949,0.016102502301665392,0.021485446233184796,0.01394912069580063
66,22.02.2021,2021-02-22,10,2021,True,0.0231767173850866,0.01645102730853435,0.021485446233184796,0.014131240926885476
66,23.02.2021,2021-02-23,10,2021,True,0.0231957687922077,0.020978355037354034,0.021485446233184796,0.014334992904821285
66,24.02.2021,2021-02-24,10,2021,True,0.0229971558647866,0.021464024894434174,0.021485446233184796,0.014173839729798233
66,25.02.2021,2021-02-25,10,2021,True,0.0230165577108933,0.022293906589970953,0.021485446233184796,0.014334529967588373
66,26.02.2021,2021-02-26,10,2021,True,0.0230377292435338,0.0223915421374054,0.021485446233184796,0.014348821856066325
66,01.03.2021,2021-03-01,10,2021,True,0.0225247885378886,0.027258409250727277,0.021485446233184796,0.01446482207745545
66,02.03.2021,2021-03-02,10,2021,True,0.022432477331522,0.03116455071014119,0.021485446233184796,0.015364620183877624
66,03.03.2021,2021-03-03,10,2021,True,0.0223174592981137,0.02879483782084301,0.021485446233184796,0.01539339165007571
66,04.03.2021,2021-03-04,10,2021,True,0.0218027329123794,0.01973859409155114,0.021485446233184796,0.014962423751253225
66,05.03.2021,2021-03-05,10,2021,True,0.0212983404225377,0.019380088485649705,0.021485446233184796,0.015563197748196018
66,08.03.2021,2021-03-08,10,2021,True,0.0211972739375478,0.019806129656500783,0.021485446233184796,0.01600883082089046
66,09.03.2021,2021-03-09,10,2021,True,0.0211487954422779,0.020884113608731606,0.021485446233184796,0.01608393590715468
66,10.03.2021,2021-03-10,10,2021,True,0.0211419278205481,0.020849153272588683,0.021485446233184796,0.016167755478616454
66,11.03.2021,2021-03-11,10,2021,True,0.0210044163346863,0.01749534693058901,0.021485446233184796,0.016098159440312572
66,12.03.2021,2021-03-12,10,2021,True,0.0209939644590931,0.01785004706165648,0.021485446233184796,0.016277310616734396
66,15.03.2021,2021-03-15,10,2021,True,0.0211097756215201,0.01784312206278805,0.021485446233184796,0.016320871406368904
66,16.03.2021,2021-03-16,10,2021,True,0.0210943048687865,0.023571608719032945,0.021485446233184796,0.01626888879509437
66,17.03.2021,2021-03-17,10,2021,True,0.0211873246336012,0.023663376051773075,0.021485446233184796,0.01633222569115298
66,18.03.2021,2021-03-18,10,2021,True,0.0191037711690993,0.022194624745913202,0.021485446233184796,0.01637667014643543
66,19.03.2021,2021-03-19,10,2021,True,0.0189880089961009,0.03702119412063459,0.021485446233184796,0.018675784962139428
66,22.03.2021,2021-03-22,10,2021,True,0.0189903103864165,0.039481463673326056,0.021485446233184796,0.018744082783533976
66,23.03.2021,2021-03-23,10,2021,True,0.0172643668751119,0.024498218248881265,0.021485446233184796,0.018743869617615278
66,24.03.2021,2021-03-24,10,2021,True,0.0161070486082355,0.03113031172163316,0.021485446233184796,0.020359429794857775
66,25.03.2021,2021-03-25,10,2021,True,0.0152640797073052,0.03253318769886195,0.021485446233184796,0.021457400517664947
66,26.03.2021,2021-03-26,10,2021,True,0.0144864357378186,0.03325604659382028,0.021485446233184796,0.02207476140482194
66,29.03.2021,2021-03-29,10,2021,True,0.0145045542966933,0.027986720643424848,0.021485446233184796,0.02253702470131688
66,30.03.2021,2021-03-30,10,2021,True,0.0143787020350813,0.025288870351284645,0.021485446233184796,0.022238361085340445
66,31.03.2021,2021-03-31,10,2021,True,0.0146161601177288,0.021863727879762148,0.021485446233184796,0.02219459197702439
66,01.04.2021,2021-04-01,10,2021,True,0.0145901275457608,0.025761696101889178,0.021485446233184796,0.022132260536108776
66,05.04.2021,2021-04-05,10,2021,True,0.0135111571368268,0.021356900430953583,0.021485446233184796,0.022233268481511116
66,06.04.2021,2021-04-06,10,2021,True,0.013637478606303,0.0216635490319595,0.021485446233184796,0.022906945856811748
66,07.04.2021,2021-04-07,10,2021,True,0.0136638775960248,0.021675790218863806,0.021485446233184796,0.02291988963648637
66,08.04.2021,2021-04-08,10,2021,True,0.0137837274377514,0.022158521380846462,0.021485446233184796,0.02292307541859989
66,09.04.2021,2021-04-09,10,2021,True,0.0141209263720069,0.022149380546414053,0.021485446233184796,0.022913619190294682
66,12.04.2021,2021-04-12,10,2021,True,0.0143295462127292,0.02151904287422783,0.021485446233184796,0.02283441163296798
66,13.04.2021,2021-04-13,10,2021,True,0.014321502208805,0.020484906298818047,0.021485446233184796,0.022139929509762013
66,14.04.2021,2021-04-14,10,2021,True,0.0159460421289874,0.02025496856372635,0.021485446233184796,0.02210622117598964
66,15.04.2021,2021-04-15,10,2021,True,0.0159835028931597,0.01948868870581665,0.021485446233184796,0.022709822415293707
66,16.04.2021,2021-04-16,10,2021,True,0.0167241001051261,0.018861267605367358,0.021485446233184796,0.022476638700036106
66,19.04.2021,2021-04-19,10,2021,True,0.016904198221071,0.018865084624447758,0.021485446233184796,0.022460587942856297
66,20.04.2021,2021-04-20,10,2021,True,0.0168727579876639,0.01924670316136029,0.021485446233184796,0.02239673688173702
66,21.04.2021,2021-04-21,10,2021,True,0.0166809410258528,0.01923364355259538,0.021485446233184796,0.022381539857143563
66,22.04.2021,2021-04-22,10,2021,True,0.016683010224796,0.023118369661443244,0.021485446233184796,0.02253247379161032
66,23.04.2021,2021-04-23,10,2021,True,0.0166477239376571,0.022182158437119924,0.021485446233184796,0.022299513482432833
66,26.04.2021,2021-04-26,10,2021,True,0.0167185489036342,0.021435974191016737,0.021485446233184796,0.022274453099382873
66,27.04.2021,2021-04-27,10,2021,True,0.016678082218109,0.02265916303470453,0.021485446233184796,0.02230505735845234
66,28.04.2021,2021-04-28,10,2021,True,0.0176463720912383,0.021614689074032543,0.021485446233184796,0.022332607194094797
66,29.04.2021,2021-04-29,10,2021,True,0.017530545879682,0.020470903549065535,0.021485446233184796,0.022287993986909366
66,30.04.2021,2021-04-30,10,2021,True,0.0177270127951066,0.0200687646947149,0.021485446233184796,0.022365782430487865
66,03.05.2021,2021-05-03,10,2021,True,0.0177839801839508,0.020973690761810854,0.021485446233184796,0.022533277857919455
66,04.05.2021,2021-05-04,10,2021,True,0.0176659824159993,0.029647232443041543,0.021485446233184796,0.022526986408895854
66,05.05.2021,2021-05-05,10,2021,True,0.0179139398539619,0.02408242016339123,0.021485446233184796,0.02259482269418661
66,06.05.2021,2021-05-06,10,2021,True,0.018058036020802,0.026300373219078122,0.021485446233184796,0.022593090936665852
66,07.05.2021,2021-05-07,10,2021,True,0.0181055025512506,0.02603140173995836,0.021485446233184796,0.022667401137757583
66,10.05.2021,2021-05-10,10,2021,True,0.0181081308969641,0.025911096885168596,0.021485446233184796,0.022571806754645207
66,11.05.2021,2021-05-11,10,2021,True,0.0181532976885845,0.02304111163061112,0.021485446233184796,0.02249861723703383
66,12.05.2021,2021-05-12,10,2021,True,0.0182065495719483,0.022899343675357044,0.021485446233184796,0.022493110749505597
66,13.05.2021,2021-05-13,10,2021,True,0.0177473090469004,0.021502194342625767,0.021485446233184796,0.022506964362968337
66,14.05.2021,2021-05-14,10,2021,True,0.0175511218953277,0.023038313844599565,0.021485446233184796,0.022813661257640276
66,17.05.2021,2021-05-17,10,2021,True,0.0177913818570664,0.021482503209583132,0.021485446233184796,0.02297154015668428
66,18.05.2021,2021-05-18,10,2021,True,0.0178957532094144,0.021619435241396995,0.021485446233184796,0.02299245803089489
66,19.05.2021,2021-05-19,10,2021,True,0.0187167020644956,0.022106954858200932,0.021485446233184796,0.023028794829725117
66,20.05.2021,2021-05-20,10,2021,True,0.0188919130792014,0.023466248885543734,0.021485446233184796,0.023235906554933558
66,21.05.2021,2021-05-21,10,2021,True,0.0188432415595173,0.02414679802474339,0.021485446233184796,0.02336573219568237
66,24.05.2021,2021-05-24,10,2021,True,0.018621253269325,0.02427567606746427,0.021485446233184796,0.023419723215611574
66,25.05.2021,2021-05-25,10,2021,True,0.0188176555331459,0.019451350434675302,0.021485446233184796,0.023681278832656572
66,26.05.2021,2021-05-26,10,2021,True,0.0188471674572413,0.019449817452895597,0.021485446233184796,0.023585095959949044
66,27.05.2021,2021-05-27,10,2021,True,0.0188409110382269,0.018738454560047118,0.021485446233184796,0.02317671738508667
66,28.05.2021,2021-05-28,10,2021,True,0.0190013601347977,0.018879741191937333,0.021485446233184796,0.023195768792207767
66,01.06.2021,2021-06-01,10,2021,True,0.0191251883952314,0.01939197145141854,0.021485446233184796,0.02299715586478668
66,02.06.2021,2021-06-02,10,2021,True,0.019048633833735,0.020995546950941683,0.021485446233184796,0.023016557710893358
66,03.06.2021,2021-06-03,10,2021,True,0.0191157514631366,0.020781532867502832,0.021485446233184796,0.023037729243533884
66,04.06.2021,2021-06-04,10,2021,True,0.0191529167421562,0.0205469584656201,0.021485446233184796,0.02252478853788863
66,07.06.2021,2021-06-07,10,2021,True,0.0192431794815618,0.02023555620593043,0.021485446233184796,0.02243247733152202
66,08.06.2021,2021-06-08,10,2021,True,0.0193667490132531,0.020476085760746818,0.021485446233184796,0.0223174592981137
66,09.06.2021,2021-06-09,10,2021,True,0.0193912009148631,0.019877910494963055,0.021485446233184796,0.021802732912379427
66,10.06.2021,2021-06-10,10,2021,True,0.0193855478957802,0.019763994827497675,0.021485446233184796,0.02129834042253779
66,11.06.2021,2021-06-11,10,2021,True,0.0196220003363945,0.019891056286540438,0.021485446233184796,0.02119727393754786
66,14.06.2021,2021-06-14,10,2021,True,0.0196226908209368,0.019759960064435315,0.021485446233184796,0.021148795442277914
66,15.06.2021,2021-06-15,10,2021,True,0.0195437338876551,0.02121768846525649,0.021485446233184796,0.021141927820548134
66,16.06.2021,2021-06-16,10,2021,True,0.0196760575205552,0.02091948581967648,0.021485446233184796,0.021004416334686388
66,17.06.2021,2021-06-17,10,2021,True,0.0195645578167202,0.021293709914270625,0.021485446233184796,0.02099396445909313
66,18.06.2021,2021-06-18,10,2021,True,0.0197764325630532,0.02315268034985006,0.021485446233184796,0.02110977562152013
66,21.06.2021,2021-06-21,10,2021,True,0.0197160371229411,0.021469634572606904,0.021485446233184796,0.021094304868786516
66,22.06.2021,2021-06-22,10,2021,True,0.0197558244525648,0.02137881759545451,0.021485446233184796,0.021187324633601273
66,23.06.2021,2021-06-23,10,2021,True,0.0198677982896886,0.020164197298315388,0.021485446233184796,0.01910377116909936
66,24.06.2021,2021-06-24,10,2021,True,0.0198766270584111,0.021214863960628324,0.021485446233184796,0.01898800899610094
66,25.06.2021,2021-06-25,10,2021,True,0.0198696831596524,0.020122212035887713,0.021485446233184796,0.01899031038641658
66,28.06.2021,2021-06-28,10,2021,True,0.019708001094024,0.01820062128705871,0.021485446233184796,0.017264366875111917
66,29.06.2021,2021-06-29,10,2021,True,0.0197382349702604,0.01667371525893132,0.021485446233184796,0.016107048608235554
66,30.06.2021,2021-06-30,10,2021,True,0.0199487829329441,0.016481303653843676,0.021485446233184796,0.015264079707305273
66,01.07.2021,2021-07-01,10,2021,True,0.0200055510441384,0.015641646980041352,0.021485446233184796,0.014486435737818642
66,02.07.2021,2021-07-02,10,2021,True,0.0201429036735862,0.015661210391417008,0.021485446233184796,0.014504554296693395
66,06.07.2021,2021-07-06,10,2021,True,0.0199752468543047,0.015525322124392369,0.021485446233184796,0.014378702035081313
66,07.07.2021,2021-07-07,10,2021,True,0.0198761176395219,0.016946597870169142,0.021485446233184796,0.014616160117728871
66,08.07.2021,2021-07-08,10,2021,True,0.0199232934867915,0.023323981827172543,0.021485446233184796,0.014590127545760815
66,09.07.2021,2021-07-09,10,2021,True,0.0198130700977662,0.018582569947518394,0.021485446233184796,0.013511157136826832
66,12.07.2021,2021-07-12,10,2021,True,0.0198031851352268,0.016655839622477728,0.021485446233184796,0.013637478606303086
66,13.07.2021,2021-07-13,10,2021,True,0.0197297903401472,0.01985835507116762,0.021485446233184796,0.01366387759602483
66,14.07.2021,2021-07-14,10,2021,True,0.0195220591652273,0.01738531638402722,0.021485446233184796,0.013783727437751405
66,15.07.2021,2021-07-15,10,2021,True,0.0194001704805205,0.018159449219148388,0.021485446233184796,0.014120926372006922
66,16.07.2021,2021-07-16,10,2021,True,0.01941791525788,0.01842773341693399,0.021485446233184796,0.014329546212729223
66,19.07.2021,2021-07-19,10,2021,True,0.0172113674398076,0.01799874576506913,0.021485446233184796,0.014321502208805048
66,20.07.2021,2021-07-20,10,2021,True,0.0173219894084169,0.021955332960157826,0.021485446233184796,0.015946042128987415
66,21.07.2021,2021-07-21,10,2021,True,0.0167015404984274,0.022222739209750857,0.021485446233184796,0.015983502893159716
66,22.07.2021,2021-07-22,10,2021,True,0.0165396819550881,0.022366617418538553,0.021485446233184796,0.01672410010512613
66,23.07.2021,2021-07-23,10,2021,True,0.0165408116993964,0.01830807395989233,0.021485446233184796,0.01690419822107101
66,26.07.2021,2021-07-26,10,2021,True,0.0167889724618404,0.01677091128071264,0.021485446233184796,0.016872757987663942
66,27.07.2021,2021-07-27,10,2021,True,0.0167981765224608,0.017051732979574727,0.021485446233184796,0.016680941025852884
66,28.07.2021,2021-07-28,10,2021,True,0.0167975697243086,0.016665801399747222,0.021485446233184796,0.016683010224796044
66,29.07.2021,2021-07-29,10,2021,True,0.0166873474882949,0.016948675030407027,0.021485446233184796,0.016647723937657198
66,30.07.2021,2021-07-30,10,2021,True,0.0166863980903164,0.016899234858157745,0.021485446233184796,0.016718548903634244
66,02.08.2021,2021-08-02,10,2021,True,0.0161720096123174,0.016743513298664713,0.021485446233184796,0.016678082218109038
66,03.08.2021,2021-08-03,10,2021,True,0.016320152194125,0.020517019218166007,0.021485446233184796,0.017646372091238344
66,04.08.2021,2021-08-04,10,2021,True,0.0161746243621717,0.02092438953516695,0.021485446233184796,0.017530545879682086
66,05.08.2021,2021-08-05,10,2021,True,0.0161393369382355,0.026389589571132306,0.021485446233184796,0.01772701279510668
66,06.08.2021,2021-08-06,10,2021,True,0.0161695775619425,0.022900966541031045,0.021485446233184796,0.01778398018395084
66,09.08.2021,2021-08-09,10,2021,True,0.0162166020293804,0.022749017263770148,0.021485446233184796,0.01766598241599935
66,10.08.2021,2021-08-10,10,2021,True,0.016021978928351,0.02194716925496923,0.021485446233184796,0.01791393985396193
66,11.08.2021,2021-08-11,10,2021,True,0.0160374530465766,0.01895301723028092,0.021485446233184796,0.01805803602080201
66,12.08.2021,2021-08-12,10,2021,True,0.0160361528556325,0.01865146648207819,0.021485446233184796,0.018105502551250617
66,13.08.2021,2021-08-13,10,2021,True,0.0159651342757495,0.018456421636941712,0.021485446233184796,0.018108130896964163
66,16.08.2021,2021-08-16,10,2021,True,0.0162093238865198,0.018502457164013875,0.021485446233184796,0.018153297688584535
66,17.08.2021,2021-08-17,10,2021,True,0.0162120692615251,0.021582495470360157,0.021485446233184796,0.01820654957194835
66,18.08.2021,2021-08-18,10,2021,True,0.0165911714301203,0.022920477776070158,0.021485446233184796,0.017747309046900445
66,19.08.2021,2021-08-19,10,2021,True,0.0162273901243379,0.0236314272080673,0.021485446233184796,0.017551121895327697
66,20.08.2021,2021-08-20,10,2021,True,0.0163886464884588,0.023925300927360733,0.021485446233184796,0.01779138185706645
66,23.08.2021,2021-08-23,10,2021,True,0.0151673818184938,0.024065656299033483,0.021485446233184796,0.017895753209414406
66,24.08.2021,2021-08-24,10,2021,True,0.0213088449613606,0.02063054694948105,0.021485446233184796,0.01871670206449561
66,25.08.2021,2021-08-25,10,2021,True,0.0212440179435853,0.019748610951749658,0.021485446233184796,0.018891913079201402
66,26.08.2021,2021-08-26,10,2021,True,0.0217171595344479,0.020769985094495787,0.021485446233184796,0.01884324155951737
66,27.08.2021,2021-08-27,10,2021,True,0.0217301806122741,0.020208913048012984,0.021485446233184796,0.018621253269325018
66,30.08.2021,2021-08-30,10,2021,True,0.021744999113219,0.019120032980940695,0.021485446233184796,0.01881765553314597
66,31.08.2021,2021-08-31,10,2021,True,0.0217410499167651,0.018985257663179787,0.021485446233184796,0.018847167457241333
66,01.09.2021,2021-09-01,10,2021,True,0.0223179142473516,0.01808080118692875,0.021485446233184796,0.018840911038226903
66,02.09.2021,2021-09-02,10,2021,True,0.0225251347782377,0.019432169118290238,0.021485446233184796,0.019001360134797706
66,03.09.2021,2021-09-03,10,2021,True,0.022518166013069,0.017347282382529614,0.021485446233184796,0.019125188395231408
66,07.09.2021,2021-09-07,10,2021,True,0.0225836407329828,0.019644959550998698,0.021485446233184796,0.01904863383373508
66,08.09.2021,2021-09-08,10,2021,True,0.022562952467149,0.01727834885285025,0.021485446233184796,0.01911575146313659
66,09.09.2021,2021-09-09,10,2021,True,0.022508950941654,0.016873173625787333,0.021485446233184796,0.01915291674215619
66,10.09.2021,2021-09-10,10,2021,True,0.022404484870655,0.01741215322090735,0.021485446233184796,0.01924317948156187
66,13.09.2021,2021-09-13,10,2021,True,0.0223846804519867,0.01740386648310862,0.021485446233184796,0.01936674901325313
66,14.09.2021,2021-09-14,10,2021,True,0.0224628348655505,0.017474062628565445,0.021485446233184796,0.019391200914863137
66,15.09.2021,2021-09-15,10,2021,True,0.0223874723322876,0.017487675541335887,0.021485446233184796,0.019385547895780255
66,16.09.2021,2021-09-16,10,2021,True,0.0226318209896635,0.017682043741451853,0.021485446233184796,0.019622000336394583
66,17.09.2021,2021-09-17,10,2021,True,0.0230252938982971,0.017436362664664123,0.021485446233184796,0.019622690820936834
66,20.09.2021,2021-09-20,10,2021,True,0.0230072308439669,0.017366202983907134,0.021485446233184796,0.019543733887655096
66,21.09.2021,2021-09-21,10,2021,True,0.0231319483223709,0.019115573291611027,0.021485446233184796,0.019676057520555273
66,22.09.2021,2021-09-22,10,2021,True,0.0231045463504834,0.017986651122305856,0.021485446233184796,0.019564557816720195
66,23.09.2021,2021-09-23,10,2021,True,0.0230496564409748,0.017899903488903354,0.021485446233184796,0.0197764325630532
66,24.09.2021,2021-09-24,10,2021,True,0.0230163914511791,0.017892511082609905,0.021485446233184796,0.01971603712294113
66,27.09.2021,2021-09-27,10,2021,True,0.0229060002837283,0.0180868514698245,0.021485446233184796,0.019755824452564793
66,28.09.2021,2021-09-28,10,2021,True,0.0230230687045199,0.02066645526129421,0.021485446233184796,0.01986779828968868
66,29.09.2021,2021-09-29,10,2021,True,0.0230917251012327,0.020511261095601065,0.021485446233184796,0.019876627058411145
66,30.09.2021,2021-09-30,10,2021,True,0.0231440738879662,0.020382593175363582,0.021485446233184796,0.019869683159652478
66,01.10.2021,2021-10-01,10,2021,True,0.0231460821180984,0.02071360954828458,0.021485446233184796,0.019708001094024073
66,04.10.2021,2021-10-04,10,2021,True,0.0230159359595003,0.02016640926995034,0.021485446233184796,0.01973823497026042
66,05.10.2021,2021-10-05,10,2021,True,0.0229343871908978,0.020247992988846455,0.021485446233184796,0.019948782932944092
66,06.10.2021,2021-10-06,10,2021,True,0.0228642795733689,0.0205122476739718,0.021485446233184796,0.020005551044138474
66,07.10.2021,2021-10-07,10,2021,True,0.0232244053317678,0.02547312496930201,0.021485446233184796,0.020142903673586204
66,08.10.2021,2021-10-08,10,2021,True,0.0232556081757827,0.029441827491677917,0.021485446233184796,0.019975246854304747
66,11.10.2021,2021-10-11,10,2021,True,0.0231844122384461,0.021346040507342536,0.021485446233184796,0.019876117639521903
66,12.10.2021,2021-10-12,10,2021,True,0.0232926243445241,0.021525824347774777,0.021485446233184796,0.019923293486791553
66,13.10.2021,2021-10-13,10,2021,True,0.0233739080972071,0.021376894866310853,0.021485446233184796,0.01981307009776625
66,14.10.2021,2021-10-14,10,2021,True,0.0233786265759731,0.021391232118056613,0.021485446233184796,0.01980318513522687
66,15.10.2021,2021-10-15,10,2021,True,0.0233496125469702,0.02149185655015171,0.021485446233184796,0.0197297903401472
66,18.10.2021,2021-10-18,10,2021,True,0.0233465752567997,0.01919647888297982,0.021485446233184796,0.01952205916522737
66,19.10.2021,2021-10-19,10,2021,True,0.0234421593051946,0.02036739592478459,0.021485446233184796,0.019400170480520573
66,20.10.2021,2021-10-20,10,2021,True,0.0235750425111355,0.020386025395409135,0.021485446233184796,0.01941791525788007
66,21.10.2021,2021-10-21,10,2021,True,0.0236217004605079,0.017996678673680315,0.021485446233184796,0.01721136743980768
66,22.10.2021,2021-10-22,10,2021,True,0.0236083616271139,0.018696714254148962,0.021485446233184796,0.017321989408416925
66,25.10.2021,2021-10-25,10,2021,True,0.0236172429728493,0.01802702466446849,0.021485446233184796,0.016701540498427408
66,26.10.2021,2021-10-26,10,2021,True,0.0236609781880431,0.01765116739706495,0.021485446233184796,0.01653968195508815
66,27.10.2021,2021-10-27,10,2021,True,0.0236823675137349,0.017250707735643224,0.021485446233184796,0.0165408116993964
66,28.10.2021,2021-10-28,10,2021,True,0.0236795906982925,0.0185246038360431,0.021485446233184796,0.01678897246184041
66,29.10.2021,2021-10-29,10,2021,True,0.0237747307837208,0.018078365924338133,0.021485446233184796,0.016798176522460833
66,01.11.2021,2021-11-01,10,2021,True,0.0239303616390318,0.018416695629681856,0.021485446233184796,0.016797569724308646
66,02.11.2021,2021-11-02,10,2021,True,0.0239486210804729,0.017717268920373435,0.021485446233184796,0.016687347488294965
66,03.11.2021,2021-11-03,10,2021,True,0.0237311502717783,0.01703496298019616,0.021485446233184796,0.01668639809031643
66,04.11.2021,2021-11-04,10,2021,True,0.0236211247022,0.020727221557419392,0.021485446233184796,0.016172009612317444
66,05.11.2021,2021-11-05,10,2021,True,0.0234165011856659,0.02012634750948338,0.021485446233184796,0.016320152194125043
66,08.11.2021,2021-11-08,10,2021,True,0.0237142277274104,0.017450699701474795,0.021485446233184796,0.01617462436217176
66,09.11.2021,2021-11-09,10,2021,True,0.0237721082024428,0.01650757305003072,0.021485446233184796,0.01613933693823558
66,10.11.2021,2021-11-10,10,2021,True,0.0239381997235608,0.016188147712107092,0.021485446233184796,0.016169577561942518
66,11.11.2021,2021-11-11,10,2021,True,0.0240038863669706,0.016129099040295965,0.021485446233184796,0.016216602029380432
66,12.11.2021,2021-11-12,10,2021,True,0.0241175687183064,0.015983643946066616,0.021485446233184796,0.016021978928351034
66,15.11.2021,2021-11-15,10,2021,True,0.024119486946003,0.01599908104014865,0.021485446233184796,0.016037453046576635
66,16.11.2021,2021-11-16,10,2021,True,0.0244513404074656,0.01758395574520087,0.021485446233184796,0.016036152855632573
66,17.11.2021,2021-11-17,10,2021,True,0.0241862392762439,0.019140917066613854,0.021485446233184796,0.01596513427574956
66,18.11.2021,2021-11-18,10,2021,True,0.0242869737821513,0.018045947938362346,0.021485446233184796,0.016209323886519803
66,19.11.2021,2021-11-19,10,2021,True,0.0240206038004075,0.020238632747611774,0.021485446233184796,0.01621206926152514
66,22.11.2021,2021-11-22,10,2021,True,0.0242441462059936,0.02042093648226851,0.021485446233184796,0.01659117143012033
66,23.11.2021,2021-11-23,10,2021,True,0.0243735648804847,0.02001295539871585,0.021485446233184796,0.016227390124337937
66,24.11.2021,2021-11-24,10,2021,True,0.0258189392006165,0.019434674156895797,0.021485446233184796,0.01638864648845881
66,26.11.2021,2021-11-26,10,2021,True,0.0205796185369011,0.018040732398001164,0.021485446233184796,0.015167381818493869
66,29.11.2021,2021-11-29,10,2021,True,0.0218888553257592,0.03070649742195733,0.021485446233184796,0.021308844961360596
66,30.11.2021,2021-11-30,10,2021,True,0.021503496348484,0.03296195442528796,0.021485446233184796,0.02124401794358534
66,01.12.2021,2021-12-01,10,2021,True,0.0214088474993322,0.03340141826111795,0.021485446233184796,0.02171715953444795
66,02.12.2021,2021-12-02,10,2021,True,0.0283049901398986,0.033793071960473375,0.021485446233184796,0.021730180612274122
66,03.12.2021,2021-12-03,10,2021,True,0.0284486072764631,0.03287516134364227,0.021485446233184796,0.021744999113219057
66,06.12.2021,2021-12-06,10,2021,True,0.0282032774109274,0.033524987856814736,0.021485446233184796,0.021741049916765183
66,07.12.2021,2021-12-07,10,2021,True,0.0289441797239234,0.03042816141762947,0.021485446233184796,0.022317914247351637
66,08.12.2021,2021-12-08,10,2021,True,0.030303564454015,0.023043196809868563,0.021485446233184796,0.022525134778237695
66,09.12.2021,2021-12-09,10,2021,True,0.0303089563050105,0.02196062275656789,0.021485446233184796,0.02251816601306902
66,10.12.2021,2021-12-10,10,2021,True,0.0318684712854048,0.022428643867242998,0.021485446233184796,0.022583640732982822
66,13.12.2021,2021-12-13,10,2021,True,0.0318197929859867,0.022190809082042722,0.021485446233184796,0.022562952467149025
66,14.12.2021,2021-12-14,10,2021,True,0.032696466669272,0.02522478854681221,0.021485446233184796,0.022508950941654005
66,15.12.2021,2021-12-15,10,2021,True,0.0327070836182039,0.03063493491065785,0.021485446233184796,0.022404484870654988
66,16.12.2021,2021-12-16,10,2021,True,0.0331556829453917,0.032529038322715934,0.021485446233184796,0.02238468045198677
66,17.12.2021,2021-12-17,10,2021,True,0.0331708520899175,0.026564974758653045,0.021485446233184796,0.02246283486555049
66,20.12.2021,2021-12-20,10,2021,True,0.0328905564861961,0.025256778885121775,0.021485446233184796,0.022387472332287616
66,21.12.2021,2021-12-21,10,2021,True,0.0340977098833579,0.029734141851573328,0.021485446233184796,0.02263182098966356
66,22.12.2021,2021-12-22,10,2021,True,0.0342233619147825,0.025950716100054817,0.021485446233184796,0.02302529389829718
66,23.12.2021,2021-12-23,10,2021,True,0.0342933523593773,0.022213870773967213,0.021485446233184796,0.02300723084396692
66,27.12.2021,2021-12-27,10,2021,True,0.0349105595139615,0.021392983719065853,0.021485446233184796,0.023131948322370942
66,28.12.2021,2021-12-28,10,2021,True,0.035222028344407,0.025364262253675544,0.021485446233184796,0.023104546350483465
66,29.12.2021,2021-12-29,10,2021,True,0.0353603761804563,0.024049471361343118,0.021485446233184796,0.023049656440974797
66,30.12.2021,2021-12-30,10,2021,True,0.0353938315240907,0.0217910988901812,0.021485446233184796,0.023016391451179095
66,31.12.2021,2021-12-31,10,2021,True,0.0359931993110115,0.021939415560799935,0.021485446233184796,0.022906000283728287
66,03.01.2022,2022-01-03,11,2022,True,0.0359810459985461,0.024684114313024797,0.021324559434644123,0.02302306870451995
66,04.01.2022,2022-01-04,11,2022,True,0.0360318556638508,0.021331871190903552,0.021324559434644123,0.023091725101232766
66,05.01.2022,2022-01-05,11,2022,True,0.0364743539932904,0.022117877732612416,0.021324559434644123,0.023144073887966254
66,06.01.2022,2022-01-06,11,2022,True,0.0371346226301971,0.025282243328974663,0.021324559434644123,0.023146082118098394
66,07.01.2022,2022-01-07,11,2022,True,0.0373745725322682,0.02360654495669104,0.021324559434644123,0.023015935959500317
66,10.01.2022,2022-01-10,11,2022,True,0.0374240307086512,0.024020624085748704,0.021324559434644123,0.022934387190897826
66,11.01.2022,2022-01-11,11,2022,True,0.0372538303212978,0.02213823867702998,0.021324559434644123,0.022864279573368937
66,12.01.2022,2022-01-12,11,2022,True,0.0379248297439793,0.021985694042178514,0.021324559434644123,0.02322440533176787
66,13.01.2022,2022-01-13,11,2022,True,0.0379299435722466,0.02199619674023252,0.021324559434644123,0.023255608175782698
66,14.01.2022,2022-01-14,11,2022,True,0.0379067601181301,0.02315486309948923,0.021324559434644123,0.023184412238446177
66,18.01.2022,2022-01-18,11,2022,True,0.0379422137632329,0.02502521675651894,0.021324559434644123,0.02329262434452415
66,19.01.2022,2022-01-19,11,2022,True,0.038320847170036,0.026266478710469252,0.021324559434644123,0.023373908097207133
66,20.01.2022,2022-01-20,11,2022,True,0.0384282355144986,0.025943698633027253,0.021324559434644123,0.023378626575973182
66,21.01.2022,2022-01-21,11,2022,True,0.0384147014965996,0.024248362732560168,0.021324559434644123,0.023349612546970253
66,24.01.2022,2022-01-24,11,2022,True,0.0383877703843282,0.02590813068540956,0.021324559434644123,0.0233465752567997
66,25.01.2022,2022-01-25,11,2022,True,0.0383497492973685,0.03298932629855967,0.021324559434644123,0.02344215930519468
66,26.01.2022,2022-01-26,11,2022,True,0.0383673201375149,0.03317632816060276,0.021324559434644123,0.02357504251113555
66,27.01.2022,2022-01-27,11,2022,True,0.0384966781563014,0.03324198825173297,0.021324559434644123,0.023621700460507957
66,28.01.2022,2022-01-28,11,2022,True,0.0389002440355693,0.033223216980641915,0.021324559434644123,0.023608361627113935
66,31.01.2022,2022-01-31,11,2022,True,0.0388833719536807,0.03323571538612675,0.021324559434644123,0.023617242972849364
66,01.02.2022,2022-02-01,11,2022,True,0.0387700392762436,0.03878558249645821,0.021324559434644123,0.023660978188043164
66,02.02.2022,2022-02-02,11,2022,True,0.0395286178535673,0.03552729195522557,0.021324559434644123,0.023682367513734908
66,03.02.2022,2022-02-03,11,2022,True,0.0397245608079109,0.03552312629345758,0.021324559434644123,0.023679590698292525
66,04.02.2022,2022-02-04,11,2022,True,0.040046379479457,0.03622213642624695,0.021324559434644123,0.023774730783720888
66,07.02.2022,2022-02-07,11,2022,True,0.0400341721580864,0.0403066970161752,0.021324559434644123,0.02393036163903184
66,08.02.2022,2022-02-08,11,2022,True,0.0401600986029737,0.036855195741908924,0.021324559434644123,0.02394862108047293
66,09.02.2022,2022-02-09,11,2022,True,0.0402360370845978,0.03293384371046911,0.021324559434644123,0.023731150271778332
66,10.02.2022,2022-02-10,11,2022,True,0.0403384432364956,0.03137672273229426,0.021324559434644123,0.02362112470220009
66,11.02.2022,2022-02-11,11,2022,True,0.0403180817963653,0.03603630170974832,0.021324559434644123,0.023416501185665958
66,14.02.2022,2022-02-14,11,2022,True,0.0403605408229598,0.03946940328037907,0.021324559434644123,0.023714227727410407
66,15.02.2022,2022-02-15,11,2022,True,0.0401095754308938,0.044721157266803306,0.021324559434644123,0.02377210820244288
66,16.02.2022,2022-02-16,11,2022,True,0.0400793117976522,0.046379226087350255,0.021324559434644123,0.023938199723560868
66,17.02.2022,2022-02-17,11,2022,True,0.0399827962040176,0.0465064911165004,0.021324559434644123,0.02400388636697064
66,18.02.2022,2022-02-18,11,2022,True,0.0399811906732071,0.04672674575284039,0.021324559434644123,0.02411756871830649
66,22.02.2022,2022-02-22,11,2022,True,0.0399193893825768,0.04673046223599503,0.021324559434644123,0.024119486946003032
66,23.02.2022,2022-02-23,11,2022,True,0.039955874943997,0.04343917587605374,0.021324559434644123,0.0244513404074656
66,24.02.2022,2022-02-24,11,2022,True,0.0400012116244846,0.040413628799119534,0.021324559434644123,0.024186239276243995
66,25.02.2022,2022-02-25,11,2022,True,0.0405965641234071,0.050271636854890035,0.021324559434644123,0.02428697378215135
66,28.02.2022,2022-02-28,11,2022,True,0.0404592199530943,0.049296866099973545,0.021324559434644123,0.024020603800407516
66,01.03.2022,2022-03-01,11,2022,True,0.0402518095563431,0.05298209377364053,0.021324559434644123,0.024244146205993636
66,02.03.2022,2022-03-02,11,2022,True,0.0392599386206486,0.05534447212377501,0.021324559434644123,0.02437356488048475
66,03.03.2022,2022-03-03,11,2022,True,0.0391660336377213,0.053394048431703756,0.021324559434644123,0.02581893920061656
66,04.03.2022,2022-03-04,11,2022,True,0.0384142860758949,0.04095172624078403,0.021324559434644123,0.020579618536901156
66,07.03.2022,2022-03-07,11,2022,True,0.0380644778641463,0.04395413957321748,0.021324559434644123,0.02188885532575922
66,08.03.2022,2022-03-08,11,2022,True,0.0377799886717801,0.04386359934264617,0.021324559434644123,0.021503496348484093
66,09.03.2022,2022-03-09,11,2022,True,0.033460163989951,0.04206526479151417,0.021324559434644123,0.021408847499332265
66,10.03.2022,2022-03-10,11,2022,True,0.033411824304156,0.050078905109165225,0.021324559434644123,0.02830499013989863
66,11.03.2022,2022-03-11,11,2022,True,0.0333446835913015,0.05638611952879284,0.021324559434644123,0.028448607276463183
66,14.03.2022,2022-03-14,11,2022,True,0.0326917161239285,0.04981209247884969,0.021324559434644123,0.028203277410927412
66,15.03.2022,2022-03-15,11,2022,True,0.0323824155044069,0.04982464619438912,0.021324559434644123,0.02894417972392343
66,16.03.2022,2022-03-16,11,2022,True,0.0323056659768031,0.049063066289606334,0.021324559434644123,0.03030356445401506
66,17.03.2022,2022-03-17,11,2022,True,0.0308179073965322,0.04580133603815963,0.021324559434644123,0.03030895630501058
66,18.03.2022,2022-03-18,11,2022,True,0.030846600201287,0.05896880290170501,0.021324559434644123,0.031868471285404855
66,21.03.2022,2022-03-21,11,2022,True,0.0298372071238619,0.0611381769484433,0.021324559434644123,0.03181979298598678
66,22.03.2022,2022-03-22,11,2022,True,0.029915397462017,0.07196012812958957,0.021324559434644123,0.03269646666927201
66,23.03.2022,2022-03-23,11,2022,True,0.0293795537423045,0.06698745576353296,0.021324559434644123,0.03270708361820399
66,24.03.2022,2022-03-24,11,2022,True,0.0293179101732609,0.0715941521064645,0.021324559434644123,0.03315568294539173
66,25.03.2022,2022-03-25,11,2022,True,0.029303705575764,0.06581511750395731,0.021324559434644123,0.033170852089917574
66,28.03.2022,2022-03-28,11,2022,True,0.0282093240288896,0.05882377454002321,0.021324559434644123,0.032890556486196154
66,29.03.2022,2022-03-29,11,2022,True,0.0298925377625462,0.061993590184814734,0.021324559434644123,0.03409770988335796
66,30.03.2022,2022-03-30,11,2022,True,0.0297500839612667,0.0604670531674992,0.021324559434644123,0.034223361914782535
66,31.03.2022,2022-03-31,11,2022,True,0.0295380828134072,0.05906859765051622,0.021324559434644123,0.03429335235937737
66,01.04.2022,2022-04-01,11,2022,True,0.0293831297153838,0.05673511098871426,0.021324559434644123,0.034910559513961575
66,04.04.2022,2022-04-04,11,2022,True,0.0291548502458791,0.05175520396222035,0.021324559434644123,0.035222028344407026
66,05.04.2022,2022-04-05,11,2022,True,0.0305188680409744,0.05199018261282779,0.021324559434644123,0.0353603761804564
66,06.04.2022,2022-04-06,11,2022,True,0.0298028137061018,0.05203937183570399,0.021324559434644123,0.035393831524090785
66,07.04.2022,2022-04-07,11,2022,True,0.0298025107687589,0.051264391330642076,0.021324559434644123,0.035993199311011546
66,08.04.2022,2022-04-08,11,2022,True,0.0297907960752029,0.05373547872707924,0.021324559434644123,0.03598104599854618
66,11.04.2022,2022-04-11,11,2022,True,0.0299242531017638,0.0513194487980888,0.021324559434644123,0.03603185566385085
66,12.04.2022,2022-04-12,11,2022,True,0.0290103363645753,0.06188534423361695,0.021324559434644123,0.03647435399329049
66,13.04.2022,2022-04-13,11,2022,True,0.0286141220393615,0.06104135778847229,0.021324559434644123,0.037134622630197185
66,14.04.2022,2022-04-14,11,2022,True,0.0286317887794111,0.04790012090259248,0.021324559434644123,0.03737457253226824
66,18.04.2022,2022-04-18,11,2022,True,0.0285843644735803,0.05422914705257375,0.021324559434644123,0.03742403070865129
66,19.04.2022,2022-04-19,11,2022,True,0.027929886253378,0.04343005704867363,0.021324559434644123,0.037253830321297886
66,20.04.2022,2022-04-20,11,2022,True,0.0279386043749966,0.04421229992022132,0.021324559434644123,0.03792482974397934
66,21.04.2022,2022-04-21,11,2022,True,0.028005815630584,0.04448140068652277,0.021324559434644123,0.03792994357224662
66,22.04.2022,2022-04-22,11,2022,True,0.0279461218360222,0.04445421286564221,0.021324559434644123,0.037906760118130156
66,25.04.2022,2022-04-25,11,2022,True,0.0276421500625855,0.04449579024870927,0.021324559434644123,0.03794221376323295
66,26.04.2022,2022-04-26,11,2022,True,0.0298948121274882,0.044868266886743,0.021324559434644123,0.03832084717003603
66,27.04.2022,2022-04-27,11,2022,True,0.0298996524015309,0.049845560050046714,0.021324559434644123,0.0384282355144986
66,28.04.2022,2022-04-28,11,2022,True,0.0301203115384471,0.049220544404717445,0.021324559434644123,0.03841470149659969
66,29.04.2022,2022-04-29,11,2022,True,0.0302085107926793,0.04404190932946557,0.021324559434644123,0.03838777038432828
66,02.05.2022,2022-05-02,11,2022,True,0.030185895299905,0.04399828811240291,0.021324559434644123,0.03834974929736859
66,03.05.2022,2022-05-03,11,2022,True,0.0301494855010043,0.05034623589818949,0.021324559434644123,0.03836732013751497
66,04.05.2022,2022-05-04,11,2022,True,0.0295129518105993,0.04951166197176681,0.021324559434644123,0.038496678156301437
66,05.05.2022,2022-05-05,11,2022,True,0.0295381907848479,0.04565848142741008,0.021324559434644123,0.038900244035569395
66,06.05.2022,2022-05-06,11,2022,True,0.0296304726703325,0.051363482735976025,0.021324559434644123,0.038883371953680725
66,09.05.2022,2022-05-09,11,2022,True,0.0288023772344992,0.05121377450007779,0.021324559434644123,0.038770039276243666
66,10.05.2022,2022-05-10,11,2022,True,0.0287716843878298,0.059377128697096375,0.021324559434644123,0.03952861785356735
66,11.05.2022,2022-05-11,11,2022,True,0.0283098153605087,0.05543878574864744,0.021324559434644123,0.03972456080791101
66,12.05.2022,2022-05-12,11,2022,True,0.0283810217324477,0.0483767068638582,0.021324559434644123,0.040046379479457044
66,13.05.2022,2022-05-13,11,2022,True,0.0282520657303408,0.04512420451846353,0.021324559434644123,0.040034172158086405
66,16.05.2022,2022-05-16,11,2022,True,0.0280685676715035,0.04296567756243942,0.021324559434644123,0.04016009860297381
66,17.05.2022,2022-05-17,11,2022,True,0.0279792267131122,0.04485829408997363,0.021324559434644123,0.04023603708459783
66,18.05.2022,2022-05-18,11,2022,True,0.0282583081114523,0.04376419257601091,0.021324559434644123,0.04033844323649565
66,19.05.2022,2022-05-19,11,2022,True,0.0280806804202679,0.04524299091777139,0.021324559434644123,0.040318081796365354
66,20.05.2022,2022-05-20,11,2022,True,0.028149346436321,0.043763258437682084,0.021324559434644123,0.040360540822959895
66,23.05.2022,2022-05-23,11,2022,True,0.0282159721514887,0.04351588813203213,0.021324559434644123,0.040109575430893815
66,24.05.2022,2022-05-24,11,2022,True,0.0286744187933914,0.043292734422210134,0.021324559434644123,0.040079311797652284
66,25.05.2022,2022-05-25,11,2022,True,0.0294642524405904,0.042412480625527924,0.021324559434644123,0.03998279620401767
66,26.05.2022,2022-05-26,11,2022,True,0.0293827005185698,0.04284409017796645,0.021324559434644123,0.039981190673207205
66,27.05.2022,2022-05-27,11,2022,True,0.0296956274737709,0.04277786353427978,0.021324559434644123,0.03991938938257682
66,31.05.2022,2022-05-31,11,2022,True,0.0294583419058865,0.0434440586528272,0.021324559434644123,0.03995587494399706
66,01.06.2022,2022-06-01,11,2022,True,0.0287724661506406,0.05105168481345375,0.021324559434644123,0.04000121162448467
66,02.06.2022,2022-06-02,11,2022,True,0.0293605960465979,0.04956512184117803,0.021324559434644123,0.04059656412340714
66,03.06.2022,2022-06-03,11,2022,True,0.0293107400343521,0.04845416949529349,0.021324559434644123,0.040459219953094386
66,06.06.2022,2022-06-06,11,2022,True,0.0298291240727151,0.05088663881877128,0.021324559434644123,0.04025180955634315
66,07.06.2022,2022-06-07,11,2022,True,0.0298557932242724,0.0499292237051547,0.021324559434644123,0.03925993862064867
66,08.06.2022,2022-06-08,11,2022,True,0.0296491357879683,0.05300785121032344,0.021324559434644123,0.03916603363772134
66,09.06.2022,2022-06-09,11,2022,True,0.0297007105260375,0.05322430587019478,0.021324559434644123,0.038414286075894984
66,10.06.2022,2022-06-10,11,2022,True,0.0299434805971712,0.05675548631609894,0.021324559434644123,0.038064477864146386
66,13.06.2022,2022-06-13,11,2022,True,0.029958286885703,0.05633130284188854,0.021324559434644123,0.037779988671780174
66,14.06.2022,2022-06-14,11,2022,True,0.029985783501645,0.052245443833643566,0.021324559434644123,0.03346016398995104
66,15.06.2022,2022-06-15,11,2022,True,0.0299329078558604,0.04848888070652773,0.021324559434644123,0.033411824304156096
66,16.06.2022,2022-06-16,11,2022,True,0.0298793768584439,0.05210469330779824,0.021324559434644123,0.033344683591301535
66,17.06.2022,2022-06-17,11,2022,True,0.0291619977118783,0.04766581415628342,0.021324559434644123,0.032691716123928544
66,21.06.2022,2022-06-21,11,2022,True,0.0296128097531949,0.05120925196851488,0.021324559434644123,0.03238241550440695
66,22.06.2022,2022-06-22,11,2022,True,0.0296003712042859,0.0413301511546882,0.021324559434644123,0.032305665976803136
66,23.06.2022,2022-06-23,11,2022,True,0.0298000053105317,0.043114768275969696,0.021324559434644123,0.030817907396532267
66,24.06.2022,2022-06-24,11,2022,True,0.0299294641021887,0.03893658646125282,0.021324559434644123,0.03084660020128701
66,27.06.2022,2022-06-27,11,2022,True,0.0298233688298359,0.0348928706647626,0.021324559434644123,0.029837207123861925
66,28.06.2022,2022-06-28,11,2022,True,0.0296062438762756,0.03668092258326734,0.021324559434644123,0.02991539746201702
66,29.06.2022,2022-06-29,11,2022,True,0.0296321728397637,0.036023894976515376,0.021324559434644123,0.029379553742304557
66,30.06.2022,2022-06-30,11,2022,True,0.0299519542878922,0.03924618943889699,0.021324559434644123,0.02931791017326095
66,01.07.2022,2022-07-01,11,2022,True,0.0298936395754209,0.03922717456638484,0.021324559434644123,0.029303705575764033
66,05.07.2022,2022-07-05,11,2022,True,0.0282153539812095,0.03686452326547141,0.021324559434644123,0.02820932402888961
66,06.07.2022,2022-07-06,11,2022,True,0.0284876883781293,0.035986089747474,0.021324559434644123,0.029892537762546263
66,07.07.2022,2022-07-07,11,2022,True,0.0281437215264751,0.037486481544189924,0.021324559434644123,0.029750083961266723
66,08.07.2022,2022-07-08,11,2022,True,0.0280783703355719,0.03147179262054216,0.021324559434644123,0.02953808281340721
66,11.07.2022,2022-07-11,11,2022,True,0.0281612522595563,0.0294957533794934,0.021324559434644123,0.029383129715383847
66,12.07.2022,2022-07-12,11,2022,True,0.0268669063662217,0.028283886157824595,0.021324559434644123,0.02915485024587914
66,13.07.2022,2022-07-13,11,2022,True,0.0271321780799561,0.0321828443758763,0.021324559434644123,0.030518868040974426
66,14.07.2022,2022-07-14,11,2022,True,0.0271290426982418,0.030482999058625275,0.021324559434644123,0.029802813706101876
66,15.07.2022,2022-07-15,11,2022,True,0.0270639359695228,0.031145469897158617,0.021324559434644123,0.029802510768758974
66,18.07.2022,2022-07-18,11,2022,True,0.0265364683534384,0.031133227316715122,0.021324559434644123,0.029790796075202915
66,19.07.2022,2022-07-19,11,2022,True,0.0264935368147666,0.030775177532418888,0.021324559434644123,0.02992425310176382
66,20.07.2022,2022-07-20,11,2022,True,0.0265510549533524,0.02782984165932938,0.021324559434644123,0.02901033636457537
66,21.07.2022,2022-07-21,11,2022,True,0.0263359111519029,0.02644255866341129,0.021324559434644123,0.02861412203936156
66,22.07.2022,2022-07-22,11,2022,True,0.0263346601238024,0.02998702071073566,0.021324559434644123,0.028631788779411152
66,25.07.2022,2022-07-25,11,2022,True,0.0263895454952513,0.026954175385779235,0.021324559434644123,0.028584364473580346
66,26.07.2022,2022-07-26,11,2022,True,0.026440344538324,0.02704675085782485,0.021324559434644123,0.027929886253378007
66,27.07.2022,2022-07-27,11,2022,True,0.0263289914129137,0.02630172997979341,0.021324559434644123,0.027938604374996654
66,28.07.2022,2022-07-28,11,2022,True,0.0263355445001436,0.02693549544679769,0.021324559434644123,0.028005815630584015
66,29.07.2022,2022-07-29,11,2022,True,0.0260972451384502,0.025983232298446075,0.021324559434644123,0.027946121836022273
66,01.08.2022,2022-08-01,11,2022,True,0.0234667229662303,0.024236460900070873,0.021324559434644123,0.027642150062585566
66,02.08.2022,2022-08-02,11,2022,True,0.023527863376581,0.02867604713729136,0.021324559434644123,0.029894812127488277
66,03.08.2022,2022-08-03,11,2022,True,0.0236018618822443,0.030541838837330065,0.021324559434644123,0.029899652401530915
66,04.08.2022,2022-08-04,11,2022,True,0.0233556171043362,0.030483901405406594,0.021324559434644123,0.030120311538447176
66,05.08.2022,2022-08-05,11,2022,True,0.023569894610419,0.04005233605441003,0.021324559434644123,0.03020851079267936
66,08.08.2022,2022-08-08,11,2022,True,0.0237254504609341,0.02981647234161697,0.021324559434644123,0.030185895299905025
66,09.08.2022,2022-08-09,11,2022,True,0.0237652395091908,0.03730041578489045,0.021324559434644123,0.030149485501004387
66,10.08.2022,2022-08-10,11,2022,True,0.0239202345738248,0.03426416451503635,0.021324559434644123,0.029512951810599333
66,11.08.2022,2022-08-11,11,2022,True,0.0240308057585437,0.036827105484080525,0.021324559434644123,0.02953819078484797
66,12.08.2022,2022-08-12,11,2022,True,0.0239930361426546,0.031134156086895917,0.021324559434644123,0.0296304726703325
66,15.08.2022,2022-08-15,11,2022,True,0.0237156639685161,0.030272125922124117,0.021324559434644123,0.028802377234499216
66,16.08.2022,2022-08-16,11,2022,True,0.023802109728616,0.03655317495713837,0.021324559434644123,0.028771684387829802
66,17.08.2022,2022-08-17,11,2022,True,0.023911570456262,0.040043231459928864,0.021324559434644123,0.0283098153605087
66,18.08.2022,2022-08-18,11,2022,True,0.0235764860040456,0.0416196971154665,0.021324559434644123,0.028381021732447734
66,19.08.2022,2022-08-19,11,2022,True,0.0236192743877529,0.03726017404058966,0.021324559434644123,0.028252065730340847
66,22.08.2022,2022-08-22,11,2022,True,0.0239573931093821,0.039701995145703974,0.021324559434644123,0.028068567671503522
66,23.08.2022,2022-08-23,11,2022,True,0.0235447753223576,0.029524646749962205,0.021324559434644123,0.027979226713112215
66,24.08.2022,2022-08-24,11,2022,True,0.0234932206854322,0.027886171348567915,0.021324559434644123,0.028258308111452315
66,25.08.2022,2022-08-25,11,2022,True,0.0234105410877086,0.029784774331937817,0.021324559434644123,0.02808068042026797
66,26.08.2022,2022-08-26,11,2022,True,0.023608094875647,0.02985760738875138,0.021324559434644123,0.028149346436321006
66,29.08.2022,2022-08-29,11,2022,True,0.0231391710607828,0.027844392915510496,0.021324559434644123,0.028215972151488748
66,30.08.2022,2022-08-30,11,2022,True,0.0222038134602856,0.029385573508487233,0.021324559434644123,0.028674418793391485
66,31.08.2022,2022-08-31,11,2022,True,0.0223161419211775,0.031208600835944733,0.021324559434644123,0.029464252440590484
66,01.09.2022,2022-09-01,11,2022,True,0.0222431369525173,0.03455109250535422,0.021324559434644123,0.029382700518569855
66,02.09.2022,2022-09-02,11,2022,True,0.022431124816215,0.04029972393950291,0.021324559434644123,0.029695627473770973
66,06.09.2022,2022-09-06,11,2022,True,0.0224678544741018,0.038460784486488396,0.021324559434644123,0.029458341905886542
66,07.09.2022,2022-09-07,11,2022,True,0.021566423003555,0.029827208613988923,0.021324559434644123,0.028772466150640594
66,08.09.2022,2022-09-08,11,2022,True,0.0217376940284165,0.03553958054775472,0.021324559434644123,0.029360596046597937
66,09.09.2022,2022-09-09,11,2022,True,0.0215519698250332,0.02943812139949553,0.021324559434644123,0.029310740034352193
66,12.09.2022,2022-09-12,11,2022,True,0.0217323183921606,0.029079495850247605,0.021324559434644123,0.029829124072715176
66,13.09.2022,2022-09-13,11,2022,True,0.0218080891800468,0.02628561164804999,0.021324559434644123,0.02985579322427247
66,14.09.2022,2022-09-14,11,2022,True,0.0219697584938601,0.02638330705996254,0.021324559434644123,0.029649135787968312
66,15.09.2022,2022-09-15,11,2022,True,0.0216363150365228,0.02642920088164928,0.021324559434644123,0.029700710526037594
66,16.09.2022,2022-09-16,11,2022,True,0.0216226258184203,0.028005671354688073,0.021324559434644123,0.029943480597171265
66,19.09.2022,2022-09-19,11,2022,True,0.0218939529700427,0.028248572304969567,0.021324559434644123,0.02995828688570303
66,20.09.2022,2022-09-20,11,2022,True,0.0218924488859795,0.027558374694547614,0.021324559434644123,0.02998578350164503
66,21.09.2022,2022-09-21,11,2022,True,0.0223502673651535,0.02797025892259511,0.021324559434644123,0.029932907855860492
66,22.09.2022,2022-09-22,11,2022,True,0.0223401056685316,0.02893367656906191,0.021324559434644123,0.029879376858443978
66,23.09.2022,2022-09-23,11,2022,True,0.0215824241179509,0.02731479831739115,0.021324559434644123,0.029161997711878357
66,26.09.2022,2022-09-26,11,2022,True,0.0214226555003463,0.02967731567272538,0.021324559434644123,0.029612809753194975
66,27.09.2022,2022-09-27,11,2022,True,0.0218557242508089,0.05085592702867404,0.021324559434644123,0.029600371204285943
66,28.09.2022,2022-09-28,11,2022,True,0.0221157687143806,0.05004148135267629,0.021324559434644123,0.02980000531053171
66,29.09.2022,2022-09-29,11,2022,True,0.0230057977581531,0.050258874257178725,0.021324559434644123,0.029929464102188726
66,30.09.2022,2022-09-30,11,2022,True,0.0230535966171241,0.04882303307355559,0.021324559434644123,0.029823368829835932
66,03.10.2022,2022-10-03,11,2022,True,0.0230058712238432,0.051077858305755265,0.021324559434644123,0.02960624387627565
66,04.10.2022,2022-10-04,11,2022,True,0.0226863324424107,0.05679652630771153,0.021324559434644123,0.02963217283976373
66,05.10.2022,2022-10-05,11,2022,True,0.0225821718668623,0.05857299633087461,0.021324559434644123,0.029951954287892244
66,06.10.2022,2022-10-06,11,2022,True,0.0229071009138023,0.05159305641526607,0.021324559434644123,0.029893639575420943
66,07.10.2022,2022-10-07,11,2022,True,0.0225191388827867,0.04790184955589395,0.021324559434644123,0.028215353981209498
66,10.10.2022,2022-10-10,11,2022,True,0.022531187755868,0.04875062837791629,0.021324559434644123,0.02848768837812931
66,11.10.2022,2022-10-11,11,2022,True,0.0224444892946596,0.04792626693222818,0.021324559434644123,0.028143721526475166
66,12.10.2022,2022-10-12,11,2022,True,0.0223607134951537,0.045752346381228645,0.021324559434644123,0.028078370335571905
66,13.10.2022,2022-10-13,11,2022,True,0.0222407649997389,0.04588739846756974,0.021324559434644123,0.028161252259556308
66,14.10.2022,2022-10-14,11,2022,True,0.0220287891521808,0.04371984479062177,0.021324559434644123,0.026866906366221733
66,17.10.2022,2022-10-17,11,2022,True,0.0220457868101814,0.04441426192326407,0.021324559434644123,0.02713217807995615
66,18.10.2022,2022-10-18,11,2022,True,0.0221309390771254,0.0448708847932185,0.021324559434644123,0.02712904269824183
66,19.10.2022,2022-10-19,11,2022,True,0.0218770083695806,0.040895079436842285,0.021324559434644123,0.027063935969522862
66,20.10.2022,2022-10-20,11,2022,True,0.0219724142541946,0.03857473083445159,0.021324559434644123,0.026536468353438467
66,21.10.2022,2022-10-21,11,2022,True,0.0219370539827849,0.040033175286214216,0.021324559434644123,0.026493536814766624
66,24.10.2022,2022-10-24,11,2022,True,0.0220657861359812,0.03637706605140467,0.021324559434644123,0.02655105495335244
66,25.10.2022,2022-10-25,11,2022,True,0.0220633816951307,0.03571368861568636,0.021324559434644123,0.026335911151902914
66,26.10.2022,2022-10-26,11,2022,True,0.0219599203344301,0.03530221457314895,0.021324559434644123,0.026334660123802478
66,27.10.2022,2022-10-27,11,2022,True,0.0218869857174747,0.03752960941473708,0.021324559434644123,0.026389545495251316
66,28.10.2022,2022-10-28,11,2022,True,0.0220707187789238,0.037601852729632484,0.021324559434644123,0.026440344538323994
66,31.10.2022,2022-10-31,11,2022,True,0.0221370089710402,0.03710075764116495,0.021324559434644123,0.02632899141291376
66,01.11.2022,2022-11-01,11,2022,True,0.0225567706623896,0.03716804001395883,0.021324559434644123,0.026335544500143648
66,02.11.2022,2022-11-02,11,2022,True,0.0225661628704233,0.03598119942842837,0.021324559434644123,0.026097245138450204
66,03.11.2022,2022-11-03,11,2022,True,0.0225100171789643,0.03452640500717763,0.021324559434644123,0.023466722966230306
66,04.11.2022,2022-11-04,11,2022,True,0.0220932474957809,0.0298110416507615,0.021324559434644123,0.023527863376581
66,07.11.2022,2022-11-07,11,2022,True,0.022092562636284,0.033904444881004754,0.021324559434644123,0.023601861882244377
66,08.11.2022,2022-11-08,11,2022,True,0.0219150268146097,0.027515266195550465,0.021324559434644123,0.023355617104336278
66,09.11.2022,2022-11-09,11,2022,True,0.02165035726083,0.027767706651019762,0.021324559434644123,0.02356989461041901
66,10.11.2022,2022-11-10,11,2022,True,0.0215973851708899,0.0279509670896577,0.021324559434644123,0.023725450460934192
66,11.11.2022,2022-11-11,11,2022,True,0.0215500458762304,0.02706904547123756,0.021324559434644123,0.023765239509190864
66,14.11.2022,2022-11-14,11,2022,True,0.0212672934051765,0.02831635408704327,0.021324559434644123,0.023920234573824892
66,15.11.2022,2022-11-15,11,2022,True,0.0215136601441283,0.03039637352686908,0.021324559434644123,0.02403080575854374
66,16.11.2022,2022-11-16,11,2022,True,0.0216573048812232,0.03457848382007316,0.021324559434644123,0.02399303614265463
66,17.11.2022,2022-11-17,11,2022,True,0.0213461270440061,0.029560880025274284,0.021324559434644123,0.023715663968516154
66,18.11.2022,2022-11-18,11,2022,True,0.0211700161378786,0.030096987979960226,0.021324559434644123,0.02380210972861608
66,21.11.2022,2022-11-21,11,2022,True,0.0212881005983737,0.03135005255232024,0.021324559434644123,0.023911570456262098
66,22.11.2022,2022-11-22,11,2022,True,0.0212557679472305,0.03415505176426276,0.021324559434644123,0.023576486004045646
66,23.11.2022,2022-11-23,11,2022,True,0.0208562906701417,0.029449337824479296,0.021324559434644123,0.023619274387752957
66,25.11.2022,2022-11-25,11,2022,True,0.020748121746444,0.0351268922562523,0.021324559434644123,0.023957393109382167
66,28.11.2022,2022-11-28,11,2022,True,0.0207407271303949,0.03381154892905975,0.021324559434644123,0.023544775322357634
66,29.11.2022,2022-11-29,11,2022,True,0.0211732991475003,0.028278502817665523,0.021324559434644123,0.023493220685432296
66,30.11.2022,2022-11-30,11,2022,True,0.0208914441001236,0.02579960509519459,0.021324559434644123,0.023410541087708694
66,01.12.2022,2022-12-01,11,2022,True,0.0208336151399846,0.022572806633119523,0.021324559434644123,0.023608094875647034
66,02.12.2022,2022-12-02,11,2022,True,0.0208417299765884,0.022103917160296447,0.021324559434644123,0.023139171060782837
66,05.12.2022,2022-12-05,11,2022,True,0.0206310965983567,0.021310669713921034,0.021324559434644123,0.02220381346028565
66,06.12.2022,2022-12-06,11,2022,True,0.0206576032563187,0.02113393634543943,0.021324559434644123,0.022316141921177514
66,07.12.2022,2022-12-07,11,2022,True,0.0212729730763332,0.023223644019415558,0.021324559434644123,0.022243136952517353
66,08.12.2022,2022-12-08,11,2022,True,0.0212856007297338,0.023997045050373533,0.021324559434644123,0.022431124816215054
66,09.12.2022,2022-12-09,11,2022,True,0.0214753794710335,0.024084222834724597,0.021324559434644123,0.02246785447410186
66,12.12.2022,2022-12-12,11,2022,True,0.0212967357705413,0.02307197827269051,0.021324559434644123,0.02156642300355505
66,13.12.2022,2022-12-13,11,2022,True,0.0210226666451283,0.020349627263325207,0.021324559434644123,0.021737694028416573
66,14.12.2022,2022-12-14,11,2022,True,0.0209121520879315,0.02007492676708361,0.021324559434644123,0.02155196982503324
66,15.12.2022,2022-12-15,11,2022,True,0.0208352010284609,0.019870189552114247,0.021324559434644123,0.02173231839216061
66,16.12.2022,2022-12-16,11,2022,True,0.0206282424035588,0.02031349323396678,0.021324559434644123,0.021808089180046848
66,19.12.2022,2022-12-19,11,2022,True,0.0212221497393957,0.02008728465181357,0.021324559434644123,0.021969758493860167
66,20.12.2022,2022-12-20,11,2022,True,0.0212375844586086,0.019866971635761163,0.021324559434644123,0.02163631503652287
66,21.12.2022,2022-12-21,11,2022,True,0.020963300152907,0.019814926946067162,0.021324559434644123,0.021622625818420373
66,22.12.2022,2022-12-22,11,2022,True,0.0209499486497733,0.020209821111699163,0.021324559434644123,0.021893952970042763
66,23.12.2022,2022-12-23,11,2022,True,0.0204804716325556,0.02016825250179653,0.021324559434644123,0.021892448885979583
66,27.12.2022,2022-12-27,11,2022,True,0.0219115226542229,0.020631034782364367,0.021324559434644123,0.02235026736515359
66,28.12.2022,2022-12-28,11,2022,True,0.021852348640961,0.021642149139444084,0.021324559434644123,0.022340105668531618
66,29.12.2022,2022-12-29,11,2022,True,0.0217974490175892,0.020908139311506188,0.021324559434644123,0.021582424117950895
66,30.12.2022,2022-12-30,11,2022,True,0.0211280626726101,0.020139399156703167,0.021324559434644123,0.021422655500346298
66,03.01.2023,2023-01-03,12,2023,True,0.0204085439916315,0.022073051533554475,0.02187754904219155,0.021855724250808995
66,04.01.2023,2023-01-04,12,2023,True,0.0193709106616889,0.022434602362284273,0.02187754904219155,0.02211576871438064
66,05.01.2023,2023-01-05,12,2023,True,0.0194701157775218,0.025546029122462992,0.02187754904219155,0.02300579775815314
66,06.01.2023,2023-01-06,12,2023,True,0.0195647219835738,0.022673641080532443,0.02187754904219155,0.023053596617124104
66,09.01.2023,2023-01-09,12,2023,True,0.0195052670698106,0.02302312437667494,0.02187754904219155,0.023005871223843243
66,10.01.2023,2023-01-10,12,2023,True,0.0196412112543058,0.02253213849421694,0.02187754904219155,0.02268633244241076
66,11.01.2023,2023-01-11,12,2023,True,0.0192621954616806,0.022093485530056405,0.02187754904219155,0.022582171866862368
66,12.01.2023,2023-01-12,12,2023,True,0.0193131883040984,0.021895442587523784,0.02187754904219155,0.02290710091380233
66,13.01.2023,2023-01-13,12,2023,True,0.0194523958010689,0.0220298851115215,0.02187754904219155,0.022519138882786727
66,17.01.2023,2023-01-17,12,2023,True,0.0194486549787576,0.022041672209202518,0.02187754904219155,0.022531187755868
66,18.01.2023,2023-01-18,12,2023,True,0.0194789778289605,0.02284685546531492,0.02187754904219155,0.02244448929465966
66,19.01.2023,2023-01-19,12,2023,True,0.0196098032804617,0.02257299426219081,0.02187754904219155,0.02236071349515371
66,20.01.2023,2023-01-20,12,2023,True,0.0200247421158367,0.022460462803109676,0.02187754904219155,0.02224076499973892
66,23.01.2023,2023-01-23,12,2023,True,0.0200415740024958,0.022077827754131026,0.02187754904219155,0.02202878915218088
66,24.01.2023,2023-01-24,12,2023,True,0.0199554536725892,0.021040614631566826,0.02187754904219155,0.02204578681018149
66,25.01.2023,2023-01-25,12,2023,True,0.0199560513013634,0.02165178805591691,0.02187754904219155,0.022130939077125433
66,26.01.2023,2023-01-26,12,2023,True,0.0207817769685072,0.021566767514882783,0.02187754904219155,0.021877008369580644
66,27.01.2023,2023-01-27,12,2023,True,0.0212929836798847,0.02166082043556836,0.02187754904219155,0.021972414254194644
66,30.01.2023,2023-01-30,12,2023,True,0.0211849934799745,0.0217983294326389,0.02187754904219155,0.021937053982784976
66,31.01.2023,2023-01-31,12,2023,True,0.0217544123692444,0.022294398257691788,0.02187754904219155,0.022065786135981234
66,01.02.2023,2023-02-01,12,2023,True,0.0218375233333682,0.022014216113185905,0.02187754904219155,0.022063381695130738
66,02.02.2023,2023-02-02,12,2023,True,0.0218348778418864,0.021737732310101867,0.02187754904219155,0.02195992033443019
66,03.02.2023,2023-02-03,12,2023,True,0.021638338604485,0.022021598665668534,0.02187754904219155,0.021886985717474786
66,06.02.2023,2023-02-06,12,2023,True,0.021683601820214,0.022360174693085263,0.02187754904219155,0.02207071877892381
66,07.02.2023,2023-02-07,12,2023,True,0.021294011848489,0.02199193604223322,0.02187754904219155,0.022137008971040237
66,08.02.2023,2023-02-08,12,2023,True,0.0212641062695281,0.022070513611449013,0.02187754904219155,0.022556770662389675
66,09.02.2023,2023-02-09,12,2023,True,0.0212567637948914,0.021854472353246026,0.02187754904219155,0.022566162870423342
66,10.02.2023,2023-02-10,12,2023,True,0.0213495797533254,0.02086231908907257,0.02187754904219155,0.022510017178964364
66,13.02.2023,2023-02-13,12,2023,True,0.0213989211813461,0.020476056295575005,0.02187754904219155,0.02209324749578091
66,14.02.2023,2023-02-14,12,2023,True,0.0213639176101084,0.02213645485879533,0.02187754904219155,0.022092562636284
66,15.02.2023,2023-02-15,12,2023,True,0.021382655953251,0.021784937326848854,0.02187754904219155,0.021915026814609745
66,16.02.2023,2023-02-16,12,2023,True,0.0214408833456166,0.0216508940929612,0.02187754904219155,0.021650357260830023
66,17.02.2023,2023-02-17,12,2023,True,0.021385181429329,0.021061309108039626,0.02187754904219155,0.021597385170889934
66,21.02.2023,2023-02-21,12,2023,True,0.0216275028781129,0.021550580221087436,0.02187754904219155,0.02155004587623043
66,22.02.2023,2023-02-22,12,2023,True,0.0213634622419033,0.022131854731747794,0.02187754904219155,0.021267293405176534
66,23.02.2023,2023-02-23,12,2023,True,0.0218995904493751,0.022572543811157218,0.02187754904219155,0.02151366014412835
66,24.02.2023,2023-02-24,12,2023,True,0.0218732542049083,0.02266149536606725,0.02187754904219155,0.021657304881223284
66,27.02.2023,2023-02-27,12,2023,True,0.0220566792132978,0.02233588905656595,0.02187754904219155,0.02134612704400612
66,28.02.2023,2023-02-28,12,2023,True,0.0221706495622346,0.021662809206910796,0.02187754904219155,0.02117001613787867
66,01.03.2023,2023-03-01,12,2023,True,0.0221845914168928,0.021124789458097867,0.02187754904219155,0.02128810059837372
66,02.03.2023,2023-03-02,12,2023,True,0.0221744282300619,0.021317295742699693,0.02187754904219155,0.02125576794723057
66,03.03.2023,2023-03-03,12,2023,True,0.0221399543442809,0.020916662122717963,0.02187754904219155,0.020856290670141758
66,06.03.2023,2023-03-06,12,2023,True,0.0221713419597615,0.020507206963379935,0.02187754904219155,0.020748121746444033
66,07.03.2023,2023-03-07,12,2023,True,0.0218721097369705,0.02000635264762274,0.02187754904219155,0.020740727130395
66,08.03.2023,2023-03-08,12,2023,True,0.0223725375623151,0.02109743744404162,0.02187754904219155,0.02117329914750037
66,09.03.2023,2023-03-09,12,2023,True,0.0227543480002493,0.020841947567949583,0.02187754904219155,0.020891444100123682
66,10.03.2023,2023-03-10,12,2023,True,0.0227248265231359,0.021109866537028208,0.02187754904219155,0.02083361513998465
66,13.03.2023,2023-03-13,12,2023,True,0.0229477685398536,0.021452029391157472,0.02187754904219155,0.02084172997658843
66,14.03.2023,2023-03-14,12,2023,True,0.0224233204757398,0.022378134598494123,0.02187754904219155,0.020631096598356755
66,15.03.2023,2023-03-15,12,2023,True,0.0215838314228159,0.030443201995621217,0.02187754904219155,0.020657603256318782
66,16.03.2023,2023-03-16,12,2023,True,0.0216076222099061,0.030716613643305822,0.02187754904219155,0.021272973076333267
66,17.03.2023,2023-03-17,12,2023,True,0.0219661571675395,0.03073484704910843,0.02187754904219155,0.021285600729733897
66,20.03.2023,2023-03-20,12,2023,True,0.0219291134956414,0.03100887363924688,0.02187754904219155,0.021475379471033562
66,21.03.2023,2023-03-21,12,2023,True,0.0217866523764819,0.03097494364668023,0.02187754904219155,0.021296735770541357
66,22.03.2023,2023-03-22,12,2023,True,0.0218967619534767,0.03043137987182084,0.02187754904219155,0.02102266664512838
66,23.03.2023,2023-03-23,12,2023,True,0.0220805030032677,0.030326191390109978,0.02187754904219155,0.020912152087931544
66,24.03.2023,2023-03-24,12,2023,True,0.0220376653105049,0.029748151055669133,0.02187754904219155,0.02083520102846099
66,27.03.2023,2023-03-27,12,2023,True,0.0214570533544544,0.02939944946502803,0.02187754904219155,0.020628242403558827
66,28.03.2023,2023-03-28,12,2023,True,0.0214394883823142,0.027744742881410978,0.02187754904219155,0.021222149739395794
66,29.03.2023,2023-03-29,12,2023,True,0.0216932172542623,0.026692708755936902,0.02187754904219155,0.021237584458608662
66,30.03.2023,2023-03-30,12,2023,True,0.0216338328529756,0.024633188665619605,0.02187754904219155,0.02096330015290704
66,31.03.2023,2023-03-31,12,2023,True,0.0218491263761715,0.02468912106884202,0.02187754904219155,0.02094994864977338
66,03.04.2023,2023-04-03,12,2023,True,0.0204129695337048,0.025007846398579125,0.02187754904219155,0.020480471632555692
66,04.04.2023,2023-04-04,12,2023,True,0.0206099922725894,0.02485280598526954,0.02187754904219155,0.021911522654222974
66,05.04.2023,2023-04-05,12,2023,True,0.0206453629234411,0.024803957660840755,0.02187754904219155,0.021852348640961004
66,06.04.2023,2023-04-06,12,2023,True,0.0207418044735283,0.02442183224856606,0.02187754904219155,0.02179744901758927
66,10.04.2023,2023-04-10,12,2023,True,0.0208185771693255,0.02108658535765011,0.02187754904219155,0.021128062672610175
66,11.04.2023,2023-04-11,12,2023,True,0.0207977107389198,0.021516833969261673,0.02187754904219155,0.02040854399163156
66,12.04.2023,2023-04-12,12,2023,True,0.0207211525886006,0.02055280156598026,0.02187754904219155,0.019370910661688917
66,13.04.2023,2023-04-13,12,2023,True,0.0206586300509846,0.020371903482127494,0.02187754904219155,0.019470115777521873
66,14.04.2023,2023-04-14,12,2023,True,0.0206578487843292,0.020234410634682308,0.02187754904219155,0.019564721983573872
66,17.04.2023,2023-04-17,12,2023,True,0.0206788077771228,0.020172920615026325,0.02187754904219155,0.01950526706981069
66,18.04.2023,2023-04-18,12,2023,True,0.0208406822420299,0.019147062676664953,0.02187754904219155,0.0196412112543059
66,19.04.2023,2023-04-19,12,2023,True,0.0207441187255364,0.01863247088295436,0.02187754904219155,0.019262195461680648
66,20.04.2023,2023-04-20,12,2023,True,0.0205438716395053,0.01912224149881479,0.02187754904219155,0.019313188304098457
66,21.04.2023,2023-04-21,12,2023,True,0.0206167144600132,0.020341694041887223,0.02187754904219155,0.019452395801068945
66,24.04.2023,2023-04-24,12,2023,True,0.0205841354779547,0.019180927292989685,0.02187754904219155,0.019448654978757633
66,25.04.2023,2023-04-25,12,2023,True,0.0203702046745597,0.01888205823543008,0.02187754904219155,0.019478977828960502
66,26.04.2023,2023-04-26,12,2023,True,0.0197868091662774,0.020671486826440343,0.02187754904219155,0.019609803280461753
66,27.04.2023,2023-04-27,12,2023,True,0.0199430244584686,0.022157454131511926,0.02187754904219155,0.020024742115836765
66,28.04.2023,2023-04-28,12,2023,True,0.0200567732964197,0.021656934890024723,0.02187754904219155,0.02004157400249588
66,01.05.2023,2023-05-01,12,2023,True,0.020102827386875,0.02048227943084751,0.02187754904219155,0.019955453672589215
66,02.05.2023,2023-05-02,12,2023,True,0.019047954536782,0.02086881746513745,0.02187754904219155,0.01995605130136348
66,03.05.2023,2023-05-03,12,2023,True,0.0183170301143339,0.02315514995554381,0.02187754904219155,0.02078177696850729
66,04.05.2023,2023-05-04,12,2023,True,0.0183892461403756,0.0261649490429989,0.02187754904219155,0.021292983679884775
66,05.05.2023,2023-05-05,12,2023,True,0.0179624282372,0.02603225002250118,0.02187754904219155,0.02118499347997454
66,08.05.2023,2023-05-08,12,2023,True,0.0177847973053158,0.02317800683188176,0.02187754904219155,0.021754412369244466
66,09.05.2023,2023-05-09,12,2023,True,0.0178107802246835,0.02313376026635566,0.02187754904219155,0.021837523333368206
66,10.05.2023,2023-05-10,12,2023,True,0.0178389871512292,0.021892100441211114,0.02187754904219155,0.021834877841886407
66,11.05.2023,2023-05-11,12,2023,True,0.0178088015760729,0.021612058750461252,0.02187754904219155,0.021638338604485007
66,12.05.2023,2023-05-12,12,2023,True,0.0177566422780814,0.022899659215281046,0.02187754904219155,0.02168360182021408
66,15.05.2023,2023-05-15,12,2023,True,0.0177073191181258,0.023097340252349295,0.02187754904219155,0.02129401184848902
66,16.05.2023,2023-05-16,12,2023,True,0.0177060504206892,0.020119041854974127,0.02187754904219155,0.02126410626952815
66,17.05.2023,2023-05-17,12,2023,True,0.0174426658796867,0.02093431815778571,0.02187754904219155,0.021256763794891467
66,18.05.2023,2023-05-18,12,2023,True,0.0173880584444897,0.021025726183142968,0.02187754904219155,0.021349579753325444
66,19.05.2023,2023-05-19,12,2023,True,0.0173764205353298,0.021074319146893797,0.02187754904219155,0.021398921181346158
66,22.05.2023,2023-05-22,12,2023,True,0.0174313763240749,0.021039846547771017,0.02187754904219155,0.02136391761010845
66,23.05.2023,2023-05-23,12,2023,True,0.0173927783048183,0.022342101229290652,0.02187754904219155,0.021382655953251083
66,24.05.2023,2023-05-24,12,2023,True,0.0173014884221336,0.022360315680379703,0.02187754904219155,0.02144088334561666
66,25.05.2023,2023-05-25,12,2023,True,0.0169341746165433,0.02238395099638744,0.02187754904219155,0.02138518142932905
66,26.05.2023,2023-05-26,12,2023,True,0.0169539742803409,0.023449980365972695,0.02187754904219155,0.021627502878112916
66,30.05.2023,2023-05-30,12,2023,True,0.0160287800168674,0.02236121744004026,0.02187754904219155,0.021363462241903348
66,31.05.2023,2023-05-31,12,2023,True,0.0160092559315346,0.023317903857047566,0.02187754904219155,0.021899590449375173
66,01.06.2023,2023-06-01,12,2023,True,0.0158408783811517,0.02376966191926835,0.02187754904219155,0.021873254204908352
66,02.06.2023,2023-06-02,12,2023,True,0.0156598442534788,0.023968989847162135,0.02187754904219155,0.022056679213297896
66,05.06.2023,2023-06-05,12,2023,True,0.0156624316707656,0.023763577736611762,0.02187754904219155,0.02217064956223469
66,06.06.2023,2023-06-06,12,2023,True,0.0156340236883173,0.022972555426804236,0.02187754904219155,0.02218459141689286
66,07.06.2023,2023-06-07,12,2023,True,0.0156981097008371,0.022031362252408985,0.02187754904219155,0.02217442823006194
66,08.06.2023,2023-06-08,12,2023,True,0.0155872728580356,0.02055051690899712,0.02187754904219155,0.022139954344280968
66,09.06.2023,2023-06-09,12,2023,True,0.0155489694617207,0.020937085309462648,0.02187754904219155,0.022171341959761507
66,12.06.2023,2023-06-12,12,2023,True,0.0145614623828578,0.020301900988389417,0.02187754904219155,0.021872109736970576
66,13.06.2023,2023-06-13,12,2023,True,0.0140893809473874,0.023662457701601268,0.02187754904219155,0.022372537562315147
66,14.06.2023,2023-06-14,12,2023,True,0.0139130341611278,0.021799955289742906,0.02187754904219155,0.02275434800024931
66,15.06.2023,2023-06-15,12,2023,True,0.0135022432588846,0.022005311999754,0.02187754904219155,0.022724826523135972
66,16.06.2023,2023-06-16,12,2023,True,0.0134711038525915,0.02222119521588028,0.02187754904219155,0.022947768539853627
66,20.06.2023,2023-06-20,12,2023,True,0.0133900589363864,0.02171335225097395,0.02187754904219155,0.022423320475739816
66,21.06.2023,2023-06-21,12,2023,True,0.0132979772299089,0.02199315090159434,0.02187754904219155,0.021583831422816
66,22.06.2023,2023-06-22,12,2023,True,0.0122104457588206,0.020959481740003984,0.02187754904219155,0.021607622209906193
66,23.06.2023,2023-06-23,12,2023,True,0.0125128823420357,0.023309444293912667,0.02187754904219155,0.02196615716753958
66,26.06.2023,2023-06-26,12,2023,True,0.01267159173738,0.02327013530600157,0.02187754904219155,0.02192911349564142
66,27.06.2023,2023-06-27,12,2023,True,0.012118543602733,0.023080833249614973,0.02187754904219155,0.021786652376481974
66,28.06.2023,2023-06-28,12,2023,True,0.0135550392556619,0.025945975409783596,0.02187754904219155,0.021896761953476777
66,29.06.2023,2023-06-29,12,2023,True,0.0135546559690195,0.023527673993816063,0.02187754904219155,0.02208050300326774
66,30.06.2023,2023-06-30,12,2023,True,0.0154750475803946,0.022305886397110987,0.02187754904219155,0.02203766531050497
66,03.07.2023,2023-07-03,12,2023,True,0.0157092251918051,0.019528346543488964,0.02187754904219155,0.0214570533544544
66,05.07.2023,2023-07-05,12,2023,True,0.0154149629158588,0.02081066530676984,0.02187754904219155,0.021439488382314225
66,06.07.2023,2023-07-06,12,2023,True,0.0161698626372455,0.021056952276804673,0.02187754904219155,0.021693217254262372
66,07.07.2023,2023-07-07,12,2023,True,0.0159384213030929,0.021605259333853686,0.02187754904219155,0.021633832852975637
66,10.07.2023,2023-07-10,12,2023,True,0.0161211440629618,0.021820268501815624,0.02187754904219155,0.02184912637617151
66,11.07.2023,2023-07-11,12,2023,True,0.0159213397471587,0.023386189711041387,0.02187754904219155,0.02041296953370486
66,12.07.2023,2023-07-12,12,2023,True,0.0172363791670631,0.019172260817851075,0.02187754904219155,0.02060999227258946
66,13.07.2023,2023-07-13,12,2023,True,0.0172577091889868,0.019205164049179678,0.02187754904219155,0.020645362923441147
66,14.07.2023,2023-07-14,12,2023,True,0.0170770131015848,0.01913452509588471,0.02187754904219155,0.020741804473528365
66,17.07.2023,2023-07-17,12,2023,True,0.0170174925521633,0.01920534868677745,0.02187754904219155,0.020818577169325572
66,18.07.2023,2023-07-18,12,2023,True,0.0169762764719308,0.018957251702201666,0.02187754904219155,0.020797710738919898
66,19.07.2023,2023-07-19,12,2023,True,0.0169772862011169,0.018661323381102764,0.02187754904219155,0.02072115258860065
66,20.07.2023,2023-07-20,12,2023,True,0.0173200194548818,0.018747064597457126,0.02187754904219155,0.020658630050984655
66,21.07.2023,2023-07-21,12,2023,True,0.0174044363687648,0.01840059691332416,0.02187754904219155,0.02065784878432927
66,24.07.2023,2023-07-24,12,2023,True,0.0174538053696786,0.018506099106978348,0.02187754904219155,0.02067880777712282
66,25.07.2023,2023-07-25,12,2023,True,0.0177017671954627,0.01840753130832102,0.02187754904219155,0.02084068224202992
66,26.07.2023,2023-07-26,12,2023,True,0.0179884547474534,0.018751618421605512,0.02187754904219155,0.02074411872553646
66,27.07.2023,2023-07-27,12,2023,True,0.0184131699123343,0.01853559291625419,0.02187754904219155,0.02054387163950533
66,28.07.2023,2023-07-28,12,2023,True,0.0183842758727514,0.018566791575886962,0.02187754904219155,0.020616714460013282
66,31.07.2023,2023-07-31,12,2023,True,0.0188021693217147,0.018434926412510308,0.02187754904219155,0.0205841354779548
66,01.08.2023,2023-08-01,12,2023,True,0.0190486454134901,0.020352762069043174,0.02187754904219155,0.02037020467455977
66,02.08.2023,2023-08-02,12,2023,True,0.0190925056287442,0.01956400433140761,0.02187754904219155,0.019786809166277498
66,03.08.2023,2023-08-03,12,2023,True,0.0188844719582193,0.0201022028588203,0.02187754904219155,0.019943024458468683
66,04.08.2023,2023-08-04,12,2023,True,0.0195340724414503,0.020216859601091756,0.02187754904219155,0.020056773296419778
66,07.08.2023,2023-08-07,12,2023,True,0.0197382050046233,0.02026328127954567,0.02187754904219155,0.02010282738687501
66,08.08.2023,2023-08-08,12,2023,True,0.0197119738083904,0.018988842717934572,0.02187754904219155,0.019047954536782083
66,09.08.2023,2023-08-09,12,2023,True,0.019735701012405,0.01826018658481736,0.02187754904219155,0.018317030114333985
66,10.08.2023,2023-08-10,12,2023,True,0.019755006331512,0.018132752506386393,0.02187754904219155,0.018389246140375678
66,11.08.2023,2023-08-11,12,2023,True,0.0197433556955323,0.017530239170112427,0.02187754904219155,0.01796242823720002
66,14.08.2023,2023-08-14,12,2023,True,0.0198155166664033,0.01735688216743891,0.02187754904219155,0.017784797305315868
66,15.08.2023,2023-08-15,12,2023,True,0.0205537557816967,0.01717216841468486,0.02187754904219155,0.017810780224683555
66,16.08.2023,2023-08-16,12,2023,True,0.0210887239544052,0.01753089989008482,0.02187754904219155,0.017838987151229262
66,17.08.2023,2023-08-17,12,2023,True,0.021229693746385,0.017434896923479458,0.02187754904219155,0.017808801576072914
66,18.08.2023,2023-08-18,12,2023,True,0.0212053271554885,0.017306422942996093,0.02187754904219155,0.017756642278081484
66,21.08.2023,2023-08-21,12,2023,True,0.0212117386762282,0.017165548832848387,0.02187754904219155,0.017707319118125908
66,22.08.2023,2023-08-22,12,2023,True,0.0213019699689304,0.017557501767979877,0.02187754904219155,0.017706050420689276
66,23.08.2023,2023-08-23,12,2023,True,0.0212884512102123,0.017466025048274988,0.02187754904219155,0.017442665879686778
66,24.08.2023,2023-08-24,12,2023,True,0.0214528005411466,0.017564956886253844,0.02187754904219155,0.01738805844448977
66,25.08.2023,2023-08-25,12,2023,True,0.0214961829268835,0.01727579975108127,0.02187754904219155,0.017376420535329853
66,28.08.2023,2023-08-28,12,2023,True,0.0214993024872729,0.017330437310041847,0.02187754904219155,0.01743137632407494
66,29.08.2023,2023-08-29,12,2023,True,0.0222505265601882,0.017800848662771016,0.02187754904219155,0.01739277830481836
66,30.08.2023,2023-08-30,12,2023,True,0.0222706730061161,0.01782799469807939,0.02187754904219155,0.017301488422133655
66,31.08.2023,2023-08-31,12,2023,True,0.0222389477311511,0.017443963723897615,0.02187754904219155,0.01693417461654334
66,01.09.2023,2023-09-01,12,2023,True,0.0225272309239913,0.017464359439948278,0.02187754904219155,0.01695397428034098
66,05.09.2023,2023-09-05,12,2023,True,0.0223971595308981,0.01656731219421722,0.02187754904219155,0.016028780016867427
66,06.09.2023,2023-09-06,12,2023,True,0.0226132126256437,0.016650591234816502,0.02187754904219155,0.01600925593153469
66,07.09.2023,2023-09-07,12,2023,True,0.0226139125445471,0.01624221575230399,0.02187754904219155,0.015840878381151804
66,08.09.2023,2023-09-08,12,2023,True,0.0229749395166142,0.01736479729649084,0.02187754904219155,0.01565984425347882
66,11.09.2023,2023-09-11,12,2023,True,0.0230679728011863,0.0173150475973723,0.02187754904219155,0.015662431670765673
66,12.09.2023,2023-09-12,12,2023,True,0.0233396768314045,0.018270118924782353,0.02187754904219155,0.015634023688317376
66,13.09.2023,2023-09-13,12,2023,True,0.0233407632734044,0.01828928902370748,0.02187754904219155,0.0156981097008372
66,14.09.2023,2023-09-14,12,2023,True,0.0233194746007914,0.018030530859962736,0.02187754904219155,0.015587272858035644
66,15.09.2023,2023-09-15,12,2023,True,0.0234292364450926,0.017999973390146008,0.02187754904219155,0.015548969461720746
66,18.09.2023,2023-09-18,12,2023,True,0.0234324908634435,0.016856804308370315,0.02187754904219155,0.014561462382857816
66,19.09.2023,2023-09-19,12,2023,True,0.0234321691372478,0.018843906759293292,0.02187754904219155,0.014089380947387457
66,20.09.2023,2023-09-20,12,2023,True,0.0234208751920197,0.020067692462053453,0.02187754904219155,0.013913034161127815
66,21.09.2023,2023-09-21,12,2023,True,0.0236646738902784,0.019972997961889512,0.02187754904219155,0.013502243258884659
66,22.09.2023,2023-09-22,12,2023,True,0.0237405266008856,0.020067133650195575,0.02187754904219155,0.013471103852591568
66,25.09.2023,2023-09-25,12,2023,True,0.0237965023500537,0.0199464056695525,0.02187754904219155,0.013390058936386473
66,26.09.2023,2023-09-26,12,2023,True,0.0238327129266656,0.02111479808180933,0.02187754904219155,0.013297977229909002
66,27.09.2023,2023-09-27,12,2023,True,0.0235749448896768,0.019380604926038658,0.02187754904219155,0.012210445758820652
66,28.09.2023,2023-09-28,12,2023,True,0.0239227499555097,0.022527238945331117,0.02187754904219155,0.01251288234203578
66,29.09.2023,2023-09-29,12,2023,True,0.0239304314781653,0.020798864921122026,0.02187754904219155,0.012671591737380056
66,02.10.2023,2023-10-02,12,2023,True,0.0233168790247372,0.021817301557377773,0.02187754904219155,0.012118543602733086
66,03.10.2023,2023-10-03,12,2023,True,0.0236383441349974,0.02459080303830066,0.02187754904219155,0.013555039255661988
66,04.10.2023,2023-10-04,12,2023,True,0.0227578065181109,0.027375980626478315,0.02187754904219155,0.013554655969019523
66,05.10.2023,2023-10-05,12,2023,True,0.0226611868741436,0.029438277098377177,0.02187754904219155,0.01547504758039464
66,06.10.2023,2023-10-06,12,2023,True,0.0226717291432126,0.030771173468951706,0.02187754904219155,0.01570922519180517
66,09.10.2023,2023-10-09,12,2023,True,0.0220958689762346,0.02903267473651048,0.02187754904219155,0.015414962915858825
66,10.10.2023,2023-10-10,12,2023,True,0.022091551655897,0.030576981387195327,0.02187754904219155,0.016169862637245548
66,11.10.2023,2023-10-11,12,2023,True,0.0219633237315478,0.027586075710636537,0.02187754904219155,0.015938421303092944
66,12.10.2023,2023-10-12,12,2023,True,0.0220590934196978,0.028111238810061258,0.02187754904219155,0.01612114406296182
66,13.10.2023,2023-10-13,12,2023,True,0.020903339529312,0.027762830110598945,0.02187754904219155,0.015921339747158748
66,16.10.2023,2023-10-16,12,2023,True,0.0210123934556579,0.028953127853006605,0.02187754904219155,0.01723637916706319
66,17.10.2023,2023-10-17,12,2023,True,0.0210125223658691,0.03329594964329864,0.02187754904219155,0.017257709188986874
66,18.10.2023,2023-10-18,12,2023,True,0.0208957377102703,0.03294732586241359,0.02187754904219155,0.01707701310158484
66,19.10.2023,2023-10-19,12,2023,True,0.0212058376728025,0.032405737122602224,0.02187754904219155,0.017017492552163397
66,20.10.2023,2023-10-20,12,2023,True,0.0212881920200228,0.03226019266074148,0.02187754904219155,0.016976276471930812
66,23.10.2023,2023-10-23,12,2023,True,0.0211319488769239,0.03234149496077738,0.02187754904219155,0.01697728620111691
66,24.10.2023,2023-10-24,12,2023,True,0.0210215960220957,0.03296607753583305,0.02187754904219155,0.017320019454881836
66,25.10.2023,2023-10-25,12,2023,True,0.0208653177532833,0.03276525284718273,0.02187754904219155,0.017404436368764882
66,26.10.2023,2023-10-26,12,2023,True,0.0211427252746017,0.033109545502314416,0.02187754904219155,0.017453805369678638
66,27.10.2023,2023-10-27,12,2023,True,0.0208878835687455,0.03350567868524534,0.02187754904219155,0.017701767195462768
66,30.10.2023,2023-10-30,12,2023,True,0.0205489526834414,0.03441646410637406,0.02187754904219155,0.017988454747453482
66,31.10.2023,2023-10-31,12,2023,True,0.0205810089659891,0.02942026466511983,0.02187754904219155,0.018413169912334364
66,01.11.2023,2023-11-01,12,2023,True,0.0202502484023989,0.028366420144022502,0.02187754904219155,0.018384275872751404
66,02.11.2023,2023-11-02,12,2023,True,0.020342473711209,0.02878310913971336,0.02187754904219155,0.0188021693217148
66,03.11.2023,2023-11-03,12,2023,True,0.0201784917582811,0.028710806463050156,0.02187754904219155,0.019048645413490134
66,06.11.2023,2023-11-06,12,2023,True,0.0201737725666915,0.029437902150731197,0.02187754904219155,0.019092505628744216
66,07.11.2023,2023-11-07,12,2023,True,0.0195042124506729,0.027793694753663313,0.02187754904219155,0.01888447195821935
66,08.11.2023,2023-11-08,12,2023,True,0.019320236684158,0.02973500003603286,0.02187754904219155,0.019534072441450355
66,09.11.2023,2023-11-09,12,2023,True,0.0193963058856672,0.030883515386765304,0.02187754904219155,0.019738205004623328
66,10.11.2023,2023-11-10,12,2023,True,0.0192983408239608,0.031761447361053796,0.02187754904219155,0.019711973808390477
66,13.11.2023,2023-11-13,12,2023,True,0.0193055871082811,0.029786349963505907,0.02187754904219155,0.01973570101240504
66,14.11.2023,2023-11-14,12,2023,True,0.0193329213843551,0.030568025409466272,0.02187754904219155,0.019755006331512046
66,15.11.2023,2023-11-15,12,2023,True,0.0192520876085133,0.030113366512425483,0.02187754904219155,0.01974335569553235
66,16.11.2023,2023-11-16,12,2023,True,0.0185761038454473,0.030533710574972117,0.02187754904219155,0.0198155166664033
66,17.11.2023,2023-11-17,12,2023,True,0.0179555560979457,0.033664832325684686,0.02187754904219155,0.020553755781696745
66,20.11.2023,2023-11-20,12,2023,True,0.0178462212640099,0.03263176122921237,0.02187754904219155,0.021088723954405246
66,21.11.2023,2023-11-21,12,2023,True,0.0178454490130886,0.030345597005777533,0.02187754904219155,0.021229693746385007
66,22.11.2023,2023-11-22,12,2023,True,0.01782915431231,0.030699910688012876,0.02187754904219155,0.021205327155488566
66,24.11.2023,2023-11-24,12,2023,True,0.0176986371357018,0.03189799841951977,0.02187754904219155,0.021211738676228227
66,27.11.2023,2023-11-27,12,2023,True,0.0177104150434034,0.03203368732630572,0.02187754904219155,0.021301969968930443
66,28.11.2023,2023-11-28,12,2023,True,0.0175623653889845,0.032938967945822975,0.02187754904219155,0.021288451210212382
66,29.11.2023,2023-11-29,12,2023,True,0.0174866673350996,0.032450875672088576,0.02187754904219155,0.021452800541146635
66,30.11.2023,2023-11-30,12,2023,True,0.0174820104383919,0.03181074051631994,0.02187754904219155,0.021496182926883593
66,01.12.2023,2023-12-01,12,2023,True,0.016439907338104,0.03162141079285333,0.02187754904219155,0.021499302487272977
66,04.12.2023,2023-12-04,12,2023,True,0.0163779442801575,0.028248001391590855,0.02187754904219155,0.022250526560188243
66,05.12.2023,2023-12-05,12,2023,True,0.0163243268504219,0.029764383873906685,0.02187754904219155,0.02227067300611615
66,06.12.2023,2023-12-06,12,2023,True,0.0158483449375197,0.027447221820811486,0.02187754904219155,0.02223894773115117
66,07.12.2023,2023-12-07,12,2023,True,0.0159345704579031,0.029606856170093464,0.02187754904219155,0.022527230923991316
66,08.12.2023,2023-12-08,12,2023,True,0.0157052982811751,0.028857652296786235,0.02187754904219155,0.022397159530898103
66,11.12.2023,2023-12-11,12,2023,True,0.0158314835596371,0.027394900002140714,0.02187754904219155,0.022613212625643742
66,12.12.2023,2023-12-12,12,2023,True,0.0150502638182405,0.025871036934190884,0.02187754904219155,0.022613912544547147
66,13.12.2023,2023-12-13,12,2023,True,0.0151670045534554,0.027435482275289063,0.02187754904219155,0.02297493951661421
66,14.12.2023,2023-12-14,12,2023,True,0.0147366128267572,0.02805898902163307,0.02187754904219155,0.023067972801186342
66,15.12.2023,2023-12-15,12,2023,True,0.0147508353004302,0.02582853884466705,0.02187754904219155,0.023339676831404543
66,18.12.2023,2023-12-18,12,2023,True,0.0147068652643649,0.025979130119564604,0.02187754904219155,0.02334076327340442
66,19.12.2023,2023-12-19,12,2023,True,0.0146188773572344,0.028170199237785416,0.02187754904219155,0.023319474600791475
66,20.12.2023,2023-12-20,12,2023,True,0.0146123216265731,0.026470096284960547,0.02187754904219155,0.023429236445092642
66,21.12.2023,2023-12-21,12,2023,True,0.0147113790281443,0.026473773091385766,0.02187754904219155,0.023432490863443522
66,22.12.2023,2023-12-22,12,2023,True,0.0146978454478442,0.026483499124666816,0.02187754904219155,0.023432169137247882
66,26.12.2023,2023-12-26,12,2023,True,0.014534032202728,0.02652275197446176,0.02187754904219155,0.023420875192019717
66,27.12.2023,2023-12-27,12,2023,True,0.0143424154863403,0.027208306333293297,0.02187754904219155,0.0236646738902784
66,28.12.2023,2023-12-28,12,2023,True,0.0142534083138144,0.023904660576480316,0.02187754904219155,0.02374052660088568
66,29.12.2023,2023-12-29,12,2023,True,0.0140474823799801,0.024470074974261,0.02187754904219155,0.023796502350053723
66,02.01.2024,2024-01-02,13,2024,True,0.0139466903219893,0.022868460055055145,0.021762527891082573,0.023832712926665677
66,03.01.2024,2024-01-03,13,2024,True,0.0135942430085815,0.027402456607763123,0.021762527891082573,0.02357494488967685
66,04.01.2024,2024-01-04,13,2024,True,0.013582361741074,0.026051694717863314,0.021762527891082573,0.023922749955509772
66,05.01.2024,2024-01-05,13,2024,True,0.0135501826356433,0.026060059838243062,0.021762527891082573,0.023930431478165388
66,08.01.2024,2024-01-08,13,2024,True,0.0127951148158405,0.022991183512103434,0.021762527891082573,0.0233168790247373
66,09.01.2024,2024-01-09,13,2024,True,0.012650854713436,0.022421267580760264,0.021762527891082573,0.02363834413499744
66,10.01.2024,2024-01-10,13,2024,True,0.0125607875436218,0.021631935610206328,0.021762527891082573,0.02275780651811096
66,11.01.2024,2024-01-11,13,2024,True,0.0131877938126398,0.021494421593200266,0.021762527891082573,0.022661186874143684
66,12.01.2024,2024-01-12,13,2024,True,0.0131424734181758,0.02155011664273187,0.021762527891082573,0.022671729143212672
66,16.01.2024,2024-01-16,13,2024,True,0.0131410211440862,0.025549949995739632,0.021762527891082573,0.022095868976234632
66,17.01.2024,2024-01-17,13,2024,True,0.0131276135492903,0.027405799092221333,0.021762527891082573,0.02209155165589705
66,18.01.2024,2024-01-18,13,2024,True,0.0131383530938573,0.026871281189784334,0.021762527891082573,0.02196332373154786
66,19.01.2024,2024-01-19,13,2024,True,0.0131182756168184,0.024016606656782735,0.021762527891082573,0.022059093419697813
66,22.01.2024,2024-01-22,13,2024,True,0.0129963843966237,0.022956714531338487,0.021762527891082573,0.020903339529311997
66,23.01.2024,2024-01-23,13,2024,True,0.0129661692585261,0.022813777520621196,0.021762527891082573,0.021012393455657936
66,24.01.2024,2024-01-24,13,2024,True,0.0130702429074578,0.02210884665637833,0.021762527891082573,0.021012522365869177
66,25.01.2024,2024-01-25,13,2024,True,0.0126270410956006,0.021985968783960398,0.021762527891082573,0.020895737710270357
66,26.01.2024,2024-01-26,13,2024,True,0.0140917518244726,0.02269580887444445,0.021762527891082573,0.02120583767280255
66,29.01.2024,2024-01-29,13,2024,True,0.0139887312967168,0.02278394962857697,0.021762527891082573,0.021288192020022897
66,30.01.2024,2024-01-30,13,2024,True,0.0140127958380673,0.026352915248196655,0.021762527891082573,0.021131948876923972
66,31.01.2024,2024-01-31,13,2024,True,0.0139110148344476,0.026302966895797735,0.021762527891082573,0.02102159602209578
66,01.02.2024,2024-02-01,13,2024,True,0.0130877432922774,0.027275013086207802,0.021762527891082573,0.02086531775328333
66,02.02.2024,2024-02-02,13,2024,True,0.0128932216329761,0.02341063741376323,0.021762527891082573,0.021142725274601776
66,05.02.2024,2024-02-05,13,2024,True,0.0128644461053916,0.022977962259041956,0.021762527891082573,0.020887883568745536
66,06.02.2024,2024-02-06,13,2024,True,0.0129547755108436,0.022512986912249146,0.021762527891082573,0.02054895268344144
66,07.02.2024,2024-02-07,13,2024,True,0.0129469856294881,0.022525508375672618,0.021762527891082573,0.020581008965989106
66,08.02.2024,2024-02-08,13,2024,True,0.0125072409935312,0.02117779126101755,0.021762527891082573,0.020250248402398984
66,09.02.2024,2024-02-09,13,2024,True,0.0124911837639358,0.021087873850225175,0.021762527891082573,0.020342473711209088
66,12.02.2024,2024-02-12,13,2024,True,0.0125102623127686,0.021046378238303173,0.021762527891082573,0.02017849175828118
66,13.02.2024,2024-02-13,13,2024,True,0.0125011093767275,0.02047153299089694,0.021762527891082573,0.020173772566691596
66,14.02.2024,2024-02-14,13,2024,True,0.0123780604022943,0.01979209031555446,0.021762527891082573,0.01950421245067299
66,15.02.2024,2024-02-15,13,2024,True,0.0122997393022932,0.01988738548444022,0.021762527891082573,0.01932023668415807
66,16.02.2024,2024-02-16,13,2024,True,0.0123510545770485,0.020322904866168234,0.021762527891082573,0.01939630588566726
66,20.02.2024,2024-02-20,13,2024,True,0.0122643462258448,0.020156912113603355,0.021762527891082573,0.019298340823960845
66,21.02.2024,2024-02-21,13,2024,True,0.0122750939045658,0.021949517490338317,0.021762527891082573,0.019305587108281133
66,22.02.2024,2024-02-22,13,2024,True,0.0126332280862766,0.021678412327152664,0.021762527891082573,0.019332921384355124
66,23.02.2024,2024-02-23,13,2024,True,0.0122820059059456,0.021587771710154316,0.021762527891082573,0.019252087608513355
66,26.02.2024,2024-02-26,13,2024,True,0.0124852234718429,0.021090862044251233,0.021762527891082573,0.018576103845447382
66,27.02.2024,2024-02-27,13,2024,True,0.0123730698540345,0.020639027943464967,0.021762527891082573,0.017955556097945774
66,28.02.2024,2024-02-28,13,2024,True,0.0133336573746878,0.020513352933429818,0.021762527891082573,0.01784622126400993
66,29.02.2024,2024-02-29,13,2024,True,0.0133878258862676,0.02051246526900682,0.021762527891082573,0.01784544901308867
66,01.03.2024,2024-03-01,13,2024,True,0.0134768559952024,0.02099749568918972,0.021762527891082573,0.01782915431231008
66,04.03.2024,2024-03-04,13,2024,True,0.0136472779616329,0.02068024258384839,0.021762527891082573,0.01769863713570188
66,05.03.2024,2024-03-05,13,2024,True,0.0136082636502864,0.02152411069383589,0.021762527891082573,0.01771041504340345
66,06.03.2024,2024-03-06,13,2024,True,0.013891812418067,0.020945335668352837,0.021762527891082573,0.017562365388984504
66,07.03.2024,2024-03-07,13,2024,True,0.01389963039016,0.020746516635320428,0.021762527891082573,0.01748666733509961
66,08.03.2024,2024-03-08,13,2024,True,0.0138754905745322,0.020740991603982965,0.021762527891082573,0.01748201043839196
66,11.03.2024,2024-03-11,13,2024,True,0.0138759020751831,0.019504620551023883,0.021762527891082573,0.01643990733810404
66,12.03.2024,2024-03-12,13,2024,True,0.0138701003238692,0.019574787642839767,0.021762527891082573,0.016377944280157555
66,13.03.2024,2024-03-13,13,2024,True,0.0137228813703272,0.018280833096169298,0.021762527891082573,0.016324326850421938
66,14.03.2024,2024-03-14,13,2024,True,0.0136628627619517,0.01923654086694611,0.021762527891082573,0.01584834493751973
66,15.03.2024,2024-03-15,13,2024,True,0.0136733300876823,0.018930789602903793,0.021762527891082573,0.015934570457903176
66,18.03.2024,2024-03-18,13,2024,True,0.0135040493897426,0.019118575359133305,0.021762527891082573,0.015705298281175187
66,19.03.2024,2024-03-19,13,2024,True,0.0135330880741058,0.020468405662408685,0.021762527891082573,0.015831483559637153
66,20.03.2024,2024-03-20,13,2024,True,0.0134569596654135,0.019401721063654735,0.021762527891082573,0.015050263818240537
66,21.03.2024,2024-03-21,13,2024,True,0.0134599765714976,0.01817243568732062,0.021762527891082573,0.015167004553455451
66,22.03.2024,2024-03-22,13,2024,True,0.0135502179272489,0.017567460643378715,0.021762527891082573,0.014736612826757268
66,25.03.2024,2024-03-25,13,2024,True,0.0134170699183515,0.019059446329305906,0.021762527891082573,0.014750835300430254
66,26.03.2024,2024-03-26,13,2024,True,0.0134006608551876,0.018086897163403715,0.021762527891082573,0.014706865264364995
66,27.03.2024,2024-03-27,13,2024,True,0.0134087566970589,0.018016097945790857,0.021762527891082573,0.014618877357234479
66,28.03.2024,2024-03-28,13,2024,True,0.0133536295331093,0.01895183524526987,0.021762527891082573,0.014612321626573145
66,01.04.2024,2024-04-01,13,2024,True,0.0134011778746087,0.018973958717329042,0.021762527891082573,0.014711379028144376
66,02.04.2024,2024-04-02,13,2024,True,0.0132721197672903,0.018624624313425462,0.021762527891082573,0.014697845447844278
66,03.04.2024,2024-04-03,13,2024,True,0.0133393561604841,0.018687634813641173,0.021762527891082573,0.014534032202728019
66,04.04.2024,2024-04-04,13,2024,True,0.0132229146504745,0.01844125699019245,0.021762527891082573,0.014342415486340349
66,05.04.2024,2024-04-05,13,2024,True,0.0132098421100741,0.020175533591489984,0.021762527891082573,0.014253408313814454
66,08.04.2024,2024-04-08,13,2024,True,0.0131815485838039,0.01988404782864919,0.021762527891082573,0.01404748237998012
66,09.04.2024,2024-04-09,13,2024,True,0.0131260950730654,0.019176986818218063,0.021762527891082573,0.01394669032198931
66,10.04.2024,2024-04-10,13,2024,True,0.0131192392692792,0.018107108954618027,0.021762527891082573,0.013594243008581607
66,11.04.2024,2024-04-11,13,2024,True,0.0132571138805099,0.018676027505835892,0.021762527891082573,0.013582361741074111
66,12.04.2024,2024-04-12,13,2024,True,0.0132135225672155,0.019348547494902217,0.021762527891082573,0.013550182635643367
66,15.04.2024,2024-04-15,13,2024,True,0.0136724820476675,0.018270372686033088,0.021762527891082573,0.012795114815840575
66,16.04.2024,2024-04-16,13,2024,True,0.0136735762829844,0.02321892160112377,0.021762527891082573,0.012650854713436091
66,17.04.2024,2024-04-17,13,2024,True,0.0133173950781393,0.02132740210885044,0.021762527891082573,0.012560787543621854
66,18.04.2024,2024-04-18,13,2024,True,0.0133705310329303,0.02055356564670985,0.021762527891082573,0.01318779381263985
66,19.04.2024,2024-04-19,13,2024,True,0.0134116125212663,0.020003337465432126,0.021762527891082573,0.013142473418175857
66,22.04.2024,2024-04-22,13,2024,True,0.0135236021555741,0.020001127049798582,0.021762527891082573,0.013141021144086235
66,23.04.2024,2024-04-23,13,2024,True,0.0134855449174812,0.023541128527514842,0.021762527891082573,0.013127613549290398
66,24.04.2024,2024-04-24,13,2024,True,0.0135751637401367,0.0224738029708038,0.021762527891082573,0.01313835309385737
66,25.04.2024,2024-04-25,13,2024,True,0.0139171283871995,0.022650375026735524,0.021762527891082573,0.013118275616818435
66,26.04.2024,2024-04-26,13,2024,True,0.0139872661313218,0.022293898386580326,0.021762527891082573,0.012996384396623794
66,29.04.2024,2024-04-29,13,2024,True,0.0145066073763068,0.0222420675697987,0.021762527891082573,0.012966169258526165
66,30.04.2024,2024-04-30,13,2024,True,0.0145090225782324,0.019871510251212546,0.021762527891082573,0.01307024290745784
66,01.05.2024,2024-05-01,13,2024,True,0.0131331128154065,0.019197682732471504,0.021762527891082573,0.012627041095600708
66,02.05.2024,2024-05-02,13,2024,True,0.0134872324992029,0.02052180334807553,0.021762527891082573,0.014091751824472618
66,03.05.2024,2024-05-03,13,2024,True,0.0135277050350854,0.01963707264020374,0.021762527891082573,0.013988731296716836
66,06.05.2024,2024-05-06,13,2024,True,0.0135404442254786,0.019840587219340927,0.021762527891082573,0.014012795838067362
66,07.05.2024,2024-05-07,13,2024,True,0.014144994023818,0.020778498509542612,0.021762527891082573,0.013911014834447679
66,08.05.2024,2024-05-08,13,2024,True,0.0143328935264683,0.01885722554840664,0.021762527891082573,0.013087743292277422
66,09.05.2024,2024-05-09,13,2024,True,0.0143874664347492,0.018674139786945675,0.021762527891082573,0.012893221632976183
66,10.05.2024,2024-05-10,13,2024,True,0.0144482373206221,0.018792653442529034,0.021762527891082573,0.012864446105391685
66,13.05.2024,2024-05-13,13,2024,True,0.0145624562683692,0.01882611582993017,0.021762527891082573,0.012954775510843699
66,14.05.2024,2024-05-14,13,2024,True,0.014823003669969,0.01949796643276551,0.021762527891082573,0.01294698562948816
66,15.05.2024,2024-05-15,13,2024,True,0.0148203734178692,0.01883571759768931,0.021762527891082573,0.012507240993531234
66,16.05.2024,2024-05-16,13,2024,True,0.0148899685766899,0.01881153565043047,0.021762527891082573,0.012491183763935891
66,17.05.2024,2024-05-17,13,2024,True,0.0149821245324987,0.01831749948240415,0.021762527891082573,0.012510262312768708
66,20.05.2024,2024-05-20,13,2024,True,0.0152754623940716,0.01882648347462477,0.021762527891082573,0.012501109376727515
66,21.05.2024,2024-05-21,13,2024,True,0.0156971379652042,0.017060598895918447,0.021762527891082573,0.012378060402294373
66,22.05.2024,2024-05-22,13,2024,True,0.0158900050229844,0.016349988302680758,0.021762527891082573,0.012299739302293217
66,23.05.2024,2024-05-23,13,2024,True,0.0159292434886983,0.016886765454165873,0.021762527891082573,0.012351054577048583
66,24.05.2024,2024-05-24,13,2024,True,0.0160181593939687,0.017296542189691535,0.021762527891082573,0.012264346225844854
66,28.05.2024,2024-05-28,13,2024,True,0.0157823759685365,0.01691868085218865,0.021762527891082573,0.012275093904565907
66,29.05.2024,2024-05-29,13,2024,True,0.0176946026446074,0.01622203070155746,0.021762527891082573,0.012633228086276628
66,30.05.2024,2024-05-30,13,2024,True,0.0176021932832481,0.015333426850719757,0.021762527891082573,0.012282005905945668
66,31.05.2024,2024-05-31,13,2024,True,0.0176027803627475,0.017477158913774105,0.021762527891082573,0.012485223471842936
66,03.06.2024,2024-06-03,13,2024,True,0.0171204813820263,0.017735426012010745,0.021762527891082573,0.012373069854034599
66,04.06.2024,2024-06-04,13,2024,True,0.0171474969089771,0.017920886686790823,0.021762527891082573,0.013333657374687892
66,05.06.2024,2024-06-05,13,2024,True,0.0176484161018247,0.017257246369114573,0.021762527891082573,0.013387825886267643
66,06.06.2024,2024-06-06,13,2024,True,0.0176829808672,0.01696525312450626,0.021762527891082573,0.013476855995202456
66,07.06.2024,2024-06-07,13,2024,True,0.0178688834724459,0.016041210877722707,0.021762527891082573,0.01364727796163299
66,10.06.2024,2024-06-10,13,2024,True,0.0175642201152714,0.016160943780030128,0.021762527891082573,0.013608263650286495
66,11.06.2024,2024-06-11,13,2024,True,0.0176878190964068,0.0173365102860205,0.021762527891082573,0.013891812418067065
66,12.06.2024,2024-06-12,13,2024,True,0.017738448122543,0.017207063557803683,0.021762527891082573,0.013899630390160091
66,13.06.2024,2024-06-13,13,2024,True,0.0177334439153405,0.017177179645057623,0.021762527891082573,0.013875490574532245
66,14.06.2024,2024-06-14,13,2024,True,0.0178763980934607,0.01704439874937646,0.021762527891082573,0.013875902075183163
66,17.06.2024,2024-06-17,13,2024,True,0.0176871361308514,0.017037272195563738,0.021762527891082573,0.013870100323869263
66,18.06.2024,2024-06-18,13,2024,True,0.0176075034370926,0.015579599223275271,0.021762527891082573,0.013722881370327287
66,20.06.2024,2024-06-20,13,2024,True,0.0177480902931381,0.01535637629257952,0.021762527891082573,0.013662862761951807
66,21.06.2024,2024-06-21,13,2024,True,0.0179313445692556,0.015368141044630123,0.021762527891082573,0.013673330087682387
66,24.06.2024,2024-06-24,13,2024,True,0.0181032096121404,0.015177877983225983,0.021762527891082573,0.013504049389742619
66,25.06.2024,2024-06-25,13,2024,True,0.018095252103724,0.01490297677805657,0.021762527891082573,0.01353308807410591
66,26.06.2024,2024-06-26,13,2024,True,0.0180829814664758,0.014819142260710697,0.021762527891082573,0.013456959665413602
66,27.06.2024,2024-06-27,13,2024,True,0.0182892542251945,0.01491954489898101,0.021762527891082573,0.013459976571497632
66,28.06.2024,2024-06-28,13,2024,True,0.0183070197551474,0.015019571815946623,0.021762527891082573,0.013550217927248923
66,01.07.2024,2024-07-01,13,2024,True,0.0193671960153813,0.014903588871450355,0.021762527891082573,0.013417069918351586
66,02.07.2024,2024-07-02,13,2024,True,0.0193846208976425,0.015753269659825174,0.021762527891082573,0.013400660855187698
66,03.07.2024,2024-07-03,13,2024,True,0.0198609734190244,0.016019232265046437,0.021762527891082573,0.013408756697058929
66,05.07.2024,2024-07-05,13,2024,True,0.020641846070229,0.01569017021928782,0.021762527891082573,0.013353629533109314
66,08.07.2024,2024-07-08,13,2024,True,0.0206349576334677,0.015746038293950312,0.021762527891082573,0.013401177874608752
66,09.07.2024,2024-07-09,13,2024,True,0.0211050964432844,0.01619014011512962,0.021762527891082573,0.013272119767290348
66,10.07.2024,2024-07-10,13,2024,True,0.0210964722730192,0.016272159163008202,0.021762527891082573,0.013339356160484152
66,11.07.2024,2024-07-11,13,2024,True,0.0212170070179351,0.016130116716486717,0.021762527891082573,0.01322291465047459
66,12.07.2024,2024-07-12,13,2024,True,0.0218028840899415,0.01611417003543993,0.021762527891082573,0.013209842110074156
66,15.07.2024,2024-07-15,13,2024,True,0.0218038272979446,0.01607965586869814,0.021762527891082573,0.013181548583803977
66,16.07.2024,2024-07-16,13,2024,True,0.0217668908567391,0.01631770972925939,0.021762527891082573,0.013126095073065414
66,17.07.2024,2024-07-17,13,2024,True,0.0217516732274475,0.016265065194702007,0.021762527891082573,0.013119239269279217
66,18.07.2024,2024-07-18,13,2024,True,0.0218750959388837,0.016577309260137636,0.021762527891082573,0.01325711388050995
66,19.07.2024,2024-07-19,13,2024,True,0.021819840037755,0.017313894320457077,0.021762527891082573,0.013213522567215608
66,22.07.2024,2024-07-22,13,2024,True,0.0218782278345716,0.017809825999055985,0.021762527891082573,0.013672482047667566
66,23.07.2024,2024-07-23,13,2024,True,0.0218064249750443,0.01645291391556762,0.021762527891082573,0.013673576282984481
66,24.07.2024,2024-07-24,13,2024,True,0.0219650743024018,0.01599261788944235,0.021762527891082573,0.013317395078139322
66,25.07.2024,2024-07-25,13,2024,True,0.0232083371109282,0.016281609696631266,0.021762527891082573,0.01337053103293034
66,26.07.2024,2024-07-26,13,2024,True,0.0231529809575982,0.016331635589933214,0.021762527891082573,0.01341161252126636
66,29.07.2024,2024-07-29,13,2024,True,0.0232328272123346,0.019692377900322945,0.021762527891082573,0.01352360215557418
66,30.07.2024,2024-07-30,13,2024,True,0.0232054117662217,0.02366963108734138,0.021762527891082573,0.013485544917481286
66,31.07.2024,2024-07-31,13,2024,True,0.0229528678778207,0.02680428461022356,0.021762527891082573,0.013575163740136797
66,01.08.2024,2024-08-01,13,2024,True,0.0231493862280976,0.02801349068879617,0.021762527891082573,0.013917128387199542
66,02.08.2024,2024-08-02,13,2024,True,0.0227739034187746,0.02502501205711206,0.021762527891082573,0.013987266131321825
66,05.08.2024,2024-08-05,13,2024,True,0.0227808631362685,0.025683148610415867,0.021762527891082573,0.014506607376306893
66,06.08.2024,2024-08-06,13,2024,True,0.0228100754057013,0.023331346018319356,0.021762527891082573,0.014509022578232505
66,07.08.2024,2024-08-07,13,2024,True,0.0227874582250837,0.021053927233737977,0.021762527891082573,0.013133112815406587
66,08.08.2024,2024-08-08,13,2024,True,0.0229831397261079,0.020933179078663343,0.021762527891082573,0.013487232499202976
66,09.08.2024,2024-08-09,13,2024,True,0.0229645628292779,0.020725446433074796,0.021762527891082573,0.013527705035085496
66,12.08.2024,2024-08-12,13,2024,True,0.0225830537591798,0.020143615064182583,0.021762527891082573,0.013540444225478631
66,13.08.2024,2024-08-13,13,2024,True,0.0224837511972345,0.022111721036786033,0.021762527891082573,0.014144994023818053
66,14.08.2024,2024-08-14,13,2024,True,0.0225798872719823,0.020508458615235776,0.021762527891082573,0.014332893526468366
66,15.08.2024,2024-08-15,13,2024,True,0.0228433061298488,0.017421492517917615,0.021762527891082573,0.014387466434749311
66,16.08.2024,2024-08-16,13,2024,True,0.0227627076261193,0.01749507875621344,0.021762527891082573,0.014448237320622136
66,19.08.2024,2024-08-19,13,2024,True,0.0225691417588288,0.01757520974513928,0.021762527891082573,0.014562456268369274
66,20.08.2024,2024-08-20,13,2024,True,0.022697431283232,0.016895136953300298,0.021762527891082573,0.014823003669969071
66,21.08.2024,2024-08-21,13,2024,True,0.0226819607154547,0.016772662388661,0.021762527891082573,0.014820373417869306
66,22.08.2024,2024-08-22,13,2024,True,0.0228749212998105,0.018019152324924435,0.021762527891082573,0.014889968576689972
66,23.08.2024,2024-08-23,13,2024,True,0.0226799547691992,0.016893646481807214,0.021762527891082573,0.014982124532498744
66,26.08.2024,2024-08-26,13,2024,True,0.0223417405412458,0.01703194040759592,0.021762527891082573,0.015275462394071668
66,27.08.2024,2024-08-27,13,2024,True,0.0221798214503912,0.017671722116631098,0.021762527891082573,0.01569713796520423
66,28.08.2024,2024-08-28,13,2024,True,0.0222127654946626,0.017888850427416128,0.021762527891082573,0.015890005022984453
66,29.08.2024,2024-08-29,13,2024,True,0.0223381492089506,0.01818872873703314,0.021762527891082573,0.015929243488698386
66,30.08.2024,2024-08-30,13,2024,True,0.0223749293134568,0.018236907033489583,0.021762527891082573,0.016018159393968744
66,03.09.2024,2024-09-03,13,2024,True,0.0208541145323047,0.019340614840648633,0.021762527891082573,0.015782375968536565
66,04.09.2024,2024-09-04,13,2024,True,0.0208461543675951,0.02429429121743707,0.021762527891082573,0.017694602644607437
66,05.09.2024,2024-09-05,13,2024,True,0.0209232078510354,0.024773182252554742,0.021762527891082573,0.017602193283248205
66,06.09.2024,2024-09-06,13,2024,True,0.0207323503368807,0.024144920491379545,0.021762527891082573,0.0176027803627476
66,09.09.2024,2024-09-09,13,2024,True,0.0208100374195619,0.02351527285023253,0.021762527891082573,0.01712048138202631
66,10.09.2024,2024-09-10,13,2024,True,0.0202649171468338,0.023817357036456318,0.021762527891082573,0.017147496908977208
66,11.09.2024,2024-09-11,13,2024,True,0.0201927928812814,0.02520127500777142,0.021762527891082573,0.017648416101824726
66,12.09.2024,2024-09-12,13,2024,True,0.0200895915394468,0.024599838999076834,0.021762527891082573,0.01768298086720009
66,13.09.2024,2024-09-13,13,2024,True,0.0201179780370816,0.02358994552488157,0.021762527891082573,0.017868883472445928
66,16.09.2024,2024-09-16,13,2024,True,0.0200275551042805,0.020798853069971077,0.021762527891082573,0.017564220115271444
66,17.09.2024,2024-09-17,13,2024,True,0.0199812476037402,0.019313380118059886,0.021762527891082573,0.017687819096406876
66,18.09.2024,2024-09-18,13,2024,True,0.0199815139259535,0.020839152794880817,0.021762527891082573,0.01773844812254307
66,19.09.2024,2024-09-19,13,2024,True,0.0198777406894402,0.020833273845505457,0.021762527891082573,0.017733443915340583
66,20.09.2024,2024-09-20,13,2024,True,0.0199370235485368,0.01934967264474834,0.021762527891082573,0.017876398093460755
66,23.09.2024,2024-09-23,13,2024,True,0.0199203891639961,0.018460481099417572,0.021762527891082573,0.01768713613085143
66,24.09.2024,2024-09-24,13,2024,True,0.019866442917845,0.019735310875084924,0.021762527891082573,0.01760750343709269
66,25.09.2024,2024-09-25,13,2024,True,0.0196639025433609,0.019843034062323402,0.021762527891082573,0.01774809029313819
66,26.09.2024,2024-09-26,13,2024,True,0.0193999326051131,0.02004791925182864,0.021762527891082573,0.017931344569255676
66,27.09.2024,2024-09-27,13,2024,True,0.0194982381688211,0.02447659465768471,0.021762527891082573,0.018103209612140486
66,30.09.2024,2024-09-30,13,2024,True,0.0195103220254177,0.02449424709825619,0.021762527891082573,0.018095252103724056
66,01.10.2024,2024-10-01,13,2024,True,0.0192892197849695,0.02517730820074782,0.021762527891082573,0.018082981466475894
66,02.10.2024,2024-10-02,13,2024,True,0.0193164297001939,0.02667994687219509,0.021762527891082573,0.01828925422519457
66,03.10.2024,2024-10-03,13,2024,True,0.0183960650091933,0.025830478390787504,0.021762527891082573,0.01830701975514747
66,04.10.2024,2024-10-04,13,2024,True,0.01925454388068,0.026069842641860266,0.021762527891082573,0.01936719601538132
66,07.10.2024,2024-10-07,13,2024,True,0.018824650781501,0.025657270355864407,0.021762527891082573,0.019384620897642535
66,08.10.2024,2024-10-08,13,2024,True,0.0179520792210765,0.02656230417637472,0.021762527891082573,0.019860973419024413
66,09.10.2024,2024-10-09,13,2024,True,0.0181925596954897,0.028034811935713867,0.021762527891082573,0.020641846070229012
66,10.10.2024,2024-10-10,13,2024,True,0.0176942523792621,0.027262992392660636,0.021762527891082573,0.020634957633467798
66,11.10.2024,2024-10-11,13,2024,True,0.0177023081126235,0.028060701723121976,0.021762527891082573,0.021105096443284493
66,14.10.2024,2024-10-14,13,2024,True,0.0176773061728084,0.028609352805071937,0.021762527891082573,0.0210964722730193
66,15.10.2024,2024-10-15,13,2024,True,0.0168631504555199,0.027738097960083488,0.021762527891082573,0.02121700701793512
66,16.10.2024,2024-10-16,13,2024,True,0.0169070757903539,0.026519469337886927,0.021762527891082573,0.02180288408994156
66,17.10.2024,2024-10-17,13,2024,True,0.0169062894611325,0.02648464080178376,0.021762527891082573,0.02180382729794465
66,18.10.2024,2024-10-18,13,2024,True,0.0168958583535566,0.02596878473159107,0.021762527891082573,0.021766890856739163
66,21.10.2024,2024-10-21,13,2024,True,0.0167889530867325,0.025940960179229856,0.021762527891082573,0.021751673227447595
66,22.10.2024,2024-10-22,13,2024,True,0.0166156130699683,0.02503746888204532,0.021762527891082573,0.02187509593888378
66,23.10.2024,2024-10-23,13,2024,True,0.0165231453856751,0.025179638562321565,0.021762527891082573,0.02181984003775503
66,24.10.2024,2024-10-24,13,2024,True,0.0164934524942003,0.025318689723624412,0.021762527891082573,0.02187822783457166
66,25.10.2024,2024-10-25,13,2024,True,0.016320805012089,0.02503480272667281,0.021762527891082573,0.021806424975044366
66,28.10.2024,2024-10-28,13,2024,True,0.0143123701740407,0.026200054209587032,0.021762527891082573,0.02196507430240186
66,29.10.2024,2024-10-29,13,2024,True,0.014555258659778,0.023626767929604484,0.021762527891082573,0.023208337110928262
66,30.10.2024,2024-10-30,13,2024,True,0.0143682571772584,0.023236130236278144,0.021762527891082573,0.023152980957598223
66,31.10.2024,2024-10-31,13,2024,True,0.014345136110081,0.023056292125781426,0.021762527891082573,0.023232827212334693
66,01.11.2024,2024-11-01,13,2024,True,0.0144748930614413,0.027151185557512232,0.021762527891082573,0.023205411766221793
66,04.11.2024,2024-11-04,13,2024,True,0.0142151367845949,0.02364689281327339,0.021762527891082573,0.022952867877820724
66,05.11.2024,2024-11-05,13,2024,True,0.0145074822976161,0.02371952686932335,0.021762527891082573,0.023149386228097632
66,06.11.2024,2024-11-06,13,2024,True,0.0144751458334018,0.023291293454384878,0.021762527891082573,0.0227739034187747
66,07.11.2024,2024-11-07,13,2024,True,0.0144341267447425,0.02324002394059876,0.021762527891082573,0.022780863136268547
66,08.11.2024,2024-11-08,13,2024,True,0.0142467438494088,0.022840231032981734,0.021762527891082573,0.022810075405701354
66,11.11.2024,2024-11-11,13,2024,True,0.0137991373805725,0.02101087566837708,0.021762527891082573,0.022787458225083792
66,12.11.2024,2024-11-12,13,2024,True,0.0138123464078866,0.02079642837183087,0.021762527891082573,0.022983139726107927
66,13.11.2024,2024-11-13,13,2024,True,0.0142260494364305,0.021198378399487183,0.021762527891082573,0.022964562829277963
66,14.11.2024,2024-11-14,13,2024,True,0.0142294649100901,0.022125991396431073,0.021762527891082573,0.022583053759179805
66,15.11.2024,2024-11-15,13,2024,True,0.0142949253239514,0.02021698351494701,0.021762527891082573,0.02248375119723456
66,18.11.2024,2024-11-18,13,2024,True,0.0137878008491918,0.021074740543773902,0.021762527891082573,0.02257988727198238
66,19.11.2024,2024-11-19,13,2024,True,0.0140227749953885,0.020544041303764776,0.021762527891082573,0.022843306129848816
66,20.11.2024,2024-11-20,13,2024,True,0.0140724752332247,0.02047155534309744,0.021762527891082573,0.022762707626119334
66,21.11.2024,2024-11-21,13,2024,True,0.0141118903824265,0.019666883275852445,0.021762527891082573,0.02256914175882882
66,22.11.2024,2024-11-22,13,2024,True,0.0140456674764269,0.019778675524264613,0.021762527891082573,0.022697431283232025
66,25.11.2024,2024-11-25,13,2024,True,0.0139202762987733,0.01958733045849167,0.021762527891082573,0.02268196071545471
66,26.11.2024,2024-11-26,13,2024,True,0.0139232524491327,0.02079324027372875,0.021762527891082573,0.022874921299810527
66,27.11.2024,2024-11-27,13,2024,True,0.0140230262279063,0.020881737475365633,0.021762527891082573,0.02267995476919923
66,29.11.2024,2024-11-29,13,2024,True,0.0141404090326017,0.01974833824330051,0.021762527891082573,0.02234174054124582
66,02.12.2024,2024-12-02,13,2024,True,0.0140342789913012,0.019004261077637283,0.021762527891082573,0.022179821450391247
66,03.12.2024,2024-12-03,13,2024,True,0.0139134750826801,0.022366477388721804,0.021762527891082573,0.02221276549466266
66,04.12.2024,2024-12-04,13,2024,True,0.0138644761521898,0.022492728755811132,0.021762527891082573,0.022338149208950633
66,05.12.2024,2024-12-05,13,2024,True,0.0139203886397541,0.02216425800279788,0.021762527891082573,0.0223749293134569
66,06.12.2024,2024-12-06,13,2024,True,0.0138489957232844,0.02009405853106834,0.021762527891082573,0.02085411453230474
66,09.12.2024,2024-12-09,13,2024,True,0.0137607694430273,0.020217272617713375,0.021762527891082573,0.0208461543675952
66,10.12.2024,2024-12-10,13,2024,True,0.0137667754690624,0.018952716509057457,0.021762527891082573,0.02092320785103548
66,11.12.2024,2024-12-11,13,2024,True,0.0137433223652487,0.018753809900518875,0.021762527891082573,0.020732350336880725
66,12.12.2024,2024-12-12,13,2024,True,0.0137460253354548,0.01865679498834453,0.021762527891082573,0.020810037419561975
66,13.12.2024,2024-12-13,13,2024,True,0.0137005854651174,0.018973041385654317,0.021762527891082573,0.020264917146833837
66,16.12.2024,2024-12-16,13,2024,True,0.0136685091916802,0.01942608444085684,0.021762527891082573,0.020192792881281448
66,17.12.2024,2024-12-17,13,2024,True,0.0136771846978768,0.02029454177127966,0.021762527891082573,0.02008959153944688
66,18.12.2024,2024-12-18,13,2024,True,0.0136788522737193,0.02032696392891604,0.021762527891082573,0.020117978037081624
66,19.12.2024,2024-12-19,13,2024,True,0.0136677572943262,0.020668598126932752,0.021762527891082573,0.020027555104280528
66,20.12.2024,2024-12-20,13,2024,True,0.0137886729131889,0.020065987868722324,0.021762527891082573,0.01998124760374026
66,23.12.2024,2024-12-23,13,2024,True,0.0137844333105406,0.01996744832177553,0.021762527891082573,0.01998151392595357
66,24.12.2024,2024-12-24,13,2024,True,0.0137136903213584,0.01933217085170628,0.021762527891082573,0.01987774068944026
66,26.12.2024,2024-12-26,13,2024,True,0.0159716587765146,0.019467565391656477,0.021762527891082573,0.019937023548536836
66,27.12.2024,2024-12-27,13,2024,True,0.0178656097679454,0.019451322697855846,0.021762527891082573,0.0199203891639962
66,30.12.2024,2024-12-30,13,2024,True,0.0180107079800045,0.01939864672684015,0.021762527891082573,0.01986644291784504
66,31.12.2024,2024-12-31,13,2024,True,0.0181576723135666,0.01879093472958108,0.021762527891082573,0.019663902543360992
66,02.01.2025,2025-01-02,14,2025,True,0.0188005670854308,0.015891444980432656,0.021482107983471017,0.019399932605113107
66,03.01.2025,2025-01-03,14,2025,True,0.0191440993851322,0.016095988754304427,0.021482107983471017,0.019498238168821166
66,06.01.2025,2025-01-06,14,2025,True,0.0193936741549402,0.016908966842720842,0.021482107983471017,0.01951032202541779
66,07.01.2025,2025-01-07,14,2025,True,0.0193410025226298,0.018234937286340454,0.021482107983471017,0.01928921978496957
66,08.01.2025,2025-01-08,14,2025,True,0.0193084025005642,0.018551016385171964,0.021482107983471017,0.019316429700193944
66,10.01.2025,2025-01-10,14,2025,True,0.0185121724760861,0.01766712113495835,0.021482107983471017,0.018396065009193305
66,13.01.2025,2025-01-13,14,2025,True,0.0188587720831548,0.02034744466791184,0.021482107983471017,0.019254543880680076
66,14.01.2025,2025-01-14,14,2025,True,0.0190185607176668,0.0205442055671207,0.021482107983471017,0.01882465078150109
66,15.01.2025,2025-01-15,14,2025,True,0.0188494311388633,0.01970171510827718,0.021482107983471017,0.01795207922107651
66,16.01.2025,2025-01-16,14,2025,True,0.0189484792803209,0.02015290448478828,0.021482107983471017,0.018192559695489746
66,17.01.2025,2025-01-17,14,2025,True,0.0189812196741552,0.019773728985702697,0.021482107983471017,0.017694252379262115
66,21.01.2025,2025-01-21,14,2025,True,0.0189006809082073,0.020121230845722017,0.021482107983471017,0.017702308112623563
66,22.01.2025,2025-01-22,14,2025,True,0.0189642762012639,0.020384216171609123,0.021482107983471017,0.017677306172808445
66,23.01.2025,2025-01-23,14,2025,True,0.01914216839185,0.01938822018703306,0.021482107983471017,0.016863150455519914
66,24.01.2025,2025-01-24,14,2025,True,0.0192139826888011,0.018110061678860867,0.021482107983471017,0.016907075790353984
66,27.01.2025,2025-01-27,14,2025,True,0.0191870406784867,0.016129025328033522,0.021482107983471017,0.016906289461132564
66,28.01.2025,2025-01-28,14,2025,True,0.0191983139273759,0.02040942655380457,0.021482107983471017,0.01689585835355666
66,29.01.2025,2025-01-29,14,2025,True,0.0192480563998282,0.017652957108322598,0.021482107983471017,0.01678895308673255
66,30.01.2025,2025-01-30,14,2025,True,0.019706095029068,0.017914953723644843,0.021482107983471017,0.016615613069968393
66,31.01.2025,2025-01-31,14,2025,True,0.0197743941266882,0.016593992002090125,0.021482107983471017,0.016523145385675106
66,03.02.2025,2025-02-03,14,2025,True,0.0201223137537888,0.01660909097855839,0.021482107983471017,0.01649345249420033
66,04.02.2025,2025-02-04,14,2025,True,0.0202561062592535,0.020315590903988188,0.021482107983471017,0.016320805012089087
66,05.02.2025,2025-02-05,14,2025,True,0.0202557149226877,0.017677763348627366,0.021482107983471017,0.014312370174040709
66,06.02.2025,2025-02-06,14,2025,True,0.0205337126107042,0.017433907681609642,0.021482107983471017,0.014555258659778037
66,07.02.2025,2025-02-07,14,2025,True,0.020532107806017,0.019344138877375155,0.021482107983471017,0.014368257177258474
66,10.02.2025,2025-02-10,14,2025,True,0.0205845945887754,0.014713793751803136,0.021482107983471017,0.014345136110081022
66,11.02.2025,2025-02-11,14,2025,True,0.0205691917314826,0.016775954708883198,0.021482107983471017,0.014474893061441348
66,12.02.2025,2025-02-12,14,2025,True,0.0204000815557617,0.015550832371524204,0.021482107983471017,0.014215136784594904
66,13.02.2025,2025-02-13,14,2025,True,0.020400130271117,0.01636880886782791,0.021482107983471017,0.014507482297616168
66,14.02.2025,2025-02-14,14,2025,True,0.0204089521021516,0.016261588956959512,0.021482107983471017,0.014475145833401835
66,18.02.2025,2025-02-18,14,2025,True,0.020310192838514,0.015756283303198896,0.021482107983471017,0.01443412674474254
66,19.02.2025,2025-02-19,14,2025,True,0.0203229242265685,0.015433692842845865,0.021482107983471017,0.01424674384940882
66,20.02.2025,2025-02-20,14,2025,True,0.020321880773718,0.014948794621363679,0.021482107983471017,0.013799137380572502
66,21.02.2025,2025-02-21,14,2025,True,0.0201731003261265,0.014780436421566807,0.021482107983471017,0.013812346407886622
66,24.02.2025,2025-02-24,14,2025,True,0.0201888529608306,0.02170071149806112,0.021482107983471017,0.014226049436430603
66,25.02.2025,2025-02-25,14,2025,True,0.0200107040209926,0.016295659748673398,0.021482107983471017,0.01422946491009012
66,26.02.2025,2025-02-26,14,2025,True,0.0200690046589246,0.018150488935053857,0.021482107983471017,0.014294925323951456
66,27.02.2025,2025-02-27,14,2025,True,0.019989277561236,0.017651468149771865,0.021482107983471017,0.013787800849191898
66,28.02.2025,2025-02-28,14,2025,True,0.0199901811867646,0.017295984709639736,0.021482107983471017,0.01402277499538853
66,03.03.2025,2025-03-03,14,2025,True,0.0198678851167115,0.015342202632204387,0.021482107983471017,0.0140724752332248
66,04.03.2025,2025-03-04,14,2025,True,0.0199792701169954,0.020163418704521336,0.021482107983471017,0.014111890382426521
66,05.03.2025,2025-03-05,14,2025,True,0.0197890505761593,0.02069976051705824,0.021482107983471017,0.014045667476426958
66,06.03.2025,2025-03-06,14,2025,True,0.0197874586754806,0.018913730495592734,0.021482107983471017,0.013920276298773378
66,07.03.2025,2025-03-07,14,2025,True,0.0204215965066252,0.020284909324904857,0.021482107983471017,0.01392325244913274
66,10.03.2025,2025-03-10,14,2025,True,0.0203448025472766,0.015021206770262134,0.021482107983471017,0.01402302622790635
66,11.03.2025,2025-03-11,14,2025,True,0.0219890576153417,0.0189474743084275,0.021482107983471017,0.014140409032601733
66,12.03.2025,2025-03-12,14,2025,True,0.0219334707457899,0.016986744770554896,0.021482107983471017,0.014034278991301302
66,13.03.2025,2025-03-13,14,2025,True,0.0224580438364197,0.01628622404344683,0.021482107983471017,0.013913475082680165
66,14.03.2025,2025-03-14,14,2025,True,0.0224336706480682,0.017526063854536658,0.021482107983471017,0.013864476152189827
66,17.03.2025,2025-03-17,14,2025,True,0.0224252848418921,0.017742368532647653,0.021482107983471017,0.013920388639754134
66,18.03.2025,2025-03-18,14,2025,True,0.0242690543176266,0.015447066872539788,0.021482107983471017,0.0138489957232845
66,19.03.2025,2025-03-19,14,2025,True,0.0254674030533559,0.018370122484616124,0.021482107983471017,0.01376076944302735
66,20.03.2025,2025-03-20,14,2025,True,0.0253937004228553,0.0169610513098222,0.021482107983471017,0.013766775469062452
66,21.03.2025,2025-03-21,14,2025,True,0.0253915214930997,0.014854137467920876,0.021482107983471017,0.013743322365248719
66,24.03.2025,2025-03-24,14,2025,True,0.0253440621098579,0.014659743674078582,0.021482107983471017,0.013746025335454864
66,25.03.2025,2025-03-25,14,2025,True,0.0253438996678769,0.014418654470796785,0.021482107983471017,0.01370058546511747
66,26.03.2025,2025-03-26,14,2025,True,0.0253130480081213,0.014430334848396247,0.021482107983471017,0.01366850919168022
66,27.03.2025,2025-03-27,14,2025,True,0.0255900773849121,0.014196731675817925,0.021482107983471017,0.013677184697876824
66,28.03.2025,2025-03-28,14,2025,True,0.0255879029094919,0.014610740521780838,0.021482107983471017,0.01367885227371939
66,31.03.2025,2025-03-31,14,2025,True,0.0255564414243743,0.014584453876162314,0.021482107983471017,0.01366775729432621
66,01.04.2025,2025-04-01,14,2025,True,0.0255799923157195,0.018311762935031745,0.021482107983471017,0.013788672913188903
66,02.04.2025,2025-04-02,14,2025,True,0.0255654907113101,0.014831578292621331,0.021482107983471017,0.013784433310540623
66,03.04.2025,2025-04-03,14,2025,True,0.0243819083144736,0.014411084250751632,0.021482107983471017,0.01371369032135843
66,04.04.2025,2025-04-04,14,2025,True,0.0230940553658667,0.01915462078399408,0.021482107983471017,0.015971658776514613
66,07.04.2025,2025-04-07,14,2025,True,0.0230325742583689,0.023521524696916787,0.021482107983471017,0.017865609767945437
66,08.04.2025,2025-04-08,14,2025,True,0.0228774541266616,0.02653629002535432,0.021482107983471017,0.018010707980004575
66,09.04.2025,2025-04-09,14,2025,True,0.0223255132392176,0.02714653840026044,0.021482107983471017,0.01815767231356663
66,10.04.2025,2025-04-10,14,2025,True,0.0219764273595469,0.026794130903188006,0.021482107983471017,0.018800567085430854
66,11.04.2025,2025-04-11,14,2025,True,0.0218275728700637,0.026743746855090397,0.021482107983471017,0.019144099385132247
66,14.04.2025,2025-04-14,14,2025,True,0.0218287436850621,0.028199567347985517,0.021482107983471017,0.019393674154940265
66,15.04.2025,2025-04-15,14,2025,True,0.0218573510297426,0.02380048895401485,0.021482107983471017,0.01934100252262986
66,16.04.2025,2025-04-16,14,2025,True,0.021752616799744,0.022175480943606912,0.021482107983471017,0.019308402500564238
66,17.04.2025,2025-04-17,14,2025,True,0.0214387767988603,0.02121507154483879,0.021482107983471017,0.018512172476086195
66,21.04.2025,2025-04-21,14,2025,True,0.0212451609989845,0.019732269214351478,0.021482107983471017,0.018858772083154843
66,22.04.2025,2025-04-22,14,2025,True,0.0213234537495873,0.01894121442753579,0.021482107983471017,0.01901856071766683
66,23.04.2025,2025-04-23,14,2025,True,0.0215756279959824,0.01970892357306425,0.021482107983471017,0.018849431138863306
66,24.04.2025,2025-04-24,14,2025,True,0.02159282453573,0.01981248809104152,0.021482107983471017,0.01894847928032092
66,25.04.2025,2025-04-25,14,2025,True,0.0216322898342586,0.021243970962744902,0.021482107983471017,0.018981219674155267
66,28.04.2025,2025-04-28,14,2025,True,0.0221380656993317,0.01966841021577546,0.021482107983471017,0.0189006809082073
66,29.04.2025,2025-04-29,14,2025,True,0.0219771255770332,0.020869995824073267,0.021482107983471017,0.0189642762012639
66,30.04.2025,2025-04-30,14,2025,True,0.0219603570886949,0.02352267120947132,0.021482107983471017,0.01914216839185007
66,01.05.2025,2025-05-01,14,2025,True,0.0219127782033015,0.02416074134041783,0.021482107983471017,0.019213982688801125
66,02.05.2025,2025-05-02,14,2025,True,0.021858872459727,0.02450581383987633,0.021482107983471017,0.01918704067848679
66,05.05.2025,2025-05-05,14,2025,True,0.0217342947245578,0.023912311851515863,0.021482107983471017,0.019198313927375896
66,06.05.2025,2025-05-06,14,2025,True,0.0214115661983533,0.021422440389904533,0.021482107983471017,0.01924805639982827
66,07.05.2025,2025-05-07,14,2025,True,0.0213249815419081,0.021317900591996886,0.021482107983471017,0.01970609502906806
66,08.05.2025,2025-05-08,14,2025,True,0.0210892873200686,0.021706772026976604,0.021482107983471017,0.019774394126688254
66,09.05.2025,2025-05-09,14,2025,True,0.0211063602255446,0.021302818823003233,0.021482107983471017,0.020122313753788874
66,12.05.2025,2025-05-12,14,2025,True,0.0211008045087057,0.021444460462163775,0.021482107983471017,0.020256106259253538
66,13.05.2025,2025-05-13,14,2025,True,0.0209128636651558,0.020919410949924878,0.021482107983471017,0.02025571492268771
66,14.05.2025,2025-05-14,14,2025,True,0.0209434471506718,0.020266460792186008,0.021482107983471017,0.02053371261070425
66,15.05.2025,2025-05-15,14,2025,True,0.0208188156883377,0.020347457057645693,0.021482107983471017,0.020532107806017025
66,16.05.2025,2025-05-16,14,2025,True,0.020807765476737,0.020949031819046747,0.021482107983471017,0.02058459458877541
66,19.05.2025,2025-05-19,14,2025,True,0.0208070100594427,0.020878207460763187,0.021482107983471017,0.02056919173148267
66,20.05.2025,2025-05-20,14,2025,True,0.0208869682536102,0.02048488604823685,0.021482107983471017,0.020400081555761753
66,21.05.2025,2025-05-21,14,2025,True,0.0210734375131467,0.01857907031093483,0.021482107983471017,0.0204001302711171
66,22.05.2025,2025-05-22,14,2025,True,0.0210994474253948,0.02130607317374633,0.021482107983471017,0.020408952102151687
66,23.05.2025,2025-05-23,14,2025,True,0.0211128070639536,0.021399600269171752,0.021482107983471017,0.020310192838514003
66,27.05.2025,2025-05-27,14,2025,True,0.0210882755918495,0.021843248841009084,0.021482107983471017,0.020322924226568596
66,28.05.2025,2025-05-28,14,2025,True,0.0211097205602502,0.021832255409512776,0.021482107983471017,0.020321880773718066
66,29.05.2025,2025-05-29,14,2025,True,0.0212518654807521,0.021989247566573864,0.021482107983471017,0.02017310032612654
66,30.05.2025,2025-05-30,14,2025,True,0.0212788895900425,0.02176661009844857,0.021482107983471017,0.02018885296083065
66,02.06.2025,2025-06-02,14,2025,True,0.0214258703069734,0.02201589220726786,0.021482107983471017,0.020010704020992604
66,03.06.2025,2025-06-03,14,2025,True,0.0213643733582178,0.0214776136559228,0.021482107983471017,0.020069004658924614
66,04.06.2025,2025-06-04,14,2025,True,0.0213226558409736,0.019510985118254318,0.021482107983471017,0.019989277561236057
66,05.06.2025,2025-06-05,14,2025,True,0.0213975738366353,0.01951186712232807,0.021482107983471017,0.019990181186764627
66,06.06.2025,2025-06-06,14,2025,True,0.0213982504443102,0.01871808381645022,0.021482107983471017,0.01986788511671151
66,09.06.2025,2025-06-09,14,2025,True,0.021403128517716,0.020363450208251546,0.021482107983471017,0.019979270116995424
66,10.06.2025,2025-06-10,14,2025,True,0.0214165277436085,0.021272935433154304,0.021482107983471017,0.019789050576159394
66,11.06.2025,2025-06-11,14,2025,True,0.0208424742592239,0.022315087922028905,0.021482107983471017,0.01978745867548065
66,12.06.2025,2025-06-12,14,2025,True,0.0208507221214441,0.024023319904309875,0.021482107983471017,0.020421596506625245
66,13.06.2025,2025-06-13,14,2025,True,0.0190456599700346,0.024323979811123216,0.021482107983471017,0.0203448025472766
66,16.06.2025,2025-06-16,14,2025,True,0.0190258146178227,0.0276029488959393,0.021482107983471017,0.02198905761534174
66,17.06.2025,2025-06-17,14,2025,True,0.0181966538376031,0.026477849053470323,0.021482107983471017,0.0219334707457899
66,18.06.2025,2025-06-18,14,2025,True,0.0183184501305782,0.027580318079271953,0.021482107983471017,0.022458043836419788
66,20.06.2025,2025-06-20,14,2025,True,0.0185925583261776,0.028970474902848646,0.021482107983471017,0.022433670648068223
66,23.06.2025,2025-06-23,14,2025,True,0.0162074283255448,0.028959645610078143,0.021482107983471017,0.02242528484189212
66,24.06.2025,2025-06-24,14,2025,True,0.0142712707365931,0.025731656472980927,0.021482107983471017,0.024269054317626684
66,25.06.2025,2025-06-25,14,2025,True,0.0147708185453283,0.01941189817545239,0.021482107983471017,0.025467403053355934
66,26.06.2025,2025-06-26,14,2025,True,0.0148726266420105,0.018650850855228898,0.021482107983471017,0.025393700422855364
66,27.06.2025,2025-06-27,14,2025,True,0.0151889193485122,0.018280179946219235,0.021482107983471017,0.025391521493099742
66,30.06.2025,2025-06-30,14,2025,True,0.0153594575748508,0.01817985160537564,0.021482107983471017,0.02534406210985797
66,01.07.2025,2025-07-01,14,2025,True,0.0153629956220346,0.016095628373081764,0.021482107983471017,0.025343899667876955
66,02.07.2025,2025-07-02,14,2025,True,0.0150215716088051,0.021145309896484114,0.021482107983471017,0.025313048008121338
66,03.07.2025,2025-07-03,14,2025,True,0.0150146499887095,0.023284410133730536,0.021482107983471017,0.025590077384912136
66,07.07.2025,2025-07-07,14,2025,True,0.0150258255989604,0.02158441994873082,0.021482107983471017,0.02558790290949193
66,08.07.2025,2025-07-08,14,2025,True,0.0150947533751589,0.023854444248849856,0.021482107983471017,0.02555644142437438
66,09.07.2025,2025-07-09,14,2025,True,0.0157940792468085,0.022203100204372203,0.021482107983471017,0.025579992315719596
66,10.07.2025,2025-07-10,14,2025,True,0.0156382780314085,0.022271455377187752,0.021482107983471017,0.025565490711310188
66,11.07.2025,2025-07-11,14,2025,True,0.0153833793894376,0.01935429769412073,0.021482107983471017,0.024381908314473642
66,14.07.2025,2025-07-14,14,2025,True,0.0152925088337932,0.020002473315717348,0.021482107983471017,0.023094055365866735
66,15.07.2025,2025-07-15,14,2025,True,0.0153505924565863,0.018621350112847854,0.021482107983471017,0.023032574258368944
66,16.07.2025,2025-07-16,14,2025,True,0.0153652050659416,0.01949166450681688,0.021482107983471017,0.02287745412666165
66,17.07.2025,2025-07-17,14,2025,True,0.0152350409066862,0.0174676188891753,0.021482107983471017,0.022325513239217602
66,18.07.2025,2025-07-18,14,2025,True,0.0152584331264062,0.01792743965815731,0.021482107983471017,0.021976427359546906
66,21.07.2025,2025-07-21,14,2025,True,0.0155043605272406,0.017896265150770852,0.021482107983471017,0.021827572870063764
66,22.07.2025,2025-07-22,14,2025,True,0.0168581200338456,0.016214372535651958,0.021482107983471017,0.021828743685062168
66,23.07.2025,2025-07-23,14,2025,True,0.0168579781776017,0.016235622047332372,0.021482107983471017,0.021857351029742608
66,24.07.2025,2025-07-24,14,2025,True,0.0168163175757175,0.016930967672674536,0.021482107983471017,0.02175261679974401
66,25.07.2025,2025-07-25,14,2025,True,0.0169178994664618,0.016686692928248547,0.021482107983471017,0.021438776798860318
66,28.07.2025,2025-07-28,14,2025,True,0.01668874504613,0.018269387571466563,0.021482107983471017,0.02124516099898456
66,29.07.2025,2025-07-29,14,2025,True,0.0160814958550961,0.019141293198162924,0.021482107983471017,0.021323453749587336
66,30.07.2025,2025-07-30,14,2025,True,0.0160191824011381,0.01987053618293593,0.021482107983471017,0.02157562799598246
66,31.07.2025,2025-07-31,14,2025,True,0.0159889150692753,0.01988637370411214,0.021482107983471017,0.02159282453573008
66,01.08.2025,2025-08-01,14,2025,True,0.0152629955823498,0.01956700330536068,0.021482107983471017,0.021632289834258682
66,04.08.2025,2025-08-04,14,2025,True,0.01527860225303,0.023834109732492434,0.021482107983471017,0.022138065699331765
66,05.08.2025,2025-08-05,14,2025,True,0.0151604591893635,0.02071054447695329,0.021482107983471017,0.021977125577033244
66,06.08.2025,2025-08-06,14,2025,True,0.0151185236244725,0.019549713716037847,0.021482107983471017,0.021960357088694933
66,07.08.2025,2025-08-07,14,2025,True,0.0151264431964481,0.01982121432161413,0.021482107983471017,0.02191277820330156
66,08.08.2025,2025-08-08,14,2025,True,0.0152767034350321,0.019589002987826152,0.021482107983471017,0.02185887245972705
66,11.08.2025,2025-08-11,14,2025,True,0.0159756661654299,0.019524276918279335,0.021482107983471017,0.021734294724557818
66,12.08.2025,2025-08-12,14,2025,True,0.015968092981435,0.01821017561349429,0.021482107983471017,0.02141156619835335
66,13.08.2025,2025-08-13,14,2025,True,0.0161804218044053,0.015990010656270703,0.021482107983471017,0.02132498154190816
66,14.08.2025,2025-08-14,14,2025,True,0.0160159943956705,0.018310009709266252,0.021482107983471017,0.021089287320068647
66,15.08.2025,2025-08-15,14,2025,True,0.0159741296086164,0.019029493189751154,0.021482107983471017,0.02110636022554463
66,18.08.2025,2025-08-18,14,2025,True,0.0161193296790577,0.01919239922040431,0.021482107983471017,0.021100804508705707
66,19.08.2025,2025-08-19,14,2025,True,0.0160560014301581,0.01918675255621573,0.021482107983471017,0.020912863665155892
66,20.08.2025,2025-08-20,14,2025,True,0.0159953396318678,0.019321501226563897,0.021482107983471017,0.02094344715067189
66,21.08.2025,2025-08-21,14,2025,True,0.0160021821854305,0.01874076427562189,0.021482107983471017,0.020818815688337773
66,22.08.2025,2025-08-22,14,2025,True,0.0160817538252823,0.018606457000333487,0.021482107983471017,0.020807765476737048
66,25.08.2025,2025-08-25,14,2025,True,0.0160088712860223,0.01708594553370548,0.021482107983471017,0.02080701005944272
66,26.08.2025,2025-08-26,14,2025,True,0.015774555281556,0.01796142105061913,0.021482107983471017,0.020886968253610243
66,27.08.2025,2025-08-27,14,2025,True,0.015688174017615,0.019365260000407662,0.021482107983471017,0.021073437513146734
66,28.08.2025,2025-08-28,14,2025,True,0.0156936780895703,0.018318620829256813,0.021482107983471017,0.021099447425394848
66,29.08.2025,2025-08-29,14,2025,True,0.015687808212095,0.01940143832143385,0.021482107983471017,0.021112807063953687
66,02.09.2025,2025-09-02,14,2025,True,0.0156153522845276,0.018923285336956964,0.021482107983471017,0.02108827559184958
66,03.09.2025,2025-09-03,14,2025,True,0.015426891357152,0.019451934913020413,0.021482107983471017,0.021109720560250296
66,04.09.2025,2025-09-04,14,2025,True,0.015573378329533,0.019817230390889513,0.021482107983471017,0.021251865480752127
66,05.09.2025,2025-09-05,14,2025,True,0.0153736096097952,0.019842430202190838,0.021482107983471017,0.02127888959004251
66,08.09.2025,2025-09-08,14,2025,True,0.0153486579535405,0.01974325683168222,0.021482107983471017,0.02142587030697345
66,09.09.2025,2025-09-09,14,2025,True,0.0154246365205,0.019802610274047113,0.021482107983471017,0.021364373358217892
66,10.09.2025,2025-09-10,14,2025,True,0.0152667703953032,0.019609848534539776,0.021482107983471017,0.021322655840973644
66,11.09.2025,2025-09-11,14,2025,True,0.0151790741044034,0.02031286332373977,0.021482107983471017,0.021397573836635354
66,12.09.2025,2025-09-12,14,2025,True,0.0154526856676286,0.020473128887743584,0.021482107983471017,0.021398250444310245
66,15.09.2025,2025-09-15,14,2025,True,0.0155235488197851,0.020457660007725687,0.021482107983471017,0.02140312851771607
66,16.09.2025,2025-09-16,14,2025,True,0.0153870703461934,0.020063767893763143,0.021482107983471017,0.02141652774360859
66,17.09.2025,2025-09-17,14,2025,True,0.0154514069199229,0.020417150144529703,0.021482107983471017,0.02084247425922391
66,18.09.2025,2025-09-18,14,2025,True,0.0158092025224807,0.02065939307909316,0.021482107983471017,0.020850722121444187
66,19.09.2025,2025-09-19,14,2025,True,0.0157767472630468,0.021982781466623323,0.021482107983471017,0.01904565997003468
66,22.09.2025,2025-09-22,14,2025,True,0.0157772901213353,0.021959875668583803,0.021482107983471017,0.019025814617822753
66,23.09.2025,2025-09-23,14,2025,True,0.0159310392361077,0.020894541748714204,0.021482107983471017,0.0181966538376031
66,24.09.2025,2025-09-24,14,2025,True,0.0158519793080374,0.020807187596396937,0.021482107983471017,0.018318450130578236
66,25.09.2025,2025-09-25,14,2025,True,0.0158476266801272,0.023728207416645927,0.021482107983471017,0.018592558326177688
66,26.09.2025,2025-09-26,14,2025,True,0.0158927597606434,0.02366596820840189,0.021482107983471017,0.016207428325544858
66,29.09.2025,2025-09-29,14,2025,True,0.0154700044023287,0.01957032430285899,0.021482107983471017,0.014271270736593162
66,30.09.2025,2025-09-30,14,2025,True,0.0155511496686774,0.018847112271488404,0.021482107983471017,0.014770818545328298
66,01.10.2025,2025-10-01,14,2025,True,0.0153928713382753,0.018887638065759382,0.021482107983471017,0.01487262664201056
66,02.10.2025,2025-10-02,14,2025,True,0.0152916716348286,0.01976375173013554,0.021482107983471017,0.015188919348512218
66,03.10.2025,2025-10-03,14,2025,True,0.0158399022164899,0.022901990279674257,0.021482107983471017,0.01535945757485082
66,06.10.2025,2025-10-06,14,2025,True,0.0159670417481564,0.01988782261770086,0.021482107983471017,0.015362995622034635
66,07.10.2025,2025-10-07,14,2025,True,0.0160040309294857,0.01644458866051173,0.021482107983471017,0.015021571608805094
66,08.10.2025,2025-10-08,14,2025,True,0.0162290765440823,0.015698882146623464,0.021482107983471017,0.015014649988709551
66,09.10.2025,2025-10-09,14,2025,True,0.01623089802821,0.015904756565496038,0.021482107983471017,0.015025825598960435
66,10.10.2025,2025-10-10,14,2025,True,0.0163641860855836,0.016319441519857054,0.021482107983471017,0.015094753375158948
66,13.10.2025,2025-10-13,14,2025,True,0.0163394486191478,0.019828793686739638,0.021482107983471017,0.015794079246808503
66,14.10.2025,2025-10-14,14,2025,True,0.0162967783322297,0.017656261979234606,0.021482107983471017,0.015638278031408572
66,15.10.2025,2025-10-15,14,2025,True,0.0162716861687904,0.019118342830561054,0.021482107983471017,0.015383379389437683
66,16.10.2025,2025-10-16,14,2025,True,0.0163418642197921,0.018408488984095847,0.021482107983471017,0.015292508833793211
66,17.10.2025,2025-10-17,14,2025,True,0.0166803425392578,0.01924499411964701,0.021482107983471017,0.015350592456586388
66,20.10.2025,2025-10-20,14,2025,True,0.016679479933728,0.018877163808413897,0.021482107983471017,0.015365205065941606
66,21.10.2025,2025-10-21,14,2025,True,0.0170423993661599,0.017417478503801882,0.021482107983471017,0.015235040906686254
66,22.10.2025,2025-10-22,14,2025,True,0.0169301676551161,0.016517559151394638,0.021482107983471017,0.015258433126406231
66,23.10.2025,2025-10-23,14,2025,True,0.0161641014009101,0.02060172238762645,0.021482107983471017,0.015504360527240668
66,24.10.2025,2025-10-24,14,2025,True,0.0161633911776555,0.021784114440808265,0.021482107983471017,0.016858120033845667
66,27.10.2025,2025-10-27,14,2025,True,0.0180342643979215,0.021175544512071685,0.021482107983471017,0.016857978177601776
66,28.10.2025,2025-10-28,14,2025,True,0.0179731969757775,0.020520137758776022,0.021482107983471017,0.016816317575717523
66,29.10.2025,2025-10-29,14,2025,True,0.018340134478044,0.01957892565020095,0.021482107983471017,0.016917899466461814
66,30.10.2025,2025-10-30,14,2025,True,0.0186820228652292,0.01909445381937068,0.021482107983471017,0.016688745046130014
66,31.10.2025,2025-10-31,14,2025,True,0.0187006582884593,0.018191462168222178,0.021482107983471017,0.016081495855096165
66,03.11.2025,2025-11-03,14,2025,True,0.0187717211423551,0.018404450631789773,0.021482107983471017,0.016019182401138192
66,04.11.2025,2025-11-04,14,2025,True,0.018754086244939,0.016864755536775727,0.021482107983471017,0.015988915069275307
66,05.11.2025,2025-11-05,14,2025,True,0.0186779707281738,0.016008009768271516,0.021482107983471017,0.015262995582349878
66,06.11.2025,2025-11-06,14,2025,True,0.0190075994248405,0.014587349339961924,0.021482107983471017,0.015278602253030085
66,07.11.2025,2025-11-07,14,2025,True,0.0190064218551346,0.0144745514469835,0.021482107983471017,0.015160459189363543
66,10.11.2025,2025-11-10,14,2025,True,0.0190058242769545,0.01437762277517586,0.021482107983471017,0.015118523624472562
66,11.11.2025,2025-11-11,14,2025,True,0.0195919390936688,0.013343860302711903,0.021482107983471017,0.015126443196448172
66,12.11.2025,2025-11-12,14,2025,True,0.0190710323433709,0.013476413052005075,0.021482107983471017,0.015276703435032107
66,13.11.2025,2025-11-13,14,2025,True,0.0190680680851531,0.016457836167345592,0.021482107983471017,0.015975666165429933
66,14.11.2025,2025-11-14,14,2025,True,0.0189203564135177,0.015564410092631575,0.021482107983471017,0.01596809298143505
66,17.11.2025,2025-11-17,14,2025,True,0.0189673251082717,0.016668771644195318,0.021482107983471017,0.016180421804405314
66,18.11.2025,2025-11-18,14,2025,True,0.018932348231715,0.014596483117370258,0.021482107983471017,0.01601599439567053
66,19.11.2025,2025-11-19,14,2025,True,0.018720008704527,0.015406757767110901,0.021482107983471017,0.015974129608616435
66,20.11.2025,2025-11-20,14,2025,True,0.0189175525286475,0.016696134263054455,0.021482107983471017,0.016119329679057708
66,21.11.2025,2025-11-21,14,2025,True,0.0205905707187204,0.018256930573650472,0.021482107983471017,0.016056001430158118
66,24.11.2025,2025-11-24,14,2025,True,0.0212220291444282,0.018187953360072354,0.021482107983471017,0.01599533963186783
66,25.11.2025,2025-11-25,14,2025,True,0.0211092184949875,0.01819573387914401,0.021482107983471017,0.016002182185430595
66,26.11.2025,2025-11-26,14,2025,True,0.0217839699758604,0.020540748724677288,0.021482107983471017,0.016081753825282315
66,28.11.2025,2025-11-28,14,2025,True,0.0237606794454398,0.017922956875308402,0.021482107983471017,0.016008871286022366
66,01.12.2025,2025-12-01,14,2025,True,0.0248534869610042,0.02176355130992924,0.021482107983471017,0.015774555281556076
66,02.12.2025,2025-12-02,14,2025,True,0.0292549201478625,0.01827132854425333,0.021482107983471017,0.015688174017615002
66,03.12.2025,2025-12-03,14,2025,True,0.0296930927966373,0.018133099244496985,0.021482107983471017,0.015693678089570347
66,04.12.2025,2025-12-04,14,2025,True,0.03137565029959,0.015881009727600797,0.021482107983471017,0.015687808212095086
66,05.12.2025,2025-12-05,14,2025,True,0.0314656233879848,0.01583418219685163,0.021482107983471017,0.015615352284527685
66,08.12.2025,2025-12-08,14,2025,True,0.0316022242129821,0.014238088916203791,0.021482107983471017,0.015426891357152054
66,09.12.2025,2025-12-09,14,2025,True,0.0316784591893867,0.014854028767797539,0.021482107983471017,0.015573378329533026
66,10.12.2025,2025-12-10,14,2025,True,0.0318866370935949,0.014337898732181617,0.021482107983471017,0.015373609609795212
66,11.12.2025,2025-12-11,14,2025,True,0.0317553356671818,0.01437054468069313,0.021482107983471017,0.015348657953540535
66,12.12.2025,2025-12-12,14,2025,True,0.0318523620231749,0.014486614272039577,0.021482107983471017,0.0154246365205
66,15.12.2025,2025-12-15,14,2025,True,0.0353049176850863,0.01430491800516938,0.021482107983471017,0.015266770395303202
66,16.12.2025,2025-12-16,14,2025,True,0.0353174118572594,0.013858622037941866,0.021482107983471017,0.015179074104403455
66,17.12.2025,2025-12-17,14,2025,True,0.0355136855327138,0.017180081551558993,0.021482107983471017,0.015452685667628622
66,18.12.2025,2025-12-18,14,2025,True,0.0359715994686772,0.017258866221048472,0.021482107983471017,0.015523548819785106
66,19.12.2025,2025-12-19,14,2025,True,0.0361916340038405,0.015107624862632767,0.021482107983471017,0.01538707034619347
66,22.12.2025,2025-12-22,14,2025,True,0.0361425530707543,0.015020837923567381,0.021482107983471017,0.015451406919922967
66,23.12.2025,2025-12-23,14,2025,True,0.036457998627262,0.01469173141014614,0.021482107983471017,0.015809202522480706
66,24.12.2025,2025-12-24,14,2025,True,0.0418169163851972,0.014929865533048344,0.021482107983471017,0.01577674726304683
66,26.12.2025,2025-12-26,14,2025,True,0.0424185717918667,0.014599472319393859,0.021482107983471017,0.015777290121335392
66,29.12.2025,2025-12-29,14,2025,True,0.0423912723250211,0.014720346169093623,0.021482107983471017,0.015931039236107728
66,30.12.2025,2025-12-30,14,2025,True,0.0424083314827109,0.014554787828122008,0.021482107983471017,0.01585197930803746
66,31.12.2025,2025-12-31,14,2025,True,0.0462172493634244,0.014536307006184171,0.021482107983471017,0.015847626680127288
66,02.01.2026,2026-01-02,15,2026,False,0.0462102950136738,0.014816777792762487,0.021286885134216196,0.01589275976064345
66,05.01.2026,2026-01-05,15,2026,False,0.0462283774796534,0.015587671556508595,0.021286885134216196,0.015470004402328714
66,06.01.2026,2026-01-06,15,2026,False,0.0463425515884575,0.01561602485209943,0.021286885134216196,0.015551149668677417
66,07.01.2026,2026-01-07,15,2026,False,0.0467669018747974,0.015574808936645623,0.021286885134216196,0.01539287133827531
66,08.01.2026,2026-01-08,15,2026,False,0.0466548961582881,0.018470256726609197,0.021286885134216196,0.015291671634828644
66,09.01.2026,2026-01-09,15,2026,False,0.0468720378692314,0.021618052696180376,0.021286885134216196,0.015839902216489978
66,12.01.2026,2026-01-12,15,2026,False,0.0485187474911291,0.023024486123862657,0.021286885134216196,0.015967041748156476
66,13.01.2026,2026-01-13,15,2026,False,0.0488458564366483,0.024412869975849398,0.021286885134216196,0.016004030929485755
66,14.01.2026,2026-01-14,15,2026,False,0.0489290461438525,0.025549453438648933,0.021286885134216196,0.016229076544082375
66,15.01.2026,2026-01-15,15,2026,False,0.0486731484897909,0.02592988841117464,0.021286885134216196,0.016230898028210095
66,16.01.2026,2026-01-16,15,2026,False,0.0487580995197383,0.025077969337115265,0.021286885134216196,0.01636418608558365
66,20.01.2026,2026-01-20,15,2026,False,0.0487582506011629,0.025158677370984497,0.021286885134216196,0.016339448619147844
66,21.01.2026,2026-01-21,15,2026,False,0.0488181347997526,0.024366963008187935,0.021286885134216196,0.016296778332229717
66,22.01.2026,2026-01-22,15,2026,False,0.0487698698205486,0.024922067543269796,0.021286885134216196,0.01627168616879047
66,23.01.2026,2026-01-23,15,2026,False,0.0491109766234267,0.0246516648343369,0.021286885134216196,0.016341864219792168
66,26.01.2026,2026-01-26,15,2026,False,0.0493768179698028,0.02513118506980485,0.021286885134216196,0.016680342539257847
66,27.01.2026,2026-01-27,15,2026,False,0.0498661947021829,0.027895020688354297,0.021286885134216196,0.016679479933728
66,28.01.2026,2026-01-28,15,2026,False,0.0502300016985866,0.028388937924262673,0.021286885134216196,0.01704239936615999
66,29.01.2026,2026-01-29,15,2026,False,0.0504787506363002,0.028604680319736987,0.021286885134216196,0.016930167655116117
66,30.01.2026,2026-01-30,15,2026,False,0.0516281060483467,0.026925884167642286,0.021286885134216196,0.016164101400910104
66,02.02.2026,2026-02-02,15,2026,False,0.0509419330042036,0.026750733716586938,0.021286885134216196,0.016163391177655573
66,03.02.2026,2026-02-03,15,2026,False,0.0509345868854477,0.024040451691266618,0.021286885134216196,0.018034264397921575
66,04.02.2026,2026-02-04,15,2026,False,0.0509151475836051,0.024215394217654954,0.021286885134216196,0.017973196975777525
66,05.02.2026,2026-02-05,15,2026,False,0.0508452963551682,0.025181370225103486,0.021286885134216196,0.018340134478044095
66,06.02.2026,2026-02-06,15,2026,False,0.0509548321722639,0.02524274813414825,0.021286885134216196,0.01868202286522926
66,09.02.2026,2026-02-09,15,2026,False,0.0509503657726611,0.025028526459003882,0.021286885134216196,0.018700658288459394
66,10.02.2026,2026-02-10,15,2026,False,0.0510382077639646,0.025569274751569088,0.021286885134216196,0.018771721142355157
66,11.02.2026,2026-02-11,15,2026,False,0.0510895400548125,0.024502715915852024,0.021286885134216196,0.01875408624493906
66,12.02.2026,2026-02-12,15,2026,False,0.0509389297108264,0.022011742402876355,0.021286885134216196,0.018677970728173867
66,13.02.2026,2026-02-13,15,2026,False,0.0515710411624075,0.021213671615890863,0.021286885134216196,0.01900759942484052
66,17.02.2026,2026-02-17,15,2026,False,0.0516859012850616,0.021628311362154148,0.021286885134216196,0.019006421855134677
66,18.02.2026,2026-02-18,15,2026,False,0.0514895032158185,0.021983543311297645,0.021286885134216196,0.019005824276954526
66,19.02.2026,2026-02-19,15,2026,False,0.0517581796718812,0.027156763853654082,0.021286885134216196,0.019591939093668808
66,20.02.2026,2026-02-20,15,2026,False,0.0522740532858326,0.029454108980022747,0.021286885134216196,0.019071032343370983
66,23.02.2026,2026-02-23,15,2026,False,0.0522804741811738,0.02917050667938331,0.021286885134216196,0.019068068085153184
66,24.02.2026,2026-02-24,15,2026,False,0.0523216021599924,0.026150918244571955,0.021286885134216196,0.01892035641351778
66,25.02.2026,2026-02-25,15,2026,False,0.0524282474697848,0.02564453348975024,0.021286885134216196,0.018967325108271732
66,26.02.2026,2026-02-26,15,2026,False,0.0524286099888107,0.026264666423356214,0.021286885134216196,0.018932348231715072
66,27.02.2026,2026-02-27,15,2026,False,0.0524015324952683,0.026117270463999073,0.021286885134216196,0.01872000870452707
66,02.03.2026,2026-03-02,15,2026,False,0.0519108642495616,0.024724010619906922,0.021286885134216196,0.01891755252864756
66,03.03.2026,2026-03-03,15,2026,False,0.0517100062337832,0.02475864160516789,0.021286885134216196,0.02059057071872041
66,04.03.2026,2026-03-04,15,2026,False,0.0517249815837283,0.025401691730924696,0.021286885134216196,0.021222029144428303
66,05.03.2026,2026-03-05,15,2026,False,0.0515539532963007,0.0252666631094127,0.021286885134216196,0.021109218494987543
66,06.03.2026,2026-03-06,15,2026,False,0.0506051151652946,0.026215369958941945,0.021286885134216196,0.021783969975860476
66,09.03.2026,2026-03-09,15,2026,False,0.0500657327428031,0.03029917678187267,0.021286885134216196,0.023760679445439813
66,10.03.2026,2026-03-10,15,2026,False,0.0480245259786599,0.030941139629364425,0.021286885134216196,0.024853486961004232
66,11.03.2026,2026-03-11,15,2026,False,0.0480350726182581,0.032024921046753425,0.021286885134216196,0.029254920147862514
66,12.03.2026,2026-03-12,15,2026,False,0.0470964568767033,0.035675778403735176,0.021286885134216196,0.029693092796637382
66,13.03.2026,2026-03-13,15,2026,False,0.0469687337227553,0.038026720031205996,0.021286885134216196,0.031375650299590094
66,16.03.2026,2026-03-16,15,2026,False,0.0468742965443406,0.03813576578516044,0.021286885134216196,0.03146562338798484
66,17.03.2026,2026-03-17,15,2026,False,0.0467398651797789,0.03600584525612413,0.021286885134216196,0.0316022242129821
66,18.03.2026,2026-03-18,15,2026,False,0.0464511921687279,0.034168195039817176,0.021286885134216196,0.03167845918938674
66,19.03.2026,2026-03-19,15,2026,False,0.0466516880991773,0.033497103451139515,0.021286885134216196,0.03188663709359499
66,20.03.2026,2026-03-20,15,2026,False,0.0465277464013814,0.03189754671042156,0.021286885134216196,0.03175533566718185
66,23.03.2026,2026-03-23,15,2026,False,0.0447390804839936,0.030730171640698238,0.021286885134216196,0.031852362023174936
66,24.03.2026,2026-03-24,15,2026,False,0.0443899516067937,0.03448459027519764,0.021286885134216196,0.035304917685086395
66,25.03.2026,2026-03-25,15,2026,False,0.0443423475598138,0.03434913317700594,0.021286885134216196,0.03531741185725941
66,26.03.2026,2026-03-26,15,2026,False,0.0437267296868556,0.0348078789065182,0.021286885134216196,0.03551368553271381
66,27.03.2026,2026-03-27,15,2026,False,0.0433384487401389,0.034112725549991764,0.021286885134216196,0.03597159946867724
66,30.03.2026,2026-03-30,15,2026,False,0.0433409540208562,0.03485092995070339,0.021286885134216196,0.036191634003840505
66,31.03.2026,2026-03-31,15,2026,False,0.0430383583304357,0.03488949954243113,0.021286885134216196,0.036142553070754375
66,01.04.2026,2026-04-01,15,2026,False,0.0393468179591613,0.032639743372994155,0.021286885134216196,0.03645799862726201
66,02.04.2026,2026-04-02,15,2026,False,0.038150885817719,0.03831092577106649,0.021286885134216196,0.04181691638519725
66,06.04.2026,2026-04-06,15,2026,False,0.0381211738492549,0.03768810102860902,0.021286885134216196,0.04241857179186674
66,07.04.2026,2026-04-07,15,2026,False,0.0399532457917158,0.03829141670790781,0.021286885134216196,0.04239127232502116
66,08.04.2026,2026-04-08,15,2026,False,0.0360862650186912,0.03817545715624354,0.021286885134216196,0.04240833148271092
66,09.04.2026,2026-04-09,15,2026,False,0.0360482807073427,0.043120303780015204,0.021286885134216196,0.046217249363424404
66,10.04.2026,2026-04-10,15,2026,False,0.0360508556749644,0.042690981663483875,0.021286885134216196,0.046210295013673894
66,13.04.2026,2026-04-13,15,2026,False,0.0360927782515722,0.04082413838671551,0.021286885134216196,0.046228377479653464
66,14.04.2026,2026-04-14,15,2026,False,0.0356868666692921,0.04087541076209214,0.021286885134216196,0.04634255158845758
66,15.04.2026,2026-04-15,15,2026,False,0.0357775043179472,0.04094210167612505,0.021286885134216196,0.04676690187479742
66,16.04.2026,2026-04-16,15,2026,False,0.0355546713247297,0.04051201291746476,0.021286885134216196,0.046654896158288134
66,17.04.2026,2026-04-17,15,2026,False,0.0345592865185562,0.040528159503363644,0.021286885134216196,0.04687203786923144
66,20.04.2026,2026-04-20,15,2026,False,0.0342752936309245,0.038547913202387776,0.021286885134216196,0.04851874749112913
66,21.04.2026,2026-04-21,15,2026,False,0.0358445536424223,0.0424474868212219,0.021286885134216196,0.04884585643664838
66,22.04.2026,2026-04-22,15,2026,False,0.0360371092841017,0.042916345445644884,0.021286885134216196,0.04892904614385256
66,23.04.2026,2026-04-23,15,2026,False,0.0371085868451826,0.04237354263780083,0.021286885134216196,0.04867314848979093
66,24.04.2026,2026-04-24,15,2026,False,0.0371610612069112,0.042445606792581594,0.021286885134216196,0.04875809951973833
66,27.04.2026,2026-04-27,15,2026,False,0.0370222393526794,0.042401087177639386,0.021286885134216196,0.04875825060116299
66,28.04.2026,2026-04-28,15,2026,False,0.0378166030370013,0.03984242070357545,0.021286885134216196,0.04881813479975263
66,29.04.2026,2026-04-29,15,2026,False,0.0374627411491537,0.036978678141426295,0.021286885134216196,0.04876986982054864
66,30.04.2026,2026-04-30,15,2026,False,0.0373004919276638,0.03984362895625854,0.021286885134216196,0.04911097662342673
66,01.05.2026,2026-05-01,15,2026,False,0.0371989712703014,0.040012792906804366,0.021286885134216196,0.04937681796980289
66,04.05.2026,2026-05-04,15,2026,False,0.0364894143510683,0.04137641270807723,0.021286885134216196,0.04986619470218297
66,05.05.2026,2026-05-05,15,2026,False,0.03679234227754,0.04108517532761797,0.021286885134216196,0.05023000169858666
66,06.05.2026,2026-05-06,15,2026,False,0.0355264528579487,0.03887741059463451,0.021286885134216196,0.0504787506363002
66,07.05.2026,2026-05-07,15,2026,False,0.0355056964352293,0.039502981243773314,0.021286885134216196,0.05162810604834677
66,08.05.2026,2026-05-08,15,2026,False,0.0355454374164561,0.0392741305830513,0.021286885134216196,0.0509419330042036
66,11.05.2026,2026-05-11,15,2026,False,0.0354171672869353,0.03875891823734086,0.021286885134216196,0.05093458688544778
66,12.05.2026,2026-05-12,15,2026,False,0.0353129311656681,0.04121241194788643,0.021286885134216196,0.050915147583605186
66,13.05.2026,2026-05-13,15,2026,False,0.0352487202941661,0.039967925189612064,0.021286885134216196,0.05084529635516829
66,14.05.2026,2026-05-14,15,2026,False,0.0352635014045114,0.039645896428909644,0.021286885134216196,0.05095483217226397
66,15.05.2026,2026-05-15,15,2026,False,0.0351356560333249,0.03933870612660159,0.021286885134216196,0.05095036577266111
66,18.05.2026,2026-05-18,15,2026,False,0.0349796922490384,0.03876792209890898,0.021286885134216196,0.05103820776396459
66,19.05.2026,2026-05-19,15,2026,False,0.0350725224829746,0.03703795362065176,0.021286885134216196,0.051089540054812595
66,20.05.2026,2026-05-20,15,2026,False,0.0347031703836506,0.03680212410271592,0.021286885134216196,0.05093892971082646
66,21.05.2026,2026-05-21,15,2026,False,0.0346126805651233,0.03818547131024074,0.021286885134216196,0.05157104116240751
66,22.05.2026,2026-05-22,15,2026,False,0.034702560031352,0.0386556827167903,0.021286885134216196,0.05168590128506166
66,26.05.2026,2026-05-26,15,2026,False,0.0343976923521873,0.03996407142324664,0.021286885134216196,0.05148950321581855
66,27.05.2026,2026-05-27,15,2026,False,0.0337990872785571,0.0343784527988125,0.021286885134216196,0.05175817967188129
66,28.05.2026,2026-05-28,15,2026,False,0.0342526452737518,0.03435480894303401,0.021286885134216196,0.05227405328583263
